model,AIC
OLS,-5584.113376908312
SAR_lag,-7235.362430754198
SEM_error,-7240.8531269940195
