statistic,p_value,estimate_I
45.33171164710397,0,0.5583660400560244
