AGS,mun_name,municipality_area_m2,flood_area_rp10_m2,flood_area_rp20_m2,flood_area_rp50_m2,flood_area_rp100_m2,flood_area_rp200_m2,flood_area_rp500_m2,flood_share_rp10,flood_share_rp20,flood_share_rp50,flood_share_rp100,flood_share_rp200,flood_share_rp500,has_inkar_vulnerability_record,vuln_dim_access_adaptive_capacity_z,vuln_dim_demographic_household_z,vuln_dim_deprivation_labour_z,PC1,PC2,PC3,PC4,PC5,PC6,PC7,PC8,PC9,PC10,PC11,PC12,PC13,PC14,PC15,PC16,PC17,PC18,PC19,PC20,PC21,PC22,PC23,vuln_index_main,vuln_index_main_z,vuln_index_pca23_70pct,vuln_index_pca23_70pct_z,vuln_index_pca23_kaiser,vuln_index_pca23_kaiser_z
13076075,Kreien,25030179.93319736,755573.059353717,767188.9648559431,767188.9648559431,767188.9648559431,767188.9648559431,767188.9648559431,0.03018648133454308,0.03065055732333851,0.03065055732333851,0.03065055732333851,0.03065055732333851,0.03065055732333851,TRUE,2.167040363295677,0.24507653815870645,-0.4186579485748669,3.38210692511887,-2.5362852318182143,0.5145208875995888,1.1323037142303278,-0.1633361910717525,-3.0427945194743584,0.0196415624490069,-0.03280626766286027,-0.8975393096063052,-2.302993767371125,-0.46991927663785815,-1.4138258470870568,-0.4608161111187167,-0.0909715390140153,0.35030923071677667,-0.017278735940812435,0.03120478135270879,-0.31056527824984614,-0.3284602053919646,-0.368263338451635,-0.22435671554768313,-0.5448243104133488,0.1331219165960123,0.6644863176265056,1.2440842695159144,-0.20377976871346448,-0.2196377725904053,-0.230209068251057,-0.22102932490210567
13076079,Kuhstorf,15095458.439159146,1380350.908203125,2170554.0517578125,2427338.4919971507,2545242.3830032498,2697089.992769203,3113185.6121274284,0.09144146988092491,0.14378854809252933,0.16079925639756584,0.16860981024601637,0.17866896879214209,0.20623326046538012,TRUE,0.9194591415645711,-1.8434051252995853,-1.0425563768818527,3.0376403479531446,-0.9145241578902047,-0.8031149489853101,-2.082972962085237,-0.38884238148298855,0.45801390576544077,0.11914107188823062,1.366109916630208,0.1907387844146371,-0.10764296393852907,0.717207877053104,1.042034246688788,0.3335144273206716,-0.3875455496617452,-0.6976926726690836,-0.6752292168462802,-0.17503963976837342,0.38040742744604267,-0.19763914211036346,0.03682363732034406,-0.017176722472200152,-0.6256209562029772,0.5593290642384653,-0.655500786872289,-1.2272611127886215,-1.1491158076776824,-1.2385392232024572,-1.2048053295897612,-1.1567628967042702
14521150,Drebach,32969170.068404295,713862.4316302198,802914.5623635487,823119.8601926013,823119.8601926013,823119.8601926013,862977.188283626,0.02165242346559228,0.02435349633301854,0.0249663506386359,0.0249663506386359,0.0249663506386359,0.02617527788819447,TRUE,-0.23642591665773618,0.236336171948862,0.16643182759296302,-0.547623361635568,-0.7199896015691821,-1.9060142077002913,0.1874749741672967,-0.7122818441440016,-0.1446173930064972,0.22039200627052735,0.035622026101401263,0.343326850239442,-0.6733088656343479,-0.2989370094434543,-0.19420553546890965,0.6461283899785917,-0.024364030358155236,0.17369459670102805,-0.3148687300185604,0.4936060198465065,-0.3763362040171318,-0.04994929819276917,0.3332701495024917,-0.018952614850813912,0.24042355322384187,0.3336999822949844,0.05544736096136294,0.10381130164515356,0.18652760463906629,0.20104305676759426,0.226946512264077,0.2178968655566245
15083245,"Gröningen, Stadt",59740558.31405812,7215822.24991054,7804376.073283299,8368362.93684248,8416559.904610204,8721118.202846523,9002816.694272613,0.12078598616331504,0.130637816142518,0.14007841863227516,0.14088518993016547,0.14598320553014105,0.1506985697546465,TRUE,-0.6008566755020309,-0.13439697778087778,1.1298492679239196,-1.6708325991221935,-0.8136890938568547,-0.2046542944365873,0.48237978100333817,-1.025946137667777,1.9998665743580257,0.006200620322486121,0.5236632963766567,0.013293195140072806,-0.13211177822062728,-0.5887375043889367,-0.26961523547115057,-0.3901537424079004,1.1975105924508418,0.034475176457232526,-0.30127672506624475,-0.58446995956055,-0.13748212957018108,0.4757775493506443,0.17561244029228876,0.1496436493321791,-0.3157177595895273,0.24111521703166433,0.13153187154700363,0.24626049926221663,0.6766806205540395,0.7293394491116737,0.7940136468542729,0.762351812031423
14628330,Reinhardtsdorf-Schöna,31705942.714922413,459822.260527881,486713.767481299,486713.767481299,486713.767481299,486713.767481299,496688.538965674,0.01450271530048105,0.01535086882157984,0.01535086882157984,0.01535086882157984,0.01535086882157984,0.01566547140488926,TRUE,0.2679162766102787,0.3344717246525439,-0.36280913810582344,0.25423698274094864,-1.3940735948841187,-1.3298548764037617,-1.4377059753586472,0.06349135372528983,0.6302561414672825,0.11192984648370131,0.852769030362037,-0.2624406051369815,0.4245351184130805,1.4839451156650874,-0.8744509634907492,0.9127941589279284,0.3181894903323533,0.5589899887051097,0.732478991054965,0.48624361046637077,0.5757003481915464,0.43536316924309115,0.4631414934361035,-0.13761491232077852,0.12645840849412013,-0.011499982170640171,0.07985962105233307,0.14951714683243997,-0.13536482088767626,-0.1458988197629843,-0.0940123413319464,-0.09026353520707164
13076067,Karenz,6849905.868239488,0,103410.14701981976,170111.93714269827,642898.4866357532,913858.7167009292,973324.768096918,0,0.01509657928283289,0.02483420070507029,0.0938550834131369,0.1334118649627228,0.14209315964615946,TRUE,1.5659435107163282,3.4757938190076856,0.33911630215393174,2.2352459797620927,-1.5371068552165637,-0.8965191911448983,-1.727477320018596,-6.807602887649182,0.16966417070557732,0.7459305404854181,-2.9627017632424972,3.1190835816650795,0.6730154954033709,-1.0497981559650709,-0.38103896845651747,-0.0614107547627347,-2.2978281986208615,1.5191876141662772,-0.6887696897397226,0.8409976738432242,0.2210823356130853,0.5294382544805513,0.04077157106169393,0.8611325622595758,-0.19601613810348717,-0.8503367678842144,1.7936178772926485,3.358100426556174,-0.05855677286910304,-0.0631136213582437,-0.19345934392799785,-0.18574502085980843
16076093,Mohlsdorf-Teichwolframsdorf,51123623.55585133,131570.06012720842,330506.5378451049,398421.02461911464,419955.7531555809,419955.7531555809,419955.7531555809,0.00257356679703016,0.00646484961074862,0.00779328609569017,0.00821451462056067,0.00821451462056067,0.00821451462056067,TRUE,-0.30725048419596024,-0.06643488432434652,0.007562851745528985,-0.3307838214386715,-0.9445173165305266,-1.4962517836483782,-1.208367837734861,-0.1816524483044769,1.0292750359987828,0.2618054999766431,0.8750043919774537,0.042003028326454625,0.06279095266526533,-0.4275632270443792,-0.5951597542348993,0.5739537245195738,0.34841486587611575,-0.0935646787652154,0.2742697615571696,-0.3617181659554559,-0.33438013945706474,0.1278013178156763,0.9880969744414563,0.06961562742667293,0.11742412536973393,0.13258512322569496,-0.12204083892492591,-0.22849091684437942,-0.05948588819828393,-0.06411503981439982,0.0027871787229995057,0.0026760380735925027
NA,NA,62960697.0203359,2964858.871172979,3138699.455222898,3664845.046945176,3733275.0167839574,3823238.6749870824,3974539.791153896,0.04709062973390127,0.04985172661301889,0.05820845734540478,0.05929532539288969,0.06072421138781549,0.063127315599288,FALSE,NA,NA,NA,NA,NA,NA,NA,NA,NA,NA,NA,NA,NA,NA,NA,NA,NA,NA,NA,NA,NA,NA,NA,NA,NA,NA,NA,NA,NA,NA,NA,NA
13076069,Karstädt,19720158.522239417,0,0,0,2784.3639919950692,65701.67284174523,111819.9153239823,0,0,0,1.4119379359222705e-4,0.00333170104934248,0.00567033551976153,TRUE,0.4124394091446898,-0.8708848098225809,1.2583690917041988,1.7877771718866584,-1.4291515226628555,-1.9083634475805495,2.7630641647212473,0.944156100918302,1.069224506852607,0.2825025794207883,-0.11838174338975348,0.2758954655826546,-0.34855094854239255,-0.08891635716190359,0.04238669265644158,0.19672379225726724,-1.3370385437573364,0.04109299963342569,0.05663769224990301,0.2998974007653583,0.652225958170451,-0.3787073708513226,-0.03936092927832529,0.47721093223003136,0.2750791529299744,0.15210125961053683,0.2666412303421026,0.4992189477397711,-0.4107883449558844,-0.4427556163294832,-0.45099617274027526,-0.4330123932629173
15084130,Elsteraue,80447255.68973264,6854240.007113347,7604675.131896122,8264392.919005497,8524450.077040466,8734357.860243589,9164169.384657651,0.08520166347934406,0.09452995091871973,0.10273057605444544,0.10596321781214506,0.10857247752403244,0.11391525175205276,TRUE,-0.1509324516627891,-0.34905397471131794,-0.10132780753099369,-0.7183238134485563,-0.9581413088012727,-1.4624714393998128,-0.6068964538139842,0.13365910499405825,-0.39262316103810824,0.3196782997769416,0.5376574190984285,0.21144281099921935,-0.7875658943171648,0.7076122684154366,-0.42235729178740955,0.08417906734564817,0.17126322394219048,0.46202520605023684,-0.31565131105646366,-0.3828199943375543,0.11545814532354974,0.41107937880911566,0.1359858357811439,-0.05921767057664859,-0.2916876763938889,0.3735193479094846,-0.2004380779683669,-0.37527011948590777,0.2062633674728821,0.2223146433267432,0.2858298745318033,0.2744322136594545
14628320,Rathmannsdorf,4185752.195803851,88984.58173638361,94958.3078374834,104934.3996343584,145431.19684474514,165383.3980166201,176632.77143833347,0.02125892254815973,0.02268607968065514,0.02506942473554776,0.03474433985617628,0.03951103416547551,0.04219857344049296,TRUE,-0.5117182665179644,0.5765716963156577,0.29747116631955334,-1.82673742209473,-0.9260998656139285,-1.1342999819718222,-0.6702271406260195,0.3172414942527917,0.571311009392218,0.6849110022126533,0.27646358372527735,0.13333084700049055,-0.5441770714776687,1.4398356578840703,-0.5277062581329321,-0.2999431077745881,0.12219072089926773,0.9609000801877305,0.7664724717815585,0.6290328993519906,0.13225053372918325,0.21885958581967205,0.15371270527767797,-0.12043511709667357,0.4443215514983057,-0.508519028370589,0.12077486537241557,0.22612069831538562,0.5204930656797243,0.560997484276233,0.6485330008726542,0.6226723058680433
14522020,"Augustusburg, Stadt",23324653.61563441,1337622.5848290946,1405821.1257344915,1430679.77915065,1440798.689984952,1471144.300782415,1481132.0722667903,0.05734801497470008,0.06027189723375681,0.06133766454699552,0.06177149353331408,0.06307250367037878,0.06350071030739741,TRUE,-0.7027553566710976,0.7306612833419138,-0.50423975197005,-0.8989343344360332,0.5208637664595639,-1.2927361769836676,-1.5411297396538053,-0.11199275288496202,0.14804963181202158,0.126940410879606,0.6896431492473036,0.4661096495136812,-0.6682335836219067,-0.46988792678373964,-0.7867270445453038,0.4013449951129472,0.5629349599219091,0.6190651732623615,-0.04033543297180297,0.12352004363156446,0.08203194043923999,0.04995443793988851,0.08100257285374636,-0.15728996384462957,0.03234725627115703,0.07074262115041369,-0.15877794176641125,-0.29727194444466426,-0.13658730076746067,-0.1472164322008018,-0.10414682239595453,-0.09999389693794845
15002000,"Halle (Saale), Stadt",135824964.26597008,21719115.103946436,23025555.250766978,23080504.14382693,25128913.541060213,25158907.34770084,25169469.49052929,0.15990517811892402,0.16952373501588955,0.16992829166979267,0.18500953544779303,0.18523036235397128,0.18530812525187104,TRUE,-1.3757000964397983,0.22305925514642008,1.6355731637163018,-5.049495734328412,-0.1531723931363535,1.6842602354869487,0.8147480650267886,-0.5133340048521776,0.6786006847782852,-0.07694323132839853,0.41052370006524047,-1.1522608371554408,-0.11925577125309249,-0.03830537253500585,-0.2535756810914194,0.910149846624462,-0.220205284867941,-0.973654826642291,-0.5727286802074749,-0.3625453521649552,0.38107643277856984,-0.7622117224214826,0.20151333260913365,0.16541099279302826,0.007269703642050419,0.21897144569664342,0.1609774408076412,0.3013899557346238,1.954604413804791,2.106710408269756,2.2212723927130242,2.1326976435594442
15083270,"Haldensleben, Stadt",156431520.31214672,4946810.391363221,5583233.325581377,6473525.799296879,6523532.050273442,7921332.575637631,8195208.738629008,0.03162284929208801,0.03569122971150876,0.04138248983567679,0.04170215847328114,0.05063770114764108,0.05238847466467191,TRUE,-1.1198942803395913,-0.006384367647971572,-0.06188252601916587,-2.7194969634689357,0.0018396308980595689,-0.7972351586573401,-0.7738453738745497,-0.7530212803685892,-0.3171171367989168,0.1955624678483701,0.900236695504404,-1.0875070871684789,0.011567102149028395,0.151543731988493,-0.14870724194765042,0.20364127487167213,-0.5636629747332935,-0.05377432871721293,-0.3991793304176338,-0.36193517011974385,-0.21280715662071215,0.04974966364390077,-0.20647775079482514,0.23549964573824392,0.008070252677800508,0.24486448708286815,-0.39605372466890953,-0.7415114437626806,0.765805582312627,0.8254000551593034,0.9295637168406202,0.8924967306792051
12061260,"Königs Wusterhausen, Stadt",95823966.69664504,5750731.093079011,6508385.576349062,7475198.013735741,10072049.096896945,10777634.027930334,11157218.81488627,0.06001349444533434,0.06792022706545847,0.07800969080522796,0.1051099160691454,0.1124732611210894,0.11643453302457477,TRUE,-1.0663076247989,0.5543556828560636,-0.6113045966208308,-1.4613642710639312,1.885706884773755,-0.14716095082193947,-0.1313526129883084,-0.1383551587255985,-0.3071491112660173,-0.06134018680444973,0.37492040049549985,-0.567161727020304,0.25335789071184406,-0.3461869434776246,-0.3080619054689049,0.2645577129259841,0.475572511031849,-0.24759711126345704,-0.10305373902668169,-0.18027531725147075,-0.06247976853944983,0.10063062888557588,-0.12000871965021623,0.10098786176270104,0.04118250048085786,0.028278457831476048,-0.37441884618788907,-0.7010055502970839,0.0472372731202682,0.050913245789226416,0.07155036775946975,0.06869724812545633
15084150,Gleina,29875109.423009828,3554.9680547158473,3554.9680547158473,19770.418112879815,19770.418112879815,19770.418112879815,19770.418112879815,1.1899431076151336e-4,1.1899431076151336e-4,6.617688937283901e-4,6.617688937283901e-4,6.617688937283901e-4,6.617688937283901e-4,TRUE,0.521240520528166,-0.6722617859150211,-0.43040373821398326,1.5060071565616138,-1.33336133966612,-1.6668637431964914,-0.2778503604176003,0.3389040902699086,-0.059482524168303436,0.3625203491559742,0.9687688156965086,-0.3431110592627466,0.3007580618858885,1.57776626308572,-0.7568738170931669,-0.10511415241446424,-0.5965109970815174,0.2115311020484379,-0.1717138055792369,-0.09581504595933449,1.009013730817285,0.7072891937789992,0.12166570981473872,0.301368318784204,0.05427268855368995,0.30920488788380146,-0.19380833453361276,-0.3628575847213619,-0.5081751835669442,-0.5477210329024639,-0.49033363568044064,-0.47078124808293775
12072312,Nuthe-Urstromtal,341192433.78414,5100479.92974265,6699333.768134499,7733233.399712492,8336554.540092975,11404983.221744869,12874658.064517269,0.01494898310954204,0.01963505958743775,0.02266531327774116,0.0244335856092495,0.03342683510080527,0.03773430120277109,TRUE,1.0245215067311368,-0.02781166615381657,-0.5714035479240068,2.4988832171939444,-1.1120022026121779,-0.5198027896503336,0.6640571161927854,-0.15596986760395606,-0.868498393227659,-0.20220998269362667,1.0267976544910051,-0.3994079185938609,-0.007380049874353707,0.8054476541401464,0.5011201460396966,-0.11245281728943035,5.78955903457555e-4,-0.3457599795032882,-0.6292023318908372,-0.4458396637456235,-0.30668796854314534,-0.29812711792027713,-0.17403172465066705,0.24974747727614036,0.023476219816295284,-0.46206554728100513,0.14176876421777115,0.26542651788832633,-0.5656185960584764,-0.6096346529310176,-0.5892233395585836,-0.5657276576836148
15084135,"Freyburg (Unstrut), Stadt",46837141.22753964,1353000.975965435,1617166.6664817035,1674987.2636917958,1725953.4716482456,1725953.4716482456,1785990.3957703784,0.02888735180041021,0.03452744177159194,0.03576194489656265,0.03685010285455695,0.03685010285455695,0.03813192583838227,TRUE,-0.9758057042115037,0.32377206395067115,0.2647124210629122,-2.4079656203221775,-0.4111421269007683,-0.8602911038436613,-0.9022810280626933,0.022326298799094972,-0.12503760084916887,0.37953618101564324,0.5667466340348984,-0.3973361732803414,-0.28363846459631614,-0.5223024136972921,-0.3199193109993071,0.09943508540022372,-0.1757241724843521,0.5420593171211887,0.1373524672767438,-0.3321554404711192,-0.016148086186647925,0.14195428004666116,-0.25120854934140485,0.13870187477053497,0.15304652307724706,0.10130079810260449,-0.12910707306597344,-0.2417206711770108,0.6774353464264564,0.7301529072414014,0.8223319472656,0.7895409009315381
12062124,"Elsterwerda, Stadt",40376165.00680845,4786115.020930727,6777825.708805412,8281322.485932259,9381439.596809804,10371978.827536156,10467395.212930445,0.11853812812890144,0.16786700043608643,0.20510423623778576,0.2323509326660383,0.2568837041801066,0.25924689011859775,TRUE,-1.4300679844944209,0.4627657566492143,0.5196612324219074,-3.8132823250786396,0.013887569602463953,0.13851471553201108,-0.3561375303763027,-0.1815168643019952,-0.9549118256137349,0.1015702251259631,0.44761392950994794,-0.7942000788171715,0.4777902754212051,-0.974956042987108,0.5657549855433854,-0.11490827342335826,-0.14619605673967398,0.010986006230290727,0.42700941903817535,0.07840820594511326,0.2300164683695535,-0.22046274493156862,-0.47956467347865256,0.4092324693743427,-0.30047904592296776,0.003362209706764689,-0.1492136651410997,-0.2793652309680793,1.2978375446247064,1.3988343852052703,1.4955507195098618,1.4359146162288736
12062128,"Falkenberg/Elster, Stadt",81963253.69837146,5856391.421373586,5856391.421373586,6562524.71392216,8977807.459151534,11967895.441460704,16638770.048794411,0.07145142679334542,0.07145142679334542,0.08006666912068368,0.10953454205454408,0.14601537764109643,0.20300280062118875,TRUE,-0.8037501570198605,0.42410504711008035,0.8017685551219472,-2.6765461170883467,-0.507455114667646,0.08152467448374953,-0.11535072284330597,0.0950915851638653,-0.15273746884552067,0.1264034735882443,0.23725661494870856,0.2652589713449224,-0.46781191671833044,-0.13126235556498203,0.1676111950706207,-0.40882267767187164,-0.21766664178367368,-0.22914712317566854,0.18887832938051283,0.2748633788988663,0.2355699029279818,-0.22244417820971876,-0.13363772908457427,-0.05693703809707006,-0.05180612131200937,-0.3070733043842055,0.14070781507072236,0.2634401562288201,0.9896919266891726,1.0667090835418829,1.137499510340904,1.0921409428273958
12067397,Ragow-Merz,38032358.61743702,579579.1542077055,579579.1542077055,610471.562726156,610471.562726156,610471.562726156,640326.3350435012,0.01523910625784804,0.01523910625784804,0.01605137269730801,0.01605137269730801,0.01605137269730801,0.0168363561535709,TRUE,1.3247094362212135,0.14925576669669602,-0.69640021512786765,3.966860137380273,-0.18164355634657292,0.3607913943788814,0.5536950555646886,-1.164754283270324,-0.18131050318301672,-0.41083735679656846,0.9099352245211375,-0.2239874994525778,0.23225145409472595,-0.2809257092098859,-0.08452226659751343,-1.7624146181187512,0.4727644608816231,-9.317800124806313e-4,-0.32927346020254583,0.15538660063260407,1.1932974765752584,-1.3439188734637233,-0.27942202459510074,0.42703578697451666,-0.1447246420477604,-0.11800818011084868,0.2591883292633473,0.4852652563718936,-1.12605107235533,-1.2136796057655965,-1.2414458560032038,-1.1919423571779513
12066064,Frauendorf,20809430.093916778,291935.75238868763,343135.7860417576,349386.6318240228,349386.6318240228,350167.8557350128,471581.42313356383,0.01402901237905738,0.01648943697607877,0.01678982222228945,0.01678982222228945,0.0168273640438321,0.02266190957682311,TRUE,0.35555801462126785,2.260214609977425,-0.10877449459939764,2.4579451265889563,-0.1384458813360281,-1.9715472119778892,0.4092783424788075,-2.5555643464366837,0.3725192205743982,-1.5412867271305937,2.1490014653718115,2.3345394333988336,1.0022640660455653,-0.3494640668395769,-0.8488893530908943,1.5151278669453987,-0.6200429284987081,-0.24216117623000774,-1.137562441319329,0.431989298222289,-0.0936094876726744,-0.04263594988608076,-0.33540188320405934,-0.5408922304908336,-0.3880852329408543,0.21011046585782833,0.8356660433330984,1.5645754494882953,-0.8462346630504998,-0.9120880726022883,-0.9274833459790729,-0.8904993160223144
12061265,Krausnick-Groß Wasserburg,54671599.66240399,488469.43824816734,953993.5038898556,1137435.749504638,1139893.8487517354,1139893.8487517354,1148113.5511859937,0.0089346103143946,0.01744952607534343,0.02080487413077869,0.02084983530371448,0.02084983530371448,0.02100018214713985,TRUE,1.810063059212465,-1.6060795825100627,-1.918103156246246,4.058765369296193,-1.1402448985188278,0.708655991637534,-1.3525143554562356,0.18937078342369024,-1.127714800013482,0.3019259152073721,0.8560301672330582,-1.4372970347538219,1.5169611257882496,1.6564709591371392,-0.6977149970974145,-1.163790827359409,1.5373477491217895,-0.7937836119314207,1.279749627173528,1.3722173885158437,0.6156936481674762,-0.2855207884836891,-0.22846927388824442,-0.4626425441722689,-0.04760817742913404,1.0716180603979197,-0.5713732265146146,-1.0697533181246515,-1.1323247058924435,-1.2204414492245395,-1.2042165766411337,-1.156197620680359
15084170,Goseck,14465217.502377346,116493.18589183992,172850.59839328312,172850.59839328312,172850.59839328312,226476.55412447377,226476.55412447377,0.00805333109389432,0.01194939504814741,0.01194939504814741,0.01194939504814741,0.01565662971104669,0.01565662971104669,TRUE,0.07342965505859692,-0.18609427841601656,0.416804050646227,1.3258813901786826,-0.9014365918997043,-2.444933671860589,0.7822138353745599,0.9068699812763946,1.018724202490284,0.07632474691263393,0.9102385790135384,1.0127476928724175,0.7152740792071515,0.15469266363766576,-0.3139627806640283,0.9089645460704532,-0.24806377226589957,0.6681746002398969,-0.3638779827308844,-0.4269072350654555,0.036390334028643466,-0.12436724982738523,0.3604850048546937,-0.9096333345213193,-0.049444641803779825,0.06271310811184418,0.10137980909626913,0.18980831116839825,-0.6352111428928197,-0.6846428447259603,-0.6560209191955841,-0.6298616383492225
01058119,Oldenbüttel,4571073.039308612,0,0,2338.475967795308,44925.02082077376,94374.6510886117,94374.6510886117,0,0,5.115814049974159e-4,0.00982811266292275,0.02064606062450626,0.02064606062450626,TRUE,1.6346576936272774,-0.5555835470669404,-0.21938191342334448,2.430338294546674,-1.2413982116897646,3.3952089250176067,-0.8054109331600714,-0.08883826706977846,0.05607374261913886,-0.012610479496714682,0.35974875513354837,-0.9864086328745155,-0.763745347888232,-0.16806367107490547,-1.002150453445044,-0.17587205351709917,0.04525449572365392,-1.3480292391358297,-0.2593516230552426,0.9071143622325055,-1.123570143814011,-0.3658524617584537,-0.37382630093471814,-0.09877598038827265,0.35738728316225765,-0.1121624548562067,0.2865640777123309,0.5365194915730891,-0.22331336081286615,-0.24069145562522487,-0.2308812493226779,-0.22167470229579858
14522420,Niederwiesa,16579992.672688616,1758674.076431898,1858557.3947912736,1988404.913345961,2140104.4927816647,2210022.41660979,2259963.84629729,0.10607206596230125,0.11209639421932804,0.1199279729852571,0.1290775294676065,0.13329453518096232,0.1363066854679625,TRUE,-0.8088980632038857,0.39352674867013654,-0.7207168653093907,-0.745129322127393,1.4871227575962347,-0.5896100429214015,-1.3333371753834162,0.2514583693138937,0.39197973922167734,0.14862152610344134,0.3504942442169507,0.45982184980723084,-0.4720622073033784,-0.6456252928494134,-0.6547233949422697,0.05090501526339289,1.2650186448174645,0.04570944709423224,0.12746895179816528,-0.1258079291898564,-0.05491730988582886,0.07792967874105325,0.10071092863790411,-0.20136233012265609,-0.0031486571596537572,0.11073179711256101,-0.3786960599477133,-0.7090135622226889,-0.33246593270972197,-0.3583382068964438,-0.3436446824718439,-0.32994161676600836
16075134,Remptendorf,97380292.82756546,563621.2734996332,625724.6281908866,634300.992028509,634300.992028509,643663.3928160459,652448.4162173852,0.00578783711913514,0.00642557759914398,0.00651364843553805,0.00651364843553805,0.00660979109968176,0.00670000466493459,TRUE,0.993722667470784,-0.529709177880542,0.12951898751471738,1.5224679608810805,-2.8163403775080496,-1.3186074589620733,0.33818169700669837,0.35739621809599287,-0.9529950370922747,0.456128890014485,0.412388020226131,-0.883313646038663,0.3695719057369558,-0.20144212648753249,-0.7015592226685349,-0.7970814072070934,-0.4495552565793716,0.014130452214774472,0.005949934864058053,-0.388382878815942,0.019043792507598578,0.0038148317441293487,0.6284802036801583,-0.37623768166346555,0.13986235594256888,-0.1494369766164853,0.19784415903498645,0.3704136556945315,-0.011024041195719439,-0.011881924630983766,0.04266129089792932,0.0409601428747295
16075135,"Saalburg-Ebersdorf, Stadt",71989502.31522453,4584200.216632292,4584200.216632292,4791439.765347436,4821436.321988061,4960672.257833133,5180647.100606571,0.06367873188731314,0.06367873188731314,0.06655747867747282,0.06697415827207923,0.06890827271053432,0.07196392437777631,TRUE,-0.09800309454744804,1.1124350225482607,-0.3838537417485204,0.013225150264925488,-0.3604179823484316,-1.1250361619652365,-0.664566265476134,-0.13758418760289118,-0.9583831122928126,-0.1553093995777962,0.6076732175280632,0.9308999281391299,-0.21412430360633183,-0.3631469136597844,0.15652129473568246,-0.019503027593599984,0.4500739105796368,-0.7174268324686746,0.856014471332199,-0.3908865677298657,-0.13527763048150518,-0.6011717375454108,-0.38043795379185097,-0.5703139781964874,0.26853346336955164,-0.1348629956618352,0.2101927287507641,0.3935332609097207,-0.05986148406724771,-0.0645198643000403,-0.041437318240483745,-0.03978497696041905
16075136,Rosenthal am Rennsteig,51856705.8725284,959996.1404555186,1181313.1901130842,1411137.0466892424,1483489.9106548307,1585213.1322728556,1688065.3746553452,0.01851247826684814,0.02278033612503135,0.02721223847419136,0.02860748452285945,0.03056910587744521,0.03255249916577548,TRUE,0.00972893588225069,-0.010546241422084698,-0.8401735314711596,-0.4722023338827951,-0.6061049497176985,-1.5667110143917322,-1.9124939986002072,-0.12958249610402406,-1.076297393220139,-0.7242139510741684,0.2042763508271642,0.21662584953135275,-0.15589292644338953,0.675818101498456,-0.4348465362846664,-0.24032809438390043,-0.44284187331901864,-0.5223621871364037,0.409395260907951,0.6714381764139308,-0.6005145366974284,-0.43261476742722277,-0.13735445998175413,0.17780077093410765,-0.13405694093224335,0.1562180760162618,-0.28033027900366453,-0.5248482641797514,0.06703658211367665,0.07225332362715989,0.03945138999533955,0.03787823895629505
01058124,Osterrönfeld,17919744.749897826,477801.512335686,477801.512335686,477801.512335686,477801.512335686,477801.512335686,477801.512335686,0.02666341061238667,0.02666341061238667,0.02666341061238667,0.02666341061238667,0.02666341061238667,0.02666341061238667,TRUE,-0.8420535090608443,-0.2221389619764053,-1.2626281599391878,0.4883590401042189,3.1603643869232183,-0.6155951653212531,0.17027280894868824,0.15644824214576938,0.368033237964197,0.10569406457705588,0.01450131392867679,-0.3463717420414272,0.04375380459349805,0.25108342432524206,-0.28758676390492793,-0.3210602451938741,-0.06545198073327121,-0.31833019922863853,-0.4805224069288258,0.13852507545590326,-0.4256716250353993,0.09397729512281282,-0.07977902455457898,-0.10280340824042523,-0.1832177726122084,-0.36191031409694385,-0.7756068769921458,-1.4521296968776047,-0.972969053773563,-1.0486848479581166,-1.088126936316061,-1.0447371338102411
16075125,Wilhelmsdorf,9420839.207122868,633051.5207916803,633051.5207916803,633051.5207916803,653507.2984826226,653507.2984826226,653507.2984826226,0.06719693510033006,0.06719693510033006,0.06719693510033006,0.06936826795520738,0.06936826795520738,0.06936826795520738,TRUE,0.7950778446748129,-2.4951505659741513,0.4749261274290992,2.25739461662198,-1.5118912694984763,-0.3449962421335332,-0.3730702210400905,2.6105712388617413,0.6417922762267483,0.6742375250818232,-0.10735876078230862,0.6209194249848778,-0.8504168444380741,-1.323737087149912,-0.6168912508142049,0.4609525253036985,-0.26531745887579206,0.2651587203321622,-0.22361935134927752,1.052400365637211,-0.20326673875250414,-0.3428897117666253,0.20427725237109656,0.0946410891318286,-0.427682022775231,0.886713766992762,-0.4083821979567464,-0.7645934234478756,-0.7404169010788698,-0.7980356439108486,-0.7955428968204065,-0.7638200821138702
16075127,"Ziegenrück, Stadt",8249560.409786124,923134.0519433828,973130.7130761952,984553.1344182044,1024562.636370362,1025199.6045466452,1034811.6548349096,0.11190099909424336,0.117961523370604,0.11934613306792304,0.12419602808835298,0.12427324046630311,0.12543839955488462,TRUE,1.3418940813843043,0.39014021155401696,1.0619537980929183,0.3375058260510591,-3.8161138826733803,0.9814959965419178,-1.253586070481086,-0.9018820931904313,-0.3041228370212519,0.05026391265714696,0.0442944610289292,1.6601425387558213,-0.4482689553417452,0.7407587346958256,0.47970824905941156,0.5343601756395139,0.11542422455415166,-0.5832294849500012,0.5805042242224628,0.43962189156078363,1.5463499851796645,2.072467408868685,1.3384429051595155,1.0361176007539787,-0.6073514664165558,0.056799471701292834,0.9313293636770799,1.7436810666433864,0.8353289096535806,0.9003336408466629,0.9469916222960326,0.9092296865376884
16076003,"Bad Köstritz, Stadt",20153208.322012063,1959974.9233918756,2019956.6108918756,2112460.1226744135,2162710.18843663,2162710.18843663,2162710.18843663,0.09725374203824014,0.10023002683327628,0.10482004100394816,0.10731344378921742,0.10731344378921742,0.10731344378921742,TRUE,-0.6524371584053574,-0.9912446467138578,-0.40907895572389164,-1.3983222728885867,0.2540007850252256,-0.9801457143460269,-2.608412753119268,0.4444105472593143,0.7727557799381591,0.31499791169697505,-0.2582325435597319,0.8511235349111723,0.3303219902145373,0.03588328756307797,-0.27365315093849896,-0.6078336420350801,0.767104329828176,0.5752390723322562,0.3435669053451943,-0.3446934958204334,-0.29003169369039183,0.008164967277667622,0.0841893890718654,-0.047153206589978944,-0.690119399649771,0.4787963556659546,-0.6842535869477023,-1.2810935324028112,-1.850442213957428e-6,-1.9944423764419575e-6,0.0055519252470853245,0.00533053844747743
14522440,"Oederan, Stadt",77579600.43018354,29170.79952645054,74136.41650745423,210460.96659316745,270384.64042129245,271047.5182364656,282855.372690457,3.76011211255236e-4,9.556174058175518e-4,0.00271283901213912,0.00348525435709894,0.0034937988431687,0.00364600192733665,TRUE,-0.4228453956552847,-0.08677057708141746,-0.27814207644279404,-1.1096424077635578,-0.366670505324883,-1.70593128911806,-0.826965820633075,-0.109372916500383,0.010517532877470585,-0.5143287952022706,0.15341938935570376,-0.780150490637134,-0.8115167652028847,0.01826122749944009,-0.5690386437307645,0.22441454540730024,-0.09244073416835291,0.18317046880902968,-0.07129088958260389,0.19154511278440192,-0.27626713964256394,0.2376328988433344,-0.03286456012902446,0.016143904479765315,-0.0046005930121502045,0.14313543303638535,-0.2625860163931654,-0.4916265748803647,0.21950907690049087,0.2365911249099098,0.2221614585305847,0.21330261909896242
12073572,"Templin, Stadt",378905948.0809287,2453067.597997388,2772654.187841138,3699865.4433283694,4898296.406218995,5587388.940398683,6296458.812468994,0.00647408046883826,0.00731752616152898,0.00976460111557323,0.01292747298116521,0.01474611039678189,0.01661747155028604,TRUE,-0.3324331687501093,-0.12235218247104089,1.2404141747231556,-3.2326467240401824,-1.5344507958159233,0.9192453878575562,-0.2203438701807833,0.5688848196881245,-0.291347815126448,-0.739358186116584,-0.4545655393445475,-0.08216861151245475,-0.27139197440534923,-0.13207448287820656,0.40426457127433163,-0.2699819657671682,0.38156841250219986,-0.06128082211518819,0.20066674577595833,0.31391650948492145,-0.0643865227310255,0.028975620507502953,-0.18340992337692194,0.01889205552989745,-0.33168266706343885,0.014049872519808174,0.26187627450066847,0.490297760877052,1.5571331034071811,1.6783081491275682,1.677610750216581,1.6107148792440469
01058140,Schacht-Audorf,6283014.522038246,858767.2998650385,858767.2998650385,858767.2998650385,858767.2998650385,858767.2998650385,858767.2998650385,0.13668077590029976,0.13668077590029976,0.13668077590029976,0.13668077590029976,0.13668077590029976,0.13668077590029976,TRUE,-1.071239559665361,0.5357039502478489,-0.09358255905919598,-1.477046254320681,2.326483653122719,0.5860457397726387,0.7146785203829163,-0.6086335044151505,0.3235799388196797,-0.33080002246386664,0.06799721652481697,0.07188533417364645,0.1992511349881184,-0.201843930427718,0.08607101514935434,-0.6684414830931208,0.2393751399100714,-0.6320523424207324,-0.15926874894825865,0.44417711375160585,0.09477692445072368,-0.28257326384323417,-0.1126454979358262,-0.008534389133134618,-0.07322759941566331,-0.19563349845179656,-0.2097060561589027,-0.3926220883244039,0.13223169832907322,0.14252187972438835,0.1309704726056145,0.12574793583091515
01058148,Schülp b. Rendsburg,8028885.458245777,37286.27115866326,147513.71730474493,390142.3277818841,603901.4569954138,613909.0614876013,623916.6659797888,0.00464401582916714,0.01837287604511113,0.04859233947361929,0.07521610068246752,0.07646255070896647,0.07770900073546542,TRUE,0.006217278077471166,-0.26189547397608237,-2.4538542319454595,2.086038611950787,4.738593038221332,1.483055894570832,-2.1214368475238894,2.485024312506283,-1.6340914016703452,-0.04611165266245842,-1.018358363277414,2.8493343649683824,1.4551741863527048,0.6161684179320294,0.11883735067091702,-0.035598444266296894,1.3725212426381441,-0.43485843639019806,-0.6772702653731516,-0.2909712339986359,0.34250600664563763,0.9046992214953065,-0.4186175538253483,-0.38285849857863297,1.1308748101962642,1.1029295559972077,-0.9031774759480236,-1.690973704953837,-1.78461103178576,-1.923488256151851,-2.0743410939676425,-1.9916253303990257
03360002,"Bad Bevensen, Stadt",48165364.50427336,3240699.9158575833,3310737.143396646,3322629.3091662317,3582763.653892794,3686053.3812232055,3790284.3568508136,0.06728278606860869,0.06873688546679446,0.06898378831683998,0.07438464736574187,0.076529128745536,0.07869315214077803,TRUE,-1.3000251747876126,0.7974841763357915,0.0622279818711548,-3.8914525343383275,0.5880325550504624,1.489021539034165,-1.8781212942049523,0.6692183890528943,-0.8119953623047997,0.2908482851429473,0.2490166832180884,-0.3399720704870392,1.0178664339097465,-0.49590669987034897,0.12452643483903586,0.92937552896526,0.5264904726066367,0.5564335101513774,0.44386695017408323,0.7768455819749315,-0.27087262124403205,0.4272619479744238,-0.5724119978557842,0.14124538220635513,0.2155409818898573,0.052961629019066384,-0.14677100552688876,-0.27479196238269105,1.1553042451332982,1.2452092406784203,1.3357276300918557,1.2824645813270945
03360004,Bienenbüttel,99544191.18334588,2811420.8820750383,3161615.334223476,3231654.1574656633,3361725.263910976,3571023.380803197,3720844.318273202,0.02824294264340157,0.03176092242690728,0.03246451770865693,0.03377118467635312,0.03587374952121408,0.03737881913591472,TRUE,-0.3482636461624238,0.03664951209506961,-0.5616457575846513,0.1844964455608732,1.995757075624174,0.5634225511799548,0.03469291753204759,-0.45508153626638165,0.7510202459418676,0.11025084561770716,-0.22981645180264532,-0.29138598656169834,-0.21562935497871827,-0.060927200688549385,-0.8342369148884374,0.6903160009120715,0.509343522510222,0.032253570509662724,-0.1865284726201469,-0.23878518864442672,-0.22622058697324746,0.30328410394793454,-0.0042697499069617485,-0.1446010272559749,-0.047569472540485117,0.4712792410717923,-0.29108663055066847,-0.5449868395003231,-0.4530417054615478,-0.48829710479280836,-0.5167445073495024,-0.49613896826067905
03360008,Emmendorf,11006393.409583991,652718.5195799809,652718.5195799809,1252091.0728457524,1252091.0728457524,1288874.1100223488,1344726.8101584073,0.05930357886459117,0.05930357886459117,0.11376034148983571,0.11376034148983571,0.1171023115437652,0.12217688030190388,TRUE,0.8885629612739776,-0.6896520185153328,-0.26794642339835517,1.8136643369487653,0.7976528742005903,1.625385677171658,0.7206970425907754,-0.09703001931833377,0.3866042211261899,0.4617635872279499,-1.1357787783738331,-0.7531523583063294,-0.6870234307464466,0.09510825595650979,0.2661538061776613,2.0329226012805415,0.5601168306781484,-0.17916972233289866,-0.5456112303619085,1.0520525203145632,0.5685797659467899,-0.9030783679967573,0.4666910449059608,0.4094539388036821,-0.29813432961558756,0.27158329249791024,-0.02301182687990344,-0.04308388461085348,-0.5241699976331832,-0.5649605525892594,-0.6276284206199488,-0.6026013099871236
12062500,"Uebigau-Wahrenbrück, Stadt",135709259.22440073,26805376.430511676,30302408.299708784,41518505.76514986,48737136.555563875,51981277.829149336,55442115.0489805,0.19752061564338735,0.22328917328774547,0.30593716303835494,0.35912904420895153,0.38303412844658,0.40853597879644105,TRUE,0.15673438689772917,-0.3572252448994682,0.3215451128451367,-0.025228068699017798,-1.7810259757210203,-1.3617450849973365,0.10099297310815393,0.138438589547104,-0.3241157392666529,0.14959192692977097,0.6047967518231899,0.185230365279245,-0.47680089644450546,0.10996739590215707,0.3631026308339266,-0.5673258733068655,0.08018086674386025,-0.5685581890477156,-0.0029667099301636424,-0.1804084538958194,0.4158304708917986,0.4088288662282584,0.39423133987943426,-0.4356118470721553,-0.06582946344103088,-0.09585344203018477,0.040351418281132555,0.07554792838402835,0.23177318968182192,0.24980962265919637,0.3072427960335318,0.2949912803359563
01058132,Rade b. Rendsburg,6542077.157998715,604531.9301245235,604531.9301245235,604531.9301245235,604531.9301245235,624546.8129370235,684595.3005044606,0.09240672580349936,0.09240672580349936,0.09240672580349936,0.09240672580349936,0.09546613374521531,0.1046449444069053,TRUE,0.06411845563993238,3.3449780568126286,-0.8705415178750365,1.3004364317449288,2.9413580774390824,2.1435731334040296,-1.9215874973619762,-2.829970222682478,-1.2941186542241812,-1.3792526506717333,0.6044591742769726,2.349201626141508,-3.144898412374024,-2.323019141899766,-0.3239246013662112,-0.28468814461492253,-1.5217989115307933,0.22994731004120683,-0.8315465506606464,-0.38788685310971477,0.33008865923342656,0.13763115378375432,-0.30102463983920896,-0.11063552584167381,1.20399680953114,0.11908954205450868,0.8461849981925083,1.5842695589457838,-0.6782944931140469,-0.7310789121435668,-0.8198912370670534,-0.7871975157140708
01058135,"Rendsburg, Stadt",9258032.509931143,827641.6713229741,834360.5530621894,834360.5530621894,834360.5530621894,834360.5530621894,834360.5530621894,0.08939714463468973,0.09012288001442705,0.09012288001442705,0.09012288001442705,0.09012288001442705,0.09012288001442705,TRUE,-1.4376063382479813,0.4989511450185819,2.0083409723300707,-4.810202280256869,0.9782704320297517,3.046775966784516,2.2662545689792415,-0.46388592458631667,0.7074629583492419,-0.5243736232895752,-0.06595732019017446,-0.7212165517470378,1.07978367621725,-0.432766370975205,0.5512790484683665,0.10222065780169572,0.030632730186461874,-1.1948129281609547,-0.4202459225466986,0.5698824395202624,0.7479932047391437,-1.0568263759645362,-0.023252191369021086,0.3245000887003046,0.17156893249926275,0.06891584007124806,0.35656192636689044,0.6675729385758022,1.9403947711159057,2.091394980790393,2.146931492673271,2.0613211375284917
03359001,Agathenburg,11108542.480012393,5843942.969096353,5843942.969096353,5843942.969096353,5843942.969096353,5872700.767480502,5872700.767480502,0.5260764838961874,0.5260764838961874,0.5260764838961874,0.5260764838961874,0.528665284221333,0.528665284221333,TRUE,-0.1403919748123882,-0.566762540591549,-0.5425636743832984,1.5290822519521015,3.0947178469515038,0.8266518998417086,1.6582679344508657,1.5497249764398116,-0.12124173380342403,-0.09702683335650564,-0.7567017324101598,1.0259195303492865,0.5674858247166099,1.0037311428091684,0.2414265797071519,-0.3334627742158109,-0.4471265338476225,-0.14065171721323336,0.5193969680904614,-0.2610749914631503,0.30736214366134645,0.05944275550422425,-0.12754429112404597,0.06557297896172393,0.28743226214534767,0.5308740447871138,-0.4165727299290785,-0.7799281439913209,-1.0340615441278733,-1.1145315146225043,-1.2165959789005367,-1.1680833858453676
03359004,Balje,58492807.81124808,53727536.256351285,54172200.17244753,54342336.03865847,54557874.49124826,54778546.099098295,55494035.44039293,0.9185323506733688,0.9261343778752624,0.9290430408814896,0.9327279119050405,0.9365005399615038,0.9487326308469928,TRUE,0.9742889900308158,0.40362709692977267,-0.08863208105008097,1.0760346328885386,-0.9709852903784127,1.224191063393692,-0.1985524199677751,1.19972930727821,-1.762536575949884,-0.08614787079391197,0.17120766170783822,1.0273885381451742,-1.7864884140970652,0.8298277496445754,0.9715934469074574,0.9020930676224744,-0.24280052059836257,-0.2367675755932254,1.140554992160557,-1.4494001227998077,0.15448080887694737,-0.33819867696552364,0.9713650330404787,1.2535846290715242,0.06007449124848305,-0.07708640004636985,0.4297613353035025,0.8046205056666994,0.004696976952881563,0.00506249252490789,0.009789084619784021,0.009398738205051152
03359007,Bliedersdorf,12411086.183053091,0,0,0,0,679710.6603592681,966325.8533922114,0,0,0,0,0.05476641208787909,0.077859893899673,TRUE,-0.4226751211740796,0.5538176722876637,-1.0223552002375147,1.677984452743782,3.6775571305225694,-0.31487664249896236,1.5559677128002705,0.5988333587681798,-0.3093275159112659,-0.45980294329887406,-0.2772864087798475,1.0304432621926711,0.03827518672633035,-0.03581938957804263,-0.5093317526081365,0.2267293911903261,0.08875993500967072,-0.1665586601643899,0.03751342069011428,-0.3104936641766953,-0.01978047691303276,-0.30781359349718707,0.18830856445406557,0.14722962591908234,-0.157884630448574,0.1419259721593832,-0.29707088304131024,-0.5561908540765924,-1.2792087250195077,-1.3787558834486628,-1.4882605136839373,-1.4289151123242567
03359009,Burweg,16267940.84281799,6032162.897841329,7536110.688579131,8181769.914075172,8523143.436726207,8573183.175007457,8573183.175007457,0.37080064134265783,0.4632492066078659,0.5029382632459768,0.5239226967369398,0.5269986692134037,0.5269986692134037,TRUE,0.25401741935424316,-0.48590954762645877,-1.0654097782738001,2.0730997456866658,1.718714446448839,-0.03419619914907906,0.109289419504935,0.019712463352248265,-0.37582507367723045,0.14229135191702488,-0.28732432393658,-0.007999717800425873,-0.7483237469547734,-0.013198435008033542,-0.7234279992980202,-0.588375832597348,-0.4674067019253639,0.20188855741496295,-0.3621197505266389,0.4682170321025981,-0.474460510758176,0.26221371824537154,-0.3627441199954495,-0.13945875996320262,0.0014289962113589049,0.30475569594872776,-0.43243396884867186,-0.8096243428617257,-1.0451411673154938,-1.1264733465984338,-1.1850433247242724,-1.137788915239007
03360025,"Uelzen, Hansestadt",136933147.83210912,3680831.4787381063,3680831.4787381063,3920015.4137052633,3930020.6949552633,4050084.149056826,4070094.785775576,0.02688049998858637,0.02688049998858637,0.02862722047777293,0.02870028738237859,0.02957709081531193,0.02972322516653041,TRUE,-1.1424984245028638,0.09867392952925261,0.48119248577217516,-3.2062890749141486,1.1087135153591907,1.5586025574729434,0.17106198500626185,-0.5108540723541508,0.16839813930427888,-0.09089680520757505,0.3658097610250068,-0.9478809558398842,0.2059992813736457,-0.14556792820749564,0.21729404787159015,0.07223511688882456,0.15923610150529025,-0.16319013380296013,-0.7075409354612037,0.0400071447178453,0.2343619400637509,-0.35608741968905866,0.052217123791230065,0.21834240954372178,-0.1539772058525691,0.05381929708536399,-0.18754400306714528,-0.35112919238319756,1.0232366830659618,1.1028642701887257,1.1684896471169777,1.1218953267979241
15091241,"Oranienbaum-Wörlitz, Stadt",115835834.00469568,67386668.80905278,70034145.5979316,74521758.31641541,76270827.10743105,77682890.38340057,79838095.24392179,0.5817428552059384,0.6045982765151292,0.6433394204542483,0.658438968932008,0.6706291800881886,0.6892348635456397,TRUE,-0.43215354427337266,0.022282672058791246,-0.24830556368640364,-0.912481838048584,-0.3199708341330893,-1.3484092843707665,-0.8425453813454339,0.06361143178214289,-0.1521172067413102,-0.07386408142409928,0.38999898334348887,0.2407144584113955,-0.0773657901999751,0.15128945228956936,-0.02014757281160856,0.0372374922864204,0.3427030523291588,-0.551864040465225,0.1346014903926482,0.20929946463579055,-0.09456006572756452,-0.012624519470404449,-0.21087393399718077,0.06068932258135909,0.23788409976727126,0.18089092457769718,-0.21939214530032836,-0.4107568652405326,0.14211497024926562,0.15317426118581123,0.17849627870516493,0.17137861805128754
02000000,"Hamburg, Freie und Hansestadt",742617853.28082335,253091553.45944592,281749009.20431155,288860941.8379541,295972153.5585031,300495251.5331125,316080358.1158138,0.3408099500184498,0.3793997248511709,0.3889765652169426,0.3985524348100749,0.404643182500326,0.4256298939210757,TRUE,-1.2668355768599173,0.5743709779717691,-0.7537719684703391,-2.507060633006682,3.9342410045694116,2.40477641642841,0.6152794968809037,0.3991533182951,-0.6329854813311058,0.06465384344599538,-0.5507533365861323,-1.436531328199604,-0.22197289657790306,0.5963503199255524,-0.048141227320500794,0.5364471977353528,-0.4463387268312117,-1.4344461156214139,-1.3222839330607203,-1.256314336282527,-0.10882362227714204,-0.24750393065330215,0.18973020072507757,-0.2787101249928816,-0.6102192331576444,-1.448221230555612,-0.48207885578616244,-0.9025719645997304,0.31093093002751765,0.3351273648599191,0.32162565149177746,0.3088006096393254
15089365,Wolmirsleben,16870779.18213933,3371218.4269852494,3380302.0511931335,3396979.803801012,3496961.831372593,3516963.8362554056,3554448.5710412157,0.19982588774288945,0.2003643112566949,0.2013528697831164,0.2072792129882619,0.20846481352673543,0.21068668688427983,TRUE,-0.7402525774577051,-1.147033822102923,0.634728982702365,-0.8908215985070805,-0.5206800223564124,-0.8492837633623991,0.6880646210500799,0.4518031509656161,1.3208967190799528,0.1435743136960645,0.710807188483288,-0.6621067250878762,0.49508782521790606,-1.4134840020956219,0.48672366997393823,0.13730949911267404,1.3040236100765177,0.5978411931363207,0.10132577124501964,-0.33220123564086756,-1.3506127571218622,0.5600331512159226,0.1074492099796163,-0.32902828034992426,-0.35503944660993697,0.5299537486800959,-0.4175191389527544,-0.781700057945981,0.2131518035375485,0.22973913283041972,0.2922062781339134,0.2805543538261518
01058158,Tackesdorf,7266262.169202912,20482.9160121154,20482.9160121154,20482.9160121154,21257.26569311751,72537.35366988486,72537.35366988486,0.00281890682377653,0.00281890682377653,0.00281890682377653,0.00292547463855813,0.00998276032171324,0.00998276032171324,TRUE,2.081471675043756,-2.0950791155954316,-0.7260804754702669,4.4173788910666065,-1.3928839892477203,4.8704570440342785,-6.065824855776974,1.2736651819884723,1.8922064860516599,0.9154142983147678,0.4154793456465579,0.8153298022200075,-0.45575551205080395,-1.0370872256205754,1.1413221235598692,0.0183470721571474,-1.252203449493278,-0.1778965628576218,-0.2913955465282954,1.813504722005753,-1.1690948237021854,-0.3785802841955375,-0.24261664138855835,-0.1974189102177387,-0.8657398422938618,-1.403161129195219,-0.2465626386739808,-0.4616268117006598,-1.3799915454648437,-1.4873815548670926,-1.468662508103657,-1.4100985905610348
03360012,Jelmstorf,13962852.30302496,977117.1550523026,1167218.8484116776,1207240.4538804276,1227251.2585679276,1237256.6833726151,1277539.5505902292,0.06997976730303282,0.08359458533832713,0.086460876881071555,0.08789402279232386,0.08861059735657102,0.09149560010123851,TRUE,0.5202299874719396,-0.6208908086527423,1.0725975766388414,1.1592242840089002,-0.4638530162340233,2.0151034032588733,-0.5814784695687358,1.4049351945931288,1.4431875798218265,0.4848040287504688,-0.17088449613989873,0.4266401876656885,-1.7784083786088274,-0.11224433627001207,0.019448669460140948,2.586344340676137,-2.9009064557395203,1.1485422881732907,0.9476098102762911,0.9991508350241322,0.06965026481134579,0.32373111699466756,-0.23127985916497848,-0.38127692475556246,0.4248128147220212,0.5118730590000093,0.3239789184860129,0.6065694137735093,-0.307382840351526,-0.3313031652433145,-0.324163711211476,-0.3112374624995021
12065144,"Hohen Neuendorf, Stadt",48952827.21955197,2639358.609375133,2753863.8243640135,3645855.5266722767,3831939.477867462,3894586.771088042,3899477.385754558,0.05391636723120584,0.05625546022118428,0.07447691448587276,0.07827820568322495,0.07955795389755399,0.07965785853931413,TRUE,-1.0090045428458514,-0.04019910450802283,-1.4593338490013459,0.21559842603850302,3.548480386583976,-0.34720068194359993,-0.7820605323051478,0.8372888407003215,-0.20296582099164204,0.21902292288730238,-0.3587210516951493,0.3403193944843268,-0.10114663685613542,-0.8460772563679454,0.023779760565289968,-0.9806835672130703,0.688027787150449,-0.1668036824587548,-0.25665791941332,-0.474078572327288,-0.04646701259028467,0.3856090715978246,-0.2239285117425163,-0.051171011830472325,0.16986477649522644,-0.21095955890078086,-0.83617916545174,-1.5655361421906264,-1.0159375283050407,-1.0949971001374357,-1.1513007962593644,-1.1053918930723772
13071110,"Neustrelitz, Residenzstadt",131200564.88093624,0,0,0,0,0,249352.7408753345,0,0,0,0,0,0.00190054624461122,TRUE,-1.2673220642646705,0.9320712180498225,1.0094780165644204,-4.217913997404394,-0.24463260159342848,0.5581104343071247,-0.018130111940431664,0.05013545002925742,-0.13778925662190944,0.0871705701772087,0.21085666228052832,-0.14206749704909344,0.24568784368253874,0.21097173458055077,-0.052915152199391746,0.10813331942778441,-0.2333449800753274,0.26110193916900426,0.002115673135238554,-0.24713412341898464,-0.3018474549070791,0.456176714993954,-0.37330761526164,0.0427327887973065,0.3213116125722334,-0.2950114956307266,0.2247423901165241,0.4207738591760339,1.5129277807065251,1.6306627980904678,1.722725199329614,1.6540303589796646
15084565,Wetterzeube,41921179.11773494,3628175.068596504,3698151.115471504,3875533.5591627527,4005494.419514315,4037757.733487417,4199587.475967666,0.08654754338867317,0.08821677236428174,0.09244810477010632,0.09554822893375568,0.09631784740947864,0.10017818115690864,TRUE,0.23656806639863323,-0.9147818563789915,0.291370653287555,0.44008466946855873,-1.2928604617616182,-1.1020074000927031,-0.30074728180086396,1.0616550295842238,0.1668786271951582,-0.5988010362961189,0.252042657794614,-0.7582329880396035,0.45511296953251457,-1.0361262595683018,-0.13527530258885448,0.17477044984101867,-0.14601079284428012,0.8805501287410302,0.05013855824491211,-0.5235665151583175,-0.0017097069074058539,-0.339435244553994,-0.16468823588550222,-0.6574330425203649,-0.07908203369545716,0.5713022185729683,-0.1289477122309344,-0.24142230791084582,-0.06922050168703948,-0.07460719434572212,-0.10282218619936642,-0.09872208151166183
13071119,Priepert,22177387.184844747,3054403.566128542,3220703.6426633145,3558881.668898851,5229480.071082913,5547460.309843478,5787213.702421603,0.1377260333090913,0.14522466581925533,0.16047344257626825,0.23580235252674656,0.25014039136379507,0.26095110547451605,TRUE,3.207500475995839,0.7583092167367671,0.027033705444846404,3.255481408594814,-6.183316465173369,2.424982679268673,-2.3153197566439965,1.1978471274360984,-1.2068606733655471,0.7598167479336809,0.9374250175282562,-0.9023769499867997,0.32084944998895065,0.8934892960122724,-1.5752258903291882,-0.5845482513761392,0.8842677418793582,-1.3543584226355452,0.3714501966696306,-1.184748018450555,-0.8367595415982624,-0.6108846965247576,-0.918563129166777,0.26143086304797036,1.7350968433949518,-1.2819003008977603,1.3309477993924843,2.4918665393825474,0.29283034950856107,0.31561820939823554,0.4366055474706354,0.41919560397467387
03359020,Grünendeich,2590811.678527903,2219554.445183508,2219554.445183508,2219554.445183508,2349278.3017563624,2552623.047916876,2552623.047916876,0.8567023468277158,0.8567023468277158,0.8567023468277158,0.9067730862982756,0.9852599743441308,0.9852599743441308,TRUE,-1.0074863764893724,-0.15158290999711346,-2.007032794265155,0.512744526932458,4.482307200719109,0.6923035860968607,-2.2524839455099817,1.9401160152640138,-1.3341246362223618,0.33875213138663224,-0.4660036031502703,0.8619549762391511,0.2655520912617294,-0.37268957744171954,0.4048119639757595,0.4961486069414894,-1.1839086483248609,0.62640334078578,1.2532790666539022,0.6293063655295035,-0.14316161244208211,-0.2361231621068521,-0.1637144386257963,0.14641232357559567,0.17100890907819882,0.361808714755713,-1.0553673602505471,-1.975911161177938,-1.3355222330301746,-1.4394516705932952,-1.5097452684982149,-1.4495431479110574
03359021,Guderhandviertel,9230903.761117129,9165759.086788744,9165759.086788744,9165759.086788744,9181188.477311466,9230902.57627008,9230902.57627008,0.9929427631341158,0.9929427631341158,0.9929427631341158,0.9946142560802036,0.9999998716434404,0.9999998716434404,TRUE,-1.0294410156209661,-0.2994636941891704,-2.1167576901401377,0.22525187507516942,3.436024061930019,-0.41810443220423754,-0.9350030287916021,1.104333279839703,-1.4283075464376607,0.21040498134996075,0.33850283205902815,-1.0899747503781958,1.1610793112159374,-0.369795241981682,0.49329347469094775,0.44399826826482597,0.36723223560451485,-0.5042181204031366,0.38160278939865117,-1.144480060446302,0.0247813698318453,-0.44728357793073475,-0.14358143648772437,0.3904140269431436,-0.8573036578200272,-0.2551363666189409,-1.1485541333167582,-2.1503800635817125,-0.9936383096810681,-1.070962571391049,-1.0850477470565658,-1.0417807293191295
03359022,Hammah,29393174.06893374,51514.381079930754,2025633.66687955,8881918.974852502,8881918.974852502,8881918.974852502,8881918.974852502,0.00175259674096842,0.06891510464739105,0.30217624520653547,0.30217624520653547,0.30217624520653547,0.30217624520653547,TRUE,-0.5798979639640872,0.44928898645105814,-0.6281273922502938,0.9321127912893415,2.853437724414546,-0.6392831254742523,2.5802861029476754,-0.46812299439319455,-0.3141144743819994,-0.40489404454430666,-0.08215087847222793,-0.5961075314835177,0.36351888276343414,-0.23235402570862795,-0.4188627949963139,-0.3862697076265348,-0.017456645101392956,0.22223810185414852,0.20692513754201616,-0.34207062325799314,0.2189383103343768,0.2033428282481523,0.6034173501874053,0.01719547695732305,-0.03266686112161661,0.29102668512768876,-0.25291212325444096,-0.47351463192591287,-0.736193338969744,-0.7934834070528806,-0.8612245772495444,-0.8268826608123596
03359023,"Harsefeld, Flecken",52050767.1431126,0,0,0,0,178.39581147515997,74709.47722246787,0,0,0,0,3.427342597750078e-6,0.00143531942607215,TRUE,-0.8246973562302755,0.3572327565733096,-1.1090299717116041,0.03860555129473526,3.344443370520052,-0.1592828078654966,0.6774036407136862,-0.08827902002462751,-0.6190227057252419,-0.13787106979541047,-0.25396358778081396,-0.031409747143121204,-0.18479857608097228,0.25326372404627684,-0.4814626815266849,-0.2756905990254922,-0.24204550595092403,-0.09324197163684082,0.31258203087905184,-0.11263635077921384,5.411767615156593e-4,0.020311602205334525,-0.09218875633370262,-0.024659480857395846,0.07876080042927582,0.3613630759397824,-0.5254981904561901,-0.983863798340979,-0.6636399353179736,-0.7152839465640705,-0.7719687421857091,-0.7411859629471893
03359025,Himmelpforten,18230152.943041302,4891972.48309094,5904737.014723226,6817613.245555222,6817613.245555222,6817613.245555222,6817613.245555222,0.2683451147324725,0.32389947759473653,0.3739745501234315,0.3739745501234315,0.3739745501234315,0.3739745501234315,TRUE,-0.9032014520614159,0.36329414753627937,-0.3960138613408562,-1.0823158838940463,2.7846393524523845,0.3073173808926441,0.7679448064680521,-0.06922917080973626,-0.6112878079711047,-0.1417244028216333,-0.3475197050211968,0.2842822324164962,-0.6417118468260329,0.39638582585758225,-0.15817497158219343,-0.2686600905946986,-0.8798260943500806,-0.03198791845977902,-0.09525222889182139,0.7380981811557772,0.2905029343604305,-0.6587546314590997,0.13082060971362652,0.054276081953459364,0.28452738505403136,0.23522203540783626,-0.3119737219553309,-0.5840926888807877,-0.09943601532332019,-0.10717405883205527,-0.14225133407941187,-0.13657896527215516
03359026,Hollern-Twielenfleth,17721634.14104016,17070339.47061737,17070339.47061737,17097692.688141182,17107700.319000557,17322544.907293394,17486701.126988415,0.9632486109780074,0.9632486109780074,0.9647921039372976,0.9653568165805972,0.9774801110004552,0.9867431517781036,TRUE,-0.5115819799797255,0.3422121823690478,-1.2700297163504817,0.09067804624436768,3.2467790104784866,0.4672092684186055,0.11987806964891046,0.18833309356954045,-1.816054202705325,-0.19783089483399197,-0.22193812008544248,0.1607237404901994,-0.47183373813146606,0.0997510540320571,0.24092335782521154,0.05690829935437007,-0.7396203202777221,-0.1072225996549312,-0.7353624718333184,-0.5598670236036268,0.680013172436793,-0.5194371097304749,1.0231533279882603,0.08775649253527422,-0.26574499452014,-0.08477605831465326,-0.4797998379870531,-0.8983050743438917,-0.5760620557782465,-0.620890815627979,-0.6753948830950585,-0.6484630522462136
03359027,"Horneburg, Flecken",16915077.024788674,3545737.040387303,3545737.040387303,3545737.040387303,3601223.0424688724,4172289.8555308306,4261488.425907151,0.20961991690555729,0.20961991690555729,0.20961991690555729,0.2129001858632603,0.24666100245458128,0.2519343198769969,TRUE,-0.9286416027361509,1.110492977277788,-0.8661854411059912,-0.3820617131888134,3.5406977694713313,-0.08718758683717596,1.725718358769887,-0.1733570923228242,-0.37464631218127886,-0.28512684647132625,-0.14505775588165576,-0.5750871044379585,-0.3877075194613867,0.6043129650723743,-1.2626448298760429,0.7230743847422884,-0.1755152566618594,0.08600293922312369,0.22971876356256912,0.08284535391913603,-0.03678442474599617,-0.07757817903645413,0.08443047929087079,-0.09699729748283223,0.23927242859543632,0.18312481394224764,-0.22811135552145134,-0.4270814034453939,-0.48014612723324335,-0.5175107743482825,-0.5685676193296278,-0.5458955983635454
03359028,Jork,53187289.75906349,49764986.978964664,49764986.978964664,49937366.468529195,50987431.209118165,50991345.95729702,50991345.95729702,0.935655627583174,0.935655627583174,0.9388966178713688,0.9586393937365374,0.9587129968134488,0.9587129968134488,TRUE,-0.7773479887618598,0.11290630348253355,-2.4553254981875234,0.5640921871812578,4.818120904971429,0.1909652456036669,-0.7259830736073323,1.0664552376841687,-2.2210659103777504,0.1121394811646483,-0.5694257084836787,0.0782613170725081,-0.0802173542161938,0.9526901660447632,-0.10032579103758324,0.08318078406673825,-0.7539428981680447,-0.35429069528131596,0.3208690812904976,0.5118452293026092,0.218043789205911,-0.686311174054471,0.04641317822588287,0.11061963126290696,0.1608592396667271,0.16510776849837383,-1.03992239448895,-1.9469943295780807,-1.2255817081830858,-1.3209556484057932,-1.4071935294043487,-1.351080729242413
03359029,Kranenburg,14252921.917821908,4738786.713570378,5142490.846266668,5142490.846266668,5564355.095110855,6375196.804515884,6375196.804515884,0.33247826241473905,0.36080256917962056,0.36080256917962056,0.390401008803196,0.4472905163778603,0.4472905163778603,TRUE,0.5488216192934563,1.8814824367771092,-0.5980049029233846,2.594240341819984,1.9779828132180084,1.3596890366030603,1.4815514339070612,-0.17949884979158648,0.48517916898670116,-0.37060681491318564,0.17641707696300066,-0.5587890132406617,0.10800092358427948,-0.4574493800838638,-1.6826012650632136,0.9951912213691141,1.104799814730648,0.8113806309591621,0.6086047588183069,0.06170087861587232,0.597732493662945,-0.594831937142359,-0.07109749130117671,0.0581321997694479,0.4217798215694564,-0.16034682347559961,0.6107663843823937,1.1435071437939524,-1.039745096896332,-1.1206573576261813,-1.1854195477634664,-1.1381501361283377
12069590,Schwielowsee,58251152.43320541,7306712.02010804,7306712.02010804,9320148.687277328,10239499.223980555,10450879.494670464,10450879.494670464,0.12543463459347684,0.12543463459347684,0.1599993871016444,0.17578191668777432,0.17941069074391494,0.17941069074391494,TRUE,-0.6765288131522516,0.22814074171598156,-1.7464330166502962,0.7381540838294859,3.578652553793518,-0.32572113034010713,-0.9863275397961356,1.3135678214676887,-0.9336079742288426,0.25044586865134777,-0.6687140645670465,1.068674349264102,-0.10234568766863171,-0.4507336732023751,0.25855608273948943,-1.2707659825582664,1.0375382607614272,-0.19961656221156385,0.05555657141610679,-0.4099022084369808,0.304051192656769,0.1656348180428192,-0.09165997367863263,-0.33251939170488576,0.3855348200373335,-0.2964268665047071,-0.7316070293621887,-1.3697509979556284,-1.1848710800083087,-1.27707694666069,-1.3580516564500107,-1.3038984219334893
15084550,"Weißenfels, Stadt",113702064.57760824,12225974.341709718,12785379.075495606,12923850.591489635,13043635.45835824,13293572.503280114,13443529.887069177,0.1075264058496034,0.11244632296688724,0.11366416818815424,0.1147176659176246,0.11691584099782534,0.11823470345072924,TRUE,-1.1250348649799544,0.23152408012141557,0.9348145613532943,-3.660626239639924,-0.34321532271141686,-0.13145123907199685,0.5294273996542344,-0.6997651049245625,0.18266747738770014,0.1532955741947981,0.42228049185330213,-0.7475369121428638,0.061519976276785945,0.5070364457359922,-0.2553265848305053,0.34954254975428567,-0.4368889966073642,0.26292394084856113,-0.476333942829237,-0.10396233212112264,-0.040709556852330325,-0.14901039102026958,-0.07787662130144375,0.09795143645749688,0.036320639121742965,0.23340916602257072,0.013767925498251824,0.025776993569143383,1.3329536993342115,1.436683255341053,1.5370419346624673,1.4757513409253444
12065136,"Hennigsdorf, Stadt",30693942.67581424,5034932.919333124,7150956.617038078,7150956.617038078,7164026.609093126,7227580.031803076,9510891.58571021,0.1640366952043758,0.23297615078537248,0.23297615078537248,0.2334019674421993,0.23547252003888564,0.3098621668178348,TRUE,-1.2170878146795552,0.16394810752227273,0.21845091922261953,-3.4915717655651135,0.907140882220537,0.6124597568443162,-0.25499727057053295,0.5475229170532124,-0.6809237526873433,0.17664224557093033,0.024582592422585956,-0.42798128010970216,-0.6528270032821448,-0.05684347455507719,0.004541705241005121,0.2432938076231266,0.021658376489740207,-0.21189264080863005,-1.0777994713098005,0.5910218975316447,-0.2378667493440276,0.12968305544339898,-0.03275696469857546,0.07432306700865975,0.22656896963994191,-0.25377295422195395,-0.27822959597822094,-0.5209152611398568,1.0010949801219018,1.0789995148860054,1.1409723470100688,1.0954752977696767
14729250,Machern,39038792.36467315,4317105.983796945,4337090.104890694,4616946.51393549,4689720.685589194,4709704.856487632,4809625.223675131,0.11058502894939869,0.11109693313196334,0.1182656079831363,0.1201297581590408,0.12064166361737975,0.12320117842649866,TRUE,-0.36756425058772046,4.066765837170902e-4,-1.391413576105744,0.7871282207581412,2.0801135119859993,-1.7439240954554858,-0.11832344669992312,0.5432486430239519,-0.6634029818949826,0.685458040731425,-0.844394018968396,0.05298335219638583,-0.04126877685746026,0.3910762534763351,-0.4456034140950275,-0.036334341816889756,0.15980950689992904,-0.19163497237105476,-0.10453346862112045,-1.027450278025084,0.038217298324513836,0.01140067423633236,-0.17537099811260173,0.09193804487462438,0.5096576933588591,0.03676886176257562,-0.5861903833699158,-1.097494734725183,-0.9336402722920732,-1.0062955272820526,-1.056548507957272,-1.0144179167844338
15088020,"Bad Dürrenberg, Solestadt",36444264.40457499,3441847.1741174315,3618525.152231161,4069387.586201805,4129548.0980771338,4319487.256280257,4371929.055706267,0.09444139510977104,0.09928929040962928,0.1116605768476139,0.11331133075521028,0.11852310169657355,0.11996206061871952,TRUE,-0.9527026231040212,0.09099792486912245,0.9264590095925425,-3.9330681138797248,-0.5657744792944193,0.2871596320328997,-0.2833452223535079,-0.442350299132651,0.20258981863490025,0.41266770728652397,0.16763307729921786,-0.3366411476205656,-0.7222681819205472,0.9947267374858728,-0.22772111976246695,0.05124935643784392,-0.35540035780750956,0.5479896155752765,-0.31099385608242824,-0.23121033272975786,0.0021429630925742862,-0.2595881610299252,0.20998729217598008,-0.06762193371960996,0.38120710386595086,0.3186843763922004,0.02158477045254788,0.04041207872728609,1.4344046009564277,1.5460289975620256,1.6533853068027877,1.5874554418818079
03359010,"Buxtehude, Hansestadt",76319668.99626867,23139100.300992325,23139100.300992325,23139100.300992325,25422156.440581854,25662334.318511546,25662334.318511546,0.30318659141621296,0.30318659141621296,0.30318659141621296,0.3331009787506385,0.33624797717304294,0.33624797717304294,TRUE,-1.1339814915146071,0.106896914126955,-0.7508350726566417,-1.806347019004222,3.322529020895369,1.6266183659495659,-0.30132267316906247,0.3063832968716635,-0.5406331108686757,0.07451168534558746,-0.23742342156586482,-0.5671997772235126,0.0409630127627678,0.3384866587056854,0.21339754737578998,-0.13823826481914914,-0.3736692676364872,-0.20209873266844716,-0.21807065593721028,0.1131525757803596,0.41364552922617104,-0.6027261423788154,0.0420094725796196,0.11734064360327671,-0.045838266551285554,-0.14286681754348268,-0.592639883348098,-1.1095698087428993,0.03500851119465289,0.03773284987535553,0.03020199119683512,0.028997666232920615
03359012,Dollern,11996122.546763085,1572268.4100346654,1572268.4100346654,1572268.4100346654,1572268.4100346654,1592283.7166752904,1592283.7166752904,0.1310647172789103,0.1310647172789103,0.1310647172789103,0.1310647172789103,0.13273319862049396,0.13273319862049396,TRUE,-1.0470927291374292,0.12889700264467097,-1.7286696689129881,-0.004536348399871268,4.6488735760923445,-0.06916088787911846,0.5924622194574803,1.582319360027813,-2.0269451814448907,0.03627786078814239,-0.7977121769416845,0.11306036205761422,0.17413342902023451,0.01888923761085682,-0.44204490823839016,-0.1538035471762647,-0.22578940376952447,0.13914588226790434,0.07746982215701326,0.08022573030889668,0.26118519083296593,-0.21337285556035163,-0.24644472624705036,0.2563438102320997,0.6818367442343882,0.6868018252858965,-0.8822884651352488,-1.6518642619622237,-0.9519975142141671,-1.0260813173638013,-1.1177171597728957,-1.0731474269583545
03359013,Drochtersen,106998212.644495,84772113.70271419,87233209.53295228,95726353.63274518,96044438.290419,96556148.58385144,98080771.81197338,0.7922759792667963,0.815277259095789,0.8946537635240605,0.8976265669925696,0.9024089860702844,0.9166580393062256,TRUE,-0.45917802316631645,-0.006864309555628247,0.49431553295634945,-1.0196256450405654,1.1561191441860992,0.7909281591127275,1.4348581872105013,-0.013281866358030196,-0.13759746057000682,-0.15601880706941676,-0.2763954497279857,0.4487340450429823,-0.5297715656747655,0.3292971493405797,-0.06687548583080653,-0.5178271507732156,-0.49765642521391207,0.2697890197230284,0.002585103855123743,-0.4616452456259654,-0.1291354476667509,0.040778040917783163,0.1610657483699972,-0.18028798797870893,-0.37767888391931886,0.22633393854875583,0.009424400078134923,0.01764482966137236,0.32022560204646855,0.34514534197359054,0.3337954376990128,0.32048511733497664
03359015,Engelschoff,19644677.689214565,13542986.116526034,14757768.851427734,17509763.291050352,17509763.291050352,17509763.291050352,17509763.291050352,0.6893972164257743,0.7512349698427544,0.891323521213263,0.891323521213263,0.891323521213263,0.891323521213263,TRUE,1.4554143735979923,-0.12281738446607238,0.3434396701198087,4.454970161083611,-0.158965966282354,1.1923055848225068,2.4603009178465776,1.6895645295798694,0.8537167820473673,0.0082736802928867,-0.2692565840570743,-0.3424009802884973,0.5934820323179919,-1.0700099570138255,-1.855017458327416,0.6850574351680548,0.10884162300446425,0.11131107684456314,0.38989305932096097,0.3696441549683354,0.09908131650945881,-0.35763807625175675,-0.5857787583277863,0.27524847975967204,0.42298090186316595,0.21276480574996173,0.5586788864172428,1.0459863444367115,-1.2716169802148785,-1.3705733541942102,-1.4480207254062887,-1.3902799130039905
03359016,Estorf,29475453.895685203,3530170.638821442,3530170.638821442,3552805.7920537377,3556456.646863445,4081363.082697918,4081363.082697918,0.11976645555026416,0.11976645555026416,0.1205343878546284,0.12065824870585153,0.13846650494821974,0.13846650494821974,TRUE,0.4191776330207877,0.1033743966614095,-0.9827028832562109,2.5169749847115277,2.360186650547716,1.0060608121079626,0.4870913178431226,0.6034258857968494,-0.1644063515991822,-0.19818820661780168,-0.17570841746368768,0.7397994157853913,0.0057972421550993945,0.5768090545377053,0.34625601720984744,0.8630275147088325,0.0057530613010040015,0.3423129890966177,0.3432233526011374,-0.4537309153674546,-0.37498880172699184,-0.22503636529239326,0.06602694337455066,0.6123503979987602,0.49195766239412547,0.4624408936584176,-0.15338361785800458,-0.2871724234446029,-1.2281435118681674,-1.3237168099222556,-1.4072173564379604,-1.3511036061568353
12068264,"Kyritz, Stadt",157501614.3102262,3112427.077030596,3374073.80522781,3595039.5615289593,3605033.930669584,3605033.930669584,3605033.930669584,0.01976123921434952,0.02142247125532312,0.0228254140586008,0.02288886972021034,0.02288886972021034,0.02288886972021034,TRUE,-0.6562472445408815,0.6554543315491576,1.4333185420410415,-3.387694699493611,-0.9109114906614768,1.448210081072545,-2.742220501990219e-4,0.06602501204203942,0.5212843350588763,0.023251050468427396,0.13793068709045817,0.5021723390079538,0.4083253401031046,0.30850209059786216,0.12370531024328248,-0.2661088420268835,0.45113899377143674,0.7351990040493972,-0.26201842474809517,0.43065888669615376,0.03412687497463903,0.3564439648159763,-0.252691321950622,-0.2195465613685446,0.24109722174079948,-0.19235589141470372,0.4775085430164392,0.8940151981581133,1.4551693132428585,1.5684096057247776,1.6490367591121213,1.5832802954912912
03359018,"Freiburg (Elbe), Flecken",26113073.06536835,22760453.00706197,23287775.232627355,23317983.98637268,23526432.741288096,23786638.57429591,23915442.18069122,0.8716114319477515,0.8918052338892293,0.8929620779600019,0.9009446219675038,0.9109092030168672,0.91584173646756,TRUE,-1.1109649109506847,1.384495274371123,1.2851511421291177,-4.038490784963992,0.7276975314758712,1.7919672991433617,0.8768613501267795,0.6927302045181953,-0.4172103467364262,0.06950725054029906,-0.5129287491123192,0.6859472015187483,0.10847580449440958,0.44164091628781393,-0.2396100690940873,0.27976247911613555,-0.0518805333856548,0.9442400564580414,0.8352787969394392,-0.5359243291597736,0.48024174617216886,-0.06415274903764051,-0.06111026579938439,-0.12801275830838552,-0.15838565948341896,-0.16559377658477276,0.519560501849852,0.9727469629803733,1.4594165909180732,1.5729874036781595,1.6179710187422462,1.553453322671744
03359019,Großenwörden,12350347.572480025,9501126.171028566,9511134.12220044,11492397.366938056,11492397.366938056,11492397.366938056,11492397.366938056,0.7693003063492473,0.7701106439622692,0.930532302794966,0.930532302794966,0.930532302794966,0.930532302794966,TRUE,1.5913294851549709,1.577230354860773,0.10557903129418185,3.152884959217366,-0.6319076524335681,1.7915341912118,1.6615529767497712,0.49113953917026776,-0.8798099028759362,-0.41771074322940216,-0.17383778330774735,0.2995609715776361,0.21837454826911099,-0.7389600229584248,-2.7008648266019737,1.0661080019222762,0.34073724487101853,-0.644713030686156,0.3748469501725436,-0.2552557568724961,0.02845108878335802,-0.1743386476257391,-0.05515573251831858,0.31610297316745484,-0.38906640886222194,-0.269287776344588,1.0913796237699753,2.043335108617838,-0.5147105133482125,-0.5547649376304148,-0.6180652926140069,-0.5934195182220806
13071137,Sietow,18836547.674979378,0,0,441522.2290858607,1122302.332168029,1741718.9131771908,2227886.1994144702,0,0,0.02343965766467576,0.05958110538794672,0.09246486899989216,0.11827465615547886,TRUE,1.5752536910411468,-1.344428782582247,-0.6757956943941048,3.0883038022057803,-2.0640093140777185,-0.20070526051182896,-0.5757773968213128,-1.061681870476205,-0.2480010501819007,0.17786018253065483,0.8260376503746404,-0.5958270198008219,0.16303881848669868,1.9527482401352225,1.4884253976039488,-0.22050366907282426,-0.5517579605201636,-1.0928932268999765,-0.8950447644985893,-0.2086465605495751,0.6048433514853045,0.4048184507152548,-0.1871390402215094,0.151747963960008,0.23969642026046858,0.12523799504829047,-0.148323595311735,-0.2776987980497333,-0.598449104369654,-0.6450200092105067,-0.6128761501055405,-0.588437296304496
13071138,Silz,10672141.417973015,541.4307864409714,516620.92357445497,516620.92357445497,516620.92357445497,516620.92357445497,516620.92357445497,5.073309706420725e-5,0.04840836560733825,0.04840836560733825,0.04840836560733825,0.04840836560733825,0.04840836560733825,TRUE,1.2100565678251467,-1.6133213684832044,-0.6399960658939563,1.2745714104067563,-2.1394514323477902,1.1725450226581435,-1.2239914328568777,0.31458494815822635,-0.8888743903960952,1.133263673851903,-0.3654782849230208,-2.322900071246432,-2.4156839963998427,0.8628922115240855,-0.9210035160181914,-1.708073337406853,-0.9647914213048961,-1.3805155236848436,1.1224097822565315,-0.6043605398534337,-0.4992755077621542,0.9657197297739266,0.16132772883583785,0.3872053212191817,0.2575553718494014,-0.2139609066428847,-0.3477536221840047,-0.6510815942330298,0.07706334126253399,0.08306035839640674,0.1405048609145437,0.13490213391393296
03352051,Steinau,36057465.85163946,0,1041840.9138790952,9582161.107479502,17969669.240406837,23575787.581178498,27720471.520798277,0,0.02889390280963754,0.2657469370394986,0.4983619568370137,0.653839281944617,0.7687859051120168,TRUE,2.570822684199633,-0.1728257974551285,0.29352959951686225,4.14420304396261,-2.558711726873724,2.8413300442047014,0.308086494031075,-0.1446875874800333,-0.26329380510051864,0.33347606582123107,-0.38172764101451295,-0.24574207277893878,0.771225883959022,-0.02954739115871774,-1.2715065770170118,-0.7346309074229402,0.01905117646414422,0.6898695169285561,0.33256348139715025,0.5392494476013215,-0.6021559536790251,-0.9970923417939016,-0.6666516560903325,0.33809570522747034,0.1576019124298307,0.07432920816071581,0.8971754954204556,1.6797364990668,-0.42784098914293567,-0.4611352857621593,-0.4825606257361515,-0.4633181922029238
03359040,Wischhafen,27646661.21535302,23443934.091952093,23762217.39928469,25584841.79188444,25755959.73786885,25896070.239821974,25966125.508376654,0.8479842795242477,0.8594968200387546,0.9254224802261624,0.9316119417546808,0.9366798413054344,0.9392137917166248,TRUE,-0.6899811932987729,0.35682226139572565,-0.3880013908069013,-0.7991135225597253,1.8009473567197347,-0.02538213230438385,0.98453485804874,-0.06289164343818966,-0.7104707666974327,-0.07925177470014956,-0.059089569197171767,-0.4364866313873708,-0.5432259051154869,0.39785983446708223,-0.4592917014021064,0.21678289207056986,-0.5891848018497728,0.20269849737185838,0.09850895520207946,0.5518606497047459,-0.24816124152398036,0.2745895212064764,-0.19601697624194311,0.01193837499594806,0.11188123099613631,0.25192761749781384,-0.24038677423664953,-0.45006405172602143,-0.005810068426334436,-0.0062622040245432,-0.015363555405550898,-0.014750923172503778
03352052,Stinstedt,30462176.376677927,0,0,74011.56917337773,901985.4277127218,3881394.931491672,6990398.77426663,0,0,0.00242962184507741,0.02961001264516637,0.12741686225884033,0.2294779823945387,TRUE,3.403720535868972,-0.5942113995212486,-0.7204528131718152,5.937648531855957,-3.109824271606459,2.1778382494754593,-0.31657022839171584,0.357564134539973,-3.165754870982574,0.38905593974006497,-0.7690071633045372,-0.09082020200744563,-1.217705931412519,-1.169006550795394,-1.2477601433680796,-1.628956740340361,0.01260916844553981,0.4540900789221574,-0.03975439176243926,-0.09989532482852301,-0.2323605326572613,-0.441510192304982,-1.0023766203783266,-0.14929212029543146,-0.3432480828015772,0.38901190698616356,0.6963521077253029,1.303744983583307,-0.8664419365420971,-0.9338678624599374,-0.9961021434370148,-0.9563818922081617
03352055,Wanna,54096507.87568218,0,0,4197395.7098823,6506175.435973734,10571082.682969334,14270130.39766164,0,0,0.07759088108844714,0.12026978619258402,0.19541155424047835,0.26379023264228935,TRUE,1.022446745163369,0.3140446696582595,0.44659120584504414,1.8983875509640458,-0.5359558924656848,2.100515031968059,1.4649128684267478,-0.7876027847623764,-0.5251127230269577,-0.23754709753804007,-0.193369352710395,-0.8479933703855109,1.5430166985570701,-2.0176362337459186,-2.440241792524374,-0.9690634305170218,-0.6552060636140387,0.22821926287000507,0.47372564009549545,0.3087826515087753,-1.1217701354480984,-0.8455207336238271,2.120711385574761,0.6970226824642326,0.10985768571078756,0.40209207103027195,0.5943608735555576,1.1127919320406958,-0.039920327035837734,-0.04302689990565587,-0.07237484658197091,-0.06948885029351165
03352056,Wingst,55652986.54823472,9825084.574010773,14855411.796347825,25415715.31347685,26940344.146613885,27050432.169074822,27639455.131433085,0.17654191056746477,0.2669292830039331,0.45668196605134426,0.48407724036992256,0.4860553556390021,0.4966392074480645,TRUE,0.34788498852959676,-0.8948965375750974,0.028064236186480518,0.5610264680007837,0.38992887169950347,1.7054869587301917,-0.9127489551085783,0.5059730255587599,0.4111114922778114,0.20597202580686202,-0.755362099409397,0.284298109941163,-0.03811125079703034,-0.6229494552203017,0.3658146310481158,-0.25999958974426973,0.038853843539726776,0.6209217421328386,0.1810020649273566,0.14368221382783336,-0.5887577731994201,-0.03972059777376205,0.0751169418527526,-0.09655844719287124,0.12648658836639848,0.43999904836102743,-0.17298243761967336,-0.3238663067041747,-0.18762387643199083,-0.20222463969053006,-0.24280974317146872,-0.23312753933009753
03352038,Neuenkirchen,19417590.479018368,4743142.5527951,5579023.848313536,6665778.0562063465,8528834.696759,10768982.362187063,11610046.641141873,0.24427039791164057,0.28731803023356256,0.3432855411905528,0.4392323911648468,0.5545993141540122,0.5979138685454862,TRUE,-0.43389339612812705,-0.833564552782082,0.4959952169315776,-0.7014292487120779,0.506372294441218,0.33673886559181776,1.634030281808676,0.01369340426410983,-0.23622580417000066,0.06169229220510967,-0.34798825297081204,-0.6524834882351428,0.37562694273659886,-1.3436436819231747,0.8446751911287902,-0.8265246824284285,0.36518264336493017,0.29676213035570653,-0.5062708748591982,0.3050646064867779,-0.6447284200634823,-0.5119350596208434,0.025424046458457878,-0.07071074541678819,-0.07890078836764948,0.31914482533897087,-0.2571542439928771,-0.48145694095482816,0.3199999402105,0.34490211928606024,0.3437737140732464,0.33006550314444555
03352039,"Neuhaus (Oste), Flecken",9850242.16216641,1319272.6548898448,4209884.152622689,6283031.305611671,6393342.7652511215,6393342.7652511215,6561064.538059924,0.13393301739900484,0.4273888990051783,0.6378555168667869,0.6490543745012868,0.6490543745012868,0.6660815470364962,TRUE,-0.801897882958473,-0.48227808941601075,1.561231949190037,-2.870718692869982,-0.7758622525517961,2.0296960646422697,-0.3661811380936457,1.070659950543125,0.8659516475708119,0.2742919349054066,0.16572578968506552,-0.21046914497179905,0.03320847640466755,-1.5799697197151334,1.2133253904362886,0.40822454087001786,-0.1587447738746712,0.4449792000943301,0.31793812850825964,0.3751875226160055,-0.800743113734259,-0.2594666322323603,0.16124922673410683,-0.1164779502930814,0.23744176255803182,-0.1211636172321722,0.09235199227185113,0.1729059843613586,1.1802807494058005,1.2721293996330647,1.3577771683504647,1.3036348792338153
14730270,"Schkeuditz, Stadt",80288517.89139657,3585978.211454777,5899468.370401834,6939750.740892987,6959742.284838299,6959742.284838299,7189642.904955487,0.04466364936895961,0.07347835687267058,0.08643515814154325,0.08668415444226403,0.08668415444226403,0.08954758530579257,TRUE,-0.9345791276326034,0.3105717244065024,-0.13755784172654972,-1.7517333200166085,0.6722180911103722,-1.171882503295872,0.6037164085117789,-0.08122741326168206,-0.43333265961449496,0.10082007723972325,0.1831667828968748,-0.580138258523047,-0.23950629253562203,0.08439015174416782,-0.38895439167324974,0.35526540848495264,-0.08173192424241532,-0.6652098311255186,-0.21613295534701982,-0.26003409797085275,-0.33137978573626176,0.4039586610475672,-0.006478424842940081,0.02730140357408818,0.4217569799092221,0.10044616318521594,-0.2538550816508836,-0.47528008544497485,0.36471951141280057,0.39310173729564896,0.42853218547795613,0.4114441727887131
03352041,Nordleda,21332475.6639355,0,2062698.4350099664,2507532.0787237645,5249267.665486833,7921769.972119382,7921769.972119382,0,0.09669287650927204,0.11754529189328816,0.24606931460661172,0.3713478968365522,0.3713478968365522,TRUE,0.8664932743418865,-0.8572421413705726,0.3695588891238798,1.1699512372760217,-0.5959069402807697,1.2572808728203984,0.2687662327236143,0.17722457913538123,0.03765309767511915,0.5136533077215627,-0.8973998043249113,0.10243151743910543,-0.47129091608731544,-1.2458435871133229,-0.672620328879028,-1.372555360250942,0.5144047618343993,0.9769899660954691,-0.7099156409561442,0.7528617192786511,-0.6119707945222562,-0.959441574024432,1.348890015714182,0.3062957119368111,0.3636226828082269,0.2505468564071489,0.12627000736506455,0.2364089759374593,-0.08765922718262109,-0.09448080899757677,-0.11818349127975143,-0.11347084409224795
03359030,Krummendeich,30119374.190375984,27229442.676156297,27719571.677015357,27779619.414320044,28112996.793105382,28320556.44838779,28528092.18331331,0.904050745013716,0.9203236263080316,0.9223172845070744,0.9333858205489644,0.9402770545424226,0.9471674943508244,TRUE,0.6080716638861443,-0.5222621163597505,-0.05658685879500987,0.7960993426982029,-0.20276501413733092,2.077522795689658,-4.621210713596337,-0.6322223751894289,2.5539317020446135,-1.3499138038618697,0.6694270129555475,1.2582258036468732,0.19097526882702032,-0.1604003755491393,-0.05317217054343059,0.2913944122935125,-0.3745133711147881,0.8468114400888935,-0.8394543126505678,-0.1399583719646706,0.937753052554363,1.0572582896717881,0.4536088547585665,0.20123178970706057,0.33501298135944607,0.835841910382492,0.009740896243794645,0.01823738949385439,-0.4283098996022379,-0.46164068651649176,-0.5324433366446351,-0.51121179604812506
03352042,Oberndorf,32490031.47225393,27753250.892884724,28278719.080288004,30570154.721277583,30570154.721277583,30570154.721277583,30570154.721277583,0.8542081874123651,0.8703814000438156,0.9409087444985736,0.9409087444985736,0.9409087444985736,0.9409087444985736,TRUE,-0.009234198702652184,0.3357352618410039,1.1206294380895427,-1.4468926564562106,-0.6484359777470244,2.165822669896763,0.1086179294452821,0.10227531254904061,-0.2679457213419754,0.35628497933417314,-1.017914522342015,0.23557429801245214,0.8522730155411953,-1.9087113564574554,-0.22512993423467498,-0.9247575208904013,0.13989349935701195,0.44417536799046026,0.38163903948114597,-0.10700436206922936,-0.4881074749737317,0.07010157548959706,1.041057604901387,0.33210968093910853,0.46769230282483426,-0.004059129195280283,0.48237683374263146,0.9031298537217065,0.9278424509030676,1.0000465233510059,1.0080691785862603,0.9678717336823165
03352043,Odisheim,13593532.946004571,0,772905.9821914128,6193121.598587719,10772011.492425345,11936801.56224201,11938667.44035636,0,0.05685835943176099,0.4555932312216162,0.792436486909863,0.8781235613770657,0.8782608235679737,TRUE,3.3655665973867857,0.7197950449260625,0.8095324478419753,4.5316478893796255,-4.28215627238255,2.304187461956455,2.466281415084261,-0.31530692231571666,-2.0715954920527477,0.4006759927165805,-1.2572302275045233,-0.893773095098831,-1.3563813178093416,-0.9619238497414998,-0.8032849278872164,-0.7084587204772199,0.6716787492153494,1.4344070846045964,-0.7787430930371979,0.9875044826578503,-0.902843056226423,-0.4442229028406583,-0.6675256135635415,0.1661572677679805,0.533159850589907,-0.7074208250474278,1.631631363384941,3.054821234072375,0.11287081944126486,0.12165435032656022,0.0786545293756365,0.07551812645985954
03359032,Mittelnkirchen,6946955.462477503,6717910.943145465,6717910.943145465,6717910.943145465,6918808.653783478,6935336.239361739,6935336.239361739,0.9670295109031326,0.9670295109031326,0.9670295109031326,0.9959483245795868,0.9983274366478204,0.9983274366478204,TRUE,-0.5399015083190806,-0.39778640986541763,-0.7301489213608805,0.13155884089384406,3.1431095783619627,0.20217317593052236,1.144694605686134,1.9246736776710462,-1.6069576008482829,0.035314789989637406,-1.1509710590714444,1.1834135296278083,-1.0530978231634351,0.5598393129266022,0.3675793578380886,-0.42174403856119486,-1.1084953329038547,-1.0060327241607103,0.46561696337162317,0.23739993208733837,0.026108858570436797,-0.38636240010391854,0.14695312980835462,-0.3529024420398454,0.38832603822925504,0.19332965420968587,-0.5559456131817929,-1.0408689746033366,-0.6132901787374758,-0.6610160059553081,-0.757362347495571,-0.7271620081910104
03352044,Osten,47887886.32496057,43559983.7603545,43559983.7603545,45972869.6688984,45972869.6688984,45972869.6688984,45972869.6688984,0.9096242725093874,0.9096242725093874,0.9600104159313458,0.9600104159313458,0.9600104159313458,0.9600104159313458,TRUE,0.32882034308975755,-0.4103861695989564,0.6009920537995004,-0.13369834670759326,-0.4535498181476572,1.8281395242785616,-0.26953374341911857,-0.09872955777546087,0.43928109217803923,0.6924396623815686,-1.0744856538796064,-0.2979949548735227,0.7939849170735584,-1.143422754840359,-0.6194313609450741,-0.3843572756037906,-0.24190546206587454,0.14390180204638237,-0.21408864659616383,0.25083243590070503,-0.5587801958914257,-0.3299019165138777,-0.48633927571526797,0.15028077399129192,0.02710505731967059,0.01154339698349982,0.17314207576343385,0.32416518916149395,0.32985095987884216,0.35551973864719155,0.35346485211368694,0.3393702004566977
03359033,Neuenkirchen,8158411.745097326,8141063.184835243,8141063.184835243,8141063.184835243,8141063.184835243,8158411.297893954,8158411.297893954,0.9978735370554804,0.9978735370554804,0.9978735370554804,0.9978735370554804,0.999999945184996,0.999999945184996,TRUE,-0.3626325793259723,-0.44745174133750676,-0.65879606292786,1.1106864432870218,3.379383826834533,0.8656758323760101,0.7175112387595108,0.12207875588859898,0.055082569153709265,-0.49039949543963407,-0.37360497648621993,1.374055757395968,0.2815064438700878,0.3898943123639151,0.31763873625151456,-0.1783890717931253,-1.1931570074502733,-1.2478155279281302,-0.407994038277756,0.6043283475439658,-0.3493195591559907,-0.5255079607177275,0.07514544912497527,0.03578761591623677,0.28480944389634705,0.4927182314842276,-0.4896267945304464,-0.9167035902027597,-0.938037416702068,-1.0110348544982277,-1.1117356682688568,-1.0674044515009171
03352045,Osterbruch,10529560.677544711,8251057.481775167,8329177.4668583395,8890388.099629328,9208663.370178515,9437309.253650645,9646452.633898497,0.7836089020666674,0.7910280136018496,0.8443265936620626,0.8745534265087493,0.8962680915811236,0.9161305898042328,TRUE,0.8190660932711342,-0.4147874934524828,0.48017803353728794,0.8586495890610993,-1.0771014163266293,1.9152091400374085,-0.28925336143038594,0.6670580529659094,0.4044729907643091,0.44951469150712003,-0.2805311526401296,0.03978297002547062,0.27030683051071946,0.2663323032106673,-1.7315860566011139,-0.9989576422147483,-0.7154304419766842,0.4031729583804237,0.15500848124348562,0.939464144775134,-0.4780238401782299,0.6690793191660658,0.437064399414198,-0.021350333501433633,0.07529743156569842,-0.17045821268304892,0.2948188777853131,0.5519745380448938,0.06810610838974504,0.07340607971519372,0.08990950009338049,0.08632429755657306
03359034,Nottensdorf,6989547.716333651,1884479.8786383576,1884479.8786383576,1884479.8786383576,1964417.9975787697,1964417.9975787697,1964417.9975787697,0.26961399436970385,0.26961399436970385,0.26961399436970385,0.28105080289933265,0.28105080289933265,0.28105080289933265,TRUE,-0.9446675951257782,0.0860764740541174,-1.0356487059056005,1.2598564935696652,3.939432138327863,-1.0157080608068567,2.226018314501108,0.9311018920099439,-0.6428894398860358,-0.05547020772676518,-0.2704356826765547,-0.5593978040230374,1.012522847515772,-0.2064175765098397,-0.4624402169904708,0.3414484444128279,-0.9657867252883602,1.2348095109525745,0.49862584159705065,-0.9112849380175186,0.3745760550816234,0.6340729653773584,-0.5085007333582107,-0.2928618454517127,-0.30746238790344016,0.5422557282864983,-0.6314132756590871,-1.1821632785710983,-1.2514484326137563,-1.34883530384966,-1.4296214712188648,-1.3726143416055891
03352046,"Otterndorf, Stadt",33983459.43569366,14009469.687274728,16303347.999021916,18782867.295844942,19683917.294810485,20482782.21794962,22033236.531465285,0.41224377741132023,0.47974362439093265,0.5527061578703445,0.5792205273291272,0.6027279905599032,0.6483517834068193,TRUE,-0.9562905537112457,0.6134268345293946,-0.5221734200334379,-1.268807929838416,2.1789185765289494,0.6586564702783267,-0.649973931063005,0.3829307721211135,-0.053922465458452154,0.14408457088357973,-0.1962809508131291,-0.056144806052402886,-0.1340662770817878,-0.820894161597919,-0.5885079633861368,0.14947998234093274,0.6075456498129577,0.11438929466001395,0.5099914493085111,0.06771209086465951,-0.12187762055710764,0.20286626266684232,-0.1589753359973103,-0.01520817021996853,0.3170136535001514,0.18434093678928248,-0.288345713071763,-0.53985515773488435,-0.067543593927358,-0.07279979075751855,-0.07822239864108525,-0.07510322723259223
01051024,Eddelak,9430113.660749562,9205468.500345131,9417668.191284902,9417668.191284902,9417668.191284902,9417668.191284902,9417668.191284902,0.976177894722578,0.9986802418388168,0.9986802418388168,0.9986802418388168,0.9986802418388168,0.9986802418388168,TRUE,-0.7748092917851713,-0.028201772378083367,-0.5789447833042736,-0.28637661781474266,2.4416990682943926,0.6226944555553425,0.47341605980127205,-1.2952295552330009,-0.37721272051900434,-0.3195491720829094,0.47852063756184765,-1.1290654188236553,0.6920920283478258,-0.5070966120841068,0.6906305501978505,-0.030830291892563588,-1.1777570775553667,0.09653146537159625,-0.29016511423177194,0.007507777313737993,0.5973285292784771,-0.5525002470075605,0.8643052738863546,0.2823915056045009,-0.40888651595009373,0.18941236818949417,-0.46065194915584273,-0.862455446356912,-0.23672267443795156,-0.255144272973944,-0.2593459126979946,-0.2490043178370537
03359035,Oederquart,37754544.68789787,34726999.25346205,35443296.326622896,36711805.29924544,36711805.29924544,36711805.29924544,36711805.29924544,0.9198097749697854,0.9387822477960954,0.9723810895543212,0.9723810895543212,0.9723810895543212,0.9723810895543212,TRUE,0.7601605040614592,-0.3537164582805544,-0.014317092752295646,1.1145792118535311,-0.815454953784669,0.4746052485848966,-0.14855012825522565,1.3837183288348462,-0.7935721287616874,0.6164605072889686,-0.6579849730531062,0.17334207451405145,-1.3089271057848832,0.11522603740650496,-0.23246595466111597,1.0250108210313962,-0.7879002545070322,-0.3730794980199095,0.928203536107013,-0.3972734664169258,-0.3506058957701612,8.314922045797349e-4,0.40387896373524923,-1.0479671711292742,-0.248083833150473,-0.20415362590548464,0.1307089843428697,0.2447198489898293,-0.1956822257799417,-0.2109100843385116,-0.21869441145242677,-0.20997382288380498
12065180,Leegebruch,6189141.870169288,173263.56916024158,200982.62033132196,794913.5788481679,1144504.6538693225,1956726.2932826544,1972900.684605867,0.02799476450771719,0.03247342273733088,0.12843680037123226,0.18492137971269637,0.31615470033313897,0.31876804991576374,TRUE,-0.9627906294124731,-0.30098965191868843,-0.8207503470239589,0.17445134895784134,2.266910038553985,-1.5400209722571057,0.3718213232571749,0.22450023674753417,0.28778161293943344,0.13161695198878326,0.13824238167900735,-0.1733474842321308,-0.30638859908055266,-0.4357359952812015,-0.3638509096051908,-0.6191504227357738,-0.19687493193397348,-0.16256075065233638,-0.3438930802371104,0.00755470394038563,-0.3004812329454987,0.2020168101823244,-0.1948222828745862,-0.019463045390065013,-0.2561720327105611,-0.18318276367128497,-0.6948435427850401,-1.300920573415724,-0.7641152917938646,-0.823578227374752,-0.8437245092418519,-0.8100804199325048
03359038,"Stade, Hansestadt",100089867.20171496,29759059.635519978,34727234.591818795,35191453.71682336,35771903.883815564,36199019.368424706,37250256.97144656,0.2973234001354542,0.34696054218786865,0.35159856537626,0.35739785538653046,0.361665175311617,0.3721681126459553,TRUE,-1.302294822531036,0.201155088276078,1.0070927504100027,-3.791436504075054,2.001588046847272,2.3917320193429643,1.7780914304385955,0.20322761090760721,-0.40467638284011564,-0.2103735261305093,-0.42793251099640695,-0.5133103088278642,0.33002795360662396,-0.08746051960728488,0.4107361048870441,-0.3069449399113547,-0.04984284138809183,-0.23682569136885676,-0.47564961890854923,-0.6021726539514816,1.0227441362721954,-0.807774410396871,0.09087146689126613,0.10524396560834792,-0.45127102327325336,0.07951017929184435,-0.031348994614985116,-0.058693143908440264,1.2777380893107906,1.377170803863021,1.399736120231214,1.3439206893379068
03359039,Steinkirchen,8598347.444381874,7876962.740369298,7876962.740369298,7876962.740369298,7940848.504637074,8156462.101473256,8156462.101473256,0.9161019360198188,0.9161019360198188,0.9161019360198188,0.9235319409924044,0.9486081080385576,0.9486081080385576,TRUE,-1.056668936721801,0.7907839338806034,-1.5129126049225763,-0.8886286304609428,3.5734476598015017,0.5657974091325656,-0.9221922317024853,1.4635384335028487,-1.3536502178172931,0.32736351991916735,-0.4446776008784991,-0.2152358685137876,0.26297868713958006,0.09215856449870494,-0.3863243683917865,0.6913382675236409,0.13396509475681162,0.40493978991886087,0.8474687731803574,0.28645236383891576,0.3033670005381845,-0.04887909792699574,-0.1820521817081265,0.03227491414076008,0.49298945266168087,0.0258510240653501,-0.5929325359212579,-1.1101177274178873,-0.5348526556321692,-0.5764745278138634,-0.6072815217786153,-0.5830657575915643
14729260,"Markkleeberg, Stadt",31276507.83787981,3967055.419974095,4209723.816679194,4825767.501950969,5643866.048962734,6850401.028010327,7226120.146819906,0.12683818284755846,0.13459699012754503,0.15429368032278698,0.18045064615964884,0.2190270430291973,0.23103986494515732,TRUE,-1.2513396218802064,0.7290899124914916,-0.5962291687223007,-1.5997853852915405,2.2890803473088117,-0.09783351130320372,-0.5323261900997234,0.553302773833976,-0.3598749913133841,0.1092044801938538,-0.005568093770667656,-0.024467621189239702,-0.22232617642856037,-0.9617881725378228,-0.06796244200650794,-0.3885021077392548,0.5207480200997338,-0.0035657814568977445,-0.1777970851146165,-0.5188751057469281,0.07366437542519845,0.5148286834984751,-0.3636989614797135,0.04554575315548045,0.6064342688977239,-0.19698090926727624,-0.37282629270367185,-0.6980238926082478,-0.060073134120607816,-0.06474798481750942,-0.06072410983228898,-0.058302694604866125
13071156,"Waren (Müritz), Stadt",149441319.74306363,20055694.84583525,29519084.29521289,39524856.33132996,44618365.80804757,48257973.56585418,52058269.4837108,0.13420448160065276,0.1975296012238478,0.26448412259263737,0.29856779828203134,0.32292256016491777,0.34835258128886476,TRUE,-1.3560468980436038,0.7705831346241692,0.7685151869376476,-4.254408207453239,-0.460326532364406,0.18865666831479774,-0.761792655146004,-0.1400024242607204,-0.21524238315981659,0.3476321127442908,0.3371078802374849,-0.4012316175420419,0.3418674644273924,-0.053324258650287344,0.1427298431781123,0.1865035111510337,-0.28282809792519004,0.12499398406800959,0.32187849901473214,-0.8841833322931666,-0.227458499569158,0.43114261856434405,-0.41273213191577607,0.1526103364850105,0.10362863780723272,-0.2616843540863887,0.061017141172737675,0.11423932064542912,1.4669766160541853,1.5811357448609287,1.6958793097272675,1.6282549675049378
13071159,"Wesenberg, Stadt",90027834.1136368,667751.7967701427,887538.2977467052,1078838.873439717,1106614.805787739,1696033.0313736766,3075040.440553871,0.00741717051559053,0.00985848772754455,0.01198339251478562,0.01229191856810555,0.01883898516577522,0.03415655247989671,TRUE,0.47518160280434046,0.25026189250734665,1.3513866872242397,-2.1574982980655375,-2.857203311348763,-0.8072559737539994,-0.8554453493268941,-1.7184303367987757,1.0666042937304117,2.4822882291772452,-3.728519973318593,0.21534541871409432,0.13862305539885858,-0.27818227771305293,-0.14365703626168816,0.7954431313389254,0.4843754592195786,1.0012991475792647,0.08868651732188622,-1.2058158793514917,-0.3106753225982735,0.006589717198314729,-0.30117131835372374,-0.10532544220815099,0.2034260530911089,-0.3890484037168761,0.6922767275119757,1.2961148544426397,1.3079337198013437,1.409716237910664,1.4158350178306993,1.3593776324336575
01051034,Friedrichskoog,40956108.532680385,21070830.52461639,29606762.947601683,38855371.373620704,38855371.373620704,38855371.373620704,38855371.373620704,0.5144734516904409,0.722890040297099,0.948707598589758,0.948707598589758,0.948707598589758,0.948707598589758,TRUE,0.4949129771491529,0.2867191952662051,-0.03519256536561158,-0.30829012312768916,-0.7294034077156627,2.789941688922829,-2.089806890629447,1.2589046270537771,0.6774332503772821,0.19290931300342354,0.18667107835640837,0.9788995296263265,-1.4457470821121017,1.0440760036265868,-0.29169697593774563,0.5880222517500626,1.8541797772136699,-0.5268961365366863,-0.24881976520632704,0.43920849465625245,-0.25033382975802626,1.6640880919776566,-1.0518581685404598,2.8208836502048413,0.19834114197155203,-0.502082738928331,0.24881320234991547,0.46584042873460463,0.2638492277819293,0.2843817963656977,0.32125204826552156,0.30844190409610783
01051016,Burg (Dithmarschen),11383828.076215845,5877125.336091894,6728633.1078873975,6786258.938561746,6876330.187585183,6876330.187585183,6876330.187585183,0.5162696850957309,0.5910694594857319,0.5961315379261772,0.604043748864396,0.604043748864396,0.604043748864396,TRUE,-1.0112056409052195,0.8608741708373508,0.360902555941706,-2.4277699075706036,1.3336176187667712,0.8140990333025433,-0.6161062643201313,-0.21315545804331257,0.39851181727034485,-0.010293456327574071,0.11618023618569932,0.8639754140309411,-0.4403828169771776,-0.04328880355857378,-0.2715686667634686,-0.5478716852769847,0.14645654608386144,0.6103059394450548,0.18041424856214888,0.18419110190283056,0.5305796023292433,-0.5415768505851698,0.19057204849480466,-0.10256135402817419,-0.06582760023301029,-0.10311428727398628,0.0701903619579458,0.13141387996583404,0.5366846156444347,0.5784490497161552,0.6108341495715484,0.5864767219322223
03352061,Wurster Nordseeküste,22519128.833090708,0,0,0,0,0,261503.7467877921,0,0,0,0,0,0.01161251612911089,TRUE,-0.37785032756724457,-0.11729754988486171,-0.16669622037535495,-0.24881657839067703,1.7167615885320873,0.9698849043931328,0.4262915168103985,-0.10168772048694796,0.24605398281398735,0.0663421378515959,-0.5243078738583833,-0.0020248525442742088,-0.24847131747739523,-0.6389388213454668,-0.40920334590275476,-0.2161879668072907,0.5267647429022915,-0.11700752224784908,0.07242332620825036,0.1208198108085901,-0.1961786955532046,-0.07554789870242296,0.07144127420199617,-0.21138245258094102,-0.35617948690739304,0.2509501540739425,-0.22061469927582042,-0.4130457914820489,-0.14255799677096848,-0.15365176373201403,-0.18753116579878756,-0.18005323287007635
03352062,"Geestland, Stadt",173612654.49402496,0,0,0,551444.8754992491,4316292.833165571,15520383.809705744,0,0,0,0.00317629424598324,0.02486162570202577,0.08939661601821712,TRUE,-0.3240124616706833,0.2965628573142403,-0.5060920459365454,0.003541592649767016,1.9250760445923278,0.8692615992671725,0.3034468921236409,0.6832717275148457,-0.6104078326405937,0.00561711964717296,-0.349274363537348,0.1860752255733587,-0.1773650936501195,-0.20365823381622802,-0.48091461418022907,-0.19600760931752417,0.2573090906314762,0.18567873966662699,0.2758037902584876,0.26391403142154407,0.17145172491534616,0.03488101684903422,0.27097762769780337,0.08138178436730874,-0.1711954723734343,-0.010901782782625987,-0.17784721676432946,-0.3329743877104981,-0.30318095154679553,-0.32677428829164196,-0.3620497058423719,-0.34761272729740944
03352063,Cadenberge,30870525.978667486,17241970.732772782,20052893.658298936,23105979.21796002,23221517.45138808,23235027.94322306,24199755.072938617,0.5585253307535976,0.6495805634201414,0.7484802569909882,0.7522229283503263,0.752660578549235,0.7839113298445712,TRUE,-0.6940987144747264,-0.04875711866243256,0.40763397115233246,-2.2085105489489716,0.4958854929037414,0.9240389404754009,-0.5539026736640343,0.2112025187420388,0.14126884583380694,0.2289494629022263,-0.11850487128704418,0.41423434378998786,-0.6375152909957965,0.16008178790611083,-0.11973375081303836,-0.6354933944193987,-0.08189709253745873,0.06728067619621216,0.19152434333308901,0.5630955231410468,-0.14186053889215794,-0.3328896467128993,0.0967774054245495,-0.0242777839353495,0.09002742205742265,0.060702784492056724,-0.11174062066160884,-0.2092063369003632,0.6543927044395845,0.7053171024284564,0.745343195104515,0.7156221276855497
01051021,Diekhusen-Fahrstedt,7534255.303305844,5692146.32042146,7026255.857689645,7033846.437733978,7033846.437733978,7033846.437733978,7033846.437733978,0.7555021818710985,0.9325746971444808,0.933582172965084,0.933582172965084,0.933582172965084,0.933582172965084,TRUE,-0.5854542588629734,-0.4455560870768116,-0.699292810309175,0.6426158582962224,2.764689029812449,-0.41309057458286824,0.6889022660859587,-0.5861774394467261,0.48647613054991384,-0.15153824356494094,-0.2650275923838325,0.5507331757254093,-0.28068900049020706,0.02005044781547703,-0.04607742336879228,-1.182053797765396,-0.14499565922812718,-0.48042764459801784,-0.6160794539521304,0.12525881991155116,-0.09643932203948373,0.0025043236225556487,0.05662027190282883,-0.3212437259784676,-0.0947034065821827,0.23926069741943268,-0.5767677187496534,-1.0798531542741894,-0.7945705506067788,-0.8564034938453328,-0.9210340015673234,-0.8843071436104284
01051022,Dingen,6804427.198824078,5294039.231500072,5454495.792725107,5454495.792725107,5454495.792725107,5454495.792725107,5454495.792725107,0.7780286388272291,0.8016098392040608,0.8016098392040608,0.8016098392040608,0.8016098392040608,0.8016098392040608,TRUE,-0.1973658073279603,-0.12929281346598984,-0.8981588252715801,2.082938399830789,2.6232493005069304,-0.769625643740594,1.593750844987067,0.8656977777045622,0.846909825270567,0.3129007794416647,-0.36479883137574937,-0.4686192188493627,0.6277491279834884,0.44173897569152076,-0.6982516904620002,0.1228010809935308,0.3413228795661283,0.7251171880685157,0.3540032200013396,0.3161283570152136,0.11371187940887566,-0.3522234505585732,0.4094705341860849,0.32632189721977006,-0.076353196021536,-0.28152535160272685,-0.40827248202184335,-0.7643880078281594,-1.3572833291733613,-1.4629062005311309,-1.5299284628845236,-1.4689215236782043
01051046,Helse,11579597.503951008,9918625.98362128,11342965.86748935,11342965.86748935,11342965.86748935,11342965.86748935,11342965.86748935,0.8565605134580024,0.9795647787946932,0.9795647787946932,0.9795647787946932,0.9795647787946932,0.9795647787946932,TRUE,-0.1626612555874509,0.4650256767390725,-1.055134342056767,0.8333908127897155,2.660537774983795,1.8174033359514854,-0.8935391308994387,-2.602239097088126,0.7020220819799372,-0.7394761969480983,0.7314419132218033,0.1210974754125444,-0.4320563054627828,0.22722612191364347,-0.33199467245160436,-0.27248854589386595,0.26894423841883774,-0.40871361709727855,0.48705918135026927,0.5454936445877767,-0.06653312223387679,-0.30807811262248536,0.2896530702080147,-0.2376805687219847,-0.917383834228663,0.5761357053155786,-0.2509233069683818,-0.469791071348652,-0.5974700391417563,-0.6439647537882742,-0.6785922061120934,-0.6515328798308441
13071176,Südmüritz,69474792.46354647,0,0,0,0,0,209952.6664162231,0,0,0,0,0,0.00302199774869979,TRUE,1.7584943120923902,-0.4930653377673837,-0.03432696026062572,2.0841117299151874,-2.681946742912573,-1.4294837132775025,-1.2507792065887835,-1.2907318964307235,0.5360572689638979,2.4538787666252326,-3.7852236544063382,0.29026307488756314,0.9449907767827114,-0.20406562583198615,-0.03751231916043783,0.7305180915116966,0.12183788159252702,-0.7746980127088946,-1.0398663510944484,0.8118143421950502,-0.2221234794416489,-0.6532462602735577,-0.4889869556175595,-0.12408512967128954,0.6254032283009764,-0.9362837513981993,0.41036733802146025,0.7683101012210432,-0.24219750918842473,-0.26104515566453773,-0.335660456857165,-0.32227576758428106
01051051,Hochdonn,5466085.790561039,483990.3692762916,648100.6785216577,657815.6474638211,697359.4798113126,697359.4798113126,697359.4798113126,0.0885442321655575,0.1185676009038886,0.12034491822278973,0.12757931480247325,0.12757931480247325,0.12757931480247325,TRUE,0.08303753317382376,-0.9425308047389528,-0.045746729173440706,0.9017803413855838,0.6836280809959111,0.735369866551449,-0.35156244213086013,-0.4001052928402509,1.1662529278646954,-0.09198880603222966,0.3309180929511137,0.5001740083176521,-0.7015434652910104,-0.2522308468460833,0.4395612372736731,-0.6427100662482387,0.5721016859717072,0.17877526075920647,-0.6693695378746592,0.5809638282290464,0.13828925778731502,0.271575631003143,-0.0909462380235605,-0.254200268398015,-0.25752132926507365,0.4857445610806345,-0.30174666691285656,-0.5649450887507166,-0.4557032492392408,-0.4911657681084799,-0.49968336262272756,-0.47975814829704655
15082301,"Raguhn-Jeßnitz, Stadt",97503375.77500153,29468352.53806248,31130445.285004564,32222932.924748726,32583687.219861336,32857487.781041272,33794885.14179522,0.3022290490337848,0.3192755639234592,0.33048017741566466,0.33418009336467847,0.33698820702231996,0.3466022060587952,TRUE,0.012398796205811908,-0.4546566674159091,-0.40093068386692526,-0.5747542969143409,-0.324433864150928,-1.9153337527676961,-0.8815538734524269,-0.8865421105494592,-0.5983791711367726,1.5074481947377574,-2.1874814888537064,0.20940453050439467,0.3449683095519197,0.11587127645342438,0.11074561797042833,0.40366570025791576,-0.22433023032631516,0.19083533925367835,-0.2914621115208927,0.38222154850597323,-0.02210730989293065,-0.4759574637981212,-0.21611862253509,0.09560093411021119,0.22384332398586274,0.2916679275891337,-0.2810628516923408,-0.526219823133011,0.10058252512036842,0.10840978924664232,0.08295475275871497,0.07964687550745803
12065193,"Liebenwalde, Stadt",138839571.0240909,18908368.208216894,22742401.823505662,28785102.65487621,31363956.628179595,35095992.31900161,38105583.05593167,0.1361886101256823,0.16380345787412073,0.20732635834694085,0.22590070249307703,0.25278090432094386,0.27445765479439393,TRUE,-0.36111693433744957,0.5987198715459711,1.1806826598038416,-1.742383189433214,-0.5416195337997654,0.3792905113285683,1.3644746861687937,-0.1280391578920821,0.2017212820938688,-0.14034064929446297,0.04801551881426573,0.6268144941772181,-0.30738822814078076,0.5652276089284057,-0.16866629171848854,-0.007161305845277787,-0.2558871374060642,0.5397542032592412,-0.04592685494452967,0.5469856801685324,0.004829069636088019,0.597344917112465,-0.134207554780323,-0.2289781720066821,0.0368024884782427,0.026728576594907644,0.4727618656707877,0.8851282332025583,0.8601018024392026,0.9270343434061286,0.9624127548343977,0.9240358909156303
12065198,Löwenberger Land,245182486.1713247,3037001.851012928,4196359.872807434,4988797.377646679,5454314.532491421,5718620.095545479,5916715.060152027,0.01238669979425357,0.01711525133110514,0.02034728277516807,0.02224593859726237,0.02332393387817069,0.02413188296009707,TRUE,0.4051216237586736,-0.06013532240809866,0.00551086332063015,0.8672511753760567,-0.6030130884486433,-0.2973356298374701,0.9456094906184922,-0.0395739229589096,-0.47896619798786905,-0.07981901846511004,0.28477977717601566,-0.4410917925041164,-0.2825762788749205,-0.009914793683837117,0.07267581014741228,-0.1565061708795397,0.2600319133423649,-0.08205045170473374,-0.42988449900580417,0.44522443142362766,0.25397955588392473,0.1857508544393923,-0.13952082684411993,-0.5226425896051121,0.23018679298503233,0.05456707521695946,0.11683238822373504,0.2187393968897688,-0.08807908697221838,-0.09493334199223873,-0.0875065379644733,-0.08401715517876526
14626060,Boxberg/O.L. / Hamor,213357255.29762965,10359411.889289033,11865099.327765595,12244031.831671843,13360835.730109343,14328885.497717457,14785185.148432732,0.04855429863323763,0.05561141715670267,0.05738746411314503,0.06262189542826285,0.06715911993585083,0.06929778473109648,TRUE,0.6134298640384009,0.0941479497510365,0.623822927263067,-0.170701851065878,-2.3122267712090636,-0.856601868818674,-0.13988447460386919,0.8621400624260646,-0.0585597396480183,-1.2315853055226322,-0.16847716995843007,0.2670450994369919,-0.2926237670515534,-0.2339172271888725,0.26275590769742607,-0.26294956206887665,1.1999540331814518,-0.24795856896023794,0.26275591940893334,0.007601909974848082,0.3716968799233935,0.5066620540036664,0.18438945869286474,-0.49132674745748306,-0.26873531472150747,-0.33178102478325244,0.4438002470175015,0.8309048530809465,0.49340441278712643,0.5318008107233705,0.4636257806916913,0.44513838699760117
12070052,Breese,23851756.303758033,6740362.219924389,8399034.211877447,8424545.08411043,8424545.08411043,8494860.719668634,8550121.483440958,0.28259395803328713,0.35213483254288125,0.3532043920297423,0.3532043920297423,0.3561524196157497,0.35846926216053193,TRUE,-0.7341789574999901,0.7169078276850336,-0.3268077899942692,0.7183794284488648,1.7799059831887598,-1.1192093880740843,1.2277875863430547,-0.9582056208043235,-0.10919747734941128,-0.5915473445423016,0.6956185061725867,-0.0010364887471234732,0.2801922412572425,-1.8212843913085321,0.131798871067735,-0.22960104037083948,0.10883861470140173,0.5663023502891017,0.2841946604925337,0.07175399587375732,-0.05160478661290486,-0.30927117785661,-0.1156570966896364,-0.004312289444218134,-0.658685576284553,0.18171467032760574,-0.11469297326974189,-0.21473387801055818,-0.596354332018803,-0.6427622230910621,-0.669615666808345,-0.6429142861440785
15087101,Brücken-Hackpfüffel,16748051.981546238,121256.0889216467,121256.0889216467,162804.42517941873,227193.35262083125,346379.8957719794,526540.6965085464,0.00724001149836722,0.00724001149836722,0.00972079769986408,0.0135653598920736,0.02068180204800155,0.03143892179751488,TRUE,-0.6823465414011669,0.9573254366777985,0.5421334715485764,-1.4521350438756668,-1.1211698149690987,-1.2979469975487867,0.4355031282210135,-1.0592938727520935,-0.8241294399954877,-0.1768306282136676,1.1413840526520131,-0.7699403809888705,0.6288408439365846,-1.1471092130183942,0.12095011387147835,-0.3686428720495269,-0.8932174897140585,0.5989609000874548,0.2452378244497815,-0.010596594321964997,0.13164989656596832,-0.2168592663597887,-0.7570030375548077,-0.13280423749438763,0.23209789671863496,0.08904811325211548,0.272370788941736,0.5099461117700771,0.6999746867081276,0.754446243750603,0.8450031153856088,0.8113080407856592
01051072,"Marne, Stadt",4809651.634468842,1824627.8281289465,2968554.1216587564,3268019.064055057,3268019.064055057,3268019.064055057,3268019.064055057,0.3793679806355561,0.6172077204894261,0.6794710537109333,0.6794710537109333,0.6794710537109333,0.6794710537109333,TRUE,-1.1905386099149495,0.9777954730251216,0.2703261315180688,-2.711517705028062,1.5328080354241007,0.6458822564652988,-0.03786950869233344,-0.16544862258450546,-0.0991281197715807,-0.014419663362616198,0.18925616227288838,0.023536949452271496,-0.06455976170873803,0.028603129517462505,-0.12637389543057395,-0.21117101889136589,-0.40304458617274014,0.5179115415860995,-0.21376127858699925,0.04137353227700506,0.4974781945292339,-0.3803279584157918,-0.07930338367333359,0.08495506270232298,0.4147384989267334,-0.1634522801671857,0.01919433154274695,0.035936580336973584,0.6381894372142206,0.6878529078985756,0.7292747312762053,0.7001944047936264
01051073,Marnerdeich,1294302.9311523372,1026569.6476153168,1088086.9172988578,1244262.866879066,1244262.866879066,1244262.866879066,1244262.866879066,0.7931448062945717,0.8406740733640445,0.9613382129725072,0.9613382129725072,0.9613382129725072,0.9613382129725072,TRUE,-0.5474285864032944,3.283778906802835,0.25648344589481986,0.2601930036939721,3.2719598027153856,1.6599212899648184,1.3094654558312881,-3.3501147839081598,1.7826455728445458,-1.490155164668209,1.128162858315189,1.5634867529874978,1.736203006658144,0.42187822597782454,-1.057300129828286,0.20768231710830323,-0.1550052463679803,1.3537702234435816,-0.25931858448312295,0.7736358696158622,1.0925739917988897,-1.043447400149659,0.11433037184643893,-0.08236474243921953,-0.29894083241437475,-0.18673779746185543,0.9976112554314535,1.8677773146743684,-0.37356753702750467,-0.40263831028376057,-0.45268519999400186,-0.43463406940482024
01051076,Neufeld,10481785.314811677,9417789.016299844,10228553.90839811,10283964.561797416,10283964.561797416,10283964.561797416,10283964.561797416,0.8984909281619886,0.975840813486637,0.9811271890166724,0.9811271890166724,0.9811271890166724,0.9811271890166724,TRUE,0.6316950092314416,-0.03551525695801449,-0.388020191351571,2.256770184422574,1.2170308194167885,1.3442457265037453,-0.22171027901899992,-0.4616334331988247,-0.15156157712627516,-0.28102281465643963,0.27777235079696594,0.876328221224226,-0.8983634814286205,0.24831341929077774,0.6549630077641224,-0.015504964877658314,-1.1760763343083216,0.8703403266078157,-0.510304598478974,-0.8747497973863229,0.7017147724260534,0.210121743971095,-0.23487325355344083,-0.4608598140141911,-0.11101845350346444,0.4066332903572765,0.06938652030728537,0.12990888772409695,-0.8473861282822096,-0.9133291440801132,-0.9566930868988949,-0.9185442986336543
16068005,Büchel,6465064.2897306755,767525.5842490864,767525.5842490864,767525.5842490864,767525.5842490864,777528.0412803364,777528.0412803364,0.11871894073323444,0.11871894073323444,0.11871894073323444,0.11871894073323444,0.12026609580903752,0.12026609580903752,TRUE,1.2249119824045938,-0.8529066847795627,0.3277215720931952,4.988614818151215,-1.1388213555723536,-0.06549640899638477,0.5258287950399596,0.5488353380762528,2.277515434701565,0.1296743173621215,1.1158855691034768,-0.36665554321094035,-0.016522210776413308,-0.5834140672154581,0.45687442241540227,-0.511776722352987,-1.5352774227942236,0.4535096639734354,1.4184307569721937,0.10216788998280747,0.767838761800083,-0.4271245808703951,-0.8628421928526571,0.2038532422035168,0.8615174176894452,0.10431306556611215,0.23324228990607543,0.43668779350415377,-1.6188339217132632,-1.744810483413797,-1.748204791977271,-1.6784939355211002
01051077,Neufelderkoog,9766139.134465128,7885665.718880865,8965644.744951159,9127950.02701584,9127950.02701584,9127950.02701584,9127950.02701584,0.8074496595130423,0.9180336898243656,0.9346528757513712,0.9346528757513712,0.9346528757513712,0.9346528757513712,TRUE,1.390703150765428,-1.7807016446575812,-1.495875269294788,2.282081438348072,0.4382280281312005,4.4506559939725365,-4.854428544451326,0.0497400858085488,0.9682229723610525,1.0880202610171443,0.233128654940951,-0.73147031189409,-0.24831113405682131,0.3347262815554511,2.237670630749666,-3.4658437642154416,2.4376996901231665,0.6973196345236926,-0.5324727904085451,-2.011215478491521,2.6574587122242064,-1.856360627775724,0.2882892447817572,-0.11514584349103137,-0.20321526120870964,-0.7153112361869725,-0.6286245877289804,-1.1769421585955555,-0.8866655224135644,-0.9556652341158332,-0.9123352815971352,-0.8759552910221264
01051057,Kaiser-Wilhelm-Koog,13229187.700911168,11580493.434194395,11581157.940744177,13132890.910302984,13132890.910302984,13132890.910302984,13132890.910302984,0.8753744898030877,0.8754247201395832,0.9927208840946788,0.9927208840946788,0.9927208840946788,0.9927208840946788,TRUE,1.0392555732465951,-1.5490175701990658,-1.213884621005561,2.603409189889065,1.0404876833398358,2.258107658605066,-0.2091238840924642,1.186800198005101,0.2392089623390598,0.12356804225913179,0.43401203492563417,-1.0593997631125462,0.7399446041187715,1.8306045822454773,0.16470290712840127,0.3520623753829594,0.8652394005732938,-0.7861728846609317,-1.1613933779544199,-0.993678518061333,-0.37571513307466947,0.531479457843444,-0.38158146507699553,0.07592626655150142,1.3917561937274903,0.7902648975432425,-0.5745488726526772,-1.0756989204660576,-0.9905970189424634,-1.0676846094626191,-1.0816979812718615,-1.0385645377259907
16068009,Elxleben,12186547.95859878,1985703.2224444312,2386319.265790821,2731407.1064601457,3000580.20237172,3200647.0803014073,3419533.6384588927,0.16294222360511265,0.19581585153546652,0.2241329633083564,0.24622068633099023,0.26263771259711355,0.28059903838856054,TRUE,-0.8898221388815488,0.9973369991774843,-0.6001978570223468,0.30931542528135636,1.861279916597874,-1.7787156199625374,-0.2522054202106794,-0.6449216899272027,0.23126560797895493,-0.24962833527580003,0.3126535864428229,1.0759921223091409,0.76894486073363,-1.3411002947976418,-0.6574065478193687,-0.3978454983288487,0.3023900497079969,0.02911344284812047,-0.07465394208572379,0.14453390039313344,0.48332919462366425,0.5604104174279979,-0.6776761190465974,-0.3457175060642671,0.1310913681623879,0.3049431981625665,-0.16422766557547044,-0.3074751878888246,-0.717551957500772,-0.7733913658767512,-0.8062563147796336,-0.7741062952370632
12062024,"Bad Liebenwerda, Stadt",139016262.1988965,19119379.441256378,23912947.81446738,30230950.12717061,36034438.1065433,39953055.50830003,43625681.16789863,0.13753340176778356,0.17201547096881448,0.21746340787035337,0.2592102358139028,0.2873984300566037,0.3138171065589543,TRUE,-0.37617888551010853,1.0571457448353776,0.0032405120769621147,-1.5330301393605006,-0.5657490400480399,-0.47659909437063736,-0.6935762669950992,-0.011954719701101638,-0.792506271352784,-0.6674154858125152,0.3338157102177798,-0.41555064324900837,-0.1357860722947472,-0.35707516580932686,0.06713138598250103,0.02820953092560054,0.2920875495697606,-0.05620920142817193,0.46359482165336435,0.03609498614809574,0.4397982689249905,0.007398487245014441,-0.43307632453426165,0.17433754331280094,0.09320404733759316,-0.35648089826417517,0.22806912380074373,0.42700233512146735,0.5996352428207209,0.6462984521541852,0.6509550108949731,0.6249977365915432
12069537,Rosenau,49705921.922633074,1823767.0702400943,2542573.9957730332,3172523.974740883,3379637.4452937366,5119032.220984031,5951743.686900301,0.03669114261835391,0.05115233552514189,0.06382587530875887,0.06799265187263037,0.10298636506434324,0.11973912678179773,TRUE,1.1365747674616584,-0.9557194754037149,-0.08136086859718498,2.467263394594414,-2.195028054065774,-0.8470658400154305,0.018694455409518335,0.5634484254708285,-0.34503897518737764,0.1237690905484044,0.9344186531958325,0.31088017466556495,-0.8264852702339607,0.6952023683755592,1.5668608223022122,-1.2954081188206565,0.27561541886657254,0.2419367569531499,-1.078256520821428,0.08458019356374612,0.31682662553121244,0.4960544103701397,-0.6047995577858015,-0.3062211714039217,0.26502245401857644,-0.47832446750935104,0.033164807820252835,0.06209279952982613,-0.4986725614374432,-0.5374789231411822,-0.49760175731867623,-0.4777595484218872
03355042,Wittorf,12091506.48202522,4659665.921129676,6640503.044112944,6659167.0216938555,6679178.8478657305,7547483.557902181,7647339.889971881,0.385366862934454,0.5491874030737581,0.550730964052587,0.5523859957230927,0.6241971229244252,0.6324555092734002,TRUE,-0.15696950936622245,-0.25069381350406666,-1.5117083248253629,1.57949881822865,3.075012923120419,0.18400540126119055,0.8777092727063371,-1.528432814658775,0.17735707444776175,-0.5099791854539781,0.5708380548870905,-0.5995869476452915,0.5776263905505682,1.6608814434276522,-0.017533138787895017,-0.23475343660755657,-0.0962988325920655,-0.6367316182962792,-0.5935786056546155,-0.5150823116204875,-0.39600666167001985,0.2546993051990101,0.25866441652373934,-0.3669590967001358,-0.1942951857476145,0.40047427517880074,-0.6397905492318839,-1.1978476260089428,-1.0306655184566536,-1.1108712125287505,-1.1608895020932979,-1.1145982427321042
01051062,Kronprinzenkoog,14989544.4613645,11844167.564602762,11960480.848275406,14689062.030315414,14689062.030315414,14689062.030315414,14689062.030315414,0.7901619422211972,0.79792156987182,0.9799538650541664,0.9799538650541664,0.9799538650541664,0.9799538650541664,TRUE,0.39659511980237533,0.23122313814419873,-0.6922649683529363,1.3889491080512837,1.003078267744466,0.5023786388255853,0.46696124906008546,0.3374758590795363,-1.0136733316122524,-0.3669140856764405,0.31764084782412544,0.4639844221553716,-1.3881736345286442,0.16540889806359688,-0.23433725755438556,0.41816342291961606,0.13090351688723376,-0.3481550399854223,-0.8106792493090635,-0.8258469339478515,-0.5549300385622299,0.12339263623859745,0.12273486565967552,0.2780540443220273,-0.2988639634745778,-0.10782874456357032,-0.02148223680212073,-0.04022011013710021,-0.5498761547400142,-0.592667145468665,-0.6248922692443527,-0.5999742645107115
16068014,"Gebesee, Stadt",23937622.069045044,4340625.23357325,4361547.459971928,4433042.627938779,4499781.7480134955,4505175.619256278,4621505.583287666,0.18133067775292236,0.18220470886337817,0.18519143694190793,0.18797947995980735,0.1882048102464676,0.1930645228652001,TRUE,-1.1667765884809425,0.18004438969409486,-0.08253020340344851,-0.9583184303990017,1.1088817559975053,-1.8449377526894237,0.30729388564341503,-0.18526125490225176,0.8548630867336157,-0.030537636553247677,0.5714597907904633,0.5230392324024171,1.4326596584669422,-0.053202256545358984,-0.3886997860648792,-0.39278532544092204,-0.021863886988254092,0.04298418609465814,-0.1344033696023354,0.6175189604621674,-0.5131913128885165,0.17192295151904924,-0.33792792122141574,0.11172971092895971,-0.3056890778857075,-0.170334341078211,-0.3564208007300987,-0.667308716153006,-0.18505245827630068,-0.19945311551185435,-0.17631140969981202,-0.16928087218522977
01051064,Kuden,11403561.27569756,3717543.142373219,4014005.813221988,4036088.956751718,4036088.956751718,4036088.956751718,4036088.956751718,0.32599843614606405,0.3519958122009083,0.35393232510208344,0.35393232510208344,0.35393232510208344,0.35393232510208344,TRUE,0.25073050949946796,-0.9561893850281774,-0.34116337127211227,2.207527790894395,1.6882398899321733,1.6094927396135004,-0.11065709622166513,1.019500571233841,1.763480800906,-0.005324000506061555,0.2458847113207797,0.1751302523984803,0.6943935263817718,0.3204400982424851,0.17308933695549886,1.0659935241167524,-0.026671242861779618,-0.07721062409384456,0.7167874573518663,0.7915136997742822,0.13982470309758419,0.125638131799391,0.5263644450736417,0.1814925281388707,0.3369193405605575,0.6012429318561908,-0.34887408226694056,-0.6531793752208763,-1.1360742417907512,-1.2244827714723336,-1.2654239727861387,-1.2149643302271456
03355049,Amt Neuhaus,237952226.9163942,109949430.05615053,118832599.78018096,129800012.49028362,140393875.0816801,144759775.8351216,150475609.9112432,0.4620651442559596,0.49939688029031737,0.5454876979818708,0.5900086622471838,0.608356465964001,0.6323773971828119,TRUE,0.6233883127065748,-0.4040670590859084,1.2158647288191993,-0.48176144450706204,-2.2024653640443193,1.5750360112057418,0.7831933588354278,-0.21059223552290882,0.15540747468420593,0.09943742206312321,0.1669545710140635,-0.6603460345402057,-0.0389952224726629,-0.31755286920196096,0.2865137406949209,0.882193293734317,0.49485082661874813,0.028527252426572336,0.07241001188487171,-0.7786889633110545,0.011819204958733497,0.41069944796610325,-0.2985619616419548,-0.9583315556699697,-0.3141840868641842,0.5852315134077428,0.4783953274799552,0.8956754800514292,0.8918147604083706,0.9612151823312881,1.0212384134613968,0.9805158363496983
14524150,Langenweißbach,22713642.607631218,855560.5671276393,895529.4323620142,955481.3981823268,988572.9922449384,1012199.3468861068,1049041.2343651566,0.03766725495804853,0.03942694035615136,0.04206640980875999,0.0435233136895798,0.04456349711807269,0.04618551293101288,TRUE,-0.23345221884388165,-0.010978955883885857,-0.058990419059761615,0.19483472080854652,-0.4240196017544964,-1.659245808788219,0.15658930031193874,-0.0024791317599780482,0.642451190402174,0.15346267305455946,0.7517092855423234,-0.3716374090480551,-1.2399508812081994,-0.20933611535213623,-0.8586634208515384,0.39401828010392165,0.0776460858631302,-0.25694142744422527,0.10288795943214062,-0.04293728949690573,-0.19240392540158954,0.009655423296173282,0.5773320071893656,-0.1009424926796993,0.014610523311922233,-0.05167453687056653,-0.10114053126250971,-0.18936032333008226,-0.23522580185825004,-0.25353091478174983,-0.20978117665014204,-0.20141600938840243
14628270,"Pirna, Stadt",53310434.51993452,6097612.149056347,6535441.841598198,7285900.409059243,7585611.108781437,8187096.088630508,8476486.634528946,0.11437933687777858,0.1225921698153554,0.13666931201498284,0.1422913014514059,0.15357398907654907,0.1590023925120946,TRUE,-1.176708052279496,0.47315057885365386,0.7103061473273166,-3.615941006236129,0.04466059863276312,0.2028036986504829,-0.007409600190528883,0.04097834897866101,-0.30448870200361333,0.15601098155904974,-0.015913391335416135,0.06192635797490312,0.12819924433009813,0.02890554676215983,-0.06633064949679814,0.29691962276152034,0.06850930351713598,-0.04032392394438262,0.44354362759235766,0.27158142635070187,-0.30853956440368,0.17372080386076852,-0.09022028465970201,0.07185455551146723,0.08100627639585384,0.21804667016421916,0.002249557967158163,0.004211734096049179,1.2261210832099998,1.3215369972327657,1.3906643205775648,1.335210633872557
12069541,Roskow,39258187.474526584,15128838.161237756,16993604.661475617,17812650.216690984,23193788.62336861,26073702.564157963,26253563.286814213,0.3853677190536213,0.4328677851595222,0.4537308358479122,0.5908013108964425,0.6641596120828649,0.6687410951880887,TRUE,0.9128533417874106,-0.5540701681224719,0.13821344327475366,2.3328772340105965,-1.12693344761917,-0.4924606678170147,1.5214425795072035,0.4254170520880394,0.4352538729641872,-0.17693039554459672,0.8259830563148118,0.2144054105029573,0.4891927549738558,0.6132521729570937,1.5582444417636037,0.28719914207044817,0.8466632031222096,0.7058641012768428,-0.47860193568076037,-0.04127639489034452,-1.5478900421121742,-0.6071876620787594,0.8303525459198204,-0.6661727333480152,0.5495491277309887,-0.2532447722659677,0.16566553897989747,0.3101672458538292,-0.5468000456116915,-0.5893516556069612,-0.5783516507959213,-0.5552894849130422
15087125,Edersleben,9136558.164322346,997475.0328126084,1104252.5385690914,1481324.0187010404,1752482.7081908346,1772486.3214720846,1813309.7169246047,0.10917404725859266,0.12086088860913996,0.1621315151788244,0.19180994381824912,0.1939993474121936,0.19846748461641264,TRUE,-0.15212742518008546,-0.1391240552870553,0.22678717783742583,0.14315580595982483,-0.579273987416629,-1.835953811970952,0.6965838029678784,0.35098688618760493,0.15554742221471884,0.11506700445376049,0.34279654058645037,1.0342621835919459,-0.12767388734531013,0.7211709223834204,0.16744807573502812,-0.9452694108924132,0.41119034430859747,0.2694246935253686,0.5826833634516255,0.01892903555113438,0.4986175274214691,-0.09521176747365914,-0.13762646737607753,-0.039083213212773395,-0.1678277675007133,0.14384435619106983,-0.021488100876571648,-0.040231089148384774,-0.1299398337010136,-0.14005166373992742,-0.11819839798953534,-0.11348515638682904
12070060,Cumlosen,22136805.302360818,8814598.994332356,10558065.750135466,10980631.94723912,12242566.519218706,14199002.243257342,15080751.316175297,0.3981874924559376,0.47694622624744704,0.496035078108948,0.5530412519783547,0.641420568565197,0.6812523808287271,TRUE,1.146406968560109,1.2078006067882423,-0.838447808899387,3.0136709420631815,-0.4957688944593917,0.49503333158100415,-0.7137635700178787,-1.4892482581656319,-0.7034633172763738,-0.8085000431010182,1.3599134938442847,0.6865825324842776,-0.9380140968511379,0.2579521651617842,0.17408513795929506,0.77081472049017985,0.3114156003343948,-0.5244807135541066,0.2943371115504881,-0.15266512724502537,0.7150317170060608,0.5773398707525242,-0.6152845118796506,-0.18629355396152358,-0.6689050438555432,0.019779541626971042,0.5052532554829882,0.9459602261086764,-0.77024594972917515,-0.8301859689671897,-0.8402296982175529,-0.8067249668774633
01051090,Ramhusen,4811046.791946799,4763706.765968141,4811046.553594205,4811046.553594205,4811046.553594205,4811046.553594205,4811046.553594205,0.9901601401886384,0.999999950457228,0.999999950457228,0.999999950457228,0.999999950457228,0.999999950457228,TRUE,1.180718280576054,3.9437647540836007,-0.5354908782354718,4.40346449978728,2.4214425224477334,1.1464237097185357,4.80227502491391,-1.5466121579312113,-0.9832333624757079,-0.9875439224298759,-0.46512594597570844,-1.2194833468641502,-1.1079337378835017,-0.9029729526425583,-2.504392604203303,2.605625530328809,0.25338070071664764,1.6026371769561936,1.2605534657666184,-0.3232852097723433,0.27223915138691707,0.5604916481194577,-0.2908750855967483,-0.43389700718716295,0.027627079159366255,-0.2762728996861187,1.529664052141394,2.863912972219746,-1.2384826969830618,-1.3348605834350638,-1.4888048362041446,-1.4294377296133343
03355032,Rullstorf,22717640.629144423,1312096.6548306544,1312096.6548306544,1806839.8691163596,1902534.1014257525,2535879.681169458,3125993.2433757745,0.05775673082649998,0.05775673082649998,0.07953466201055964,0.0837469934701315,0.11162601445135029,0.1376020201396021,TRUE,-0.15989230547871047,0.2433040689970917,-0.848986008669282,0.9839722372863018,2.36551792190074,0.39009011903920393,0.6312899577588326,-0.20207703559873003,-0.36700425078156956,-0.3143665812690512,-0.12755221361861688,0.577278806036075,-0.8878110162523152,0.17645891627118204,0.09614734710586109,-0.5815219030893446,0.5001157488973441,-0.386414474261263,0.13385179585889584,-0.9358963119712004,0.007459500265784887,0.41194912192658134,0.007458091078809601,-0.5336890956249007,-0.3196644819333796,0.11635855292052608,-0.25519141505030024,-0.4777820351720683,-0.7029801932654322,-0.7576856367969286,-0.8204905428760852,-0.7877729237958921
03355033,Scharnebeck,27052807.92885271,5928724.323419866,5928724.323419866,6569213.822837895,6569213.822837895,6569213.822837895,6976098.321056441,0.21915375065730927,0.21915375065730927,0.24282927820707337,0.24282927820707337,0.24282927820707337,0.257869657722894,TRUE,-0.9895108256719275,-0.8171555530239855,-1.1500795484908084,-0.33505034222256475,3.4464251354975053,0.06174968766962666,0.31896105205515624,1.2289653838990877,-0.3838710389610836,0.31809005383003375,-0.6170341951249004,-0.39323542861326916,-0.01520746208943055,0.4534004860041724,-0.21738978524362731,0.11569665280054253,-0.46931652235028815,-0.8724797161027357,0.31814066577814865,0.043486253466889044,-0.2560142613778082,-0.17044943611677177,0.06377336052739704,-0.10456305343579016,-0.3615316808429848,0.07969761424054611,-0.9855819757289072,-1.8452555000717739,-0.6813373289812625,-0.7343585394414718,-0.783223836316026,-0.7519922525353153
16068002,Andisleben,6732502.916401412,289389.51690680324,289389.51690680324,358359.75937586423,397398.46276055695,731551.4184536694,811913.0741739754,0.0429839423020235,0.0429839423020235,0.05322831104949761,0.05902685341471345,0.1086596511783898,0.1205960226465005,TRUE,0.28086248399841235,-0.823455702760598,-0.014305718452259435,0.8988067492658297,-0.027378825259124693,-1.1683257282869435,0.7814636520893441,-1.1564321557116095,0.8911292234406372,0.7598518446723725,-1.5451370377996374,0.6338703786219102,0.5586806167336797,0.7206486458074615,0.9542854287732193,-1.1962934064909627,0.3566524065081135,-0.41806741846916556,-0.5179161060363421,0.6185450715013574,-0.3000177725724388,0.44072152362782097,0.04063589323042761,0.4655745985478949,0.21511164452432968,-0.20842926790454297,-0.18563297907148169,-0.3475512783936896,-0.30015876116722245,-0.32351691309927466,-0.37989539087159113,-0.36474680348472244
14524180,"Limbach-Oberfrohna, Stadt",50048237.61829634,465083.8438177083,837153.1526916283,942926.3033549722,990170.3147072144,1010047.04962341,1060016.2907427205,0.00929271171074534,0.01672692571267658,0.01884034979505977,0.01978431932526698,0.02018147087069781,0.02117989246349018,TRUE,-0.957452918728973,0.23092178567546723,0.05935116986534202,-2.558623031702804,0.2894660478664258,-0.3523076301475631,-0.6517001618731673,-0.3407671814471741,-0.025356596492979906,0.23650474115037282,0.353003212365423,-0.28059381714604475,-0.5209923746694018,0.29359216446188496,-0.3779955693280614,0.24046930570671657,0.14893299255490333,0.06523692012964029,0.13751734196301665,-0.21514855869648195,-0.20909584805548,0.08895401193873957,0.04321761689534224,0.0754942988453361,0.14608667719259097,0.33874460247009264,-0.22239332106272125,-0.4163758154837551,0.6875463678319782,0.7410507614991778,0.8113997180037402,0.7790446017553965
01051097,Sankt Michaelisdonn,16233178.391032968,6734711.998890656,7325183.323109406,7325183.323109406,7325183.323109406,7325183.323109406,7325183.323109406,0.4148732821547035,0.45124763288228,0.45124763288228,0.45124763288228,0.45124763288228,0.45124763288228,TRUE,-0.9154074514999117,0.047754977697947634,0.13840041011963022,-1.7494592275344447,1.7046912277993242,0.7881198056145212,-0.17636533966147297,-0.0032299042926821823,0.628179468775776,0.13223083798585056,-0.02428257011460645,0.3709588378656865,0.27348175561289984,0.425341751438591,-0.0391649758134444,-0.6696332053674193,-0.05511787818879443,0.6641227577940044,-0.12906035269475874,0.3903182089299644,0.3613699691612906,-0.3845642178166997,0.06169287537164021,0.00856100392605018,0.032939979786915645,0.09001438501962063,-0.24308402122744457,-0.4551139714357804,0.22957802924397916,0.24744363631967756,0.26598111995596996,0.2553749416876156
12071372,"Spremberg/Grodk, Stadt",202363574.31507263,7461180.933850112,7747150.492739789,7792840.435365761,8072108.837709511,8421197.748842323,8560833.243959509,0.03687017764488251,0.03828332504484112,0.03850910650170961,0.03988913946114399,0.04161419750241626,0.04230422037629463,TRUE,-0.8657322376810558,0.5210491172134325,0.10558522096258335,-2.5844201533649485,0.002382347265725688,-0.07675815318222287,-0.6271899266613952,0.24762290655582428,-0.39296900554022524,0.26329791352096954,0.2653759773286013,-0.29852470071978293,-0.09233224258134477,0.042841993805702264,-0.04870653927727827,0.4180397959160315,0.35592356382395085,-0.3276656768557915,-0.09245951214198564,0.27640920979183914,-0.1251392555960652,0.00879716520722345,0.09744782494862197,0.14950353894404406,-0.023909684978035896,-0.46170673840713927,-0.07969929983501331,-0.14921698549089468,0.7787354993789198,0.8393361696330244,0.9106679887761102,0.8743544826376219
15090310,Klietz,66344740.753763616,25112478.013256267,26507924.226530664,27397712.495085347,28149150.683858432,28217925.394171275,28572387.02895692,0.3785149768910911,0.3995482373638926,0.41295982445347224,0.4242860905634269,0.42532271697166174,0.43066544091267794,TRUE,-0.3947577525655875,1.022052602706759,0.9659502951048667,-2.134600307893796,-1.2875531833000844,0.3391651018407477,0.3033494866417618,-1.3010940114654614,-0.37723809701322725,-0.4024977529724589,1.2148083113773356,0.0153705930618908,1.3401082375184736,-0.046083361791302735,1.0344597528941,-0.5434523148257482,0.06859694018543601,1.7411891041213838,-0.5784477913500504,0.4379731522983749,0.3818166776995596,0.29181519555217694,2.143746870459695,0.2564871494504655,0.0850445397539861,-0.3707499698542575,0.5310817150820127,0.9943175503162682,1.140451485512847,1.2292006493425274,1.330543039029637,1.2774867293637393
12072232,"Luckenwalde, Stadt",46592886.66626696,722869.6003480091,722869.6003480091,837603.0674183159,1003367.91927473,1477409.2849710863,1477409.2849710863,0.0155145914337899,0.0155145914337899,0.01797705888922174,0.02153478762673796,0.03170890216683492,0.03170890216683492,TRUE,-1.1704837418026641,0.5168481018387694,1.0546649572474192,-3.756281708717878,0.05691820022589772,0.7062288705616208,0.497743720625146,-0.3136335417187968,0.4242182882395887,0.030305852412943337,0.23151333434198423,-0.36795190477638035,-0.051747355572944874,0.15363355008954355,-0.07219159287927757,-0.005284378376954609,-0.06755426097159109,-0.4055899692395178,-0.3314849826882719,0.1005692182661468,-0.02311846330060268,-0.1579766372383788,-0.07154633180201515,-0.011588982603567747,0.20665157517997337,-0.22880937862010498,0.13367643909450813,0.2502756650827781,1.343028414327086,1.4475419778456877,1.5287794536401615,1.467818331959837
16068015,Griefstedt,5039260.894747333,204101.574985008,204101.574985008,204101.574985008,204101.574985008,274377.80275961105,430881.427606649,0.04050228381661149,0.04050228381661149,0.04050228381661149,0.04050228381661149,0.05444802491683025,0.08550488585653061,TRUE,0.4958424882803109,-1.481697187363941,-0.0913319251167529,1.5366542288138045,-1.9134042621994412,-1.2546497900480567,-2.192889278104348,1.0273373460455462,1.585026856637067,0.6974462480625625,1.497443063623379,0.6567765116097053,1.489179815638141,2.3703429373579086,0.9865779404293549,0.05828456719147861,-1.8753793385575899,0.5320404371772172,-0.6903118748011837,0.5170586610004905,-0.2453486559060534,-0.03795858856711395,-0.5931465461757216,-0.3020065835770574,0.8910455766571438,-0.31796616858228444,-0.3590622080667943,-0.672254090090433,-0.6952264862061494,-0.749328541494627,-0.6470901116509843,-0.6212869528365701
15089305,"Schönebeck (Elbe), Stadt",86644505.20493677,33652249.779767804,45737813.2707964,47094626.35830167,48284951.609876275,54025908.139879294,54364236.13881307,0.3883945058047419,0.5278789827769758,0.5435385226900499,0.5572765577652018,0.6235353068506073,0.6274400899425477,TRUE,-1.199525144230088,0.35038775746148276,1.0685278803460916,-4.029164926392056,-0.5256484323153007,0.44432043250176123,-0.32635293097305085,-0.6150608924796034,0.746032036601879,0.17880524767367312,0.6797321807574788,-0.7450937219516064,0.24682769554453107,-0.019986372594974842,-0.24154273770167312,0.3999442434527392,0.08881138082532007,0.1495164242855575,-0.5188518581057109,-0.18251664486927804,0.21625103589703734,-0.3851134946147923,0.01705352649095529,0.13107287101475587,0.21644865223948836,0.1324517679419086,0.07313016452582877,0.13691792426767838,1.4369760822263178,1.5488005897664057,1.6713237070027853,1.6046785361593334
12072240,"Ludwigsfelde, Stadt",110231180.86987476,1425385.7392119365,1743868.4277293773,3032785.8497479004,4313534.413666144,4373462.865814581,4373462.865814581,0.01293087607302846,0.01582010111810352,0.02751295800167496,0.03913170828459297,0.03967536981189876,0.03967536981189876,TRUE,-0.954113304543206,1.0676428661883097,-0.683571648423011,-0.9998186070059163,1.8986002923863643,-0.7464391558056641,0.9502087324378049,-0.741643431843366,-0.5933010594267388,-0.32122453516607,0.49154335901373697,-0.8202589581102202,-0.031161604257241824,0.21926090663444542,-0.5423921384068229,0.5171317383205482,-0.14701906615289892,-0.48118132373627687,-0.24827883024334557,0.381520278463778,-0.46814383905150153,0.31830746527603576,-0.25223478815211164,0.09163813894156318,0.19958411921321179,-0.22264330390655676,-0.19001402892596908,-0.35575369741023327,-0.02043425995005781,-0.022024440248898366,-0.015031574942600233,-0.014432180656563218
15087165,"Gerbstedt, Stadt",102352804.82213216,1949949.8909197135,2029943.8088884635,2039942.9202165883,2189931.5627947133,2209929.7854509633,2209929.7854509633,0.01905125994649897,0.01983281076093696,0.01993050335808172,0.02139591158835713,0.02159129678264666,0.02159129678264666,TRUE,-0.25298095332464665,-0.41778190551869,1.313885049844047,-1.972998419920291,-1.6985309900035865,-0.48358524634653605,0.45166670247706703,0.395441153730246,0.09847702091825701,0.2950098709707346,-0.06748032246393315,0.9836862321526209,-0.7507132240062581,0.16679962737698162,0.4517930461407283,-0.9238275235970737,0.18783997991384202,-0.05430290921725763,0.1612621745451085,0.067857214346808,0.5705748117920546,-0.6326396866813995,-0.018295632757095948,-0.5245105346140816,-0.26733587031716916,0.1211784768850834,0.21437406366690348,0.4013617637046729,0.9745219527977924,1.0503585925348864,1.1134226411951078,1.0690241552330513
12065100,"Gransee, Stadt",121629159.64554872,0,7115.8565633507405,12334.053445536756,12334.053445536756,12334.053445536756,14113.968354154247,0,5.850452789518357e-5,1.0140704319162126e-4,1.0140704319162126e-4,1.0140704319162126e-4,1.1604099210489596e-4,TRUE,-0.6105965819719849,0.8839576222973766,1.2143781090294157,-2.6211773495647694,-0.3609340430011661,1.198591326853105,1.2352735644152564,-0.2898462921521235,-0.09768749223741488,-0.30317615108295,0.2527484686105706,-0.020397196414752638,0.6350559943746734,-0.04166124807353963,0.1835308665671332,0.3157385634174004,0.1912509786267676,-0.06849849363336871,-0.3098332715735629,0.7360521443732468,0.32359917640074537,-0.10591618336924988,-0.3641070898755762,0.1562682715403131,0.09944503593345838,-0.10315869939360449,0.49591304978493583,0.9284730293451742,1.2244771247766792,1.3197651070652316,1.374268960510779,1.3194690499522546
15089310,"Staßfurt, Stadt",147454410.184124,7156833.527687645,8173823.7555701,9699446.741763482,10492962.87398428,11509576.495237412,13989628.071693216,0.04853590692032215,0.05543288766584584,0.06577929225481921,0.07116072595510628,0.07805515264593026,0.09487426014742176,TRUE,-0.7476385732938148,0.19107306338488728,1.5810386895719026,-3.9165385681640594,-1.4072127564724697,0.2621377324231388,0.2406491459023504,-0.3989717885143408,0.24896982378172694,0.3946879094093678,-0.15852103339292,0.1820590401507033,-0.49076163673521234,0.3257432756786889,-0.06875310378760549,0.07188938325936103,-0.2451242948981591,0.3668398227309668,-0.6900924032162878,-0.2763005881436078,0.3288501213660333,-0.2373492116661267,0.048413964678267044,-0.12915512942093166,0.001300870883803242,0.08566375412476294,0.3414910598876584,0.6393565142229897,1.6708923342708553,1.8009200464529977,1.8990774925878409,1.8233504844635793
16068049,Schwerstedt,12701257.201026252,1105808.775351987,1111815.1286186911,1111815.1286186911,1111815.1286186911,1141825.5251030663,1287615.0018236374,0.08706293856191168,0.08753583295115522,0.08753583295115522,0.08753583295115522,0.08989862239864001,0.10137697248738486,TRUE,0.8721922137121358,-1.0625219018723326,0.9701451420107114,2.247928824520182,-2.18907712538186,-0.5244165082736145,0.8796158109119199,1.5572670981565278,1.447949713704449,0.17891620419699053,0.7054919093916663,0.6043665023846251,0.751085824290177,-0.018413754186290567,-0.3445384478450303,-0.30513356527210767,-0.3040650790355044,-0.6419945895034417,-0.3193426138045614,0.34535865553301515,0.2052514630107978,-0.4533231930605214,-0.5516517686784839,0.15917628684229745,0.310633949281397,-0.14761722724203255,0.2599384846168382,0.4866697344630374,-0.49251091300614586,-0.5308377793933049,-0.5006783043549125,-0.48071341605019136
14625120,Elsterheide / Halštrowska Hola,127355364.400129,13001431.443832155,13280599.626648238,14148506.612976365,14637326.743835738,14886726.816101365,15058516.361827204,0.102087819426152,0.1042798604456334,0.1110947048019442,0.11493294226576696,0.11689124275385676,0.1182401419269305,TRUE,0.37915431431466307,-1.0657358795167091,-0.6953303452563515,1.8884784556621326,-0.7802098046566835,-1.9144022737918684,-0.22725804920638373,0.39606149919103256,0.3000131439793689,0.38729531823494506,1.046863072204088,-0.5841991443200112,-0.8091581533419987,0.8644772520513062,0.23507628174866121,-0.07592437354207913,0.15275969025414096,0.12697092604170532,-0.502692960527287,-0.964355572445435,0.45376984408641835,0.2016887645936313,-0.01994464656389531,-0.1931444517664818,-1.0097329994681625,-0.4030619119629884,-0.4606373034861326,-0.8624280260070574,-0.8166456565988528,-0.8801964696662729,-0.8314995816147894,-0.7983429696186884
16068051,"Sömmerda, Stadt",87938799.36311261,9710777.067201745,10631443.95899991,11296084.636470355,11491221.377641631,11951012.748575771,12211535.851707924,0.11042653683619758,0.12089594167758726,0.1284539329429222,0.1306729391447868,0.13590147733571198,0.13886402748444,TRUE,-1.0825322712343193,0.25076039276726964,1.4315346126365927,-4.246183870351993,-0.8867595350282853,0.5442356709472382,0.2621036510380749,-0.16127279358970717,-0.12217672628150777,0.3289194908122449,-0.12840777062883538,-0.09373995818591488,0.7264438975359285,0.011419824486301767,0.28678886224266004,0.19892535122795804,-0.4138256446400976,0.15843537095456925,-0.16439627217607528,-0.5375222158987734,0.14043124550365763,-0.10587403186366491,-0.3005083430591629,0.07873482369880017,-0.1876265227206331,0.0674072563230306,0.1999209113898477,0.37430185454502346,1.7060676803636985,1.8388327142055656,1.9361186969508828,1.8589146455807923
01002000,"Kiel, Landeshauptstadt",41170207.201568946,13115.503113645504,13115.503113645504,13115.503113645504,13115.503113645504,13115.503113645504,13115.503113645504,3.1856781894325003e-4,3.1856781894325003e-4,3.1856781894325003e-4,3.1856781894325003e-4,3.1856781894325003e-4,3.1856781894325003e-4,TRUE,-1.3727397349271973,-0.6331492169474264,1.1377183549835377,-4.00984430131111,1.398874147651675,2.684830624793496,1.004980454321039,-0.2114755777926833,1.172251594355436,-0.10137107824574526,0.021838076463076377,-1.5437163461038517,-0.1689451408745846,-0.6127261166537722,0.1875747241941546,0.2953492030236134,0.28714517419059415,-1.4067688223486112,-1.1440872291951052,-0.06738087802459894,0.10905467170312398,-0.4521378022557208,0.137183526640593,0.007098144949990571,-0.20218202239432279,0.045755285718761425,-0.28939019896369533,-0.5418106960709118,1.358010975596714,1.4636904719073698,1.524335351361732,1.4635514412858086
16068053,Straußfurt,21965099.79241351,3705179.1032409496,3715182.3005065746,3899182.3507300913,3909185.547995716,3929191.956198842,3986155.4318231554,0.16868482903595433,0.16914024227605626,0.1775171698549179,0.17797258309501982,0.1788834101976599,0.18147677313079755,TRUE,-1.0858067400365516,0.6418494891650657,0.9304264203363202,-2.8786260089268665,-0.17340873815053306,-0.7341209878609729,0.8158400533417031,-0.702156969284904,0.2557496417183425,-0.12459480989240714,0.4804959241463387,0.26411507564964326,0.23230457892442852,0.2405760892215629,-0.33108788122721217,-0.13708899908284802,-0.6359972471627281,-0.27584715266702736,-0.42540294448171795,-0.37024876843091786,-0.23027515131856474,0.02044960928711911,-0.16118477917612473,-0.040912859846314736,-0.3200637871458405,-0.2533139381548905,0.1621563898216114,0.30359724260259213,0.997221380016523,1.0748244738383947,1.1437974299849303,1.0981877286372788
16068057,Walschleben,16867652.67604501,1490365.1722696987,3110773.262906181,4045270.3580128145,4496140.598788463,4782675.539044743,5029684.209826358,0.08835640624651202,0.1844224162455051,0.2398241436259711,0.26655401822292446,0.2835412627292813,0.29818518951183887,TRUE,-0.6258317740532381,1.0777798930772438,-0.15209716285581967,-0.1223176711411718,0.697724458828453,-1.9896840118752397,0.3687240228147325,0.010169994502787461,0.7695934406713244,-0.006563077268273587,0.33870987924187,0.9662420622891714,0.1196930002868704,0.046280799156187796,-0.9744424396056002,0.0013896011464902818,0.579793710784606,-0.37935898667734236,0.3487763774315722,-0.25471617916569417,0.11662850290643446,-0.003906396170933824,0.49743929906862255,0.5608636581697419,0.18007768836241236,-0.4435230270221802,0.09995031872272868,0.18713194832996022,-0.3802921249585456,-0.40988620110278945,-0.4085718142790673,-0.3922797349826644
16068058,"Weißensee, Stadt",55418400.665980585,4996577.165742802,5036011.403625833,5071550.88233931,5126479.1886414,5136639.399379624,5176200.08226961,0.09016097732336809,0.0908725503281668,0.09151384416354257,0.09250500063218832,0.0926883370442126,0.09340219169202944,TRUE,0.22971939585746523,0.2689604249243234,0.8060668868086707,-1.5066058444196284,-0.6112015495353034,-0.8033815649188224,-0.025625616946528526,0.07784057077206738,1.5184962617777311,-3.6702098075804943,-1.5620662138692207,-0.34802939715889847,0.4978653242566772,-0.028175262629022944,-0.6079256263263965,-0.48069462686276593,0.7259152200507042,-0.22760584912559972,0.030029217723083014,-0.023133767084276533,-0.22919435244021952,-0.010570970517027187,-0.20397732985708383,-0.050484466532941266,0.10577103546645074,0.12533997608611794,0.4349155691968198,0.8142705182222416,0.7465877200529164,0.804686671846914,0.5028834895412336,0.48283066797566787
12061192,Groß Köris,68969441.09721689,408909.2549785543,457718.0365793932,625151.4050335998,691923.458528919,698505.9955558319,711701.3587119753,0.00592884687005322,0.00663653393876586,0.00906417965824035,0.01003231935073401,0.01012776070740145,0.01031908258773311,TRUE,-0.4890957861048388,0.11349889673541533,-0.6719755701257433,-0.6144273273781536,0.9675660477536,0.08259793320767424,-1.1961768610581744,0.016138637376350084,0.011325380944978569,0.13904239077188543,0.16061688731507034,0.18094564725074994,0.14004651580520394,-0.46627185077467803,0.056530901682505914,-0.3803578540606902,1.5693367668681923,-0.35714120887136425,0.10379296172351558,0.3741144849858787,0.054902079006757185,0.07675644425690106,-0.33485549660489533,0.1333668421802561,0.38215722136211044,0.29129513342037244,-0.34919081983172223,-0.6537723870127777,-0.11987925834967672,-0.1292081812141787,-0.1161647078954835,-0.11153256107004436
03352004,Belum,25562975.4772714,18371757.7507491,19365664.351595677,21831601.6924935,21876029.43127521,21906053.443970524,22356045.35944081,0.7186862017328081,0.7575669103471195,0.8540321024797936,0.8557700746036261,0.8569445862610037,0.8745478545452605,TRUE,0.8450203903537328,-0.7228549292601429,0.8713858330514281,0.8966446651879131,-1.051233287415704,2.045074198394287,0.018646233499414664,0.7344075613530597,0.6390839480444762,0.3653268656016135,-0.742372309828818,0.35738893792603305,-0.4789711713073015,-1.4242852990917705,-0.8879914955295076,-0.9545698427630633,0.5732747827220052,-0.009191352367227306,-0.22603480770737638,1.376185577673138,0.3754098783399154,-0.06007902128954778,0.9256502177341059,0.030029400762345854,0.33298703198597096,0.22408397937462168,0.331183764715006,0.6200586845380122,0.09972829041403004,0.10748907857279033,0.09229146400186655,0.0886112790322971
03352008,Bülkau,22999154.749539085,7207474.225199946,13314787.498944424,17554856.26749984,19049955.561736364,19346693.20564274,20125894.23631674,0.31337996129376833,0.578925079810216,0.7632826709795346,0.8282893771180063,0.8411914879624199,0.8750710387180675,TRUE,0.7283670223435378,0.15066926216545434,-1.0055619075498168,1.360584504886059,-0.740733505005723,1.271418451103022,-0.9204772063392804,-1.210611495578498,-2.373962207583536,-0.13314879114896097,0.8450151529835549,-1.8889680764200025,0.9595191262569152,-1.7596940196136377,0.6980868543612039,-0.7751902185060712,0.6856784338599424,0.8512858302491766,-0.2716291631254915,0.16910660285931672,-0.2397288682431078,0.029955854102221586,-0.7155219063048731,-0.232433038981405,0.18686742912090487,0.5004965966867251,-0.042175207680274905,-0.07896251743153092,-0.020228282505693175,-0.02180243377902291,0.01888435281681619,0.018131326389636628
12051000,"Brandenburg an der Havel, Stadt",229536684.8226917,76207568.13804233,84935786.47938265,94525999.68214089,96674274.79893725,100761310.96561503,105964742.30970952,0.3320060503483779,0.3700314245846684,0.41181216743266374,0.4211713472886236,0.4389769375794954,0.4616462174295286,TRUE,-1.1414800698242455,0.5954891016052832,0.9928493744648135,-3.9915465197679123,0.1730453033696438,1.2283067635667022,0.25151404080254147,-0.3192588277037519,0.03505507132478256,0.0024608627938397447,0.188101126780723,-0.2928370854872807,0.09817378238351483,0.278649456532338,0.08966847325757753,0.031064157854929678,0.014203369189642136,-0.16860643580813306,-0.17867310359294622,-0.08643737557924461,0.22708843349440153,-0.14759609899658951,-0.0012866669543259647,0.011448191942555341,0.009738353107370585,-0.11126236227029468,0.1489528020819504,0.27887683019928,1.4635129817819301,1.5774025729105003,1.660050896645621,1.5938552367909689
16068044,Riethnordhausen,12511209.372501971,20829.56454786902,83034.6087717891,130705.0199119935,150971.5272975938,195123.61376510604,219325.8678665156,0.00166487219002582,0.00663681713730157,0.01044703321800898,0.01206690119257454,0.01559590347788141,0.01753034909227605,TRUE,0.2721981366031242,2.2211366305762748,-0.44315947151269547,2.1616082259518388,0.7668049608690224,-0.5193539584604169,0.011850110051342452,-1.7960897276190544,0.3580295780269802,-1.268098673303654,1.4020209228753726,2.2848016074803277,0.5735896290112402,-0.28554451635980604,-0.2879637249952767,0.7894793779901658,0.5954788408370014,-0.39204134588215445,0.3124653204092158,-0.2107925971263309,-0.3085124063628782,0.19635908355430506,-0.1038459040953188,0.19482518779488964,-0.3111811397963029,-0.0249976693782345,0.6833917652222344,1.2794799869868403,-0.8469953673357615,-0.912907974380908,-0.9548105662140453,-0.9167368447429466
16068045,Ringleben,6614911.140140915,1727847.5855545662,1727847.5923905035,1755403.366918549,1755403.366918549,1765406.794652924,1771214.5327561153,0.2612049578518992,0.26120495888531253,0.2653706648100422,0.2653706648100422,0.2668829190977335,0.267760895835463,TRUE,-0.404724526364296,-0.8741209801901365,0.7604082282250935,0.8590698429889235,0.14756526387510216,-1.5713775161592274,1.2828376169331228,1.3284137878899744,2.0937277210929204,0.3103681060008119,0.08823214637963739,0.8085200442180649,-0.11192552250716227,-0.6612358932919445,0.04997506726632128,-0.9591813676322212,0.38432686075617556,0.6900301504524039,-0.14062726211505838,0.6333147918155562,0.2651191011732281,0.25840886127048085,-0.31045332480659293,-0.061229666507350025,0.39724027602074435,0.008832932032781357,-0.17281242610977973,-0.3235480027158386,-0.6420611551341417,-0.6920259202903285,-0.6973055594632317,-0.6695000254749326
03352011,"Cuxhaven, Stadt",139606385.24283934,202649.8890548007,3490790.9439077703,14041684.590712626,22676314.6157998,29209830.55021228,33934470.754358806,0.00145158037508313,0.0250045220914193,0.10058053266179565,0.1624303542875587,0.2092299037712568,0.24307248336335935,TRUE,-1.1073326252612374,0.43325329991806544,0.9433993329201772,-3.579811267362972,0.9535710085489175,1.9191288403880726,-0.014068130771131697,0.3054676626143355,0.1352510007364861,0.0030709573167282786,-0.10595399442127414,0.21220186376872008,-0.2899794388154032,-0.5031581465330249,0.04240256024650387,-0.19002796651947146,0.4753594975587063,0.38978230274758713,-0.406250333048172,0.1509104682691221,0.5494540676205385,-0.41596401861054305,0.09967300927918048,-0.0061079330853028545,-0.011651237859352103,0.0599960842568567,0.08977333585900171,0.16807809581856473,1.1728215743943191,1.2640897566634655,1.315039927751617,1.2626018152042064
14522330,Lichtenau,49095432.99020548,2323762.4860643023,2615575.3628165945,2696638.7969536916,2834672.3540339405,2874997.94272353,3012813.640041138,0.04733154072656599,0.05327532936390235,0.05492646938243054,0.05773800497083825,0.05855937645558785,0.06136647456887065,TRUE,0.1927951805405527,-0.04779282696269474,-1.1583551150671285,1.206362645637537,0.5007986588919713,-1.512397818810034,-1.0116968874328314,-0.8146040268847573,-0.4341462633567386,0.5229066682697806,-0.4040356203263263,0.25852889787683064,-0.2528137285401993,0.0021860029846633784,-0.2583917244310053,0.20341092719140808,0.6436323053703079,0.25821887900132456,-0.5144057558866204,-0.3361963817114458,-9.335220395243348e-4,0.28501740885727744,0.32270497856303015,0.8372750025021862,-0.187581279333088,0.1986691136276472,-0.33778425382975685,-0.6324164479124388,-0.6957268066427593,-0.749867796529473,-0.7730364917295197,-0.7422111352508954
16075062,"Bad Lobenstein, Stadt",49168874.76354723,921850.1157494686,921850.1157494686,1024577.950594581,1024577.950594581,1024577.950594581,1104569.860750831,0.01874865186935107,0.01874865186935107,0.02083793773035826,0.02083793773035826,0.02083793773035826,0.02246481877127959,TRUE,-0.559641928483206,0.33059265560628415,0.27248456862359216,-3.006353731217649,-0.7995792998381946,-0.9016840245931009,-1.0488103154009363,-0.2812428102805438,-0.11600087794374105,-1.648415466037482,-0.28701964639089805,-1.0645106038419234,-0.23712517295629879,0.795440271631552,-0.10806916880616668,0.004680478446878324,-0.7008283285151907,-0.2150961289742568,1.0864862810413263,-0.23340557719182284,-0.11807217347940847,-0.4101645965743013,-0.06324607134980467,0.24611191712354608,-0.2639802008555829,-0.05810917144088477,0.014478431915556755,0.027107238953753415,1.1341614768862367,1.22242115649569,1.15055114293261,1.104672132682476
16068059,Werningshausen,12703068.068347769,1445300.1831911355,1445300.1831911355,1521383.590391774,1521383.590391774,1521383.590391774,1521383.590391774,0.11377567808145418,0.11377567808145418,0.11976505063234331,0.11976505063234331,0.11976505063234331,0.11976505063234331,TRUE,-0.10531487803128362,-0.30212830527069673,-0.02729510454547437,1.2362528985228591,-0.8068111226855604,-2.427257829169684,-0.7841253244966354,0.8535913606071805,1.470190149262261,0.02032862185138553,1.2824162172777307,1.1425951686483216,0.4061286981639295,-0.33580004619931353,-0.3114964602281513,0.5060403522548147,0.2735882813231729,-0.9384024511876644,-0.9423372185405587,0.4213576793599323,0.1444642536683924,-0.23102434298237304,-0.2407497234904969,0.13183150658803602,0.6111554017677931,-0.13445172801831046,-0.14491276261581823,-0.27131286775985525,-0.7930172593192787,-0.8547293264796296,-0.8152579238649064,-0.7827489590307445
03352002,Armstorf,39653085.4398485,422289.8089017482,746288.1400951208,746737.9887730846,746737.9887730846,782328.9987734878,782328.9987734878,0.01064960782288526,0.01882043053691743,0.01883177514410181,0.01883177514410181,0.01972933480700352,0.01972933480700352,TRUE,1.7880616693276425,2.9186123919896696,-0.6140681815449026,4.764040428944062,0.7815718178636247,0.82511990030788,2.1437360103870158,-1.9814837212380687,-1.1274653190354527,-1.0243915705353672,-1.2827400344805944,0.7225610945502158,0.13426434691845587,-1.711538006891662,-1.478158356425622,-0.5039028443211969,1.0213143186499052,0.38580051030212664,0.7537236102943418,0.699526531282933,0.3285421969474733,-0.12184457552761206,-0.5779773601998155,0.212384612087495,0.3721329542799729,-0.2942095729035024,1.3642019599241364,2.554126629494198,-1.1571311628217775,-1.2471783278666966,-1.448529184914074,-1.3907680973426861
16075046,"Hirschberg, Stadt",24258859.53158037,477890.6929079277,688205.291354654,855572.6726511782,963789.9508256064,988875.6925656976,1066009.9446255676,0.01969963560264677,0.02836923518431454,0.03526846229260642,0.03972940069878129,0.04076348648123262,0.04394311872896694,TRUE,-0.2565259130032478,-0.6452052551382603,0.16414343693003167,-1.4946556866907774,-0.6839659015285374,-0.6478525823385766,-0.3738168433469609,-0.7361051123015857,0.31181247608500057,0.4874354690658752,-0.17749681689247865,-0.17173009271663012,-0.5141143873908134,1.3699697714741885,-0.4622160612411989,-0.04877127902701412,-0.29537219406115656,-1.0060957780586157,0.2261777171773,0.6505303126258183,0.1701066751332948,0.28615524046146096,-0.14886642376721412,-0.9700194673504461,0.04570997196897246,0.5706029929664567,-0.24586257707049217,-0.46031612161496593,0.5613224934125693,0.6050042304807225,0.6542052005511607,0.6281183227220927
03352029,Lamstedt,52790850.12726917,2780008.175091069,7187975.263450391,10298553.467577646,10413700.573739115,10784635.228398057,10784635.228398057,0.05266079573238494,0.13615949063372695,0.1950821675110308,0.19726336190141988,0.20428985709452024,0.20428985709452024,TRUE,-0.6551161852723607,0.419424858795953,-0.19984295920280803,-0.58333904241027,2.1151441895319953,0.3334358151473383,0.40540956632316294,-0.014350063959741794,0.0625154332987584,0.03865461310408466,-0.6709256725536508,0.8011603661753622,0.31188988757886354,-0.3781017059594162,-0.30318036425828104,-0.5001366314075313,0.4372906631287658,0.3646412512228369,-0.11286165369966042,0.5929485284339151,-0.013772274351443984,0.15330301103672786,-0.2787532082540302,0.006661362147220598,0.18090304439477062,0.22389341537678462,-0.14517809522640526,-0.2718096366447286,-0.18069454362727602,-0.19475607089013458,-0.2411082631948986,-0.23149390702615363
14522360,"Mittweida, Stadt, Hochschulstadt",41082795.96297368,1990481.519023965,2755936.3806893704,3521534.267559153,3726601.060103079,3736589.710493704,3828606.159597831,0.0484504881512424,0.0670824931967432,0.08571797963149767,0.09070952871517604,0.0909526633450495,0.09319244393805146,TRUE,-1.0211294578185879,0.053884793904383964,0.7268223783699866,-3.8572985005083793,-0.8847786034563508,0.4140514140852468,-1.4781429093458112,0.2968600412286818,0.36279599921191313,0.6099092213671861,0.05565754401127302,-0.5332406883727017,-0.7522731511744188,-0.6074850043268154,-0.1973689192085195,0.835375613013876,0.4425580237547172,-0.44540425610380063,-0.30970746477936084,0.379965583953479,-0.4372064760534521,0.11276410054999754,-0.0837847437907881,0.11250438364058835,0.5359007474957967,-0.026801142922113535,-0.08014076184807244,-0.15004351258628687,1.3302902960334817,1.4338125877955188,1.54255350488552,1.4810431335328507
16068062,Wundersleben,6945333.317018308,1924036.290428765,1934183.917985925,1934183.917985925,1934183.917985925,1964370.8307016948,1964370.8307016948,0.27702576717437805,0.2784868385289084,0.2784868385289084,0.2784868385289084,0.28283319763622466,0.28283319763622466,TRUE,0.27128970995508117,1.8566778186725137,-0.7958599715397164,1.7694929310861145,0.280141544080055,-0.757022684277166,-2.0252337902422934,-2.0659310959215498,-0.46409401994275434,-0.898092778839913,1.1604503770201016,2.635610444340241,-1.1487642676609853,-1.3547878509460973,0.11030024069339593,-0.3597839483635235,0.6647957021520944,-0.06686699571677544,0.03719646574363877,0.20300913492420203,0.169006243170022,0.22443960097362836,-0.24095050308939966,-0.26202464275650594,-1.0390652230190758,-0.24892289990201438,0.4440358523626262,0.831345965103735,-0.7386305587391377,-0.7961102896175362,-0.822520354592682,-0.7897217953881637
16068064,Kindelbrück,64515744.684145674,8059799.013419592,8459902.621818028,9433906.867387976,9844022.087114535,10023814.251522187,10343229.478310157,0.12492762895132846,0.1311292718271451,0.1462264275732106,0.15258325134908723,0.15537004649944736,0.1603210120095217,TRUE,-0.33800117705224453,0.14080696827025035,1.065082823638705,-1.0158973542694036,-1.2686290757247056,-1.405952528336741,1.0866381652533244,-0.6319864644483674,0.7660055658793182,0.20400016641604046,0.24583201790355766,0.19870772428762962,0.10258057440439448,0.09129403183585978,-0.32874219683469247,-0.4706892454820199,-0.6361812416856217,-0.05706386629276969,0.26659504800954675,-0.23242098590069776,0.2437929101236307,-0.5579248941292279,-0.16307199102492403,-0.06090699975811245,0.011784222743119082,0.04106332730879249,0.28929620495223696,0.5416347158167184,0.5244684931950047,0.5652822768739639,0.6191158244228153,0.5944281593596916
16071101,Ilmtal-Weinstraße,84678060.70379254,1862724.5717305045,2333657.331508603,2471183.7395748254,2526116.005949804,2536116.513762304,2796143.2276294916,0.02199772356911188,0.0275591730858343,0.0291832821752866,0.02983200116953865,0.02995010151016268,0.03302086992061048,TRUE,-0.19171680360870533,0.07361617509722883,-0.6911745499948273,0.7498558649093727,0.3081310266008201,-1.6872378318841996,0.008210109738030099,-0.7567520644322671,0.006400374936616187,-0.07380132452589999,0.8674779994727951,-0.004482730308310348,-0.10904642455066337,0.41262316855237535,0.3188957735763744,-0.37816380031816826,0.2556480536696583,0.15665413486538732,0.2112484628428956,0.05794561205877432,-0.41383927841024487,-0.2954023303586065,0.23694321588414632,0.02991009305988221,-0.04889806479702109,0.003664875737173854,-0.2697583928354346,-0.5050550540983357,-0.5005859984695236,-0.5395412625499046,-0.5169339326701543,-0.49632084011768773
16075079,Paska,6513000.710137554,446781.21379751334,446781.21379751334,456675.93702138826,466663.2729078005,476662.8432203005,476662.8432203005,0.06859836712471007,0.06859836712471007,0.07011759361711221,0.07165103977056753,0.07318636438629121,0.07318636438629121,TRUE,1.1352614291224565,-2.081794244459919,2.739488249345642,2.8446047522755364,-4.139362712882015,-0.004361674617029374,0.4388133621738505,2.9438088112435015,4.109558982763361,0.46793266390462673,0.46450754081188267,1.8745821704773196,2.1320258820514866,-0.21395385179420975,-0.3889035308870045,2.3566635999449055,-3.2782402742612686,-3.744064077407103,1.5680874139746466,-1.8391241167311105,0.7063816599711741,0.445442178293554,0.7502767548994385,1.0178592886247675,-0.12164505525587978,-0.18038438193669956,0.5976518113360599,1.1189533891182513,-0.4958324654890936,-0.5344178128456079,-0.4995664381142145,-0.4796458862329259
03352036,Mittelstenahe,33816310.50410804,0,0,816977.3197790745,2985753.5215495415,3000493.0813515116,3571486.824486105,0,0,0.02415926834122922,0.08829329625379531,0.08872916757098645,0.10561432549101524,TRUE,1.2790476469738092,0.20735808485682733,-0.37321878997338503,3.3267926383902258,-0.19207433680718222,0.9475423920388332,0.13124757105740847,-1.2017262580309138,-0.05131796592607276,-0.16589231338580135,0.27900404327207384,0.2652607695217039,0.5670113628958197,-0.2330627241682394,-0.8527667997943604,-1.4973790018063224,-0.383093880253789,0.09723574578016775,0.11671138360710315,-0.11484319957545547,0.5776608877510471,-1.1938633913736432,-0.410108238734021,0.09575577361911869,-0.0955104589946917,0.20984069603349242,0.3710623139524172,0.6947212840247712,-0.8639701658921861,-0.9312037402885939,-0.9676252484526839,-0.9290405328016307
14625160,Großdubrau / Wulka Dubrawa,54231965.68582398,424814.3408776578,424814.3408776578,424814.3408776578,424814.3408776578,430764.20710647875,465418.7320470739,0.00783328311089971,0.00783328311089971,0.00783328311089971,0.00783328311089971,0.00794299453576839,0.00858200004667602,TRUE,-0.5521754603686134,1.0068280015627034,0.8377794670324556,-0.699650290151805,-0.34776595518122627,-1.005146769540244,0.6918242428872938,0.11116718166882755,0.8432214827053156,-0.23037060197633127,0.2787382136867423,1.5358967509490606,-0.06644039342626958,-1.037595357977016,-0.1778137370093734,-0.8679377960751506,0.9608335979348531,-0.19638842275560184,0.4105733402889157,-0.29549898464073177,0.021941377709944268,0.6659768258121151,-0.31427484418070006,-0.08102300064226577,0.18340544849354848,-0.30607942623389167,0.4308106694088485,0.8065851210685492,0.19170156128078542,0.20661964721835885,0.21726501551922034,0.2086014250867299
14522350,"Lunzenau, Stadt",28095716.85483552,2625615.715769853,2773102.0451375893,2883171.872844259,2900957.3706713095,3002080.673853692,3032460.181464964,0.09345252621016366,0.09870195017502514,0.1026196230457825,0.1032526554015307,0.1068518980798672,0.1079331841623059,TRUE,-0.5435034739608882,0.03878297457080768,0.10718244072185372,-1.6766677345224628,-0.7847822561045935,-1.5922041929732895,-1.2967704129196438,-0.5440329316446141,0.23891525098493602,0.678804077551905,-0.1465276455182359,0.12757086852109747,-0.7037813158183032,0.18036375218195078,-0.3005871268389964,0.10416292352376966,-0.37078036438674683,0.5512434953289806,0.34045479072572077,0.1767612223942025,-0.14906979546863622,-0.22398749351638989,0.0585406410905448,-0.09085783411473675,-0.011254494614437024,0.06984252118886525,-0.13251268622274223,-0.2480968291865937,0.4394571467699576,0.47365540492494823,0.5315363620207711,0.5103409876549588
15091145,"Jessen (Elster), Stadt",353999982.8112829,83629482.13147444,97780142.35017264,100893731.9809692,103645214.65359344,105066446.50104806,107634910.7784496,0.23624148641853815,0.2762151047964857,0.2850105561580085,0.29278310645807754,0.29679788588311573,0.304053435041633,TRUE,0.009657791725912974,0.10342089016869928,0.8976422984136818,-1.3124265154094688,-1.4114211421744371,0.369814893444956,0.6001205668386597,-0.5522794848240207,0.16696690846010562,-0.047987280834209195,0.5703266217462998,-0.37435493778917683,0.0010573098527023193,0.2827776521376249,-0.14384517239476163,-0.46215497948559625,0.17890063106600837,0.2696929423259251,-0.22832566372712357,-0.40719900314978713,0.1602169680166436,-0.4913483683417921,0.21230865345254768,-0.021289001275732355,0.09953221837573632,0.14661350884877378,0.33690699343609803,0.6307739974554926,0.8483849899402595,0.9144057364773129,0.9866157224335949,0.9472737487016845
03352020,Hechthausen,30725223.58475256,13572960.370830065,15025124.59235881,18152924.030428875,18625613.34230002,18636442.68788765,18636442.68788765,0.44175302202082806,0.4890159562521476,0.5908150344408655,0.6061994403693456,0.6065518981979358,0.6065518981979358,TRUE,-0.11685063919988131,0.09350948113138144,-0.22794085583101684,0.15699366475068047,1.3166270230490476,0.953079868888229,0.4294307857123287,0.3745158796990577,-0.7244551131287725,-0.09260057971021494,-0.4085935571555074,0.4896194642246243,-1.3291540590370359,-0.3809354650118274,-0.3892113761981041,-0.12218713721897184,0.44624497751637476,0.15681116676866064,0.1337647737893808,-0.1289417209244258,0.5990689779251192,0.38003111482429,-0.6421466988222113,1.7335326720169852,-0.36654334436479274,0.5980831540553548,-0.0837606712998389,-0.1568208867572114,-0.15944235873769072,-0.17185005533570843,-0.21022621707501477,-0.20184330352329935
03352022,"Hemmoor, Stadt",45172134.43141381,17662831.87199593,18259395.91039761,21446452.213487495,21492801.08335296,21522825.080423273,21860228.15279943,0.39101167333179554,0.4042181344811456,0.4747717256099616,0.4757977756394513,0.47646243312017983,0.48393170763251103,TRUE,-0.9732918327839891,0.13549088964744563,0.7490118615520874,-2.275731590960528,0.7797709560818957,0.8863864904585261,1.1791081895084674,-0.23738284048478278,-0.3359162912919182,-0.08351227080400457,-0.008334473706703035,-0.552600323160624,0.7854301807959979,-0.5162815439049241,0.14957000868412693,-0.44780814048157647,-0.7546169857116625,0.44995428781495983,-0.06833397393551857,0.40156297109193406,0.10149661950084121,0.1044579902713832,-0.5177980214042557,0.38073386241331275,-0.1676050028102935,0.2259542901284184,-0.029596360528152028,-0.055411775368852056,0.8237195544605564,0.8878208534786879,0.9218464652011674,0.8850872097036555
03352024,Hollnseth,20917479.79926818,1589741.4790686914,3060815.1188437105,4651074.6058507115,5471685.57756593,6309328.967229727,6371730.506892351,0.07600062217458484,0.1463281020570555,0.22235348858868909,0.26158436054793577,0.30162949971872166,0.3046127242879075,TRUE,1.2836973607846465,-0.7574150754155435,-0.7864144726572984,3.068625360536121,-0.37772577300789195,0.49444931948880744,0.17058772515685663,0.765905487784392,-1.1090566981600876,0.44880607555126545,-0.578824035515,0.03728013660531704,-0.06317554626685304,0.754305317249041,-0.09653724421759245,-0.665830651554245,-0.45336585714174277,-0.27512961677454423,0.8408548602863756,0.47085644465317283,-0.32290127136552227,-0.22059955155521305,-0.26456764546113903,0.2446834840876718,0.0062376650685917615,0.041702104374461355,-0.08671072909606514,-0.16234413140663811,-0.8488152639560026,-0.914869494126161,-0.9608855099101269,-0.9225695459226364
01051003,Averlak,9022409.02673614,8520847.259890502,8770192.150705708,8810223.989572896,8841152.509368146,8841152.509368146,8841152.509368146,0.9444093295527438,0.972045506329514,0.9764824409385036,0.9799104078710158,0.9799104078710158,0.9799104078710158,TRUE,0.3554390063820524,-2.1712084201469883,-0.7930987234990083,1.6795419934197193,1.2386697422991273,1.0381259400317273,-1.9963447154559602,-0.31667605471849775,0.7766780341431446,0.4749833901844627,-0.45303999376742293,0.37593444914056817,-0.5697110416316238,0.032349490366460246,0.794595552065739,0.6709712572609746,-1.300982313811892,-0.29635668035600804,-0.7261892539126532,1.0064436212442203,-0.4651802920758527,0.2780603600827385,0.8509628372402144,-0.05962851285128745,-0.007553091385094706,1.0248516057840777,-0.8696227124213148,-1.6281508109926572,-0.9132611899244871,-0.9843305584978022,-1.0242136354010651,-0.9833724192886539
03352025,Ihlienworth,40295406.99028379,4685195.735521821,21801996.063556053,26946513.25484866,28646459.56787536,35029686.148726255,35049702.11259344,0.11627121018163528,0.5410541223423565,0.6687241863904272,0.7109112851194858,0.8693220583966995,0.8698187890506922,TRUE,1.715443901840725,0.4780487317077708,0.7954392793541288,1.994668091421786,-1.8700587441437146,2.6270785625919166,0.3820501775022054,-0.67559899818488,-0.13021296627417525,0.02120762931112295,-0.7654597370716091,1.249063516281979,0.6400647532579338,-0.804238782309321,-1.0181625980387379,-1.5471907859192882,0.5122801117936147,0.6300850838784958,0.08781574272901783,-0.3815621651206962,-1.866038961907949,-0.42662773230392026,0.8098694063873231,0.717393874540773,0.5896279823200148,0.02953585864258984,0.9963106376342082,1.8653422334706127,0.18339760864679924,0.19766948660261346,0.1622201650476742,0.15575152550851323
15001000,"Dessau-Roßlau, Stadt",246249161.47121504,74213325.7142714,79499986.39480391,85106923.36659078,86309119.73076636,88573427.60301027,91625994.1667972,0.3013749377698753,0.3228436836894446,0.34561304841860035,0.35049508073494634,0.3596902709184004,0.372086522526119,TRUE,-1.220279913443981,0.5562024701591689,0.8839905832591396,-4.466507935367101,-0.23234638690871137,0.6619034917878552,-0.5659343315652288,0.02502575705473933,-0.48167811450183834,0.2798874481542432,0.2333405589604659,-0.11625313793663056,0.03419968320652028,0.3542614442314993,0.0084493401991216,0.19061114698150347,-0.13099348233886626,0.5525259503074041,-0.2004776162422754,-0.2791443614446254,0.4781002496542163,-0.3737757035445253,0.012224058707531817,0.1091300317736697,-0.07119094547689994,0.03681464468092242,0.0733043799914425,0.13724409911060156,1.5708384539536626,1.6930800407908302,1.8021547908774627,1.7302926414798692
14627310,Weinböhla,19096576.775836557,0,0,891726.6252854633,1328771.0974128156,1538783.0640251064,1538783.0640251064,0,0,0.04669562695727699,0.06958163827006668,0.080579000209722,0.080579000209722,TRUE,-0.9642430253539114,0.7525979832630678,-0.7852302168233539,-0.14715002613800005,1.6514999723028587,-1.97117058496835,-0.1915163770106169,0.22943454423337953,0.05888951014143338,0.19265419645464413,0.3772923016156122,-0.027830360440513503,-0.3577278816913018,-0.5563962258479775,-0.44332771073190086,-0.46842012535214117,0.09323854038958376,0.3504018405999732,-0.07080582408310275,-0.14677874990037457,0.19560878342772625,0.3949636987157012,-0.372962866691671,0.0193220456246573,0.6797628270703718,-0.3032941216557521,-0.3322917529713992,-0.6221331151530933,-0.6157824580570814,-0.663702232767161,-0.6582595080046346,-0.632010961905227
14521495,"Pockau-Lengefeld, Stadt",83390314.41918805,756584.631541128,793556.0674031053,799043.1380865648,809029.4623053148,819015.6986334398,848974.8763678148,0.00907281183445254,0.00951616591123571,0.00958196576727027,0.00970171977333566,0.0098214727254342191,0.01018073720288631,TRUE,-0.560191170465959,0.2521415223590364,0.24267412033953406,-1.1715870280425698,-0.7659170212555476,-1.8331277587400605,-0.08755379119227417,0.12090053048961642,0.45980549699827394,0.2780047325160686,0.5239697257594496,0.10603506879737061,-0.882665870972728,-0.0022036836587811526,-0.7958409486721227,0.4894445811388047,0.5593884926441364,0.1925943212945347,0.3880253960352911,0.520206665178052,-0.2169256339628199,0.0054456815333663875,0.053420689758469427,0.11705875260185075,0.09426725085957285,0.18477014902036035,-0.02179184258912951,-0.0407997694606278,0.2651350524900919,0.28576768308362627,0.3485510795747889,0.33465236794364184
12062410,Röderland,46812746.13874429,9615777.23465852,12082488.400501449,12469539.557810944,16114709.340215337,16914290.502604496,17024120.15397169,0.2054093815850739,0.2581025339699405,0.2663706060066108,0.3442376418690399,0.36131805753231566,0.3636642059732057,TRUE,-0.2559183976451535,-0.4545592938910507,-0.7416947193296001,0.3574141057081844,-0.013378038330973577,-1.9506440987092046,-0.5701098713236183,1.2342490835154543,-0.861371805809534,0.31938735677717445,0.569628348143641,0.24144033010563049,-0.26302431514777136,0.0019419989575484293,-0.13982126536419534,0.13142776585503305,0.37837081377202564,0.36103197490971906,0.13187005957799527,0.27585530341830766,-0.2168305628209024,-0.1996081472671962,0.091199546057478,-0.0460552105724195,-0.16477138511084607,0.16451211227361354,-0.4840574702886014,-0.9062764248912725,-0.4687275743029771,-0.5052036373461999,-0.47264846662573673,-0.4538012871863588
01051010,Brickeln,6020824.33266283,68893.14616262694,69584.69417107469,69584.69417107469,69584.69417107469,69584.69417107469,69584.69417107469,0.01144247736790513,0.01155733672440489,0.01155733672440489,0.01155733672440489,0.01155733672440489,0.01155733672440489,TRUE,0.03942073413609595,-3.84734215039506,1.1889336968314317,0.3034982570971261,-1.1841686324265155,0.05507801087144451,0.49685192896823177,0.7018217909570235,2.5687467457421946,0.9935935338189392,-0.3935698188017927,-0.47991683379601746,-1.1613836380999192,0.4297173376728564,0.38214304434856416,-1.1239311966409304,-2.052487081024769,-0.23103033450199986,-0.7559971436510431,-0.7704510363396541,-1.553417918894913,0.9307818084778727,-0.025150469567868153,-0.5292114155774763,-1.3917681679167586,0.20391210611334779,-0.872995906475844,-1.6344662723497159,-0.03451692807877277,-0.037203012093633574,0.0038181982070595493,0.0036659449536906646
01051011,"Brunsbüttel, Stadt",49858782.29993694,38248384.60983891,41759240.91561798,42753222.7618608,43225802.40778954,43608412.58108762,43908651.71097043,0.7671343511710129,0.837550357014451,0.8574863000999299,0.8669646632714536,0.8746385404832234,0.8806603307483096,TRUE,-0.9675119005699289,0.3350399986466929,-0.047279902674811455,-2.5244199842922788,1.8314263446744086,1.6632800964772516,-0.5808079259503283,-0.22610979281885873,-0.1367902050900954,-0.0521538745563179,0.2775157132216102,-0.1326996730696509,0.6971548971493587,0.2495729954947292,0.07249669857657193,-0.2308488967577363,0.37812351332467325,0.4540889541576417,-0.9173232020400266,-0.4845622166261502,0.6463251112313455,-0.4219448859761262,-0.040573871259132546,-0.0395842523515528,-0.04858747959363025,0.15309747546776753,-0.22658393486601577,-0.4242216906718509,0.5848098483500612,0.630319355505546,0.6719069506242381,0.6451142034576471
01051012,Buchholz,14568132.652381135,5835809.741735762,6120583.698195195,6126377.358898825,6126377.358898825,6126377.358898825,6126377.358898825,0.4005873560453823,0.4201350882945726,0.4205327824151491,0.4205327824151491,0.4205327824151491,0.4205327824151491,TRUE,0.0342899650294255,1.6218039043423618,-0.5128098840512055,1.1999308733790348,1.7743075161437354,0.8741967800549182,-0.42169994976068415,-2.522531521147864,0.4703117878966089,-0.8804752132012991,0.5934906477260116,1.1005243399852929,-0.6822454409246628,-0.613722956833705,0.017110130171779467,-0.3555528791775699,-0.1313260603106513,-0.7973072299939133,-0.3210030163787212,0.2604176361810615,0.2499833406052369,-0.17916377333141212,-0.2142536431921475,-0.1392330689373707,0.4556816912271877,0.03734498775228595,0.3810946617735273,0.7135043436295752,-0.5649409086610658,-0.6089042283583548,-0.6596012588567766,-0.6332992095285236
12070008,"Bad Wilsnack, Stadt",79693609.51313046,11620334.81489937,12557057.353717089,14917680.4910665,15097931.322923502,15107930.371751629,15457892.706712564,0.14581263022080565,0.15756667856345705,0.1871879135880856,0.1894497114029694,0.1895751800432934,0.19396652756913585,TRUE,-0.7283698339785458,0.6946537479281554,0.11001445314253476,-2.334054735305016,-0.399169754483282,-0.602286146812941,-1.2956232501951215,0.8267813563634473,-0.42546682818893405,0.4506779164522202,0.15022511424939028,0.6728209300194173,-0.31150937670211465,-0.11177205100552336,-0.3856145195302811,0.09476849705427542,0.9458571833786631,0.4617357164096936,0.3297936875073187,0.06484370271583158,0.07128567188248011,-0.024648019490446513,-0.10833157300266048,-0.02056686590237551,0.12291092328005129,-0.19394763204115464,0.025432789030714772,0.04761653012818498,0.6272772677631429,0.6760915607957931,0.7456562344828708,0.7159226844055409
15091160,"Kemberg, Stadt",236987026.99163863,95258565.21242668,100270649.23734348,104608546.98595268,105948938.72799698,107088898.66804284,108656042.43054812,0.4019568768031661,0.42310606833715514,0.44141043631744226,0.4470664072752601,0.45187662813214313,0.4584894110443511,TRUE,0.21721618558422728,0.011591913862636083,0.07903023570995248,-0.18643675697349976,-1.432783993900649,-1.2866064821251464,-0.64958977685356,0.06148263754222914,-0.15578776753119083,0.07250418455057958,0.17609748383371743,0.28402921057242125,-0.41631246908834396,0.41481773415954276,-0.389408916114887,-0.3406272625005911,-0.02829177033033791,0.3881337759099183,0.07637404521390516,-0.007385921646878274,-0.2415686153986179,-0.2931740599032464,0.2261456905496204,0.15911230411181582,0.10181623596319485,-0.08489377268558056,0.10261277838560529,0.19211673747751828,0.17675435209305973,0.19050925631369986,0.21448031625772826,0.20592776760442888
16064003,"Bad Langensalza, Stadt",126456585.70906514,2596585.498250773,2948441.8490619133,3024675.975423569,3543680.643655977,3731525.7104455326,3871590.0698205326,0.02053341456035085,0.02331584260740128,0.02391869081759292,0.02802290306816298,0.02950835410842533,0.03061596237247606,TRUE,-0.9639145489142668,0.5815717500089921,1.0530713721525655,-3.2009839036101257,-0.8386565388099917,-0.46473976288543806,0.6181754082898809,-0.5238882657412334,-0.08545969500633696,0.06027730920639333,0.4851537877737716,-0.19201257517203807,-0.20013633055071164,0.3902950980957302,0.03530157796380802,-0.12339533082177634,-0.7575807070162965,0.018752555306583093,0.032600217403376354,-0.6460102076158615,-0.10565956373109449,0.12276830857395964,-0.13182078929607235,0.1630721248398956,0.13561627887102287,-0.09883458388353267,0.2235761910824303,0.41859044345330976,1.2668561768263975,1.3654420683036215,1.4601430375905815,1.4019188397356899
16064004,"Bad Tennstedt, Stadt",27498221.08486567,48589.82666032262,91803.49939124795,91803.49939124795,91803.49939124795,91803.49939124795,91803.49939124795,0.0017670170921371,0.00333852503068914,0.00333852503068914,0.00333852503068914,0.00333852503068914,0.00333852503068914,TRUE,-1.1687054954713632,0.5086917197225189,0.1811961565050988,-1.9170934792923202,0.5934222267217206,-1.266285884722058,-0.33323607289486695,0.13402574261078046,0.32746985929771577,-0.024855806496792678,0.2873521913075659,0.878138732392769,0.16772984822525286,-0.640219771093794,-0.2589598432961872,-0.32189426679396194,0.20708299819178977,-1.0629937636164937,0.4847884093629319,0.484366649482798,-0.2260322903364363,-0.17910925934110325,-0.14396685534149584,0.1810022972309377,0.4326075898445846,0.022114859474222096,-0.1596058730812485,-0.29882203855150424,0.2899007066537819,0.3124605837164935,0.3421027838067692,0.3284612023601029
16064005,Ballhausen,14763970.830593009,107261.65446501116,252701.23606151863,527859.5748873918,721264.2434715331,851311.6653465331,942372.7877739612,0.00726509525762202,0.01711607527277732,0.03575322526332774,0.04885299840724237,0.05766142964618275,0.06382922308551527,TRUE,0.06677635264521403,1.1395211824693525,-0.18396838631726614,1.5132533091378566,0.4570173137668489,-1.5050353460244685,1.519738700096852,-1.2220610828535077,0.8021113752621255,-0.5093698518033427,0.7573965366611847,0.5581388336611943,1.3459839178056792,0.7952047377424643,-0.5672372702485661,0.014188112022846274,0.4248250370966862,-0.36695465101470465,0.013958139521939696,0.7473642623955791,0.47194088144354307,-0.09246574013338399,-0.14918291565661862,0.03531259944274816,0.23840657725793324,-0.11986450647824287,0.3407763829324335,0.6380184605502569,-0.6296490639787106,-0.6786479285898804,-0.6979474442471707,-0.6701163146660442
01058075,Hörsten,4929022.675857492,0,36002.007739108936,36002.007739108936,36002.007739108936,36002.007739108936,36002.007739108936,0,0.00730408645012892,0.00730408645012892,0.00730408645012892,0.00730408645012892,0.00730408645012892,TRUE,1.3790197900228283,-1.3932926585010623,-2.043046707440169,3.2501104609699185,-0.6675511742537977,1.014954469102698,-2.89183409228084,-0.6306996750040783,-0.37249567752078105,0.3068691541640614,1.6304956431756665,-1.9962159348728121,-0.42542114017125293,1.7385103912238606,-0.30834538300616676,1.0165755065208604,-1.7295336034195754,-1.2945253759134872,-1.7490569024448228,1.542888869530989,-1.7628781103238744,-0.5742883832982059,0.14021302620309212,0.04731550695694139,-0.6178967237951342,-1.1032324824323334,-0.6857731919728011,-1.2839386123652632,-1.0899950283764606,-1.1748177048127304,-1.1098746727251032,-1.0656176644216473
12061572,Zeuthen,13399174.843686089,1146057.6527693295,1266687.0600018497,1266687.0600018497,1480566.9040155285,1480566.9040155285,1480566.9040155285,0.08553195746299039,0.09453470641132304,0.09453470641132304,0.1104968717318586,0.1104968717318586,0.1104968717318586,TRUE,-1.062214454487741,0.5146581376725354,-1.63394772955215,-0.23481913037033975,3.184986839525534,-0.32027083576234544,-1.631940172664834,0.3472017599408893,-0.1591885268090142,0.3036539472577008,0.19747206758423352,-0.29766374227493636,-0.0942271696938349,-0.6908545860299923,-0.41700463448944064,-0.29597375595148623,0.7855599101453875,0.3723893075023857,0.02497154141092211,-1.637796253790605,0.21013797442081056,0.49643153020191444,-0.11663143491532355,-0.0019834294065295874,0.07840480342720493,-0.14713063569721915,-0.7271680154557852,-1.3614400557637034,-0.8525717077069117,-0.9189182617909774,-0.9283568103330394,-0.8913379503904129
15083120,Burgstall,117255764.73535794,0,0,892478.7363532751,1383851.853795816,1469379.196375806,1504006.742992189,0,0,0.0076113847226835,0.0118019941869734,0.01253140261113935,0.01282671897954593,TRUE,1.2579481946486488,0.49512851825714693,-0.14004820836565512,1.7563025695517864,-2.825262896150861,0.07413734528795923,-0.19251693961599728,0.13838424922921613,-2.137708694916081,-0.12573888113638718,1.385469500337251,-0.6788221022015244,1.188944418230568,-1.1296400243316858,-1.2471144263324272,-1.0245352948218571,-0.07489211758455003,0.3251040631285576,0.12770537856675976,-1.2176070398173646,-1.3405921452707712,-1.722847374609682,0.08324167276879234,0.1758855057511997,0.19303334040290732,-0.07708677860432141,0.5376761681800469,1.0066640127605653,0.10097339986460756,0.10883108159930588,0.18824085968034365,0.18073462722486522
12071301,Neuhausen/Spree / Kopańce/Sprjewja,134615089.8409248,5132638.9415203165,7296927.053825004,8002582.183664175,8451220.601469431,9548325.016508492,10765103.802641304,0.03812825848562428,0.05420586252587145,0.0594478835405515,0.06278063337071849,0.07093056972878588,0.07996951764740841,TRUE,1.0150741208243625,0.01170941468256178,-1.2520940953730568,2.888773301439098,-0.21886588863766385,-0.8744993550732585,-0.9750187079883309,-0.485789855626744,-0.93621377623305,0.3853019131636054,-2.3774228510773957e-4,0.10284330406614223,0.14395902700495644,-0.04134313396013565,1.129186312748695,0.8716187012727766,0.28004107146569507,0.37897979447464036,-0.5623713567643098,-0.6817208386678189,-0.16044604723379502,-0.41010058608986266,0.5251253905034101,-0.3599203532983083,-0.026884186900802604,-0.31854588973567405,-0.07510351995537749,-0.14061253826189038,-1.023919217301109,-1.103599918776762,-1.1277616403405268,-1.08279137702393
12061112,Eichwalde,2828092.221003644,30508.41745709029,47882.76424418377,47882.76424418377,61137.778040548874,61137.778040548874,61137.778040548874,0.01078763175773078,0.01693111840150352,0.01693111840150352,0.0216180284314958,0.0216180284314958,0.0216180284314958,TRUE,-1.1041746432822621,1.0826682993039827,-1.8318474415327204,-0.31235601905661664,3.734455280832117,-0.1537310766695475,-1.3617145762852505,0.20431388793729477,-0.7982608609137565,0.004747633637487658,0.08460084766260227,0.116057630131059,0.04165064293991082,-0.2522805473801981,-0.5581440275916532,0.07908460326661325,0.14247000510827956,-0.36123879903536393,0.1668918642011811,-0.179366467114007,-0.24103065021141176,0.06235011604411158,-0.0981705053278264,-0.027236829774023235,0.05715380264048692,-0.49636357305017403,-0.6177845951703332,-1.1566469864209756,-0.8360369243593099,-0.9010967527782809,-0.9364110049401471,-0.899070978503353
15083125,Calvörde,106721965.34900963,21699.893339634975,21699.893339634975,43315.84833638421,43315.84833638421,43315.84833638421,43315.84833638421,2.033310881098419e-4,2.033310881098419e-4,4.058756620038779e-4,4.058756620038779e-4,4.058756620038779e-4,4.058756620038779e-4,TRUE,0.9587112352596366,-0.13124992073780253,0.03888389941055435,1.356323468805115,-1.9111427720303698,-0.07222098426009001,0.07680515561238468,0.7304633552134926,-0.4315576619273975,-0.5842743994906452,0.24788932799091812,-0.7700008411811391,0.57011275893675,-0.3350340506380614,-1.7604967018551696,-1.3159525898319058,0.34103874382766974,-0.4560202494925373,-0.030651241353174423,-0.020662400611257414,-0.13102592904465937,0.3231761864483988,-0.8848706870242173,-0.7649922076867138,-0.3940837648152262,-0.33649880896635626,0.2887817379774628,0.5406715052079761,-0.026831835802704145,-0.028919871130602768,-0.05435165921187362,-0.05218434979202687
14521035,"Aue-Bad Schlema, Stadt",36154219.44081664,662259.8926630096,701433.0055872771,701433.0055872771,711424.3483607146,711424.3483607146,711424.3483607146,0.01831763768948487,0.01940113813646292,0.01940113813646292,0.01967749157260315,0.01967749157260315,0.01967749157260315,TRUE,-1.288240919259536,0.48584187526844624,1.2027638978099542,-4.558383653351749,-0.6144815118652958,0.47601046036906886,-0.1538156151391366,-0.11393194628338064,-0.3687832611849275,0.20604622970885642,0.36159977370739976,0.012906248403827314,0.5062165109852718,0.6414443729861735,0.142549406515324,0.21082122664054254,-0.862162281023084,1.201311923567726,-0.21965639379064614,0.39915648733427406,-0.2787408228705972,0.3061913150637708,-0.3613150613086727,0.12364898368141752,-0.17121836241450336,0.022743360892017273,0.13345495127295479,0.2498609845884255,1.70032122081571,1.832639069059291,1.950765324013271,1.872977228415983
14628210,"Königstein/Sächs. Schw., Stadt",27219880.42565963,1517792.4355487768,1587629.7841815893,1706968.733243004,1786579.6627308608,1852855.8811411408,1972359.0849838925,0.0557604372911934,0.05832611162703576,0.06271036854496535,0.0656351032698398,0.06806994932257274,0.07246024060872029,TRUE,0.8904103449376446,-0.0755315065299106,1.2353665759482322,-3.0177822037504267,-1.1944283597250749,-0.06785024915100908,-1.0355798596855852,0.6930024299681002,1.6151553314575708,-6.318248927254489,-4.258800720664517,-1.2232807700671133,0.4259904918953731,0.2451409426659935,0.019048604092557913,-0.03014658303638839,0.5273103732144822,-0.35796523002629344,0.7153107185669283,-0.5696164479626723,-0.05733060628177903,-0.5975816164142895,-0.07549183944338306,0.00370248981881831,-0.39821481325552244,0.0017870255525061927,0.6834151381186554,1.2795237468837697,1.6343959950579972,1.7615835867886072,1.1651248994370802,1.1186647507228644
14730180,Löbnitz,37261868.98507181,9302473.223485986,10316028.186295588,11090536.053969571,12268157.959242243,13191979.784422822,14198744.527371189,0.2496512782870024,0.27685214046639717,0.2976376750831464,0.32924161598435187,0.35403430218993887,0.3810529346517647,TRUE,-0.7856329348624913,0.7859027242970631,-0.47231843670267765,-0.10364148465325534,1.0869663089891926,-1.858506815303451,0.661196272298111,-0.23486695944927732,-0.33718583336807284,-0.11823394276595846,0.4720591736171919,0.14199877606536143,0.5334196288573776,-0.07810873297092863,0.029558450167994823,-0.37506100899312295,-0.09483721001127228,-0.10926528156630558,0.7428317807377232,0.48728706361578145,0.2643132482173964,-0.1975106843986403,-0.4627685352415148,0.39481711622820653,0.18315508542467984,-0.10474845794229189,-0.15734954908936863,-0.2945976367681,-0.3498326083761785,-0.37705634552601464,-0.3737277883432799,-0.3588251383068308
16075098,"Schleiz, Stadt",108227471.47247496,1744117.3890948694,2161964.857323793,2171963.8075191057,2171963.8075191057,2182710.135602461,2182710.135602461,0.01611529277516608,0.01997611907503204,0.02006850735740872,0.02006850735740872,0.02016780126067697,0.02016780126067697,TRUE,-0.8414917159144211,0.22147495964867547,0.25689561859034254,-2.512116710470958,-0.69452618225083,-0.49918148981770594,-0.6043083963161633,-0.452095223651455,-0.11745231717181505,-0.22197786038495168,0.5997390583627208,-0.9197001928978766,0.15299150620995586,0.10045900780107879,0.02106463279551521,0.189623837634799,-0.28499212074615626,-0.33354766288551824,0.6797943518943601,-0.054260481740642394,-0.44913645708061245,0.44137104345535666,-0.3614653678676809,0.2708951934381937,-0.10439547752453285,0.05024567769268104,-0.12104037922513435,-0.22661780653077487,0.9085780619081869,0.9792829926243606,1.0445819112616348,1.0029284962802514
14627360,Zeithain,81490482.71897905,16359008.375360522,17909881.965293784,18758634.167243212,19028257.998297896,20745551.234773125,23214543.595810015,0.20074747172347435,0.21977881793946707,0.2301941716547759,0.23350282589338783,0.25457636944321976,0.28487429232522354,TRUE,-0.34187400842801896,0.11111848515650158,0.5759942664971018,-1.5197665362227097,-0.5589637536819831,-0.9177423967108245,0.3795465901713178,0.1811361532230269,-0.025217065281867835,0.49633350508055296,-0.7206833131318301,0.6500140144896129,-0.5688330459559895,-0.11455639661154096,-0.04287652277405481,0.017337120006849532,0.5291924381533416,-0.06174467822939626,-0.6029238095334783,0.4444842485352683,-0.01338292065299191,0.08536339242514224,0.006473600741689229,-0.33851781118056073,0.2236448969861752,-0.13719368475576654,0.11507958107519482,0.21545770433546158,0.5564617814854192,0.5997652612365085,0.616829627107649,0.5922331257191699
12062464,Schraden,16521516.535884708,2473186.391198851,2699364.640250865,2850170.758307348,2867864.8225676,2920230.036305822,2964355.2938338867,0.14969487733326986,0.16338479790204785,0.17251265960463022,0.1735836305546529,0.17675314672010206,0.17942392197443327,TRUE,1.0629646084674789,-1.279480647540792,0.2196230717966505,2.6436895845939925,-3.4165810245133375,-3.5997889489892323,-0.7967732089691641,2.7926680631730454,-0.12959090556791622,0.6643852796605563,1.0306415335864918,1.2352333547287013,1.1891664474026322,-0.7058004109760007,-1.0090486724252496,1.037404711919849,-0.10642129483834982,-0.09853626299622115,-2.146178731306293,0.7101306896874862,0.5542316960127811,-1.2909057782049393,0.17760336169844052,-0.6593145023696382,0.45199273876351737,-0.02334071910515348,0.001035677574445772,0.0019390469667769068,-0.8715745232921583,-0.9393998636420351,-0.8758728134467427,-0.8409467886170142
16053000,"Jena, Stadt",114774805.72667123,8523232.328686666,8751811.181090659,9167923.648652531,9297921.11642597,9637914.68673847,9847910.50314472,0.07426048142467949,0.07625202347919917,0.07987749219532855,0.08101012288854026,0.08397238946054537,0.08580202284634558,TRUE,-1.303221908406489,-0.2496458806286609,0.3132944390910349,-3.1016323221945625,1.0946966664248294,0.9003430907041807,0.08572965208193375,0.1589351599083357,0.4452610845643593,0.006853529577269865,0.13813309860326267,-0.9127734305893723,-0.19670052826693693,-0.6215941350376741,-0.29517841667886047,0.665488031903044,0.5289567096283018,-1.2002055442881605,-0.38622250616414017,0.32086920520418655,-0.854298433553057,0.6019225893064553,-0.18002780828311202,-0.004063587101409334,0.23479325803512563,0.3014529815038122,-0.4131911166480384,-0.7735969197404512,0.8509824762379462,0.9172053574031773,0.9673443920026455,0.9287708756937765
16064022,Herbsleben,25026925.58213634,3429567.21318592,4554498.405855121,4748046.331673197,4883862.767545013,4993905.025357512,5103947.762662199,0.13703509853538975,0.18198393529831008,0.18971752307691547,0.19514433570821835,0.19954129039813223,0.20393826424709885,TRUE,-0.80781149522053,0.04498449903327298,0.13618488549321273,0.07882717361714933,0.6053846515931962,-2.2507426295468327,1.894216066188195,-0.6170901257781504,0.7403247636400017,-0.12970468165584306,0.5762893020416712,-0.593827924075301,0.27280043561693285,-0.3915768746628505,0.03201553582847355,-0.7422440913826707,-0.5633264018970372,-0.4205225535651358,0.6945691979080065,-0.05455508800690827,-0.14704929684594353,0.0755336011450725,0.8070771559342672,0.3047356673157305,0.3234627659167663,-0.051641971817073716,-0.20888070356468144,-0.39107682222631096,-0.29128834187408087,-0.3139562037718043,-0.302307934565636,-0.29025319982930625
03355003,"Artlenburg, Flecken",11794513.072966391,8863701.596938891,9055616.569442,10201291.086060282,10331363.786255594,10401585.733663425,10584061.548204744,0.7515106000649517,0.7677821469542411,0.8649183754301943,0.8759466136788292,0.8819003946423506,0.8973716407558983,TRUE,-0.9391276934751445,0.6421039649780145,-0.6039196787184962,-0.33393258735603404,2.4521308885204958,-0.126332915759372,1.1787844595206103,-0.5742463393493684,-0.44475918820064586,-0.16868525240217766,0.18585632347458508,-1.147688067734167,-0.08678511130551332,-0.07489556471928684,-0.10593239797519838,0.6049276306578976,-1.4252743410058828,0.40571660609645765,1.1860672841258462,-0.15079366875116898,-0.6295633830671015,0.5782963892777633,0.8196745767085326,0.2107698689285503,0.048323030290224514,0.0709971713216863,-0.30031446907187537,-0.562263656857335,-0.29158492330710145,-0.3142758649714983,-0.32859652309817045,-0.3154935129938536
03355004,"Bardowick, Flecken",23141644.727642484,2355696.939927979,2415730.404000245,2455753.97626587,2455753.97626587,2475765.708687745,2627389.866153447,0.10179470680033906,0.10438888127578404,0.1061183854980063,0.1061183854980063,0.10698313528815286,0.11353513966166172,TRUE,-1.041785914084301,-1.2176841264621647,-1.090044189798212,-0.697800789780923,2.9457103312477924,0.23929718191985072,-0.174456789909222,-0.01451402344475153,0.044999684279724235,0.2506068615852853,0.0043453267626594695,-1.2544323045582029,-0.5689060252730016,0.3967975497311738,0.09369785191749218,-0.29514324642353296,-0.7637256964278633,-0.5844711068565521,-0.27880576953597663,0.045799640312120166,-0.4524012956585555,0.028116018126902707,2.449187036702603e-4,-0.060203682848179375,-0.5038373340004357,0.19720842742358857,-1.116504743448226,-2.0903756049113764,-0.43512543668254144,-0.468986604086111,-0.47319673316887123,-0.4543276912277638
12062453,Schönborn,38868211.06746749,1620420.98502168,2349251.662756055,2738623.783849805,3157954.37564668,3776965.811193555,4146375.807287305,0.04169013547366384,0.06044146612969198,0.07045921869406592,0.08124774176421701,0.0971736467273344,0.10667781442500714,TRUE,0.18839972076271042,0.554106079773498,0.8013863677445381,-0.38039139627029245,-1.9014801195004667,-0.11736794379299312,1.0364317361861297,-1.0225444044155536,-0.32492121249709366,-0.455056588714557,1.0873973739000584,-0.5318708766009896,0.19867075972962697,0.23346822903069792,1.1231990967160963,-0.009065553310310339,0.11552254924491122,0.3379564235455832,0.7264320891062834,-0.8541384497109122,0.7214500044178136,-0.12816686349437556,-0.746733364859752,0.0752566898578824,-0.7472173850949898,-0.05647389658326754,0.5146307227602488,0.9635171858504684,0.6882720764527025,0.7418329442742975,0.8100409913969723,0.7777400552972485
15084025,Balgstädt,32846131.485708393,251562.517429968,277363.5719485111,309535.3916752788,328561.50042060856,328561.50042060856,338519.0635323317,0.0076588172199038,0.0084443299531086,0.00942380054131976,0.01000305014803853,0.01000305014803853,0.0103062080135563,TRUE,2.3746562713460784,-0.3239326778075885,-0.07680572872023028,1.2618686123478935,-1.7258458236869674,-1.9825507611959021,-2.6563898557118697,0.7087509094012681,1.7285395490155204,-9.006687517996776,-3.5710867302975013,-1.3163596389946592,-0.23944634717602,0.7331653818834307,-0.012712753110435538,-0.8296267276263328,-0.8038686043683386,0.04382044200713434,0.40794519789607486,-0.4143380389661358,-2.4986978331549136e-4,-0.4563500164513923,-0.3230619937817907,0.016041074658236027,0.3104722035232219,0.14253661391458552,0.6579726216060866,1.2318890044811774,0.09014826927210702,0.09716354666025001,-0.712560361046702,-0.6841465314580631
01061101,Sommerland,19092467.343903963,18753679.152704556,18753679.152704556,18753679.152704556,19072450.70399476,19072450.70399476,19072450.70399476,0.9822554002530438,0.9822554002530438,0.9822554002530438,0.9989515949118232,0.9989515949118232,0.9989515949118232,TRUE,0.4486597186324564,0.7496329088439109,-1.1795188063918032,2.50471980216274,2.4036971888252734,0.8317462119259267,-0.01309546928449495,0.08238202310556571,-0.5022553659511984,-0.3515418001834371,-0.0537536131293313,1.1919654696482975,0.07839123340926374,0.31336667844385435,-0.11792334231006028,0.7290566370389436,0.1346647998761529,0.7520402748632635,-1.115674595500601,-0.028015409295232926,-0.3590468100860729,0.7196403434391293,-0.1878993005117923,-0.12758045700508033,-0.04608958769549541,-0.16065073278663644,0.0062579403615213485,0.011716426594224493,-1.234167286696872,-1.3302093508369681,-1.4169321105308927,-1.3604309778154056
16064019,Großvargula,15220881.260040574,403309.7825610055,413313.881193818,448023.7843956848,482168.01455080666,482168.01455080666,482168.01455080666,0.02649713743052552,0.02715439889008872,0.02943481239630211,0.03167806162555409,0.03167806162555409,0.03167806162555409,TRUE,0.3904153762605116,-0.5471008162253207,-0.4938755709432375,2.5199781847480844,-0.8573243748163548,-2.6182079255710864,0.1791517552199767,0.6707660967782929,1.1387526982255927,0.21596603179216,1.2220022177323633,0.3735531847975469,1.7284097308841713,1.1614381197436023,0.34969722260061403,-0.3763355409100074,0.7333664250145124,-0.18271943439435154,0.05615056683960502,-0.3818021014188193,0.7588936907685334,-0.42179053613813805,-0.09213215396993461,0.14728695422908916,0.32787655895752577,-0.19312011063422088,-0.2168536703026822,-0.40600420633792134,-1.1279698502674325,-1.2157477016780147,-1.1831496020508359,-1.1359707060466349
12067288,Langewahl,13351545.32858188,2383414.0258137193,2844710.272276881,2976975.4575312934,3142416.9645000566,3335997.209239945,3464976.939905841,0.17851222215540133,0.2130622487710963,0.22296860657458367,0.2353597944780992,0.24985850904453127,0.2595187938648799,TRUE,-0.3874019540097506,-1.0280633087736941,-0.6562561630278724,0.6653107463633081,0.8308578831582194,-1.3002761671562328,-0.49280132504602137,1.4905550734576545,0.9065982624081761,0.6139346908289227,0.09275353521387408,0.11959260714813556,-0.07882639847952677,0.5052862374386551,-0.3997375450691876,-0.43300024798037917,0.5279996239175004,-0.04655544800401657,-0.12863383777948378,0.9443092658651947,0.09311122897918617,0.4709314362532487,0.1186278626140254,0.2944738350161245,-0.4105769269960358,-0.47145907960200406,-0.6905738086037724,-1.2929265651283852,-0.8011042286276774,-0.8634456182740382,-0.8559564665210715,-0.8218246195863118
01061102,Stördorf,7213693.931522623,6825827.980866184,6849489.095693515,6849489.095693515,7112086.809227636,7112086.809227636,7112086.809227636,0.946231992327602,0.9495120198768632,0.9495120198768632,0.9859146890262448,0.9859146890262448,0.9859146890262448,TRUE,-0.031296056562981595,-3.518150284119234,0.8511877131914087,1.7491675805035458,0.2330266494531583,0.38183805517940295,-0.10074351062823271,0.7515268838104793,3.734608278554364,1.1382598292899917,-0.3281728694135323,-1.3362761426412586,-2.8039687762378978,-1.9106374908972186,-0.09593863117663762,-0.719913358097734,-1.4007243057081384,0.7590339685320416,-0.8649732219283434,-2.733675652047589,-0.06991848257712449,1.1211929879745999,-0.1379352121949236,-0.5593106022291667,-0.5098250762769512,0.7970590166927075,-0.8994195424969357,-1.6839379153997562,-0.9354931795610808,-1.0082926265424488,-0.9975665676291009,-0.9577879214884424
01061103,Störkathen,2007457.4293893191,675732.3079568404,865947.1174210847,865947.1174210847,865947.1174210847,865947.1174210847,865947.1174210847,0.3366110274938195,0.43136512124419546,0.43136512124419546,0.43136512124419546,0.43136512124419546,0.43136512124419546,TRUE,0.6029504199944528,-2.0408292552935565,0.9800368341785927,1.9399619879049952,-0.016737644211220582,3.319547966138306,0.45676838558689264,-0.511024560149853,4.612001056157929,0.3121366523430494,0.34187066844423314,-1.4688477828802105,0.5166952039759568,-0.35327471572357555,0.4836234345686647,-1.509355995020663,0.34229799353739654,-2.1175713696563827,-0.18264016824483298,-1.7480117315423525,0.1331675808607212,-0.7641294550040848,0.08513559915261021,-0.1915765229631222,-0.8819754901109782,-1.0622531822313634,-0.15261400037350367,-0.28573150738566583,-0.5131735055321678,-0.5531083209049106,-0.536824241300924,-0.5154180091482277
01061104,Süderau,9143939.494940234,8219350.767196977,8248945.148038069,8248945.148038069,8805317.529913245,8805317.529913245,8805317.529913245,0.8988850781159613,0.9021215803760068,0.9021215803760068,0.9629676065535686,0.9629676065535686,0.9629676065535686,TRUE,0.208561455080836,-0.1782320338520822,-1.1697472706260263,2.0343629419776588,2.0194654752021606,-0.31624483601852493,-0.16601091842948998,0.28525894114274425,-0.1284585408239725,0.07344726170090601,-0.2850920250034225,0.924301394394273,0.6503112419099756,0.7172555398773554,-0.5182168550796902,1.4049395736279946,-0.19182149656122363,-0.18415577690484403,-0.20075758499937488,-0.13153024689780807,-0.43758265667645313,-0.1801232751007391,0.08206279661466931,-0.08845922692621337,-0.8232508157215378,0.20504612837612746,-0.3798059497990908,-0.7110915530982966,-1.1849238917498774,-1.277133868176295,-1.3469637595427877,-1.2932526624653393
01061105,Vaale,14939398.5273491,4410355.11427973,4410355.11427973,4410355.11427973,4866245.34058426,4866245.34058426,4866245.34058426,0.2952163774335244,0.2952163774335244,0.2952163774335244,0.32573234669895,0.32573234669895,0.32573234669895,TRUE,0.14274552339410485,0.0015556993154246322,-0.8343334311341735,1.7678687401346476,1.4066052198153365,-0.20274539939029634,0.7719509670926193,-0.44667202475232776,-0.25543329119267594,-0.08993303558209957,0.052682523144522715,-0.4017921518075927,-1.3014807193913749,0.3762955679075783,0.30391916775896316,-0.49495317556856727,-0.2828756076347764,-0.36507578760414416,0.6048864581061965,0.5015411284491522,0.36537207303073194,0.18192563654779334,-0.29178015454962325,-0.07228479141896238,0.14740141687127156,0.0568116790041224,-0.230010736141548,-0.4306375181291786,-0.8170853918740677,-0.8806704248434104,-0.9232841242501979,-0.8864675411191846
03355018,Hittbergen,14698093.731524931,13066914.933613088,13079480.380825035,13079480.380825035,13366281.58342556,13661682.988833958,13798082.96149661,0.8890210643837955,0.8898759675733838,0.8898759675733838,0.9093887838500538,0.9294867238145278,0.9387668369471648,TRUE,0.3014238450611022,-0.4049497043254015,0.26500011558502407,0.5691270595378491,1.2482957677212947,2.293009735412896,1.5771945424020524,-0.542986999875476,0.32497495634840523,-0.46569042788264414,0.0202822828249754,-0.06588498026765466,-0.7514573886704362,0.8207557811214241,0.2355442976452211,0.021539163178779155,-0.1376582325278365,0.36176987578844466,-0.6481717766780611,0.6537220872331225,-0.2078342917229198,0.22687990135599134,-0.15289250941488544,-0.2122625314527584,-0.05104243226977165,0.6202884879511097,0.05382475210690826,0.10077337280018529,-0.03566529485537213,-0.03844074399666542,-0.07001168458385061,-0.06721992098917508
01061106,Vaalermoor,6207260.511938371,6175672.356069164,6175672.356069164,6175672.356069164,6205218.3647081945,6205218.3647081945,6205218.3647081945,0.994911095513318,0.994911095513318,0.994911095513318,0.9996710066822152,0.9996710066822152,0.9996710066822152,TRUE,1.6832476734695399,-2.8666680617062954,-1.8368316618789986,5.21202865867588,-1.0706866111247937,-0.5271229490567645,-1.2516030762467523,-0.8248580003006545,0.7521344413117526,0.5120110951290775,1.8341671238229458,-2.6277718678494644,0.2989492994477185,1.6416300468392402,0.1808431618775529,-1.2207071710896618,-0.572411469341401,-0.20696625657964754,-1.4345050691708585,-1.6183908109346852,0.17173511657088222,-0.10225289483588307,-0.545652629707974,0.07677941306721811,-0.4407073526180485,0.32018219980601453,-1.0067506833719182,-1.8848886053533398,-1.775316691268098,-1.9134706363366747,-1.8560228642363223,-1.782012688734051
03355019,Hohnstorf (Elbe),10238061.126058638,8275564.297051409,8487485.295967601,9099427.103692222,9149453.98552816,9337120.02051348,9577138.343437014,0.808313624538523,0.8290129538653225,0.88878421330497,0.893670576183641,0.9120008081166832,0.9354445363742364,TRUE,-0.9555855363209343,-0.8354967967511938,-0.9615972025210547,-0.4447467459350182,2.893878362024319,0.372044628155429,-0.675820498111566,0.06476935337693682,0.06003133843121769,0.2703259628175723,0.10432537598346532,-0.650809654403692,-0.40598518844363773,0.38646221215797366,-0.029574409870253966,0.2849640692923496,-1.3891763241604393,0.7397245793228979,-0.04264746612903543,0.04024796129496787,-0.4144998426476499,0.06835453812622715,-0.10147302180363604,0.03827032547336844,-0.5080197409753905,0.435829180696933,-0.9175598451977276,-1.71790109061595,-0.5465168137380226,-0.5890463828203054,-0.5913826689681888,-0.5678008823626955
01061109,Westermoor,9368196.88403059,1348047.8552104193,1633192.9876138568,3793739.641330281,6104199.8843299905,7147099.786987833,8005434.450768172,0.14389619175365076,0.17433376004275317,0.4049594269092747,0.6515874890220826,0.7629109289078958,0.8545331134547953,TRUE,1.3086726368115742,-1.6698091742625791,-0.26987162697955064,3.5226789678531736,-0.11395305150540966,1.0717833659139546,0.9091308184777377,0.9668645637356993,0.039872832397693306,0.5978756304668199,-0.56202381310342,-1.1714551570093863,-1.1357533743826838,-0.35259278987736775,-0.24420156404934526,-0.11653071016897766,-0.9814056569508358,-0.03297715328447219,-0.4234934268866183,0.201744513358185,0.2653939779301255,-0.8443242690304563,-0.20645997669162935,0.24616140705476927,-0.1884210037723731,0.06778781605582393,-0.21033605481018522,-0.393801603072994,-1.0287607336477762,-1.1088181986533932,-1.1526488305987719,-1.106686173624606
12062461,"Schönewalde, Stadt",156292913.23826408,4285289.809604101,4976191.160650796,5605688.032694424,7275352.067489935,7774710.609482123,7774710.609482123,0.02741832448328158,0.03183887904798815,0.03586655284970414,0.04654946866592005,0.04974448584005724,0.04974448584005724,TRUE,1.034666017228877,0.011915050431295917,0.22231721522271522,1.1279864540571194,-1.8258876414371148,-0.709429636903035,-0.19726508161228995,0.5953130931392149,0.03818048478621714,-2.2908376590102284,-0.2537245911862663,-0.6985178624757482,-0.031605281691096956,-0.44532037512160927,-0.4263642876499111,-0.35383114518474607,0.2517574435894591,-0.20289257105390934,0.44007095803704266,-0.3061445158256338,0.3048284412490373,-0.41425472542749814,-0.38961729132366785,0.13801418020519632,-0.2292885802359451,-0.04534156535502111,0.4229660942942961,0.7918981181278263,0.04285123724148564,0.0461858915626547,-0.11963997409235481,-0.1148692486609601
03355021,Lüdersburg,19133387.653780233,11417299.06477516,11447315.155595474,11532905.16404076,11856676.563346151,12153817.562791146,12931359.597327264,0.5967212535162019,0.5982900342968694,0.6027633669859908,0.6196851690820993,0.6352151423843589,0.6758531124399385,TRUE,0.7326519042722939,-0.7430763874149332,-1.6047164938267728,1.9047098056797473,1.6975973905604254,2.0452551762991416,-1.6870526957153704,0.14785675376034932,-1.1377343264897173,-0.3797024448130629,0.8026555045020005,-0.11661657045982109,-1.1528915415612329,0.5553767513113299,0.35567026981309985,1.3979334959500231,0.3065141808383792,-0.7368645830025111,-1.481311256755424,-0.9300229430730685,0.18777618246748187,0.10957711124533179,0.1693662364613661,-0.9043350928927463,0.38803322766343423,1.098739646096944,-0.5383803256564708,-1.007982371342891,-0.8813637720737114,-0.9499509051477152,-0.9701493664485044,-0.9314639998736619
03355022,"Lüneburg, Hansestadt",71074374.91151105,3814626.1830064463,3914684.321678322,4123774.356262522,4183809.276184397,4303878.967590646,4745758.244934881,0.05367090723985583,0.05507870208569795,0.05802055046416798,0.05886522788829756,0.06055458064807544,0.06677171977725363,TRUE,-1.3892761159172602,-0.785244677768052,0.6578278169104641,-3.741799271340355,1.8624707052060505,2.608120112791801,0.8195868346664119,0.18824189505190556,0.2765160736559864,-0.04623957040183402,-0.2402673685121568,-1.3814003258843526,0.0547472148426598,-0.4383321751642957,0.38102893933622217,0.41133502056992755,-0.004233658704868846,-1.2893084438668643,-0.7425032404663348,-0.16761479308929417,-0.33871278009294925,0.08552560194688136,-0.03627128960684348,-0.04209723908918571,-0.5431776661038253,0.13334188405311181,-0.5055643255916161,-0.9465426270078295,1.1782561917295016,1.2699472922466915,1.3098397759714777,1.2576090230171535
01061110,Wewelsfleth,17447722.674192406,15065075.17209753,15306578.708093708,15507370.015839985,16587961.469760016,16587961.469760016,16587961.469760016,0.8634407741006143,0.8772823246860895,0.8887904917687354,0.9507235860812888,0.9507235860812888,0.9507235860812888,TRUE,-0.20349805890386824,-0.6524437014866586,-1.344489660836399,0.8918032614339355,2.118879319224565,1.2361693010543586,-0.8581469726864076,0.32995076763478215,-1.438872727801466,-0.2526969887414657,0.41607291697140814,-0.9979371627725123,1.4277216031985267,-0.5437889835152654,0.5910888031992709,0.801552474390654,-0.7217121358259942,-1.626971973288295,0.33733562889251306,1.3454158168304966,1.371826815615944,0.2425014026476233,1.1147501452082458,-1.0530842642594296,-0.5988043427724739,0.33065416751971494,-0.7334771404089753,-1.3732523126912959,-0.6447182463856455,-0.6948897845872319,-0.7182278470366265,-0.6895880225850722
03355024,Melbeck,16200825.69834225,1037991.110353618,1037991.110353618,1418613.957460074,1488654.1557022615,1515351.5562304517,1515351.5562304517,0.06407025973125743,0.06407025973125743,0.08756429973845306,0.09188754841394212,0.09353545210880888,0.09353545210880888,TRUE,-0.7517454995470226,-0.3436173703855525,-1.148434793136474,0.1459499453315797,3.2578418172585453,-0.13627823415254775,0.31295689779774666,-0.14097511750448777,0.09733548913549643,0.39385160677288156,-0.6589781665666438,-0.8331258958665054,0.02958668297254242,0.1874080992357401,-0.3882915246564423,0.445360087111701,-0.31334622490751607,0.20912758183482652,-0.3490177963596547,0.4571201175119114,-0.06865634795525336,-0.2793915818016662,0.035063175016009064,-0.039926334865561346,-0.21222364297796642,0.13277430323301462,-0.7479325543563498,-1.400316456262387,-0.7577270010569431,-0.8166928041702028,-0.8667340727623993,-0.8321724614401501
03355026,Neetze,26945390.1318674,10527.566562340442,475439.27910824626,563975.8495322942,972186.3147970436,972186.3147970436,972353.472953717,3.907000978950327e-4,0.01764454983882234,0.02093032785097065,0.03607987526026843,0.03607987526026843,0.03608607885041336,TRUE,-0.7841314467784555,-0.3225250783121049,-0.13947762219362045,-0.07492207079576808,2.4817865880968957,0.4972489501087994,1.6026060882294584,-0.5422206025828323,0.8302609127056465,-0.17209957393391462,-0.04226696945572046,-0.933981692921986,-0.3006998481644534,-0.39494905263309654,-0.47369569944338247,-0.09293880735244756,-0.42316749447946783,-0.021347461719152167,0.09955883396282075,0.0030876773760772423,-0.3678999397071478,0.27071305540615903,-0.2054258053011878,-0.09594992490790996,-0.3007092397877627,0.433933641781156,-0.415378049094727,-0.777691403228294,-0.3479152362580032,-0.3749897648054568,-0.4059260437524258,-0.3897394663573133
12071341,Schmogrow-Fehrow/Smogorjow-Prjawoz,30353146.313546613,4678419.950162581,5853891.587127499,6290125.430950456,6436557.067260884,6665260.328838423,7704625.232432854,0.15413294891523657,0.1928594659234686,0.2072314140344381,0.2120556795256592,0.2195904259804433,0.25383283672949186,TRUE,0.8073985214231973,0.3861378818020824,-0.6709583186536168,3.4201029422603257,-0.326657742021384,-1.618198965212046,1.3212338215005768,-0.5784510377599885,0.21606070495400648,-0.4913018205673811,1.2235315053924427,-0.1668629440483282,0.45426366927213224,0.6827821098529017,0.18151801364077153,1.225270345569089,0.12307887547722778,-0.7675490170741891,0.07747775114336304,0.5096389551836191,0.10452191957904751,-0.31863397933108106,-0.22684886598175533,-0.07713841949962284,0.013426123692095258,-0.10116164151115042,0.174192694857221,0.3261322103824912,-1.1529278255421516,-1.2426478897207913,-1.258327733671426,-1.2081510584790565
03355028,Radbruch,22516491.85122425,0,0,0,0,0,12559.14907247916,0,0,0,0,0,5.577755698117912e-4,TRUE,0.532716496273075,0.2498227738422834,-1.864005795562957,3.5400792211069234,3.4248843041333585,1.1017139784943588,1.1908453673045327,0.16183704110738317,-1.131252554738767,-0.6291509508633204,0.2298144575179702,-0.02846145284758078,-0.40064931656875125,0.9223791431648278,0.5506186783979458,0.9360592761801297,-0.046040932952755846,0.2727182367465381,0.5686820012099247,-0.07663031887868106,-0.9383267195708458,-0.5079846026556697,0.5324455319705246,1.0590109239297767,-0.049149066772437,0.24088113397990413,-0.3604888418158662,-0.6749251046147359,-1.6458755742684141,-1.7739564990947174,-1.8822635994669594,-1.807207056779698
03355007,Barum,9864912.656431708,5738690.228122636,6129724.606715506,6316682.786586742,6526785.253753915,6689525.770712823,6719543.291220635,0.5817274240518627,0.621366333407834,0.6403181666761543,0.6616161218111337,0.67811302580073,0.681155883001117,TRUE,0.3888580298984884,0.5181127250436562,-1.9402002255927437,3.2277170311061276,3.6304940957868466,1.070808707377632,0.8835723334415109,0.5514733471943871,-0.9349767134246182,-0.2825611511546952,0.11828717867937033,-0.6789063409603773,-0.3799028353656957,1.1027363173064781,-0.02632266811904925,1.204745359964909,-0.18071895694083098,0.5173840358280485,0.5249021772729678,-0.765993546850372,0.39182622348778684,0.3848810770946084,0.5408823687610134,-0.002445226091770275,0.07198575404707876,0.05955551043458099,-0.3444098235501997,-0.6448211684418643,-1.6709573982123505,-1.8009901736264466,-1.8940818958921377,-1.818554090587686
03355009,"Bleckede, Stadt",140494990.62396166,61424497.51940838,65725491.11781229,69210389.08966541,71155072.2503598,71992665.26229416,73363318.48788011,0.437200623642252,0.467813769202122,0.4926181978609383,0.5064598526562996,0.5124215813144849,0.522177468122254,TRUE,-0.18414915119320344,0.29318455630209733,0.4615668949392372,-1.081568148624534,0.4112805930480127,1.2684284662449374,0.8301485058849747,-0.3388031855219368,-0.08789382940198945,-0.28201412126090125,0.05618652381702566,-0.005954305604004063,-0.3356835732075047,0.33395824638262644,-0.019405291548508466,0.17935206967408107,0.18285058314277933,0.03434796040696901,0.029637242054082035,-0.135691225601986,0.16856981622576242,-0.10108088354238946,0.1164167904106128,-0.0186622710712001,-0.28504378877626046,0.23135581529231214,0.19020076668271035,0.3561033171082226,0.5238984245302524,0.5646678458510009,0.5747257604050651,0.5518081793704387
13071077,Klink,25061965.027553067,2339714.727513132,3633121.2988541825,5556286.44041526,7410630.737767696,8400033.460423948,8400033.460423948,0.0933571938569404,0.1449655402064418,0.22170194692661535,0.2956923261851362,0.3351705842374679,0.3351705842374679,TRUE,0.8656158273816753,1.3918013158607982,-0.21723938787632685,0.35913871464812014,-1.971558700821727,-0.057141656515903944,-1.9296031937144271,-1.9900394585025982,-0.5094831654896853,0.05643269270403539,0.7441954716609039,0.7233755467745984,-0.19581445444135095,1.3517530151345618,-0.4690657588333645,0.5624533133541908,-0.13425648462814027,0.02443485609732843,-0.5820850693990817,-0.878324244419238,1.5754529950770788,1.0530075546584612,0.4448300665547961,0.08044837152965587,-0.5205688919789302,-0.37645446448648173,0.6800592517887156,1.2732406899078572,0.29038959789879987,0.3129875201477821,0.37540139079897483,0.36043200472502646
15085365,"Wegeleben, Stadt",51815979.08857249,2163877.7027153266,2869804.556705549,3239891.1592446114,3269898.4483071114,3309908.101627424,3359920.371158674,0.04176081858873046,0.05538454753117763,0.06252687329725934,0.06310598594919258,0.06387813488903835,0.06484332497925667,TRUE,-0.9064965928001445,-0.5005002691640507,0.5929730373839779,-1.833968571451751,-0.8089887323909934,-1.808200489426458,-0.37197380183619566,0.6700835705546763,0.5786854589842081,0.4479943695073035,0.4105045641015654,0.3040231287228005,-0.15170510282679767,-0.6181533896377601,-0.11445954154393992,-0.8412430326400845,0.12018754264398972,-0.47478291913976334,-0.034549827700802005,0.06568785456908968,0.45261693410416853,-0.500540975970943,-0.06373047727747516,0.3564122071298328,0.11727469311440804,-0.03328987887091559,-0.27134127486007237,-0.5080186044004478,0.42519981838635607,0.4582885808823351,0.5334086723454823,0.5121386383305909
03355011,Brietlingen,19964190.612044346,10776681.256299991,10801527.353275234,12784484.370190572,13064664.077779315,13084663.987995192,13227682.412727203,0.5398005591971482,0.5410450923444249,0.640370782799365,0.6544048958287063,0.6554066850123765,0.6625704327200211,TRUE,-0.34491406478376263,-0.7880120622216654,-1.3776664281123572,1.6507672852236306,3.7710542598093206,0.4275950635146527,0.46254753027301,1.0121498475461115,-0.5815755105683856,-0.09385552991416382,-0.5763183960382834,0.772570888516377,0.2901133935617964,0.6854882071042254,0.3873119911380517,-0.5013853887581985,-0.9203121747845678,-0.613129859275252,0.2979120844993455,0.5814340637853785,-0.15622699950100272,0.044192198831363376,0.9643735472541539,-0.12404456000105814,-0.1402186792108419,0.11836841153249317,-0.8368641850392619,-1.5668186698673292,-1.313433070907659,-1.4156435448033422,-1.5203036600026283,-1.459680516364882
03355014,Deutsch Evern,11074207.0911139,471480.3285434769,471480.3285434769,502127.9207091261,502127.9207091261,506267.6006948817,506267.6006948817,0.04257463533635734,0.04257463533635734,0.0453421104172813,0.0453421104172813,0.0457159231834411,0.0457159231834411,TRUE,-0.9919706398785266,0.04805169743839732,-2.217087622236951,0.9383818742060349,5.51583211014955,0.628781943832924,-1.0243138360180708,1.492169839346972,-0.6295904685080884,0.1871464705516602,-0.7622386115207798,0.6566432343527304,0.5423448646778422,-0.10196029148102484,-0.27044945011994254,-0.1586277186607301,0.41248016924013253,0.3438229547354447,0.3524727242111372,-0.0938661256394553,0.2374821116324813,0.12365782352491461,-0.14921418034094194,0.05322901461235451,0.4787700275233266,0.43426526794444864,-1.0536688548923603,-1.9727311351311165,-1.60509798520823,-1.7300056256133602,-1.841248501479834,-1.7678274637525395
03355015,Echem,10388994.139122505,8413311.433504736,8623424.922762549,8886386.190852426,8926407.620539926,9126515.901789928,9321342.781650824,0.8098292597761884,0.830053882722752,0.8553654061068714,0.8592176972095094,0.8784792617623702,0.8972324612783104,TRUE,0.12155556636892156,0.47035801715089687,0.2195227004063606,1.1428032944870699,1.677573468136182,0.6406403252069955,3.7400698950306714,-0.3572336991970156,-0.344603255088824,-0.6982334591972174,-0.30280409995191215,0.07500953542531513,-0.411456613810524,0.9000832311921689,-0.029222832652906473,-0.01348815435925494,0.04688033573815553,-0.6897057080610065,1.3239592113183645,-0.6362278796239481,0.5333737144042973,-0.11613656815182057,-0.028213661882510243,-0.12369283809184153,-0.5871153065811394,0.47895311627007414,0.27047876130872633,0.5064037637137251,-0.2772105355663628,-0.29878287209169013,-0.37694125473367196,-0.36191046553681366
03355017,Handorf,9851649.132351236,2866496.507533565,4282910.679289869,4282910.679289869,4282910.679289869,4752760.200667062,6841624.214202158,0.29096615896727895,0.43474048068008,0.43474048068008,0.43474048068008,0.4824329548095415,0.6944648679920362,TRUE,-0.7924085073551825,-1.1383873516821825,-1.954118928455178,1.2566325140177539,3.9689385651897613,-0.2996608277285507,0.3771763456508717,0.6391544216727678,-0.20739727175646827,0.323908141944939,0.0498843202793856,-1.8427444069395835,0.5539086728911398,0.15054560617126453,0.09741975164335527,-0.16577987431422633,4.191781457724002e-4,0.5048685224217196,0.10410251666222245,-0.9667814981300624,-0.17186397400826817,0.3725642058109999,1.2616880326153475,0.1501720797164031,-0.29735389534294987,0.20171068204073633,-1.2949715958308479,-2.424510105185671,-1.3716495021262443,-1.4783903393538445,-1.5205717192607922,-1.4599378865776014
13071069,Jabel,75358228.78741257,9757115.120902753,14195915.537554473,15156833.226083692,15156833.226083692,15156833.226083692,15156833.226083692,0.12947643910829984,0.18837910293249463,0.2011304335302452,0.2011304335302452,0.2011304335302452,0.2011304335302452,TRUE,2.098120718006341,0.8467519203575845,-0.18985717113397196,3.0822289185974703,-2.6900554212998165,2.0788945569250235,-0.1778024072104294,-1.4166986706158176,-0.4262016582680966,-0.45657370697224964,1.4474311790255672,-1.3120138319103298,-0.7791210302887402,0.6722593857105851,0.35225456225375673,1.2361556677281504,0.9074227446140856,-0.3790987910662104,0.13544428852884283,0.18622762855063277,0.6980824503725045,0.34514901885802945,-0.028622882507106314,-1.1547967909266104,0.4401692348622536,-0.03428145837762553,0.9183384890766512,1.7193589063386028,-0.12125640398850909,-0.1306924953958826,-0.08044983726079877,-0.07724184522065185
01061112,Willenscharen,7594688.672345672,746239.4457388126,845328.3362888134,847511.4268565705,847511.4268565705,847511.4268565705,847511.4268565705,0.09825806928150636,0.11130519929893688,0.11159264894459602,0.11159264894459602,0.11159264894459602,0.11159264894459602,TRUE,-0.24637737958580294,-1.9431743866448978,-1.0788808105863468,2.1945867896311264,3.0476755051558215,0.5188909779094218,0.8130646528975589,1.0798422090820854,2.1406033743048836,0.07014371630894332,7.866811581650405e-4,-0.7322376370269765,1.4743220715359104,0.7093258595990689,-0.6605078071649205,1.2053547140726681,1.0558309902380048,-1.3391918215905882,0.7086946292834474,1.0417375682539651,-0.5741289224097244,-0.06394325723374403,-0.010523062951567897,-0.03914825152350206,-0.1823307680877431,1.1435897761113822,-1.0894775256056826,-2.0397739060129085,-1.5069425623713193,-1.6242118141095196,-1.6928340617926874,-1.6253311509052992
01061113,"Wilster, Stadt",2758078.2947691735,2288753.753106807,2288753.753106807,2288753.753106807,2577936.6852248446,2577936.6852248446,2577936.6852248446,0.8298363963951049,0.8298363963951049,0.8298363963951049,0.9346858245880924,0.9346858245880924,0.9346858245880924,TRUE,-1.2415972542309481,0.4104275936609892,0.5701876788123221,-2.95839057641407,1.4034081162274472,1.0972811997438652,0.13998352823415264,0.3791927232798925,0.25689542751247024,0.055846185312935094,-0.06242279516441589,-0.06082671673238583,-0.23295940928226752,-0.23928036179085585,-0.052676946352143844,0.21021439849765522,-0.412876913809086,-0.23191793737874247,0.07168709788081815,0.42160343695398733,0.1355864646142595,-0.3974765900547369,-0.028373013762529136,0.015604225639143448,0.1342649206735279,-0.1543219407011548,-0.0869939939192123,-0.16287447387003653,0.7644491324866363,0.8239380473246093,0.8611345501402211,0.8267962235953212
01061114,Winseldorf,5446483.994498104,997942.686505305,997942.686505305,1040455.81334857,1130470.8187787472,1266586.9967362273,1423290.9495074672,0.18322695660418736,0.18322695660418736,0.19103256603702704,0.20755974311513983,0.2325513116380587,0.26132289215303645,TRUE,-0.10781173171350947,-2.1680787094878022,-0.41685773570186935,0.8102619034389709,1.170476933449046,0.9571536825704103,-1.0540613033316681,0.1201381152151208,1.052243099715772,0.0813792919286091,-0.11235990833845018,0.4094748352851998,-0.9824551011247639,-0.27233321221982243,0.454866889418369,-1.1843497537259395,-0.7221921957906883,-2.736370486191025,0.20392907364434182,-0.5738381313142606,-0.9099415789711512,0.30505743195262514,-0.18702288162017217,-0.23747234239170714,0.6547420616409321,1.0456731910282666,-0.8975827256343938,-1.6804989356885827,-0.5832282111907973,-0.6286146364114958,-0.6582971693671751,-0.632047121495292
01061115,Wittenbergen,4568702.306641176,1793320.77368939,1821165.473251504,1821619.8501383553,1832684.3826567857,1837919.1293207936,2138538.042489491,0.3925230083567878,0.3986176710625715,0.39871712531814657,0.40113893610287343,0.4022847202473993,0.4680843484551095,TRUE,0.7379993927996614,-1.4257839262051142,-1.9399457592329925,2.9675270623563454,1.1506007774722768,0.5358405075748498,-0.9647046821647861,-1.6437503508119633,1.193784580540878,0.9870668271698876,0.005416448809181685,-3.30520566472284,-0.27847770911347,1.312800878743742,-0.810823677367577,-0.49939976256138063,-0.1425660438406848,0.1918750032337584,0.440356906582789,0.5160397072511422,-0.759356474357933,-0.23295855409782484,-0.11197519116042484,0.16516868946731586,-0.039066082725735266,0.008738014127270297,-0.8759100975461483,-1.6399223655344175,-1.2831477176604182,-1.383001405834725,-1.379321440974314,-1.3243200593170046
01061116,Wrist,10052737.618686665,2008151.001777327,2933937.5756875463,4008715.9756134464,4405801.581176224,4477296.76801157,4537341.2670350075,0.19976160504223736,0.2918545859820073,0.39876858699283985,0.4382688326597167,0.44538084428751906,0.4513537942739808,TRUE,-0.9484878874848154,-0.0169071130391607,-0.36462818530091856,-0.8138204286924672,2.431796017254813,0.3417257983676891,0.24090762277038336,-0.2736270568076045,0.1855545910714767,-0.12059465612495146,0.11783385193750981,-0.05939740583934337,0.24085416654871045,-0.07856176950116626,0.16444084191154149,-0.3601894450295793,-0.7921367653405567,-0.13125451960365447,-0.3745533153689439,0.04935622849574883,-0.09135108093384446,-0.11194954266556795,0.43523563277845423,0.1602450445258295,0.06649526445105608,-0.022721351093306124,-0.4433410619416316,-0.8300451439875721,-0.2094627582286902,-0.22576300850886344,-0.23694942659821472,-0.22750090687057012
01061117,Wulfsmoor,8805404.096010387,0,136128.0914260243,563213.8860852958,688171.4965035603,688171.4965035603,688171.4965035603,0,0.01545960752530393,0.06396229860029713,0.07815331232956836,0.07815331232956836,0.07815331232956836,TRUE,0.9821685086857352,-0.6147423397542107,-0.857304599435477,4.018472297657606,1.1358612938337491,-0.3604075149402058,2.0005825189231827,0.33385895989151976,0.6971156262198315,0.4295508269961088,-0.6621218430880007,-0.7255650108666791,1.7258108145652276,0.3296005757666222,-0.7343149917283146,-1.5927763026165922,0.590960921558288,-0.4317395414641454,-1.0634518573665475,-1.0948145324301917,0.056285941432494685,-0.10194750961226642,-0.37758338810721886,-0.10235671505403042,0.4131778981037827,-0.6333943758479023,-0.16329281016798414,-0.30572490518792583,-1.5316768442571835,-1.6508709010951035,-1.7363897821654668,-1.6671500572705402
01061118,Kollmar,25551385.45768422,24248030.167157505,24258037.94645438,24561234.693375956,25169108.01959276,25242547.87773486,25282567.38340322,0.9489908172421724,0.9493824899095292,0.9612486467339292,0.9850388763175074,0.987913078902871,0.9894793151343518,TRUE,1.2484510561013893,-1.656498502576702,-1.3477793013420445,3.3979020957231367,0.6388857273400701,1.7786076128686237,-1.1927319078997165,1.9819348836211232,-0.42207468475258697,0.33945817650151594,0.2458913953270602,-0.14713062885666578,0.18873118329720107,1.2792724632563912,1.1354956858066627,0.9311188010571899,0.39301639196614646,-0.1361379803893559,-0.49533668227807903,0.5636013646564789,0.3272534109530572,0.08389875637411114,-0.08690836674622296,-0.3236803346309062,-0.14206881270675417,0.03931292850416073,-0.5852755826057857,-1.095781999323105,-1.3179455169508776,-1.4205071463479122,-1.4473128102884385,-1.3896002264834935
01061119,Neuendorf-Sachsenbande,19424968.68002541,19378057.54433568,19378057.54433568,19378057.54433568,19424967.09932051,19424967.09932051,19424967.09932051,0.9975850084258838,0.9975850084258838,0.9975850084258838,0.9999999186250992,0.9999999186250992,0.9999999186250992,TRUE,0.6961541279735612,1.3630642736902683,-2.63759728025195,3.969027240214361,3.2426574787232507,1.245973227800067,0.1637121791529117,-1.3875812736672586,-0.4729586422948257,-0.3605420333522408,0.4432271529702142,-1.432413255171347,0.4655758744670125,1.3011556623078573,-0.3305437693160901,-0.12053257740206953,1.457209299849323,0.23414543223522674,2.0534314566005247,1.0309710101096399,-0.07356623001679308,-0.12358660443496268,-0.32288025172484636,-0.07181468307508823,-0.28262360341472403,-0.415243483286891,-0.19279295952937345,-0.36095654923436216,-1.7736808493368323,-1.9117074942919,-1.9955602593031327,-1.9159859351596897
14522300,Kriebstein,31172305.140820637,846692.5752365408,876658.2637131033,913980.8371998352,913980.8371998352,913980.8371998352,1003463.2748206018,0.02716169277220962,0.02812298480182349,0.02932028392096555,0.02932028392096555,0.02932028392096555,0.03219085885010635,TRUE,0.31067034706759683,-0.4554869251737179,-0.11131105976337241,0.4780112521325812,-1.3823957251139583,-1.6253672112585273,-0.10486043626688918,0.3639338592014316,0.1995309991903916,0.595454841014527,0.2356113127670808,-0.08134546340841262,-0.6474702063787425,0.7732697126674172,-0.2665939749067312,0.5150441650743679,0.5886021280982082,0.10835279814151674,0.13441099142477722,-0.5635612011791316,-0.259467175508588,-0.2748406634279496,0.21069231469060398,0.4045924200131279,-0.24440996432474021,-0.0436631333638962,-0.08537587928983116,-0.15984495933634804,-0.1281390594767412,-0.13811075448257348,-0.09055341307795878,-0.0869425340724424
01058007,Arpsdorf,12061621.416374272,310175.0017095132,312427.2306651631,312427.2306651631,312427.2306651631,312427.2306651631,312427.2306651631,0.02571586281828035,0.02590258970000725,0.02590258970000725,0.02590258970000725,0.02590258970000725,0.02590258970000725,TRUE,1.5582117792389203,-0.14534362739297188,-1.182261981027051,3.3641802593664774,0.4585329534421317,1.3189026551138459,1.888105067486408,-1.4614271057883672,-0.43889948818922636,0.6112079066707414,-1.1056770351192609,-2.2991016545697627,-0.04106253746569225,2.242364552735705,0.5844737535511624,0.3997137070879665,0.6341057099127284,0.9630581775691052,1.018659417089707,-0.026664425478173426,-0.6671114575380622,0.5114201910210867,-0.4310569286775802,-0.45700073868949936,0.13126574866723908,0.002462527522319285,0.07686872360629919,0.14391744016332908,-0.7674895188170606,-0.8272150344644253,-0.8899613805853082,-0.8544735645478352
16074112,Wichmar,5198417.180010833,930966.7136007872,987098.0782515284,1044698.933925012,1044698.933925012,1044698.933925012,1044698.933925012,0.1790865721936628,0.1898843521153243,0.20096481250910972,0.20096481250910972,0.20096481250910972,0.20096481250910972,TRUE,0.23748695055811112,2.081367319492263,1.0431229592084414,2.3866132503676543,0.7343134777512297,1.6692805944122338,0.7486679496831956,-0.49179915631879073,2.77033518038668,-0.5003516720126534,0.5369077198441868,0.7100890987910784,-0.4152283833947983,-1.6559002487772765,-2.0666051901553346,1.9476000013275374,-1.7206270930657055,0.5683870644409458,3.0630517388681957,0.38670669424592663,-0.04701625627134075,-0.042882815964201924,-0.3946511953013758,-0.26346840813703065,0.19918859231991867,0.1651588716384708,1.1206590764196052,2.0981535533249493,-0.845748322078613,-0.9115638849046623,-0.9539697076487557,-0.9159295159854998
15090220,Hassel,20423004.14718728,4199933.203863994,4199933.203863994,5285561.154861838,6773127.775706105,6773127.775706105,6773127.775706105,0.20564717969968305,0.20564717969968305,0.2588042932748355,0.33164208981659155,0.33164208981659155,0.33164208981659155,TRUE,1.0957006824346343,-0.5191170766631503,0.011245003769936097,2.68573903166233,-0.4070028751510671,0.4027035522280046,1.360886927009578,0.5614200201861791,-0.8495705356397721,-0.3210773613103525,0.1451605792754837,0.7004375168917807,-0.4469751816568947,0.04220067145093246,-0.11849392305254927,0.44561914979430595,0.030892732598342746,0.2277141015582286,-0.2710909820118755,0.3378297220684971,0.5280688148742675,-0.0575637672377899,-0.19908195913697221,-0.20329071863572098,-0.7504494104598053,0.6575604251020246,0.19594286984714002,0.3668539676954628,-0.6225602888414034,-0.6710075097623291,-0.7140320312895754,-0.685559517847922
12061510,Unterspreewald,26040163.130653583,11616164.94992419,14194195.432091815,14282138.033113075,14322059.611238075,14342020.466706827,14484529.523380447,0.4460864892297868,0.5450885757079954,0.5484657665719704,0.5499988436853778,0.5507653847922287,0.5562380485370215,TRUE,1.1714375312440406,-0.811308607176362,-0.8453494146973196,2.5983813154259234,-2.0963995786763827,-0.68185366785552,-1.6165321060688878,0.3604842317866628,0.2467289904122842,0.7885790389950327,0.6671414506741502,-1.115992916437684,0.25868153744342143,1.5112125123618154,-1.0722565563100137,-0.07240616743336702,0.20119104136447535,-1.0712835752060914,0.8501123608246983,0.741330534533813,2.2621109904704353,0.9764243510454076,-1.534316416483075,-0.6161560877798421,-0.41415791810254615,0.08597836713995057,-0.16174016354321366,-0.3028179631023558,-0.7265762279425991,-0.7831178989453176,-0.7259977744426892,-0.6970481188451705
13071093,"Malchow, Inselstadt",45019489.30844949,5415092.160501635,5431331.217263125,5431331.217263125,5431331.217263125,5431331.217263125,5431331.217263125,0.12028328716481693,0.12064399887014587,0.12064399887014587,0.12064399887014587,0.12064399887014587,0.12064399887014587,TRUE,-0.9412117684789626,0.8077706875384405,1.1772950136614067,-3.8603360748769413,-1.1121164171207087,-0.13605730760296525,-0.09396283066623559,-0.42152442738977525,-0.07893407496558279,0.3355393020773087,-0.032732703084868926,0.26893933414819293,-0.6830305425893736,0.39708010267923177,-0.26292518558136285,-0.25213720296159775,-0.5219658127895277,-0.10754309779860852,0.3918039562509936,-0.3655043625038397,-0.1317271966493974,-0.012464577080655279,-0.03454895970514724,-0.01931982633762597,0.07714631343064615,-0.3092287557721407,0.34795131090696146,0.6514517168735829,1.5315608502934432,1.6507458805594994,1.745702877970344,1.6760917870387861
15090225,"Havelberg, Hansestadt",150115835.7962599,59911220.74889741,64057058.32328629,67284052.84051149,71519941.07636039,73681970.03972429,74802523.14932096,0.3990999379319985,0.4267175277245617,0.4482142239265862,0.4764316882159496,0.4908340925452187,0.4982986821646477,TRUE,-0.358704447193116,0.3828366644384887,2.0002995916152786,-3.331617620955578,-1.5962213009232682,2.2172061570136483,-0.13481605645685416,0.3920380111271499,1.4691123154090342,-0.38763762957074666,-0.0973693859756811,1.1224077620783313,0.6084444878044847,-0.1298675932514315,-0.31766304264838124,-0.46201242778084145,1.2211850273318827,-0.4798743454209814,0.4325819828981353,0.4221682017312241,-0.14718012034883682,-0.07197604487076475,0.022412411655126363,-0.1952765328592174,-0.11165052487594512,-0.12323598875174396,0.6748106029535504,1.263413909011351,1.622910553902467,1.749204356364777,1.796525622764662,1.7248879402785424
14625570,Spreetal / Sprjewiny Doł,108801115.53414412,5170398.365703661,6698039.094111446,7749401.506017683,7799268.947423933,7889031.289220808,8078522.733556746,0.04752155656052147,0.06156222811897051,0.07122538650429329,0.07168372225904573,0.07250873532399639,0.07425036677148344,TRUE,1.954524627297277,-1.5138257456866895,-0.028626171521532226,0.6964356341363793,-2.823883893035214,-2.4168421533326763,-2.060914515954108,2.16179351663726,0.8066315082197897,-6.967738470682947,-2.262791023869896,-2.490152062128027,0.3589579696900055,0.617722053128552,1.2017234458060608,0.6014563235875687,-0.24131688292555042,1.1093818138086726,-0.5054037716427031,-1.0993115302245982,-0.3785659439538992,-0.22200087703574176,0.26882510194340914,-0.1315985930154099,-0.8946385657979866,-0.42825829279429406,0.13735757002968507,0.2571676611540292,0.28957935392739065,0.31211422353812035,-0.27370110847293233,-0.26278709040582054
15091110,"Gräfenhainichen, Stadt",160051497.85625362,3720687.207789467,5143258.697289234,6518731.435064309,6618679.377447122,6658658.490728372,6708632.393072122,0.02324681279228709,0.03213502382782151,0.04072896238008938,0.04135343602589417,0.0416032250863949,0.0419154614791379,TRUE,-0.7763004261438504,0.22107217468118892,1.3716689684197778,-2.6899337769247866,-0.8878395859988916,0.5269238938102176,-0.3043492243644191,0.388358141018779,0.5727324719306535,0.31454296529757886,0.18813253412720865,0.4457065241011797,-0.5037194798919822,-0.13214038896720418,0.17297068122616863,0.11442457409714234,-1.2928816921698807,0.510966997996932,0.830519888000281,-0.06503594627552972,0.05831210610739187,-0.0609555962613983,-0.20318009953833435,-0.09207068042382797,0.20314062945034728,0.030449998917382516,0.2721469056523721,0.5095269463619766,1.0411674271795524,1.1221903726907614,1.2050911841158716,1.1570373525865099
14522320,Leubsdorf,34266789.78694286,1687924.152730676,1827219.8693167493,1947118.0134402455,1957104.931408996,1967092.0935183708,2065142.5792033735,0.04925830996208021,0.05332334545131507,0.05682230595706933,0.05711375193233706,0.05740520503230561,0.06026659024798064,TRUE,-0.3667918514574429,0.3278938651450526,-0.34944702160768304,-0.12031571291154242,-0.24412170618392784,-1.7478470619308069,0.15785001550749875,-1.0390114611917451,0.3450676129758369,0.22478510029096474,0.748242067953229,-1.1434906127948874,-0.49533125746608764,0.12302733317194148,-0.30823884172403043,0.2572888478658891,0.06993226238005702,0.2709889354144153,0.2142771949919318,0.18668460931876016,-0.18341022292625814,-0.007682344728882035,0.035669083672427306,0.06737312221538397,0.2537121224984493,-0.01844426851469718,-0.12944833597335778,-0.2423596005327914,-0.09303000408698799,-0.10026953613080761,-0.04505107350402937,-0.043254631272176394
15082241,Muldestausee,138575485.60244825,25112706.883422572,26712072.55749271,28300187.220295515,29086483.73779239,29843416.003216255,30877240.210119687,0.1812204140887305,0.1927618903254328,0.2042221760743773,0.2098963147149781,0.21535855258579015,0.2228189212246511,TRUE,-0.4721682168956689,-0.28368588915640386,-0.6086597659932601,0.00989778433336498,0.43701992006205165,-1.8205689383004535,-1.0341519648311637,0.5938194406655722,-0.06692897606288596,0.40676094977798766,0.3149854546509341,0.5055519384236956,-0.2156665553955314,-0.03119444471898919,-0.40271647852584314,0.06500915688929713,-7.829543207018602e-4,0.2029281722837976,0.1455791055602151,0.2376861479185168,0.21622441969190392,-0.010829405540300138,0.055251359825905066,-0.1930688720595063,0.1951106435786319,0.3748447824241943,-0.4548379573484443,-0.8515702022836933,-0.4730609817740236,-0.5098742676579143,-0.4869373456190014,-0.46752038740027785
12070424,"Wittenberge, Stadt",50420776.41981825,14879821.91259396,16951939.060437914,18219356.942587048,19612621.708366353,21550615.641557332,23779618.00358335,0.2951129072011937,0.33620940144378325,0.36134621948078127,0.38897897059469855,0.42741538650893734,0.47162339995693914,TRUE,-1.1636362308026358,0.6782198825561614,2.049183163138813,-5.7888423172426915,-0.8966932292494505,2.1139249068070276,0.15389338161804397,0.2276940383341806,-0.04868809290379817,0.11375435258523638,-0.0555809753535191,0.6611663903734624,0.08535161559389018,0.929523886049609,0.06789537202517182,-0.04155702070982003,-0.13736670334734874,0.43096977663481195,0.06446936668799576,0.157709177681555,0.6504074219615436,-0.7218552298201829,0.21366980725911972,-0.07250603331437483,-0.15761962191502,0.013831296804946039,0.5212556049641128,0.9759206191772263,2.3704217660548697,2.554886385842218,2.674518884666711,2.567870623024866
14524080,"Glauchau, Stadt",52013177.3654473,5313822.251968363,5489507.589707191,5559457.314316567,5739327.8055275045,5952171.569740053,6012128.355872866,0.1021630002457487,0.10554070848503688,0.1068855546981014,0.1103437262677242,0.114435838593743,0.11558856159913744,TRUE,-1.0187978318434197,-0.05098759865379341,0.2532716214001091,-3.0952035190839315,-0.4245318414690949,-0.6276915463735443,-1.0409758260929378,0.10699094459652063,-0.014748459367439943,0.3213380400593462,0.4039563068383943,-0.7343323874690486,-0.7061156383613288,0.08218033991162461,-0.353206501217119,0.44333096795870836,-0.0844275388794976,0.20987271889224532,-0.020441067212015777,-0.08405598559166233,-0.2735459018408299,-0.004564146704286681,0.04572144333142969,0.03855508078371656,-0.023356050648477518,0.0802062107478789,-0.2721712696990346,-0.5095725619395896,0.9242235835194191,0.9961460381533697,1.0867185178508247,1.0433848769903171
01058024,Borgstedt,5921919.114139004,460274.7724030817,460274.7724030817,460274.7724030817,460274.7724030817,460274.7724030817,460274.7724030817,0.07772392083237728,0.07772392083237728,0.07772392083237728,0.07772392083237728,0.07772392083237728,0.07772392083237728,TRUE,-1.023257950316716,1.056692367508813,-1.6703839690867364,-0.13448075165091428,3.6265158987519355,-0.5333530984127569,0.06178190605587069,-0.18537902546744064,-1.488489116787744,-0.37273769895498365,0.1467942463640687,0.11685151746217198,0.5620530232676175,-0.17484942240121815,-0.16752654070611744,0.08594893108459715,0.4879278525067756,-0.3277775006752945,0.36668748419611946,-0.24453564049447243,-0.008269331453956148,-0.3057969868107619,-0.209775210039145,0.3448560572492007,-0.23657820292144321,0.0871795238359758,-0.5456498506315465,-1.0215927368665165,-0.708993388542651,-0.7641667748666089,-0.8147447189352071,-0.7822562184970651
16075035,Gössitz,12741784.707208348,780750.1849370191,780750.1849370191,780750.1849370191,781000.2651147018,781000.2651147018,810999.5639428268,0.06127479021799271,0.06127479021799271,0.06127479021799271,0.06129441699582872,0.06129441699582872,0.06364882020679756,TRUE,1.1507713830447477,0.287219307841957,0.6898430663407752,2.491208961515349,-2.928952207014525,-0.6161686414568643,0.6668696686079706,1.1262871029207873,0.7537996213635383,0.2272794009982089,0.9876577576380717,-0.27344606015476147,-0.45707653274098686,-0.018445577857258384,-0.4465635234213779,0.6552725653417046,-0.20323574553427623,-0.0914264039832315,1.3875580287929516,-0.40318038261203837,0.3294832946285702,-0.0045915387152467594,0.42449692555232443,0.422094795411363,0.2877345778970425,-0.6321099494828305,0.7092779190758266,1.3279453292418246,-0.3789263090841626,-0.4084140983601472,-0.3526226980003882,-0.33856162781210086
01058026,Bovenau,26343157.203893557,85835.75228274471,85835.75228274471,85835.75228274471,85835.75228274471,85835.75228274471,85835.75228274471,0.00325836996751695,0.00325836996751695,0.00325836996751695,0.00325836996751695,0.00325836996751695,0.00325836996751695,TRUE,0.6298216553919409,0.6397392742708522,-1.415786495744081,3.268774469679896,2.1413486715668237,0.13009737936446536,0.8678494630060812,0.5462051138932066,-0.5796210088141944,-0.05612155975643504,-0.20639048406122196,-0.10237882795725399,0.19572310432016687,0.08565549094690923,-0.13494083072285845,0.46724857508503337,0.7556925799154874,0.5416688599265663,-0.5505209809631134,-0.038533872164566045,0.2545572162779556,0.6993937866574294,0.8595258941322899,-0.1346750693481443,0.2204133061661927,-0.5964584466126464,-0.0487418553604293,-0.09125692119218914,-1.475682795334688,-1.5905194331289783,-1.6784317942530949,-1.611503183590545
01058029,Breiholz,10560873.009996124,0,948793.3466306984,1319078.0741697608,1319078.0741697608,1319078.0741697608,1319078.0741697608,0,0.08984042756054753,0.12490237056360978,0.12490237056360978,0.12490237056360978,0.12490237056360978,TRUE,0.6459302687877467,-0.29768102955786135,-0.9208514955032764,2.3643062447826875,0.7203755595807364,0.2534424293826391,-0.5001033328625847,-0.14055096062198869,-0.1987873330025348,0.0043151217027676955,0.21612774080025515,0.28726258335128163,-0.055959664353549654,0.35836549981014043,0.7508897819568363,0.40401654954675925,-0.30554083886783234,0.31951397679071913,-0.5631291649128742,0.45532070338199016,-0.3749958677742765,0.5789075170001777,1.4582766014014636,0.02873634161592932,0.34355609660368064,-0.14047970672854446,-0.190867418757797,-0.35735145621636527,-0.9521517249588696,-1.0262475286844333,-1.0593742526987042,-1.017130983030214
01058009,Aukrug,49941251.62624388,0,8666.717027285044,8666.717027285044,8666.717027285044,8666.717027285044,8666.717027285044,0,1.7353824233613574e-4,1.7353824233613574e-4,1.7353824233613574e-4,1.7353824233613574e-4,1.7353824233613574e-4,TRUE,-0.4434713658917271,-0.41449561509505517,-1.1598475427612869,0.36104368728624303,2.0027100004236953,-0.7989013073345941,-0.5615192575734719,-0.20617175777590435,0.05352325418842892,0.7927034293567468,-0.9602932057849712,-0.4758792449230107,0.09910690357859665,-0.01472885189946635,-0.16261922330637613,-0.27384379891301647,0.0175199292257553,-0.31269530841677834,-0.19186856751158127,0.4347182594994768,-0.16598672041909796,-0.4170957631363804,-0.06170774203001485,-0.01951516642066517,-0.3971725788720107,-0.47420552155144186,-0.6726048412493565,-1.2592841724529065,-0.6938334411213414,-0.7478270905828074,-0.7861910323400361,-0.7548411295974644
15083557,Westheide,51258605.551395096,664013.5051401884,664013.5051401884,664013.5051401884,664013.5051401884,664013.5051401884,683661.8671138822,0.01295418589712524,0.01295418589712524,0.01295418589712524,0.01295418589712524,0.01295418589712524,0.01333750420557968,TRUE,0.009769587178897868,-1.256852877283886,-0.1345221610409385,1.5246582894583531,-0.8483139187185273,-1.4431710492876628,-0.5437589084974613,1.1121513285521525,0.19289868220330633,0.24395679910006546,1.0494293280442133,-0.2791962956608437,0.7187737424128875,-1.0823954170687584,0.6506320821065172,-0.25275885880814547,-0.9298520759478747,-0.4649099530951051,-0.019248955331163276,-0.00951780067148662,0.09357105921676705,-0.17584355009797006,-0.4777546877187101,-0.712309070255522,0.09336725365031709,0.09838904099105614,-0.4605351503819756,-0.8622367698944894,-0.6874239547117909,-0.7409188222727102,-0.6953355502268966,-0.6676085716983021
14522310,"Leisnig, Stadt",78044891.97818156,5117628.285427554,5257874.969136018,5407842.885516053,5537707.467547305,5652979.118769174,5749800.46405456,0.06557287934818658,0.06736987951249807,0.06929143917615882,0.0709554120351072,0.0724324036523689,0.07367298894669481,TRUE,-0.6746303318507768,0.2588047752741671,0.11684886073199854,-2.3233001105798565,-0.569046544668262,-0.5778193854129556,-0.7521621922597068,-0.2744749826581391,-0.6008110555899033,0.3490738118892307,-0.06833392660941902,-0.5826686796494421,0.010584162095285538,-0.33523185887057677,0.07312906857071158,0.4862992762105061,0.13876425941228923,0.23525066281859938,-0.001980152641128936,0.550275155970428,-0.42817665565763396,0.07268552327967563,-0.32800596891680445,0.16324435425096695,0.2503364710650572,0.1118522665313216,-0.09965889861487039,-0.18658633713769032,0.8154209594584513,0.8788764674221156,0.9377502198692187,0.9003567913252385
12070416,Weisen,15518445.506494392,2247071.883226024,2549452.0936561665,3013911.6303002643,3043909.928151827,3326657.2956820107,3346656.2273226357,0.1448000627566489,0.16428527538980844,0.1942147896861807,0.19614786332032844,0.21436794647310656,0.21565666650838689,TRUE,0.065206646488126,0.1442440993121188,-0.4826948657514606,0.9500136770143568,0.3909478219822148,-0.8883010209982766,-0.0684487484904795,-0.3846987409121323,-0.15685243645271496,-0.2151925181051664,0.6471909723505965,0.735155673871364,-0.40004973355671825,0.26987766567886307,0.014450162801118984,-0.4672121192763139,0.5253005909433123,0.13876331338202752,-0.2017781193172333,0.5559876329132472,0.49057270688677523,-0.41616255059320123,-0.065908217131979,0.08043870915340197,-0.15557943293397355,0.22466422607508355,-0.09108137331707193,-0.1705270684796351,-0.49691939214665454,-0.535589323401062,-0.5354078184653227,-0.5140580671376573
16075023,Eßbach,5443053.721972794,430098.2300912644,430098.2300912644,430098.2300912644,430098.2300912644,430098.2300912644,431699.7462929832,0.07901781831676989,0.07901781831676989,0.07901781831676989,0.07901781831676989,0.07901781831676989,0.07931204951188997,TRUE,3.105228755384755,-1.4112817899403558,-0.7711959734154682,4.02674523328421,-2.0281480663645928,-0.5781015817498614,-3.2393569225857637,2.3623924295092333,1.9129946207487563,-7.355419365769137,-2.5103877541504707,-1.5265916623787068,1.7109434132634302,1.518463520419197,0.8953782546321649,0.5078239109165898,-0.11903446298324818,-0.7408405739720709,0.1030953896126628,1.17762004913474,1.3918524247168396,0.50747453110832,0.3316524853760379,0.5208227856221023,0.7860192368426129,-0.03861603558871093,0.3075836640096437,0.5758734044687307,-0.9329752411289122,-1.0055787438432349,-1.6915567165649907,-1.6241047406883184
11000000,"Berlin, Stadt",891780174.8303725,93100993.6759634,105670566.62109783,116500673.75067528,124174189.85163718,126792981.98680344,132688204.15968728,0.10439903947592503,0.1184939625297206,0.13063833110310527,0.13924304818197672,0.14217963749970222,0.14879026009400378,TRUE,-1.3064682804993017,0.558704271263501,0.5661424594237042,-3.768819917481784,2.27048403882815,2.6086357145863555,1.3106598553211732,-0.19947218632491362,0.3772586234451079,-0.10868636659844724,-0.2191796443227136,-1.3346239799018957,0.02005741476638641,0.5850951929498047,0.008452631131828328,0.22417957160652463,-0.15701893790130353,-1.4458452484936106,-1.1058035479321804,-0.5957728052705051,0.1304065278790287,-0.5568178703594504,0.21114783806235204,-0.15168239487569993,-0.2242439869533279,-1.0391169715803803,-0.06054051660403218,-0.11334696046785701,1.1590678312240494,1.249265706495138,1.2853222893711986,1.2340691878893457
15090245,Hohenberg-Krusemark,63938237.24079598,2406720.213606646,10831460.380401485,15281666.173800636,17722964.352446802,18293381.038015135,19621805.553221595,0.03764132884275124,0.16940505162207445,0.239006685721547,0.27718881716586663,0.2861101873847562,0.306886870830118,TRUE,2.060220256971383,-0.2722811541620914,0.1820103741007525,2.839633415258888,-3.129370392285162,0.7035555703616272,0.4773844656050753,-0.5215848410339234,-1.5333627471041602,-0.117652369535517,0.4800625281779413,0.08351446670543465,0.47881577917232515,0.5878534495065126,-1.4397471051120905,-0.6929568958788712,-0.8955114476470621,-0.42434984168813134,-0.9203100247838766,-0.02075427132783044,-0.5953089756281696,0.06007538813016443,0.012181990133132231,-0.351552961410288,0.12093786807709872,0.3532413054693325,0.6566498256366814,1.2294124002025606,-0.00844454039200327,-0.009101688818075292,0.011360439359027915,0.010907434104111189
12069460,Päwesin,23647340.026410583,0,35676.87893536045,2402554.519701938,3893945.756233869,5537165.680425869,6425506.335943242,0,0.00150870579504987,0.10159935608058412,0.16466738973114556,0.23415596317563303,0.27172216108733166,TRUE,1.0950152983455033,-1.8088262439507479,0.8487368892931058,0.9814840792918018,-3.929905290569047,1.5750087689252894,0.2944611238908869,2.545615824927185,-3.5909126289113664,-0.09573057239316914,0.7577286492767769,-0.7409418933780076,0.35193697624392734,-2.7568132276079313,4.9865203616344385,1.3673494172495355,0.03552054777583353,0.9549286076407277,-0.16327559857715854,0.5779171805680448,-1.2865456137226507,0.7777925454462992,-1.040259492871903,0.36527921416029713,-0.43545297486966617,0.20859017098270863,0.04497531456262038,0.08420501653630165,0.7716178511868652,0.831664630869119,0.9081654248286873,0.8719517101316319
14730120,Elsnig,36988787.34892677,18391557.11966758,19159884.281005096,19808567.994439468,20462917.838956397,20702672.91415171,21025028.144536715,0.4972197911268159,0.5179916848926117,0.5355289917341455,0.5532194836755071,0.5597013148567683,0.5684162593977755,TRUE,0.7110886532960232,-0.5558568388150765,0.6777078287881092,1.5710316853031077,-2.2553861698923447,-1.1612622684507827,0.8038181557122664,0.6894001549602291,0.7858935842682111,0.1867317550369497,0.757832267566906,0.6650323948464267,0.2898539667694184,1.0510999048970782,0.4856524256536104,-0.6045168985366154,-0.10232213191521893,0.29836941974130504,-0.04912296095837662,-0.17671609701378266,0.14458363558435006,0.5609522643109426,-0.6199811905699822,-0.20603223861629302,0.061637454866915534,-0.2894907059716644,0.27764654775635195,0.5198236493158732,-0.23164154452840574,-0.2496677329689136,-0.20315916422955543,-0.19505805422210373
12067201,Grünheide (Mark),126352102.2191363,4418057.999203152,4595787.917198383,4934915.476552543,5074990.989256918,5084971.303710044,5348458.754670065,0.03496624054216984,0.03637286468908739,0.039056852952029,0.04016546539491054,0.04024445351048472,0.04232979634477367,TRUE,-0.243488015404014,0.14385906779615137,-0.9570516515872313,0.15774788989793498,0.9184491224949171,-0.904030234511482,-0.48691038478979715,0.49358706365999394,-0.9791585761702698,0.0728583647182388,0.31146385251924563,0.3055108324853069,0.25219082584680363,0.16996111805805963,-0.2676737888498221,-0.1280343152314099,0.8577710250030505,-0.047458642957188366,-0.6587926158429339,-0.63617160096694,0.21439630051198727,0.574234034811766,0.13631049495641032,-0.19469977731880472,0.10465733726176511,0.12771381336658338,-0.3522268663983646,-0.6594566241067319,-0.3977317569142604,-0.4286829734307412,-0.42455210460635034,-0.4076228003519531
15089235,"Nienburg (Saale), Stadt",79375248.88859591,12589597.759430047,14372037.550921772,14859490.8963804,15709528.847198812,15952381.584421014,16895554.817700196,0.15860860829677145,0.1810644722650646,0.1872055975186405,0.19791470347699092,0.2009742559271892,0.2128567160956346,TRUE,-0.41923530453644664,-0.14749896790114994,0.17666248101515336,-1.5110828224881354,-1.0853249146720443,-1.4822546707835904,-0.6046134665647095,0.3819467421090084,-0.20833894062601663,0.4379429694205031,0.6377851573061776,-0.06093492459768121,-0.7541126542990739,0.6896999553216424,-0.4396105038207696,0.1519628698853326,-0.35494621143203964,0.17616753479248878,-0.2918206879057671,0.18310136378415062,0.04107388974817246,-0.36882084292668865,0.10055548404696817,-0.1524683755246652,0.2468698162502054,0.02742039320328133,-0.13002393047414773,-0.24343725713016193,0.45594399694331933,0.4914252506361807,0.5809674436225203,0.5578009712195522
01058044,Ehndorf,14688959.266090317,51696.83631028101,76638.9682529867,76638.9682529867,76638.9682529867,76638.9682529867,76638.9682529867,0.00351943492890091,0.00521745393017114,0.00521745393017114,0.00521745393017114,0.00521745393017114,0.00521745393017114,TRUE,0.3497268821574857,-2.7587342498246854,-1.1742292407635426,2.681810209075738,1.9796094223444958,0.14498648745696868,-0.7116023742646532,1.5272309759514593,1.0942781040376977,0.9794291410836412,-1.0952013336186834,-0.16085218658053219,-0.06396723608632017,-0.3253844785257838,1.0169260468373487,-0.24266860109702088,0.5457322992934092,-0.8257576104887676,-1.4341696801926611,-0.3425159845342106,-0.12830414373452434,-0.3193419825091968,0.1590826547389799,-0.395093175491171,-0.3605426398531351,-0.0743196404767361,-1.1944122028102475,-2.236237817720279,-1.5578863480187446,-1.679120010725724,-1.7551599987401578,-1.6851717986784234
15087055,Berga,25961653.609452657,3509972.710534828,3578812.913611892,3836641.8359811744,3905150.028937427,4181188.0344043225,4509840.3140068,0.13519834920133303,0.13784996007761402,0.14778110415063278,0.15041992654564806,0.16105245441230098,0.17371159718288376,TRUE,-0.6335531679170461,0.9049123391458396,0.5487971037061794,-1.2336273241793143,-0.7988506749811846,-1.6321013316935236,1.3721361352007497,-0.7808602562853431,-0.5875579281023179,-0.07619040458562162,0.3204158987572498,-0.38650949503521836,-0.1253001964315854,-0.5526884475825112,0.0075583169419557155,-0.7496803387055279,-0.35077534775433755,-0.6561599813586381,1.3287581795356562,-0.8000902914302152,0.5678895532512024,0.7650904339989811,0.17654038088452012,-0.40873215367209087,-0.08740775654229545,-0.14548805710181426,0.2733854249783243,0.5118457637251577,0.5957850613606523,0.6421486521750353,0.6852341567148365,0.6579099781307096
12069454,Nuthetal,48437534.62117978,7551495.540645415,12187265.284816986,13315510.0015106,14501875.62468754,14631727.167656291,14783379.970221912,0.1559017319874792,0.2516078776537893,0.27490065515614137,0.2993933472895306,0.30207415142178656,0.30520504575304575,TRUE,-0.8381633068922983,-0.025638494239082255,-1.9703516578826403,0.895511588307945,3.6935471542663514,-0.6735014298530748,-1.2408937728670213,0.7047827672719411,-0.48576601090179244,0.29572116023990125,-0.10685426199196386,0.16750105237694674,-0.29841023970673713,-0.22772936219401466,0.17486827510044867,-1.0176630135212534,0.18535322027946546,0.06889035346871672,-0.09062039926193906,-0.7250593836460628,0.095509649146077,0.24895776911442782,0.08164682323977641,-0.08312210042220801,0.031954154761270864,-0.44918355976819907,-0.9447178196713404,-1.768747598569974,-1.3411189643838037,-1.4454839357983187,-1.4974346641337688,-1.4377234372780991
14524090,"Hartenstein, Stadt",36841945.25364857,748742.2180671073,749534.6680031944,749534.6680031944,779509.8389016318,799492.8564797568,809484.3652688193,0.02032309132734941,0.02034460077617551,0.02034460077617551,0.02115821609132961,0.02170061463843526,0.02197181391198809,TRUE,-0.6341449321963079,0.6532788578953604,-0.7743547501202073,-0.454595966922509,0.8883224106222718,-1.2657419092151723,-0.5705199015879006,-0.4005613457505317,0.16256715558721838,0.15396895121148227,0.6390488041521432,-0.5435872183500164,-0.2761806443140991,0.22133707708097594,-1.1528317494111051,0.5065374190779749,0.45136215050416084,0.13724921828732262,0.4525974274866146,0.28214408655108075,-0.08790526247548787,0.24009389072248655,-0.14440652289537828,-0.2553294780615501,0.26264970503465584,0.23542517477461394,-0.2517402748070516,-0.47132063909117516,-0.26486236816758263,-0.28547377865143275,-0.24987207657614185,-0.23990825738142182
14730110,"Eilenburg, Stadt",46756117.64448141,12514177.952267053,13164886.64913526,13644735.622350767,13834590.372350767,14013013.485565914,14559635.175342437,0.2676479267894068,0.28156500822495256,0.2918278144071109,0.29588834722216617,0.29970438504146973,0.31139529774583197,TRUE,-1.1781528794922227,0.9568281304010628,1.493550051805804,-4.040362375682951,-0.41213239272117935,0.34636292917214584,1.3315870376713408,0.06495453407139155,-0.10833560935978719,-0.027659818413662107,-0.21147909125433428,0.232610377546138,0.020902501490952463,0.06216762512129422,-0.10083824880355087,0.22546225847940213,-0.32535136934772235,-0.9352002327714581,0.7491553923124769,-0.20264091420058392,-0.07992790905979198,-0.08699567810888834,-0.15920506275792326,0.06606588300248682,0.1912728920022712,-0.16061627794192,0.4240751009048814,0.793974455356178,1.6035929659650683,1.728383486789861,1.7919388080849628,1.7204840279574198
15089245,Plötzkau,23961380.695040308,4071489.7195019266,4528311.557283357,4698302.453767731,4698302.453767731,5033124.430740509,5173118.007888946,0.16991882777208542,0.18898374909675628,0.1960781189349501,0.1960781189349501,0.21005151976832037,0.21589398681686625,TRUE,0.1364378481578561,-0.42283006800485445,0.7056281237205021,-0.19552090626048466,-2.8248310303649107,-2.4195593237517423,0.6647466416325366,-0.19246693451574223,-0.5132845836187896,0.7543748690015875,0.24678698572502428,-0.8684096104615954,0.9197944055131485,-1.111393421070391,-0.14311177031344346,-0.33363985245591843,-0.7230537836967221,1.0702000359198718,-0.18171416212810398,-1.018191160520656,-1.4901714671484676,-0.8936796213921154,-0.056516519559990624,0.038267903498567075,0.05555768062421445,-0.09468822891500654,0.1397453012911679,0.2616380901507507,0.46716740211173874,0.50352205360948,0.5913181240154011,0.5677389111838498
15082256,Osternienburger Land,140329265.54748937,30047799.12883452,31948154.027706098,34312410.13364293,34892276.15317418,35819600.161639035,36280003.8787848,0.21412354017249477,0.22766565408193065,0.24451357312941352,0.24864575480419765,0.2552539559149705,0.25853483759955365,TRUE,0.33526266719842235,-0.9071985652178807,0.7421898135121644,0.11926495590772952,-1.9025812328580403,-1.4211241665266505,0.5482214528685055,0.07514540655287914,0.45835647535077173,0.3243561700484205,-0.39442462916703386,0.34347822017386215,-0.2945027177045515,-0.09020821944612482,0.17032704975220336,-0.3422303816991556,-0.027925755959121307,-0.5898415604284396,-0.055253508053958754,-0.4944368616693858,-0.1226679583775178,-0.1641843465624476,0.23734166851547941,-0.0778620941910338,-0.06341442845052808,0.19214535340509398,0.056751305164235356,0.10625261071065016,0.23922178715599088,0.2578378649546784,0.267512232228363,0.2568449998155921
15083580,Zielitz,11433476.449316714,1927801.2143446424,1927801.2143446424,1927801.2143446424,1982486.6238888905,1982486.6238888905,1982486.6238888905,0.1686102405414804,0.1686102405414804,0.1686102405414804,0.17339316109820363,0.17339316109820363,0.17339316109820363,TRUE,-0.837640447045831,-0.17059989072665196,-0.6242881617143586,-1.1387532498630257,0.9549374861352865,-0.8215137713754594,-0.33431300659944463,0.4329524858379651,-0.2015530032998049,0.21296538449840166,0.5542237840348335,-0.6790400035218532,0.7216512446848378,-0.11533545254740914,-0.15926699158569552,-0.040514933073652254,1.0477538774510053,0.1913692744459395,0.12479424342512534,-0.6284867972704066,-0.011032337568899738,0.28582100612957484,1.2730561845731434,0.2058389085251697,-0.09482220637690277,0.09866777851967595,-0.5441761664956138,-1.0188336322723126,-0.01689207108156542,-0.018206600636644494,0.028323486338916966,0.02719406803531109
01058034,"Büdelsdorf, Stadt",5153811.36168117,275392.98981674266,275392.98981674266,275392.98981674266,275392.98981674266,275392.98981674266,275392.98981674266,0.05343482143415308,0.05343482143415308,0.05343482143415308,0.05343482143415308,0.05343482143415308,0.05343482143415308,TRUE,-1.004312436638342,0.48384626839937683,-0.36038723441757653,-2.1852862218845965,1.781087011589168,0.6034463728444975,-0.8828174642050642,0.2557821392186304,0.11606429288697408,0.14858466389701006,0.10049884642142166,0.03233815505868162,-0.7529682168109387,0.320808191862139,-0.3282807454620819,-0.09251868918980118,0.303355035275983,-0.45236470928960343,-0.550159566441753,0.530398696265471,0.02927126038310252,-0.3541631554391084,0.19218655619738023,-0.1141973127194759,0.47385494422471747,-0.40437227377613805,-0.2936178008855139,-0.5497258222506295,0.28491679444889106,0.3070888268321898,0.3368744847841757,0.3234413853210542
01058035,Bünsdorf,13331204.183072826,387746.6058826897,387746.6058826897,387746.6058826897,387746.6058826897,387746.6058826897,397750.0743638798,0.02908564001855341,0.02908564001855341,0.02908564001855341,0.02908564001855341,0.02908564001855341,0.02983601998001945,TRUE,0.9409171607422421,-0.9494215878723342,-2.021350892563088,3.183844481800205,2.0544887799330556,2.6240780006362585,-1.7337273927274184,-0.6128704211081664,-0.6628245825143806,-0.15517572970166427,0.5290427869559102,-0.8111296606468805,-1.6662949402770872,0.8256189365363685,1.2377919848450025,-0.14664882294015089,0.03549557656855704,-0.42422273029045154,-0.1154287634699567,-0.3692723986590874,0.22865406026374532,0.5455802453652894,0.17686008718262097,0.11906222407306176,-0.8673492649628323,-0.051432070426790454,-0.6766184398977266,-1.2667986310807728,-1.3005097896762037,-1.401714582560641,-1.4437116028430106,-1.3861426196370625
12054000,"Potsdam, Stadt",186960130.6256413,15070811.862832718,20723281.836640872,25053893.25324344,29813971.55123813,35647896.93894192,38622996.9999603,0.08060976322812742,0.11084332133964989,0.134006609694823,0.15946700214355322,0.19067111698975708,0.20658413572301612,TRUE,-1.2782241688650835,0.5046008209047659,-0.4070409080881485,-2.2379826984553763,2.5056170097589905,0.9747053468230028,0.43603253421766053,-0.02990305505738319,-0.0662828433925438,-0.11227786970367928,0.035111011240206706,-1.178085418667637,-0.012581943602233364,-0.37445012221223145,-0.20108826255908932,0.5100138313190621,0.32114569044169505,-1.1712536596996659,-0.6292362736909471,0.09539865047108835,-0.4669513653799999,0.22762856669864284,-0.13136224583967254,0.07660589793870647,0.4396822140012163,-0.3159755408679424,-0.39355475201615536,-0.7368327431111055,0.3395253097607457,0.3659469398985057,0.3770869011939092,0.36205030424527623
15083565,"Wolmirstedt, Stadt",54729424.11264736,21068368.834007617,21872018.001932222,24061124.523033615,25429780.858674616,25469779.168244928,25869770.266877744,0.384955061661958,0.3996391037646209,0.43963781664337587,0.4646455041502634,0.4653763415420106,0.4726848616866686,TRUE,-0.9656669424486786,0.21876159335316034,0.46406377428570905,-2.506556184017579,0.4120650198127341,0.17299989637959196,-0.05242164900935638,-0.5872069752650836,0.14800705230396927,0.2805371160345535,-0.24099586477692003,-0.32226123065864715,0.585023336493182,-0.708103165803153,0.05323906489587179,0.02564506334653904,0.27762936690869927,0.06371205495224279,-0.14161768150095283,-0.4853313220169341,0.04552108232501268,0.19634093139469055,-0.31453908333713865,0.2054870666689917,0.046538086497479564,0.31019876573132854,-0.09428052493660305,-0.17651667895027856,0.7870732270453237,0.8483227336313833,0.8909187044561674,0.8553927144774892
15084445,Schönburg,14795758.253482584,2247389.816378682,2349730.881469984,2349730.881469984,2349730.881469984,2445299.440103114,2445299.440103114,0.15189419682831715,0.15881111607895534,0.15881111607895534,0.15881111607895534,0.16527030235355095,0.16527030235355095,TRUE,0.38879436028054415,0.08277453860511094,-0.795502285219521,0.9501875121739135,-0.7486866043368755,-1.6425424818813406,-1.0520671291956405,-1.3036398175033939,-0.5151226759983865,0.10444210884941423,0.9377966094007428,0.21887660660258426,0.10254503582667246,0.9142131539260143,-1.1154271283756552,-0.1863780304608312,-0.1935518161841834,-0.011306275921138689,-0.1887386309101487,-1.021934340125906,0.16457851193065295,-0.7568811970320414,0.29081005063781235,0.08810657352556803,-0.6065665861156552,0.4323225861978618,-0.10797779544462198,-0.20216138873933512,-0.3536436384673614,-0.38116394740321274,-0.3353144268082532,-0.3219435357191861
14729100,Elstertrebnitz,11619607.328886202,2098024.55154441,2148001.185333473,2280309.440479144,2330115.4845897206,2340110.8576365956,2350106.286347533,0.1805589889710599,0.1848600494436304,0.19624668682308416,0.20053306610431507,0.201393282182532,0.2022535030512776,TRUE,-0.3545722478004996,0.11687210183629747,0.25697331748086744,0.12559812089557,0.2989861426537653,-1.64108190941731,1.3366581561103101,-0.4727486774455495,0.2280965550985267,-0.2084033022508564,0.38984693480067334,0.6883146425529284,-1.0798390250053644,-0.18902456157546432,0.09309918969827906,-1.5352971901179795,0.1910623147107283,-0.013903579429263254,-0.7453324612828847,-0.589385811329814,0.7060173890362248,0.04235519951837527,-0.13840351923913968,-0.2852053170888749,-0.10321543812697823,-0.1057245730223451,0.0064243905055551,0.012028062816608598,-0.17729406499074474,-0.19109096930431832,-0.19029426547908185,-0.18270615206918728
14730140,Jesewitz,52579637.76954773,1104044.1647558382,1117560.815361954,1142188.851706979,1159343.4511899108,1227545.4324816992,1292902.1081420344,0.02099756125355549,0.0212546313129834,0.02172302625425264,0.02204928562405124,0.02334640337124289,0.0245894069070753,TRUE,0.11980698755247549,-0.340841772407382,-1.4185723926310965,1.556332673263441,1.3740884557016793,-2.0892000921238765,-0.12311157495506543,0.08156193174421454,-0.8164440346209927,-1.8513077450497344,-0.17244770266759912,-0.7764303272702506,8.118502784182367e-4,-0.03353935183626882,0.4603126230354181,-0.7962478101781082,0.03223111920361232,0.1614631527999294,-0.21923383129224217,-0.19602084670228118,0.15157603749674903,0.17174280421502655,0.5632855853262762,0.1627435627785134,0.16909783484361757,0.23353225636391187,-0.5465357258286677,-1.0232513163861514,-0.914297702994051,-0.9854477323139132,-1.1636938268255954,-1.117290743106199
12061540,"Wildau, Stadt",8859795.18962394,565060.334216945,788493.7266161422,788493.7266161422,1101811.069215901,1101811.069215901,1101811.069215901,0.06377803573594,0.08899683454755011,0.08899683454755011,0.1243607832499645,0.1243607832499645,0.1243607832499645,TRUE,-1.2418279044145766,0.3180492300943092,-0.9240220065077265,-2.291096453846676,1.7671338240609937,0.1778402878792142,-1.0499026066533683,-0.32386874210899336,-0.632095648749914,0.12625495155941857,0.5699822010311743,-1.553750897960772,-0.6020900838165244,-0.02596602120190643,-0.17473899466641518,0.8148956613274558,-0.30639627709732703,-0.6802125713118883,-0.49229738749250984,0.5133819440294317,-0.6601015292569268,0.23916019124577378,-0.21778163265135989,0.35064672775092354,0.2777599476646575,-0.23592869811470835,-0.615933560275998,-1.1531813870048837,0.32486549531332126,0.3501463085986028,0.4084719598837417,0.39218386234934444
15083115,Bülstringen,25328781.491338883,617786.2288681734,721477.0456260876,979757.6070410876,979757.6070410876,1822323.2372447704,1918498.7549170104,0.02439068097608343,0.0284844750969483,0.03868159261337201,0.03868159261337201,0.07194673924080831,0.07574382350659215,TRUE,0.7126435421336803,1.230672862476525,-0.29188017160598456,2.2676458010708345,0.2779145541768071,-0.2019495802376064,0.8582343166687725,-0.27978217527003485,-1.1935864030852952,-0.9732355015454885,0.574839331711614,2.3412794023447505,0.46214926730011746,0.14933635698156117,-0.40734379834355844,0.17116386324471428,0.42344736440922626,0.1635652091828173,-0.6533152930999228,0.5375480596523164,0.28119709425504014,1.0877024537972466,-0.5210306558107477,-0.4406248174146937,-0.3983803422890721,0.3299208322731616,0.5504787443347402,1.030633631367951,-0.6511110646066036,-0.7017800876015656,-0.7639713838400539,-0.7335075047110756
16071015,Eberstedt,4115693.94385734,301415.6676777888,373090.1130267026,450207.16682700854,450207.16682700854,488591.4451944864,488591.4451944864,0.07323568559505031,0.09065059698706178,0.10938791197021376,0.10938791197021376,0.11871423187909964,0.11871423187909964,TRUE,0.057554821099099936,-0.8737436547625453,-0.17362318220660927,2.327111339046339,-0.6253852780545676,-3.0747525242364526,0.6507989123460001,0.7389328788114959,0.700180629068943,0.5195494194306873,0.7579945341078196,-0.5678361067574716,-1.7363053275440266,-0.33583333971694385,0.3179199901702457,-0.5670921280418946,-1.361126139648923,0.6964850504866612,0.17841608370989817,0.26664087283748733,0.6584474934273818,-0.32429852257909336,-0.2632006835777128,0.26557608381172804,0.3471881961580844,-0.2676113210032668,-0.32993733862335156,-0.6177250637355847,-1.1006469851333092,-1.1862985896452833,-1.1598870598067954,-1.1136357735143523
15090285,Kamern,68252508.79766643,20772605.375766836,23395942.309646904,26173323.739442293,28600121.375406656,29488285.052583188,30171812.419004377,0.30434933076741433,0.34278508910205535,0.3834778266837447,0.41903399419633497,0.4320469030669742,0.4420615879256289,TRUE,0.9903439047082869,0.7212584157740651,1.69108814212794,0.23532566802329505,-3.068288052147753,0.9237075444582112,1.1827237437139368,-0.2893226618733395,0.23646369537614992,-0.3275405644621145,0.5363536621755601,1.5151953591947744,-0.2282979846572691,0.8073830592729286,0.5928589822099433,-0.4855821459994229,0.22915634244998062,1.2596332967615156,-0.10086183929647922,0.03935671408871666,0.4615216949524276,1.139190442738219,1.4108717444139063,1.8087412366934648,-0.13388227226772792,-0.4381426859436677,1.1342301542034308,2.1235619988314594,0.812088557455512,0.8752847401475079,0.925057591766566,0.8881702904107597
12069028,Bensdorf,34327538.55117235,1004.6844979111796,1981.5982074369392,17341.06998437426,17341.06998437426,23541.004412472183,57914.665844760566,2.926759506550369e-5,5.772619567473368e-5,5.051649700581875e-4,5.051649700581875e-4,6.857760680212887e-4,0.00168711967968302,TRUE,0.3736521472245552,0.7877627573038578,0.33496351064568197,0.4235296338409349,-0.19525766997553556,0.3003919697719025,1.3346085176962077,-0.977535702856655,-0.7039260483861809,-0.24148506784530482,0.19424613727189458,0.47132451550223453,-0.37717439630947813,1.2666312471382568,-0.5194853578095764,-1.2587345333884716,-1.1937855606243226,0.9552563959081356,-0.4296226558962835,0.09306799562394973,0.7353819109585661,0.7000412011501855,-0.04840779621911387,-0.33915905214101344,-0.523137746345391,-0.38245031081674113,0.4987928050580317,0.9338646501209202,0.16270734433333597,0.17536911990376974,0.17880796951275496,0.17167787997569048
14730160,Laußig,103741298.45665488,8381690.173884477,8564230.063114423,8685985.357174326,8753430.480380835,8804205.996877318,9051247.020467196,0.08079415139946901,0.08255371959406044,0.08372736303087143,0.08437749103398957,0.08486693465241217,0.08724825267392408,TRUE,0.05035581846934025,0.36401862760172077,0.5753154957327585,-0.2141877568678743,-1.1027923459772366,-0.7725028765406259,1.0597956380697526,0.2760068816174218,-0.22591629928016385,-0.3177335923085409,0.5559744722043088,0.1120398429662971,0.09132032849480023,0.14532376500153454,0.7208845034937168,-0.06140025697806456,-0.013232752684841184,-0.073517071965747,0.35033248545427853,-0.13346121523500398,0.11418425439320086,-0.2053863832645404,0.7791012224127417,-0.5970825096740003,0.33958653988806775,-0.321793566780423,0.3298966472679398,0.6176488793600302,0.3018671129403557,0.3253582076528054,0.3521251220498811,0.3380838930414263
16071001,"Apolda, Stadt",46278365.56514259,525729.2526092182,649067.6024051656,705999.2445334661,711073.2330418064,711073.2330418064,711073.2330418064,0.01136015168619532,0.01402529226084101,0.01525549219191165,0.01536513280791824,0.01536513280791824,0.01536513280791824,TRUE,-1.2064551965706982,0.5963698148819189,1.3805368235025106,-4.035077790464622,-0.18615719339474843,0.8203070492933555,0.7148848028932344,-0.9220637572250187,0.8084479959184596,-0.09107934860420727,0.5186839745016993,-0.4563036032254559,0.2804025458043353,0.3363068619591538,-0.10228492401975034,0.009486344801267114,-0.1023581711266671,0.09955635746692154,-0.08871170521622876,-0.10377767657742869,0.33457068210746194,-0.43224406429650175,0.004408400224962052,0.11060488822027921,0.12497328188331437,0.1724568309150741,0.2568171472712438,0.4808258117388237,1.5326283461553643,1.6518964482279292,1.7514476570365467,1.6816074891280268
16071003,"Bad Berka, Stadt",54603342.18409892,126313.89469648057,126313.89469648057,126313.89469648057,126313.89469648057,126313.89469648057,126313.89469648057,0.00231329969272951,0.00231329969272951,0.00231329969272951,0.00231329969272951,0.00231329969272951,0.00231329969272951,TRUE,-1.2742734114921488,0.18438739171661617,-0.542221298511534,-1.7297735207015654,1.1447058040659153,-0.6424169781594533,-0.6607231185959593,0.017719282471265255,-0.3294552905272304,0.21813185961062004,0.4998959980622548,-1.1250397392627907,0.8485757587982801,-1.274009810139322,0.4223817133660417,-0.03637273430706109,0.670113543942966,0.16371434507495594,0.026274132372316617,-0.1360870293717415,-0.2414684913859847,0.5060033672063509,-0.6800350397065639,0.5071979596519275,0.16889192065172476,0.01267550586521263,-0.5440357727623556,-1.0185707801556445,0.1711939487343203,0.18451614612357606,0.2372953383483201,0.227833025154104
16071004,"Bad Sulza, Stadt",93949607.40627933,1651158.8118376583,1727284.2137514628,1812103.0723847272,1812103.0723847272,2223106.223298074,2280199.474544548,0.01757494105001762,0.01838522013489559,0.01928803240814406,0.01928803240814406,0.02366275160346745,0.02427045239991227,TRUE,-0.3939614056329444,0.4532986070032443,0.5552174758967658,-0.5784397860067434,-0.37567324157877563,-0.8715296483392141,0.901094700645425,-1.6020942828795068,1.2160642391104752,-0.09386936450882151,0.8388211561199321,-0.384143840490726,0.014920651418013743,0.35337965977237323,-0.15871396350960618,-0.3625062078801088,-0.020558757044378675,0.8712345750351379,0.04390467122535037,-0.24922730974882945,0.16295323655166047,0.04353608750215609,0.055567552367601754,0.1695684815296124,-0.17303199771427963,0.07342606523520877,0.20485155908902195,0.38353325792888576,0.2500032232482877,0.26945830511705565,0.3255460965169241,0.31256472424961074
15090270,Iden,37819605.680566885,6584537.030443555,19183754.595076017,25906364.599521965,26598238.793136537,28355654.693412907,30318456.87370766,0.1741037991262541,0.5072436438683796,0.6849982736026679,0.7032923351393824,0.7497607175736127,0.8016597827535364,TRUE,1.4027717058273557,-1.0376223199431098,0.7402154505643779,0.3489735918461975,-4.346865221698997,2.330953652750499,-0.7753963837117963,0.48632568391572534,-2.967145536066735,0.26475299271839303,0.7999955006424087,-2.531305423957484,1.9868671303897512,-2.815871342608062,-1.3537780441675438,-1.689936958014834,-1.2414655300302164,-0.42354223373778827,-0.9091904796533216,0.6144588627215941,0.5316352426258992,0.419446139172443,1.3933973268336575,-0.9483349904128456,-0.1739034056925279,0.1178099964477622,0.36845494548287455,0.6898396393441458,1.1590899037660198,1.2492894967074069,1.3712117314952317,1.3165337300254105
16071009,Buchfart,7264648.840287894,32760.03679680736,42761.489921807355,238054.25675857905,268058.4169148291,268058.4169148291,268058.4169148291,0.00450951415781152,0.00588624321173833,0.0327688594441607,0.03689901918290191,0.03689901918290191,0.03689901918290191,TRUE,0.5405260080747576,1.1435847789397444,-0.6684801026074927,1.8534878377172974,0.9648712117279695,1.2124451717839797,0.8067582329833775,-1.1760441333524996,1.7143496167635432,-0.28399474666198554,0.6535899664050143,-1.3455348462962158,1.1723412113919502,0.40925297272182953,-2.4233220197944343,1.9583943369186538,2.1995777526556792,-0.12627901103640018,0.34451413177972445,-0.02408093347878172,-0.7782292942475455,0.2777383748236877,0.094499001743189745,2.618634297845776e-4,0.12049117897904123,0.36760214210002856,0.3385435614690031,0.6338380613673009,-0.6725151734074157,-0.7248498496833127,-0.737419309320184,-0.708014212242349
12065036,Birkenwerder,17753259.84957883,740200.0144613564,740200.0144613564,825098.522198173,825098.522198173,825098.522198173,825098.522198173,0.04169375206204265,0.04169375206204265,0.0464758883263767,0.0464758883263767,0.0464758883263767,0.0464758883263767,TRUE,-1.4001724163193945,-0.537254815550744,-1.2998863053924345,-0.26290057806989076,3.2913694478317947,-0.7819503458338667,-0.3726791852173063,1.2315044587704924,-0.7110224375191212,0.21638676539395554,-0.09172684687663644,-0.44234635367665265,1.2595381179959915,-1.6543943147506361,0.49123816849263346,-0.5031802845209006,0.184094949649228,-0.22069180427340954,-0.5826844379181318,-0.6636953562379204,-0.1222137223926161,0.682641564404614,-0.7936031167825575,0.31555608069832775,-0.2990394319993647,-0.1152063726901375,-1.0791045124208576,-2.0203530358032444,-0.8250844195888075,-0.8892919314887768,-0.9205106616210676,-0.8838046722008788
13071001,Alt Schwerin,44364011.80546184,1934587.111194043,3832334.1695462335,4496754.38915213,5775263.400879709,6873081.598768412,8351840.397366594,0.04360712731926259,0.08638385063891853,0.10136040917288087,0.13017901596015471,0.15492470854320345,0.18825710429412432,TRUE,1.9342531132174494,-0.26585193014307246,-0.7878089569782463,1.939341200108086,-3.4158666887117595,-0.20596815806253896,-1.822909659252732,-0.7890057736035426,-0.9776690848900343,1.6185263347401089,-1.199884418562934,-1.3907145211370322,-1.5761515940442294,1.1524336546042417,0.9044190742102634,1.0409404358230854,1.5244144894561662,0.4492811585735265,0.9814725568039833,0.48257217571273436,0.46650274111955253,0.09066496783622667,-0.3224019343523026,-0.11113520902065273,-0.009429579475104656,-0.3956289258007518,0.2935307420320436,0.5495628263434884,0.035689474449967375,0.03846680523097029,0.07633684116277849,0.07329285764263423
12069017,"Beelitz, Stadt",181276681.2923098,1530076.5315829818,1746468.708523513,1839745.076991026,1962991.2685753456,2247158.208739522,2347205.7314658533,0.00844055904308907,0.00963427119292481,0.0101488236869497,0.01082870259197877,0.01239628943292471,0.01294819452084391,TRUE,-0.6412921627138416,0.7970578296020833,-0.4270090095690736,-0.0527292558297425,1.6629547717478232,-0.3836492788762982,1.1884414777705443,-0.69216998915648,-0.47036228399189306,-0.34186222307176006,0.2693812232448993,-0.46591849476194974,0.09944339751667229,-0.6180021632331313,0.08683005262057124,-0.4117321952422911,0.025184588234948433,0.05796285331893672,-0.15474047198390697,0.0777772248727345,-0.18528321801847739,0.7174316190675633,-0.1524189674228648,-0.20302131538996238,0.055326822096383094,-0.2272759493294405,-0.09041444756027732,-0.16927841697101287,-0.22035072174861625,-0.2374982659912915,-0.254901360079919,-0.24473699478097927
12069018,Beetzsee,21321376.587013684,4896334.186351429,6122645.591160114,6122645.591160114,6122645.591160114,6172986.081049112,6172986.081049112,0.2296443743380839,0.2871599573401496,0.2871599573401496,0.2871599573401496,0.2895209910981509,0.2895209910981509,TRUE,-0.33242238015965214,-0.29656244804585596,-0.6337854996169094,0.4978168203579356,1.2037507226374675,-0.4964540959262797,-0.2154496488072171,1.0632547840608513,-0.28403993308927705,0.3112065715259133,-0.07038098909503114,0.2635399188980184,-0.019777127330326095,-0.3225106408157102,0.3112073593349965,-0.4741871639014969,0.28698277606749023,0.04054471656065309,-0.28447131594822284,-1.5440004846826865,0.15729436332990218,0.8924337402609066,0.22722836424734982,-0.016938911482841656,-0.15143572789713836,-0.319503219732551,-0.42092344260747255,-0.7880737642408199,-0.5839853761151123,-0.6294307233984919,-0.6413159917895466,-0.6157430799362829
12069019,Beetzseeheide,37578173.903789505,5036691.933997919,6708066.555570443,7075465.927492499,7206366.561815328,8659223.175500793,9098916.155969543,0.13403237599818554,0.1785096469228373,0.18828658214227345,0.19177000405250172,0.23043225031825107,0.242133004633628,TRUE,1.2486598143182939,-0.26550868388014465,0.2621997568175376,2.6703111170899274,-1.2893681821644463,0.5144834229158863,1.0709438281352155,-0.12400896650261857,-0.5590643806103099,-0.19149582830013703,0.21582309450077602,0.5987380222567973,-1.5741376186442724,0.04156230962342697,2.3478234027133014,-0.5702760284991133,-0.20376371764450044,0.8759528646141167,-0.07998275944204414,0.22355422547785456,-0.37419420646180607,0.1052961444186599,0.5719549248409963,0.3623115270848079,0.4849425463151867,-0.31330675716285333,0.4151169624185623,0.777202583792618,-0.41033413081658426,-0.4422660555528429,-0.46209468756620764,-0.4436683472530381
16071031,Hetschburg,2807224.2804525387,446421.316072535,466424.24771316006,481161.1212203278,481161.1212203278,481161.1212203278,481161.1212203278,0.15902588160877892,0.16615140121186545,0.17140102576441174,0.17140102576441174,0.17140102576441174,0.17140102576441174,TRUE,-0.3970388690175046,-0.7317576938003965,1.2869240886087134,1.6957019806951128,-0.23385447262761982,-3.7189993818224223,3.312112869776053,2.5383528813357863,1.5929286657126853,0.19096625070444379,-0.13800248340087057,1.1281704751865884,-0.45600544433222273,-1.7728733569969188,-0.9977828627781918,0.8778296598469836,-0.5999088225275856,-0.2504999142192136,-0.7693629580785254,0.10511460411471923,0.7954932124860019,-0.19358730661175844,-0.254986896894308,-0.029421849810685834,-0.0633640693964925,-0.0038655240422719667,0.052709175263604115,0.09868473445598541,-0.9507779467532478,-1.0247668439873165,-1.0665663509322152,-1.0240362914494676
13071036,Fünfseen,51491620.68168621,14692.136874959546,14692.136874959546,14692.136874959546,14692.136874959546,14692.136874959546,14692.136874959546,2.8533063594529727e-4,2.8533063594529727e-4,2.8533063594529727e-4,2.8533063594529727e-4,2.8533063594529727e-4,2.8533063594529727e-4,TRUE,2.5669881930260146,0.2710452915173275,0.19140990164891783,1.4936073593646635,-4.0239273671549824,0.36397428582281427,-0.9894209373327069,0.2307759212212814,-1.4034068723656945,-1.9042249585861037,-1.489492681223291,-1.6563509347728005,-0.23446550278497946,1.1461472664999979,-2.811102108891204,-0.47803231870622065,-1.7723179852972197,-0.06663463755054691,-0.5557864485600198,-1.1427168683452769,-0.1303090840943861,-0.051206538123939896,0.693000469235095,0.5559709858443003,0.1623830480748666,-0.6027393102353074,1.0098144620640868,1.8906247639093499,0.6328539414416009,0.6821022074509198,0.49684571843362574,0.47703365710217505
16071022,Großheringen,6057560.926787112,1122638.2560382076,1122638.2560382076,1169767.0978265218,1169767.0978265218,1169767.0978265218,1258021.4426188148,0.18532842997480953,0.18532842997480953,0.1931085979925848,0.1931085979925848,0.1931085979925848,0.20767788517911953,TRUE,0.06359635244022188,-0.0822245541416879,-0.8336673053441089,1.06584232843737,0.033224639838866386,-2.195021295035969,1.0532093310123998,0.7500139300980412,-0.569968318473071,0.38003358267955156,0.31867300669328774,-0.8423024218371897,-0.3937357054726353,1.0633498028425257,-0.4156738447007729,0.00444540307876303,0.6250651082345312,0.04050476038783998,0.03520865392954443,0.5263748235158341,0.09345530055334868,0.12929135589908733,0.08523579103090365,-0.6538869773400368,-0.008389028794343119,-0.4827249777763984,-0.284098502348525,-0.531903318983752,-0.5853193069431792,-0.6308684598220634,-0.6149567419693853,-0.590434923151067
15090610,"Werben (Elbe), Hansestadt",53284422.1490267,36805158.40370332,39535296.17734706,42495922.363656335,44154534.15146748,45436714.2741508,46829298.52569704,0.6907301781516196,0.74196725014253,0.797529946835176,0.8286574644269462,0.8527204094861477,0.8788553321404918,TRUE,4.115792697124881,-1.0997752183631695,2.315503231696345,3.2665920190183315,-9.25285918852663,5.651122718397016,-0.956707303647624,2.1416315209684713,-3.305152976169633,0.4317047281679678,0.6794657848619289,-1.7592242314539235,2.8665971244854513,-2.329316838088295,-4.006680555941333,-2.5629379327656228,-2.3509988132550426,-0.9087193835327938,0.012571627228192862,-0.2945319022642581,1.3583943444458402,1.8385797959188588,0.6610471938557483,0.14221243675197726,0.24814855433800262,0.39059676661577936,1.7771735701526854,3.3273125784195994,1.5579156552430482,1.6791515986184156,1.824406360243895,1.7516569143664231
14729170,"Groitzsch, Stadt",70066356.78129907,2133214.3039544984,2197952.4537907764,2242740.9861188876,2272726.972447013,2332699.7878767005,2352690.700962638,0.03044562900013462,0.03136958384537294,0.03200881406063748,0.03243677960224144,0.0332927227136677,0.03357803672176342,TRUE,-0.6751180453765391,0.24315947836241592,0.17470277878903645,-1.4262150074048359,-0.07819953892366548,-1.086850638053573,-0.26060634232252317,0.43669248083237866,0.06064922488628188,0.2544421265437463,0.20371187393991497,0.35384446109937323,-1.297370857890377,-0.18415481884964957,-0.3385042623133989,-0.41502507896099755,0.18447297406113228,-0.14257268823004055,0.13705037845874962,0.7066094030231826,-0.02714007609820465,-0.05050192671502958,-0.03301039142263835,-0.005905101773074125,0.4936252965805077,-0.11415512549264976,-0.08575192940836224,-0.16054901903570376,0.28717286884454124,0.30952046741254396,0.35264779361679294,0.3385857227237134
16071056,Mellingen,14403975.646335885,836964.3415167419,1028306.846565536,1178322.637581161,1188323.7674639735,1218326.8826983485,1218326.8826983485,0.05810648129842199,0.07139048772462477,0.08180537557913084,0.08249970679214956,0.08458268137993341,0.08458268137993341,TRUE,-0.9657340469133382,0.8101890494632806,-0.4782441886166175,0.1747207435355133,1.8306300394896162,-2.1294673313493973,2.2128737495002277,-0.378262220190175,-0.0774246273001186,-0.23299995600197887,0.4839526488562412,-1.2037486421123322,0.799925212444718,-0.8598024820354883,-0.35280668704522905,0.16295200806852295,0.03124540628590146,0.09884153509254735,-0.40261351919797567,-0.7955123009637222,-0.050316978579253574,0.6905470475363165,0.37084864898980013,0.3892836632692431,1.0449025741927709,0.09737569776512602,-0.21126306202222503,-0.39553719199278686,-0.514739825333568,-0.5547965306546602,-0.5664345044270053,-0.5438475428701314
12065084,"Fürstenberg/Havel, Stadt",214316768.5831509,7810342.267391046,8460437.96120417,9066095.744317891,9145933.627313549,9617091.846570743,9934751.025278576,0.03644298259546023,0.03947632290807743,0.04230231635281687,0.04267483915410518,0.04487325891552667,0.04635545361642609,TRUE,-0.25709968463910393,0.2327663564468165,0.9680772828332822,-2.423503721285072,-1.336766123439503,0.9015356839063979,-0.9865920608219705,0.19597281734121116,0.5016613831835411,-0.02944237034561019,0.23971566973132827,0.6570948380968067,-0.7829260390400075,0.4624060498521509,0.1342646613058102,-0.14135579371184742,0.40338032752057434,0.1191359120116948,0.012349057726173581,0.6026940311842135,0.12724858040302045,0.06006530388512745,0.33610021628311354,0.3291979119073935,0.24475944991588544,-0.147848284665408,0.3145813182136649,0.588974760038896,1.0764296819400077,1.1601967122847179,1.2249654487311152,1.1761191173675676
14729160,"Grimma, Stadt",218061391.4985175,9572063.629464002,9981696.403878065,10357695.35912904,10409492.182591,10489422.662083188,10822202.916743169,0.04389618704936622,0.04577470745868337,0.04749898772979011,0.04773652094512003,0.0481030712956562,0.04962915646081595,TRUE,-0.4458131037800692,0.7180834342286582,0.4902596401879408,-2.2755645769347748,-0.34440265529292907,-0.43324305077340475,0.23786733420367115,-0.9423321951587883,-0.4987941813091646,0.8659721610660007,-1.603787134292455,-0.15454242046219793,0.5729824601435725,-0.01253272417713112,0.4155583390954224,0.4376724316087728,-0.15527784459107882,-0.0546614093406614,0.2240152972499008,0.2571741086515941,0.18127989115845755,-0.4156922111226869,-0.17281515685148577,0.16921035645945454,0.2782006132108085,-0.3120143069699972,0.2541766568788433,0.4758821545500239,0.9378808560187605,1.0108661103683565,1.0183122667066804,0.9777063716892789
12063244,"Premnitz, Stadt",46178220.475776285,7887207.2222719565,7887207.2222719565,8833060.813096771,9703027.029417371,11707735.589766815,12097549.496993376,0.17079928895071542,0.17079928895071542,0.1912819663055299,0.21012128508735609,0.25353371067878944,0.26197522062027895,TRUE,-0.7785442704805375,0.4577730108404426,1.025629309131457,-3.5848912978212253,-0.6305210852652897,0.5126635422229836,-0.28551355727754457,0.31594190161937713,-0.2359483370120851,0.36797891366137087,-0.3061598235731359,0.7865372952958333,-0.17846411696331368,0.5829634026502206,0.07128097930601211,-0.43959481517272914,0.31910643525684973,0.5753445126025737,-0.21152065845520665,0.7801045477919931,0.342379058605921,-0.0557891447088895,-0.05235614259817048,-0.12492282421054174,0.15792935769896055,-0.14224963050536715,0.23495268316378737,0.43989007666659136,1.3599738162821788,1.4658060595283937,1.5382180375506755,1.4768805459100611
12063228,Paulinenaue,31697901.34660355,434899.6110556727,855136.0726988172,1664528.0922300671,2264070.3217222546,2373985.5248472546,2373985.5248472546,0.01372013895494922,0.0269776873663734,0.0525122491242917,0.07142650540064385,0.07489409153270737,0.07489409153270737,TRUE,0.8405905466082858,1.1119496929667705,0.04658250037091091,1.410987227700107,-0.9137167011689613,0.7172682471395246,1.7398735265227088,0.17747357110396927,-2.236869379511939,-0.8549604834800413,1.0837570845238764,0.39507659607116286,1.3220127457926611,-0.25683079366711614,3.113193315535783,0.9449245471948063,0.6297003681112742,1.2281910069754318,0.2907345066077349,-0.7308408803809909,-2.042840992095201,-1.1390848504726796,1.0543851217578102,-0.8101939809941654,1.1209667383735895,-0.22470462042688896,0.6663742466486556,1.2476189439495566,0.07879499418896038,0.08492676738323185,0.09659036071729285,0.09273875431401937
15090631,Wust-Fischbeck,68342324.78104992,46387588.53364091,47941494.03148045,48313461.217212886,49381115.641331874,49955266.915296696,50125230.99757238,0.6787534471830455,0.7014905358439569,0.7069332419111579,0.7225553973988365,0.7309565057281806,0.7334434577424733,TRUE,0.8741207361770011,0.1273588645002034,1.1130068007634126,1.2597397465061932,-2.4581566695125012,-0.5316273868095172,1.9389916178217572,0.16780851440454458,0.4625142215610931,-0.26847365182474037,0.93187990307263,0.3976916406123949,-0.4497709840964759,0.30977359094528534,0.4839944168252878,-0.19534952278311174,0.7238989240491844,0.12821411281178044,-0.21757180441351043,-0.5228612048513278,0.23074756734537313,-0.9104197342319966,0.05345904173272833,0.8384106679002822,0.19089184630899234,-0.20477029704705352,0.7048288004802057,1.3196154685491415,0.1571123319552866,0.16933870744384374,0.21483091801428106,0.20626438887720971
14522290,Königshain-Wiederau,31091584.247506883,0,0,9797.378613718323,9797.378613718323,9797.378613718323,9797.378613718323,0,0,3.1511352190115364e-4,3.1511352190115364e-4,3.1511352190115364e-4,3.1511352190115364e-4,TRUE,0.9198087957615715,0.3498868735665726,0.24462941169553243,1.168796724680628,-0.9232336499315144,-0.9942442562988724,0.09339366610562834,-1.5043159732846003,0.5495578251320898,-0.35727636386299483,-2.1729894549264266,0.06274990990889145,0.8863411338141944,-1.3077220167880983,0.8904362148033719,0.6070000216259632,0.7874171318331544,0.7363726566163057,-0.3162230404796796,0.2356342268734649,-0.3776436437285149,-0.7901672494196553,0.2305419272038933,-0.38620006422159886,0.5919465274733885,0.059864473662483014,0.5047750270078922,0.945064863017941,-0.07910263175927061,-0.08525834510134712,-0.24291625409528844,-0.2332298030583052
15090635,Zehrental,72723029.67642361,9875494.911861314,19074179.888034876,21042084.61448733,23570972.385326467,23660979.592357717,23933127.70804383,0.13579597764011875,0.26228527569470356,0.2893455444322482,0.324119780077975,0.325357451382811,0.3290997063039415,TRUE,1.5058492150664777,-0.3665669341717664,1.3348863282155943,2.045939365941846,-3.0319975841413775,0.447251348057389,1.4253783258321393,0.16142643580478808,-0.1761332165793427,-0.5147089290913132,0.04396639604746459,1.5188580114237868,-0.07648437522710225,0.3420218138895471,0.5682947828414805,-1.322091242824009,-0.5413415288636,0.30128815504400225,-0.7096502991470557,0.6968106038598856,0.22694331920060493,0.7577343176903372,0.4501597654931067,2.0815747156107296,0.18879347216388975,-0.11351345457098233,0.8247228697034353,1.544087096590565,0.1963044959405887,0.21158077914249954,0.1894489068348406,0.1818945026765011
13071043,Göhren-Lebbin,41540306.91411783,1958229.5336778176,3645932.6621479406,3645932.6621479406,3645932.6621479406,3645932.6621479406,3645932.6621479406,0.04714046859900056,0.08776855379729608,0.08776855379729608,0.08776855379729608,0.08776855379729608,0.08776855379729608,TRUE,2.6048258660963577,-2.291921598927598,-1.5726445355161645,3.7304048857831242,-2.3340010691283286,-0.19582219356480635,-1.4880259967031249,0.17049158852575985,-2.329069427238612,1.991169857972866,-2.4123211327166323,-1.5039992917386984,0.4234186193812903,2.028898729772349,-0.828410765271474,0.8530979323631612,-0.6074603206657285,-0.987151862602969,-1.4715831468849507,-1.6089266582928707,1.6319979113799128,1.633522143194846,0.03259781660062178,1.0193757029589876,1.9562268223498227,1.8452052492590516,-0.4199134227824683,-0.7861827549862196,-0.7186477443828561,-0.7745724261534125,-0.8211003891469376,-0.7883584520314418
13071045,Gotthun,10025664.06215434,0,0,0,36409.69614134786,744123.1015807946,1194415.274859892,0,0,0,0.00363164932673038,0.0742218268004579,0.119135776688216,TRUE,1.1128464006274887,-0.07385524030650364,-2.6698860437295897,2.2180310174552615,0.4947200718379577,-0.4575213525318746,-0.7688738216902492,-5.219342407749889,-1.5290751323559346,1.4081730510436163,-1.9765245473515047,-3.762458042187282,-3.0642057135783682,2.031430194888707,2.0513914375608753,-1.881098129598711,0.14299911166168205,-0.03206823362275527,2.5185147695447716,0.5904737621262285,-0.46313791815463556,0.3997098168177366,-0.12887369227183207,0.08041152630302613,0.5733749223349953,-0.10446126819122034,-0.5436316278028682,-1.017814119900399,-0.48084584991787976,-0.5182649489793305,-0.5660187080351539,-0.5434483266425264
15088305,"Querfurt, Stadt",156689734.57939652,18276.16247666994,18276.16247666994,150418.47832318873,150418.47832318873,150418.47832318873,150418.47832318873,1.1663918204806962e-4,1.1663918204806962e-4,9.599765978732316e-4,9.599765978732316e-4,9.599765978732316e-4,9.599765978732316e-4,TRUE,-0.8009516106846803,0.30202713137378057,0.935656325738045,-3.0213663271539426,-1.1560822744594035,-0.07692027619658957,-0.2031178820435056,-0.5297396720702581,-0.07614332747480082,0.14160140235950605,0.6970819911291826,-0.33699580055511896,-0.11623080362129447,0.023713177365099366,0.3280075444796793,-0.2709006851915798,-0.1739375840247769,0.45992279725677265,-0.12468243290674741,-0.7372526446894031,0.37103831229430884,0.14943309836185864,-0.16153617986671437,0.1372831759370015,0.001458006544885881,0.1084990662266903,0.14557728214238175,0.27255701420479167,1.2397373509867144,1.336212873765324,1.4476934101574501,1.3899656496735728
15086145,Möser,81000767.12181057,10711199.865716822,10900058.998448098,11937416.123264158,12000637.08312024,12167932.272902438,12534372.990323244,0.13223578302177197,0.13456735517154267,0.14737411196751302,0.1481546102529306,0.15021996340607563,0.1547438800360224,TRUE,-0.2568695979787321,-0.3655234870532019,-0.9962670936932574,1.044497850452181,1.5513984307517317,-1.3698137547614766,-0.16723195075270153,0.15776561496017152,-0.11216312907247189,0.46712720799846935,-0.3240340290677982,-0.003334222346974461,-0.47506480859603506,-0.06576350879517766,-0.22025009457553776,-0.48103271513650486,0.1694979687293684,0.2544884929240964,0.0010529614713887898,-1.175113219752259,0.4653515668281758,0.5173588552920175,0.17807668888336467,-0.3348908473378147,0.08626835413323233,0.3119293741837826,-0.5395533929083971,-1.0101786460839852,-0.8831549626354465,-0.9518814849483902,-0.9831059138233763,-0.9439038960996741
12063260,"Rhinow, Stadt",31824090.524943247,15705785.381487671,17767882.68538188,18574267.793718982,18574267.793718982,19666938.854984075,19897013.87066245,0.4935187501800786,0.5583154896902922,0.583654316190458,0.583654316190458,0.6179890306549192,0.6252186171688856,TRUE,-1.0451283338641562,1.1003041182038327,1.9008018256196615,-4.039643623508489,-1.1550770323000967,-0.03151694116168514,0.8104012544002621,-0.40400797915824943,0.6223541012189515,0.3816465139746616,-0.5543859211879381,0.787442516389515,0.4249504049302977,-0.18592612710478953,0.025367415065187648,-0.24649440532062447,-0.13552822585673355,0.985132281546119,-0.1346224138944517,0.33864894428748177,-0.1961983596023245,0.3611171879935718,-0.40898877262107075,-0.09689127634113512,0.054089147633087614,-0.5384220195427467,0.6519925366531126,1.2206927925758098,1.6668801254753283,1.7965956102806497,1.87000775274731,1.795439920293165
16071064,Niedertrebra,9012802.449500132,552718.5306944016,640685.9910488748,714305.3470617348,714305.3470617348,809041.2428186791,809041.2428186791,0.06132593427974852,0.07108621260021165,0.07925452167226317,0.07925452167226317,0.08976578010578165,0.08976578010578165,TRUE,-0.03422659610372417,0.6638987971200235,0.2236052508980874,-0.010220005308895538,-1.0348801831222993,-0.8332241612479522,-1.2654751348837696,-0.6060225701295775,1.2058272068848437,-0.08559527277774001,0.9595874708920955,1.7283797203047024,0.7533609760724501,0.8409709338970974,0.07929410525135942,-0.3673142136144154,0.30926263833441164,-0.4819786656717181,0.6675851139913394,-0.3913669403094783,-0.1909377564829289,0.20087399986676557,-0.1702978144190478,-0.05429058041500897,0.23580917800661058,-0.17974732538204877,0.2844258173047956,0.5325161342930698,-0.03971355337712383,-0.042804035260568606,0.006958518106308153,0.006681042458670816
12060198,Schorfheide,139987527.87122595,0,0,0,141458.7946781957,152349.5913402844,291594.01457287266,0,0,0,0.00101050998492039,0.00108830832044144,0.00208299995726125,TRUE,-0.4364559639603293,-0.248953619070125,-0.2900181502690701,-0.509031306009273,0.5171852528411742,-0.49778861757899573,-0.6843348014171315,0.8729684061654046,0.30306812562670266,0.36062205621823884,0.14765816037721285,0.33346251011552175,-0.21566846038098447,0.10889630045661243,-0.2715563400840743,-0.13013002577326477,0.6396487777355006,0.3182136854693032,-0.08727352714563145,-0.05677120622378917,-0.2552300452476739,0.26394765604738724,-9.070397861142179e-5,-0.22422717085497576,0.06115522934865316,-0.037076080964698464,-0.3251425777665081,-0.6087480744434705,-0.16928483936102956,-0.1824584711491254,-0.15782178541518876,-0.1515285342587889
16071069,Obertrebra,3324047.8650238514,241737.1788860195,251737.22478445704,261737.24431570704,261737.24431570704,377600.5451509455,450506.54409352894,0.07272373584917827,0.07573212992306015,0.07874051606468939,0.07874051606468939,0.11359660284200994,0.13552949969037115,TRUE,0.019087083576214775,0.843461378076329,0.16293511403602232,1.824237870910819,-0.3285389140303315,-1.6829193705250107,0.5211617790291483,-2.592631298916246,0.6798498388844427,-0.7323137079656531,1.2055954174535772,0.7878917370498117,-2.3630951412455232,-1.5830170274210522,1.3852675422007232,-2.043511745747787,-0.6030030156621387,0.13683958463858897,0.845343637587814,0.13527775926655441,-0.12378055428419672,-0.25138929684388006,0.1060969421967149,-0.17112708384218195,0.39585601676820203,-0.10205562095288867,0.34182785856285536,0.6399870854216608,-0.5641342703758563,-0.6080348180269559,-0.612198482628347,-0.5877866512793885
15087015,"Allstedt, Stadt",149514752.3711963,3517554.426723302,4089423.675374136,4830547.373776663,4999612.22365239,5228234.070540254,5465373.238325967,0.02352647060532437,0.02735130554355889,0.03230816556338194,0.03343892254350918,0.03496801477863707,0.03655407343856766,TRUE,0.08161093674256367,-0.18004953972531956,1.1027801866392817,-0.857046653948517,-1.5699681245090533,-0.7458254487051472,0.5764075541072724,0.12907962876554807,0.8365802961613089,-0.9064326989762647,-0.14959823534967379,0.8505116650468231,-0.22343315646748932,0.2947651751215343,0.5736385304799773,-0.8696659502672456,0.3783533788381042,-0.2482076732805013,0.7269570426379944,-0.32818430770745016,-0.1359773419618801,-0.20100944402698193,-0.16059913516120444,-0.17690774994633027,-0.06047067009416679,0.10080606671964154,0.33478052788550855,0.6267927230921536,0.6019447848267807,0.6487877211582551,0.608703340827876,0.5844308806381001
16071071,Oettern,3602836.360627912,595446.251727395,605447.4304383325,605447.4304383325,615448.68336802,615448.68336802,615448.68336802,0.1652715228020012,0.16804744091480567,0.16804744091480567,0.1708233796276992,0.1708233796276992,0.1708233796276992,TRUE,0.536741782379404,-3.9947605884664075,1.761959405622896,2.253872830500689,-1.954381940232414,-1.8746216592729121,2.5924453669688905,1.6864961727884689,1.1642887439931693,0.520250114259884,-0.04593276419527344,-0.6873973227684099,-3.227156539019335,-3.141064944078075,-0.3640826682690067,-0.5016022780451835,-1.98967100383125,1.065211194541165,-3.4401521862951974,1.1777780133902065,0.17394925072905124,-0.44803060673734374,0.43797371455980977,-0.6655563132857675,-1.110880773092043,0.8623152834754715,-0.5653531334880358,-1.0584822011178467,-0.5341382478859521,-0.5757045253396674,-0.5697638834518567,-0.5470441606393481
12063252,"Rathenow, Stadt",113281273.23172311,27608352.3276056,28465706.376691524,31860039.040931627,33865221.14217362,34628504.97235991,35565905.70168646,0.24371506022121756,0.25128342544723475,0.28124718351073047,0.2989480977398659,0.3056860501693461,0.3139610342208498,TRUE,-1.0508498701026556,0.8029825903111895,2.124001019727875,-4.906094817405344,-0.6078803760388531,1.8226127711135751,1.2557487300537478,-0.12531239129529056,0.23516348591592023,-0.11318688360168028,-0.1607756612959748,0.6667244354153027,0.11487216215967747,0.6179175297276374,0.19040396363374887,-0.4084563568122727,-0.09399984229316811,0.3445184127715087,-0.30961620522627287,0.3692617593016413,0.42039097275738085,-0.3307562789949854,0.06142756779610815,-0.14642094221513408,0.06998789069609794,-0.12838775992160487,0.6253779133121363,1.1708635735847115,2.0936876860673355,2.256617046780489,2.3413570957389607,2.2479938872849377
16067067,Tonna,30553380.785975747,43822.684690609065,52132.60636754321,61242.311238955575,172578.33471518618,274863.7992435664,274863.7992435664,0.00143429903870814,0.00170627946978203,0.00200443648668386,0.00564842024927078,0.00899618281750774,0.00899618281750774,TRUE,-0.92018556868346435,-3.013812171876718,0.8782363915889257,0.14415720342463448,0.3635312211788165,-1.7182492203982318,1.2081963434482796,0.67710945348617,2.7872212076767897,0.20932635743978031,0.04522822575302725,0.49542527791434715,1.1433428201647826,-1.4227995963487965,0.27389386345504185,-1.392813587047803,0.6628299362599614,-1.001081326061313,-0.2457940090513496,0.8662032198095666,-0.1798200016342772,0.2595084600813377,-0.20028417574020974,0.195307372287539,-0.7313786090475777,1.2442588585042695,-1.0185871163237523,-1.9070493626961773,-0.46400966939738003,-0.5001185882694402,-0.5060412033149991,-0.4858624657625748
14627270,"Strehla, Stadt",30382874.974275477,13029812.617908685,13378769.109153649,13675684.591229985,14264897.690839358,14779314.003704188,14913584.283531848,0.428853840492078,0.4403391423781048,0.4501116040798933,0.46950453842558143,0.4864356653614088,0.4908549403622553,TRUE,-0.4357345238206872,0.08869432753595013,0.3218294587616363,-1.473971794806642,-0.43444169681223577,-1.4139905579289385,-0.0312511476012444,-0.3408824313739545,0.09254112071157122,1.0230071562482907,-1.4331949264168227,0.09516188063184369,-0.691487332671798,-0.288875489155911,-0.26112463740509023,0.3265687418782288,-0.03605548145028251,-0.34502648904986455,0.8437737342047527,-0.04101547571481097,-0.06736303413998741,-0.2751738144196412,-0.021799689938252757,0.05826868312575093,0.13742404426372756,0.04512206144905238,-0.008403579174366923,-0.01573359809093584,0.4590846607314435,0.4948103187576824,0.49962706182912825,0.4797040925359279
15088330,Schkopau,99658574.27420858,25645658.45287833,26479871.76452487,28780749.397726305,31210090.562092036,31796051.15719085,32304820.776136015,0.25733519307947167,0.2657059059631541,0.28879350931247166,0.313170149075363,0.319049829768833,0.32415495617316326,TRUE,-0.3198249506270524,-0.05050706071873659,-0.8876162360604173,0.2928433132834421,0.8266051410062498,-1.9222944485877225,0.13367565819370167,-0.6799770079303681,-0.42629797589686946,0.21435042509866695,0.18398162714637065,-0.3130771204872427,-0.46360334255184266,0.3247743435067314,-0.2911184663167468,0.2112200879236419,0.22562214503247133,0.12239067614286017,-0.5002176179930653,-0.780825556208925,-0.18495864853206187,0.2747223438527094,0.4117461946989161,0.060274648136548696,-0.056362729087420245,0.29951275309982806,-0.4193160824687354,-0.785064384798377,-0.4410456498233947,-0.4753675242124157,-0.47153728097709974,-0.45273441082208243
15085285,"Schwanebeck, Stadt",32953784.911572687,224849.46287678552,224849.46287678552,224849.46287678552,224849.46287678552,224849.46287678552,224849.46287678552,0.00682317565281622,0.00682317565281622,0.00682317565281622,0.00682317565281622,0.00682317565281622,0.00682317565281622,TRUE,-1.0014877853966997,-0.02504476423159295,0.502864073919969,-2.021491246595877,0.010294219216197022,-1.366602109850587,0.6348492343222302,-0.10642518135246819,0.42983982096870393,0.07529750585182719,0.4323113576720425,0.33840414503899063,0.8649680030409258,0.645050316841539,-0.12089578451874758,-0.5674286017595545,-0.23626122371507421,-0.2703693219686664,0.13513187281954173,0.06002992365909137,-0.1379858621227162,-0.07770990538361404,-0.22066401468988175,0.18752212093123122,0.09207828441645152,0.14987206794817162,-0.1745561585694412,-0.3268127051871519,0.5206227555234026,0.5611372664958956,0.6173579674465364,0.5927403981272902
12066304,"Senftenberg/Zły Komorow, Stadt",127930840.68666176,12359285.742259284,12746876.22694754,13545149.732806915,14260028.590540089,14319897.507532276,14577144.519331072,0.09660911845745324,0.0996388060809214,0.10587868929887484,0.111466699616763,0.11193467838303112,0.1139455071278282,TRUE,-1.0516706455468687,0.6280200404088608,1.493036152399489,-4.572342234292512,-0.6661932071642676,1.4421202264418573,0.15567664271101178,0.4926221124360324,-0.2553171092789068,0.07795401871157989,-0.07703842805694126,0.3337458301174591,-0.33763494252692017,-0.01699565271055306,0.09780472668858085,0.07008193889156632,0.1956698297578645,-0.8983653821707293,0.315803105439144,-0.2824606734839725,0.5468968557629905,-0.47578719901611094,0.16059601025406214,-0.03225163734349334,-0.25851488186063815,-0.31596255737549495,0.35646184908716033,0.6673855689247717,1.8333756857202808,1.9760477424980163,2.0658706934641113,1.9834926928831822
15088319,Salzatal,110084626.45194812,6145242.623928768,6599548.343347783,6659538.224207158,7637481.359757764,7637481.359757764,7930672.781448747,0.05582289573023316,0.05994977278892328,0.0604947161001999,0.06937827384182042,0.06937827384182042,0.07204160142116194,TRUE,-0.533454530535459,-0.8234899598611648,-0.40164962891135336,-0.48783474118562203,-0.018585735214589866,-1.4979003078401443,-0.65125129170878,0.30449019043385017,-0.05182657665050841,0.30692842916698576,0.5924884089903563,-0.5851241167750602,-0.44307986394597365,-0.4305182200941023,0.2532976784730654,-0.11541611557461044,0.4165200075147358,0.6842339514470078,-0.3350799470218615,-0.56136724621890155,-0.2103856787790798,0.011927608710477846,-0.12474662730356935,-0.09784072155452264,-0.4494694227267835,0.26390617410751704,-0.5861980397693257,-1.0975090694162284,-0.12552414511292603,-0.13529234925025332,-0.08549595701526445,-0.08208674751393763
12061061,Byhleguhre-Byhlen/Beła Góra-Bělin,35724457.19712538,0,919842.5511225144,2435290.762311059,3433000.7320376216,4509658.533743566,4888790.217337314,0,0.02574825828834513,0.06816872678773739,0.09609665202453692,0.12623448717105887,0.13684715180866897,TRUE,0.8927192972733701,0.3527017138407123,-0.6417510062496223,2.3747172138983426,-1.0629667617085627,-0.7908418924907705,-0.24154784006340355,0.5682412677294749,0.19388025260507222,0.013351668323731485,0.9393256842036537,0.19077190763036544,0.85610433030526,1.1121020419464296,-0.1841743656950076,1.6332095361157561,1.004384009626356,-1.024642883207611,0.573078505620036,-0.6327115763204545,0.3137673718078638,-0.047764736953448274,0.1260887275321896,-0.04184309705449168,-0.17549585628430733,-0.30478022670605254,0.20122333495482003,0.3767403165967578,-0.7653791566131901,-0.8249404453001357,-0.8051125889245122,-0.773008176229193
12063274,Seeblick,48569978.35812218,21319975.197168417,21503121.274832804,25623569.041828893,26468296.068713047,27541412.01881436,29030316.79453698,0.4389537718128951,0.4427245389380931,0.5275598200373495,0.5449517781036205,0.5670460014567561,0.5977008385815422,TRUE,0.10375766839988608,-2.3676605200994794,0.9984646470415419,0.8926519899071391,-2.1266729416383416,-0.492799306127825,0.6877594367372823,0.08981849125986688,0.600043939297807,0.009603440365920106,0.8472434177807112,-0.8633665904509468,1.0475122624747648,-3.0059537477397154,2.5635202473426335,-0.5109225595085813,0.31520978302166347,-0.31675164085756086,-0.012280531110490078,0.3118473913486789,-0.7864101667248866,-0.9222926334621926,0.5732068372221567,0.16966553058535291,-0.7650033195711551,0.4938506280207698,-0.42181273488601717,-0.7897387413899223,0.09227341382755107,0.099454068528722,0.1552673491763823,0.14907595790435463
14524050,Dennheritz,13026224.032660693,1346356.7482896808,1437950.0017305948,1477922.2292696573,1477922.2292696573,1477922.2292696573,1487915.2282930948,0.10335740771185543,0.11038885851534704,0.11345745517381384,0.11345745517381384,0.11345745517381384,0.11422459989651954,TRUE,0.15671140732562575,-1.587250442711973,-1.2328640785577811,1.5265169366570104,0.3213115462874996,-2.2206483573164504,-1.0818512575993409,0.7778152589548747,0.3895662865488078,1.154130644771783,-0.18956376020267024,-0.6423534484392429,0.2701768428093606,1.332262708332761,-0.4616424167598409,1.0858206901292007,-0.37378467667162085,0.1776918927767216,-0.5146015593122266,-0.21726543276072624,0.19777069960138152,-0.3187179536477695,0.09412526914729354,0.08604486874896307,-0.1948090941924916,0.32637531733392694,-0.8878010379813762,-1.6621851744934617,-1.0612540363108671,-1.1438401081691616,-1.129885388914657,-1.0848304396775779
12068109,Dreetz,64769278.94313982,23102464.66778211,27072690.636200935,27420393.77633543,28038437.390923414,28159212.82215071,28539218.463685744,0.3566886191224004,0.4179865991710009,0.4233549334462634,0.43289716742929973,0.434761869849923,0.4406289359611365,TRUE,0.3871848280575044,-0.2584149956582177,0.24634690554529198,0.5542272839735839,-2.0798114887014734,-0.2941671423904164,-0.3225311074813176,1.0482922305091893,-0.7980461471424305,-0.09135330763348067,1.2507733732378425,-0.29622241872876603,1.7519405372837198,-1.0088820306776771,0.6479586978493691,0.9611687566679628,0.6715479974150121,-0.06920825192075813,-0.2884379439935026,0.11486611069549788,0.0961181807351536,0.5682754197971925,-0.48330059991921076,-1.560206275832136,0.09242298489678878,0.28164233539775163,0.12503891264819292,0.23410405929596267,0.13864202598042485,0.149431054741155,0.22490929472804502,0.2159408834570105
15085287,Selke-Aue,36652455.57898846,117742.5587852187,217197.97419243943,363690.6834143797,363690.6834143797,363690.6834143797,363690.6834143797,0.0032124057426787,0.00592587783714418,0.00992268260527871,0.00992268260527871,0.00992268260527871,0.00992268260527871,TRUE,0.16679317265303215,-0.3985689372084819,-0.17480754432526371,0.1570727014375283,-1.1676629893459831,-1.2884646020151933,-0.41245616265259116,0.6344160173180545,-0.6042623244114744,0.3381218018463692,0.4537705256456027,0.4036947689655374,-0.7439113131874291,0.5954879511786676,-0.2751645330743735,-1.2438916900647408,0.15428967670989288,-0.2911894719962051,0.43315684985990743,-0.27398237705205397,0.08037068494946856,-0.31150137887021695,0.22614220063501086,0.11492401155151695,0.14654574911426463,-0.012484416315277441,-0.1355277696269045,-0.2537418180071237,-0.021566154277030843,-0.023244417827406858,0.025393462417193417,0.024380880812558833
14628160,"Heidenau, Stadt",10938125.892033692,1353057.9435990138,1672395.8771927636,1949770.4034834455,2331447.0702005946,2812960.3345767865,3002565.6724674115,0.1237010761216832,0.15289601652974028,0.17825452209354037,0.21314867768148496,0.25717022845983917,0.2745045816901961,TRUE,-1.2604165065736073,0.5574212505480232,0.8471632847556967,-3.90503692785743,-0.2515891119807986,-0.12570187046063622,0.4024731008944128,-0.3479300377092341,-0.2247589768811668,0.025314444704548324,0.326041963423688,-0.5078578512459119,-0.7082927215186443,0.2053640107037226,-0.38236759410772264,0.5921691039543894,-0.5884306089722136,-0.8992672332317528,0.4599648969729828,-0.03287772173453398,-0.3999750736576199,-0.024457395112989482,0.01624916334867541,0.07812694808823846,0.09984527529929663,0.09037228346330811,0.048056009576704195,0.08997284666994186,1.3972531021422547,1.5059863942189349,1.5951849857491462,1.531575898259559
12068117,Fehrbellin,269591447.2106543,31551437.357146338,39062678.53931201,47029062.996620305,50100039.64469049,51478075.28900621,53804229.123080574,0.11703426678997186,0.14489583754780275,0.17444567876024855,0.1858369030733499,0.19094847340903248,0.19957691417798887,TRUE,0.2878930978847802,-0.37859512927390937,0.08154596860449977,0.4663610236766248,-0.7119139856718649,-0.4032467800916914,0.5798974668323646,-0.1398152155528218,-0.14287200005710066,-0.07841857295018739,0.5507738587228534,-0.04359953498052997,-0.32804554874936964,0.5099426400035193,0.3749033679881441,0.06989925296851415,0.12749432089506843,-0.22025624217197018,-0.5127170229794143,0.28027760360782417,-0.10039537854475356,0.14622649597679793,0.23770233188007203,-0.5722572234173727,0.25772387657920365,0.24427013452221177,-0.003052020928209808,-0.005714145086661263,2.4734836700632446e-4,2.665968497566108e-4,0.02799748884087301,0.026881069909477702
12063293,Stechow-Ferchesar,51142310.06227499,2315615.7562438087,3763026.424543016,4424377.0129310815,4832151.357728852,4832151.357728852,4832151.357728852,0.04527788739742355,0.07357951605942031,0.08651109047564734,0.0944844171458981,0.0944844171458981,0.0944844171458981,TRUE,0.07970556701374854,-1.6714702669275008,-0.6891959998463666,1.2564649605813876,-0.9878503004630683,-0.34489054213914283,-1.5301559912520957,0.721425677439454,-0.03799512576069521,0.34804501241677593,0.7832508431487234,-2.174995385195359,1.480501749340836,-1.6816812519400028,1.4844182893736624,-0.6318339125723318,0.045985547150126274,-0.29063135819189445,0.541399166960772,-0.018123135398042407,-0.009068878565653936,0.8330226086391672,0.26839604938435896,-0.45615682201310154,0.0038107562968600172,-0.13995979012793786,-0.7603202332533728,-1.4235092836281165,-0.4712936185325004,-0.5079693694034063,-0.46084960167673944,-0.44247291001120814
12066316,Tettau,8928766.477703061,2500890.3336870293,2543836.132009814,2678845.733816298,2678845.733816298,2688793.443869239,2782232.9231625437,0.28009359858747107,0.2849034229265922,0.30002416800864024,0.30002416800864024,0.3011382871960759,0.3116032802638912,TRUE,-0.4030453115646679,-0.8649857031528105,-0.1697108895227712,0.7822610541558163,-1.1481072617617771,-2.7903999631748726,-0.1785115315546921,1.6134644046675888,-1.1663406211199263,0.7548623349858885,0.3872624068508261,-0.6033838094446394,1.9638316696326341,-1.6382788599994196,1.7720265012262169,0.13910489608357765,-1.0396164884703418,0.7112916628005285,1.0972182474374343,-0.13094115269660886,0.35062767987245735,-0.2368236610341301,-0.8283352397722754,-0.7617684051898865,-0.507187009057791,-0.26916634139400747,-0.4792473014134166,-0.8972705879423527,-0.44268989522045615,-0.47713972367501495,-0.42519252040966843,-0.4082376791390462
14522220,Großweitzschen,44321409.29197093,714426.863887656,760146.3435135278,780123.4235916528,780123.4235916528,800100.5026932153,850869.6362669226,0.01611922714779465,0.01715077105301415,0.01760150311224369,0.01760150311224369,0.01805223514943957,0.01919771166710311,TRUE,-0.004626389264715867,-0.08655672654003892,-0.023876197322646397,0.44153700751108776,-0.5208218584711656,-0.7766883920694393,0.26760101796396046,0.11362443518007086,-0.31684715946194164,-0.20172749752373134,0.743924869687537,0.4619535190900133,0.26457992730918384,-0.252257093765402,0.5361809309249249,0.08859605048630435,0.3920146025284418,0.11640430060649437,0.3393693851389096,0.17486897237335863,-0.7655327359168416,0.012784456766039325,0.12791915892155006,-0.17227175152610255,-0.1616004062959805,0.2061064092023793,-0.0383531043758004,-0.07180658589249472,-0.11280620863380696,-0.12158471154973312,-0.09602332199150729,-0.09219432664352886
01053111,Schnakenbek,12870335.164193522,1196424.2184547288,1236447.037790666,1256458.141306291,1266463.7399391038,1276469.4997047286,1286475.0641578536,0.0929598338498047,0.09606952903841832,0.09762435284528372,0.09840176839081274,0.09917919645604772,0.0999566093458815,TRUE,-0.14149243905862827,-0.6312452316148127,-0.958446756180464,2.1260173796134603,3.320245823833262,1.6044050190728931,-0.8147044457065281,2.101194729692465,0.3323403684223904,0.04636038770870073,-0.8069681228008414,1.828179282299577,0.3032033661473971,-0.3297813799365639,0.4348316012882566,-0.7506175573955971,-0.25312161682837114,-0.36855699111116746,0.570842737237209,1.9373854914592679,0.4999690680791509,1.0296304581694555,0.03646286200601325,-0.12893545308648693,0.043953474048114755,-0.1889271441784165,-0.5770614756179683,-1.0804031404653847,-1.469504027796416,-1.5838598380767912,-1.7005652246300293,-1.6327540283602497
12066320,"Vetschau/Spreewald / Wětošow/Błota, Stadt",111492296.00315,3781366.926557017,4699135.030664692,5827403.606557675,6589442.84754483,6589442.84754483,6589442.84754483,0.03391594811582481,0.04214762094891226,0.05226732084154974,0.05910222574803427,0.05910222574803427,0.05910222574803427,TRUE,-0.6618999126072362,0.5877328999348402,0.2442175072719507,-2.0811375232588674,-0.4200633267435464,-0.23873423506727523,-0.4165812992270222,0.05533194166822303,0.022496247034331708,0.2247556315530769,0.5574795601348084,-0.36976708632226984,-0.12248033359909752,0.4023234167907548,-0.3181973025832847,0.349457962317217,0.20858199485295742,-0.13328317027706915,0.3618478915298571,0.10922700419751837,0.04812081551197775,-0.1562328352920307,0.010216302904852785,0.19844569933151265,0.05765054857740703,-0.3144747383438607,0.05668349819985157,0.10612565914593652,0.679311443487333,0.7321750009075971,0.8135715354582357,0.7811298165100743
01061068,Moordiek,6113275.296650371,13832.306179236544,547909.1939154768,1018718.761102711,1528544.9705125128,2074907.539291907,4334140.268935692,0.00226266698422949,0.0896261279474345,0.16664041968809987,0.2500369926657882,0.33941012609538546,0.7089718781862293,TRUE,1.882304647409718,-2.646037972465889,0.48592477323173744,4.9514987354050275,-1.2343677422135986,1.6128868529800617,-0.3139569111747664,3.0399565489043323,1.4082610134407956,0.9305689716425225,-1.080514615111684,1.0674546670082108,1.174772583899649,-1.3600750204593235,-0.9045081172192252,0.12695960759917013,-1.2968206389322152,-1.258201797660448,-0.3201414365740725,-0.9973720047536094,-0.08240187626622626,-0.5737470262739931,-0.5325554170764101,0.11550505478689839,-0.27638287960504065,0.2188173511588911,-0.09260285060814448,-0.1733756537913841,-1.5140931752163895,-1.6319188828134592,-1.7082063993081535,-1.6400905059951054
14522210,"Großschirma, Stadt",60754639.52160777,224504.6812124171,244475.3872671046,244475.3872671046,244475.3872671046,245262.8246114219,245262.8246114219,0.00369526809771574,0.00402397889596819,0.00402397889596819,0.00402397889596819,0.00403693983772535,0.00403693983772535,TRUE,0.018475259279283143,0.08055539741641081,-0.3417354410603399,0.25178103265851276,-0.39460702933495495,-1.9580141675413671,0.11525186118294516,-0.6292299964914719,0.009663385056277443,0.6792662625827236,-0.4591922043535393,-0.2370811689850833,-0.22898903764722256,0.4823398756431694,-0.5421720010350132,0.6785287630294854,-0.04345367959338101,0.03177076773332616,-0.5131768895941833,-0.055722588796303985,-0.11253706954943606,0.04670142095653187,-0.43101949462660216,0.5752119206785051,0.07714492067258119,-0.03489729167189891,-0.0809015947882153,-0.1514679817852047,-0.18162095196524936,-0.1957545716988569,-0.1867754192859769,-0.17932762226406196
15088365,Teutschenthal,90998135.38742118,5479148.9468246065,6167643.6320897695,6167643.6320897695,6695369.161124649,6695369.161124649,6695369.161124649,0.06021166173897227,0.06777769243107297,0.06777769243107297,0.07357699289792438,0.07357699289792438,0.07357699289792438,TRUE,-0.867939626489859,-0.43342374210092005,-0.684315640372369,-0.8851779924837478,0.37033369039288655,-2.0563481915365385,-1.0798572465992125,0.04175187784866772,-0.4093656836932108,0.4823099767603258,0.5682600715672184,-0.4165671071509413,-0.05369746256281301,-0.27363162170551114,-0.027975754215983195,-0.22266445350509426,-0.063829397143876615,0.6652654636716887,-0.03536652852846906,-0.21501113504213049,0.069363567247362,0.27115243196872957,-0.2370405878460419,-0.10415611067607118,-0.4795876370012704,0.20524399082746198,-0.661893002987716,-1.2392289371148688,-0.1478464921112575,-0.15935180620546036,-0.10039825347988392,-0.09639480475985697
01061070,Moorhusen,4684488.362431735,4683792.115591446,4683792.115591446,4683792.115591446,4684052.372784418,4684052.372784418,4684052.372784418,0.9998513718497258,0.9998513718497258,0.9998513718497258,0.999906929078784,0.999906929078784,0.999906929078784,TRUE,1.0834726006010458,2.196897573074287,2.8386473439639697,1.7043476754448479,-0.9585900383844439,5.033800236634085,3.6726599486338602,-3.338069786912141,4.156162245558992,-1.2366159069372173,1.679592712092206,-2.859890401433406,-3.755862380475291,-1.7865669311045194,0.008072852893990888,2.5195839531607773,-1.1583090290877534,1.5780896410806424,-0.9670889731724414,-0.26530462907920527,1.4761720742506605,0.14043033468641153,-0.3087738888238545,-0.19503150974843164,1.0936064903555163,-0.3531126630987603,2.0396725058797673,3.8187761165541656,0.4847551010554301,0.5224784153983417,0.5640980503226973,0.5416042564641557
01061071,Mühlenbarbek,8695576.482517475,1724879.1537075916,1728474.644400943,1728474.644400943,1728530.5757259647,1733303.3446833882,1744543.2271748828,0.1983628293277018,0.198776314356622,0.198776314356622,0.19878274651498828,0.1993316197227646,0.200624217460717,TRUE,0.11425619453517308,2.06218053169235,-0.10216991800271555,-0.08887360852384586,0.9048147670180048,1.070448047664558,-0.26626436509834167,-1.0509541371702764,-0.2947009858632895,-0.5409350945926811,0.7771125955733053,1.3837964286270499,0.2746912302108598,1.7298397271600112,-0.7765220225926652,1.6844108078058657,-1.2206994734647028,0.9330506770037746,-0.7310730464441592,-0.4040306981517119,0.023681587104590847,0.020199065635056725,-0.04145713146462756,-0.6055806256719258,-1.1297195360593313,-0.839056277170369,0.6914222694082691,1.2945150955648668,0.009750425695760614,0.010509197233589805,0.02140543431467338,0.020551878046128572
01061072,Münsterdorf,5131146.996250889,1201307.0190437224,1201307.0190437224,1201307.0190437224,1353517.2739937743,1353517.2739937743,1353517.2739937743,0.23412056211242172,0.23412056211242172,0.23412056211242172,0.26378454466081985,0.26378454466081985,0.26378454466081985,TRUE,-1.0939262517673796,-0.11153344026865288,-1.797328426774373,0.43501201306544784,4.00317018283299,-0.4886052892649968,-1.2579800742098848,2.244825867253744,-1.2266511935257163,0.4139062620556332,-0.386632971099119,0.5718547154801888,0.49922646869065684,-0.7285650926326329,0.18314298153100625,-0.11313559459827632,-0.15240909532003205,1.112619068817429,0.2650900429337706,0.6567945373450182,0.27891577943735346,-0.007473391763954812,0.3316697041698007,0.27553341158494987,-0.028925644843661266,-0.18022333303019475,-1.0009293729368018,-1.8739896589820049,-1.2925245962130674,-1.393107986738988,-1.451550228867838,-1.3936686751117242
01061073,Neuenbrook,14564392.080184542,14212179.988154337,14400468.42824892,14400468.42824892,14491030.674645811,14491030.674645811,14491030.674645811,0.97581690398809,0.9887449025655768,0.9887449025655768,0.994962961369425,0.994962961369425,0.994962961369425,TRUE,0.6001990348004864,-0.5396394270135635,0.11549501773076182,2.2418799751882346,2.0555939796886893,2.384396040246366,1.9724927359418118,-0.04346333754825447,0.8951091944233628,0.18237587225931307,-1.423780194316156,-0.010052456500829816,-0.15599552268777173,0.5587758639886873,0.9862154447439092,0.2940194275100779,-0.8962698248003939,0.34485157715334547,0.5377617437074843,1.1975292697130153,-0.03934104513341502,-0.34771564596102145,-0.18654360076726212,0.14530338144732144,-0.029285709939747943,-0.056903824180984615,0.05868487517256158,0.10987273646426803,-0.7652912204956172,-0.8248456660533248,-0.9351047745217524,-0.8978168349123217
01061074,Neuendorf b. Elmshorn,14980985.703895424,13613868.836727092,13652596.80443233,13822619.233595695,14316290.874654138,14316290.874654138,14316290.874654138,0.90874319659668,0.9113283380867468,0.9226775531867356,0.9556307680696572,0.9556307680696572,0.9556307680696572,TRUE,1.2664839041114622,-0.39573276202169216,-0.9729759598272327,3.4245289959907437,0.6467465636531892,1.360050115545384,-0.25825604159031434,1.0523417006765314,-1.0992661302591797,0.022920124413281274,-0.09973254613062664,0.7276738332410667,-1.2254421356650373,-0.05080088076323168,0.9279747124156688,0.3861397634600704,0.5983873470073516,1.0912655801499147,-0.5601890174585766,-0.8617976423417992,-0.2305134684531266,0.23762278359533215,0.0392950129770191,0.15164792002462701,-0.6287518912646581,-0.16918476940755808,-0.03407493924582091,-0.06379679276445833,-1.1554855903535932,-1.2454046980611966,-1.3060823389810414,-1.2540014163852
01061077,Nortorf,19775825.368098818,19652599.13904949,19652599.13904949,19652599.13904949,19745799.95125189,19745799.95125189,19745799.95125189,0.9937688452059196,0.9937688452059196,0.9937688452059196,0.998481711064492,0.998481711064492,0.998481711064492,TRUE,-0.19800548361129966,0.06662324715192082,-0.5506191588201135,2.0170586774538797,2.8664511331703255,0.6262322842152898,0.39395459155423806,-0.7699604567689596,1.0977767401786618,-0.21182323233891673,-0.17014021938643492,0.7290929768268365,-0.07620663246466203,-0.24071927566957252,-0.004744571980132273,-1.0148910653329353,-1.3342113274644496,-0.0557527632201018,0.5445273638375377,0.033251893216733504,-0.029907520086301237,-0.3696955097610079,-0.1730244229324912,-0.03366531032242818,0.03831506018841272,0.024734336048862746,-0.22733379842649745,-0.4256256224536379,-1.2074712734790216,-1.301435871912977,-1.3845062400674066,-1.3292981110158608
01061056,Kremperheide,3912985.401356533,167350.19616062645,367962.16970817,367962.16970817,792430.6381231272,792430.6381231272,792430.6381231272,0.04276790710811504,0.09403617237636686,0.09403617237636686,0.2025130576383984,0.2025130576383984,0.2025130576383984,TRUE,-1.020793175940066,0.5669431714233187,-0.6538538907426016,-0.4510670965112933,2.4536686982665348,-1.0136802757764376,0.11952551399980814,0.6175094076842161,-0.4427567438572744,0.1791391403900358,-0.2866614015144036,0.6636744175040669,0.05243876840460966,-0.46955185213843087,-0.31974207448895003,-0.2170371438514874,-0.3446532713681988,0.7197898880025295,-0.15482912975614463,-0.29409937383340473,-0.07580628242223682,0.3267021882163357,-0.259829482505488,-0.09493984312563603,-0.5386993922157175,-0.4699337386681487,-0.36923463175311627,-0.6912994066835695,-0.5205737549895821,-0.5610844527736502,-0.5916263324353664,-0.5680348295832058
01061057,Krempermoor,1591606.052116223,1059274.4300860642,1282613.4806142368,1282613.4806142368,1409010.6890360934,1409010.6890360934,1409010.6890360934,0.6655380762580272,0.8058611481835315,0.8058611481835315,0.8852760311904143,0.8852760311904143,0.8852760311904143,TRUE,-0.551266330465877,-0.8067953300470766,-0.7407668745625814,1.2313427401312897,2.715038758614539,-0.39685624932894703,-1.087391415386222,-0.46308300712281575,2.152828663915358,0.5643027936214157,-0.7322934208278806,0.7414201847561884,0.4319762816754795,-0.568382266558524,-0.238592072173037,-0.5553593762145241,-0.24389520908807058,0.08460707599102091,-0.06992821629707507,0.5791831691220416,-0.18277179542901742,-0.2767512182857375,-0.12252284741063978,0.04565937128541144,0.3430653187503109,0.38027068497049815,-0.699609511691845,-1.3098436569897198,-1.2524065453082576,-1.3498679762265082,-1.4170077322190193,-1.3605035840372264
01061058,Kronsmoor,6065619.853377823,1843513.908395711,2991635.6937882653,3794056.6644062256,3976489.040920411,4977448.764806452,5324981.622188576,0.30392836230399356,0.4932118672294115,0.625501887048426,0.6555783476450446,0.8206001835137443,0.8778957057823529,TRUE,0.5388570353179045,1.3380760004799812,-0.9511752107820585,3.292230626828435,0.8048461000122354,-0.17060900334840626,-0.6884431433378089,-1.5311671079271398,2.1539091581270906,0.18130739228151957,0.7288631434149696,-0.7257754594567363,0.6972974309724314,-0.034700728932481176,-0.6772005609017984,0.14588498860406773,0.03977785156371144,0.31077822422399565,0.420155781916427,0.5915775884167459,-0.14516164011289168,-0.4570648965777316,-0.35952525214891423,0.3140377647757935,0.32372820157409077,-1.354306999617322,0.3085859416719424,0.5777499184619863,-1.4301421845232405,-1.5414348827627573,-1.5553543063199458,-1.4933334942938414
01061059,Krummendiek,1778971.6441342682,1748947.9566396852,1748947.9566396852,1748947.9566396852,1778971.4234365602,1778971.4234365602,1778971.4234365602,0.9831230095243064,0.9831230095243064,0.9831230095243064,0.9999998759408512,0.9999998759408512,0.9999998759408512,TRUE,0.541285419635777,0.9474010080585641,1.7152594374675216,1.920755838866687,0.6652394074684429,0.5821344967905069,6.955617100676021,3.9197428537502392,-1.2668963418275858,-0.36800264447073777,-2.3235337099221285,0.810354438391226,-2.577305534234876,-1.1737270014020373,-0.03434822773501173,2.288603620446675,-0.9656454190822633,-2.7505337851628657,1.6583467224752546,-0.43687648504454085,-0.2853117187331284,0.8155438472427652,-0.5460816898424722,-0.49561556681669117,0.033161929058674176,-1.1030282616429805,1.0679819550539544,1.9995288317678948,-0.2102325958835501,-0.22659275440973056,-0.4003536751889045,-0.3843892997845629
01053132,Witzeeze,10495961.298507476,0,0,0,0,11985.875156415172,11985.875156415172,0,0,0,0,0.00114195115773907,0.00114195115773907,TRUE,1.1698982713501158,-1.135154486095057,-0.9145873212993356,1.570334782029944,0.5664458933967418,0.41098390319256434,-1.3179149308432858,-1.5192394851640187,0.3303826348060461,2.550140184990286,-4.60332709417538,-0.30330505292779714,0.0778063107927217,0.4239295978320484,1.16009066964186,0.3718706503109474,0.736924093711908,0.3820561005273323,0.5427305551859791,0.2274262767355085,0.5663055124019126,-0.7395840554845714,-0.07526211680050449,-0.17153357631827296,0.04554323245316339,0.025724626954226285,-0.2932811786814256,-0.5490955814499281,-0.5314633137550825,-0.572821429642585,-0.7040367001273634,-0.6759627573217581
01061060,Kudensee,3061379.4350277036,2444587.839990287,2770757.9321921556,2780765.8872702806,2858836.4473132803,2858836.4473132803,2858836.4473132803,0.798524943370231,0.9050684474095848,0.90833754726817,0.933839306099412,0.933839306099412,0.933839306099412,TRUE,0.9158901778240245,-3.406584028878044,-0.3710574625662961,1.6431698086092559,-0.6822917861943599,5.598157853618598,-3.6411651331531116,-1.4591361344332527,3.1654272726817245,0.9117122904196076,0.1998739024047136,-2.6723291515071494,-3.1301402722592813,0.6660056349819358,2.755000013495857,-2.2800592583700907,-0.5593010708359614,-0.8332436468553386,4.608783989648174,1.3694443519296458,-1.640484777781783,1.0456807101947065,0.05476523313671727,-0.10301021775911688,-0.2904478997903365,0.4717160894350713,-0.9539171045401051,-1.7859709563614568,-0.2084172875427704,-0.2246361800007456,-0.16203855599753691,-0.1555771582429103
01061061,Lägerdorf,6022031.089624211,1455885.68273004,2196251.7207361027,2196251.7207361027,2614595.8184424327,2614595.8184424327,2614595.8184424327,0.2417599080879024,0.3647028200369444,0.3647028200369444,0.4341717569255508,0.4341717569255508,0.4341717569255508,TRUE,-1.1151892671495554,0.5636575653054345,0.6050211298982611,-2.7236012885711838,1.6969677008577604,0.8612547668161694,1.8196668735160582,-0.7704166389774709,0.17790722854615978,-0.4155167643023077,0.10120797637396665,-0.4014803946857696,0.2142463141164899,0.6555361838391909,-0.31282963951387993,0.18888603746770818,-0.35973021426861096,-0.7701551881673447,-0.3889617897916113,0.9150275502488229,0.25766557894249315,-0.9637011021714893,0.23093589444967674,0.13074786476788056,-0.1903403425889899,-0.02436413254498242,0.017829809351380083,0.033381854154275754,0.8351913054002962,0.9001853283233875,0.91918682614705,0.882533625567805
01061062,Landrecht,3976886.517002115,3941650.680874274,3941650.680874274,3941650.680874274,3976886.4546378073,3976886.4546378073,3976886.4546378073,0.9911398437000404,0.9911398437000404,0.9911398437000404,0.9999999843183084,0.9999999843183084,0.9999999843183084,TRUE,-0.7089218146916982,0.8776592989642388,-0.8649706540253216,3.024911229927422,3.7683883973591676,-0.006274084518240985,-1.1675913767551547,0.811504629911328,4.15782863576913,0.8251709598393127,0.5163667908960025,-0.9446187736765926,-0.00981356161739971,-0.7011975293299421,-1.0096022053434495,0.8563526212591701,-2.0797751723463493,1.8122049999543501,0.82751873785024,-0.9926442875311813,0.7087892488013371,-0.3182284986208893,-0.2513879163598629,5.138760790131453e-4,0.6956786218081782,-1.6764148136420416,-0.23207772325092701,-0.4345074340023238,-2.346308643845476,-2.5288967967593177,-2.5571919370934633,-2.455222167375593
12070348,Rühstädt,28836364.758831546,16181352.582611073,18002002.24376748,22075796.184196297,22431985.83914801,22686781.715808976,22938469.73178888,0.5611439832288605,0.624281264102616,0.7655540623384324,0.7779061621239168,0.7867420843627951,0.7954702308571558,TRUE,1.139155505248128,-0.8150339517192489,0.06954561234521145,1.8004722478769721,-2.6365121553705055,0.4732115448198142,-1.4579486012094198,1.0631238267601026,0.35249602946861036,0.031079413538201903,0.8584642904438351,0.7114493275970915,-0.24121123802532257,0.02079303627706472,0.06684973711632843,0.27211886187128925,1.6796125817844287,-1.3871396612527624,-0.3188497175737965,1.1117268539270173,1.3292223539779087,2.01943765722022,0.37107918578502286,0.32402899093861065,-0.6007651453981162,-0.14404596268765976,0.13122238862469685,0.24568106997208322,-0.21513270941026919,-0.2318741914593624,-0.18891991305336353,-0.18138660288225947
01061063,Landscheide,7477873.405361168,7457817.363625692,7457817.363625692,7457817.363625692,7477872.465073463,7477872.465073463,7477872.465073463,0.997317948479698,0.997317948479698,0.997317948479698,0.9999998742573384,0.9999998742573384,0.9999998742573384,TRUE,1.147415433993038,0.5468320531262428,1.0252319506932477,0.660793240887159,-0.8740537778254798,2.8345403010250005,1.9369071004445682,-1.45661161325967,0.6202179877414425,-0.1684347781574608,-0.24693064440927814,1.383984982752775,3.5141562392377987,3.8014047594299663,0.7054761224623345,-3.211995670741869,-0.6811351084499683,2.618328001083526,-1.1636432218397461,-0.44262312325247005,-1.5946525583786526,2.0824368428221893,-0.31069450249516434,-0.7205411643803864,0.9795281022617115,-0.6425655925811139,0.9064931459375094,1.6971814669007788,0.5464022726445169,0.5889229282163156,0.5895162777532025,0.5660089147682577
01061065,Lohbarbek,6191733.085576907,1560450.8415584292,1570458.4177303042,1593136.4850004725,1751500.7682162046,1752879.2790369482,1757550.684801938,0.25202165855523734,0.25363793884922914,0.2573005752963646,0.2828773049497515,0.2830999422633584,0.2838544007809375,TRUE,-1.1395941622772432,1.2239780146741717,-0.2914667779190642,0.7806942044602511,2.43990049644943,-1.0772523893913764,1.445748846863042,-0.9880954559975959,0.11602876892613355,-0.5923064123492376,0.4285229927017456,-0.05686744527280787,2.6130068313669845,-2.0581647019761524,0.0629108930799084,-0.022817167563661166,-1.377985221127659,-0.3420625180576799,0.6568678018503747,0.17172096619115346,-0.36455347995202925,0.31569792030076244,-1.331072356346781,0.5223569312798241,-0.28992860284864314,-0.2345565695621451,-0.06902764184071192,-0.12923697764395126,-0.7410362391277244,-0.7987031784280861,-0.848626768995469,-0.8147871987404319
01061089,Rade,3870344.528866165,234521.4149812581,508072.1319930227,508072.1319930227,508072.1319930227,508072.1319930227,508072.1319930227,0.06059445437793163,0.13127310196900346,0.13127310196900346,0.13127310196900346,0.13127310196900346,0.13127310196900346,TRUE,0.8437049252848113,-2.3252490043659297,1.2818868250870925,2.119131099413402,0.06832509264716188,3.4907670485455693,1.765787827108894,-0.4548529649328174,3.2123539676447037,-0.06718555439051903,0.14015696370900763,-1.8994190193269884,-2.2622172814007113,-1.4695761825840596,1.3402866535665616,-0.38213686990949003,0.9350923213302632,0.3272813795252095,-1.3593731238603006,0.04107716394301574,1.2594778806077411,0.5116950572594087,-0.34010989545616355,-0.3608308583222483,1.034494029106417,1.3311288277350692,-0.06655241799800866,-0.12460274069346418,-0.34968444308501445,-0.37689665011202955,-0.3900117050880791,-0.37445972278349393
16052000,"Gera, Stadt",152225023.77741796,5811337.596859147,6001273.240413834,6248659.2414603345,6468319.383383093,6638260.400961218,6796843.396967826,0.03817596773941997,0.03942369717865074,0.0410488307796034,0.04249182705230522,0.04360820735142484,0.04464997428350616,TRUE,-1.201485785187864,0.4156940579654812,1.247016154086721,-4.464528833494633,-0.3590495514212455,1.1803912013129072,-0.1684536914043407,-0.31431929498972094,0.5882271169985758,0.04274464122104856,0.383697625051238,-0.4419205530969941,0.24873122473317263,0.01010516771664795,-0.31264619188734877,0.6797454506210617,0.3772373841396008,-0.060424012024255916,-0.2896006417772441,-0.24336145130596384,0.09551359092129974,-0.16969972143655873,0.029224991196155625,0.04423051865536303,0.10997848105133802,0.3119914881975994,0.1537414756214461,0.28784242251367637,1.6540349314822829,1.7827508119724764,1.889058532236227,1.8137310369780304
15087412,Südharz,237771924.26979628,2459367.0278294813,2709437.440915419,2989516.778806044,3019524.9457982313,3019524.995602919,3039530.4028294813,0.01034338698894859,0.01139511087878087,0.01257304363409148,0.01269924931242942,0.01269924952189354,0.01278338648334515,TRUE,0.9247683182086266,0.11693329780415206,1.0605470238031482,-1.8377590035329734,-2.1015564494681205,-1.1148402112009212,-0.864880632430186,0.8363730705897882,0.8289718184528564,-5.305456395485215,-2.379437800764619,-0.41725940676295115,-0.12708445082462766,0.7530986723576819,0.340327022920564,-0.7710378282170334,0.03600006892476386,0.6338688674163885,0.37630007310204916,-0.22367818244676105,-0.01896244706956247,0.20067417996455086,-0.30437363327127404,-0.3774612625215635,-0.1507303623244176,-0.1750373637084033,0.700749546605309,1.311978086946992,1.2184500203561872,1.313268977452149,0.8765128397261999,0.8415612934127756
15091020,"Bad Schmiedeberg, Stadt",161130997.6553338,22360063.26525519,23572488.450558774,24886545.31111556,25227263.479848407,25643362.963147927,25961398.45266832,0.13876947074506635,0.14629393967373897,0.15444914804256946,0.1565636894634676,0.15914605716027524,0.16111982691375673,TRUE,0.21299184023370854,0.6309903079239709,0.629815274168449,-1.213015052949774,-1.7759180826490408,-0.10641683248325544,-0.7616108650082627,0.07561221107821219,-0.05237197710590449,-0.21752559929459245,0.09807646293712367,0.5836793532625869,-0.18163665155112516,0.2952293754126087,-0.6546831592179576,-0.3395745642502329,0.24517567846365174,0.13652711708104412,0.17970730707724997,0.5016330747772628,-0.11212361163282451,-0.3415981325090024,0.23923616271130899,-0.19573863390032564,0.30956757882553443,-0.24440810429290835,0.49126580744204285,0.9197722315378202,0.7363068922435071,0.793605796965663,0.8208074522579547,0.7880771962003718
01061092,Rethwisch,9864993.32357549,7647510.797910569,8630741.019481467,8630741.019481467,9167874.458588216,9167874.458588216,9167874.458588216,0.7752170272264096,0.8748856422290332,0.8748856422290332,0.9293340763524602,0.9293340763524602,0.9293340763524602,TRUE,-0.3109292654937699,-0.6055222297829632,-1.0284099644366944,1.0314885729298264,1.9781489571413673,-1.0403611988602495,-0.23642362276342022,0.18898583330225704,0.24729571351966312,0.4079319061174791,-0.46612455922971785,0.9889022556350346,0.7359855799260369,1.5546441569441418,0.6243434013975474,-0.4714765134040428,-0.94888446454798,-0.09393393373290007,0.06342201533683657,0.8402040704348931,-0.9900551689284186,-0.31815848284388504,-0.09070498284086102,0.2343860292625818,-0.2989666129628553,-0.5220506841619553,-0.6482871532378092,-1.2137553898073523,-0.9564653889348561,-1.0308968790756459,-1.078135934591538,-1.0351445300824904
01061093,Rosdorf,5568800.017503101,538513.5053575402,776342.9994250273,776342.9994250273,776342.9994250273,776342.9994250273,776342.9994250273,0.09670189334595554,0.13940938747754106,0.13940938747754106,0.13940938747754106,0.13940938747754106,0.13940938747754106,TRUE,0.11313627184979698,-1.0709375818085631,-1.3203346244097187,1.0912543797237038,2.022661463818864,0.7338965888731992,-1.9665256281274268,1.0516851343249194,-0.5546715090200247,0.9047788009519352,-0.9492452380417494,0.1409759713534862,-1.6723892442611588,0.13776744712715597,0.5114853296536063,0.3358073297241165,-0.5114305382102847,5.30409395651746e-4,0.24166606099546586,-0.6971249940240293,0.8011723688047091,-0.7172943046513048,0.3072151412856223,-0.16260908340394428,-0.5154804902567016,0.04469199255236656,-0.7593786447894949,-1.4217463949648066,-0.9392898009486149,-1.0123846984404183,-1.0545623612909438,-1.0125109690688194
01061095,Sankt Margarethen,10915797.84754666,10458074.187830145,10458074.187830145,10478090.040369209,10588177.309900455,10650648.805950396,10705630.013530206,0.9580677779023372,0.9580677779023372,0.9599014370465072,0.969986569720157,0.9757096049872472,0.9807464523480812,TRUE,-0.954588114642055,-1.1398438049903654,0.670993906504477,-1.649382177293011,0.930598564100356,1.8827811785284574,-0.31500425064514886,1.1003327447486766,-0.3172904594944882,0.2361539531894804,-0.19934704620936886,-0.28880641820565295,1.1234485881785203,-1.420447766641013,1.9023324961541577,0.03529390816914926,-2.4591779951888264,0.617123220143574,0.35523064267632193,-0.0415505221914796,-0.9385180655344166,1.196399673967164,1.3819632110699815,0.38544936446381933,-0.02508752509398793,-0.07153496769629679,-0.4744793377093144,-0.8883437696098335,0.4686055843249118,0.5050721541904882,0.5316999949164519,0.5104980955775045
01061096,Sarlhusen,10863156.294364028,1201322.787233899,1575761.4192589673,1575761.4192589673,1575761.4192589673,1575761.4192589673,1575761.4192589673,0.1105869007755291,0.1450555783751815,0.1450555783751815,0.1450555783751815,0.1450555783751815,0.1450555783751815,TRUE,0.5359015339715559,-3.231995610849133,-1.7024517860881538,3.0436629932100647,0.2329131491717693,-1.1763167691705323,-2.2849334838524986,0.8861556964156468,1.0676537788721685,0.9046131517984016,0.9315392431253026,-1.153211231471887,0.5688447017912847,1.425238725703794,0.29687389038344736,-0.20735642544669516,-1.3825946354031255,-1.5345562560739625,-1.5354240054119839,-0.33235063586639507,-0.537869743116056,-0.6485390987172288,-0.19423871972199416,0.08890847754954523,-0.1330502715492664,-0.01877358485084582,-1.4661819543219103,-2.745058637377773,-1.6203971177858947,-1.746495326348316,-1.7093268637815253,-1.6411662911846623
01061078,Nutteln,6933180.457008138,2267376.7585387044,2267376.7585387044,2267376.7585387044,2463843.728007604,2463843.728007604,2463843.728007604,0.327032704917815,0.327032704917815,0.327032704917815,0.35536991187314654,0.35536991187314654,0.35536991187314654,TRUE,0.5315179647635642,-1.4979975850374752,-0.50765368545864,2.2967958942721696,0.23146583559332728,0.3595492925103341,-0.5036813445058821,1.4230314067516883,0.9737022236614506,0.5941234539678981,-0.020581671952109873,-0.33041492685564383,-1.0113653010685506,-0.0774131705629383,0.3332007281744273,0.27988699421306373,0.8381071013055861,0.1705431758466378,0.6037909452423852,-0.49253372587829436,0.527007987035706,0.5694425945312382,-0.20569333747846744,-0.2387546396900547,-0.6096014633252963,0.22751376533955706,-0.49137776857751697,-0.9199818507334988,-1.0132261234916682,-1.0920746956339866,-1.1030104676939907,-1.0590271742400796
01061079,Oelixdorf,10429095.871570615,1312715.8722062276,1312715.8722062276,1312715.8722062276,1424074.6136449429,1432414.871873902,1571468.6897974126,0.12587053454793234,0.12587053454793234,0.12587053454793234,0.1365482330569925,0.13734794362938205,0.15068120085856976,TRUE,-0.4022774049775843,0.010369667287395402,-0.4430018902858743,0.4774412697992044,2.8475689066496934,1.5515702541597378,-0.4692009161869861,1.1721836819253382,0.6196207018027323,0.035267512995599194,-0.3854794455263309,1.0246080927410302,-1.1023382541492488,-0.3708232146676,0.25701683057833136,0.00599936471351371,-0.20848111907014924,-0.020363303058513915,-0.4297797023325631,-0.42072833956176275,-0.002367172715871084,-0.04788158695207153,0.13366970136273673,0.1963986982881603,0.5104709904497622,-0.23648143577555822,-0.2783032093253544,-0.521053083702588,-0.7649203330733653,-0.8244459164225371,-0.8823840499256833,-0.8471983851077689
16074087,Schöps,4478658.651521938,436219.1387352432,481521.53970808047,481521.53970808047,499910.4722577918,499910.4722577918,499910.4722577918,0.09739950567275477,0.10751467731179956,0.10751467731179956,0.11162057909635784,0.11162057909635784,0.11162057909635784,TRUE,-0.10145592101621992,0.6891334182390032,0.3966575360328928,1.1014015731833426,-0.432244006076759,-2.9541644235728306,1.0358688614860365,0.8086990941617412,-0.2365252405077655,-0.26534755806942417,0.10449851106525963,2.1636369891864535,-1.1105889999859606,-1.821540297310855,-0.6662553919378267,0.3922094576114817,0.028756795002887435,-0.6776907337303735,-1.5356787151292024,0.47480835181404585,0.12423178668774178,0.1640484974157395,-0.027924726274409905,0.1501669837955236,0.031481460524112104,-0.4083220726087699,0.32811167775189204,0.6143069708247085,-0.5558054154153811,-0.5990578172025043,-0.6375500454100721,-0.6121273032329733
01061080,Oeschebüttel,5528914.097068043,170799.47149200147,181275.49329345964,181275.49329345964,181275.49329345964,181275.49329345964,181275.49329345964,0.03089204652005275,0.03278681674392249,0.03278681674392249,0.03278681674392249,0.03278681674392249,0.03278681674392249,TRUE,0.6467853700467139,-0.1745141851815974,-1.264907826343199,3.391590763701253,2.3946721542177407,1.204724189034906,-0.20155651039617262,0.0664455682277588,1.5788358389700932,0.6297747453509484,-0.18440210133919838,-0.571696650490269,1.4254738245930612,1.6124602851370087,-0.1472600377998155,0.5633761746910393,0.6731482795978767,3.1452940877830775,0.5466204412603637,-0.9790330483100244,0.5609050297879927,0.7245599720983734,-0.48043401328870194,-0.3547176190050382,-0.16851460671805643,0.32457740505607613,-0.2642122138260275,-0.4946712224399673,-1.6798984071006235,-1.8106269657836338,-1.861433773116593,-1.7872078339383606
01061082,Oldendorf,9947688.806140097,3817051.821896,3817051.821896,3817051.821896,4057627.3144223983,4057627.3144223983,4057627.3144223983,0.3837124277088332,0.3837124277088332,0.3837124277088332,0.4078964866610901,0.4078964866610901,0.4078964866610901,TRUE,-0.3159007126345777,2.78068070832945,-2.2332799874752998,1.5796462417827533,4.6664548951630005,0.4824732036203401,-1.413049966032092,-1.8291642627435514,-2.102615017246389,-1.251370099787436,0.02330629997295042,3.2031301948920685,-0.0949025748677762,-0.09402488959271628,-0.21410202858852198,-0.010978500995434301,-0.37392823567142597,-0.5349216558489168,-0.4364844455011229,-0.15470833614259946,-0.6611030140031532,0.5138037355529064,-0.11149592598333533,-0.14523877430992163,0.26041927698060346,0.03518550113916671,0.07716666940652421,0.14447526908078864,-1.30622513641012,-1.4078746937146798,-1.5534879309077023,-1.4915415418720013
14523100,"Elsterberg, Stadt",25100374.130603895,339691.89294130466,446283.157190755,756150.1591438798,1026032.8466438798,1046024.0780891924,1049818.1109901262,0.01353333982887258,0.01777994044505574,0.03012505531628453,0.04087719335596988,0.04167364488857624,0.04182479932480865,TRUE,-0.8675945852347412,0.10747803660358832,0.03253570038978827,-2.3084774391462504,-0.39762402067485786,-0.736134240388873,-1.550262031991948,0.5845342074907665,0.30004345544535477,0.4143557643614333,0.4172635093198111,0.19707714618562291,-0.8048073341408795,-0.08098767192251873,-0.6530949808570518,0.6561579634191927,0.5209709264984356,-0.5956018317348482,0.7857387626620522,0.7967070208762749,-0.6382446768070676,-0.08431648227777169,0.1449610568186179,-0.08459071499485354,0.0308756059165622,-0.004188149294686919,-0.2425269494137882,-0.45407099393274303,0.542343836897463,0.5845486677423155,0.6635319712617894,0.6370731820999118
01061083,Ottenbüttel,9892173.788206726,316343.9832035376,316343.9832035376,316343.9832035376,450361.17911894375,450361.17911894375,450361.17911894375,0.03197921811489778,0.03197921811489778,0.03197921811489778,0.04552701850586737,0.04552701850586737,0.04552701850586737,TRUE,-0.03434843442733581,-1.284605486936121,-1.7461298163609205,2.8017084319127434,3.7017817690160006,0.02250394909669535,0.32257132556872437,1.82878336427246,-0.011972842594969342,0.5743309604453721,-0.9999151843936961,-0.2596585192840777,0.1728449547272975,0.47393165975275997,0.11373142855618627,0.29944094458576503,-0.2938227953810339,-0.035438974157304175,0.00582634708746156,0.9405943349027669,0.04122412805498963,-0.11508989239719963,0.09859298150578936,-0.03190417755125704,0.2318204053621456,0.08549414150202554,-1.0216945792414591,-1.9128673090277615,-1.8495793968766445,-1.9935124155053072,-2.105058233057345,-2.0211176026518145
01061088,Quarnstedt,10552003.177587964,481824.67273183697,481824.67273183697,481824.67273183697,481824.67273183697,591756.5651932778,591756.5651932778,0.04566191505279429,0.04566191505279429,0.04566191505279429,0.04566191505279429,0.05608002151194811,0.05608002151194811,TRUE,0.36965748611301724,1.916634864847305,-1.5506465427564913,2.661893940123545,2.3184531661052,-0.31206849803147024,-1.306574493975106,-1.3618227581112174,-1.8716056960728082,-0.7320377219142447,-0.14290054307563352,2.819139399451023,-0.9479820032999229,-0.9541127094897687,0.027885250315751176,0.3572252210192876,-0.278336813237186,-0.1725699815978696,0.9157752780027543,-0.29336518052582833,0.4373326703276087,-0.08606336808626772,-0.06504649101986658,-0.04216493710797193,-0.7969952408918158,0.3043352906330734,0.24521526940127694,0.4591042000637682,-1.2892860304923617,-1.3896173980226783,-1.5097239094828512,-1.449522640600975
14522250,"Hartha, Stadt",54267953.5876267,1023244.9131275808,1033435.3652567832,1061815.9640093837,1081793.6358843837,1092044.247675377,1100953.0744873837,0.01885541734083159,0.01904319763206273,0.01956616923641435,0.01993429942291091,0.0201231882811289,0.02028735195827257,TRUE,-0.7134431545208435,0.4966969185486327,0.18040696889086272,-2.4300135348399743,-0.7011234530880781,-0.9347043034301246,-1.1596547813525395,0.3633509796375986,-0.3759964854825928,0.14386470345009558,0.4031500597036221,0.13782289805823106,-0.8954987373517548,0.11375635709839245,-0.48478555540626256,0.0026838885533778407,0.43022803163201423,0.7119530759329888,0.5818156271199659,0.035739616656087506,0.13756817081143058,-0.2303027635873564,0.09622311875105333,0.10611372666583549,-0.15489443077839363,0.0038461807202838745,-0.012113089027116034,-0.022678726580418796,0.7348086115327364,0.7919909210625916,0.8614635377066647,0.8271120925585409
16074092,Silbitz,11496079.53001954,577863.5925187406,577863.5925187406,577863.5925187406,635441.829208392,650654.5933697051,669602.413201498,0.05026614429812998,0.05026614429812998,0.05026614429812998,0.05527465494206718,0.05659795512641162,0.05824615352155274,TRUE,-0.2683088663723816,1.0549715794521217,-0.3907833445916456,-1.547614140177066,-0.33593649266033954,-2.379427470787304,-1.7001220028429282,-0.532401293273395,-1.134954918238992,-4.719998365436715,-0.5875089442889792,-1.3520714302612222,1.7820317038150155,-2.277204136639835,0.03086811978770284,1.128778365916776,-0.3035607530448991,0.9334676639078451,-0.9643994610500471,0.994789054461873,-0.5416649221047987,0.6619745426517484,-1.4383011447796643,0.2280126070688451,-0.5482311864885661,0.3892351088283002,0.13195978949603152,0.2470616684885909,0.599734695388002,0.6464056440530371,0.325761515437313,0.31277155319386746
15091060,"Coswig (Anhalt), Stadt",296977392.1551608,20932603.811419364,20982672.45165662,21930799.084816437,22000760.0311055,22030743.51938675,22160671.057472687,0.07048551291905338,0.07065410703281372,0.07384669562105363,0.07408227229502654,0.07418323448633565,0.074620734247321,TRUE,0.012910538873071255,0.004636512992446279,-0.014267465345594324,-1.1035540267611623,-1.2514799585921292,-0.693385421311308,-0.6712073270608487,0.22278561992910725,-0.8700428742700824,0.3164618488517036,0.41841870388973584,0.13443936046369412,-0.3426078617435449,0.8720460563670832,-0.235170413916944,0.1673972767034739,0.05598623179505547,0.25402113828366224,-0.04418173251987142,0.2446208886908215,-0.5027329261340876,-0.48692839079581307,0.22519717736005251,-0.01384139676372174,0.22945421820243062,0.13248029053808635,0.00109319550664107,0.002046734894671118,0.5135352732777263,0.553498241171928,0.6246217350932529,0.5997145180930971
16074095,Sulza,4005400.947654756,19197.25271150136,19197.25271150136,29196.95876618886,29196.95876618886,29196.95876618886,29196.95876618886,0.00479284170608232,0.00479284170608232,0.00728939727826356,0.00728939727826356,0.00728939727826356,0.00728939727826356,TRUE,-0.04202276924059039,-1.5232647802988342,0.6201787060116819,-1.7292268466648424,-1.033708925259919,-1.579763443249395,0.2545686996112513,1.9277819133661218,-0.3521804787728147,2.0324835852867604,-3.409606191298058,1.5328288116125184,0.0911017012750432,1.2988073441604844,-0.25117176606834163,0.25942174093017695,-0.16313866135507513,-0.9863195513275466,0.9992095857525073,-1.6457538808027186,-0.6580972165199536,0.42528322559949777,0.19316334475925753,-0.3615417857894565,-0.804837231623782,-0.0864433133515566,-0.3150362811759142,-0.5898265642815602,0.5961711613712646,0.642564798227528,0.6031288217177065,0.5790786492732135
03354007,Gorleben,21490957.20298397,1037271.0015449362,3494083.597220433,3850146.154109952,4850377.937673361,4850377.937673361,4850377.937673361,0.04826546308513952,0.16258389815858398,0.1791519157450729,0.22569389961838912,0.22569389961838912,0.22569389961838912,TRUE,2.094363430237692,0.04450091590763017,0.4798324902628966,0.7194799993264394,-3.2384725836600294,4.246528660581979,-1.6313128626480455,1.5005971849134185,-1.428263392947878,0.14403355124656728,0.7267390156304072,0.2688541155611465,0.08986193050040615,0.7913489761482585,-1.7576771415159402,-0.34212588027969676,1.2768949674707002,1.2150081005381077,-1.3947291461230438,0.20049983794496565,-0.46115226777850193,-0.7960307570403562,-0.044807038045090876,0.20839207074196134,0.28313382359845024,0.016178467334346882,0.8728989454694062,1.6342847371402376,0.7788121390644579,0.8394187733670941,0.9304013909533856,0.8933010019663403
16074079,Rothenstein,10578975.680415465,1599343.5772867654,1630757.9307176217,1670756.8018113717,1770753.890678559,1790753.285209809,1800752.937553559,0.1511813265860495,0.15415083463483084,0.15793181233079046,0.16738424817033107,0.16927473314122235,0.170219971380333,TRUE,-0.8228903301171434,-0.4102484872851855,-0.8410529664287241,0.0891565628328529,0.51404419738698,-1.5735738123691732,-1.3124637535817507,-0.07709261663551992,0.17160698127928822,0.1578759370522688,1.155167931680354,-0.6977672096085645,0.5129249338801407,-1.3829323556748838,0.002562890356652262,0.08012344566626527,0.6540859797447929,0.635903638829342,0.2941148861557036,-0.23030825950680386,-0.024829888325794136,0.608076299618315,0.1491323622602853,1.5250203402392868,-0.9105021967573071,0.20356768867442382,-0.6913972612770176,-1.2944682741001132,-0.508571589731424,-0.5481482871267528,-0.49327380678133925,-0.4736041778591861
03354008,Gusborn,48504374.573017344,6113098.560468891,9346256.618906176,11670573.085566731,13147533.073969478,13362905.192726918,13544908.778639749,0.12603190154047603,0.1926889420012321,0.24060867062615407,0.2710587073785992,0.275498969121037,0.2792512819281807,TRUE,1.1779201071353766,-0.34165463518248057,0.7428411328661412,2.312393857861136,-1.5066634812230937,1.252303443060286,1.044479911852007,2.0502893880288213,0.5841032047289257,0.026764451172228077,0.623444856951556,0.36348227923678117,-0.8682427579346446,-0.053031155825738543,-0.2173037284647092,1.453217359593037,0.6443745085424972,1.956865926371837,-0.06734856546100441,-0.4328772202501526,-0.8934733631695937,0.1668495538215711,-0.10111578371700507,0.7996061070380172,0.40134091699725555,0.3669924190969128,0.5263688682730124,0.9854939245708076,-0.4189345349801187,-0.4515357373558095,-0.43284738480406076,-0.41558730060341237
03354009,"Hitzacker (Elbe), Stadt",58684317.62890807,7361321.754462491,7617783.604729122,8548573.343272725,8598590.694835223,8678619.300303971,9207473.944287091,0.12543933459381798,0.1298095285507176,0.14567049066378976,0.14652280272233295,0.14788651638046582,0.1568983727903392,TRUE,-0.14180097057295699,0.7245837186864094,0.9763863094112392,-3.065975326462186,-0.8885514206164509,1.0110082106534295,-1.0373009008521321,1.2413606019453474,0.2154595692550366,-1.5086245059739443,-0.7497842063557696,0.291021237095082,-0.9535858018549384,0.442635876044629,-0.7769454124624869,0.6108428109982585,0.16568151190724775,0.4825859654108616,0.1903302598457578,-0.25725151697685394,-0.3089038441988988,0.12727530389633154,0.1166684164997868,-0.3537502513569081,0.15601772352714857,-0.20012638424800824,0.5197230191748972,0.9730512359838186,1.2820304205292226,1.381797161395904,1.298761858184388,1.2469728447449266
12061450,Schwielochsee/Gójacki Jazor,132163406.72326814,8647708.257976439,8647708.257976439,9334206.861939542,9334206.861939542,10815167.34965716,11084538.061571222,0.06543194120354011,0.06543194120354011,0.0706262580041091,0.0706262580041091,0.08183178398467453,0.0838699480922182,TRUE,0.7556533848916314,1.289499940461145,-0.053788683720119794,0.3644390057377343,-2.966920692522072,0.8543562736919292,-2.566356371373956,0.8327279084613441,0.2094247135439742,0.5021761770870642,1.2713628680842872,-1.4301948645786136,1.178615854386235,-0.5710587156671607,0.12124141645520016,1.9129910824196394,0.814852949423046,-0.8867631311291381,-0.03019370549801342,0.30465728775780326,1.108840225905022,1.9774425794135513,0.6125606770262091,-1.5689455052912997,1.6012566408909044,-1.2765330393552685,0.6637882138775522,1.2427772450226708,0.26694417419924665,0.28771758942149445,0.41024376201805574,0.3938850126671089
14627210,"Radebeul, Stadt",26086272.62866529,1733878.0830707536,1995949.32759182,2616545.945577722,3837599.195024603,4169293.850772638,5942717.078797965,0.06646706901182409,0.0765133967586669,0.10030355746196148,0.14711182581169532,0.1598271209582908,0.2278101269350272,TRUE,-1.2434364782645306,0.5110104856469702,-0.9655370882639726,-1.636668783670655,2.0709045501740575,-0.898747188556194,-0.6981665737853973,0.6952077192716842,-1.2518306627048985,0.24092549335980284,-0.053036490606730706,-0.1795440604135991,-0.4391231205052057,-0.7214725706064503,-0.15552244846234178,-0.0015849633266610385,0.23496141262597134,-0.06080497776496969,-0.12966897728246266,-0.6274899903837209,-0.23004566410187793,0.6032111659719811,-0.34056332347468843,0.054193450580968264,0.29711430610120343,-0.05131265178370734,-0.5659876936271777,-1.0596702561104432,-0.0636353960512885,-0.06858745956408471,-0.05879446458353639,-0.05644999527432886
12061476,Straupitz (Spreewald)/Tšupc (Błota),21758432.358809583,0,0,0,0,399989.70516840456,2086208.2920824671,0,0,0,0,0.01838320420204612,0.09588045028610714,TRUE,-0.824889640776189,0.04807139815749364,-0.18808273044548365,-1.3270058602899928,-0.6343103459832459,-1.0721777212848236,-1.1140881841741643,0.2720229511062825,-0.9901663526336303,0.0414912696879784,1.1263041026073881,-0.9820121543466817,0.6351380072927212,-1.8619606003796023,0.9567769079440124,0.5769530411059335,-0.39482600490301656,-0.3301986143358524,0.3402242876448129,0.6786558362829773,-0.15570997490743596,0.2480377548721695,2.0316920228116646,0.7024315165829658,0.4156346545365621,-0.2347425171818368,-0.3216336576880597,-0.6021785000868771,0.35212932720366474,0.3795317934604209,0.46681212680843087,0.44819767539330996
15087440,Wallhausen,35290792.31091242,2936047.3018075335,3842568.3952767183,4331134.480126548,4916885.155802923,5607604.168399517,6174298.791027061,0.0831958454188535,0.10888302992530266,0.12272704001568416,0.13932487297210813,0.1588970890479431,0.17495494962627628,TRUE,-0.5679895231653594,0.39383242228480997,0.9805185013973872,-1.8637213338175123,-1.307694672426067,-0.8272621579512548,0.20821664221291877,0.31013329094439546,0.1333962283330729,0.15874108622262328,0.2958567596905294,0.6398105661964436,-0.5586605219616132,-0.43815607405458723,0.15125644329934315,-0.2558319223602549,0.2931828157658714,-0.25239047028919126,1.0251221357598899,-0.6750734250270055,0.29564513707619133,0.029099122083976678,-0.1524458196923406,-0.09760532088615864,-0.36070292282702937,-0.11581924151900579,0.26878713350561256,0.5032366141669191,0.7834143606613995,0.8443791367383031,0.9107910678860633,0.8744726538842594
14522280,Königsfeld,28217694.347748056,591887.6197366187,621847.9177665446,621847.9177665446,647343.9365037128,647343.9365037128,647343.9365037128,0.02097576125257927,0.02203751696021088,0.02203751696021088,0.02294106416087729,0.02294106416087729,0.02294106416087729,TRUE,0.9728111720322884,-0.6090389464912012,-0.2201196430459171,1.6589853494667162,-1.8137983193376843,-1.4725616106111952,-0.15304586805404694,-1.4237041277847289,0.07682348266353665,0.913365057472121,-0.7880627659364919,-0.5361032934694119,-0.9210541457318185,-0.16923027047962522,-0.10787365891266582,-0.8378847042464866,0.6033360929619007,0.22114644723492027,-0.6732205286171532,0.23306063305831104,0.20697015244991077,-0.07535125061375994,-0.23420415962183377,0.07701109573997218,-0.0151792221751972,-0.0031614378683684956,0.04788419416505671,0.08965116532719497,-0.24167978668537748,-0.2604871443462055,-0.2584963852105022,-0.24818866583657972
03354010,Höhbeck,19523129.25089906,6230685.3162682075,6564504.625812254,7686013.757921326,7875989.186251269,7895992.429415331,8056015.736055956,0.3191437825460935,0.3362424405150087,0.3936875927596175,0.4034183805799765,0.4044429726372739,0.4126395739394579,TRUE,1.206825298631639,1.8275792130992048,1.709460842961348,-2.9847906034320904,-3.179779688662379,4.981799054233837,-1.218536231092135,1.8221013980122835,-1.679376785606374,0.11836791666644836,-0.32176412213675226,2.4204069163241413,0.3978515063730153,1.7891000251807527,-1.594858450785401,-0.4109712091063079,1.6362863237285938,1.4694954463958922,0.21413193315058907,-0.8131324916240703,-0.5180306265570822,0.28382815044635207,-0.06499542597336223,-0.7083907249247263,-0.0975798369447375,-0.5011833332057376,1.581288451564064,2.9605667354971557,2.1688502147454582,2.3376286726418276,2.431834871610883,2.3348638002364366
03354011,Jameln,36200175.478407234,4993679.917781774,5388516.835205891,5388516.835205891,5511859.4454411995,5689586.589925737,5827668.290491382,0.13794629036426675,0.14885333465911088,0.14885333465911088,0.1522605725690177,0.15717013839669022,0.16098453152437017,TRUE,0.9257183072047119,0.47906912878255337,0.7182863875482784,1.6313161433135281,-0.9357128248909286,1.3864414230572724,0.8971798448504394,1.0543528452235749,0.10050754871018774,-0.7627259058261169,0.36471802742457965,1.324113052776511,-1.558234604666162,-1.044959840296698,0.20445465604263519,0.8063451900254462,1.018264445343389,0.25500984374175667,-0.5848737067561058,-0.4659339792355863,-0.9047104807463568,0.3903256858097912,0.3318672457205445,0.8893609622172808,0.02152248934342073,-0.23263390339629766,0.7076912745118479,1.3249747345267828,-0.1562865340237574,-0.1684486464753976,-0.2050902368333988,-0.19691212399097563
03354014,Langendorf,41012484.44700155,8720969.622805461,10067828.23024408,12564361.643863715,13932021.25725028,14052049.82463309,15254122.11658722,0.2126418270045344,0.245482037140526,0.30635456040465026,0.3397019577112905,0.3426285925884806,0.37193850414742335,TRUE,1.788557868286373,0.11648648348405204,0.9610027653135577,1.6902315528749507,-2.326083756994724,3.5487621859371923,0.20200598865463062,1.158301011938828,-0.5504534338656708,-0.39017622239614297,0.4244155744611619,1.1586035152180167,-0.6343872819235181,-0.09414809446838276,-0.3138501624614215,0.31226481232271663,0.9609923738072071,0.28767831348218886,-0.09245337421345588,-0.5487454898531194,-0.7820393132500364,-0.3542204616622534,-0.2750844097535089,0.2897118782236424,-0.036405163376128695,0.23405563016434983,0.9553490390279942,1.788651895192106,0.3362234161721378,0.3623880951824136,0.37812751638335945,0.3630494241954783
03354016,Luckau (Wendland),22424061.24936895,0,0,0,256.74944995552204,329183.4585510699,329183.4585510699,0,0,0,1.144973014033073e-5,0.01467992148658324,0.01467992148658324,TRUE,1.0361846049384915,-0.03773983732916548,0.8604482918459627,1.2187704777069464,-0.6541654373767927,3.6802413524416266,0.577823959129991,0.7223668846975169,0.9280459595956663,-0.2677203555449021,0.07033874845559834,0.6001578940593739,0.28096514639349196,0.1560039826768771,-0.2876887806047052,-0.37360792597766523,0.7402138988342734,-0.4772590132930938,0.8248054086462695,0.1164687796894744,-0.4536773973869545,-0.11450296227002346,-0.07957943919894844,-0.3448447130148687,-0.2777171899722854,-0.21631704797116652,0.6196310198184296,1.1601039543052027,0.11266639956963648,0.12143402263867868,0.11327602477319257,0.10875906615419777
12063202,Mühlenberge,39744459.80381656,12092.253403128065,170193.1045986833,170193.1045986833,170193.1045986833,170193.1045986833,170193.1045986833,3.042500379377876e-4,0.00428218437082242,0.00428218437082242,0.00428218437082242,0.00428218437082242,0.00428218437082242,TRUE,1.7205528585684102,-0.8304491231901638,0.7680636726340025,3.0210699892987796,-2.68820335456835,0.7443782570877233,1.3621144261918845,1.3336730726839963,-0.04154825504783247,-0.2907680364768058,0.660829528309953,0.9998795877045197,0.05751921807879002,0.6509354011492385,1.8637366764698464,0.3607710783023453,0.9391621375048993,0.12752120148823842,-1.1054478023970804,0.34433410634936157,-5.944242005542165e-4,1.0003866208072114,-0.5228868476652686,-0.6407308121724944,0.47142175208004067,-0.04419934881089811,0.5527224693374163,1.0348344446983435,-0.31479613669498513,-0.33929335929795307,-0.33447043739321336,-0.3211332009567547
12063208,"Nauen, Stadt",268622786.97114605,0,0,194275.85231852715,602060.327765154,1331242.6989687404,4426840.540448152,0,0,7.232292334879065e-4,0.00224128538964873,0.00495580704071741,0.01647976551193945,TRUE,-0.42401062541877943,0.10428151795938968,0.2152611027881934,-1.090669233002743,0.0840607580291042,-0.11531268831625455,1.4753459238583493,-0.8376075469413903,-0.3099795823720115,-0.20850638004371108,0.4893809912663943,-1.0685798898369534,-0.010617933562451325,0.6779601610704693,0.37202975430953755,0.09338523205011094,-0.412251848206319,-0.4710095540904978,-0.3751552764871982,0.3864877288504482,-0.35759235347551976,0.3773793353680946,-0.3733888094230341,-0.19446597116259812,0.34476070355117083,0.10064967233319115,-0.03482266822373212,-0.06519672807479443,0.5166407685516946,0.5568454039892708,0.5973645280975863,0.5735442107861803
14627240,Röderaue,28542307.941154342,2561032.6171729234,3135123.4371183827,3304856.7457121327,4101866.1548281703,4569229.761004205,4834920.696963205,0.08972759394415486,0.1098412729475859,0.11578799978354076,0.14371178964521666,0.16008620502674775,0.16939487538748996,TRUE,0.15977530700031006,-0.9223188834605819,0.10959957487422782,-0.3479297182917507,-1.5597379766944894,-1.7772315329027664,-1.0572835260268016,0.22693050066514603,0.29980792071296447,1.0919883423902075,-0.5850229249553408,0.4505444516854288,-0.810259503035254,0.27502178968684865,-0.03894442941254393,0.2934071743409095,0.32003706958977735,0.496841328829166,0.029632819632726515,-0.47614719874287276,-0.35786843866505486,-0.2867732431119966,0.4694141895313564,-0.2300890707347758,-0.07690120708321477,0.30104654873716113,-0.21764800052868136,-0.40749139081825253,0.10995094642715289,0.11850725476788315,0.16166746951687197,0.15522086908833954
15084355,"Naumburg (Saale), Stadt",130230899.2403071,15708916.696170753,16448476.892303346,16706783.730264517,16856769.006631702,17167501.54503349,17497462.74815849,0.12062357541725986,0.12630241354589727,0.12828586631684474,0.12943755364483,0.13182356602909845,0.13435722896968938,TRUE,-1.0493173296954181,0.26418222076915715,1.1503961677158598,-3.8364881372702144,-0.43996874147360815,0.6441037845191014,-0.13352321350536428,-0.4144363146350864,0.5446553175586041,-0.03861503569915299,0.3490735615538221,-0.2973976162832794,0.475256427044173,0.3062823901626755,0.02006902232052646,-0.15512667963715743,-0.0689846249637989,0.9183933248860758,-0.6094294891831158,-0.13809504244192036,0.09771696737354746,0.10083962775881394,-0.1866249075193434,0.0291300840817254,0.18353575780998319,0.18450829240772887,0.1217536862631996,0.2279532953765977,1.4207350315418517,1.5312956714941712,1.6187526393841614,1.5542037756583467
03354003,Damnatz,16377881.098956851,8812008.838136073,11011936.27479499,11402385.747325184,11758579.704471696,12958921.570682628,13386201.080593476,0.5380432783027916,0.6723663585209668,0.6962064065815834,0.7179548827729998,0.7912453077649961,0.8173341227545042,TRUE,1.8909119436935344,2.236921985065256,0.21456685643139248,3.293965525234297,-1.0066478962374275,3.472547806515423,-0.6980854354791552,0.9919529555156414,-1.4342654526980716,-0.727701886398714,0.4133653742801713,1.8923018222726813,-1.236667374873761,-2.1697272881102165,-2.219117194363672,0.6599283622563276,0.8724740056698974,0.9857037174072614,0.8911058676112765,-1.1314965801729537,0.35799011615890564,0.3573191053262733,-0.6014224409499529,-0.6841673986555791,-0.05310995886955779,0.37963638926732823,1.4474669283967276,2.7100194368111343,-0.490986952098074,-0.5291952248773343,-0.5768821738800167,-0.5538786043897459
03354004,"Dannenberg (Elbe), Stadt",76630076.88661331,28119163.748561967,35492195.53316919,38102542.86478057,38142554.34915557,38447331.21967905,42991107.778448366,0.3669468293783504,0.4631627289854567,0.49722699510219065,0.4977491332234169,0.5017263818822489,0.5610213316379771,TRUE,-0.8536696978526236,0.07765613176585652,1.0421491757312646,-3.4655037922154186,-0.3988881840081843,0.9613044620827703,-0.027501629385377035,0.43154851170571834,-0.18311466528624876,-1.120471204360126,-0.11444914015699843,-0.8628645561173724,0.3364452603637395,-0.8965263735811344,0.2548717809076892,0.2911327925662315,-0.22228070283914114,-0.1174817671460647,-0.2589270391035894,-0.17065604416543032,-0.1627044982223875,0.292033595558186,-0.34935438747128644,0.11228505096626624,-0.25759365565306397,0.045032193010637614,0.08871186988149919,0.1660907665234272,1.4067584383608693,1.5162314292779107,1.5031512568339973,1.4432120769519015
03354005,"Gartow, Flecken",28383481.658435933,3886201.960512301,8827444.898613682,9961539.049572889,9961539.049572889,11481948.914197885,11681972.91712757,0.1369177329010753,0.3110064158034697,0.35096254819789496,0.35096254819789496,0.40452926291321634,0.4115764604817443,TRUE,-0.9958655792550886,1.5756451608217221,0.9973491609244826,-4.384367848798061,-0.3411522170176037,2.476815043880494,-2.2139249304341764,1.2126235102597864,-0.016654686625024673,0.3686298809299758,0.2619740139003063,0.6541639767429843,-0.10290291210022287,-0.647900951196856,-0.7278869635355946,0.8683955044003447,1.0028950717118321,1.2893904162349508,0.8438630059261513,-1.0923636456588333,0.4069372419823273,0.07334663904460537,-0.043424802880234176,0.04748888447040764,0.17288289059244855,-0.13913122701041697,0.5257095808303721,0.9842595738931174,1.5217691061132852,1.6401921494649814,1.7545080409961802,1.6845458381934135
15085235,"Quedlinburg, Welterbestadt",121014978.91458511,1251481.5322993812,1331501.4209712562,1433694.4136172463,1533719.2036563088,1563726.567914121,1575113.3263573963,0.01034154237371476,0.01100278191108108,0.0118472475595701,0.01267379639622,0.01292176044601744,0.01301585423957429,TRUE,-1.1899669688770895,0.47566315147596,0.5718225616261209,-3.714011697765365,-0.19059451323205454,-0.2625962975623268,-0.6591369052215073,-0.2189932296105923,-0.3456163131891123,0.4796882912930813,0.01827880052635889,-0.6250396838187267,-0.36818777077209014,-0.4096004403185229,-0.05320877324692294,0.3802605476261588,-0.22063355390666375,0.5627550877513052,-0.42361476054299974,0.19920872533144648,0.24860460695020528,-0.2526816276742083,-0.23827610372474617,0.2596618509021618,0.437176433170106,0.07497469946891704,-0.0474937519250029,-0.0889201599834873,1.2054551924547419,1.299262900825954,1.3910098219384577,1.3355423581314276
14730050,Cavertitz,69137513.78690976,5007709.338098612,5292667.586910261,5330537.109245742,5330537.109245742,5425319.737106956,5445294.024216331,0.07243114575298415,0.07655276125813415,0.07710050329080544,0.07710050329080544,0.07847143236634821,0.07876033901073431,TRUE,0.49966688839372375,-0.04516997481198965,0.0864205437376796,0.8226322813338679,-1.222330162855562,-0.2594128671438187,0.7601144227454455,0.46825046693079125,-0.7416910382490464,-0.5814388132813579,0.5230151397615811,0.034188240772743766,0.9926998137337141,0.7048433128212012,1.3293102832753043,-0.41327047582583915,0.09177557719874566,-0.11036644945047763,1.4539960191919223,-0.2824204075145934,-0.7076256832625974,-0.5870330366583648,-0.02478535831871371,-0.16661639365148492,-0.05955308362458583,-0.17312853848713303,0.18030581910647125,0.337577505062529,0.053137014859743086,0.05727210144353303,0.052379561762880875,0.05029089107164021
15083040,Barleben,29938337.261810232,3076222.872301885,5664919.729401421,5739978.756333934,6409067.077787692,6409067.077787692,6409067.077787692,0.10275196131970755,0.1892195842361517,0.19172670499827432,0.2140755854856104,0.2140755854856104,0.2140755854856104,TRUE,-0.822863129095513,-0.5432044473057364,-1.1605124616744802,-0.09912525372181392,1.5752724812610903,-1.714828890244842,-0.7671566009497356,0.12699158205174566,0.20685838291254827,0.4121537387076071,0.4185896557781957,-0.5542500089917539,-0.07303371164156,0.12916898538787705,-0.35717557940020433,-0.459034972494097,0.4221227782259035,-0.16391326516739585,-0.04833240250032368,-0.7238958504627118,0.007966075892666158,0.15868610130854288,0.13431621587735787,0.036022494609860935,-0.18987317203603166,0.09434089136559581,-0.8421933460252431,-1.5767961896092837,-0.6493283137436815,-0.6998586042713613,-0.6789438435980857,-0.6518704955326478
14627230,"Riesa, Stadt",58755121.96194173,6329593.491803006,6695932.514982612,7255303.287233647,7435046.285280522,7554877.567507084,8064666.938777903,0.10772836955224026,0.11396338381051888,0.12348375843612792,0.12654294701484117,0.12858245060576523,0.137258960061418,TRUE,-1.156974361928018,0.2595539177395079,1.415206055198596,-5.036986672201137,-1.1875760482723419,0.6668249162182,-0.663378616463157,0.5507646018904919,-0.5424176793438317,0.49897450465151527,-0.31679864888080217,0.4543367704979919,-0.3558610809382294,-0.007995353939305328,0.1695137673547379,0.29233277338394176,-0.01032128846835289,0.058054123565400684,0.44762639077732924,-0.1001631404891179,0.16421714019070988,-0.21979407065370232,0.053875402581989536,0.020091881938762185,-0.26301535183436037,0.09960245432729632,0.17259520367002867,0.3231413080810335,1.9519683933681748,2.1038692545043136,2.2131920615427703,2.12493952109661
15090180,Goldbeck,26866543.111449055,7693692.295914579,10060871.626469033,11361853.792775052,11492922.742509624,11512920.003251811,11532917.378251811,0.2863670351633719,0.3744758521680311,0.4228997286939103,0.42777824801777226,0.4285225663567277,0.4292668889484747,TRUE,0.24646374631485163,0.24905426074914216,0.9760534962881253,0.21286704358261252,-1.16645882208334,-0.6569350049996723,2.029052630180619,-0.7178196217515022,0.5501566495194062,-0.25791374887896845,0.6268663327144136,0.1567562796242079,0.6825214228219049,0.4828317922580477,0.05726887290290347,-0.7806768836013258,-0.3550151010438103,0.193958190564282,0.1192700213130124,-1.3130265046259215,0.3491078585155598,-0.004642087291248659,2.8242576363403313,0.06455128807556867,0.40982759067802205,-0.09605715588156061,0.49052383445070635,0.9183830728712812,0.280723733500776,0.30256946471496826,0.33653630460862305,0.3231166903102731
12068501,Zernitz-Lohm,37671426.00534109,0,39427.636231367134,577728.185420381,730830.4927406482,944232.9181453314,1271157.9738634909,0,0.00104661915972538,0.01533597866293859,0.01940012816708957,0.0250649635087203,0.03374329322397471,TRUE,0.15428528920711043,-0.19408136298890144,1.2655860685054725,-0.12620993434961153,-1.94816862613764,0.4711045212154592,1.1860149662586217,-0.5954551573125408,-0.42571116036075196,-0.5199485012917735,1.2954758222755338,-0.5929906952217954,1.1509063633914536,-1.467109793999287,2.1178937878571382,0.14866880097832214,-0.5947020240303321,0.24050960767813462,-0.5157626869648478,-0.04047794579992308,0.7884810790167811,-0.5085393975445768,-0.32516601543649587,-0.5469896713869155,-0.0320098511837818,0.26737410681555096,0.4085966649078938,0.7649949591201325,0.6624302487391222,0.7139801229932182,0.7890511466952586,0.7575871949452823
15083025,Am Großen Bruch,50722033.75290173,5911241.609047457,6151313.487953707,7066617.273878802,7216159.582791977,7226574.546487545,7268641.899079509,0.11654188863649978,0.1212749772203643,0.1393204639290421,0.14226873508160842,0.14247406919234826,0.14330343957597483,TRUE,0.5636023093527898,-1.0448393509312826,1.3992880664974436,0.8642559864424221,-1.9076632900036081,0.19394137983157425,1.6120388706976283,0.850915113668528,1.4318332861072924,-0.1507971420697949,0.33319525603398986,0.9778563924290984,-0.045723933712307284,-0.5370899207495307,-0.3600135802108236,-0.801747111871171,1.15031977185328,-0.7334387207309149,-0.03472177250744079,-0.4828248670715553,-0.5056485871308943,-0.10426788862227356,-0.4154859793189425,0.2495913884922616,-0.1692126600447548,0.5185760613102074,0.30601700830631695,0.5729402338908652,0.13760436461872094,0.14831264327358562,0.16488788765111642,0.1583128708566551
15084360,"Nebra (Unstrut), Stadt",25380112.011272144,2554406.0696734344,2554406.0696734344,3532261.4122568006,3532261.4122568006,3532261.4122568006,3532261.4122568006,0.10064597305712988,0.10064597305712988,0.13917438231509802,0.13917438231509802,0.13917438231509802,0.13917438231509802,TRUE,-0.684355091417664,-0.08503354115891269,0.27803777972111704,-1.7930331556105197,-0.8203320845007528,-1.3555878844216267,-1.3849270159972789,0.1417909901109271,0.8344369823468105,0.8148953276280948,-0.1365319709074064,0.38704819058353085,0.08789861146293569,-0.23040151215949625,-0.4314577139777644,-0.1539228136236439,0.4295712992035937,-0.17851779032388926,0.5286295569343619,-0.1295973196021368,-0.10513909283189991,-0.1612060450246453,-0.0397094728011224,0.15301002840360733,0.035151763119167276,-0.11887717869969489,-0.16378361761848656,-0.30664381926084805,0.4121248534245287,0.44419613098387956,0.5104181291479517,0.49006485869763095
12062336,Merzdorf,12864357.151873898,0,0,0,186554.5558117185,207734.26341510267,437650.1545564578,0,0,0,0.01450166173165861,0.01614804851596046,0.03402036723558371,TRUE,0.01161976146114538,0.8022198023697679,-0.7173846231468243,0.7187151755517124,-0.35020047353273537,-1.6475013275724961,-0.11217521942647143,-1.4705572872265207,-0.09358556103583818,-0.22084061188199952,1.3044974478887426,-0.29357832774571707,-0.5411237692182871,0.7259580600800218,0.06657214495289009,-0.4438922741238619,0.948140587755986,0.8119779740114749,1.2194378863949777,0.5806700942926548,0.05870548652774768,-0.17198979476790452,1.0369260724163285,-0.020774705764639658,-0.28828599713812697,-0.04001067473720777,0.03215164689469633,0.06019590935084504,-0.30487631463616016,-0.3286015833908116,-0.28012963001892105,-0.26895927027789646
03354018,"Lüchow (Wendland), Stadt",89225940.80344959,19361789.65482328,22712690.0126751,28537226.494286943,30654528.712882925,31106984.453207105,31661812.907162614,0.21699731580834988,0.25455254165049945,0.319831051791876,0.34356072277690997,0.34863162184785246,0.3548498634148168,TRUE,-0.8825832022824986,0.6161330030480073,1.4356033803394235,-3.836994085874335,-0.08403293072564211,2.007002888819073,0.6406242758766068,0.735918388289538,-0.3376811739554401,-0.07815787868604322,-0.09763557779500641,0.4813281517650688,0.3406307305285709,0.015901857640728594,-0.11415458575032429,0.3142098379749281,0.042781292346340205,0.27589289034441516,-0.34441535284435926,-0.15113460305206913,0.1194710223991819,0.21143167631311813,-0.17544922764899573,-0.21958930967906784,-0.21723743711179772,-0.05287080684904733,0.38971772703497737,0.7296488744682207,1.5592879717647954,1.6806307078844065,1.745472919198799,1.6758709980298385
03354019,Neu Darchau,22831430.719361942,2568348.0516289915,2678392.0721368035,2956976.067451754,3016998.877998629,3037006.7285845666,3177063.9121783176,0.11249176992885215,0.11731161770188243,0.129513393347887,0.13214234863696458,0.13301867788815644,0.13915308029662998,TRUE,-0.10644924065540733,0.7257649030715452,1.0844164223651949,-1.9848860336545693,-1.134794820368243,2.3869832998580365,-1.0196392099564344,-0.8351976460321447,-0.7606344479301135,-0.6598138448943691,0.9948333775144651,0.6198597358689477,0.16956592880535265,-2.0558876265822996,0.6725214789953388,0.0036262607324040247,0.18913344407491506,0.4308155592097795,-0.566139910498489,-0.5726452016324162,0.37326622658792813,0.18828589242792057,2.3419327317457186,0.2024825440437007,0.02289238339199297,0.36108922259450066,0.5679106949271109,1.063270594603568,1.2004033228152748,1.2938178981054445,1.3677637495804251,1.313223238737234
14730080,Doberschütz,78458063.03302881,3857130.3199121407,4085743.947631007,4159264.9108859655,4173351.745547079,4252037.629161942,4292006.989513503,0.04916168167812643,0.05207551384375899,0.0530125872357443,0.05319213327749636,0.05419503700176672,0.0547044729833144,TRUE,-0.06417350841061192,0.2465291999214065,-0.1525997243928411,1.444242462689965,-0.062467853419350426,-2.2421102452430564,1.1408475718900073,0.6344916118956921,-0.002852081066170102,0.083997349375315,0.4720021748019825,0.16736945394790836,0.3566560887709903,-0.1762685384643161,-0.18027142088606832,0.034412017976446316,-0.5137997316578988,0.07671879534864086,-0.18716030438906725,-0.018840667249661505,0.26242625613376486,0.26271449312999084,0.0446639928508214,0.1189114508311072,0.34279511994233075,-0.3898968939034956,0.009918655705984492,0.018570199583094332,-0.7058805957761056,-0.7608117466707487,-0.7613330833727177,-0.7309744082713285
15083030,Angern,64364631.84929438,3123753.655572952,7419668.6915852865,11765692.14338538,15185324.687491233,17689607.398639865,18608863.609871335,0.0485321451521236,0.11527555550939778,0.1827974744100764,0.23592653684474865,0.274834282281905,0.28911629065855277,TRUE,0.1958785803316295,-0.49756203763223006,-0.47934750174834106,1.2134894179190217,-0.13204878098695835,-0.5695460087435741,-0.7101764079217552,0.3058020753036445,0.5178198346462962,0.17391602993502245,0.7050120531432049,0.20597055719202173,-0.713452483204053,0.8727686246889008,-0.33384945693797924,-0.1680113726570543,-0.2024290259136505,-0.36744841361840147,-0.3156961867362428,0.23186624438304518,0.4197552412154028,0.23921206771354062,-0.6022846168438825,1.6194341076032375,0.03246696852484299,0.003354050698794711,-0.26034365301631385,-0.4874283108534331,-0.5995034862715778,-0.6461564423994354,-0.6215665836970351,-0.596781192939097
12061005,Alt Zauche-Wußwerk/Stara Niwa-Wózwjerch,33146755.549998734,0,0,0,797524.0445364628,1392747.9766684207,1582022.7449131669,0,0,0,0.02406039539325269,0.04201762596546116,0.04772783093436809,TRUE,1.8081285308154758,-1.041998821356767,-0.9508531496638234,3.849175319072196,-2.5054964362546444,-0.4122861840505545,-1.2561701757258643,0.5003918612000783,0.1396785527794439,-0.2599509583945608,1.2542956895445658,-0.8008182770014821,0.6388741003318881,0.9670977583511996,0.2769646745826395,-0.32261225762328727,1.6597833039974244,0.032428026548009956,-0.04797617759638406,0.527628069308253,0.5811477640852066,-0.10533394055484288,-0.18988861666913306,0.11560292039976966,-0.5510330693269897,-0.24266494249368498,-0.06157448006837155,-0.11528279819260279,-0.9636303339094564,-1.0386193952257492,-1.0278209182290396,-0.9868358592576157
12062341,"Mühlberg/Elbe, Stadt",89098728.82767713,34672488.00142978,41592881.507444486,47040849.47350167,49772256.48915622,50324920.3941739,51147140.336326264,0.38914683135927425,0.4668179002630653,0.5279631942278525,0.5586191536516651,0.5648219795762254,0.5740501689451512,TRUE,-0.24626546250015074,-0.2534877020464854,0.5926948026368309,-1.715702910289189,-2.060767632588893,-0.8569274104166503,-0.9286357017723057,0.9441855884500514,-0.17755564670328058,0.6664911171055314,0.3448508319297805,-0.13127953617652088,-1.2669909391908685,-0.2864947613655556,-0.20550176039084045,-0.37598726317354547,0.12312626592537437,-0.29467203130742686,0.4113194509271259,-0.3431005120967178,-0.06511127014235757,-0.2132425664891603,0.06824551067798988,-0.3494739135798436,0.047496910849415444,-0.38316073970301506,0.03098054603006493,0.058003316177657485,0.7496602602364382,0.8079983150309444,0.9095506797688688,0.873281727087835
03354021,"Schnackenburg, Stadt",23314743.83659268,11935781.612066446,15293767.292324234,16274816.064351486,16554840.151265549,17154667.009963546,17436086.306641527,0.5119413576113643,0.6559697760144609,0.698048246998452,0.7100588480531616,0.7357862102280169,0.7478566536628829,TRUE,2.5979953431035523,1.0254900808331286,2.7136686340091454,1.2433115262684573,-4.756084947222709,6.751927155649474,-1.6125468064179134,1.586441408390733,-0.3639888506385526,-0.2223438173863064,0.49995228731135916,1.881521550308397,-1.2616652772313648,-1.045554356925964,-1.4522472998623586,0.5861036183300417,-2.007217149718259,0.6901188381456256,1.8481604101640414,0.06769053315240611,0.7027684881624118,-1.7186671776005034,-0.4823134074448976,-0.21484849403423936,0.10288416791933556,0.20723100946811174,2.112384685981942,3.954911469634783,1.1960648200281856,1.2891417759636363,1.362439631737709,1.3081114237187594
03354023,Trebel,66900327.67931555,230536.409127786,236684.01545155328,236684.01545155328,236684.01545155328,256688.03693592828,256688.03693592828,0.00344596831024288,0.00353786033135876,0.00353786033135876,0.00353786033135876,0.00383687264083897,0.00383687264083897,TRUE,2.6084209719695965,-0.3020140704532828,0.6320895551286781,3.4859705929861895,-3.0652751401797884,4.219259337858465,0.38123964168306096,2.2519774660536847,-0.4667313463714998,0.0485145262827767,0.3795799552742772,-0.01622960482741929,0.17319063916480176,-0.5007188239413525,-1.9629159261978828,-0.4121866227915512,1.5668553604718989,1.23055669333006,0.06012470509468724,-0.5122668978450796,-2.382661832252391,-0.8396427510242965,0.04529649344279346,1.4604834687989632,0.4127126794912345,-0.02956356965402601,0.9794988188816639,1.8338663118493805,-0.11074353940855115,-0.11936152679942073,-0.09881072456124962,-0.09487057963782293
03354025,Woltersdorf,28146134.254653327,1740593.6084468963,2040677.329661104,2040677.329661104,2040677.329661104,2040677.329661104,3096273.214832632,0.06184130270604137,0.07250293454859522,0.07250293454859522,0.07250293454859522,0.07250293454859522,0.1100070505888649,TRUE,0.9466223485390469,0.6155716905398342,-0.6557983612352741,1.4644700250244398,-0.9237733095203335,0.5635677789115268,-0.40433669564303587,-0.37122102380157634,-1.337370393604752,-0.28541940448241504,0.8077369241706978,0.04609737176253317,-0.7794039230645639,0.19026175210048535,-1.3396903113532326,-0.4018458953427946,0.49998240805312655,-0.07970255244329585,-0.10065515887756547,0.06840556040875993,-1.2240087961706618,-0.06439217819935725,-0.009295566762537512,-0.26270819808932533,-0.02355643341724831,0.012802636878029844,0.30213189261453566,0.5656663274323258,-0.16526970686469333,-0.1781308837555473,-0.1568856496984057,-0.15062972759113993
03354026,"Wustrow (Wendland), Stadt",30149942.119772527,2305146.86799076,3135397.819162635,5243143.289677983,5823067.60093256,7584800.224751949,8895198.264791012,0.07645609596308411,0.10399349380861402,0.17390226717017462,0.19313694128499684,0.251569312956584,0.2950320179539411,TRUE,-0.6030033871094996,-0.4726164420483619,1.5712695821015252,-2.4837977954990262,-0.5831091499238925,0.9447154452549982,1.0465946388638716,-0.08279883696857597,0.6409650489228624,-0.1951909798761783,0.14524426730214274,0.8567849475332016,0.2551790566449218,0.07649653817109293,0.4100475885026944,-0.3090938482384596,-0.5828585907437672,0.27658446824293886,-0.794568438617977,-0.4568481769607812,-0.6939021705244608,0.9770899869215942,1.1285154931321872,-0.393880299030942,-0.43411820149830554,0.14283083430781643,0.16521658431455455,0.3093266906428898,1.1231210452130849,1.2105215658913975,1.2608608872874394,1.210583200869773
14730070,"Delitzsch, Stadt",86261466.9031405,0,0,0,9182.426107135005,48799.87451520702,78067.02469285378,0,0,0,1.0644875906696066e-4,5.657204342467584e-4,9.050046039735456e-4,TRUE,-1.1499644365198263,0.6234724599142272,0.8360062645390286,-3.183716080489532,0.08617188785337289,-0.06785922401144934,0.6400955795218435,0.03492808903103978,-0.11411149509090929,0.04489297028336457,0.1263923603778051,0.05058842692334171,0.3495863938267942,0.19316855912548203,-0.07187357806714627,0.08429841012876171,-0.41336860152247235,-0.31256830063394375,0.3113813300202215,-0.1953253025043337,-0.1454752208842463,0.12322752868893547,-0.3171274193905114,0.189337797184889,0.09603881167403355,-0.09058420152037092,0.10317142931114316,0.19316267147220867,1.0820263530271377,1.166228912533344,1.2294471354817227,1.180422093807354
12062372,Plessa,52513501.633286625,13883857.650879996,15810721.26829299,16789214.24279657,17110929.558951735,17468811.01685453,17784466.984476045,0.26438643813612045,0.3010791658629574,0.31971233531596044,0.32583867056592675,0.3326537075901564,0.3386646563519779,TRUE,-0.44466142456649727,0.516303909249457,-0.14148749299177255,-0.5227754849841092,-0.5586860294893343,-1.678750290932403,-0.31533314733304835,-0.3076762027262331,-0.14451916604478482,0.20214728860983874,0.6523281443169948,-0.06195414195423234,0.31299299258757235,-0.13618929955285988,-0.29364210113143213,-0.35327611515719154,-0.07434199037196282,0.19425811200279916,0.8331018642881309,-0.09038886364802198,-0.20245687373780613,0.05128982009237154,0.8731276902550998,0.27381224032488877,-0.005585984509585879,-0.288920033303619,-0.02328166943627093,-0.04358909724009448,0.06663212290209006,0.07181738967308096,0.1275600825034307,0.12247353735623626
15089195,"Könnern, Stadt",125573645.56046005,18327835.862635627,20162620.09036971,22288879.30647077,22340867.195901804,24534754.461153273,26679256.34409505,0.1459528851044729,0.16056410563203724,0.1774964739375933,0.1779104771243209,0.1953813983153058,0.21245904126634416,TRUE,-0.22295235909844296,-0.4655644440862548,0.544872584168667,-0.7817527155073093,-1.2257014729938753,-1.2435005082099346,0.23417513195476566,-0.31860268491150046,0.15206396396171112,0.12498008591863145,0.5062108638409271,0.29825845597836315,-0.0035640975457227604,-0.03459466162756624,-0.2366387516444225,-0.6514542834716122,-0.07078809979386042,-0.17957413101827704,-0.20424771496021463,-0.17837552167180498,-0.052377780770576254,-0.18371081869943207,-0.12490660619690581,-0.10364911839864244,-0.19149977696243306,0.40365769227695164,-0.047881406338676914,-0.08964594582025653,0.39266237824666117,0.42321909914136363,0.48094477839613736,0.46176677787584475
01061002,Aebtissinwisch,3020344.4797404734,2994864.9577465123,2997452.200449075,2999854.1067410223,3009862.03545196,3009862.03545196,3009862.03545196,0.9915640344454516,0.99242063961745,0.9932158821164624,0.996529387836776,0.996529387836776,0.996529387836776,TRUE,0.8470057974008754,-5.0052604773171785,0.05021668532228139,3.606675196458193,0.584539447644856,3.586068735997586,-3.6839865955633337,0.036450751915675934,4.644928207031741,0.9001048633845782,-0.18697215377268686,-0.06104407817684922,-0.17137010796171165,-1.8842536621058752,0.5579286493794419,-1.2831392065031062,-1.952131366381307,-1.2581680856015027,-1.2634268997925675,0.26034007580877283,-1.626523029179432,0.2217420619325701,-0.4381431958630046,-0.2101014703210807,0.011519526384174432,1.308488529902023,-1.3693459981980072,-2.5637575533048937,-1.5590251035042608,-1.6803473833934963,-1.7074014476342638,-1.6393176523173145
01061004,Altenmoor,6308005.038218986,5866083.413454804,5866083.413454804,5866083.413454804,6108130.5129418615,6108130.5129418615,6108130.5129418615,0.929942727996147,0.929942727996147,0.929942727996147,0.9683141462211708,0.9683141462211708,0.9683141462211708,TRUE,0.3930742602819633,-2.7578928311680815,-1.65316026139974,2.653921747683789,1.5017926156731543,0.46330835837515383,-2.595455441795441,0.1035070771828916,2.2827022327674973,1.303359804840865,-0.23934705698119715,-1.332504602324174,0.229544026605139,0.3360105066623179,-0.1631620869556238,0.10541644299042184,0.8591263443017196,0.7006527583743993,-0.6405030098784268,-0.47018075944476617,-0.3136334738059136,-0.0444730117206207,0.46078528334874785,0.24761842643652293,-1.5080538345470456,0.06124362650898802,-1.3393262774286194,-2.507553141876444,-1.5957932649334736,-1.7199768182954076,-1.7250678676343252,-1.6562796117905711
01061005,Auufer,5179584.184234425,14234.316478076023,110657.37684174506,215471.57926818336,245648.4333316401,284282.3902516848,284282.3902516848,0.00274815814779153,0.02136414293227689,0.04160016935800251,0.04742628454217285,0.05488517613382579,0.05488517613382579,TRUE,1.0137025171825786,-1.9180754136146476,-2.3020507132306927,3.3790789504923104,0.6253026902631792,0.8597806257035105,-1.5284234237172207,-3.461400106407113,1.1500102815077364,1.2325213072400765,-0.00620904373812423,-4.289614315966197,-1.4228706018248318,1.4125895613338888,0.24857931661549487,-3.224641434434165,0.3977370728937757,0.9610194500515937,2.02200127486658,-0.6158360069861086,-0.5903921737727287,0.015090093692951986,-0.19167667256716042,0.13971054393941745,-0.42933131887125625,0.22576074376124997,-1.0688078698875871,-2.001075150518524,-1.193575190340302,-1.2864584049760552,-1.2627493604938518,-1.212396369921193
01061006,Bahrenfleth,14423782.39802058,12287366.911665322,13706301.349443732,13706301.349443732,14194058.32092658,14194058.32092658,14194058.32092658,0.8518824378099017,0.9502570803705892,0.9502570803705892,0.9840732430124898,0.9840732430124898,0.9840732430124898,TRUE,0.1971949695905572,-0.6349660931181913,-2.00803863464016,3.561158693927514,3.2312082854795436,0.7608608431987757,-0.4053492571495167,-0.1185305033241073,1.4043131874377213,0.399407755543323,0.016107940551490188,-1.583029125158423,0.44722146549349834,0.9212064649762461,0.29813111077293486,-0.47914320466221316,0.24455559397561802,-0.08100113720025978,1.5666501578283654,0.7126855255918227,0.3921098907063848,0.23584606241302797,-0.13589202389857766,0.07096883719227993,0.6131073348202306,-0.03146164152280774,-0.8152699193892646,-1.526388813760029,-1.965569166382287,-2.118528430482316,-2.186603879669272,-2.099411561079567
01061007,Beidenfleth,13774586.588365396,12595333.199349212,12800877.743413422,12800877.743413422,13504383.056872277,13504383.056872277,13504383.056872277,0.9143891991638984,0.9293112109967488,0.9293112109967488,0.9803839099083128,0.9803839099083128,0.9803839099083128,TRUE,0.30794001199272064,1.785985545894076,-2.0282149374332485,2.3368426458250653,3.5442128273589653,1.6122386507981024,-0.7370180388646144,-1.4654421293135922,-1.3259138932171275,-0.7077801274173555,-0.332251555539829,1.161346303544538,0.34403582715605496,0.6479959794754179,-0.23482851606490732,0.013910829319074858,0.29439526830829216,-0.5990541092679672,0.4665230288656396,1.5404426933896511,0.4663610187466804,1.3592013079554897,0.22949750621334297,-0.22603290664884296,-0.4145774846184029,-0.3304757192666751,0.02190354015118275,0.041008895181064264,-1.2085916625451703,-1.3026434488990395,-1.42853203875349,-1.3715683510015804
01061008,Bekdorf,1806392.1699555144,1776368.6468965826,1776368.6468965826,1776368.6468965826,1796384.2660372076,1796384.2660372076,1796384.2660372076,0.9833792885297598,0.9833792885297598,0.9833792885297598,0.9944597280232048,0.9944597280232048,0.9944597280232048,TRUE,0.21078966911691774,1.407001697817345,0.22691120747651833,3.6680022868789464,0.5079404455877784,0.2289937521029784,-1.2395612976987407,-1.8668553195119362,4.948036306951847,0.2828365674033574,1.6353458084847945,-0.8872882211435592,-0.8160015427580536,-1.0260603607876306,0.28395997809103635,0.19822554207765414,-2.1121011623172277,1.6026628404744683,0.7858278948074986,-1.6914095323561271,0.5574569082589561,0.06833708391834577,-0.7330045610507067,-0.04684879718037807,0.7314493953469843,-1.7941509690210844,0.614900858136927,1.1512479107959186,-1.6917220560404327,-1.8233707230929381,-1.789027100551964,-1.7176884267449202
12067173,Gosen-Neu Zittau,14483476.151721844,3766839.346808021,4170032.591759935,4496371.221530252,4565012.942914635,4566107.482584499,5033839.357921998,0.2600784029571662,0.2879165573289661,0.3104483464072062,0.3151876590325266,0.31526323064657824,0.3475574030149909,TRUE,-0.6971990498651016,0.16979424867397047,-0.8326081849952387,-0.24970805444363425,1.5673552993203101,-1.0271229865998446,-0.07279824778127851,0.31620184054407846,-0.2349456799274222,0.3050397162902949,0.03420257775548875,-0.4927670309029034,-0.45325680300077703,0.39267252445243533,-0.025940935821986432,-0.03262163450748354,-0.6543471927065952,-0.5942525980905202,-0.41756449236319343,0.581673119787553,-0.3026509183039023,0.10396960926358081,-0.5875018756022086,0.20493898666302124,0.753804571939121,-0.4964509720990152,-0.4533376620621233,-0.8487612749727326,-0.42120829066025994,-0.45398643516626397,-0.4521040114364935,-0.4340760561367816
14730090,"Dommitzsch, Stadt",30338752.212459967,5793202.474558979,6033652.234592527,6430042.428121419,6579899.879293293,6629342.7060421575,6683990.59937709,0.1909505847171836,0.19887608403731705,0.21194155854177263,0.21688103166586273,0.2185107238299511,0.22031198094666565,TRUE,-0.8582242916054311,-0.125889242526909,0.8007617204066116,-2.710470896114093,-0.8734699942491931,-1.3610062707643178,0.11054973378957311,0.9589770672220592,-0.5562608274409582,0.5959573199745346,0.10658629585587631,0.681007225338991,0.12118819066501671,1.0641569615659145,0.4972597359854842,-0.988864102379398,-0.8772996956243188,1.705434409248584,-0.590398352581372,0.7360081438379549,0.21451633404249973,-0.04349695649251898,-0.28902987994460594,-0.00690821542234247,-0.07340911310459551,-0.49349666313525364,-0.0611172712419095,-0.11442678913147268,0.880037229294354,0.9485211317058108,1.0374636829297725,0.9960941121500191
01061010,Bekmünde,2887204.766797483,2809170.1607929617,2809170.1607929617,2809170.1607929617,2877203.572125467,2877203.572125467,2877203.572125467,0.9729722647655926,0.9729722647655926,0.9729722647655926,0.996536028622899,0.996536028622899,0.996536028622899,TRUE,-0.46850210885175897,1.8793879785763028,-0.4107462323676768,-1.1947311466783574,4.358050886055099,2.8041230610403804,1.1574823617835233,-1.047394662851165,-0.3787558598440485,-0.2240404933234898,-0.623787917783051,0.5068373607812355,1.3565274435043806,2.049487826822534,-0.44550222502886233,-0.46497882158364784,0.5459347568837987,2.983830934722119,-1.073193899995704,0.0912230362641177,2.5902302461374083,-2.087240319833347,0.16909276405275347,-0.6455372175739532,-0.006710760422933649,0.14841495060520857,0.3333798791189557,0.6241703589420393,-0.02502069027631545,-0.026967783483411296,-0.08043755096500999,-0.07723004884927355
14729080,"Colditz, Stadt",84880898.3824268,6616171.793280869,6795622.072777462,6997348.996049342,7117236.032182154,7271701.659285188,7331645.4532305,0.07794653354718309,0.08006067563234444,0.0824372636175824,0.0838496784060389,0.08566947096298258,0.08637568160739917,TRUE,-0.5009642535161241,0.6901309345122415,0.42788544474110934,-1.8147380638674544,-0.4699608235877276,-0.6917622877227944,0.2648710769084576,-0.2078883058802595,-0.3695485781562387,0.4738502721305143,-0.4459258239288615,0.16350533044985796,0.28914308049527665,0.22736856809256917,-0.05972242586286134,-0.09218692096648894,0.18890633155016892,0.5871287562944146,0.402455271595869,0.3902916970222077,0.10153614837582361,0.021732753130160504,-0.2633009372315071,0.17922955284430922,0.1306827320362259,-0.16827782856486875,0.20568404191240894,0.38509187359597324,0.6869084604757673,0.7403632126236355,0.7787136046321622,0.7476618694109228
01061023,Dammfleth,16427195.179507377,16307592.909032112,16307592.909032112,16307592.909032112,16406283.312936949,16406283.312936949,16406283.312936949,0.9927192518766402,0.9927192518766402,0.9927192518766402,0.9987269971323824,0.9987269971323824,0.9987269971323824,TRUE,0.2257958589169811,-1.48550797661339,-0.5009520563111702,1.5613539079753165,2.22431495490656,2.1403862168738477,-0.4224867465339884,0.8745573481326793,1.8893341380977369,0.2924910141781735,-0.4497490291364459,0.8646840160892081,2.0261339287126163,1.516734077179907,-0.30769788770009715,0.29606701119607637,0.12610250228467895,-0.02397103056117996,-0.8862082320482352,-1.4666808865326129,-0.8225496363980747,1.4861630910294676,-0.18928638288063335,-0.6403718685442265,-0.4726393698291162,0.38546603076241737,-0.5868880580025264,-1.0988009558055079,-0.9843627778023855,-1.0609652238904257,-1.1162791487221024,-1.0717667575773726
01061025,Ecklak,15576641.335683834,14949131.573699985,15118546.66169212,15180741.315443393,15255158.75446731,15255158.75446731,15255158.75446731,0.9597146940434256,0.9705909211029796,0.9745837365251846,0.9793612387748794,0.9793612387748794,0.9793612387748794,TRUE,1.7179436491372233,1.6173794305437854,-0.020003521237289296,4.091602829289295,0.3464129744221613,3.0692831239467697,2.2203507599898535,0.157447232954511,-0.5414191466926359,-0.5871236071466538,0.07679606877083134,-0.5673042111802465,-0.7106461277070075,-0.6337217916435506,-1.4939991862194122,0.7019376486367016,-0.20429415741559442,-0.03210292602869183,0.8778901256400848,-0.8384023998515638,0.3821481505266229,-0.43594109290331795,-0.342726775248028,-0.23222329683804294,-0.5560018552468976,-0.7119342701777305,1.1051065194812397,2.069035284183031,-0.8573346184623922,-0.9240518190424412,-1.000330547622333,-0.9604416858974133
01061026,Elskop,7144959.6955476925,6955670.820684518,6955670.820684518,6955670.820684518,7138551.353399338,7138551.353399338,7138551.353399338,0.9735073558243964,0.9735073558243964,0.9735073558243964,0.9991030961095068,0.9991030961095068,0.9991030961095068,TRUE,0.03307262941575434,0.10799697330865449,-0.7455077895450584,2.7811729878332763,2.2370555698893018,0.6911966731872592,-0.5138096128044417,-0.5441675900634743,2.8509850739962204,0.15253318915723946,0.0100577253069728,-0.03162673945594279,0.7346264789731739,-0.19452976449228276,0.39955075680927277,-0.0181288794721803,-0.48723428714619876,-1.549872678876158,0.3516304421778563,-0.010251330092670442,-0.49809088777491217,0.087273859011967575,-0.34631437243941626,0.008269661564863178,0.9392341553454552,-0.967723992056181,-0.2014793956068832,-0.3772197260606149,-1.5429567984984633,-1.6630286537518946,-1.727356157790781,-1.658476654818911
01061027,Engelbrechtsche Wildnis,4951910.692648098,4796782.768902344,4796782.768902344,4796782.768902344,4921887.124795372,4921887.124795372,4921887.124795372,0.9686731176359732,0.9686731176359732,0.9686731176359732,0.9939369730764124,0.9939369730764124,0.9939369730764124,TRUE,-0.3901950256612801,0.5334548943134154,-0.7667329864931922,1.4050455033838531,1.8964198296393207,-1.152158161181977,-0.0634845046324417,0.1315341974927306,1.4848096097105474,0.16160257351701807,0.35770130367334385,0.8345823388784485,1.489578846077774,0.6385941260052528,-0.22332412937980256,-0.5425751751112303,0.6175797529497034,0.7653915829037089,-0.0320613873016718,0.3785641059296636,0.047919168632684334,-0.2697786501615287,0.06761636713571063,-0.23899434037223624,-0.49789740161655854,-1.0549828843675904,-0.2078243726136856,-0.3890991069827063,-1.1633135445746619,-1.2538418183892344,-1.2782907127263277,-1.2273180001510837
01061028,Fitzbek,10288286.642115517,472216.3308941731,1475352.1176074254,1735714.342141705,1745721.7063995178,1745721.7063995178,1747362.4077364693,0.04589844230827867,0.143401148211405,0.16870781331426832,0.16968050824452496,0.16968050824452496,0.16983998099193415,TRUE,0.4135068262300497,-1.407977203315043,-1.304779159205246,3.2181789291163354,2.0432488775019726,0.31297085111345563,-0.6988029612999577,1.0766602612023288,0.732506944302958,0.8723728832475761,-0.6955830589040788,-0.7603084774706945,-0.9319981026989096,0.18539728627394494,0.6316124804683072,0.43643881289884673,-0.8763082253885855,0.35384070607643253,0.9852054980389644,0.15948671879792115,0.416226551691357,0.0025162029124775748,-0.29566322269264156,-0.10741174148157644,0.4599420171304556,0.32508495950240773,-0.7664165120967464,-1.434923039503052,-1.6914215423131285,-1.823046823590477,-1.8888187889862236,-1.8135008536533652
01061029,"Glückstadt, Stadt",12688293.929562852,8273456.72934281,8699554.2724695,8896386.295794839,10000653.871768428,10296817.732451208,10497821.688157683,0.652054308898553,0.685636250292101,0.7011491336173157,0.7881795556822334,0.811521059459407,0.8273627444662581,TRUE,-1.1692302871100284,-0.4975009889671686,0.5388023693107408,-2.913973490124154,1.07156066238192,1.3072461983392514,-0.26164773470316843,0.5191486940234843,0.568573437718546,0.1869889985036656,-0.11252964672483798,-0.17579656586504422,0.05292846217102481,-0.42221263123063024,0.3752097588842013,-0.3940404135316808,0.19007362502317748,-0.7364119458145253,-0.3533576038338474,0.19161290961953026,-0.08773236787395343,0.03081455918053876,-0.053366210894703475,0.024878642783185426,-0.013607650016125577,-0.07452513480261505,-0.37597630225548545,-0.7039214968602573,0.7813989618963891,0.8422069010035048,0.8859745070444097,0.8506456703040957
15083411,"Oebisfelde-Weferlingen, Stadt",121508027.6249815,1533560.0944776065,2601114.8783353483,3793164.29805929,4543420.152551478,4843525.198449915,6080542.758898794,0.01262105989581805,0.02140693853054175,0.0312173966790605,0.0373919340257431,0.03986177121892569,0.05004231306976348,TRUE,0.22332217977545588,0.06907647054582142,-0.11740154029131192,-0.023480564244344925,-0.14476964215942822,-0.30607854707368043,0.19542695083448552,-0.0384034286921519,0.14482719857991294,-0.8392044531896891,0.009904173273295206,-0.3818778765507033,-0.4074352568793342,0.7243669683632196,-0.524486053914432,-0.21930968682615776,0.07430673533400892,-0.16695867536149045,-0.5485468666370691,-0.07482708052662691,-0.5157506265876183,-0.14776027743394418,-0.011336204885480629,-0.002393819536613803,0.07569878753493428,-0.25085362108356407,0.05833237000998847,0.10921275880024808,0.06423251361452416,0.06923104441253007,0.01699874052696103,0.016320904173778124
15083415,"Oschersleben (Bode), Stadt",186555296.8483374,19088692.60326273,21539118.77113771,24345864.663789153,26748195.83917313,28164246.39294075,30284784.190860584,0.10232190093632738,0.11545702070656416,0.13050213569428395,0.14337944990604276,0.15096996369841614,0.16233676932518834,TRUE,-0.8193872828188083,0.18982770398002216,1.599154046942926,-4.162353738023615,-0.9014046732412315,0.7343354158430724,0.6044711090562843,-0.12453408449845203,0.3466363416886359,-1.1583578124948655,-0.10961015936461299,-0.6539590623944981,0.5543429594870736,0.4577562219357636,0.2873453742396445,-0.08979172534322015,-0.4761967972744368,0.550394422733504,-0.26197804326011814,-0.3335052602500712,0.30570115530031955,-0.2598843783147025,-0.08646858014520122,0.14330578816573544,-0.08944979881392226,0.15590712584953656,0.32319815603471325,0.6051076315544862,1.7863718433001157,1.9253860928282112,1.9285459680397805,1.8516438843913927
01061030,Grevenkop,9389174.040083207,9027892.491451625,9247821.765215974,9247821.765215974,9373084.869687296,9373084.869687296,9373084.869687296,0.9615214770661143,0.9849451853524294,0.9849451853524294,0.998286412593139,0.998286412593139,0.998286412593139,TRUE,-0.38349094641119397,-0.09727617921246064,-2.7545204070734206,2.928685237476132,5.294570293291791,-0.5459180944147963,-0.44391517516713686,1.897655301138245,0.22578543661483294,0.6184667475164719,-0.7312474673912264,-0.19614849735423062,1.847060246665878,0.7817964702906373,-1.4183806597723996,0.5553090463390172,1.3482589796470545,0.49831962972715016,0.725013970400543,-1.2953050668761332,0.6687164696064146,-0.4456535807652249,0.01898722557195621,0.2676168389429087,1.2231608347268788,0.8622522843940583,-1.0784291775656918,-2.019088640363217,-2.4150917179435862,-2.603032523196775,-2.7230887197255957,-2.6145037028389257
01061031,Gribbohm,13135205.75315204,2356312.5131025775,2356312.5131025775,2356625.2192395013,2467199.9278712813,2467199.9278712813,2467199.9278712813,0.17938908284989263,0.17938908284989263,0.1794128895677165,0.18783108344376184,0.18783108344376184,0.18783108344376184,TRUE,-0.2691133817710138,-0.11165252349790603,-0.5881418275834344,1.5065955613669828,1.4220700098215422,-1.0101582812810594,0.12173893661258567,-0.7476424424435408,1.1337046319861122,-0.49205111744546814,0.9050398776080487,0.562638935844037,0.18317474461404495,-0.3174781514637128,-0.9545678277910098,0.9309377667548935,0.08990741259794559,-0.7301451045711977,-0.030803575657769332,1.1190082252820344,-0.36886918017083037,-0.31782218265443785,0.08200067683070422,-0.15468247622547046,-0.9314189310535641,0.4346223329675677,-0.32296924428411805,-0.6046790516116513,-0.9653183869318976,-1.040438811393528,-1.0660893700038765,-1.0235783304604291
01061012,Blomesche Wildnis,6817268.927033406,6500987.972174373,6500987.972174373,6500987.972174373,6680401.833366765,6680401.833366765,6729605.164930672,0.9536059148840612,0.9536059148840612,0.9536059148840612,0.979923471535074,0.979923471535074,0.9871409265145594,TRUE,-0.1104337896308068,-2.652101287078587,-1.2529026864399604,1.6622008670834914,1.0463732085147965,-1.1248938894901461,-2.3425651532115492,1.4629886127052483,1.6901394143037491,1.0778161320415367,0.1983418483903927,-0.06782224378874555,1.1868864430598691,1.148400337583958,-0.05757471214628418,0.41312187981240617,-0.9617104253518198,-0.786620284622201,-1.0610300875764118,0.5444609786547345,-0.539561123413876,-0.4486040015845193,0.24733924045176067,0.06380392017050965,-0.44428410695973347,-0.19829089523117346,-1.3384792543831183,-2.5059673032837257,-1.3926450225398952,-1.5010197169762853,-1.4850780586368655,-1.4258595598391632
01061014,Bokhorst,5940544.993389139,223641.3748491612,223641.3748491612,223641.3748491612,223641.3748491612,223641.3748491612,223641.3748491612,0.03764660903974933,0.03764660903974933,0.03764660903974933,0.03764660903974933,0.03764660903974933,0.03764660903974933,TRUE,0.9855490549035589,-2.3800884079929063,0.9396991172680357,2.574096519982356,-1.158743241695578,0.5734951492324686,2.1466798190125242,2.068161188551268,0.41174483760026265,0.5089362235700118,-0.9502525187586989,-0.47006900641355415,-3.3146362481796134,-2.95533831134631,0.006278645518000384,-2.724451054517496,0.4953207851172513,-0.3247470911461761,-2.5644173110280835,-0.7708853682710791,-0.700104234167987,1.1034707819774705,-0.5726838139113057,-0.4523930742556189,0.06606873491194122,-0.5627991659770766,-0.1516134119404373,-0.28385815605123377,-0.5080394393933337,-0.5475747252090056,-0.5952142813751274,-0.5714797066159113
01061015,Borsfleth,13873937.828345845,11588698.847947905,12026699.621936232,12066096.20571903,13353429.237465732,13353429.237465732,13353429.237465732,0.8352854821268576,0.8668555222558718,0.8696951330621353,0.9624829952879952,0.9624829952879952,0.9624829952879952,TRUE,0.17775879958904375,-1.6602239381316732,-0.6719206222917279,1.5605948861701542,1.4002724673038693,0.32146155947963434,0.8597252679996975,1.2420243844716936,0.1924138757622668,0.3877570551470222,-0.3683723343745403,-0.7048426747476612,-0.5582897166397314,0.9047153646201653,0.3140183889877929,-0.009444815646321733,-0.12536453948287296,-0.49090878343831634,-0.05622269972456543,0.21655688801974074,0.12606424161663024,0.4808241354746069,0.044636828054633794,-0.42085450379458994,-0.10553631809525775,0.317935176257081,-0.7181285869447858,-1.3445159889806322,-0.8324626713424883,-0.8972443538073455,-0.9339455273659386,-0.8967038135261929
01061016,Breitenberg,3043215.531401111,1570703.9472695054,1919488.1663430831,2094577.7371954345,2135305.3712776587,2173957.1300674407,2508936.4984789477,0.5161329952027243,0.6307434181171327,0.6882778152197063,0.7016609074331827,0.7143618674509526,0.8244360192667068,TRUE,1.34776719151579,6.231882592218445,-2.4240355741229536,4.365660033669693,1.9261874295684884,0.7103363941311736,-2.7480307654011384,-6.011676708871187,-3.132959952777266,-2.498094978868323,2.0120126398930855,3.7982213229354245,0.4866499409692291,-1.254656219875604,-2.27971536609563,0.09689087992454681,-0.7760679811685137,-0.3158072232059254,0.08189501126424707,-0.8134642503821303,-0.29813069572293843,-0.453736703337617,-0.576828335682649,-0.1751982737261311,-0.6160110520751044,-0.2623361909746526,1.7185380698704271,3.217532284075968,-1.3724865244366828,-1.4792924981747806,-1.592288059109427,-1.528794488542155
01061017,Breitenburg,10209262.87044376,1113947.0978951142,3978496.216727731,4008519.170829294,4367078.608355135,4488858.544202126,4577481.648330164,0.10911141304041032,0.3896947573213775,0.3926355136210787,0.4277565054180365,0.4396848823628156,0.44836553886590225,TRUE,-0.7296182207819161,1.6515858662690368,-1.175483852713124,0.7460884542523972,4.1899279426669,-0.21902952932626463,2.1463336349503193,-0.33587336852660427,-0.33704936396202295,-0.4568175525286889,-0.398927219028978,0.18479849574927232,0.2737195609874052,0.9967432797126198,-1.1591033612127346,0.3359069808258571,-0.08115452259364064,-0.0713307934665973,0.47196932882971226,0.21246530615085824,-0.11174050598422557,0.25953671972093006,-0.04069527436589327,-0.3602643747751054,-0.16450026514809316,-0.43171601245322083,-0.08450540240866773,-0.15821520930823474,-0.9507974311725552,-1.024787844670966,-1.1253855220623534,-1.0805100080800296
01061018,Brokdorf,13457411.511106566,13184927.451785952,13224959.055301577,13224959.055301577,13264990.553348452,13264990.553348452,13264990.553348452,0.9797521195591196,0.9827268077807428,0.9827268077807428,0.9857014881651418,0.9857014881651418,0.9857014881651418,TRUE,0.976243310638088,-0.9510132976506347,-1.0858919810314478,2.285357417159909,0.40982273095680416,0.3976092645823381,-0.0245533181741564,0.982288375756795,-1.0595469805862312,0.47324774284270577,-0.8274242943830232,-0.2592560885570883,0.13552905519419248,0.7872306648124989,-0.10599058974048275,0.6057692818913254,0.6343728848612505,-0.8735522049930625,-1.065416182271833,0.5289202368283525,1.1882492102833513,1.411784940389048,1.0788933066426265,0.36057939519333804,0.019301954826790504,0.09038102717896167,-0.35355398934799814,-0.6619413295725269,-0.798757075111443,-0.8609158108574917,-0.9177370304977774,-0.8811416415072324
01061019,Brokstedt,12493878.40960178,96588.2352955708,342200.9129157441,379876.3349931521,379876.3349931521,379876.3349931521,388242.9950597607,0.00773084482888363,0.0273894864106214,0.03040499695444531,0.03040499695444531,0.03040499695444531,0.03107465771088253,TRUE,-1.0656534899398145,-0.45791807546305546,-0.6257567576615363,0.4964471052816707,2.8352307379954818,-0.9814172697478162,0.8711880826881588,0.6060294072171991,1.1001326115384107,0.25672786604808595,-0.16676516589665552,-0.5583870313866731,0.222064908836667,-1.2281683978333826,-0.3324701494905295,-0.8515425450830916,0.5573790419279161,0.47000777598674365,-0.2545153504485748,-0.3073225424252212,-0.023099120589712793,0.6207012785451984,-0.4162508819913383,0.021070848472438612,0.03055815122942889,-0.007642217421536423,-0.716442774354802,-1.34135972696452,-0.9636645802866182,-1.0386563066328363,-1.0784191763354039,-1.0354164773689565
09475137,Issigau,18594154.162651964,182019.42935861737,182019.42935861737,194431.5647021053,194431.5647021053,204509.7814292053,310724.41344621277,0.00978906745455622,0.00978906745455622,0.01045659635825966,0.01045659635825966,0.01099860631681658,0.01671086572307391,TRUE,0.06854284525979654,-0.7208772121496069,-1.3683331543689188,1.2626820122402262,1.2301686285973361,-0.22757244315415487,-1.542940409180289,1.2705975463993917,0.06377623254473759,0.5632233537396611,0.33387899197632986,-0.38334545502424117,0.08934690090861633,0.1345978710655706,-1.1127898042028848,-0.21877151464666586,0.7369913357487057,-0.1723791402679932,-0.09430753434394114,-0.6633012209873212,-0.14186080713648036,-0.570690023747997,0.38143972920312,-0.8469443222522027,0.1832734970970623,0.08735286554086899,-0.6735558404195764,-1.261064680307785,-0.9950946590481382,-1.0725322528815924,-1.0634419477464006,-1.0210364759681354
16074021,Freienorla,6875695.191636823,242155.88204334147,293312.22322411207,293312.22322411207,293312.22322411207,293312.22322411207,343312.56697411207,0.03521911243795175,0.04265928245057739,0.04265928245057739,0.04265928245057739,0.04265928245057739,0.04993132438327059,TRUE,0.5659041925333859,1.8891073079664735,-1.0284240298685687,2.4099433148967573,0.5324543003418324,-1.170868596442225,0.4601032628506416,-2.1558210561695956,-1.3857309284490154,-0.8153704839277064,0.6965262574711598,0.9332146810619775,-1.783901395246245,-0.7416938307845183,0.5902168897165829,-0.6899724731868444,1.4876620120464235,1.0082677587634379,0.23298443745786032,0.7801655913383455,0.39398380347045414,-0.15689361704452182,-0.2548284326003579,0.825779454272041,0.37724637139364087,0.31193162792790846,0.4755291568770968,0.8903092931696559,-0.7705764974564111,-0.8305422396951588,-0.8807437662947601,-0.8456235089035199
15081240,"Kalbe (Milde), Stadt",273434024.57851636,11834274.45257818,13358501.752496537,15274243.400554849,16239133.473601786,16769193.2050471,17479262.557586163,0.04328018237971689,0.04885457021337391,0.0558608001476746,0.05938958583751062,0.06132811463714473,0.06392497270421811,TRUE,0.9342906476111172,0.34281745922425966,0.835050349439687,0.19453183001762384,-2.2915825155789857,-0.32114929106438495,0.686539150637321,-0.15299807322640213,-0.13545223423338917,-0.7313530052848324,-0.5425815517214835,0.22410308040632293,0.2660555038825236,0.813831571982497,0.038004143543463965,-0.09802056773045907,-0.2504699934424631,0.18377968276663076,-0.04915857150420244,-0.039992037603127646,0.03237545115782988,0.14136157286004408,0.3494679188349925,0.3088649578330713,0.3837830012297594,-0.20530770195023162,0.7040528187583547,1.3181626370491115,0.5623407288630007,0.606101704325733,0.5522544006867837,0.5302328804219739
16074026,Golmsdorf,7654639.144072595,1070376.296941205,1110373.8242849552,1110373.8242849552,1170370.1924490177,1170370.1924490177,1170370.1924490177,0.13983367168523622,0.14505893790496685,0.14505893790496685,0.15289684731321387,0.15289684731321387,0.15289684731321387,TRUE,-0.300901986891853,-0.24937524033281422,-1.1560983309564161,1.6609599995546647,2.091351217119526,-1.653494472988898,0.11045660910105684,-1.0870742085428522,0.2579171315972022,-0.3734187401685654,0.6670989927808486,0.8286960918878158,0.1423656949864959,-0.253705283159941,0.2373927999030576,-0.6427169587842283,0.8333290776051179,0.6615584118897317,-0.25543470479594677,-0.4035648612498342,-0.637587103439568,-0.618208982820709,0.7066173929259091,-0.4290898897032881,-0.33454731630679624,0.7229521224240778,-0.5687918527270278,-1.0649203419779816,-1.1582343153904828,-1.248367327022734,-1.2897316392465004,-1.2383027119359844
12070302,Plattenburg,201698921.44520855,22842.532960441036,22842.532960441036,53174.89965550999,53174.89965550999,53174.89965550999,53174.89965550999,1.1325064505437228e-4,1.1325064505437228e-4,2.636350223119806e-4,2.636350223119806e-4,2.636350223119806e-4,2.636350223119806e-4,TRUE,0.8109000430830237,0.037939766449252635,1.061691649304376,-0.23663697604942388,-1.8089998838053045,1.54475947885886,0.8117913036849594,-0.17550752613650367,-0.1519534753786145,-0.2852155871901276,0.28362044872883774,0.950524094765699,-0.14468018720209103,0.8248847342573531,0.808020940961918,-0.2847528419035026,0.7556628377047968,-0.16551148280092182,-0.3845114956341671,0.22713871369926816,0.02814742415608537,-0.623415392591114,0.26178023071139006,-0.43608006491167056,0.18204666435072187,0.1172522346223739,0.6368438196122175,1.1923306125368847,0.7533992983484139,0.8120283225617692,0.846648091609258,0.8128874224623042
01061020,Büttel,8893601.009232275,7744913.946062603,7754921.900164165,7882523.683418313,8190298.882005378,8200306.833177253,8220322.740403815,0.8708411742355833,0.8719664725361449,0.8863140672980064,0.9209204318366864,0.922045729807833,0.9242963262991511,TRUE,0.40633205437956854,1.283094889540555,-1.5520895598909505,1.8381827933183792,2.4523784093289387,0.2591650882642049,3.911878577581825,0.9220701867888703,-3.109870126352874,-0.13871659324012678,-0.8242560525680194,-2.6621331234334535,-3.9703501956121006,-0.6377606579958304,-0.8256726496930368,0.616507152865385,2.460911922815663,2.066996759501988,-0.5614470157958473,2.306924654639816,-0.3660138356787603,1.2214632969711998,1.0719112820271053,-0.8900821922679294,-1.7897343753653474,-1.654922478128759,0.045779128009724314,0.08570995597394024,-0.6375103001752932,-0.6871209208742729,-0.7767050490169355,-0.7457334063185057
01061022,Dägeling,7549066.919642679,626905.5256516183,883925.8143958006,883925.8143958006,1211687.293322229,1211687.293322229,1211687.293322229,0.08304410761287723,0.1170907376772386,0.1170907376772386,0.16050821991912903,0.16050821991912903,0.16050821991912903,TRUE,-0.030737342389179193,-0.7679406346272496,-1.7295805203954884,2.2477086356550093,3.5321999512097952,-0.006364724549099441,1.0570042768657617,1.0220658882954252,-0.8428281616872197,0.00980936737659618,-0.7465579424819251,0.3832771105317873,0.7135121198798396,1.0326775818290808,0.7263621482783197,-1.355105878248776,0.9022274129373568,-0.56636446034926,-0.05153667651049519,0.5985943290927502,0.3375379083498478,-0.006878581417146512,-0.051616359118191506,-0.051705087862834835,0.3624077059362359,0.17579323705758032,-0.842752832470639,-1.5778436879057283,-1.4414420729206927,-1.5536141208382817,-1.6677768699383801,-1.6012731316379603
01061045,Huje,5550147.627374202,812486.6970311252,812486.6970311252,812486.6970311252,926108.8462069408,926108.8462069408,926108.8462069408,0.14639010555751938,0.14639010555751938,0.14639010555751938,0.16686202032522993,0.16686202032522993,0.16686202032522993,TRUE,0.7997377257945684,2.043512713342538,-0.9542077776125686,2.8984408388787113,1.0795627425735421,0.6063366587871808,-0.8631516307580128,-1.9398091538121693,0.4135263760758478,-0.5911958340429464,1.1689955265165373,1.225213645049969,1.2678504223292593,1.393170956579873,2.6903853337606015e-4,1.4416069073212474,-0.6040399228427491,1.755544961982415,-0.7322940204989927,-0.2600433405227047,0.07790969169049837,0.4616895079208716,-0.24733854470244898,-0.28695147671928645,-0.34795930900647626,-0.5823074129086399,0.6296808871748459,1.1789198148536915,-1.1267282494005486,-1.2144094802708045,-1.2387365586562646,-1.1893410949075183
01061046,"Itzehoe, Stadt",28567842.61850711,2943113.3507145806,3204372.5596665433,3204372.5596665433,3857783.305231266,3857783.305231266,3857783.305231266,0.10302189738359672,0.112167117498423,0.112167117498423,0.13503936425119054,0.13503936425119054,0.13503936425119054,TRUE,-1.520539014784784,0.3494623301197012,0.9153103674775986,-4.168205984227118,1.2903574417464383,1.8766016599470554,0.7523286804054685,0.26136751286336174,-0.23375614132799735,-0.10967792201662763,0.005855933733550698,-0.770995263858198,0.8167536969398168,-0.5404770429329079,0.4949546927244604,0.30631097600366586,-0.21337251872087404,-0.5615914029075179,-0.42394824989950125,0.07642081538403427,0.21172739862028533,-0.2736204506823703,-0.27912418046451737,0.1838800289738076,-0.17368381336327915,-0.22662226696575832,-0.08525543906249466,-0.1596194651639752,1.3774909584579529,1.4846863738693445,1.5447695050011747,1.4831707691349896
09475141,Köditz,31319439.79387769,719863.9665265578,763469.2551675342,874794.5691331651,874794.5691331651,934321.7866814296,1052516.8229543497,0.02298457351932829,0.02437684901748392,0.02793136067855752,0.02793136067855752,0.02983200826165704,0.03360586363872623,TRUE,0.14461841676296613,-0.7135666879608107,-1.544404259425932,1.470413118827485,1.4336776968179337,0.1565911845997919,-0.7907746884524888,0.7867647466482711,-1.0927994001998718,0.4948841197077277,-0.08774783041736188,-1.1410905503959676,-0.0227364396168604,0.21371174886040978,-0.3145406695066001,0.5216486483329003,-0.47066798540797394,-0.3819834927979248,-0.8038584620784495,0.30499566300383973,-0.08358087299251668,0.4468204478553333,0.0838714818723261,0.06894357075631939,-1.1056105451497655,-0.7684172804620796,-0.7044508435412588,-1.3189078388059472,-0.8725196576834382,-0.9404185477528763,-0.9551401610132637,-0.9170532967251207
01061047,Kaaks,8670248.21754631,654062.8749604041,654062.8749604041,654062.8749604041,1108589.80430751,1108589.80430751,1108589.80430751,0.07543761822605635,0.07543761822605635,0.07543761822605635,0.1278613687280619,0.1278613687280619,0.1278613687280619,TRUE,0.5542984356540543,0.9421163554145683,-0.5857246669698358,2.723826187146945,1.8755298601204078,0.5147929826293768,0.7657605242866057,0.10973907834394339,-1.2364285169522715,-0.6119891147399005,-0.6286892928744077,1.8660264686355632,-1.4575183779908156,-1.5757065038031546,0.28108805720754537,0.09273251366996228,-0.06135654398619925,-0.657093870556356,-0.28385640695911835,-0.3878639807545735,0.44213120790225474,0.5772779846510944,0.046207139766592076,-0.19938629776208536,0.3765861286187677,0.2401323171840018,0.30356337469959566,0.568346419251941,-1.0713248637854969,-1.154694640631509,-1.2852484683109495,-1.2339983104941399
01061049,"Kellinghusen, Stadt",18802158.08857478,5795001.852304674,5955648.116525864,5960169.282931379,6048425.53810532,6248676.174828713,6508870.333031838,0.3082093994213374,0.31675343268945505,0.31699389266134853,0.32168783549270735,0.33233824252471056,0.34617676877139886,TRUE,-1.0111068513856294,0.1981220150057751,0.4819609748363907,-1.9915546113356966,1.5903426889978987,0.9545876467637157,0.5188005124841801,-0.13102037554356663,0.8214522975482017,-0.04865899226582349,-0.06739435452179955,0.0742300475824299,0.03136968211594564,-0.04814795113313714,-0.017869384910232364,-0.29222750471821607,-0.2579227308145361,-0.3535441476021693,-0.0914847395188104,0.5418543746254026,0.1106237433604504,-0.41403006591680214,-0.04251120305409423,-0.01797330585243637,0.13877579877096052,-0.09995238399602799,-0.11034128718115453,-0.2065864352941744,0.4218245159169328,0.4546506146559359,0.4679059706506656,0.44924790146752264
16074031,Großeutersdorf,3439460.8727406063,520866.4191662652,550866.3810803276,560866.4006115776,560866.4006115776,560866.4006115776,570866.411353765,0.15143839061940895,0.16016067676367843,0.16306811484809014,0.16306811484809014,0.16306811484809014,0.16597555037714137,TRUE,-0.23264713569251405,6.353675675262692,-1.063176650130584,1.5735874481354502,1.8254859679612447,-0.785789286554112,-2.087317930135419,-7.565625814305948,0.029670367581688308,-2.6566140964429317,2.7604557026199803,3.320125948661312,-0.7602521906324837,-1.529986576422405,-1.6213887955358224,0.8963081919186243,-0.7720642894315,0.05333836752510845,1.1909797166957974,-0.2864753339694675,-0.3466981186318067,0.618564182199926,-0.3964925046658623,-0.05974220595264289,-0.10120779164835353,0.34478898905713945,1.6859506298131979,3.1565204611330926,-0.6529895073009722,-0.7038047094368665,-0.7475779746345355,-0.7177677938601192
16074011,"Dornburg-Camburg, Stadt",30959506.43321031,2737438.68745282,2841296.418504787,3025585.2473642398,3175573.3069345527,3255566.8069345527,3267306.3974601636,0.08841997185447263,0.09177460321062884,0.09772717965938536,0.10257183246074332,0.10515564303190252,0.10553483481749952,TRUE,-0.8550062909198368,0.2718175622898812,-0.07832591316386203,-1.402616536248334,0.2010609788632775,-1.3114804632709869,-0.8374906766566294,-0.2290738892087816,0.03589172423140895,0.34009198951213976,0.28131861041909845,0.0056750093378436705,-0.17040317597986118,-0.4441014471725852,-0.42597376251816615,-0.00581403360290526,-0.45415847384323516,-0.057139321293154355,0.14848191163664032,-0.19071756759449623,0.1803725504977684,0.3724279390472228,-0.44706878893147445,-0.2962009560222443,0.27279534424801705,0.21687300543215404,-0.22050488059793924,-0.4128401835018289,0.18301284910268173,0.19725478533081206,0.24566526208207617,0.23586919247978327
16074012,Crossen an der Elster,10708845.301631566,1668168.5942885012,1678165.7886244387,1718154.6382338137,1880514.8077937895,1898570.338810697,2108511.498966947,0.15577483354198274,0.15670837904146012,0.1604425677875878,0.17560388210176872,0.1772899211198276,0.1968943839954155,TRUE,-1.0635687500915536,0.48178805043567074,0.7009875097039445,-3.297924531473936,0.0880434130300118,0.23438139552607082,-0.39907560733517256,-0.5515512349944593,0.11935261360992186,-0.03861346506069443,0.17955504708979933,0.9234137167876655,1.3845479191781074,0.4256504255133668,-0.18745120021852169,0.19958740256398613,0.08221782334069178,0.20291851412646886,0.1274479192279938,0.3608011940664883,-0.6559490442709263,0.15623233070614284,-0.108676538187362,-0.023525488900420395,-0.010623327595016016,0.5281026001045784,0.03973560334935389,0.07439496909918498,1.0986513301699112,1.184147634161395,1.2457876988588545,1.196111066093314
01061050,Kiebitzreihe,8537781.395210117,6664241.689745587,6664241.689745587,6664241.689745587,7279371.928957942,7279371.928957942,7279371.928957942,0.7805589510038724,0.7805589510038724,0.7805589510038724,0.8526069703590478,0.8526069703590478,0.8526069703590478,TRUE,-0.5907947121399171,-0.2118692693631184,-2.288639254765914,1.8509314577890736,3.9816304136961502,-0.420580642763938,-0.9466186519432013,1.3550712448354276,-1.0496506357828994,0.18018131193904452,-0.11233102663157556,0.3097987316358197,1.224474748421515,0.3057437470380643,0.4597298711016583,-0.36648897207420833,0.09844700261366211,0.25263491866184407,0.05021859168928684,0.48905850267325246,0.49116783636851297,0.17362574224354815,0.07351398174426507,1.2972650947520115,-0.23623873700424602,-0.3387439989576146,-1.0304344120896498,-1.9292304579387434,-1.6755846809935073,-1.805977548426289,-1.8822382339128454,-1.8071827026943261
01061052,Kleve,5626614.1739385575,1959893.2396347043,1959893.2396347043,1959893.2396347043,2338238.2946247044,2338238.2946247044,2338238.2946247044,0.3483255078538297,0.3483255078538297,0.3483255078538297,0.4155675548991779,0.4155675548991779,0.4155675548991779,TRUE,1.1138504693363418,1.060194822135118,-0.6147224862938715,3.188329833098888,0.9751553267407134,1.89747246115649,-0.09678431964611883,-1.0704819888310224,-0.7974633791080336,-0.7419324525351093,0.38404018002328244,1.3707228289950755,-0.6796769136587947,0.5956503699115031,0.9392889483607227,1.28237238202898,-1.1353300048392971,0.5323277189720406,0.662146661236117,0.5412868575812243,0.21882173840398614,0.1340202056074369,-0.3253579781846047,-0.14665330638640878,-0.8707266600090617,-0.018245286388602424,0.5197742683925295,0.9731471873131238,-0.9252548643696153,-0.997257572582338,-1.0687842065579507,-1.0261657085719593
01061053,Kollmoor,3447398.111286644,1016764.924954137,1016764.924954137,1795631.9448604437,2005792.0991573185,2261694.8502329453,3134617.234972281,0.2949369037551216,0.2949369037551216,0.5208658492274554,0.5818278117025228,0.6560585047686389,0.909270450868343,TRUE,0.7454123502314054,0.6297552149162664,-1.1098755900096726,3.1244580431727944,2.260106362657675,3.2505590275322263,-2.666828954694651,0.49883910769674017,2.4866130329756873,0.5266854716612778,-0.12035604841006067,0.28578784732943363,0.3318866222712511,-1.0449949116226749,-0.9555649866904904,1.7314163652803152,1.7198915282239629,1.8935409374484613,0.08383141209563146,-0.8430937430254386,-0.6226023867475478,-0.09055828199718227,0.2401789877820722,0.2471961449140809,-0.9355171667096702,-0.9216201611123844,0.08843065837933306,0.165564268389498,-1.611519117383763,-1.7369264459550777,-1.7874470048284365,-1.7161713384142767
01061054,Krempdorf,5463125.091281552,5202889.5021602325,5214686.688751783,5214686.688751783,5438631.2635325985,5438631.2635325985,5438631.2635325985,0.952365068569156,0.9545244894856528,0.9545244894856528,0.9955165171326495,0.9955165171326495,0.9955165171326495,TRUE,-0.2710636903765027,-0.262769660723127,0.026957275578712008,1.4824992569502464,1.8748508489459377,-0.1218266518553721,1.8659403967157218,0.8673102899902104,1.6158193492328807,0.3899674781377099,-0.5209715121994566,-0.9347333719714102,-1.5768041786657012,-1.093247510483278,-0.8458318248144129,0.26367860878203697,0.5938083529409441,1.033901303314815,0.6293580381504232,0.052952944157405736,0.441424714131447,0.2071167114226476,-0.10485698999894162,-0.16804565414565958,-0.21455781356735354,0.006746549901715034,-0.1689586918403059,-0.3163328501139432,-0.9361247604143854,-1.0089733565909045,-1.0597010400390476,-1.0174447395028474
01061055,"Krempe, Stadt",3548555.553975174,2916773.9514648756,3046874.700488313,3046874.700488313,3237714.9662101474,3237714.9662101474,3237714.9662101474,0.8219609097559253,0.8586239257477971,0.8586239257477971,0.9124036292973304,0.9124036292973304,0.9124036292973304,TRUE,-1.1106086386091525,0.1435486025802145,0.39394222271117796,-1.4168644843281115,1.6239529286262064,-0.17373006410015293,0.6109080679604908,-0.3316611566990342,0.96232927921136,-0.06990676336816279,-0.07644279018075881,0.5098238877165595,0.2317465481641038,-0.7619801875243467,-0.2965038316093422,-0.7938743332117422,-0.23874431286263137,-0.37487712587403627,-0.26215709138465737,-0.3161714686001376,-0.11661851479976736,0.04788285084948925,-0.18351483221624235,-0.04131749712129981,-0.12581545192688182,-0.036103026043679626,-0.19103927110592,-0.3576732067134152,0.10813405306537463,0.11654897199263677,0.11257848997394317,0.10808934603002922
01061034,Heiligenstedten,9192732.4144548,6482577.548463835,6688250.882037572,6688250.882037572,7081326.182535376,7081326.182535376,7081326.182535376,0.7051850588265277,0.7275585299884134,0.7275585299884134,0.770317884092937,0.770317884092937,0.770317884092937,TRUE,-1.0221601543134737,-0.20556826264550696,-1.6347999926276624,0.12591020115578808,3.7750181948996517,-0.09693409907475052,-0.7130351693609877,0.5224410083483312,-0.6747283620812098,0.251996375685637,-0.3088924118783527,-0.48445452278809287,0.4795851650000561,-0.5434934604050875,0.16277467706234514,0.2790051320050167,-0.4203207910665323,-0.07176190009741623,-0.7436078017642048,0.17110879260016396,-0.2006476490502398,5.116948487182947e-5,-0.4084368483496886,0.14490363831782824,-0.0664896551863583,-0.1466669745325867,-0.954176136528881,-1.786455928909407,-0.9558781406667476,-1.0302639315442044,-1.0784652892369244,-1.03546075148713
01061035,Heiligenstedtenerkamp,866469.5967660844,270096.0484642081,360856.4729561228,360856.4729561228,472107.6041282369,472107.6041282369,472107.6041282369,0.31172016822319537,0.4164675532793577,0.4164675532793577,0.544863438821488,0.544863438821488,0.544863438821488,TRUE,-0.5831055548521092,-1.0280776540575247,-0.8715659605646646,0.23952875575843466,2.0860130520164772,-0.149069062820727,-0.8875649698014383,0.6420945779635971,0.3652558989193052,0.48701861121072965,-0.22326855021260084,0.3847920561205878,-0.9973995470950889,0.5200805163352143,0.22056050670364802,-0.7921920617626783,-0.43270135869635773,0.7715111295225535,0.45299008845664873,0.41077771830044907,-0.521404489926623,0.3161783645728208,0.45162439495090534,-0.4315651494373897,-1.1644726188585854,-0.30955956266470114,-0.8275830564914329,-1.5494420802771143,-0.7246570188761929,-0.7810493383264591,-0.7972054009692499,-0.7654162927777571
01061037,Herzhorn,12557003.167572334,12313350.270515032,12313350.270515032,12313350.270515032,12516400.568552896,12516400.568552896,12516400.568552896,0.9805962542331342,0.9805962542331342,0.9805962542331342,0.9967665374868828,0.9967665374868828,0.9967665374868828,TRUE,-0.6679372064917832,1.3202049641839946,-1.2081562797609802,1.0754034040719052,2.701244288424969,-0.5699183153776205,-0.10457922430272885,-0.6504622160870529,-1.050258036733069,-0.5891130625715413,0.7440577030717301,0.6864332009851003,2.243389145912062,-0.7126894721291808,0.8008426016039087,0.42366091097816816,-0.8135637793327367,0.8814254777392533,0.07226635675557853,-0.040885745747061816,-0.8225355625863389,-0.1261557310557275,-0.3170900699325322,0.058296162470348384,0.02239497077264047,-0.16422110084172206,-0.18529617402292295,-0.34692069526249414,-0.9348891985879118,-1.0076416441781477,-1.0479123378119997,-1.0061261198041882
01061039,Hodorf,7392725.059782365,6501307.298273993,6816988.298025478,6816988.298025478,7195217.35223954,7195217.35223954,7195217.35223954,0.879419597739698,0.9221211722198368,0.9221211722198368,0.973283504263225,0.973283504263225,0.973283504263225,TRUE,0.4017617703028829,-2.883023294372314,-1.5209622648927676,2.8160738255328015,2.9846681745009453,1.4579294910318537,-1.99915862908877,0.6176667903081906,1.7456909363186242,1.4986584981452593,-1.4864083424321695,-0.18260129120144158,1.3518933243276647,1.4727034881207801,0.553777141602045,-0.9588490653601321,-1.1818730820455459,1.7366578708092733,-0.8785761916254871,-0.8445610677180371,-0.5273907554404161,0.6439611987540946,-0.3677862567821445,-0.30932085746856774,0.33191045636094524,0.703994677458006,-1.3340745963207332,-2.4977206838084247,-1.7701161172785185,-1.9078653571940285,-1.9830190434946313,-1.9039448088710342
15091010,"Annaburg, Stadt",226459216.16960227,73820959.19336377,83015632.52847677,89346659.22022584,92518251.02356288,94501005.04327384,97333707.04211812,0.3259790457725376,0.3665809408538437,0.3945375274694556,0.4085426620671208,0.4172981194657988,0.42980678237984327,TRUE,0.16345070699103567,0.03063542934679826,1.3611461706424772,-1.5122476227915553,-1.8814236587743407,0.3121029990596823,0.43698957413449696,-0.30129994556017714,0.4524889824197082,0.42949184447401906,-0.6792078700466435,0.9141322097047757,0.027824906077812985,0.2710132837455953,-0.1705743347890556,-0.5559075942408915,0.30272445259778424,-0.37084013015394196,0.22380925050790643,0.5764761244759573,0.38645824564893133,-0.7565933412306054,-0.20689801328476318,0.5898774222593292,0.011412701318226751,0.06725670480382266,0.5184107689934371,0.9705943760528944,1.0037210215951173,1.0818299131318594,1.118687888335982,1.0740794470590058
16074044,"Kahla, Stadt",7954803.884107791,884510.3768262983,1002278.5226173478,1042277.8360939104,1052277.6505470353,1122276.5812110978,1142276.2101173478,0.11119197779261214,0.1259966351426605,0.13102495690386362,0.13228203559477927,0.14108161528069804,0.14359577266252935,TRUE,-1.5703208024547475,-0.45273567144221183,1.3193680900832394,-4.613419032139707,-0.652192504130751,0.7594211696491612,-0.39803617184757134,0.2826851228273533,0.49932166433986064,0.1978507275109638,0.2703734012787811,-0.3656793863544678,0.8354966249672741,-1.0341364258841368,0.6451750817303188,-0.24445335004343832,0.3044063391873994,-0.5062138865545713,0.03396005422475718,0.6032376596136836,-0.7903717175156076,0.6614853776786673,-0.631023996626512,0.33851250405463335,0.025577850716230335,0.20372076048412924,-0.23456279460457333,-0.4391601079516371,1.6630758262169367,1.7924952630251019,1.9028051661859837,1.8269295145387732
16074048,Kleineutersdorf,5347650.252812287,454107.9618106215,454107.9618106215,454107.9618106215,454107.9618106215,454107.9618106215,454107.9618106215,0.08491728896664656,0.08491728896664656,0.08491728896664656,0.08491728896664656,0.08491728896664656,0.08491728896664656,TRUE,-0.35720622931091367,-0.801347585587716,0.127197803244219,0.9700936989943856,0.44482124909870013,-1.278051809492031,0.6070612004173375,1.8482914806191506,0.6106913944880459,0.4501606645849575,-0.32594659076475224,0.5460675573859576,-2.303993067202338,-1.4274372881479296,0.4676030454275455,-1.4873589957923263,0.8287561078861855,0.6059485326502735,1.3047286416400965,0.8761047131482577,0.5322478624158998,0.3606408162476518,-0.26999649821609456,0.070979182627317,0.12409188064437966,0.01662667563029428,-0.3437853372181369,-0.6436519741309534,-0.6985016608939345,-0.7528585880630924,-0.7763411678182117,-0.7453840351303527
01061040,Hohenaspe,14162362.029041514,0,0,0,98392.19495639736,98392.19495639736,98392.19495639736,0,0,0,0.00694744243612987,0.00694744243612987,0.00694744243612987,TRUE,-0.8188918965093128,-0.4520545975567161,-1.927689646746909,0.7573297922714884,3.5131630452888216,-0.26521904461829726,-1.4405847895431672,0.6861984041082425,-0.4466690181700494,0.2553298315310057,0.15111583755137706,-0.4347075056506715,0.9380426457283751,-0.4557862329499076,0.26431932273378794,0.013101967595899771,-0.04862826056013328,0.1583181428108487,-0.39405907855455086,-0.4018151231527612,-0.09397747140187467,0.28578016452377786,1.1301344284211905,0.3321976514800451,0.5738217048746947,0.16508112681425513,-1.066212046937646,-1.9962151219328255,-1.2363386668632659,-1.332549706340386,-1.3666618208139845,-1.312165250130673
01061041,Hohenfelde,17820565.163690515,2840682.6351014934,6058535.6955392845,6058535.6955392845,8463677.240353191,9267012.485007731,9267012.485007731,0.15940474440672608,0.33997438576659617,0.33997438576659617,0.47493876667828544,0.520017878214621,0.520017878214621,TRUE,0.4515365939596616,-0.85266446754224,-0.7586978412227606,1.7978066189726114,1.1756886083294538,0.6225403702006777,-0.1606124727459567,0.346576543992291,-0.08767671345002072,-0.08293339707484355,-0.05221013123746,0.5453120923608267,-0.11934534150528658,0.5484853674601077,0.4915117112478522,0.5872859355362918,-0.3229173118249574,-1.6636733020347165,-1.1669296722429015,-0.07832465163485013,-0.13372717618504218,-0.013256442361508563,-0.13138220081365004,-0.4194093355139972,-0.1789942986601261,-0.041665571052388446,-0.3866085716017797,-0.7238277593251163,-0.8178886727209492,-0.8815362164628997,-0.9299969864593302,-0.8929127233768498
01061044,Horst (Holstein),29058228.39814709,4553145.642051838,4553145.642051838,4553145.642051838,6011082.623064851,6328596.865765991,6328596.865765991,0.15669040726316855,0.15669040726316855,0.15669040726316855,0.2068633552157003,0.2177901824933531,0.2177901824933531,TRUE,-0.7248508851066957,0.43684728236939196,-1.1202855174731035,0.7505596877971131,3.5679744198225043,-0.3918104784172594,0.7384172934730516,-0.3670366700833275,0.19442361017478335,-0.05053111478420442,-0.5029747454308737,0.32002290561077157,0.45933474951529935,0.08294678071626375,-0.2972718750810827,-0.7169701156958497,0.15841076780008728,-0.09756779166691278,-0.2290195104638213,-0.13158581458308435,0.10843185155289817,0.19981602733875453,-0.17143806621277013,-0.11527210756660236,0.08120073499120446,-0.11779247401542714,-0.46942970673680245,-0.8788895998351994,-0.9959051770986899,-1.07340584489905,-1.1553353393224883,-1.1092655559836846
12073384,"Lychen, Stadt",112021774.56824146,155229.58991947136,170774.84828509134,170774.84828509134,170774.84828509134,170774.84828509134,170774.84828509134,0.00138570907770175,0.00152447904832161,0.00152447904832161,0.00152447904832161,0.00152447904832161,0.00152447904832161,TRUE,-0.2549006876117099,0.14867316736669584,1.597629874288878,-3.4950175343262933,-1.642885911783989,1.5531387490848336,-0.5651006287054825,0.9917085064533694,0.6612172438248483,-0.764260793986776,-0.8712148063892765,0.6602309151894774,-0.3085678262255193,0.13096358701393254,-0.2960325225643342,-0.10374875200831037,0.8654433926247348,0.11977060601423997,1.0058593693335969,1.2345894481870345,-0.5603433514794353,0.19073761640767894,-0.03268388709262989,-0.31191388823562716,-0.2678970456012588,-0.06552621195724428,0.4971341180146213,0.9307591738996377,1.6480669417707892,1.7763183973350938,1.7534627863811596,1.6835422638178947
16074033,Großpürschütz,3845635.347057186,441341.940001947,478268.03407439415,478268.03407439415,489878.4548256841,499878.2692788091,499878.2692788091,0.11476437575904776,0.12436645467188703,0.12436645467188703,0.12738557107359544,0.12998587337755085,0.12998587337755085,TRUE,-0.32143798649030164,-2.179551799854695,0.3574381014786979,2.974240545166689,1.5064849224946153,-1.1138850589034377,-0.1847213614172347,2.3801432634978723,2.0583603402560056,0.8933469029578227,-0.42157705069424717,0.6629790272686216,-2.7413177336732715,-2.8085564816243633,0.31155991230429114,-1.3734357635682355,-2.2399445105465,2.346369949431065,0.6995138972650733,-0.06278981270455339,1.0651540440299243,0.011282246037882438,-0.27733010395429597,-0.033377035117209145,0.04228311001560377,0.55858977388786,-0.7145172282887663,-1.3377546240339737,-1.8007020973787669,-1.940831517594176,-1.9941330487556137,-1.9146156356045596
15086080,"Jerichow, Stadt",271779195.4181777,47786521.665607266,56282644.09156792,65641819.44841093,70587779.52849671,75069809.44211234,94237116.08967452,0.17582847573038,0.20708959714509295,0.2415262851426505,0.2597247350735792,0.2762161736721786,0.346741463947139,TRUE,0.6953923839770967,-0.009866796065712759,0.7083358386305978,0.14701201018782248,-2.1424696663566114,-0.672561746488376,0.33502269122660744,-0.1680386731816359,0.13534915978948941,-1.1287465952391942,0.33469831050391274,0.21426593193390875,-0.14388959647649996,0.5444834403381033,0.1895064200224169,0.04418386264815806,-0.0024660351753732148,-0.15940963160364108,-0.41332258563503654,-0.187745995292981,0.03388638451196955,-0.2892005199248803,-0.033366956384900434,0.04556934956369266,-0.08829937588198969,-0.0014033240747886918,0.46462047551399394,0.8698855184056046,0.4368792968531414,0.4708769484698425,0.4369069700885328,0.4194850071604399
15083440,Rogätz,24048270.15792652,4675225.993283206,4883605.3277135305,5018818.544737727,5399301.222785094,5549290.948371029,5559290.255988217,0.19441007451183384,0.20307511915171375,0.20869769475221403,0.2245193183263303,0.23075634596286895,0.23117214749668075,TRUE,-0.13099434670435173,-0.07095066976960396,-0.7573787608099665,0.6445621267592762,0.022309120401854284,-1.1399070325874272,-0.27327441151378834,-0.5231079549739748,0.06883156523790383,0.1246815557135394,0.7705369582694442,-0.7385682707435428,-0.08042972135245394,0.37857198124627317,-0.01839631508228137,0.15504583647267386,0.6533893927012858,0.05827521387190244,-0.44321806575208894,-0.8504331757945232,0.26121496229717556,1.1365741983648718,0.030296098138437647,2.5608377364823465,0.0017689008829576574,0.08398866529967772,-0.31977459242797407,-0.5986978658213932,-0.3883200572498732,-0.4185388616593586,-0.383033142723289,-0.3677594353447965
16074065,"Orlamünde, Stadt",7560925.23904848,915895.609096788,934739.6861611672,962866.0949097654,962866.0949097654,972866.3429566404,992866.549011328,0.12113538755371304,0.1236276853173596,0.1273476544824214,0.1273476544824214,0.12867027674500228,0.1313154829099034,TRUE,-0.08664300041048398,-0.2507165513200133,-0.05364274300640299,0.34253780691208463,-0.9959324276599995,-0.7200151995418208,0.2026084203893262,0.15990939165412038,-0.47779381376791724,-0.007452233646009262,1.2129803031494995,-0.9343041265251275,0.2607239564238342,-0.29426088867712086,1.3454041133512809,1.1575071649722162,-0.242411967584533,0.7786056975530287,0.14615055339140678,-0.41250820845628206,-0.7876310022996701,-0.01475663882251578,-0.5398477770221137,1.5782294661339318,-0.2075990395861375,0.02777795218871462,-0.1303340982456334,-0.24401796862892455,-0.001153065661918052,-0.0012427964524303215,0.07076438419500743,0.06794260619081369
09475181,Töpen,20756111.096766166,62887.13455337945,69271.57729499534,145437.91280953062,154722.86433950215,170090.1894930915,211745.9280977289,0.00302981296738083,0.00333740636538546,0.00700699240486287,0.00745432820330241,0.00819470413798237,0.01020161855515984,TRUE,0.8144722324852129,-1.2982812670366832,-1.3704479813671953,2.3753048846771145,-0.24021770874917003,-0.3660445791787989,-0.848720906111685,1.5974032403416516,-0.5419575299288077,0.6799592293596807,0.417608143460723,-1.390189414620365,0.2955357736966849,0.7637735309633119,-2.296865975610839,0.20028678579139475,-0.04378347809371772,-0.8976497426552725,-1.3378423902462557,0.7285017196662196,0.15488748294134846,0.3453058923803748,0.26260793746951133,-0.041189011194542324,-1.0255133396045768,-0.6737527313488317,-0.6180856719728886,-1.1572106773564235,-0.9907180238244346,-1.0678150308627243,-1.0457200846996275,-1.0040212842774066
14730020,"Bad Düben, Stadt",45728575.43340838,11613123.244498206,12130552.04763007,12661886.591703366,12926203.461784976,13014279.926897326,13054253.576311387,0.25395768694805854,0.26527290501964185,0.27689221611860765,0.28267234085628984,0.2845984114648224,0.2854725617971955,TRUE,-1.138776424761921,1.2041031144507617,0.7391180407497541,-3.1388870441387424,-0.1552347581562276,-0.43703222466086633,0.12479686171199401,0.38046616693306845,-1.0881421401748583,0.016385727290458195,-0.11833725570928345,0.7574667296793508,-0.15790119677720546,-1.0300036879215042,0.35624273716667054,-0.29196447211184995,0.013809338898619856,-0.478651818026283,0.6581293205450988,-0.2037126820434706,0.1909635469407254,0.025246485726911745,-0.37322540421785655,0.2305796812528725,0.19052782106302601,-0.3236599855182675,0.2681482434795316,0.502040452545056,1.088042997274435,1.1727137679696236,1.2196845501444282,1.1710487982078592
12061428,Schlepzig/Słopišća,30508224.72965719,10919002.476215389,11629112.788725397,11707776.534457551,11814772.387560446,11914313.10729471,11958185.860126344,0.35790356774188087,0.381179596380142,0.38375804027287,0.38726515529024697,0.390527905601559,0.3919659687212719,TRUE,-0.6635241309837633,1.7358213751273528,-0.8493437518613385,1.035250050479502,0.10287206175561311,-2.1007730973524366,-1.3308608842852272,-1.4272534621667903,-1.3788401257825291,-0.5317278426783095,1.555717404869725,-0.445413992961625,3.1025980982118044,-3.1620622573202777,0.7729504866618159,0.28500041728562847,-0.8520643236032942,-0.42122578793114107,0.16344046261909206,0.7683967956083214,1.7155425114994565,1.2694082953965666,-0.6763950840975055,-0.6879525217460145,0.21458889508741186,-0.19667806368255722,0.07431783076075038,0.13914153194944207,-0.5819414623422581,-0.6272277536372113,-0.5979405487030732,-0.5740972621778033
15090135,Eichstedt (Altmark),33092416.667359404,5288411.511200737,6057410.684774666,6449577.890778864,7180766.953276611,7290754.837065672,7938591.559345116,0.15980735297633747,0.18304528030282455,0.19489594717754125,0.21699131331074217,0.22031497156437307,0.2398915630472923,TRUE,0.9785768387432925,0.8792343967634682,0.7433698786133169,1.271502884388479,-1.80704357292129,-0.081127764941991,1.1728792288650358,-0.664253310775971,-0.9072445905530425,-0.47777532334543044,0.5982300275842332,0.7819864187262499,-0.9441329025507604,-0.2472331752792815,-0.26444682388604007,0.44725897546792837,-0.6839496252714065,0.19716167270060564,-0.6317021174365967,0.09068233300412779,0.6819575017486198,-0.41528844497869744,0.7647295036924064,0.07901599602121895,0.029387439963317746,0.045419008739464264,0.8670603713733591,1.6233534688859257,0.16950110333084373,0.1826915646349087,0.19487344099070414,0.18710272983926154
15084315,"Lützen, Stadt",97066621.0122074,287934.1774381701,335475.18650993233,346960.6419971899,346960.6419971899,376951.87539562746,426937.0755909399,0.00296635624518091,0.00345613335471667,0.0035744588446481,0.0035744588446481,0.00388343460877473,0.00439839227057514,TRUE,-0.3232010522279733,-0.16748910429473146,-0.17059907174177985,-0.3428355077729191,-0.2625434904404152,-1.5454761527105343,0.07980209625989453,-0.19396526512075826,-0.1317756045486241,0.16891184302187412,0.4066852055301686,-0.02974357043364612,-0.5452563633807759,0.04284258945745644,-0.2989706868264549,-0.08854156808881665,0.21875099618698013,-0.13042619565096927,-0.1675640157757474,-0.3772298063239827,-0.19868965478974776,0.21109885165320855,0.05736803826248811,0.241107924603661,0.05523744561087388,0.30871418427902075,-0.2204297427548282,-0.4126995067020512,-0.006514828515424448,-0.007021808067454836,0.02825052242669393,0.027124013608770054
14730010,Arzberg,58694154.26545706,43565112.0558394,46975805.81220544,47619942.06268424,47809711.198426425,48002429.096675456,48381964.73730046,0.7422393695087031,0.800348968310322,0.811323421533816,0.814556607838604,0.8178400336015414,0.824306361387925,TRUE,-0.16433277436704294,-0.07609241790673806,0.9003034888080814,-0.7453314270781641,-1.425059320146108,-1.0394353042194575,1.3123439363683886,0.1829061243944654,-0.5832427864435157,0.01490600778526753,0.049523142674999084,0.6797499109821152,1.0081781762102804,-0.29263383205228816,0.4182233654139508,-1.1291985682171504,-0.3320759761538112,-0.03419978204677481,0.21935311138812844,0.4848279362108103,-0.42790778820046554,0.1812718720954128,0.33964234201941834,0.058207746630926246,-0.12196654688987575,-0.18567118289463425,0.21995943217810013,0.41181896789369127,0.5776934393778967,0.6226491523967851,0.6547229123947849,0.6286153904534353
16074063,Neuengönna,6143099.034534556,2128378.6113721677,2178375.8672315427,2183989.5617142916,2293984.266792416,2293984.266792416,2293984.266792416,0.34646659599773627,0.3546053636748169,0.35551918493200163,0.3734245946380424,0.3734245946380424,0.3734245946380424,TRUE,2.6375291940573398,0.1488850728927496,-0.20548325446934448,0.6415138236580985,-1.0857414863519304,-3.0476663241616633,-1.4852466038084262,1.4443517906384276,0.3337935551192864,-11.69972106436465,-5.322588955203688,-1.9540812935185126,-2.2833234621709786,-0.1246243392975383,-0.07688324866781099,0.12297820956296306,-0.48278770387482356,0.09247775043985444,-1.3533532408378655,-0.10099297623731762,-0.4567139588943816,0.15742257223570444,-0.06643522697190883,-0.2944744183139169,0.27354089026010336,-0.10388170958773058,0.8603103374935817,1.610715720378889,0.4133404048462434,0.44550627579570296,-0.6328104398858375,-0.6075766927062786
15088295,Petersberg,102954141.65711084,817244.1535949722,824237.5383734675,839272.798006386,1095020.7135912648,1105018.6589037648,1114452.574675583,0.00793794344201136,0.00800587062459899,0.00815190903928457,0.01063600449643138,0.0107331151629046,0.01082474737526608,TRUE,-0.264612622993694,-0.9911456702577468,-0.4509348029717716,0.3439062251502505,0.10752970459556768,-1.8481900485910634,-0.42197135982176703,0.13066137719566406,0.09477634497616647,0.5310318761041493,0.06990062122340623,0.180062143195366,-0.3379553115679532,0.029883973609953852,0.4325963868132149,-0.5888729082982119,0.10039809854837028,0.3987017584509676,-0.33991038699466297,-0.39861546843509643,-0.04217984838158964,-0.021431764424646785,0.09016250710413114,-0.025321638651507026,-0.2146861078215075,0.25115168505434277,-0.5688976987410709,-1.0651185121397575,-0.4350903764129574,-0.46894881545004335,-0.45053935704824255,-0.43257379340765634
12067124,"Erkner, Stadt",17688814.325164415,4039536.3374951766,4039536.3374951766,4472131.707939,4472131.707939,4472131.707939,5277854.415156623,0.2283667103536986,0.2283667103536986,0.2528225818718029,0.2528225818718029,0.2528225818718029,0.2983724244110729,TRUE,-1.2679176256487954,0.7394246407399269,-0.4155458466710168,-2.800555460211543,0.9154545876665181,-0.32852030027992946,-1.4152335030971113,0.37751499219781043,-0.8996873894638385,0.34438911028076563,0.29754464763841687,-0.42571152084629016,-0.7173885930694972,-0.4620330469518863,-0.07452514798988338,0.2944817556448372,-0.1592035740746325,0.20753534068271953,-0.15913057076029555,0.38936362707088334,-0.2862011218459809,0.359564248494439,-0.25042640295722246,0.0019870055595424094,0.18544870993589976,-0.5044953652391491,-0.31467961052662846,-0.5891587877865386,0.5677047665558064,0.6118831678065136,0.6802745003780607,0.6531480914674592
15089130,Giersleben,19958084.980569933,436871.3170181277,436871.3170181277,436871.3170181277,436871.3170181277,436871.3170181277,436871.3170181277,0.02188944066745086,0.02188944066745086,0.02188944066745086,0.02188944066745086,0.02188944066745086,0.02188944066745086,TRUE,-0.3259743981939082,-0.7677549823420924,0.8850061144203408,-0.7598209918119958,-1.0978399631739157,-1.6822207721484443,0.7914084426719074,0.07797585455398635,1.113336546871955,0.5002575171599635,-0.23592663512529194,0.21751171091408794,-0.9226117991063546,-0.6540928557284109,-0.4638510122955403,-0.5882049405868418,0.26293586037691496,-0.1427720724455521,0.0729663026969844,-0.19376760311145536,-0.12364322966840996,0.044272262455284435,1.266904973149445,-0.014893116717139165,0.017848639887474406,0.2086202382823349,-0.06957442203855328,-0.13026068667297538,0.28117885688039784,0.3030600054883976,0.3359854364243064,0.32258778836989965
12068052,Breddin,44818504.18544727,103585.99827091384,590290.5319241168,635049.2769072131,635049.2769072131,989922.5050137012,1564101.7252773526,0.00231123283013422,0.01317068792572033,0.01416935456568441,0.01416935456568441,0.02208736152633877,0.03489857043879706,TRUE,-0.17126380405445363,0.20752887070718015,1.6203221222610769,-1.1744154222607428,-2.3584163676628784,0.4292317903569841,0.6921127018631833,1.404731457978321,0.10247753949739145,0.21795775450443425,0.07904781157727399,0.19485196382962794,2.1123113318642748,-1.6160677273333734,0.6908374361574121,1.0317793811643305,-0.66454294480565,-0.2301954699649043,1.133361554765679,-0.8506998633479238,-1.1001812390993344,1.3888761926564603,1.387644905489594,0.5390929524658634,0.1864084987484213,-0.5490411378703082,0.5521957296379344,1.033848256485175,0.9062326195364409,0.97675502951241,1.0401233866870554,0.9986477584089524
14730045,"Belgern-Schildau, Stadt",158994760.30683702,19936727.77434164,20688201.102072656,20891785.6327706,20959604.56828217,21149164.747778147,21568638.18820783,0.12539235718124686,0.13011876027956773,0.13139920832895663,0.13182575657105394,0.13301799824700702,0.1356562829277107,TRUE,-0.022090111743628033,0.46163504838212205,0.6229221665161033,-0.23786682353053334,-1.319992351547113,-1.3461983723323427,0.6871165731693484,0.04256228485045423,0.020928101793372764,-0.28822901059913936,0.33016738817714264,1.0260417547683098,-0.7972622608279484,0.016037163849885065,0.028589759420879796,-0.6368835674556603,0.4899402311427318,-0.3645473863645383,0.30545856041896097,0.24904867423426774,0.4045419791639026,0.25217513095446836,-0.5042635936194289,0.7952486758892534,-0.15057451416709802,-0.16240563804942137,0.35415570105153243,0.6630678840933554,0.27412069744688383,0.2954525848580171,0.30932842426713086,0.2969937427236084
12066272,"Ruhland, Stadt",37115648.184359506,1331123.4042212204,1488798.0564366283,1768243.864053816,2266625.158360435,2397878.750274847,2818346.359424399,0.03586421009298591,0.04011240889668757,0.04764146527283207,0.06106925971228461,0.06460560080654365,0.07593418133034377,TRUE,-0.7491182248119548,0.8594704885295562,-0.19826228042093774,-1.2193668462786569,0.7685464366779023,-0.9760981490657946,0.12994824728877177,0.8128413731221401,-0.8395859364084486,0.04354611913874944,0.006885000358023988,0.688255595431381,-0.7878389233145049,-0.17392918063351348,-0.40119179757332746,0.17688723723922972,0.12520096836286831,-0.3076580140124785,0.606733011825664,0.13197562693830037,-0.3070055331126197,0.2073063883660457,0.21596307759707742,-0.08535462348782394,0.0812654273412598,-0.33391791642499763,-0.029303338901112103,-0.05486316573286971,0.12405148905723222,0.13370509209559844,0.1430580732257954,0.13735353514575702
14729030,Bennewitz,46839894.28818876,11939473.418013737,12394367.696226813,13267636.668675711,13617346.1325429,13841436.32878084,13941691.668572178,0.25489966618102333,0.2646113507423564,0.2832550514961624,0.290721111554188,0.29550528537958554,0.29764566894182215,TRUE,-0.5035667309125734,0.1578946311362968,-0.4998337047399375,-0.11719474981471499,0.7119882424568782,-1.395598259481644,0.20830570415445196,0.1532863298527351,-0.0403387188244616,0.1475080774988869,0.3250447806326154,-0.008783170839752875,-0.18113827999445817,0.20749822844087065,-0.2343157445982483,-0.40902299509378987,0.5774235640384081,0.017199415200241038,0.4772701585223151,-0.1649840650534642,0.06284831464542419,0.13059235353622833,0.2705943522065981,0.036502247376295094,0.12818822416415623,0.03510746323197056,-0.2818352681720714,-0.5276659796097615,-0.2984947986217528,-0.32172346211310393,-0.30697311028745655,-0.2947323484926386
14730030,Beilrode,93148533.26990645,41514471.81947824,46239536.15653968,49421358.200378805,50509428.08503415,51086347.797794715,52245033.59759942,0.44568035976676346,0.49640648685853567,0.5305650713487445,0.5422460913976868,0.5484396372594224,0.5608787574380225,TRUE,-0.1964637914194134,0.40380968754233887,0.4678096428511182,-0.28519373056931346,-0.4980676692904045,-1.1409586318341955,0.7145565606554732,-0.19306288627977852,0.08222841637518527,0.07989366368114104,-0.04373806209902643,0.8323832553615427,-0.01057279986122628,0.1467537091472635,0.2597392208853923,-0.23438723882608983,-0.18019971539360122,-0.27621683102961425,0.3442469232316382,0.25331244656907514,0.38441070151311535,-0.04319074726722858,-0.40049738500460164,0.225396131237246,0.19572230510990424,-0.027077497719653277,0.22505184632468123,0.4213532384506102,0.1412152655115753,0.15220454203349834,0.16178800894368608,0.15533660192343252
15089165,"Güsten, Stadt",36360785.02522749,4113619.690953864,4757529.389357438,5227146.073980253,5494552.340603953,5674867.391731913,5884870.734505351,0.11313341249645166,0.13084231778980063,0.14375778934238095,0.15111203833447975,0.15607109108878237,0.1618466358859515,TRUE,-0.33742497329775595,-0.14322787831225203,0.970204452192735,-2.6605696948072324,-1.1251350939087512,-1.2510899837856515,0.2946592642998961,-1.3130138564540934,0.1852345299897712,1.3448986212099827,-2.1458612877936765,0.25422571035390296,-0.21078848048283672,0.3851127510992631,0.16722878732669347,-0.17876687676967623,-0.23449919101970126,0.25384629302326833,-0.5116069455812123,0.14162966386971956,0.2677649153527212,-0.676715335039917,0.06273436278100075,-0.05537140324648922,0.09523352243804936,-0.04196139835170046,0.163183866860909,0.3055209361203831,1.137496958857667,1.2260162034198552,1.2426821313009313,1.1931293351563856
03357057,"Zeven, Stadt",74120976.34546544,614325.7493099957,614325.7493099957,1091019.2500582926,1096619.7638274406,1096619.7638274406,1096619.7638274406,0.00828814971954398,0.00828814971954398,0.01471943981111682,0.014794998904443451,0.014794998904443451,0.014794998904443451,TRUE,-0.9646041354507678,-0.12568947580589906,-0.3855829451381266,-1.2318798460892904,2.084012665143927,0.3522430145058405,0.45537595060928887,-0.868004729799568,0.10013664441315856,-0.20236019580805767,0.30479328291897684,-0.7149941505883011,-0.010254127776314308,0.12262554411934212,0.005188079412393611,-0.25787721864782476,-0.33581295702314334,-0.29292759539593693,-0.4517398786000906,0.4196902098606938,-0.30126347112537116,0.09913269290284404,-0.10040490416924672,0.12010925415752663,-0.051130198335321377,0.29295806014209336,-0.49195885213159785,-0.9210697842089218,0.06928456018350991,0.07467623783109398,0.082789432038181,0.07948814706322443
15090500,Schönhausen (Elbe),74523897.2219562,43038973.425599195,43344534.372778326,44022688.09870768,44724172.37836506,44897090.099529654,44946258.5958815,0.5775190915930666,0.581619265612,0.5907190812578403,0.6001319582785916,0.6024522572378581,0.6031120254220877,TRUE,-0.7852506511529906,0.769347649515682,1.017441799692562,-1.9203820284845614,-0.877917256734202,-1.4032427105213665,1.01795759939287,-0.37695394092866485,0.641517233424578,0.05247625641181936,0.360587490536236,0.38007419865601,0.4635640122135112,-0.12098932876178943,-0.5139205857418672,-0.12051633608701624,-0.016845838747947667,-0.015209574902888238,0.2771552570591395,-0.6850159309654414,-0.24228480910429945,0.38130838755893454,-0.41359463142651276,0.004025941778412676,0.08899875438646954,-0.08792083999246221,0.3338462660184178,0.6250435516470473,0.7253264685216031,0.7817708840908282,0.8421428916340618,0.8085618704037698
14522600,Zettlitz,15598454.523824405,516800.510300543,526791.0132302304,526791.0132302304,576743.594284918,576743.594284918,576743.594284918,0.03313152014587114,0.03377200045207252,0.03377200045207252,0.03697440624031213,0.03697440624031213,0.03697440624031213,TRUE,0.44162312201995607,0.015533808671826969,-0.5326653274892752,0.5132535074119894,-1.015105940059881,-0.8685362273339979,-1.6636094939474024,-1.4895670830587682,0.36292941454029143,0.6016421895065811,-0.22067604954374873,0.03258368239961053,-0.4951373835148992,0.07279647628688508,-0.5462871297606257,0.31408792824230186,0.9862756481059568,-0.4258166011140605,0.017761875231459546,0.6398875094133246,0.5276215443049209,0.037829985359466245,0.37486561994998285,0.2041668554450337,-0.4403248694488398,0.11638956989172985,-0.025169465599164054,-0.04712352292804059,-0.11843758598884586,-0.12765431888458073,-0.10650725413912467,-0.10226020485811006
12067144,"Fürstenwalde/Spree, Stadt",70458420.99858637,16980787.519909848,19471685.21467431,21302941.824128386,23032350.03850779,23132964.088325776,23377363.994669516,0.241004372213373,0.27635710449805534,0.3023477041098578,0.3268927931122654,0.3283207849462011,0.33178949603679797,TRUE,-1.1552760231061494,0.704099317095721,1.890817292017352,-4.5903087744474425,-0.12324952540111031,1.0515163718975782,2.3173081117504752,0.2099268428426592,-0.42277183487170805,-0.3365433472451114,-0.4626102387502609,-0.015620907266918735,-0.6756076164012899,0.24085029912084913,0.13221708008897917,-0.17789651285299896,-0.6972980867319692,-0.8414747030829847,-0.42289852029909336,0.03292067526269796,0.35496451860661193,-0.4098470139015055,0.030553427473318646,-0.0870153651579706,0.059008521349967126,-0.3868076078018919,0.47988019533564125,0.8984555233609245,1.9238047753601775,2.073513962777285,2.1170382785137853,2.032619935638306
12066292,Schwarzbach,15969908.435105272,2631377.6677175327,2631377.6677175327,2671294.403069095,2874437.4071284793,3072233.815770939,3581171.280614689,0.16477099279625188,0.16477099279625188,0.1672704896163975,0.1799908508435685,0.19237642020648735,0.22424494762552985,TRUE,0.6977996407789158,-1.4849494287561205,-0.8315274179583806,3.0048620915794886,-0.8307319061574208,-1.5352615917137076,-0.510712627352142,0.7060443019421618,0.6891889221580797,0.5746500360057363,0.7245890948037594,-0.6283259535245252,0.9705078726673528,0.690510710906787,-1.0859684437019235,-0.5051580050292629,-0.4882021427034809,-0.5321679689894222,0.6546372918311545,0.5608130216047654,0.0968354281375724,-0.6059272541363823,0.5109491646721017,1.0032387993924274,-0.6282763552640738,-0.04970820461332484,-0.5395590686451951,-1.0101892724801667,-1.197353375382918,-1.2905306058252053,-1.2671506276353268,-1.21662213353852
12066296,"Schwarzheide, Stadt",33484501.921923313,3897699.95750273,4169168.600040011,4318870.097110324,4349457.220541939,4788872.220951046,4797551.828941465,0.11640310393719155,0.12451039617556116,0.1289811658892447,0.12989463694827183,0.14301757368580198,0.14327678638099625,TRUE,-0.9212425609720389,-0.20767920477149676,-0.27177454310497,-2.5446185837348008,0.7674480169753927,-0.08681829907964464,-0.8458778285132303,0.7393008352955227,-0.8081833924022861,0.37960161626071576,-0.2809131888810023,0.4045511880754536,-0.003923518034548773,0.7096613982225791,0.04264415543076308,-0.1384021970893258,0.20068782305491253,-0.9980954500349974,0.33576699403756916,-0.07119381959963032,-0.27574089973514454,-0.058803297569766454,0.08917423121277189,-0.12207495585148843,-0.17482939319429955,-0.015008425719887395,-0.4668987696161686,-0.874151053720117,0.5871607751212021,0.6328532298091457,0.669936006883723,0.6432218524408271
14729050,"Borna, Stadt",62770550.9293797,953461.593987555,2359233.3324660743,2610462.407998975,2679534.960390518,2679976.0491948496,2689951.034930781,0.01518963239720886,0.03758503466251779,0.04158737448291457,0.04268777190445789,0.04269479890673525,0.04285371077843689,TRUE,-1.308364286135127,0.9550538545253734,1.5394433331829318,-4.279610314606615,-0.10410365264224679,1.4498395771227772,0.8869425482480736,-0.08701879190876909,0.2609569102249308,-0.21202469264433765,0.16000937670660126,-0.01809390644822566,1.2815998523027634,-0.71767717205764,0.39777267722298953,-0.03478229653337446,0.8117349354962954,-0.19501966863352105,0.24397957873533133,0.44134894170140176,0.32261936385291684,-0.15270557343482472,-0.33907296131509923,0.13067128981952023,-0.024401075024306124,-0.14256986924600354,0.395377633857726,0.7402456329842707,1.68295150402145,1.8139176526434067,1.8912659533996192,1.8158504357194696
15089185,Ilberstedt,14814024.857570589,20882.47554580338,20882.47554580338,20882.47554580338,20882.47554580338,20882.47554580338,20882.47554580338,0.00140964226444723,0.00140964226444723,0.00140964226444723,0.00140964226444723,0.00140964226444723,0.00140964226444723,TRUE,-0.4647076398442353,-0.184060041564833,-0.3927004609353734,-0.516075169491108,-1.3899875409334932,-2.3319858978975687,-0.8997738001894229,-1.0357158879048682,-1.1200558640573108,0.35597911332438,0.9934428835840327,-1.6003430088424953,0.18417761818713757,-1.2529830539242333,1.0541158201441267,0.4880259032709589,-0.8185231693421511,-0.1443075077499619,0.6199036341621651,0.10522621296056042,0.20328436668929348,-0.2985287959270648,-0.18170603733218862,-0.4256155471939301,-0.08685260010791687,0.23661848912597358,-0.3471560474481472,-0.6499627851484486,0.21428972808289398,0.23096560989481887,0.3245566966314377,0.3116147773582537
09464000,Hof,58159802.17442,1338797.1793056214,1378787.623641559,1478762.9058681214,1598382.0889884764,1598382.0889884764,1758335.6256849286,0.02301928702045095,0.02370688296886919,0.02542585859273288,0.02748259157063435,0.02748259157063435,0.03023283367456646,TRUE,-1.3256494601430286,0.135739769629554,0.25459176880504963,-3.329243471739922,1.6670926582320955,1.6809560201569425,-0.05710750030649932,-0.23015555035555915,0.3548107374873029,-0.013159719318912905,0.3773103761305673,-1.2350953482257077,0.49376853894122746,0.07363586317348242,-0.03683007924332395,0.7954596235595282,-0.20368754097050645,-0.6438920673034575,-0.6615073980951441,0.19019218620777967,0.12557843286957746,-0.60951207905089555,0.059705879086676225,0.14622743134353525,-0.29507171359195344,-0.2240840034007324,-0.311772640569475,-0.5837162143283403,0.8971198865128733,0.9669331497637794,1.0322909893445922,0.9911276832437043
12067137,"Friedland, Stadt",173927029.87384102,1909547.4022365224,2286732.3813715805,2584851.6551514785,2594707.0682866583,2840711.6393868746,2840711.6393868746,0.01097901461102178,0.01314765383523351,0.01486170181268786,0.01491836588119019,0.01633277841545044,0.01633277841545044,TRUE,1.0909143977173905,0.19578854344718832,0.7278514984981967,1.3817150566901428,-2.1447570206211926,0.2060814390217816,1.109964677177758,1.0101354959901179,-0.900622607668904,-0.8880613550870409,0.23500167135691857,0.7111581798008817,-0.09396180906174809,-0.23429916186005867,1.2453048709795846,-0.2231675431861934,0.34157634889952393,-0.12350695855243679,0.2954236441381305,-0.3032436627864143,-0.42756673367242626,-0.6370070832429398,-1.0473781868850378,-0.8961668688399206,0.13014079071147036,-0.2797361348832834,0.6715181465542585,1.257249608700312,0.16146276841764623,0.17402769193146633,0.1367356829041083,0.13128325444314753
15086005,Biederitz,39884265.67343944,23587872.13089297,23794154.949141968,26108608.658793543,26218601.873637293,26861255.17185696,27280632.34959649,0.591407958316783,0.5965799933227168,0.6546092354454536,0.6573670451477643,0.6734799981473637,0.6839948508256922,TRUE,-0.6532122921183362,-0.22466996621963461,-0.8601003818380356,-0.2491859009168155,1.4928667353325231,-1.3628021040502671,-0.4666075925444049,0.3345235327007719,-0.07809708074526818,0.6009382686970043,-0.4307449658169147,-0.28009241068139595,-0.08145266673580691,-0.3150499687352902,-0.558256973449533,0.34169547571639836,0.3997095679159111,-0.15887379055752243,-0.31518856414569085,-0.8081139886872225,0.16692099945966815,0.37414800888432187,-0.05727787916431246,-0.1347278380313997,0.045961291907433394,0.20590786320044452,-0.5793275467253355,-1.0846457912822591,-0.4789569666049974,-0.5162290740436394,-0.5252424039937101,-0.5042980054898673
15090520,"Seehausen (Altmark), Hansestadt",107489946.01460364,61544471.03463471,68463246.84176159,74502719.26867764,78227740.1350117,79590821.47681884,80774545.13238087,0.5725602562519964,0.6369269813612163,0.6931133750737549,0.7277679730566025,0.7404489854893554,0.751461398272605,TRUE,-0.6330165124518067,0.5381719142072133,1.1053619652278948,-2.8582709962593746,-1.341758925016755,0.06942331222225782,0.10546061297313482,0.2465251806990251,-0.3152016907023573,0.12853098849874023,0.3123445086446283,0.3263360712119424,0.1874447701747147,0.08039716237055095,-0.23537421001972259,-0.21484382516159067,-0.12595652193311702,-0.1170580598104427,0.428460233688114,-0.07552311234032111,0.1604635746808375,0.01256267971763843,-0.18686734293932356,0.10710211259961709,0.06620451217504757,-0.02580333462672882,0.33683912232776714,0.630646925797297,1.2503026102237795,1.3476003143356983,1.4357087651823104,1.3784589005773222
12068409,Sieversdorf-Hohenofen,20001702.714482628,1815833.8824785152,2675930.7620852413,5735433.504730458,7956760.42171278,8638988.227282638,10201136.1351303,0.0907839651653119,0.13378514820879128,0.2867472628006617,0.3978041537409478,0.4319126401687496,0.5100133863975475,TRUE,0.6864396559514508,-0.8596899133525906,1.232107538659766,0.2758166713196233,-2.0951352272649895,0.5879465276652496,0.8985269498754763,0.5458445421199092,0.8410524942188751,0.10397279127645255,0.4188111422888499,0.6842009867840905,0.15969208100910162,1.5036362477126641,0.40076605008927185,0.6962538180135577,-0.2617134480584759,0.7428784230629673,-0.36852707918254524,0.6880826606015296,0.15728869269485624,0.4252262700422761,-0.19755414682269487,-0.10393331556578027,-0.4757591570938753,0.2911233901416567,0.3529524270862088,0.6608150548439522,0.4017008239178162,0.432960910546024,0.4844976914929879,0.4651780161437322
14729040,"Böhlen, Stadt",24279776.20607169,3447461.236252436,3584603.146408927,3881669.7555517727,4403812.127866332,4677502.187553728,4869185.410257027,0.1419890038109298,0.14763740472667614,0.15987255082611002,0.1813777890903732,0.19265013597547148,0.20054490490070415,TRUE,-1.0028863206093803,0.1833765795179765,0.6462937932393866,-2.6439208895379043,0.1734778333969437,-0.0908675600217508,0.22496102136336912,-0.09518750294702907,0.17512728470156566,0.0020916711046989776,0.34409603310006437,-0.06090283735389898,-0.48462985413886767,-0.17565302876660985,-0.04674922699772898,-0.17977739158786588,-0.1964784243833749,-0.46973134594030586,-0.32658639278380897,0.21732328940511558,0.09057545462292045,-0.12287829298376574,0.060560296022155236,0.018128264718693828,0.26720291754053327,0.021601242554698048,-0.05773864928400574,-0.10810116538427053,0.8280463986388469,0.8924844097466399,0.9535102662904251,0.9154883951641725
14627140,"Meißen, Stadt",31094028.19220099,1653433.6003165385,1743997.0952757455,4011821.842306956,4551189.774986759,5232884.142581742,5881831.424808307,0.0531752782269379,0.05608784698127905,0.12902226168667338,0.1463686128685086,0.16829225567802938,0.18916273531531655,TRUE,-1.3206831831371546,0.6614419592963678,1.7146835540289904,-5.053154384906371,-0.6702999979101284,1.0837263635790797,0.9762166027326369,0.15907643667118762,-0.13376759494751528,-0.04276284646713728,0.04986932033262351,-0.3148013617304098,-0.395169273150186,-0.1625712305454445,-0.14685441627879223,0.7033257723849481,-0.06753055476624664,-0.8831991581432802,0.382692468660642,-0.33512144965797214,0.026198418064787617,-0.10853258811496615,-0.02013893786437799,0.05983963992235373,0.1787734079044934,0.19200467142491057,0.35181411006273455,0.6586838412055964,2.0369420120539963,2.1954554627669354,2.294729595027689,2.2032256899138183
15089175,"Hecklingen, Stadt",96113256.6418512,1464044.7966884251,1939751.7084696523,3463135.2316596955,3491825.155467438,4251928.878099415,5664654.82669759,0.01523249599317943,0.0201819371878927,0.03603181655330281,0.03633031776749692,0.04423873487029438,0.05893728945015264,TRUE,-0.5746384641588561,0.2393486227338914,0.5328648510920595,-1.3318484455946615,-0.6233411235846292,-1.422106721846184,0.4652290006286,-0.5170663725047552,0.3629547748791952,0.014252308152276773,0.6964873161551309,0.25602429508808067,-0.3912481594619672,0.4684310828336281,-0.08781163945643515,-0.4595575775287191,-0.4210265512171243,0.05321058970286208,0.19159686106438742,-0.17503841664150266,0.13854642881086962,-0.15353965192397886,0.7328599322628582,-0.10491140865602419,0.03534636859506004,-0.06225431071751482,0.06585833655569827,0.12330324696238855,0.4360721577303634,0.47000699832603404,0.5338454074664929,0.5125579583412725
16073111,Unterwellenborn,62681750.09147692,313307.99573442206,313307.99573442206,313307.99573442206,313307.99573442206,313307.99573442206,366306.3667922215,0.00499839259875776,0.00499839259875776,0.00499839259875776,0.00499839259875776,0.00499839259875776,0.00584390777630871,TRUE,-0.6731983618024844,-0.3709424383138114,-0.20422209289702625,-1.0437148846021007,0.25827063740954737,-1.5187820732306734,-0.5108902976527505,-0.38816261540917124,0.3247290409521854,0.26956930659336603,0.1614163781092106,0.07606930776278811,0.3090058387688962,0.7702629289340348,-0.06041683379058696,-0.3258959577008684,-0.5363136799326552,0.5645899711413298,-0.14993181571340083,-0.15353735612850417,-0.5384158440187021,0.3875976312966106,-0.45683610738592006,-0.03190324150302033,0.07557690314541576,0.306917839454539,-0.41612096433777396,-0.7790823260252594,0.057149654384007584,0.06159700186363761,0.09200708745289612,0.08833824219185267
15003000,"Magdeburg, Landeshauptstadt",201018773.48051253,59108258.039943755,68581033.84224817,72251231.49365394,73804236.0348607,75278990.45101622,76613138.18848582,0.2940434717440653,0.3411673081812762,0.35942529268619894,0.36715096185787616,0.3744873632825843,0.3811242943232512,TRUE,-1.271215490087209,0.08777702208606811,1.1982487385016847,-4.180766982822057,0.17186277123977856,1.240611187456066,0.5163347334545824,-0.26086095239367646,0.8246075769356929,0.046519307039141235,0.21410572038066292,-0.8345133621934364,0.04630994340103056,-0.04455325143973592,-0.32676565991529316,0.678972853964761,0.12904425525832947,-0.9593553632473123,-0.39411724551874794,-0.5050065626683169,-0.035781343744780335,-0.19235818856346137,0.07217895741898231,0.0636450544977785,0.1660529072565509,0.2324984352101065,0.004936756833514577,0.009242841208436861,1.4927088575597558,1.6088704520093546,1.697432831458168,1.6297465414990047
12063112,Großderschau,20152970.815314863,9751826.477790484,13858880.899473956,15436246.297321009,15723797.273332054,16506264.519137269,17335261.285369266,0.4838902694375844,0.6876842638476987,0.7659538853492771,0.7802223015865758,0.8190486985965191,0.8601839125473087,TRUE,0.8499081321552602,0.16499263427105582,0.8682697919417166,0.5418909396425524,-1.8722981557841998,0.44981298995845564,1.3652715866505825,-0.2430101565349942,-0.3906759258355648,-0.15815757929756213,0.4396236998385393,0.7260408921943332,-0.01613721526204165,1.8166856952062314,0.8804797768517187,-0.6135235028104228,-0.3685978862726355,1.2678033739360437,-0.4051237516684082,1.0198808010045328,0.12532806078171968,0.35983405242993427,-0.5736648069357851,-0.47372019500282325,0.3500891964140295,-0.023595825176028238,0.6277235194560109,1.1752551338451207,0.43162925262531937,0.4652183493484482,0.50198016016915,0.48196335947738517
12068426,Temnitztal,52388044.79760392,2009345.3317302123,2318319.9555379553,2496454.401688688,2517499.6893835943,2541855.071415924,2677227.8031705148,0.03835503576232175,0.04425284364962573,0.0476531317657205,0.04805485104683154,0.04851975448284303,0.0511037931175657,TRUE,1.496587713995878,-0.338260707243332,1.1403580800525615,2.221581695666056,-3.341808982539462,0.8793569178532673,2.5170551312536533,0.10271883274450659,-0.6625649009106547,-0.7521701471362955,1.428550615681474,-0.11767352646806417,0.430433339260083,-0.01706930995556115,2.6159523810056773,1.1978224848616483,0.7512876077449545,0.6286097725636776,-0.3121304170785725,-1.148522917592841,-1.5816744322217573,-0.12403585555005524,-0.07003968628119438,1.2726704846034773,-0.44329276170185783,-0.09657641167471234,0.7662283622683691,1.4345707760544493,0.320895406275013,0.34586726991451383,0.3967930241719498,0.38097063215140414
15090546,"Tangerhütte, Stadt",296919822.19086444,31766205.694704544,41430128.030804776,47175633.57334328,56254757.76671999,58219154.09464686,68685135.57048959,0.10698580330647228,0.13953304877089978,0.158883409080779,0.18946110553224904,0.196077020608017,0.23132553112718007,TRUE,0.31924675500849437,0.6909800269831282,0.7770743980962578,-1.0875824115033,-1.8005030692964865,-0.0904975115269825,0.2411142953878029,0.20453046816086853,-0.6836960797614844,-0.6856798843239786,0.07821952605290397,0.28677413214738373,-0.12789648245773869,0.16281515114041056,-0.6228862165614275,-0.5498141017542691,-0.13180600027646563,0.0020376574806746646,0.10565971162064053,-0.3312703790956231,-0.15243224943330985,-0.3602821585991465,0.4032737839816726,0.02665094915332886,0.3428189745510872,-0.16549910165364687,0.5957670600292935,1.1154246641610948,0.8424324608230741,0.9079899855672388,0.9079565577815234,0.871751171800194
16073107,Drognitz,24042613.719333693,930772.519530994,930772.519530994,940772.4238278692,980066.6255832426,980066.6255832426,997069.85921412,0.03871344981026418,0.03871344981026418,0.03912937398613004,0.04076373047557342,0.04076373047557342,0.04147094283731446,TRUE,2.128013417669197,-0.7124584531584189,-0.3716474163650846,4.524914172326413,-2.59037153910898,-1.2993578013429683,0.7884818262571698,-0.23836691685122058,-0.4213100832565465,0.9629100447113859,-1.0822378667065693,-0.43435020071192115,0.1398457207359971,0.7124963282252424,1.1588036072061934,0.8631841878060709,0.373044939342214,-0.337381383791747,0.7690909793171667,-0.01414022451271135,1.332831393738308,-0.026453230043466,-0.4741760807667011,0.29759042894344423,0.28529603970003686,0.16110480314857792,0.3479691827152312,0.6514851773601971,-0.9659763155469288,-1.0411479395687204,-1.0887043691929683,-1.045291541158
12063142,Wiesenaue,46823851.7462635,15860156.114776447,16367678.21277406,16407648.614141246,16407648.614141246,16407648.614141246,16407648.614141246,0.33871959531911155,0.3495585604847253,0.35041219383346783,0.35041219383346783,0.35041219383346783,0.35041219383346783,TRUE,0.9478863897337161,0.13654850480883812,0.871295837117922,2.4316459889252156,-0.8752058376214474,0.5366670933586174,2.158696848966709,-0.5475903013827693,0.9765096714927821,-0.8015224515586937,0.8748997055913268,1.2195822210460088,1.2995242901658468,0.839337323392281,0.7519391512612631,0.3534890314287383,-0.37629214077101036,0.06502693019743848,-0.5166030299807806,0.5370994871743308,-0.40362464648005075,0.09827272248552303,-0.28626690437563806,-0.5030958788827207,0.0980933636884615,0.11160239772024762,0.6519102438868254,1.2205387199736852,-0.39729341751158037,-0.42821052275199584,-0.44865009553284063,-0.43075986748160455
16073109,Uhlstädt-Kirchhasel,121721914.60138053,7454339.915921191,7794369.299710253,8076260.172200943,8216268.517904068,8346277.464193131,8586293.957357194,0.06124073828720935,0.06403423184095934,0.06635009150693516,0.06750032272176307,0.06856840439559164,0.07054024729627291,TRUE,0.6505286564080411,0.19843932714593476,0.20639008935107714,0.6140059613741704,-1.0242947989550228,-1.3507033493077676,-0.40984758360511575,0.24687225974199745,1.0292663576179668,-2.230670102205246,-0.9101748816703649,-0.2430983591707339,-0.24682380706623278,-0.43976425695255716,-0.11983413650850586,-0.19868728318505724,0.878889282479924,0.30760720456693375,-0.06925886939726084,-0.2588166550055049,0.34180149170773233,0.26235255099141536,-0.3374437412360561,-0.0921933926832609,0.027502499019154712,-0.17110236106414745,0.3517860243016843,0.6586312576495575,-0.06282951299057439,-0.06771886322824106,-0.2739456346996373,-0.26302186598273447
01053082,Lanze,9046360.49209522,4572471.94430784,4572471.94430784,4572471.94430784,5589059.41978865,5609083.54982515,5609083.54982515,0.5054487877531857,0.5054487877531857,0.5054487877531857,0.6178240878939563,0.6200375891195593,0.6200375891195593,TRUE,0.662212738722863,-1.2557101252825602,0.42770319866665735,1.1372161844716644,-1.4066633126318122,1.5826545533226843,-1.8683080408757695,0.2056758159890052,1.4450118004441206,0.35130747275294855,0.46470021827638935,0.28152320989688945,-1.5744163892281586,-0.9047160509607975,0.46038305729370904,-0.577186988902858,-0.30929977082854654,-0.7769566451734101,-0.1773874560780053,0.7639587010282594,-0.15904996743497501,-0.44158225642782867,0.06990320936949819,-0.14861126310444372,-1.0624495745277414,-0.7654205093763182,-0.05526472929767995,-0.10346936957841785,-0.18303748980528367,-0.1972813435562371,-0.1549696743365728,-0.14879015305147342
15086015,"Burg, Stadt",165703102.26622188,60847262.46563736,67064515.33151656,69270146.47654201,70867275.282094,73810144.9265149,74610065.58960083,0.36720653767772526,0.404726975019269,0.4180377164288163,0.42767621313593296,0.4454361078160749,0.4502635410514574,TRUE,-0.8426217790897205,0.21055083679719314,1.6688648891367872,-4.040124300661883,-1.065544659189994,1.0349269281589724,0.7400291285276458,-0.642970084304601,0.474667982049486,0.14067560405093513,0.04982305660540452,-0.38067550275226053,0.16404946541135512,0.09710983802337096,0.07611688493901957,0.3397996076473035,0.14396379416864954,-0.012308716174189624,-0.5187837660229512,-0.7178678329495718,0.4089563805787374,-0.2021657498477829,-0.004491025762843812,0.11583424852059347,-0.06264675493360189,0.2973343003106567,0.3455979822814199,0.6470456981996464,1.77139491825602,1.909243673599323,2.0078204645248494,1.9277572563500522
01053083,"Lauenburg/ Elbe, Stadt",9473087.371422349,2083839.1625706716,2083839.1625706716,2083839.1625706716,2200884.3161066626,2421001.2409113497,2421001.2409113497,0.21997465882738831,0.21997465882738831,0.21997465882738831,0.2323302034293608,0.25556623157671204,0.25556623157671204,TRUE,-1.160559050957275,0.4774597371908972,1.550415855762539,-3.4165481743379336,1.259225853990466,2.0703073785199537,2.0547813078068176,-0.16184763686873968,0.9159108370337654,-0.34368124377794457,-0.26806725220419986,0.036739034366336534,0.3147693252995127,-0.2151519883821077,0.16009221354027117,-0.5444688606488499,0.4081129068262356,-0.46686720597259423,-0.2665307584755528,0.39453770383401227,0.788221069407992,-0.6517536000202668,0.0913279229885794,-0.04831917252862466,-0.07947911850157452,-0.09862115724001487,0.28910551399872036,0.5412776947474865,1.2490156259365224,1.3462131778010138,1.3680557741008177,1.3135036185810325
15090535,"Stendal, Hansestadt",269462495.3888004,27187144.36415833,33457917.583445963,38618758.62011509,39233476.64646394,45680994.242646806,55407382.43027832,0.10089398275975552,0.12416539650599764,0.14331775026573954,0.1455990251624998,0.16952635347911738,0.20562187086678785,TRUE,-0.97687446191488,0.5052014739276829,2.0688776251713605,-4.618159300208307,-0.751468193256047,1.7391777520537095,1.4159530471413952,-0.25077178537010236,0.2978503282488701,-0.22650790102955176,-0.021440300591254964,-0.09677709096415754,0.42023228160543763,0.3197299601510221,0.2660898099560338,-0.08262193804605693,-0.32884570610834307,-0.1204061481052923,-0.721377036816433,-0.3340177212668504,0.45579361721988276,-0.34708883998544815,-0.0879094103404821,0.017940252463743683,0.13953275727657538,-0.051974714685132845,0.5324015457280544,0.9967886027692827,2.037821241587688,2.1964031133487127,2.2792037426142935,2.188318941437168
12070296,"Perleberg, Stadt",138611863.48450723,3639250.7736924984,3754369.927168824,4234318.338301636,4319960.0949629815,4349957.2590254815,4459947.490470794,0.02625497329165667,0.02708548772658592,0.03054802259963058,0.0311658756066419,0.03138228683803591,0.03217579923070067,TRUE,-0.9863395907577068,0.20183207538578363,1.058542198479775,-3.5241650885324867,-0.12428894572103738,0.7607283095369203,0.45569731352369697,-0.20397878311771617,0.22628358461283574,0.14681304488036054,0.02447218071201174,-0.30717309467109694,0.07202645231989166,0.03905881475229855,0.06540493945648654,0.08474017758781441,0.1723490897629883,0.09164878257587504,-0.6983592493883788,0.011419348589562256,0.13214677791016832,0.007567826303837351,-0.17483545223736163,-0.0548208955087201,0.07062071449134935,0.04550096698916946,0.0913448943692839,0.17102044567499156,1.317929529429948,1.4204899146889092,1.4958883511923087,1.4362387846180849
12063134,Havelaue,74758824.52852358,46573275.32605374,50823060.736370966,50823060.736370966,50837161.30217464,53253611.40914612,58303901.90260646,0.6229803052652882,0.679826910828164,0.679826910828164,0.6800155248933611,0.7123388007368637,0.779893240300496,TRUE,1.7403054065188606,-0.0027256750242431057,1.1041683616299307,1.4705224926734948,-3.315347713591276,1.628905137028286,0.5659266854746864,0.06767163232619214,-0.05552664962017462,0.12587294648266661,-0.07001212680119667,0.45558062469437227,-0.01579418707057923,0.6355549706498702,-0.08996743457526568,0.6415760844326108,0.22019232981433653,-0.4610193541766913,-0.5082268106583856,-0.06635953179402806,0.03154478418868987,0.5868645496206633,-0.2484125696273637,-0.499106131437912,0.16197566973596922,-0.11118663221580935,0.9472493643748493,1.7734872822318761,0.4845510993813439,0.5222585384518524,0.5500466494020503,0.5281131647230066
14729410,"Wurzen, Stadt",68904782.65983589,3225556.5415358045,3486685.902015517,3588352.034108443,3678273.1268818807,3843816.9752962855,4029548.611613595,0.04681179472634718,0.05060150786961093,0.05207696614940588,0.05338197124923115,0.05578447281768758,0.05847995532481942,TRUE,-1.1016298063249828,0.8850080256844272,1.0460455063271374,-3.870247881595331,-0.547907871891598,0.21584424941116082,0.6141987891459533,-0.08254757884561945,-0.19680297529706603,0.052339599916214265,0.38412423803589585,-0.3091297029584311,0.30062836075734256,0.7769936486311326,0.08703395294840452,0.39521846473781563,-0.49043280737677514,-0.27049589831541293,0.26857010524922464,0.10858568803351945,-0.25753182512271,-0.13425979548794936,-0.12957894129717146,0.1274069264236437,0.32712545310786656,-0.35893285019275084,0.2764745752288606,0.5176294241722093,1.483627811866799,1.599082725477987,1.6977616224064547,1.6300622216843503
15088205,"Leuna, Stadt",87575956.8633864,14047256.781642929,14736557.009645578,16351686.496053506,18160064.77515031,18523789.17694797,19115104.086542472,0.1604008369963444,0.16827172134280854,0.18671433440985663,0.2073635895692125,0.2115168345330677,0.21826885792822073,TRUE,-0.5441565915433547,0.11641949360016852,-0.3046588857628825,-0.8061165662734276,0.43516350064798803,-1.3600659298562348,0.44018487099047954,-0.43635660929401565,-0.5666831075624256,0.14066755936785366,0.19908128513284515,-0.3806698228749066,-0.5416811162804593,0.2666428251128126,-0.19298156969271113,0.05159647128853117,-0.17327322358653385,0.15338558672169594,-0.17834013839111595,0.018555307819472882,-0.07996891273047758,0.3323417829242307,0.29403824761656466,-0.1213696733349633,0.06332605175169258,0.2057227109010271,-0.2441319945686896,-0.4570760391475309,0.09811165233794127,0.10574663481422346,0.13180944296119299,0.12655345167229876
09475113,Berg,38725423.26473027,573488.6800971095,701777.7134170743,1072064.1809155988,1201448.5831315864,1249528.5607486016,1333390.0841103843,0.01480910037255609,0.01812188619914268,0.02768373049370893,0.03102480184447261,0.03226636290600928,0.03443190472045242,TRUE,0.18901716578465969,0.03130509193995466,-1.086414448071013,0.8784156709603484,0.5941081975578593,-0.4444751795599282,-1.2104878936059014,-0.26125237621978104,-0.361756701109125,0.4279836349398065,0.07107195008247097,-0.19110036593078633,-0.19563834984761408,0.2719406104385612,-1.7664206478873399,-0.09976981991558724,-0.7692456907842404,-0.6538189608615028,-0.725340143959044,-0.5367515254448607,-1.1758574152956578,-0.25142124161358725,0.7540675581794045,-0.231926986249005,-0.6152079787094704,-0.7560853563244296,-0.28869739678213285,-0.5405135974353118,-0.5645991710187548,-0.6085358969236822,-0.6032302111067905,-0.5791759956913703
12068425,Temnitzquell,65772265.33243796,0,0,0,4164.286211970776,9780.37330566343,9780.37330566343,0,0,0,6.331371119609299e-5,1.487005694000308e-4,1.487005694000308e-4,TRUE,2.113282868251663,-0.2450218883195008,-0.6924441343194003,4.216791494959518,-2.856196310183474,-0.15214860692541574,0.1233201847737725,-0.48250108305027734,-0.8695659720327071,-0.6282884637217018,2.245394515345588,-0.7105930203743577,0.4138896532925149,0.6734815490118087,2.3751356046369976,1.6871484328669284,1.3007079686252079,-0.010805176242914398,0.16014535711349012,-0.09991868448849371,-1.1470924748456361,-1.1264509488350887,1.2854496584537156,-2.6564884078676783,1.088183581480013,0.38705894787994594,0.39193894853758726,0.7338075556286968,-0.7636358467394991,-0.8230614722302882,-0.7677992463292683,-0.7371827285770897
14628030,"Bad Schandau, Stadt",47575954.03250562,2332558.0271538,2466246.8947986127,2576360.5439762883,2655576.297430103,2725406.240789478,2793968.277329545,0.04902808728880375,0.0518380964701955,0.05415257762810233,0.05581761525193414,0.05728537233173258,0.05872647925085442,TRUE,-0.7262205146408922,0.36394743077685393,-0.02436757043581005,-2.772666683992585,-0.7373135248117724,-0.4744059803005022,-2.3997330526692524,0.17988533426475423,-0.3388331256105514,-0.3824999390957826,0.2942622327434793,0.19631606636822777,0.04231951373706938,0.2796794649499286,0.10282202438020163,0.2966766657057731,0.05465803085147347,0.08696133999559547,1.1048067496744853,0.6781683352057543,-0.20018032102904404,-0.08385346181482653,-0.047337056618706366,0.14908241196918434,-0.055201447937218776,0.11288286057617275,-0.12888021809994946,-0.2412959420483508,0.8564492992390096,0.9230976048754369,0.9568835094117647,0.9187271279191622
12063161,Kleßen-Görne,42034805.316336,5484778.709410264,9728307.378156578,11015115.243995557,14047304.872626437,14067293.585517062,14497061.886031356,0.1304818392314217,0.2314345767738304,0.26204749043323744,0.3341827032839195,0.3346582309505805,0.3448823368380716,TRUE,1.6304080107837304,-0.8563288596659794,-0.009594854845501665,2.2661573144953056,-3.639630633571457,0.2449162702681808,-1.2343456149582157,1.4202175241577264,0.08069898484591506,0.4194192157037048,1.154853657478347,-0.4184498240373697,0.43454451483636886,0.19834838273059174,-1.4130693642394796,0.20016875798796474,1.2988763555268714,-0.6030162345056993,-0.508015533690344,1.1846024898225451,-0.5465476364234522,-0.5021219192972682,-0.2948406038283132,0.1011590422905116,0.05757233611421667,-0.23885065989091225,0.25482809875741647,0.47710181637320737,-0.1992400238134737,-0.214744747810479,-0.12739577740667954,-0.1223157840370957
12063165,Kotzen,42652975.11214483,0,24575.47964768337,1016017.332665269,1229105.9525189882,1229105.9525189882,1229105.9525189882,0,5.761726956459328e-4,0.02382055014905566,0.02881641782987883,0.02881641782987883,0.02881641782987883,TRUE,2.0036391265144666,-0.4879024756762917,2.083971544495347,4.067888659550528,-2.4272720818563736,2.780141979336115,1.8179451050183835,0.5828879294953668,1.3098932434741721,-0.16412395334444327,-0.4338215813723713,1.6250375598402709,-0.25392625527870916,-0.5690624925639418,1.8856227293044208,0.45551640898776163,-2.7171487852742398,1.1209343913336778,1.180121578883308,0.5823592537803134,-0.6352326168707606,0.8843377651321805,0.09390830175886761,-0.4676324830240198,1.0292203262400943,0.19382730793471864,1.1999027317778406,2.2465174586078485,-0.43291529580372634,-0.46660447153782786,-0.5245688169851849,-0.5036512782219614
15085160,Hedersleben,16506132.18345818,1075806.8948504042,1357671.1181837604,1459500.339489325,1469502.45862995,1469502.45862995,1469502.45862995,0.06517619530083112,0.08225252912637929,0.08842170432586145,0.08902766815975396,0.08902766815975396,0.08902766815975396,TRUE,-0.5975098549725467,0.3007162520382826,0.16368181882699026,-1.1281281380006756,-0.4884506883111876,-1.7248500109325653,-0.2683138443333901,-0.873843886520439,0.5841499354443046,0.027251792432249938,0.8985694043124356,-0.020780052028097875,-1.2945270016922796,-0.09829709330689472,-0.31393921915988127,-0.5333322351592917,-0.08267576232082999,-0.26443666964944795,-0.024327439166272447,-0.3946065476594219,0.03673695581136898,-0.020191588791860792,1.4652539438586911,0.06505104714007301,0.636644071388405,0.014265638367723784,-0.04437059470242461,-0.08307282999524425,0.2432590459166772,0.26218930046354433,0.32959830326224754,0.3164553464917625
14729400,"Trebsen/Mulde, Stadt",35128271.65493477,2106995.537432355,3172834.8330381676,3194439.522866699,3302500.174384612,3382460.376860961,3554713.0817570956,0.0599800513423884,0.09032140448596344,0.09093642733823336,0.09401260064329642,0.09628883567306956,0.10119237054060227,TRUE,-0.6519120731838542,0.3497903069780629,-0.03537006969005317,-1.0427249035420851,-0.006655279273181256,-1.6188796021792975,-0.10719896358264319,0.4179694322031329,-0.3839823649737494,0.14194507503158862,0.2350323692984173,0.6818443838515967,-0.4757271039532564,-0.19104414356440474,-0.13531107445230736,-0.3437438892295376,0.28680618148591835,-0.3867022182049402,0.3533246835940722,0.028619953209583757,0.07522752932106141,0.07207289513517565,-0.05063632199012733,-0.14708739380702832,0.1467341277961643,-0.0547453909828679,-0.11249727863194818,-0.21062298951356587,0.1287051835384979,0.13872093393620175,0.16850854842250018,0.16178915531442348
12063148,"Ketzin/Havel, Stadt",93820295.34505203,10391671.933513854,10391671.933513854,10391671.933513854,11950219.761126848,15324195.188908815,16476141.828596449,0.11076144980460131,0.11076144980460131,0.11076144980460131,0.12737350396496153,0.1633356101955289,0.17561383459730684,TRUE,-0.1932210221898564,0.6221202829825676,-0.7674198055041167,-0.006873178551123438,0.5751888212957574,-0.7964409996516476,-0.3093244649096402,-0.31434181175066933,-0.6945646337223768,-7.546950502044237e-4,0.5391062526695363,-0.047147025985992005,-0.6827028494761839,0.8466601614338548,-0.012298305440116487,0.17393300020979485,0.02805512910008751,-0.16343453400860927,-0.13469175920051826,-0.05503342797057798,0.05573364967342439,0.12354006253468354,-0.1132735798849474,0.034053402389583536,0.2047994655982194,-0.24312428756653554,-0.11284018157046849,-0.21126498941705174,-0.206965435973716,-0.22307134632381975,-0.20094589276867816,-0.19293303846777515
14627180,"Nossen, Stadt",125065438.57873732,1952221.4985176309,2022122.5112129431,2102008.6039863816,2121980.376447319,2121980.376447319,2231824.306134819,0.01560960022771257,0.0161685157321851,0.01680727008095863,0.01696696066124924,0.01696696066124924,0.01784525230549391,TRUE,0.06204812077232898,0.12431443285218335,0.4850597261445227,-1.0180498713128177,-1.3665938546374161,-1.3357373363199665,0.3053029589268806,-0.3976434982815995,-0.3025510252889505,0.7782958185647805,-1.5280268681410738,0.07470963547916734,-0.548293100747663,-0.5087568312979022,0.06619560025690893,0.7611473048910093,0.38480580098992373,-0.6884120305123009,0.19562535208163817,-0.273171898082783,-0.2520437685347386,0.14760828678325552,-0.006041368187979613,-0.04099220049621077,0.24130980821253256,-0.0017376613596226686,0.22380742658967834,0.4190233740487032,0.6016657889158336,0.6484870139740772,0.6382553502508675,0.6128044835629906
15086055,"Gommern, Stadt",161540672.78815773,16482034.326409107,16910040.47822094,17877545.985244304,18359572.821636315,18413765.399223473,18435360.017843317,0.10203024440800385,0.10467977003164113,0.1106690078522124,0.11365294265991337,0.11398841592897808,0.11412209507149448,TRUE,0.32803870509689653,0.2395320482504445,0.18415605920251354,-0.4947067725991807,-0.6862318456964639,-0.030130814483234517,-0.09111265644566775,-0.618874951369689,-0.7971451938672905,0.8062753369931537,-1.3748288853151591,0.03265047346556452,-0.14259313795625114,-0.27047742043537787,0.20488273793435335,0.5422882398271474,0.22244385995848834,0.13314637046008126,-0.13846306561606173,-0.8656686253787961,0.6261178851796538,-0.17004053979889816,-0.2605834773907821,-0.1273835548714583,0.13740625542337787,0.27123835244877065,0.2505756041832849,0.4691400849341373,0.42739098163812145,0.4606502589774575,0.452965993816463,0.4349036663824144
16055000,"Weimar, Stadt",84361516.43843871,1337211.2556454523,1605922.8471217973,1655929.6166530473,1655929.6166530473,1765943.7582546098,1765943.7582546098,0.01585096276240195,0.01903620175312626,0.01962896930452206,0.01962896930452206,0.02093304901107693,0.02093304901107693,TRUE,-1.2775772992350072,0.10648076738995403,0.5155277407478781,-3.0500786718595116,0.9096825117700543,0.90901588514224,0.07835536194248556,-0.4952014346140236,0.9015758895170115,-0.0923653833923414,0.3984937196777262,-0.8207615599835287,0.004168339240306289,-0.6645853882128929,-0.09481859537607644,0.08242049020908687,0.7252563312038802,-0.7525504557837165,-0.28570604069904665,0.3216443424188551,-0.31178469723536945,0.19749100672067993,-0.10111985302119221,0.1262041965789332,0.35216000580532253,0.22447131994052733,-0.21852293036572504,-0.40912947789141324,0.8858198739635144,0.9547537778749309,1.0155480378260417,0.9750523683174561
15086035,Elbe-Parey,109148903.85004216,22955905.47457468,31397542.0418211,47683915.12878142,53510060.07718201,58346257.42211164,58954114.724407025,0.21031732490977104,0.287657877764468,0.43687030695510737,0.49024825893532176,0.5345565128374773,0.5401255774900231,TRUE,0.4760497337328078,-0.13862609296052486,1.0968059138789028,-1.0913886926184915,-2.0782732164725286,-0.6562788906590675,0.04838025833121123,-1.3425490476968491,0.10987813599160204,1.192427494729959,-2.128835621512588,1.021947307183026,0.047510305650805496,0.3737024573441341,0.5793576294952048,-0.2080479015247477,-0.00873191310435864,0.7021510262982164,-0.22746439460569814,0.24300723644925676,0.606783967458193,0.5078551002952884,-0.08377247187333503,-0.6917539398466289,-0.09333695231575284,0.16628903286889488,0.4780765182170619,0.8950785895234822,0.8919513317391506,0.9613623815507278,0.9569300927604528,0.9187718537251022
15090550,"Tangermünde, Stadt",90702433.41936386,37700843.289868996,42387470.2717792,42989039.95348176,43884039.62025007,44699237.85348324,45813720.9561027,0.4156541546747557,0.4673245102013988,0.4739568535578465,0.4838242808475893,0.4928118923426866,0.5050991382368142,TRUE,-0.8157773881705572,0.1641794137645638,0.911955016967673,-2.744040499347065,-0.5034582662996756,-0.2852314931194561,0.36928036428558153,0.3862483111428021,0.024358586504284768,0.15582313244761684,0.09185275105701149,0.4113848494982848,-0.6783176317727488,0.17606723377045702,-0.3566272662307429,-0.06091386313567443,-0.09162385779720063,-0.039958045494980034,-0.11390753221749055,0.019961456554274424,-0.2108702096737834,0.34820181157845237,-0.08923774086502997,-0.19216725974313945,0.24902631017855392,0.17587856747723682,0.0867856808538932,0.16248445980831178,0.983229633803038,1.059743899390883,1.1234832289173609,1.0786835701694903
15087370,"Sangerhausen, Stadt",209603210.59667584,3659582.8973714137,4356832.628729667,4999943.467271925,5048841.991135597,5169127.575717136,5211621.329658944,0.01745957462652269,0.02078609681753969,0.02385432672065769,0.02408761763125239,0.02466149044665022,0.02486422471689752,TRUE,-0.9665842036965433,0.15797665352578172,2.2042166314184084,-4.7551808820832235,-1.6851666560670713,1.0220952696812913,0.6227168640770874,0.14716614055703908,0.5623424467719409,0.2223124963256213,-0.16874566751772668,0.6442389790378606,-0.015098179726149432,0.3287563076948158,0.34794061961596173,-0.6273940413872258,0.21846193277166032,0.26099587563771365,0.4494527869284091,-0.7965858652706739,0.24403035399467168,-0.021688702169398024,-0.05963583520037519,-0.0742090526582599,-0.36725812404303626,0.03704875573476409,0.4652030270825489,0.8709762003705993,2.0840440620764387,2.2462229624882535,2.352385149780694,2.258582190162607
14729430,"Zwenkau, Stadt",46335205.98426499,6328360.9997716425,6850234.168397587,7764275.815495044,8321682.765698163,8660856.625651635,8924792.37438587,0.1365778108749683,0.14784080534192215,0.16756752561177177,0.17959740523273232,0.18691740851638347,0.1926136333011371,TRUE,-1.0147444581745375,0.6724073691396478,-0.2904682820547156,-1.2644593105761948,1.030299589450871,-1.4521388298045161,0.4168668952379787,0.19411143422781496,-0.5328132466306025,0.003790775562359743,0.32943881154562554,-0.17903276985682223,-0.5672638184112062,-0.5108040261515184,-0.23036199449865594,-0.16200332909971427,0.09695437333603088,-0.20241013542459382,0.036785304289061266,0.08908961655279743,0.017323493245117606,0.24916353830278148,-0.1883639303133209,0.11873567819383118,0.45353028924282857,-0.12098176922004313,-0.2109351236965351,-0.3949232095802979,0.058869548091823015,0.0634507365374069,0.08627571280833632,0.0828354100138145
14627170,Niederau,35325355.16502155,0,0,1351515.738855685,1677066.898973038,2076116.9688792096,2076116.9688792096,0,0,0.0382590842340328,0.04747487721322716,0.05877129781655921,0.05877129781655921,TRUE,-0.3496248003660489,0.9145981945507725,-0.8238137800553922,0.5417141681855117,0.6876178039071063,-1.664344923370074,0.6717475267592561,-1.0032765475740821,-0.25476129342361425,-0.25865092562262815,1.014369793280294,-0.8701660566519002,-0.44024366249925645,0.365511185633235,-0.35560771770410354,0.4626587179624247,0.16228312120434446,-0.15527996939365907,0.588425390056945,0.27035346657466425,-0.384711270138457,-0.10927808206005349,-0.07274590312660247,0.04756548262354979,0.3622896468701841,0.010931257508402578,-0.0862801286235562,-0.16153793982663991,-0.4232501041351313,-0.45618714118579234,-0.43335290798963033,-0.4160726657077398
12071164,Guhrow/Góry,6620421.717200182,423432.92833200993,867350.1168375214,1395946.9574583005,1495709.4066770505,1512721.5815220473,1608700.2958254516,0.0639586036085753,0.1310113092318731,0.2108546882793828,0.22592358471532464,0.22849323595080384,0.24299060762941563,TRUE,0.23456754491210932,1.709771180930247,-1.6626990185873172,2.3154676793623254,1.0064467423108043,-1.6415718204665661,-2.5010438438093265,-2.1066757295269305,-0.4912148643595628,-0.9607371387509178,1.8263028585605567,2.4871263372149914,0.9332546566485272,-0.2283957130655536,0.4052453287202616,0.7196782047336516,-0.01250643026350468,-0.802215051489897,-0.5584172288683437,-0.6475412703922573,-1.1557144569834827,-1.3568447053172334,0.838308113626909,-0.4821151198257539,-0.18448597220221896,-0.3391249518243031,0.09387990241834639,0.1757666135843623,-1.2515688501784163,-1.348965092227818,-1.3646863696648208,-1.3102685714411937
15086040,"Genthin, Stadt",232268909.9508632,0,0,49769.246724516386,4835543.763994785,17122808.470459223,24079026.12693835,0,0,2.142742510611736e-4,0.0208187301736498,0.07371976074663447,0.103668743836755,TRUE,-0.5916384783807331,0.06425776368830093,1.4444120024755571,-3.307407467830897,-1.7564622092831657,0.477689645050894,0.17971266380879572,0.22847727188360423,-0.16259682003745213,0.18913965043299907,0.38955030132209995,0.19111351738183188,-0.022409595368635533,0.41327121615293766,0.2748694594414901,-0.17983637032627098,-0.24296580270709722,0.4182914198785164,0.06921488238072106,-0.41209172260716537,0.08732159636561851,0.23463897088725125,-0.1370912336972974,-0.24324807075115534,-0.1606645728343725,0.08979438287895718,0.3056770959277083,0.5723038330620999,1.5304779125053034,1.6495786692845888,1.7599831162648516,1.6898025911076946
12069306,Kloster Lehnin,200769111.67734593,9524414.82915992,18464919.882875755,19770291.988117296,22949217.664032657,23619158.908674635,24114482.74219928,0.04743964223175184,0.09197091987212928,0.098472777126642555,0.1143065159391357,0.1176433900182452,0.12011052168698852,TRUE,-0.1512528630147561,0.2878420024698916,-0.316198304669388,0.3451540339091594,0.07321116208320548,-1.206362901654234,0.4821292194294863,0.37976187846622406,-0.8995221193055271,0.02737635052421016,0.30055299073959807,0.08885667333583457,-0.588421066544948,-0.3479312884725447,0.323868263500843,-0.23551315879464252,0.17365351350856134,-0.04956306126461668,-0.23462963339856427,-0.09145716075202741,0.23587645231456328,0.21002748199649401,-0.19588667194959006,-0.04156708413106565,-0.05800205579739942,-0.3391703191360835,-0.05986972173808416,-0.11209106502101195,-0.21890961552485583,-0.23594501385516817,-0.22679555771438845,-0.21775193042239185
12063189,Milower Land,161256027.7821242,54514307.89087144,55748188.59943132,56279356.41658726,57474381.25175719,63083914.28199442,65383399.43578969,0.338060589986296,0.3457122773404394,0.34900621819004046,0.35641694789488315,0.391203449257898,0.4054632892491333,TRUE,0.44668355129461434,0.5872290881194542,0.2633807211874896,1.0967873296745474,-0.8147124369825113,-0.7073261506635725,0.907322193896385,-0.4504352912331904,0.06036148911931096,0.1550748010484683,-0.24610641533300645,0.3324187560613185,0.02216512251906954,-0.5229909768841559,0.05701092737075566,-0.1414167425882984,0.39711527911561445,-0.04342145851705038,-0.08376471716793515,0.10482116837915563,-0.02923892239321171,-0.22100872921655895,-0.21804290278026026,0.2834862097115914,0.19584205146142142,-0.3972077239006974,0.4324311202005194,0.8096190094812455,-0.15711905109583196,-0.16934594946336523,-0.1813761832469517,-0.17414368443850506
15085185,Huy,167813515.06416866,3266083.541755917,3961770.6265081097,6195156.165404812,7128681.864276745,7547919.604994167,7948181.278944615,0.01946257749566254,0.02360817378143354,0.0369169084089318,0.04247978395274585,0.04497801981031139,0.0473631773692684,TRUE,0.6898868406717602,-0.37312750534876576,0.633367842689184,-0.8126863460641017,-1.6944259642319093,-1.0725321854435574,-0.7648748323527612,0.7097418333841152,0.6282811531710473,-3.225064463278328,-1.1927961351639689,-0.7623626165058924,0.34119112786713185,0.6091941854841028,0.4013828958590387,-0.25580210881100723,-0.6313749109728279,0.6131190418622386,-0.40889616230945625,-0.28458069719628576,0.4261495786862364,0.5297541462016571,0.5261038256544243,-0.39220031599687494,0.4146019183819712,-0.026770933168922297,0.31670905933739285,0.5929584225935853,0.6330465783643555,0.6823098352488097,0.42674856267352035,0.4097316731580969
13076125,Siggelkow,55487195.23733455,3296337.484384703,3727082.0835256153,4840347.616791177,5348987.77652112,6457443.605740714,6827636.649218855,0.05940717439916233,0.06717012938902071,0.08723359679810144,0.09640039929288144,0.11637718536899164,0.12304886956378148,TRUE,1.3221002076117705,-0.9461488471108612,0.1747213425873711,2.330978844268726,-3.3223695072155173,0.5579582984366106,7.767975790769545e-4,0.7338177130557525,-0.9097584706294056,0.49675612738204267,0.8958365813427943,-2.125872306662903,3.170658322248318,-1.643594218091671,-0.5569261083886821,-0.4059623186990468,-0.024040043929201806,0.2771800679176157,0.6942611057309644,-0.5575417984155728,-1.1339406083003922,-0.6028475733046226,-0.8473724663291762,-1.3120714883623312,-0.19459881338849896,0.13242220608440114,0.18355756769609344,0.3436655901915344,-0.03669264280308345,-0.03954803946733562,0.045374279119402,0.04356494884356091
15088216,"Wettin-Löbejün, Stadt",127642665.1090132,8327607.2908252,8963158.628768789,9153081.488496771,9564952.377296342,9594817.730124587,9811552.260429053,0.0652415654570751,0.07022071045848036,0.07170863661205744,0.07493538597871954,0.07516936223425086,0.07686734096353674,TRUE,-0.418439491339175,-0.39562476808665736,0.255769788081247,-0.6747942238983694,-0.5718620340995504,-1.3455503536041267,0.33610929542008805,0.19805397338258107,0.09090168058082723,0.20564986211414374,0.49836515018538835,-0.07131141291735688,-0.21081275062515714,-0.07880468737207227,0.10995849855953635,-0.39558002276671445,0.23545408763980247,0.24425466898338397,0.10810097237711604,-0.05289573908644978,0.20207490242381745,0.024914859285777687,-0.1462631560315879,-0.37686432327418395,-0.0958046114627165,0.28465378424703625,-0.1860981571148618,-0.3484222078183323,0.16912663585156512,0.1822879563494761,0.23404275883387518,0.22471014446252258
13076126,Spornitz,48802932.30143054,1775098.414006978,2989102.6320520304,4805252.265019893,5619072.940800581,5968196.594557067,6589901.271084518,0.03637278192718238,0.06124842281176642,0.09846236769832452,0.115138018881621,0.1222917622591732,0.135030846720072,TRUE,2.5055917919144925,0.1687935751091481,0.304383653501036,2.6681233526880432,-3.543678814545738,0.7879450150314209,1.1702060806262273,-1.5560743698932087,-1.2697237427178982,0.6206538259684858,-1.3102205413729577,-0.17126690914372308,-0.983400128309538,1.3745901709455022,1.615625941046399,1.6766357651890547,1.1242467403667684,0.5829350726684014,-0.4358266086185517,-0.49648919463099567,-0.3450992795697801,0.024166978284168295,-0.21537357954718406,0.7538453921151003,-0.38608461551785084,-0.21865808414899843,0.992923006841559,1.8589997429357938,0.3163906293657246,0.3410119343106933,0.31941423350001874,0.3066773734457722
12071176,Heinersbrück/Móst,23970834.871251676,664779.7292749891,757745.669007185,917303.4180306224,1026999.91705406,1146667.63580406,1171950.0735789193,0.02773285673384126,0.03161115051173927,0.03826747891583652,0.0428437274951047,0.04783594905904855,0.04889066567241026,TRUE,1.8723208458250271,-0.47789915239923014,-0.9458205686687665,3.9155628058272827,-1.692900869513656,-1.1238648153924435,0.3762592176255133,-0.1311511047707739,-1.9691547975994337,0.4942533151375382,-0.49748643276743076,-0.3755335777689762,-0.08693575323294599,-0.6749786722754342,-0.8952045891867183,-1.0276207104206734,0.6697304955012334,-0.03684873060160943,-1.6110873082307888,0.0999991762235136,0.5216097503958275,-0.35507892629249477,0.3798969120008527,-0.5298099359413486,-0.27330645877693677,-0.23677919957989021,0.14953370825234347,0.27996443156815726,-0.8933485498235973,-0.9628683302021979,-1.0031562367130995,-0.963154698711636
12068477,Wusterhausen/Dosse,196289929.0047748,13335576.64546774,15977293.460614309,18168636.423796892,20993594.716365892,22315192.18660404,23012092.84136983,0.0679381602157661,0.0813963994058282,0.09256020681201092,0.10695197060189074,0.11368485535527,0.11723521913755472,TRUE,0.509148886766367,0.5710239828346542,1.1031617333613435,-0.743525841851686,-1.780605928742608,0.8483150848884284,0.9927329302936454,0.18761977823176754,-0.060193508005371064,-0.5007996809878066,0.10221872839533908,0.7632879652859741,0.27074355360733177,0.9200446310120634,-0.030068241408899025,-0.010829238418911763,0.5618315478727632,0.41628848112579375,-0.23892516226696967,0.33610722008153826,-0.4184679295939899,0.4201046693662778,-0.41883719500039995,-0.21273126604638284,0.16099958884536564,-0.09753569033734401,0.7277782009874549,1.3625824754062146,0.8421290462551828,0.9076629594827366,0.9213766464340543,0.8846361252797869
12062282,Kremitzaue,23528158.618049905,481147.25355914613,486730.3126913256,486730.3126913256,486730.3126913256,486730.3126913256,486730.3126913256,0.02044984740922429,0.02068714006024783,0.02068714006024783,0.02068714006024783,0.02068714006024783,0.02068714006024783,TRUE,0.7734262469212476,-0.4130699608267225,0.36817339621933054,1.192983513626646,-2.1528618955753593,-1.0787951594880936,0.6133563262454036,0.03858935579204981,-0.459683335589982,-0.21304409638965058,0.9304314834940333,0.9139830871681681,-0.09167323758210692,0.9751917737452099,0.6197461116187868,-0.49319147408455694,0.3224290064016016,-0.031930982221135475,-0.5600399713848908,0.8249134218846368,0.6229848556784111,-0.034114165228235176,-0.2146346873218121,0.05086765204527124,-0.4281852002369622,0.052296404770326474,0.24284322743795186,0.4546631453498875,0.0031109460563174267,0.003353037775890436,0.04495862618627299,0.043165870354164075
12065332,"Velten, Stadt",23470109.75540065,1387814.9826092815,1445351.570521248,3140161.935248699,3280599.629061939,3442117.9524587844,3534163.4393359893,0.05913116713439888,0.06158265068141241,0.13379408822432642,0.1397777710991338,0.1466596444725499,0.15058146196025995,TRUE,-1.0470205346395065,0.3135327063989427,0.40291214967248035,-2.467971999275577,1.1197487297070128,-0.21169333460052925,1.410934891591501,-0.36081562217436974,-0.35088150994674444,-0.08161447119071048,-0.05316937530036936,-0.28829542394885754,-0.6661254827517683,0.5559663411945811,-0.21656817001050757,-0.08588672709197116,-0.781537844680474,-0.05375470679395304,-0.8613377576785893,0.5941087083672361,-0.41922311981381544,0.1602779589555363,-0.14271022159953692,-0.16170155126282057,0.06387339978919696,-0.13930521266255025,-0.11019189285602782,-0.20630673182261314,0.7163338095143718,0.7720784224373333,0.7983218733837074,0.7664882450944671
03357002,Alfstedt,16152553.550537791,0,0,0,176813.3384177539,500352.72265651665,1089739.106981912,0,0,0,0.01094646353374058,0.03097669486691518,0.06746543842571749,TRUE,1.0788801689291172,0.2578531729932735,-0.6218290601708915,2.919564520029363,0.20462628039638073,0.09679229005162913,1.1525148562340959,0.7360586111277804,-1.262735034959429,-0.33456045154597985,0.2877474911100558,0.7291055163019367,0.40035518637777373,0.4764585603802994,0.5998850367883203,0.9965630279920725,0.08436848871375957,0.293190885533271,-0.2019304726097838,3.475121223490597e-4,-0.8791969112805859,-0.8650931696534625,0.8730006777439226,-0.531923731003953,0.1878982275355842,-0.13576905505206127,0.23830142725049971,0.44615976158018644,-0.8838852664693715,-0.9526686205330962,-1.0007817782479753,-0.9608749233946092
03357008,"Bremervörde, Stadt",150057771.67569086,14304620.51532333,16814369.000764318,19225462.536402017,21116694.940751553,25887041.666215412,26912475.981720258,0.09532742193612528,0.11205263688110743,0.12812040537262298,0.1407237672860394,0.1725138350192433,0.179347431867003,TRUE,-0.5375371628611714,0.11449160183557283,0.1144370770294594,-1.2095627171709193,0.9877312477106852,1.0096760646711547,0.48968780773713155,0.1268398653961302,-0.6406479259909509,-0.13692653775619415,0.07042501482244778,-0.11385142945265204,0.1351333795495012,-0.13894950165710018,0.4700396513933026,-0.31261434681070754,0.09611324584852891,0.2441934972169968,-0.2765780330473389,0.5517040766472434,0.48802855804530404,0.27635372478230164,-0.30710010418304107,0.016068792768318182,-0.2195097819040914,0.0805699498633821,-0.10286949466537972,-0.1925973744401223,0.37134593123458837,0.4002438206295095,0.4134016633718147,0.3969169905541294
15088220,"Merseburg, Stadt",54385515.68496072,9318239.038672756,9525143.211649053,9945924.714361489,10063868.742903631,10103857.492903631,10180921.524619091,0.1713367782085688,0.17514117668434737,0.18287819080314144,0.1850468569830368,0.185782140072594,0.1871991355859191,TRUE,-1.279864663748704,0.37991273191564295,2.239662904160606,-5.531286645969642,-0.2150976562808329,2.1290292475713506,1.718723320489167,-0.31121653173968306,0.14658507566322407,0.005908964681192126,-0.298352356821565,-0.18529000449464864,0.7632523194198931,0.721747016032518,0.3349668083082425,0.038635130931264354,-0.610996415566867,0.5512842351922195,-0.786397828244432,-0.11107780338883094,0.7618529180669807,-0.6142087622024801,-0.03516054523647557,0.082108034290521,0.027812272607947396,0.24646733936244974,0.4465703241091817,0.8360911289209296,2.30532670775331,2.4847256740980574,2.5794771247458055,2.476618717996015
14627190,Nünchritz,31084483.068673503,2401784.03012505,3286478.3247316256,3486178.1997316256,3755777.699731626,3881889.730484019,4151481.375991833,0.07726633332839733,0.10572729543132378,0.11215171865749785,0.12082484020834965,0.12488191365151356,0.1335547825202741,TRUE,-0.3589021050755994,0.42368697622591445,-0.5240465890626977,-1.389228053572487,0.0041199346930138195,-0.9744378871217635,-1.6465341468971921,0.13975057358998727,-0.8153070574871847,0.5908892338638821,-0.247709737054947,0.6596437789768458,-0.6264826263670666,0.2808825422904092,-0.22808253983909196,0.4400330654253235,0.552298004413663,0.13208330347308495,-0.34260459911394686,-0.15307574050756653,0.015339815863923361,-0.11234806781644065,0.10818736589203226,-0.5810077887306523,0.1770381899203977,-0.04461605537499625,-0.15308723930412757,-0.2866175288035555,0.23565478026401868,0.2539932759971308,0.2900406578155515,0.27847508909258445
13076114,"Plau am See, Stadt",91956026.41342652,15805824.434836367,19152832.775119316,23256623.248763148,23577503.907379813,23589255.08574087,23579929.08618571,0.17188459583687005,0.2082825185269511,0.2529102676120794,0.2563997687479159,0.2565275600283724,0.2564261419928297,TRUE,-0.785347475081793,0.771632400657567,0.5360999253556823,-2.9020402629520565,-0.837444626315189,0.20550463700763427,-1.0011698438484617,0.20676314699548023,-0.574346995391437,0.2523524087302429,0.43114722365166963,0.06962133038100674,-0.019665335257280214,-0.28359644000859996,0.14966540922867663,0.26430886186500185,0.1985831980958622,0.8209895476592423,0.013382524258524568,-0.006290510454432727,-0.24255903538897292,0.7401327181725813,-0.5065821497897007,-0.06874030034075995,0.21504184225256887,-0.12537698861359992,0.17412828364381874,0.3260116165113331,1.081847712684253,1.1660363705197099,1.2613079026605287,1.2110123912004815
13076119,Redefin,17814773.748014547,1152459.2915095957,1596606.8771046922,2574564.218368402,3039776.877984489,3638125.327033485,3786313.649200837,0.064691211227874107,0.08962263005347647,0.14451849093257987,0.17063235946643843,0.2042195639694247,0.2125378465512547,TRUE,1.3361117721051312,1.1265062506122332,-0.8906427432471029,1.2388569929647537,-2.3117869477488338,0.024708826323261452,-1.5928597906881712,-2.733878990998271,-3.398457920338643,1.9214721717190784,-3.048037006124166,-3.226114172188505,3.484238986113452,-3.3645348275284537,-0.3818852897114413,1.2229149724739035,-1.207577388597773,-0.14480650630885322,0.5397511669894285,1.27942610797034,1.1754802351378892,0.6191406849583029,0.2965863969260751,-0.9405842283663296,0.4114659594537885,-0.30879828113600694,0.5239917598234205,0.9810433841298336,0.4335619338639247,0.46730143053484124,0.4341786026704828,0.4168654352509666
12068468,"Wittstock/Dosse, Stadt",420184423.5675286,756282.5733671417,916494.3858807292,985363.6709558796,985363.6709558796,985363.6709558796,985363.6709558796,0.00179988245862616,0.00218117172954517,0.00234507424761194,0.00234507424761194,0.00234507424761194,0.00234507424761194,TRUE,-0.25060148331846027,-0.15585899397267364,0.8241553727656443,-2.2056773150195412,-1.64703619575343,0.5700537025808559,-0.3034620695169489,0.4365785192102344,-0.4090743512988224,0.15040940358532554,0.40478865047370033,-0.12004512538823228,0.29573028521361727,0.4637307086577359,0.4064430403662322,0.08861159966082563,-0.19596554978004296,0.055192691677704624,-0.3921075575319465,0.14430277992533186,-0.4666956656553599,0.6672693174876335,-0.4664404650565884,-0.10026777646923148,0.10359949111027489,-0.10877921917816155,0.1392316318248368,0.26067637267690447,1.11164848508012,1.198156218882603,1.2865047492804265,1.2352044964045403
14522580,Wechselburg,25770643.411619272,1558771.761622237,1950790.6216075283,2333537.635143172,2416504.343928147,2465243.880751126,2474826.620615601,0.06048633465315149,0.07569817293455587,0.09055022794235104,0.09376965508120036,0.09566093641416867,0.09603278354702506,TRUE,-0.326148958327829,0.9424247174300643,0.0291044227040454,0.12919607637833438,-0.24952116537873395,-0.7301685874455848,-0.030747100928678998,-0.530047704837725,0.0015112269790839904,-0.42912776840114336,1.0640711601912043,-0.0520744668721792,0.1754947068386712,-1.5801657843687262,-0.24058757164755767,0.24784991519030114,0.5202641055803752,-0.10450553170283379,-0.16405731834477155,0.6854803045778556,0.24356173121923183,0.9646058114019141,0.16625493342237913,-0.4400987799087629,0.1436264653909237,-0.0888834365371906,0.21512672726876025,0.40277093786291873,-0.06663310388442478,-0.071818446994798,-0.04001979264158714,-0.03842397615999064
16077001,"Altenburg, Stadt",45960973.49719677,592033.7709438453,592033.7709438453,839054.0015771562,888222.3278905862,890417.9396314815,890417.9396314815,0.01288122783082378,0.01288122783082378,0.01825579263738466,0.01932557690373465,0.01937334812296326,0.01937334812296326,TRUE,-1.273869565759253,0.301795916924566,2.4467516228301753,-6.101844072165563,-1.5274935679518662,1.8740569359966648,0.034793259217702655,-0.2836568049070521,0.5253584841732004,0.2303293917257722,-0.08199342716758287,0.2536200532883374,0.6875014537916344,0.3017133658687925,0.31868187322996805,0.07737284138937078,-0.30548690848442595,0.8605488032284726,-0.09476423192355618,-0.556100520746747,0.5176390706273328,-0.40543918394036127,-0.06372444042384853,0.14585600345823851,-0.3614883670556204,0.27992664725348126,0.49155932466516283,0.9203217690533854,2.5748605291790327,2.775234435342982,2.9110096336717306,2.7949311423835894
13076120,Rom,33735394.338885725,594537.3572376181,646255.0064756462,733165.2524530799,753268.5756289634,980475.4395771804,1180556.4262458652,0.01762354846856832,0.01915658669893561,0.02173281998983434,0.02232873189689365,0.0290637017527617,0.03499459393854113,TRUE,1.834078674379644,-0.8181167756045298,-0.12105616547277419,3.1974250734747076,-1.7503850062429964,1.2818768022478542,0.20120611671348132,-1.7933994139158804,0.0984266564063465,-0.09965481257178747,0.32440326385081714,-0.1807819688065124,0.7103462240065964,1.1408988633774244,0.29910500965511105,-0.05756604789962909,-0.02456090778964555,-0.25654745247119154,-0.5194750916439037,-0.29428003149477894,0.02852295130802383,0.21327211455383438,-0.48003199329430774,-0.4920784185879156,-0.1896087643597879,0.8521358636541267,0.29830191110078,0.5584956459187926,-0.39932648361601275,-0.4304018006866296,-0.43707624574011267,-0.41964753283015105
13076122,Schwanheide,26640267.53050484,306473.01652540755,306473.01652540755,306473.01652540755,966939.73601249,1305364.6172187168,1305364.6172187168,0.01150412683260316,0.01150412683260316,0.01150412683260316,0.03629617213510641,0.04899968124283997,0.04899968124283997,TRUE,0.7363206338377977,-1.192334788009387,-0.16786477309946815,0.9094341973196057,-0.7583631579212852,0.5557869791560762,0.011030180547678452,0.2647367430647783,-1.5992997260948885,-0.25416693017061,0.36889926599028444,0.35728983642802004,-1.7121509453229538,0.6921328561005933,0.7066984524957931,0.6465051357057431,-1.178316118649926,-1.131409444607657,-0.5777980248498976,1.097853450252482,-0.08742729500807661,-0.28894676152870447,0.39702917160164486,-0.08280912296175515,-0.21702661938023157,0.7396273267115647,-0.20795964242368584,-0.389352365835895,0.00829040090962416,0.00893555430535242,0.01446080654000924,0.01388417203266931
12065356,"Zehdenick, Stadt",223265787.9055745,13304099.063799497,15611219.64642504,17548799.43353441,19096814.95111254,19723393.96084291,22598713.397419974,0.05958861493560392,0.06992213089552024,0.07860048598648844,0.08553399573780256,0.0883404221751364,0.101218881806368,TRUE,-0.3577491716251931,0.018928462406938774,1.224743106018383,-2.335191991490585,-1.0377358006278212,0.634400790434628,0.529688265606735,-0.1704455114855525,0.18985107074844662,-0.011856184350748191,0.29798057374067166,0.5140041664634184,-0.47570372081159473,0.6262140772423154,0.3332346156711382,-0.5749461037367959,-0.1763154189923365,0.39501942614761015,-0.6596686342251794,0.3146081581426288,0.06962038202491531,-0.04382101686443973,-0.0022826583560022493,-0.019938177523187026,0.17398334249098407,0.0394147656363473,0.29530746560004295,0.552889296405538,1.1136878051896864,1.2003542375048235,1.271594290913,1.220888602717246
14522570,"Waldheim, Stadt",41670621.90606854,1298306.1201703206,1338259.9453656331,1398191.1289593831,1438145.2031781331,1467848.583027167,1477837.1367381045,0.03115638934059793,0.03211519013040553,0.03355340201332015,0.03451220877912298,0.03522502223115136,0.03546472476627197,TRUE,-0.8259038760440987,-0.6687860384915041,0.9338094643527758,-2.8188696622112186,-0.23806679968611064,0.29800835401519843,0.21954188634455366,-0.6660523177646909,0.7531573512285248,0.18651711996273257,-0.12405445283447022,0.4562644882607927,0.8005646476331595,0.6890794499895658,-0.07458502362644379,-0.4052511473342629,0.3228799142446881,0.16585466730761148,0.5070876583791422,0.45856829028050433,-0.24785597085886676,0.02169537074335821,0.027082952709120377,-0.13839079562281606,-0.7907044781651938,0.8300014609624525,-0.18696015006094233,-0.3500360738020337,1.041621061055449,1.1226793080482924,1.1783915709065678,1.1314024046340516
13076151,Werder,17631630.656364936,0,0,0,72895.40526646237,72895.40526646237,72895.40526646237,0,0,0,0.00413435414382092,0.00413435414382092,0.00413435414382092,TRUE,1.309076482429896,-1.962797129631046,1.124139927416844,2.368476974578396,-2.5933812402654506,-0.2839025998368475,0.26315184096808,0.3723691073021806,0.32499911112591273,0.3916356199040024,-0.4564389165542066,1.6934695996923341,-0.4676893780324041,-0.8253934890546201,0.6170102387662356,-1.0963105158752742,-1.0542443081295811,0.02649643491158587,-1.0608602331036172,-0.052654761164110005,0.04461518313924942,-0.5504737571744497,-0.1997280033806788,0.5014345432861808,-0.5473852371498638,0.5375757069938816,0.15680642673856462,0.29358077614187794,-0.2616596728599982,-0.2820218517595503,-0.2959504342236601,-0.28414920914237385
14523450,Weischlitz,121880868.24476127,543674.7363937243,543674.7363937243,553671.0694015368,553671.0694015368,553671.0694015368,553671.0694015368,0.00446070613233502,0.00446070613233502,0.0045427233771395004,0.0045427233771395004,0.0045427233771395004,0.0045427233771395004,TRUE,0.2744252049768746,-0.43807304351298904,-0.4119856036611961,0.5056881519708296,-1.02037101297155,-0.8767615737529789,-0.6897927534696299,0.020656242401700258,-0.38022988076684366,0.2724856182062004,0.6556054459093964,-0.09932867325530528,0.14131330603331074,0.374189700736075,-0.5591019015077273,-0.5095780384252024,0.28397153353174165,0.24467192035218496,0.1016289293693056,0.28713815887453,-0.76496750585038,-0.2236508492959121,0.264051760431902,-0.07225239059399045,-0.05796865072830302,0.19127881770065308,-0.19187781406577017,-0.35924316846881926,-0.12391134185141127,-0.13355403872893887,-0.08219986089649706,-0.07892208547226212
13076156,Wöbbelin,23502729.249857984,0,0,0,0,0,12581.028814597545,0,0,0,0,0,5.35300759364939e-4,TRUE,-0.1173294350824532,0.03701402663922884,-0.9583215647356839,0.4431027887648375,0.15656195376136073,-0.5397814108263737,0.7427544563522084,-0.9822401234766769,-1.9615997253347617,-0.026678095293622875,1.032789187383207,-2.601526520007477,0.9371716126402069,-0.5498816224796077,-0.0032013195786196645,-0.020893275473173323,-0.8728876779801032,1.371069471970032,0.5144312700560533,-0.4530131489760475,-2.0094046329116853,-0.5152504839952733,-0.06592307876868743,0.1812944431657994,0.5853131413922015,0.6746846821882976,-0.3462123243929694,-0.6481958999973444,-0.046300258869392145,-0.04990331372262731,0.007845660281551575,0.007532809235609407
01053006,Basedow,7518809.0585793,7832.657313411995,7832.657313411995,7832.657313411995,650625.8482109584,690633.2220037811,690633.2220037811,0.00104174175090596,0.00104174175090596,0.00104174175090596,0.08653309894451502,0.09185407111991194,0.09185407111991194,TRUE,0.6252887632809944,-0.11103914752875386,-0.5967182943055763,2.271575551477793,1.2354682013065623,2.8521204639468922,-3.007005811567883,-0.4496275304695676,0.9823226110870219,-0.5734476148762297,1.102294136652829,1.6847213591337624,-0.6853193163431595,-0.7012783049938006,1.0153768665958756,0.9499202658213636,-0.4161596649087107,-0.19226356233233236,-0.4176289235136989,0.798334138075538,0.5267173072710397,-0.6988250823304448,0.11258532190373824,0.3541468539909191,-0.18444536423996696,0.34008329044969526,-0.027489559517778612,-0.051467317933869876,-1.0086933569071304,-1.0871891922173056,-1.108578034214638,-1.0643727302546857
13076136,Teldau,27741130.309592776,19582580.95696197,20453980.891499422,21335154.788056295,22660729.398050252,23003737.541611556,23013742.028916243,0.7059042201388019,0.7373160597002247,0.7690802267230864,0.8168639541776083,0.8292285600798665,0.8295891974148645,TRUE,1.6284642500403421,-0.4596681971199606,-0.01549099008059637,3.4865840060822544,-1.5905964804115593,-0.0020659743479864924,0.48281641860615404,-1.0269284942631836,0.9364878079402015,0.4322035697274676,-0.6861268405294344,0.2882579477606372,1.1371611643436241,0.8353833230331308,1.066752104206638,0.7604154060232985,-0.09168120262102832,-1.1736989787910284,-1.0872714229731202,0.8741602273595073,-0.004786293358165016,0.3418507234595162,-0.8267866622122197,-0.3399842685972655,0.061827405349868275,-0.6985875447033041,0.38443502094659504,0.7197583298916107,-0.7398166231620126,-0.7973886527721987,-0.8456252276505618,-0.8119053459004427
13076138,Tessin b. Boizenburg,10313556.382227868,30369.142910117887,30369.142910117887,112665.18579405815,721046.1686564296,721046.1686564296,721046.1686564296,0.00294458495058498,0.00294458495058498,0.0109239899040258,0.0699124668478977,0.0699124668478977,0.0699124668478977,TRUE,2.4902190570112217,-2.1275810264642367,-1.42172548972082,4.88460794078034,-2.0555677175993425,-1.1340408108399802,-1.7150965434552836,-2.260307356741214,-0.9114264578322505,1.78939613534939,-2.433410005742128,-0.2788617509595452,0.15255156381189505,0.65747724724019,1.8407389259024811,-0.6876862052174808,-0.9440878384187629,-1.0533566942471468,-0.9161418954163991,-0.7500709067770585,0.06668648097188351,-1.3778049161167893,-0.32612203887319346,1.1490370988465737,0.3245299026535066,0.2009753652955997,-0.353029153057945,-0.660958705016978,-1.1954680102825832,-1.2884985228869845,-1.372948384272594,-1.3182011325907654
15091391,"Zahna-Elster, Stadt",149527206.48905957,11072527.12035162,13127229.400572604,15898037.195472484,16387620.094886543,16854489.384583104,17195028.42508986,0.07405025065563411,0.08779157792620892,0.1063220370978822,0.10959624325012436,0.11271854654635238,0.11499598520452509,TRUE,-0.38293613850144914,0.3638701795653929,-0.07734814792683033,-0.2869333640810937,0.09859449856416636,-1.3795677923773253,0.007470841997620341,-0.006286503490905557,0.44357528515791034,0.1703540339849274,0.34005841840544593,0.3738412983455937,-3.2178042024331505e-4,0.07501500389944557,-0.4917365290334558,-0.0975215742907437,0.41912785266928787,-0.060852803451417824,0.2086959399858914,0.1334985705033056,-0.027987997924215698,-0.37511494464866446,0.18886746340537816,0.025941003610610826,0.5800809093553797,0.09895301600980617,-0.03213803562096219,-0.06017042564848483,-0.13905050327283897,-0.14987131946039584,-0.12493920785353493,-0.11995717186759386
03357016,Gnarrenburg,33355563.590279818,0,0,8836.892370329648,46863.721175353305,55283.61562259319,270297.68280466454,0,0,2.6493008719255507e-4,0.00140497464683852,0.00165740313375197,0.00810352618006527,TRUE,-0.10461565528823871,-0.34030204523649465,-0.3799292482127434,0.9048147785342813,1.183929982707139,0.017641005719536727,0.1521118935767287,-0.4211084558435521,0.5728948096299936,-0.011982275222663106,0.16710704055971598,0.15000756821334876,-0.01478654729547945,0.13783282202999483,-0.05640350583140365,-0.6271314309878646,-0.01816900648794996,0.23067749891152936,-0.06201816063485808,0.595617132341873,0.09116198036143322,0.04453392462619101,-0.24791791034512153,-0.1418633634447429,0.18260067803778834,0.4274704695081471,-0.27494898291249226,-0.514773134505828,-0.5682936999820334,-0.6125179316339396,-0.6309804984870238,-0.6058197214667741
16077005,Fockendorf,8813841.266250268,39605.12967234723,74112.66721765004,279999.33179087494,289855.7296672885,287617.4828836099,289855.7296672885,0.00449351519683048,0.00840866825018058,0.03176813869601228,0.03288642498897688,0.03263247818915769,0.03288642498897688,TRUE,1.4267284559040068,-1.1871841024974257,-0.2195058774453024,1.2243727297146016,-1.837405640644193,-1.2908631306748073,-0.8513829366771685,-0.32335571363222376,-0.6674820635593804,2.711108486324819,-4.161024270424792,-0.1177516334318195,-0.7434403587167877,0.12383727152296181,0.944110111083126,1.1436164102570407,0.3098684314045481,1.037512509302272,0.7921383789009427,-0.6325727327490367,0.07013209278213581,-0.717762670643637,0.24089222597306062,-1.2361407286993307,0.15281140275705873,0.22920386166678028,0.006679491987092899,0.012505676473794186,-0.08633378272785747,-0.09305221935114368,-0.16541169989866497,-0.158815795734162
13076140,Tramm,35769883.61430177,890344.8437182835,1339895.9202786826,2246666.216318684,2896705.560068685,3276728.8696389976,3504030.506565754,0.02489090692378712,0.03745877215387292,0.06280887689051373,0.08098168815149578,0.0916058018239923,0.09796035526279284,TRUE,1.9329652102501746,-0.33240517154395355,0.7253883672460496,2.7510392038662,-3.2223684290231396,-0.25211299056935754,0.7100972790893931,0.12104245532047686,-0.15440228823461197,0.98570472159727,-1.351552684074499,0.5180612999669012,0.48842032733150587,-0.40335607535209395,-1.0841545538179151,-0.344606556364584,-0.07353079508145412,0.24780124105508605,-0.8172568396288243,-0.6367907476936675,-0.6572291533852188,-0.2633614517037417,-0.5013900860168413,-0.31768543207447025,-0.0029546994707242867,-0.40551993842497197,0.7753161353174236,1.4515853558815304,-0.14744741950670073,-0.15892167804052978,-0.18122925647884558,-0.1740026164753216
01053012,Börnsen,8323247.995202784,1146795.5301165187,1491906.5179015987,1491906.5179015987,1491906.5179015987,1491906.5179015987,1674407.825435907,0.1377822132390492,0.17924571258257344,0.17924571258257344,0.17924571258257344,0.17924571258257344,0.201172406060828,TRUE,-0.8511471577652776,-0.7250373298284898,-2.304718152509465,1.0548841338222283,4.741460358248625,-0.17796518219938787,-0.9554283051327143,1.2923301367839228,-1.0017581220367777,0.33826072563297066,-0.7557946991272789,0.5401341967146411,0.21737605344808145,0.4175366177671236,0.4614410280250619,-1.4684001454517386,-0.028939129294942186,-0.3147730171452604,-0.4266305484690246,0.08880293179319848,-0.01494259679234981,0.28852859175071083,-0.1476068824429299,-0.020830429735537052,0.0914119750629835,-0.2395723216360113,-1.293634213367744,-2.422006191349466,-1.528099095040301,-1.6470147338521812,-1.7440494197513368,-1.6745042615921237
16077007,Gerstenberg,3130063.582297057,0,6441.2778371295035,6441.2778371295035,6441.2778371295035,6441.2778371295035,6441.2778371295035,0,0.00205787443857688,0.00205787443857688,0.00205787443857688,0.00205787443857688,0.00205787443857688,TRUE,0.12881561687309137,-1.3793678510597942,0.10542738647063062,-0.5544830968760953,-1.2570185677451797,-0.25544034802440463,-0.8526008300567922,0.8343998711204104,0.13369505687923153,0.4800126065460679,0.3691137956808543,-0.29862082191965955,-1.595518226066487,0.3713654737385445,8.615621887350446e-4,0.9694244665966928,0.5485928943123476,-0.651856507254218,0.2313767863929911,0.16427263445849333,0.14950393416597255,-0.42821024827996135,0.6357139637014337,-0.25723400078320363,-0.5198167150975738,0.5997992148417478,-0.3817082825720241,-0.7146531949491693,0.2543533304834516,0.2741469347572446,0.3406103090373157,0.32702824103832745
13076143,Vielank,77457279.16853677,1073471.250698461,1366029.937559427,7719124.868735165,8108241.77868296,9137830.504371658,13160785.168013703,0.01385888146629485,0.01763591430299439,0.09965654553833957,0.1046801781023124,0.1179725211427702,0.1699102435469955,TRUE,3.111343606611179,-1.1639404414369485,0.49026632652432733,3.6771875797028,-4.931162787889873,1.2267051137149592,-0.10873182022889061,1.0016574228330222,-1.6090461287427915,0.9415908007192557,-1.045638475730154,0.47099300902486985,0.3915886891750752,1.184067478097769,0.22361633577535225,1.0929114169038194,0.5211298540721868,0.09184899796331657,-0.3988003071544291,-0.7244385030076426,0.5229607721491846,0.6555446372595964,-0.7321740496311497,-0.31112663703703086,-0.0484262342149256,0.5999252389221335,0.8125564972328525,1.521308610102253,0.04596412659002338,0.049541023856452676,0.052005731437507315,0.049931967485037
13076145,Warlitz,23683775.80438105,0,0,321.1292218426683,321.1292218426683,321.1292218426683,5826.952806967558,0,0,1.3559038241835808e-5,1.3559038241835808e-5,1.3559038241835808e-5,2.460314121825829e-4,TRUE,1.9018034774136099,-2.0707196302026434,-0.28624059830587784,4.522122679762769,-1.90072539446178,0.6348215072518129,1.5960665769159659,-0.9538277090127825,0.9591195525435295,-0.25908451624359696,1.4777884843825322,-2.316195691360385,0.579325572033998,0.8478006726285486,-0.061419984118120954,-0.028638623299959975,0.5479022414641876,-0.6557522071691373,-1.3330517123911336,1.2191097312970063,0.27180964775460953,-0.571132044463452,-0.3867695552524933,0.3170705077183075,-0.08360324768842392,0.7898160983156111,-0.15171891703163712,-0.28405568792033886,-0.9322124509312653,-1.0047565938279381,-0.979001899970556,-0.939963532593713
16051000,"Erfurt, Stadt",241348282.88698152,7774990.605218511,9362959.027402785,10500012.3007409,11381197.493676186,12001388.565941812,12315414.680993993,0.03221481633187911,0.03879438840585109,0.04350564327676548,0.04715673696757051,0.04972643029559824,0.05102756287999385,TRUE,-1.2100309220733572,-0.12148463038869811,0.5244801647629012,-3.0357429278174926,0.8773037137229437,0.8348889838499711,0.2898698501994641,-0.6405348461931628,0.8499954875588432,-0.055915248024651365,0.39726061014794367,-0.9740000815969807,-0.0013513423740211165,-0.2399794335546053,-0.1973735258369825,0.20511664259237855,0.3811920110147753,-0.7425169589123581,-0.5196222072841457,-0.06586220075661077,-0.23951101860479734,0.06424051227692607,-0.02786833516048518,0.11002915460510569,0.14027904814960104,0.324888291358988,-0.269011795899718,-0.5036572382535919,0.9084777506682689,0.9791748752315473,1.0434283633476964,1.0018209468748474
14524320,"Wilkau-Haßlau, Stadt",12668383.846201928,1201213.074889396,1344625.7821041427,1378385.269720401,1496866.4126067464,1596792.534677059,1732387.200548886,0.09481975676396388,0.10614027790981966,0.10880513934961408,0.11815764589857432,0.1260454809439476,0.13674887196193286,TRUE,-1.142746091106015,0.11852953642429259,-0.11185633215515685,-2.8030982382011533,0.19327384691583566,-0.5594633261869402,-1.2710805113118249,-0.11854430353556974,-0.2586539521787572,0.36322274020100803,0.4975532262089837,-0.5981353102860356,-0.2828217312485471,-0.1859542083757831,-0.27577538835486615,0.6201652100600644,0.024705601115644862,0.21085342432741178,-0.011776776383879214,0.09142753636512571,-0.3425660554351933,0.2775996928742338,-0.1456339685776902,0.1666870580801028,-0.055706835664289224,0.22540502047039043,-0.37869096227895976,-0.7090040181141959,0.7002008490141081,0.7546900058543833,0.8427503142747483,0.8091450716530568
03357040,Sandbostel,30737529.208471738,1949932.3431636584,1949932.3431636584,2969986.331710801,3060058.196945176,3060058.196945176,3060058.196945176,0.06343816153662173,0.06343816153662173,0.0966241076687526,0.09955446243550951,0.09955446243550951,0.09955446243550951,TRUE,1.4822869584059088,-0.3930078256330072,-0.9893418091794511,4.44661402445941,0.2083984476146325,1.0874852674045161,0.5554353204124811,-0.010410348611577431,-0.45813192525430657,-0.19341385591497198,0.463715537369648,-0.8775007892246872,-0.18396228858403535,0.16101256417923918,-0.6675415478384873,0.15948581312371865,-0.9190256730825086,-0.5847839933676946,0.09633571580163892,0.749238800920263,-0.2418682749700363,-0.09459953990996597,-0.3546882745327047,0.20212898292896259,0.5893158692517138,0.30673670662546093,0.033312441197816844,0.06236920606794559,-1.344248222176738,-1.4488567103177936,-1.49943982239158,-1.4396486384850409
03357042,Seedorf,18721597.482909456,746754.3707573139,746754.3707573139,1190791.4735866312,1371280.8387470194,1390979.23228098,1418938.922202883,0.03988732112411934,0.03988732112411934,0.06360522784840766,0.07324593106965537,0.07429810589351549,0.07579155162897834,TRUE,0.3227771590585435,-1.1833670283744098,-1.2220492190030217,1.4217827769263853,2.023453244178401,0.6196634603659336,0.5591573849766326,0.6158405422733795,-0.8246600255020634,0.5762626489253888,-1.383531444203383,-0.03816470805753839,-0.2996221398225577,1.3435098646309522,0.8987762861631038,-0.8744733927598892,-0.07812073138129642,-0.5205813024634357,-1.6185833817450843,1.1819928203358023,-0.8641482352388343,0.7079095420771333,-0.25204844912525165,-0.8213644586725138,-1.1947793885105136,-1.3914942438852016,-0.6942130294396293,-1.299740095031237,-0.7668595118573672,-0.8265360007889181,-0.9082027149199483,-0.8719875132551125
03357043,Selsingen,42107513.638081975,1060378.4631703766,1088427.2041339634,1236986.858443583,1401175.441395994,1653365.2784244092,2157364.5837371037,0.0251826425156429,0.02584876451003726,0.02937686772663901,0.03327613816002598,0.03926532667388625,0.0512346704267522,TRUE,-0.8184768954409697,-0.11453032446480807,-1.092202121730586,0.034416321530502156,2.452760656328501,-0.5894487870181216,-0.1435671326564771,-0.18506156699032536,0.31863710367820686,0.1091494775666507,0.25586196152401963,-0.5353844638997941,0.38837451900662673,0.5296767436574097,-0.4678451804397308,-0.16572588122789667,-0.3394914429075331,-0.2369285531253447,-0.10582584195207367,0.8267101784456202,-0.49332888851769874,0.041962856940454325,-0.21593893087458677,-0.008753509884644864,0.11054606978901381,-0.0733862620423162,-0.6750697805454546,-1.263899154164706,-0.6704315679124072,-0.7226040994168852,-0.7326525782366677,-0.7034375578065191
16077036,Nobitz,100691309.62339708,1186458.490955385,1196452.174549135,1618993.5985357207,1679752.7067972245,1727523.777067358,1737517.116911108,0.0117831270185376,0.01188237772479147,0.01607878181931526,0.01668220140427004,0.01715663232039185,0.01725587961274635,TRUE,0.128070747589375,-0.5132236341903266,-0.039291221122844104,-0.03472345784341455,-1.2071338878533224,-1.5459082965299509,-0.2774844761790079,-0.06668045071747689,-0.10005760111294167,0.637535575305359,-0.16145811609671773,0.024386570489395427,-0.4165904744943227,0.35923091516433303,-0.30804847194077406,0.14159590304945885,0.3273317150401612,0.10183430047827845,0.37193959091736845,-0.31011780186816623,-0.05440654301615602,0.20759805145058446,0.0569383916793514,-0.2379407985748728,-0.16063931014378438,0.43551466382409143,-0.14148136924126523,-0.26488844274678525,0.06600898149122277,0.07114575581876943,0.10720567267573168,0.10293077348000725
01053028,Escheburg,8667299.006766826,112877.81136297072,773594.262442215,803612.6345125275,803612.6345125275,803612.6345125275,1454860.905287644,0.01302341263118343,0.08925436423022284,0.09271776984792177,0.09271776984792177,0.09271776984792177,0.1678563188084073,TRUE,-0.6333285434889453,0.040479445166804205,-2.0496985440316187,1.701471511357616,5.1504374585164205,0.5852009718861294,1.0898981966476082,0.8173703975419984,-0.6346652609432026,-0.15784747586845835,-0.4531187744980096,-0.5936084332489336,0.4827808952598134,0.58562561035992,-0.247226228936184,0.24843039538360234,0.13098733563511905,-0.365122887608938,-0.2542669005305976,-0.7096596681619306,0.07446619992646729,0.48935721144471195,0.18491729926675454,0.6032520169110265,0.10218634922900853,-0.0047182161775201886,-0.8808492141179199,-1.6491696247619583,-1.5578879559079148,-1.6791217437397428,-1.7925766421667981,-1.7210964279709322
14524310,"Wildenfels, Stadt",20931131.79517185,522687.3518226391,572649.1350257641,638813.981393598,762163.3249500833,818475.2212386713,889277.8010249875,0.02497176726693807,0.02735872768991193,0.03051980120544424,0.03641290554225503,0.03910324722275495,0.04248589181546866,TRUE,-0.6959648340325328,-0.02396765813990414,-0.7911602977024043,-0.45869427526179807,0.8733292191209671,-1.6803074093634005,-0.596065055281796,0.1581589029618844,-0.2541332936353089,0.24989147950451251,0.5125083583739256,-0.2464981749451771,-0.4360623092667402,-0.0627316523169105,-0.6479844717927769,0.34707851627500974,0.3705074641523844,0.3273075982934434,0.1872358062087453,0.12083690659258194,-0.23983006885495534,-0.002809958411691963,0.03210605011017584,-0.21819171605387047,-0.04253119533548878,0.39428962405809476,-0.5036975966249471,-0.9430476443704474,-0.3221903014137365,-0.34726293291777927,-0.3156258037803219,-0.30304000994074093
12061332,"Mittenwalde, Stadt",99277275.31391412,1478351.6301132194,3724810.6535507194,4720762.527973013,5120146.1812933255,5399265.41587843,5439201.8797456175,0.01489113823318257,0.03751926754408691,0.04755129019250369,0.05157420129736091,0.05438571313330253,0.05478798509071583,TRUE,-0.2275407629051415,-0.05924569714299948,-1.0380605291421336,0.5478007504932836,1.6783448918111477,-0.1313052002785808,0.08068296220523297,-0.4749582594642728,-0.02104193247075095,-0.0985726815761076,0.32130039062172583,-0.3916387087321684,-0.28777067122532063,0.6772752152321815,-0.1831627844518845,-0.08709494962720694,0.7289953993384676,-0.5627983880428234,-0.3454318009743545,-0.031207139768785235,-0.08965761458754873,0.31445845172486386,0.06064528155685728,0.09589048560324263,-0.036977953339256825,0.11419038420417002,-0.44161566306342487,-0.8268147665575527,-0.5459276742766741,-0.588411396924244,-0.6023346799304159,-0.5783161744304328
16062064,"Heringen/Helme, Stadt",66732736.770867296,2082481.591342116,2550049.1811915413,2985187.800182768,3711271.124692605,4115465.1306373007,4263576.250793798,0.03120629682089165,0.03821286679650737,0.04473348381368911,0.05561395057774386,0.06167085795938672,0.06389032515530063,TRUE,0.09608631077084656,0.24841510701473624,0.8693171183188602,-0.8166933262949361,-1.22794854853831,-1.3459557452562048,0.6451805337000751,-1.314575319299557,0.7246253288768837,1.0528681073932968,-2.125496210366697,0.7567653296246714,0.39788499586471093,-0.41432159397649426,0.3913318145551029,-0.20540692381786313,0.6718456436116936,-0.8817905567837043,0.3216194269350832,0.019753135103715125,0.6033829788776777,-0.5433330734898261,-0.09532953184703735,0.15002207142726962,0.09061654972226257,-0.2555133293300777,0.40460617870148097,0.7575237727534195,0.546239233115,0.5887472010608018,0.5583835317330399,0.5361176081943532
03357035,Oerel,27978923.62866462,135.4785080519856,91252.9826440476,201340.9289331101,201340.9289331101,843351.0437606467,1157718.8618760707,4.8421629741748485e-6,0.00326149010788099,0.00719616421293758,0.00719616421293758,0.03014236912590258,0.04137824875757475,TRUE,-0.46899020684052806,0.6543793015851783,-0.8899448991317968,0.8846986163006275,2.029953931109008,-0.21867157320560418,0.5872258322099635,-0.9892775169692868,-0.29507625854991815,-0.4422389334575573,0.5407556826302102,-0.40855987709846103,1.187160947918448,-0.3082299990162367,0.6988058614856839,-0.5170126739772292,-0.1511325250677146,-0.24109734069974736,0.7701844286145709,0.6745100354665325,0.13060183597667974,0.039893543943595,1.1045459405342106,0.38099948493331254,0.3716853806973197,-0.11077107928365429,-0.2348519347957155,-0.439701450570654,-0.6442239737731494,-0.6943570480140852,-0.7228496261944589,-0.6940255051519547
14522140,"Flöha, Stadt",27896816.657037135,3147643.9621177623,3229198.065359046,3846983.7790171257,4090898.4939164952,4299595.898704864,4319570.847923614,0.1128316539057065,0.11575507360064548,0.13790045747197113,0.14664391798569398,0.1541249652805911,0.15484099497904458,TRUE,-1.082380529966451,0.4376876911612709,0.39626464715143916,-3.228952878510962,-0.628400232446685,-0.4898952246147976,-1.1192090366963832,0.30427028648523086,-0.02661086193158081,0.4041681670788268,0.5423664097836878,-0.5379838337053529,-1.1202706774782376,-0.41778133864738515,-0.537339320350035,0.6947587897881933,0.2720796739500829,-0.0974168411492884,0.38681655273092463,0.02371162320146533,-0.015055537567243139,0.22101480443403526,-0.0037591679827799263,-0.14893787648080642,-0.12084798350729692,-0.14038039092379556,-0.0828093972179137,-0.1550398641989914,0.9987336500137719,1.0764544276647634,1.184455532038977,1.1372245611872736
03357036,Ostereistedt,18873039.267651223,1921304.801968862,2393945.2710199575,3006696.508076211,3068749.5484116636,3308856.1197395087,3452593.548498632,0.10180155801731512,0.12684471414857007,0.15931172851580672,0.16259964836037635,0.1753218478918208,0.18293786705655024,TRUE,1.0974281756363047,0.7481795101278255,-0.8909361070534073,4.69384726365401,1.368173861511007,0.2919416432231893,1.5131183472081104,-0.2852263299470505,-0.5570088540564615,-0.5131037287856236,0.265574771738643,0.38248472256636906,0.7523975808440715,-0.07136423233606037,-0.5933274848635907,-0.7285656257810348,-1.1613228076128983,0.40777743659869187,0.829835614518375,0.6217730897172847,0.17929368574108587,-0.3435231782549317,-0.07696341275124112,0.27143627889891914,0.5086117987871295,0.06892823368154333,0.31822385957024096,0.5957945067854717,-1.6461851793582076,-1.7742901974433523,-1.872736141994381,-1.7980595131612125
03357038,Rhade,1235019.7513691783,1478.9301130961826,1478.9301130961826,1478.9301130961826,1478.9301130961826,1478.9301130961826,1478.9301130961826,0.00119749511006329,0.00119749511006329,0.00119749511006329,0.00119749511006329,0.00119749511006329,0.00119749511006329,TRUE,-0.44309754289933506,1.6256412769961552,-0.3264246715818626,1.132115677656297,2.024889010980656,0.06217548037856078,0.902986923082294,-0.9988166805144285,-1.2188844049743226,-1.0893569583478546,0.5416712305575967,1.2355563498473585,2.621675444268391,-1.7183260602446353,0.5338184121222732,0.4352782552309121,-1.519858950645208,-0.1906466008915012,0.3812587688699599,0.5091035855775381,-0.24550991700741034,0.36775417945174316,1.3357640629762468,0.5618630462163475,0.13411856748610979,0.02964178824752066,0.28537302083831917,0.5342895357685067,-0.571407080583087,-0.6158735934091922,-0.6839116465764329,-0.6566402039845898
01053032,"Geesthacht, Stadt",33166528.39905428,2955061.0248384806,3419260.038874027,3429266.1121162144,3429266.1121162144,3439272.0515693394,3489031.9341865913,0.08909768876873897,0.1030936972882433,0.10339538919647669,0.10339538919647669,0.10369707707085218,0.1051973812937889,TRUE,-1.243314554589094,0.2836277735423675,0.37562303147609855,-2.5834915156166987,1.917399494037802,1.0601550604087921,1.3055718952626936,-0.1094486633277622,-0.0760371051000555,-0.08510752978894559,-0.02801134872103076,-0.9496687153964812,0.17602745136108228,-0.039613997905555275,0.3100319400550163,-0.28054272141955233,-0.37794578912159993,-0.2797409748812865,-0.03762008095622618,-0.4037904083960014,0.5309373373400366,-0.36895148671630773,-0.004039149502462195,0.16066978594988185,-0.025840463515359943,-0.11545398821415966,-0.19468791652354264,-0.36450438178609296,0.6759989919289824,0.7286047766076926,0.7541571101540497,0.7240845818709714
13076161,Zierzow,13267872.350943135,0,7136.342537869127,7136.342537869127,11718.200169458196,11718.200169458196,11718.200169458196,0,5.378663849868774e-4,5.378663849868774e-4,8.83201153847792e-4,8.83201153847792e-4,8.83201153847792e-4,TRUE,1.2516443755471045,-0.2703527983871949,0.8387909254326206,2.5167710814156203,-2.3221825722767075,-0.04880499474832732,1.555924954165377,1.2326805332202533,0.48635273733686896,-0.11066759777229379,0.8469393576351221,0.6993899109294288,-0.042927132209910936,0.9560584158288002,0.9878666380765619,1.3434936308503884,0.4526477457542636,1.3621917954393448,0.5481402015850879,0.3101560256230024,-0.17426024343477065,-0.12874726045907164,-0.18075178800957462,0.764184021186418,0.053218401999196106,0.17856129076494873,0.6066941675308434,1.1358829372562356,-0.35030998432320637,-0.37757087054660615,-0.3513358563702824,-0.33732609986822326
12070241,Legde/Quitzöbel,41811787.22891896,4911169.984393843,6599476.633363619,8049855.714745413,8467064.426160969,8672199.783902192,11090059.173450232,0.11745898249948646,0.15783770727693547,0.19252598963714615,0.20250424550866256,0.20741040645839937,0.26523762576166166,TRUE,1.1274646247317968,-0.39937701149335053,0.45809250373093807,2.0114567175922287,-1.6263243225716737,1.4471771088524161,-0.24781000423522162,0.5189358222785716,0.4224523680429078,-0.021723722989882677,0.6151550988647561,0.548086374710054,-0.834115830580711,0.20524230913557914,1.3786538899879819,-0.39193542454943464,0.6535092533638855,0.5251672735761772,0.7585854000617858,0.9299925565427185,1.0237360423864574,-0.2670827945568042,-0.421005466707223,-0.2011922910815751,-0.14683275818333766,-0.07014215121633437,0.39539337232312805,0.740275099320467,-0.2530353645033552,-0.272726405555323,-0.24969208419432531,-0.23973544231838945
12070244,"Lenzen (Elbe), Stadt",96087887.33604792,30033752.515380144,32932040.08669649,34575586.70449061,37334206.54945563,37464223.34242438,37581826.802638344,0.31256543720586943,0.34272831883089855,0.3598329369400068,0.38854227712268047,0.3898953799598158,0.3911192955174831,TRUE,0.20976177764873283,-0.6552219801820378,1.012700491561022,-2.994091547898569,-1.3844905643894647,0.27932073812383795,-1.859812677022447,1.05466742154332,0.6432247144044138,-3.0990426415203345,-2.0674330736878255,0.12719084139652603,0.2591451157001389,0.21873824809716375,0.5211469403288361,-0.8401855964495505,0.15023243714693196,0.9183190151064623,-0.3342795530312527,0.7193859611956133,-0.5098672868127196,0.2624098928986518,-0.2967600553775606,-0.33451172062371237,-0.025470495323009663,0.1020879156827252,0.18908009634257236,0.3540051424664049,1.3698326681351973,1.4764321205695194,1.2128132252538124,1.164451472076034
12070246,Lenzerwische,42138166.86486375,30485771.28024603,35882870.49528773,37029844.3500721,37924929.54714356,38305004.696557626,38687486.41505565,0.7234717015102551,0.8515527172874741,0.8787720754162387,0.9000137492636555,0.9090334854717576,0.9181103330651672,TRUE,4.317332737739181,2.1485437195547874,-0.1549196895179014,5.168469803590233,-4.740162988464864,3.801094604607222,-1.0127998803459108,-2.654519032306096,-3.0803500975653506,-0.02200003118031249,-1.0707733979376626,1.27179241383266,1.5169491467860343,-0.1014191259686642,-1.7849384056436528,-0.5090863724773814,1.095919985385334,0.39479203736961566,-1.0994621615096611,0.2822267883265628,-0.6429341643689993,-0.4266132997686855,-1.3010130529623523,-0.5014346992958578,0.21422153145514933,-0.08474649755917847,2.103652255925356,3.938562180597724,0.13460816637799444,0.1450832829107432,0.08611477764559827,0.08268089225027354
01053019,Buchhorst,5376219.315804567,835599.2258777037,835599.2258777037,835599.2258777037,1510457.614531035,1510457.614531035,1510457.614531035,0.155425063003155,0.155425063003155,0.155425063003155,0.2809516364205448,0.2809516364205448,0.2809516364205448,TRUE,-0.5655829558812379,0.9963328821700844,-1.7497441067736774,0.6461618035425598,1.622035959069566,-1.045714350391938,-3.2898727654549367,-0.6589539095314316,1.5231469980945531,0.6915518866853206,1.5813869334707662,-1.271394131594579,-0.9031320893247953,0.7471670821725793,-1.7724818439344443,1.5541191763157007,-0.4819264840706249,1.933296048835434,0.19821566490770967,-0.827070024867018,-1.549374617122877e-4,-0.2937981717099881,0.39153846302485934,-0.034795436908268466,-0.6512714667008882,-0.9100274577341935,-0.43966472682827695,-0.8231621268920053,-1.1419782545063157,-1.2308462304672028,-1.1457235868623834,-1.1000370786976974
14521240,Großolbersdorf,22648437.573776744,176878.47615976506,335771.2015975847,645394.3588241473,705321.5072616473,705321.5072616473,705415.6730197466,0.00780974297161063,0.01482535828371462,0.02849619788216253,0.03114217062276721,0.03114217062276721,0.03114632833818544,TRUE,-0.23080860457208524,0.07897513009743573,-0.2295111584913011,-0.23496709865668536,-0.28172667562062803,-2.5871087594649174,-0.3218145965329455,-0.40074608477387696,0.21672795926637567,0.520647927048308,-0.9783067225701338,-0.1323151213760595,0.3238437918289856,-0.40628065570728233,-0.34785826207785936,1.1277676258960863,0.19815006396103851,0.7977826984455662,0.027326724429034763,0.9624914772056884,-0.3081234368994071,-0.722829791412582,-0.3638570758418475,-0.07802121810145748,0.16370715884600529,0.25187473454016956,-0.12711487765531687,-0.23799078403493615,-0.14440339923118237,-0.15564077416446845,-0.18647879613316357,-0.1790428271614417
14627100,Klipphausen,112165620.4194824,2143693.0611741547,2236632.013896086,2360441.2592706415,2450289.4526300165,2470255.8959893915,2540389.9161297777,0.01911185489062573,0.01994044169266323,0.02104424912413402,0.02184528060796441,0.02202328919281156,0.02264856117791801,TRUE,-0.05734891104617618,-0.2432802236221535,-0.3182752853733991,0.9399403786198915,0.3229975667177222,-1.7544370985126772,1.402251759946391,-0.06178648573289422,-0.20293310760681094,0.2955893552674572,-0.4732949579882181,-0.41192024261996085,0.2091946641689966,-0.5410241297162961,0.33409227869655844,0.1173488855231539,0.41916056620771447,-0.5671019507179526,-0.47257036940129576,-0.065242131057105,-0.20995946393299325,0.31312176647625783,0.1831406343048659,-0.20882078790451988,0.3143489476989906,-0.09075198635299228,-0.20630147334724294,-0.38624785937808126,-0.4481828652592232,-0.48306015292978083,-0.5134790719590352,-0.4930037443298855
12061328,"Märkisch Buchholz, Stadt",24895912.51925869,714739.3977355916,923121.2837190313,2070794.0599081025,2437645.5071347635,2610698.550890776,2979704.2907437943,0.02870910625118448,0.03707923069720516,0.08317807424436448,0.09791348299641872,0.10486454548999648,0.1196864862229408,TRUE,-0.5326134739716505,1.2954272054510563,0.495515974050123,-1.558282899867009,-0.2101186011945047,1.0194381458211517,-0.01570023367711189,-0.31405508221557565,-1.2341042026347857,-0.1926509778972218,0.3665409641169009,-0.5872139908803776,1.4376279072703426,-1.1746613803333927,0.4415867290793838,0.7546926218832116,-1.22235776356417,-0.31267749507023196,0.6856562310956508,0.344551852126303,0.9450658720914981,0.5924769106465636,-0.2054165870118149,-0.18331931972390073,0.3026365362950164,-0.13170969060574322,0.4194432351765096,0.7853024464098386,0.7732621485442522,0.8334368863355613,0.8801551322776446,0.8450583470686457
12061329,Märkische Heide/Markojska Góla,211631697.49474183,18040369.753712155,22420800.157765616,28932613.376849003,30659088.704974003,35557218.446322314,40972801.410119146,0.08524417640301914,0.10594254274373374,0.13671209804272283,0.14487002215599465,0.16801461627554995,0.1936042752345128,TRUE,1.2000965000394586,-0.13297483455736625,-0.7662103080309668,2.37473632242453,-1.6086755910132136,-0.37931009823290424,-1.0692634782167039,0.22751203107325146,-0.8772663098474117,-0.519766385364128,0.6862902313452557,-0.663837425469172,0.8857593920377184,0.01635517184612334,0.15128252635184433,-0.2778927194473123,0.2300890312680179,0.05402992776135139,0.09157606432808019,0.7077778769965432,0.35984613367068147,0.02443620364026817,1.4085679072483226,-0.137858806311787,0.3006078646483216,-0.29847773169608915,0.10030378581704184,0.187793726970335,-0.5270899070441458,-0.5681076873771654,-0.5873621577663294,-0.5639406917826303
01053022,Dalldorf,6091500.118137796,228770.9824419605,228770.9824419605,228770.9824419605,812019.5453133722,1001885.9145530222,1001885.9145530222,0.03755577082905762,0.03755577082905762,0.03755577082905762,0.13330370673318,0.16447277273620148,0.16447277273620148,TRUE,0.6249243393330652,-2.510054756953135,1.3666011657252226,3.1579176556262896,-0.9947627132359774,-0.16246059781576438,-0.4094525627329848,4.043045825138192,2.8468893578444345,0.5457517533436195,0.041912520247788104,2.173333222965939,-0.22332368870731872,-2.4044917259876244,0.43813694032664985,1.736118695587672,-0.9701715314241165,-0.1934299613813239,-2.2790240257282464,0.22805885987817617,0.4208630891891887,0.0901055413280053,-0.30620184445974385,-0.014536537163430036,0.05695091978598,-0.09364295291129936,-0.17284308396494907,-0.32360540187416814,-1.3779759730439245,-1.4852091319625997,-1.5133846389374332,-1.4530373959759157
12070236,Lanz,60773848.41250971,18318972.630120706,19510213.997930106,20390263.056523852,20514146.4500865,21596601.96318044,22010527.62945894,0.30142854383317147,0.3210297604571988,0.33551048006903433,0.33754891266461023,0.3553601183290376,0.362171035805728,TRUE,1.6273436892617106,-0.19973310542331738,0.677412461480873,1.790725266415191,-2.8047953994992523,1.5133694565380373,-0.9839315408069094,-0.6589990650882017,-0.6447195077049663,-0.44285942036187764,0.6306956451949097,2.16680433093548,-1.3439659172623923,0.20128419022340388,1.876533351612002,1.0590665757341329,-0.11266246411815277,-0.0767269164327864,-0.04869259706800103,-0.35469589614207014,-0.7019272776175453,-0.8746656410185559,0.3113315152162459,1.6368653986836534,-0.317433911997308,0.5169019212448265,0.7016743484397554,1.3137095468493776,0.20752141295954227,0.22367058906292656,0.2419729728986325,0.23232413584165865
14524330,"Zwickau, Stadt, Hochschulstadt",103437954.65459196,6816809.055861532,7453057.250205874,7865623.817917045,8105326.885160192,8271995.981841606,8597623.088406196,0.06590239606559072,0.07205340897443015,0.07604195040575336,0.07835931126273842,0.07997060662562497,0.08311864940790879,TRUE,-1.2405564527069926,0.1274991208571617,0.3450362073357775,-3.844501107200455,0.3782417245011685,0.5253448341269252,-0.7236567805764617,-0.021601903858815844,-0.37279815376123615,0.17127896080738744,0.31832405937510194,-0.38465170836525403,0.05745022997399663,0.40376067660826864,-0.15690215685126002,0.5486038614536523,-0.1263953777480711,-0.146837832962199,-0.19651513135738963,0.41100448024182296,-0.22221111330943794,-0.13608362068727373,0.006629609982783811,0.04221724177703735,-0.11077827441742535,0.2052161478668851,-0.25600704150468445,-0.47930909150834455,1.1956855000482953,1.288732937559274,1.3773908350384414,1.3224664376074002
14521270,Grünhainichen,28825006.22366708,1330486.6115030989,1398730.9030460622,1413216.9192798242,1429826.7461498224,1429826.7461498224,1430102.9176305516,0.04615737464822084,0.04852491243861794,0.04902746276319925,0.04960369253887092,0.04960369253887092,0.04961327350751274,TRUE,-0.503418082498017,-0.21727234212941357,-0.19695354302950746,-0.7003365971868077,-0.5883600902121249,-2.279465486208356,0.10689304663676077,0.20393516157570862,-0.5606575660211739,0.15765529395382397,0.9483157752952295,-0.313555732183036,-0.8250901195057442,0.3369259112834032,-0.15099387975197304,0.5221631718376943,-0.11824167563657366,0.40218609584952547,-0.044184031525776685,0.21068338655924582,-0.2310814168020081,-0.36622868827229943,-0.35393442681000137,-0.18363788472070192,-0.24806522642588277,0.3236287099901147,-0.3058813225523127,-0.5726861962866642,0.07482358589406878,0.08064630677890386,0.15152724285261818,0.1454849908669391
15083361,Loitsche-Heinrichsberg,31180691.52007647,14525758.776667722,14532167.72955987,14761248.151346752,15103948.751621803,15103948.751621803,15103948.751621803,0.465857492843446,0.4660630352025057,0.4734099031075803,0.4844006984866499,0.4844006984866499,0.4844006984866499,TRUE,0.5369465386701434,-0.2753478575244994,0.40370350924038695,0.6799178917492442,-1.2386502110239428,-0.14317300856584633,1.0884251419274522,0.645998002561596,-0.346923710573794,0.004667475684025595,0.465746370040797,-0.028506886776260173,-0.6076522748700397,0.6425066947555644,0.057115493293855644,-0.3029593899649978,-0.2932709564979185,-0.40016380217250797,-0.06665781245609935,-0.4630368514048823,0.10746323791599019,-0.08793170742661179,0.8595152340005575,-0.015413252252154277,0.3317830710728626,-0.16880440812158512,0.22176739679534366,0.41520392899896763,0.07573726958827832,0.08163109272068464,0.11348938704562547,0.10896392046073618
12072426,"Trebbin, Stadt",126646637.57879108,5900782.3768899515,7291645.076817777,8496790.204442224,9102669.58512326,10579643.671311514,11486978.294318913,0.04659249143680486,0.05757472299476884,0.06709053131518071,0.07187454605306982,0.08353671185884874,0.09070101278585058,TRUE,-0.07813866381970264,0.6180414572129689,-0.724615847874564,0.501171922438321,0.673641294826463,-0.5790736190512723,0.36038093206664434,-0.9211160913018651,-0.31398677323977187,0.093769255654351,0.2717946628306097,-0.9164748400569117,-0.23970807772209446,0.3717053533743496,-0.38834066315641463,0.19027898996298673,-0.029977140915764734,-0.056982403987707236,0.056105056194098606,-0.14609255465556933,-0.34940986136329616,0.08462088235755504,-0.26050817534791754,0.09189325865095604,0.11104335619075056,-0.2403918723240938,-0.06157101816043257,-0.11527631663670743,-0.2913127484453114,-0.31398250964591284,-0.3056508533940773,-0.2934628174932253
16077048,Treben,9984291.578837022,2705533.519429124,3044281.304892958,3258124.0463385372,3399001.3005966586,3430779.3802402476,3518502.343242987,0.27097901719575646,0.3049070913900091,0.326325009702696,0.34043489953771733,0.3436177071903851,0.35240380506323565,TRUE,0.061558033280369046,-0.17157877233159666,0.8001125770144821,-1.5131825453704848,-1.807626494825469,0.11990617784320702,-1.2003580413144082,-0.2342023960686649,-0.35112253227641516,0.8130066979379191,-0.6320421820366143,0.4641147305060465,1.535350281024497,-0.7583550042436319,1.066625211805892,0.8266567629603776,0.30748894771554086,0.5864723343586549,0.12914692530999136,-1.142890113946918,0.8061623894173873,-0.5475303056298011,-0.22192754749195256,-0.7414862942916045,-0.4086869619294487,0.42024388538663004,0.23003061265441818,0.43067473192326094,0.851941325123323,0.9182388232607771,0.9761003609343388,0.9371776944022618
15084246,Kaiserpfalz,41121021.83514975,5257632.2889085775,6301807.691196804,6321808.459751491,6891622.338923057,6891622.338923057,6891622.338923057,0.127857530145674,0.15325026981236384,0.15373665773907608,0.16759365481117935,0.16759365481117935,0.16759365481117935,TRUE,0.5832649443443296,-0.6791441235213771,-0.35803884389176277,0.7157474443106955,-1.7526083857177697,-0.9048395413277657,-0.5105113715745824,-0.9860852492835767,-0.16068874401508776,0.2794339287005189,0.9525759976798611,-0.6908612123699593,-0.20833594337302758,1.5934448975832534,0.042825380897686276,-1.2183190891711149,0.12592322852631013,0.1809401445975036,0.29666926890525136,0.48733920059561125,0.21892576008645043,-0.0971922415204949,0.014718384950493496,-0.18431325761019474,0.0779764422037269,0.3285756053157177,-0.15130600768960342,-0.28328261855301895,0.0238544590281312,0.02571079690768947,0.10248498422871635,0.0983983256991967
15090070,"Bismark (Altmark), Stadt",290863995.2531948,9543930.67789502,9667086.567705816,10651677.318046624,10866924.030078309,11076945.015429871,11106947.723437686,0.03281234815463187,0.03323576216193652,0.03662081760506117,0.03736084289366491,0.0380829019617484,0.03818605226050469,TRUE,0.34514157795720085,0.015016690976013604,1.1194398174154683,-0.2095500247089175,-2.4922232026222484,-0.46821457579478387,0.9362378397092335,-0.03964223459286771,-0.2698581440509895,-0.1299685085217545,0.6692015506133949,0.24666767337047132,-0.4561757058684031,-0.4001385593192163,0.295001330767023,-0.31480699305503107,-0.34673423671272313,-0.64467364667943206,-0.2627231729735092,-0.20511721911971906,0.12023223957632859,0.07072568265485184,-0.11288423455786033,0.3182241270510893,-0.2525210887510784,-0.3001412130140606,0.49319936211622756,0.9233923285820971,0.6462637032314783,0.6965555078403122,0.7593767006817124,0.7290960376722543
12061344,Münchehofe,62322492.06522357,790342.6948507958,1402115.2139010967,2297375.6073311805,2438781.1489857403,2628460.4096711567,2735945.443835025,0.01268150018814496,0.0224977398598521,0.03686270447797343,0.03913163720143661,0.04217514933325103,0.04389980812981167,TRUE,0.36123565344169195,0.27826163094769507,-0.922328198548599,0.36275023459991107,-1.7152723959039722,1.221402167943242,-1.6417584027165624,-0.10367288109736902,-4.267278224120176,-0.09222075763665631,1.5279328162583703,-2.796910651107085,2.624846708442227,-2.1539226138763925,3.032618815984854,0.6108447967126616,-1.06548874935663,-0.7553445871539834,0.16289090515022772,-0.6139861562195521,2.201621294729236,-0.40052065482998217,-1.112126994582065,0.251478233856061,-1.067872822073427,-0.7236043475072754,-0.09427697138640401,-0.1765100258171947,0.4685011305015902,0.5049595718412307,0.6130144811885678,0.5885701113413961
14522150,"Frankenberg/Sa., Stadt, Garnisonsstadt",65455851.24600865,1407446.8140545448,1955594.7718878745,2084287.962332826,2258952.983977228,2358465.0959137664,2580231.418823104,0.02150223069844145,0.02987654632338346,0.03184265306548772,0.03451109321742987,0.03603138682055686,0.03941941583076487,TRUE,-0.9189430315399225,0.3141688100585529,0.35189860132793915,-2.829120036226929,-0.18511306781269093,-0.3566807187100938,-0.19729921940932937,-0.3509088271141137,-0.323040232663074,0.16311098140904834,0.3027738992057356,-0.6518043277521679,-0.5646083398982428,0.08674730345085807,-0.24627351374244552,0.3235596653042857,-0.16447991295269304,0.37556830944762803,-0.2842634983991301,0.08071621265442357,-0.23398565208302735,0.20710263118460612,-0.18501361745388195,-0.03553207577250117,-0.0827599729737353,0.034730669652596344,-0.08429187338447681,-0.15781542966938547,0.9475195580438054,1.021254889670684,1.0963592773089028,1.0526412046004818
16077052,Windischleuba,20466611.33466781,1739195.8401231288,2708639.552993448,2828560.8742825105,2878581.6069350485,2918555.236817861,2928548.5756850485,0.08497722518320143,0.1323443098958625,0.1382036736824768,0.140647690028642,0.14260080426085017,0.14308907946692984,TRUE,-0.6775785189436863,-1.0203569596108284,-0.49376484515192814,-0.7747640590346804,-0.10823721012244791,-1.7243253818683273,-1.3407893533331692,1.0763140687096662,-0.5647175553796945,0.45864593413687826,0.5715240171689137,0.2421447931589194,-0.41019810957867064,-0.827970435514274,0.5494642152545038,-0.5748670747905946,0.7439190424837161,0.8441501189117886,-0.48383094460730985,-0.08867821335845212,-0.413150238081956,0.3091137690412937,0.07181162157574941,-0.07483562995972602,-0.25333708485190226,0.29388762831951437,-0.7305667745688144,-1.3678033812923565,-0.12226765274562319,-0.13178243884782392,-0.07296638394991675,-0.07005679970612493
15084250,Karsdorf,19994411.51054447,2207695.059777034,2215035.320371398,2325031.667469141,2605021.3774300786,2619192.5319995536,2629192.2390308036,0.1104156058112918,0.110782721422096,0.11628407599008288,0.13028747438034202,0.1309962301525237,0.13149635525127829,TRUE,-0.32608771416932086,1.3127058133109009,1.3044931483509472,-2.9631650788811577,-2.343481155763457,0.7999836531411643,-0.4429617849147797,-1.1372944382068273,-0.42682702157813823,-0.3793301286804347,1.2692949898859527,-0.09470685061358189,0.09998828611866979,-0.29437291876555693,0.24015790912840596,0.1866509201564013,0.4657665840357265,-0.21484697108300999,0.07990936256504304,0.4456007000348332,1.8250966580545878,0.05493495716133448,0.5507168471923318,0.21904382985615048,-0.47998396139081534,-0.23920585231251526,0.7637037491641757,1.4298440700768762,1.6340231545006416,1.761181732031062,1.8913512398608794,1.8159323213250145
12062224,"Herzberg (Elster), Stadt",149281447.44662365,32645523.63052714,40528075.24179694,44912414.69194072,48772187.78401585,49482657.4609825,50081879.26762313,0.2186843990925243,0.271487689428306,0.30085730986765374,0.32671298823957745,0.33147225129013624,0.3354862919957295,TRUE,-0.8042058756312929,0.3470292263779145,0.9599634800980361,-3.193699344997477,-0.7116475450387609,0.6272203929705171,0.3576588806142878,0.3127612912972667,-0.6715538048872254,0.02922700739378951,0.06165208143174669,0.09928881070988387,0.06602653541128767,-0.17024303519958858,0.40502130415092513,-0.08841310157397152,0.27664188361914277,-0.6995519487334227,0.6166861075901818,-2.5972376054024125e-4,0.1084789583038984,-0.13270374202650984,-0.18270796389451022,-0.019829814726524533,-0.43652080222722484,-0.14106283270299746,0.16759561028155257,0.31378082115513867,1.3411302131454177,1.445496059930959,1.5164081637972897,1.4559403557232269
14626600,"Weißwasser/O.L., Stadt / Běła Woda",48900317.58339151,1691437.0660376074,1960682.9273657324,2339617.87951417,2559001.272092295,2810131.6145593636,3181492.5737987575,0.03458949040879208,0.04009550498362526,0.0478446356820553,0.052330974491696,0.05746653096408102,0.065060775287875,TRUE,-1.2995068540297054,0.4482364739513317,2.0715857540786997,-5.477102863120556,-1.7343527393179543,0.6496685373569917,0.08942191609221027,1.0370547511012524,-0.15353585574125825,0.30417507798661886,-0.1559141662656284,0.7727114167226348,-0.5412957072901388,-0.2336335682070893,0.024790719472287222,0.15870739412897708,-0.0433757814419339,-0.6975358944512856,1.025055109386658,-0.347863502952698,-0.009072406862080003,-0.19103153369436335,0.13956386855197955,-0.050536161361568084,-0.5878592083938263,-0.3209221182578695,0.40677179133344205,0.7615783402257961,2.225884398765552,2.3991012183158724,2.518392542904489,2.4179699254489315
12062232,Hirschfeld,20295904.260806423,0,0,0,0,17712.8221667486,131970.29230575444,0,0,0,0,8.727288983597525e-4,0.00650231153093302,TRUE,-0.6181268926442995,-0.41589800270588567,0.11520163524359299,0.10672534049424504,-0.28556927760390116,-2.973614833948309,0.6172766366137901,0.7728553041747972,1.6311242713370617,0.5015252964939777,0.6255496666890134,0.12512123626859092,0.27917707237583983,0.719544625622517,-0.44423557562199173,-0.019862014459295176,-0.05231394445987054,-0.09125843435670179,0.5175310000037509,0.3148784667378687,-0.60454025503222,-0.8470574771465348,-0.4281504016974361,0.012097927675084857,0.40119215067910763,-0.24745558737776585,-0.30627442003553074,-0.5734221729084322,-0.4800371862311008,-0.5173933556309809,-0.46990002242744805,-0.45116243907192943
14522500,Rossau,53672509.07844549,996276.103449668,1198788.5130889672,1304841.0284012882,1370183.4344529207,1380172.0428513582,1388457.701967016,0.01856213023306871,0.022335242634863,0.02431116135253128,0.02552858917868583,0.02571469205648941,0.0258690664141992,TRUE,-0.033251655711381826,-0.16069786435003117,-0.07844086331959169,0.22975483053488752,-0.2142725100335298,-0.8888946499237925,0.6504419103776375,-0.24150652941929146,0.25047388632073414,0.2385934304355386,-0.06403025566790793,-0.25640815968443575,0.3060839067814504,-0.030948639441747253,-0.10319186121982135,0.41715289586954024,0.9048611896635194,-0.2517134604610052,0.2310651780367066,-0.1429203975775146,-0.21697770110351985,0.23141804606460975,0.1401162391917051,-0.047032058221060824,-0.32905500295677426,0.15247152769416847,-0.0907967944603349,-0.16999426581732,-0.08623875618253561,-0.09294979790428846,-0.08507007993908876,-0.08167785257615985
12067040,Berkenbrück,18024594.209994256,2315610.4230822413,2759118.361662472,4475731.945651854,5466736.921201209,5982357.9857387785,6412025.705027061,0.1284694898594879,0.15307519989174564,0.24831249422359564,0.30329320358125,0.33189973189086763,0.3557375900019834,TRUE,0.6782579949501976,0.3119340146519898,-0.0857440109831691,1.8707632747022804,-0.4803857502214828,-0.15580156297338071,0.9812095177240154,-0.4875547339318244,0.19146187217008592,-0.232799423774911,0.4393951466696253,0.050394629736408625,-0.1783206848473611,0.5452237287454426,-0.020042870766557867,0.20438856487985918,-0.03170336623537748,-1.1876450547708253,0.1508006534027032,-0.2761834563066627,0.20109522726539367,-0.03539344037655037,-0.254182788071177,-0.06548256581435596,0.11968751092519815,-0.20087177483851662,0.3014826662063394,0.5644508135227598,-0.44046265637177323,-0.4747391626044045,-0.4854139664116758,-0.46605775397613364
15083390,Niedere Börde,78194040.25025055,2421217.1841683495,3161260.2925667875,3631282.13729335,3651283.443933975,3671284.700769913,3671638.096786957,0.03096421640855923,0.04042840454911342,0.04643937217813367,0.0466951628570219,0.046950952898973,0.04695547237406232,TRUE,-0.11128790291406189,-0.6094167905969865,-0.6360455424021918,0.6116736632007097,-0.044859040725400715,-1.7368184076800683,-0.5152172575354774,0.038564170416423356,-0.1633553408695424,0.09680945873457715,0.8950996369179669,0.1489022923888298,0.10559723920413282,0.46259527783562265,0.15249531473734695,-0.01780984952471043,-0.20307368368200543,-0.31103447674427315,-0.49902283056489427,-0.9056230728380185,-0.1950455060826417,0.01358848093291482,0.7585529810582565,-0.4629837265234039,0.04270666751975555,0.22619201866364863,-0.45225007863774674,-0.8467250472970657,-0.48046386860635565,-0.5178532421403051,-0.48123931734492537,-0.46204957188349444
12066196,"Lübbenau/Spreewald / Lubnjow/Błota, Stadt",139189489.34768623,23352953.378201995,27228078.574706063,32249889.507002503,33298267.10493483,33451476.646129884,34619315.24566655,0.16777813818878123,0.19561878344629963,0.2316977356418371,0.2392297526270676,0.2403304789959412,0.24872075763702076,TRUE,-0.9329196928093203,0.16442743858241163,-0.020277342751288927,-2.4530945727691065,-0.29340843678183187,-0.6794891436280139,-1.0856978829770556,0.15518962569572792,-0.18018610442323704,0.2945960240052969,0.6063771583400019,-0.367102926484601,-0.460168510734267,0.06259807247796124,-0.31452969909872674,0.28779427239010835,0.15461103211038985,-0.4934824231650347,0.37631281906772884,0.31188976368142185,-0.36466388081392725,-0.014695959385755917,-0.11163143727133766,0.21832928760027506,0.05965517679444871,-0.041522488074625774,-0.26292319899273253,-0.4922578648813,0.6686420353758036,0.7206753066677367,0.8091339508561116,0.7768691836155708
12067036,"Beeskow, Stadt",77812397.9449349,8588195.527424656,8957329.510823091,11449869.829891944,12886415.13653257,14332879.85918882,14505516.002393574,0.1103705290447702,0.11511442581633172,0.14714711449960216,0.1656087651437221,0.18419789439379175,0.18641651440505172,TRUE,-1.1807481528196202,0.9507277965725066,1.343223259897817,-4.184191677282426,-0.5199716702563048,0.38521631946885226,0.808689577642456,0.34502643254482884,-1.0862884924251335,0.039003853518911336,-0.18843206929586054,0.42024140430121293,-0.16127363957243782,-0.3907522942214849,0.4974142637413229,-0.5729374889521225,-0.39813206135183804,0.023838887406189824,-0.024093894613827587,-0.008010906056873995,0.18707140055445995,0.12452715321009158,-0.33291308358514726,0.05009270503253026,-0.16204918016119962,-0.5802512392157472,0.37106763455023445,0.6947312455121235,1.6735037515542313,1.8037346824644425,1.876515940612154,1.801688589735386
15085135,"Halberstadt, Stadt",143131048.01688698,71609.21595757498,385177.66127337073,515211.0851014958,665234.3599795474,714600.1612392367,721086.5471352782,5.003052583610394e-4,0.00269108391652331,0.00359957599863804,0.00464772926067767,0.00499262858157041,0.00503794639336534,TRUE,-1.110321519453778,0.15841825333933243,1.0434431336747088,-4.088972215556195,-0.39357949845899876,0.8682236985724288,-0.4877222394981524,0.028782877471709236,0.11542360306791388,0.11126321171385875,0.5031459362561361,-0.30041269136016735,-0.21006606019950075,-0.26354121518807333,0.08836245153213443,0.2539421785003882,0.30193160268674757,0.1717124123002832,-0.9401598867769404,0.2671927635969496,0.41828031696783946,-0.3828579533719535,0.051874122795487095,0.05909993084639255,0.48237708735153384,0.2990372553484285,0.03051328918675437,0.05712849472059165,1.4695553914009463,1.5839151987623121,1.6929575395991443,1.625449704950146
15084285,"Laucha an der Unstrut, Stadt",31291212.558839347,5013768.558658257,5036427.373967653,5420191.591162791,5430191.289404978,5476018.340891681,5925996.186594807,0.16022928319669527,0.16095341030640023,0.17321769110004206,0.17353725999573072,0.1750017942128222,0.18938212047397288,TRUE,-0.770828593411848,0.06963455895907077,0.22787577187649172,-1.9483704576869867,-0.509311447934092,-1.1539611682580682,-0.5341294470855849,0.22022313288914255,0.11315347016884872,0.3353656093005928,0.5810900164415608,0.2229018620973277,0.2630149597522436,0.7758835902481424,-0.16611843407619376,-0.34863308511705454,0.04379503171369294,0.2929424313166141,0.5905770302584047,-0.033607893332617024,0.1833449655261655,-0.07036343411389546,-0.15024204151228213,0.07002961833398069,-0.025896194569977445,0.09364351499495055,-0.15777275419209516,-0.2953899823696793,0.5157570763190477,0.5558929434243218,0.6381158747410063,0.6126705697340558
15089075,"Egeln, Stadt",29294178.795537453,3420418.550158171,4532496.529621729,5449531.573851074,5501350.814649155,5724519.48108854,6392976.151034292,0.1167610320818832,0.15472345414619337,0.18602779794193217,0.18779672415624113,0.19541491574293893,0.21823367009721975,TRUE,-1.1668571171624065,0.5266091326861875,1.5047126320030937,-3.7134768338187474,-0.67072424724742,0.7571549012745208,-0.39998916641399973,-0.06212462786232088,0.8255501936173247,-0.023524930626505687,0.3440050180157315,0.6535234126004991,-0.37984578405368674,-1.1519989111038302,0.08921470340622276,-0.2526214574768207,0.42244575450912797,0.1582829420553247,0.18961618651445983,0.5274008864222615,0.05059108828564753,0.1678563561276219,-0.21165280412809281,0.048895983169657604,0.06368021131252842,0.08623964120392984,0.2881548825089582,0.539497875282213,1.379987154453627,1.4873768221503507,1.5735533919590852,1.5108068790011189
12062240,Hohenleipisch,34973457.18011927,514397.8485153883,514397.8485153883,514397.8485153883,514397.8485153883,514397.8485153883,514397.8485153883,0.01470823561611743,0.01470823561611743,0.01470823561611743,0.01470823561611743,0.01470823561611743,0.01470823561611743,TRUE,-0.7551337476267972,0.3339201924528987,0.4686812756647798,-0.8643671193094763,-0.11159480491056697,-0.7962052643802412,0.23218902961505636,-0.31713780953949633,1.3944656675096943,-3.5842554017979396e-4,1.068254824590857,-0.4515364610464266,0.13168930607982413,-0.438936279858333,0.03575276959780191,0.6789869665490142,-0.09624902530174644,0.1915320774045225,0.6336990001911412,-0.33772031134162,-0.7998274120643549,-0.6666219074384854,-0.7424900142790347,-0.1854335434493787,0.07041504839488386,-0.062211553404634544,0.01582257349696044,0.029623807546767692,0.12031839322750239,0.1296814892714079,0.19941644438157957,0.19146457787653393
14522510,"Roßwein, Stadt",44548404.68439212,2221870.2044313513,2251829.1829469763,2321739.1087282263,2331725.478845414,2421607.847986039,2441582.1458376013,0.04987541574546666,0.05054791970442709,0.05211722227040075,0.05234139124318299,0.05435902509062166,0.05480739800078697,TRUE,-0.5029153151563317,-0.09061476150947617,0.6949132592376333,-2.0469329246999384,-1.0960494813020283,-1.1753446876907316,0.09522867131728205,-0.11043628705149994,0.2012046477575547,0.4349787410754786,-0.03364650599709436,0.3632171654622747,-0.7229008697518233,0.6482670929816607,-0.43692674730044867,0.09295166899639642,-0.1654414823365953,0.13227054563276402,0.1510394815810732,0.3759066770129015,-0.28591625109363134,0.03157351350123601,0.0763466325258239,-0.16101153224440137,-0.03482023892535256,0.2103033868237175,0.03379439419060848,0.063271542385599025,0.7744125071697465,0.8346767650918229,0.8993569645707401,0.863494493224269
15084275,Kretzschau,27862618.456292495,1089421.2491318705,1109414.224717808,1347407.3938570984,1363997.8256079503,1371720.781382856,1409687.6202188556,0.03909974401152651,0.03981729952833122,0.04835896511201013,0.04895440203323407,0.04923158186064406,0.05059422618266129,TRUE,0.26566875853604655,-0.257905652454597,-0.6754025260414613,-0.47456199367046414,-0.5412656230797354,-2.150651136962837,-1.5678763902761252,0.5893249221720044,-0.3214979954529839,-2.7780702530442416,-0.625520603447335,-1.2859412010325697,-0.4595193436683938,0.45896883668474475,-0.018758168289614786,0.065274426009672315,-0.14379359219766083,1.055806842889819,-0.04163829377609209,0.007796744823638224,-0.03569926395141991,-0.12241657226438103,0.09662496506601419,0.4453620419646724,-0.052299151030771644,0.13581966474917573,-0.2225464733200039,-0.41666255474244557,0.08239143281285721,0.08880307843019108,-0.12982359500757845,-0.1246467907580252
15082430,"Zerbst/Anhalt, Stadt",470839918.7841749,19508452.734218594,20008332.90884783,20547945.323701274,21785186.388508823,22135090.852376007,22425022.66194632,0.0414333023941433,0.0424949799509657,0.0436410433863831,0.04626877526604702,0.04701192479502223,0.04762770055659952,TRUE,-0.1870018936333052,0.1082993542650283,0.7404664985873819,-2.1877781497595894,-1.279835154441314,0.010322410651276795,0.29023255179777924,-0.3264986738490409,-0.9252631594276256,0.29173323465999246,-0.2403518090062263,-0.04499258199478038,0.008991512504513098,0.5555888092363519,0.24882276418916285,-0.04057462376362573,-0.48960158640215723,0.30120587712868724,-0.2671195708023083,-0.053522161852501304,-0.17252249749022572,-0.18917179238941337,0.06708876378329749,0.018996911936249337,0.2789149048628405,0.19818239279836564,0.22058798640636834,0.41299577832181167,1.1191057211487638,1.2061937720221436,1.2657354167281831,1.2152633551299346
14522540,Striegistal,76962481.08636077,164824.0464546029,164824.0464546029,164824.0464546029,174810.4019233529,174810.4019233529,174810.4019233529,0.00214161555251384,0.00214161555251384,0.00214161555251384,0.00227137170548329,0.00227137170548329,0.00227137170548329,TRUE,0.4069526356153719,-0.205725837500692,0.28074041212303474,0.8790416999844575,-1.3900169629829444,-1.6488670686817477,1.412400824509918,-0.6052578973963515,0.5610798537095433,0.5518611288683861,-0.2697950943001191,-0.7176342306124949,0.4186362007361418,0.35908597956835747,-0.22128809209526495,0.5065293537503999,0.3342233341821698,0.05463766253033498,0.1419620759036184,-0.2055920584419352,-0.42176668018206503,-0.12322864123493285,-0.04979026237546334,0.11601061559266161,-0.0032085032411386695,-0.028062639534705062,0.1606557367459049,0.30078764542058284,-0.06375716150731393,-0.068718700725603,-0.05116750105421583,-0.04912716210904166
14625310,"Lauta, Stadt",41960731.07325869,53614.38816222364,85273.54709508803,85273.54709508803,85273.54709508803,85273.54709508803,85273.54709508803,0.00127772769422484,0.00203222262610749,0.00203222262610749,0.00203222262610749,0.00203222262610749,0.00203222262610749,TRUE,-0.8234918655465612,0.30683200640946123,1.125839447283384,-3.459377192877113,-1.3441988523768424,-0.6486027796815373,0.267916957857832,0.28813483370737225,-0.24415772602762578,0.33019894563465235,0.10005963039974715,0.5885549879314467,-0.813264294987464,1.2445387767892089,-0.16758139490817855,0.008282025716651703,-0.7797393797735215,0.24400567160609368,0.5347953155578254,0.2765120299168123,-0.6739642557371497,0.3714007486528991,0.0869836071827035,-0.25982807065602326,-0.2205196646353697,-0.25860017566332444,0.203059862715428,0.3801787550369394,1.374383871754001,1.4813374957780123,1.5762319277637784,1.513378606366749
13076103,Neu Kaliß,34299896.21217859,4503005.913387552,7249062.393356459,7257862.433699359,7284151.0619627,8475378.657248897,9456454.264576549,0.13128336848403366,0.21134356642113084,0.21160012814039852,0.2123665627704254,0.24709633535974412,0.27569920929436864,TRUE,-0.47983179136768045,0.4958342670342534,-0.43374387115248125,-1.0221070505168635,0.3766490938430829,-0.869392346738719,-0.7511170220562707,-0.4685441148683797,-1.3098390217850702,0.1339434566343468,-0.2893199608171671,0.36371197799658217,0.007930059105058007,-1.0343734230919093,0.10064608052291384,0.2976238642155067,0.11730690170038618,-0.6182719557364068,0.30349651176449577,0.6098752283348655,0.061244571761408434,-0.20709991082021914,1.160818465248341,0.26858732124669377,0.33322256507809483,0.31522635494523316,-0.1392471318286361,-0.2607053925534505,0.2171802827401361,0.23408110556190928,0.23627488385793363,0.22685326198136282
13076105,"Neustadt-Glewe, Stadt",94120169.25796624,10302608.085174205,15094281.7497264,19623137.093473285,22313361.733749855,24727104.061118823,27207522.182786074,0.10946227749481233,0.16037244587135965,0.20849024442029893,0.2370731152490068,0.2627184402245,0.2890721765301464,TRUE,-0.4747658939984205,0.36906000076254425,0.16802868881388372,-2.2951586108275297,0.09410246376079082,-0.7619597585764577,-0.22422772200437308,-1.2993301131037387,-0.0994820698814267,-1.0136226527480878,-0.3852319769958445,-0.6038464870776942,-0.17335348425662617,1.2273803976840223,-0.41439161406392094,-0.020948648698085208,-1.1059139763057184,0.17402565154057387,0.15503647648904464,0.18224712769650528,0.15399723917227165,-0.7263624992468531,0.10684022484642129,0.07519937982076946,-0.04889158321411688,0.33193857859654363,0.020774265192669155,0.038894610545583366,0.8172238677236281,0.8808196767899948,0.8299712873868139,0.7968756171636895
13076106,Nostorf,20000266.336888578,4808817.101337064,4808817.101337064,4808817.101337064,5589814.153847727,5599819.378457102,5599819.378457102,0.2404376531960308,0.2404376531960308,0.2404376531960308,0.2794869858076765,0.279987240376333,0.279987240376333,TRUE,1.2637399541122987,-2.0540822815469464,1.045901024793384,4.198100214488628,-1.207600053975781,0.27938441069658293,5.098147947219647,-1.2759446503143885,2.8588096521480715,-0.7822987063825381,1.1545763504881132,-2.3926998647508615,0.28613096482750533,-0.2578153243293557,-0.8359718002742607,0.7006089320815688,1.663802855217789,-0.2752828128979868,0.20621682665642202,-0.022796843525400526,-0.1795895502527413,0.7902499195661277,-0.38453570469768183,-0.27286618593375,-1.26115783068723,1.749513068419783,0.08518623245291208,0.159489893114041,-0.7828220597478053,-0.8437407433679189,-0.8649329048389868,-0.830443116314123
13076108,"Parchim, Stadt",124833912.4515789,7819794.733093198,9980686.509097794,11006426.996347249,12002857.019782836,12802142.70002764,12938255.990388932,0.06264158976933751,0.07995172395937798,0.08816856557801524,0.0961506115130258,0.10255340434830468,0.10364375942640967,TRUE,-1.1014221468089591,0.4737800719039211,2.053210660855006,-4.675014534025092,-0.6643324517129336,1.7435296080858498,0.7205883597080667,-0.027627243633322807,0.9146121072713479,-0.27871101530262943,0.057474041072037865,0.1883028071881357,0.5003328326414074,-0.10040128180946034,-0.12362969730945965,0.04264771648741512,0.29042825283998613,-0.12031292887104957,0.023691378686087117,-0.06658816084642588,0.5538362692025788,-0.5923483018830136,0.0683987794592449,0.10987859581044253,0.0012847909092663428,0.2265804708321998,0.47518952864998926,0.8896734243434364,1.9257759594434394,2.075638543073684,2.154225875152692,2.068324651539703
13076109,Passow,22318516.392514024,1565521.308714646,2198058.4944105726,2522500.4362526806,2642473.9020729926,2908396.7783830445,2968383.5049455445,0.07014450607656637,0.0984858695691724,0.11302276512872364,0.11839827771703136,0.13031317706039663,0.1330009330701384,TRUE,0.7143200540273911,-1.688557771076349,-0.5850812954324454,2.7212543207213646,-0.45963073347568334,-1.402287093152813,0.32447318959875177,-0.18544764157661406,1.2931078516409158,0.18524045827497085,0.6023822168913214,-0.07980748988025066,1.2374853728746862,0.6237286061195435,0.2540167807759799,0.7631159474740528,1.3051250137219386,-0.5387739432186495,-0.8862402368720137,0.3122861372385993,-0.421820479124107,-1.2843856364927813,0.34121343196438103,1.3215392657089793,-0.5238706677036333,0.5744804078648397,-0.5197730041604678,-0.9731448203551003,-1.0481414216621712,-1.129707078710651,-1.132337594537594,-1.0871848619315605
16073035,Hohenwarte,6515659.72345036,1562506.4265902482,1582507.0877230607,1602649.5098506554,1602649.5098506554,1602649.5098506554,1602649.5098506554,0.23980786181430985,0.242877491288794,0.2459688777304617,0.2459688777304617,0.2459688777304617,0.2459688777304617,TRUE,1.373316693340391,5.254845834691329,-0.19233350717610995,1.5633238902532849,0.2825446648216184,0.5141556073171548,0.03963152833349844,-9.451404395088648,-0.6539086285996254,-0.8936022448968651,-3.210178782053438,3.4589404720240733,-0.5212529958925627,-2.301569932032593,0.6000911599943818,-0.050354012993909916,1.1894775581918606,-3.51932402466689,-0.005281822319974539,-1.8390478855904546,-0.8714461947096319,1.0573387189017895,-0.6616120511472772,-0.7887091593178835,0.31405207106934613,-0.3160740930826454,2.1452763402852035,4.01649285759053,0.4088727164127111,0.4406909148677557,0.20898165504124405,0.20064836924806412
14522530,Seelitz,31460334.55955229,990092.9293543824,1050036.774080945,1086356.2540954857,1096346.9933532982,1116328.484564236,1146300.347845486,0.0314711506796027,0.03337652916860424,0.03453098224493089,0.03484854845640587,0.03548368128288978,0.0364363686494057,TRUE,0.4090993202942467,-0.3551342011725496,0.2287203889334235,0.46924756633991505,-1.3789443925840357,-1.7422930601983004,-0.07339875000564154,-0.7811152597695008,0.6798049415515448,0.9767931701324135,-0.9389147075362103,-0.06483300434394008,-1.077621831321252,-0.42991014258453686,-0.4491603181042831,0.9495427766946557,0.570358850952991,0.605089110788748,-0.44756116156569314,0.03322211753424442,-0.0524437019434639,-0.13153922707767468,0.19750524958386345,-0.11376689086430158,-0.24697735926196582,0.20130081647597048,0.0942285026850402,0.17641928030847473,-0.045929169832228646,-0.04950334678739188,-0.042780084277607065,-0.041074199287504685
16073038,Kaulsdorf,21969899.448903985,2130148.065578792,2320178.3451556177,2470047.0097741964,2560054.4961023214,2560054.4961023214,2590056.666024196,0.0969575700850583,0.10560714447290584,0.11242868978617104,0.11652554450949185,0.11652554450949185,0.11789114793392497,TRUE,-0.7811755811387049,0.25543756303322585,-0.5839444451145438,-0.7279505706030751,0.2688861825619659,-2.449353786286376,-1.1023432767422332,-0.16300347356929182,-0.4577012480239859,0.5078735174565423,0.11583829924120735,0.3580135997273211,-0.3414436849161618,-0.39411629322929387,-0.07286070594615196,-0.10864808849352035,-0.3923782361589063,0.2463709591398458,0.22430044828948295,0.2746061033941155,-0.09222288705727834,-0.048031224392788646,-0.291201719875961,0.22880852542608984,-0.017736377029068735,-0.1072484194383162,-0.3698941544066743,-0.692534197734816,-0.18423104557184106,-0.19856778102588457,-0.1667445237452039,-0.16009547232228255
14625340,Malschwitz / Malešecy,93169666.46311209,981164.0838769696,1360079.8055566566,1669192.947158219,1669192.947158219,2199051.2344910167,2313966.5952901957,0.01053093910414967,0.01459788209175506,0.01791562651798361,0.01791562651798361,0.02360265221472773,0.02483605107898874,TRUE,0.13820578864296457,0.3783508054585544,-0.03002329304558688,0.5983202769248572,-0.674066222329556,-0.8273771553024364,0.9850837449695063,-0.7925620674032052,-0.1174633256508327,-0.17633598219449356,0.6050067729729511,-0.1294905214874307,0.3579771444696157,0.8245042110500492,0.5980829077929365,-0.7703167882645319,0.26102242922175706,-0.4375906460222295,1.4357137027346147,-0.40796964599869306,0.22712840559561284,0.6115127823383333,0.5798749636018662,-0.2510903694072489,0.12448189406606053,-0.0078940874790263,0.162177767018644,0.3036372660520585,-0.020344287377064642,-0.021927466071082737,0.0015170791130610251,0.0014565845504281687
12067072,Briesen (Mark),110984390.24397583,1786235.1542073975,2015199.8750873504,2055675.322702644,2135478.6716376184,2272811.490625951,2332981.069535764,0.01609447193682585,0.01815750729140699,0.01852220225009728,0.01924125245850536,0.02047865907655709,0.02102080359595791,TRUE,-0.014376107902167,1.0351801602412976,0.044258990308663634,0.2857299359972839,-0.013864448786853905,-0.4558892622885999,1.234804754093548,0.09837287410349778,-0.872532258386384,-0.15770817669189185,0.09586572380351295,0.1031637824786763,-0.4292442435459633,-0.3709146927294535,-0.36093571351547177,-0.5423131414057962,-0.042206028724039786,-0.14798039878319658,0.06445719053663719,0.34676144573402107,-0.22523661634787273,0.28516333077233413,-0.5909465445962087,0.015389073781981642,0.33706043180682155,-0.5333187867289767,0.3550210142159314,0.664687966354611,0.0077954947208999726,0.008402134851503538,0.004001564341806489,0.0038419992389581116
14521670,"Wolkenstein, Stadt",30058200.658077806,626644.4105849266,667811.3862595323,667811.3862595323,667811.3862595323,697774.5708298448,707762.3696579698,0.02084770202026457,0.02221727753620759,0.02221727753620759,0.02221727753620759,0.02321411646582796,0.02354639845907631,TRUE,-0.40815216890761213,0.18379749742084237,0.1633829039843627,-0.9162511721243938,-0.7180522365861316,-2.2962075885834103,-0.04265279590471163,-0.2719832666310366,0.5492636680843098,0.7412742952051552,-0.3523607060475074,0.10331213383015748,-1.0260207011494775,0.19708433942740294,-0.9344347207587052,0.42995300538135783,0.2106987831635053,0.36930382105159193,0.4223940966993895,0.3502416700940383,-0.18783126941702838,0.022367300697601983,0.14722996859823947,-0.0815079960101751,0.09550491168841478,0.08503764664453699,-0.020323922500802356,-0.038051456602482985,0.16117614658869628,0.17371876538550055,0.20990734163190572,0.20153714345561075
16062008,Görsbach,7956821.949945353,1121629.5787567473,1370275.11527227,1517596.0260499576,1643324.781063536,1653328.2625088484,1706744.3552477148,0.1409645189766312,0.17221387180615258,0.19072891609198073,0.2065302945574674,0.20778751528054532,0.2145007599748335,TRUE,0.579851832038776,0.1233846713778336,0.16032037981786784,0.22200004517055255,-0.13222176619234158,-1.4999413538202773,-0.04167264756012321,-3.2330255092986486,0.9737279635693478,1.9205981376120695,-4.390395099670575,1.2546892505885907,1.4299494179446361,-0.04457403106975322,0.2425348346981417,0.18622984499715697,-0.08892012593402118,-0.21715873910564845,-0.25722253502983455,-0.12040882401448307,-0.6731469923275426,-0.1534274946043676,0.948198607755697,-0.09680517201953374,0.2664053582672137,-0.15270861371758496,0.28785229441149246,0.5389313548254119,0.0681807620202694,0.07348654284079091,-0.05777788801176336,-0.05547395538555589
01060063,"Norderstedt, Stadt",58688458.514370754,0,0,0,0,0,564574.3397444753,0,0,0,0,0,0.00961985293251876,TRUE,-1.171637392825722,0.38849429014772296,-1.3715848116884108,-1.4743754357323138,3.7023785507771314,0.7277685745031047,-0.11901295576147021,0.6476296729325961,-1.4352483262269409,0.11314336371197009,-0.4787348782250446,-0.4686500721114947,-0.25796035239172593,0.5169136409656042,0.11803436589160941,-0.27682336522679507,-0.1034200565359838,-0.5717191875768577,-0.03607323356213244,0.17885113392770963,-0.041390429979203114,-0.22927398373845734,0.03872592564888927,-0.030427287604085782,-0.2316725508924114,-0.5805800111984473,-0.7182426381221366,-1.344729521256464,-0.20736291258959014,-0.22349975430130706,-0.2546868644969386,-0.24453105235542316
14625330,Lohsa / Łaz,134452282.92635557,1587562.6543339882,3823041.3985465495,3882877.565538737,3882877.565538737,3882877.565538737,3882877.565538737,0.01180762884631385,0.02843418732161334,0.0288792237738762,0.0288792237738762,0.0288792237738762,0.0288792237738762,TRUE,0.13842595691085124,-0.3492931759802264,0.01298042515414231,0.5665155983929634,-1.6627405952049856,-1.5250122380708422,-0.5595600079534745,1.048299766861623,-0.2664852837590586,0.4368253634174646,0.7809834063847118,-0.18236342411324657,0.08703093861796081,-0.08420047453487281,0.3766295299058135,0.4510611317073693,-0.18982189028044413,0.21564488650582428,0.5865666464498249,0.10511436018329312,0.5728535067044622,0.543530891484444,0.21786016217833012,-0.8171454494350183,-0.2795738934725546,-0.2765342532476169,-0.06596226463841096,-0.12349782627791987,-0.15900132727282443,-0.17137470310031688,-0.10327155726831314,-0.0991535336032515
13076100,Muchow,19385905.8617697,350654.5000093088,444222.75052530743,444222.75052530743,490991.276715487,490991.276715487,490991.276715487,0.01808811527867897,0.02291472751868378,0.02291472751868378,0.02532722897843812,0.02532722897843812,0.02532722897843812,TRUE,2.133654563801071,0.11381537052252363,0.16282955889934925,3.85718821778952,-3.0021291295583787,1.4949292104755718,0.11609348859944274,-0.6668650567073866,-0.14912959567509002,-0.8217589420916617,1.5946687124032708,0.5186838084227906,-0.5302884135185427,0.6546619870542972,1.6556948816911863,1.3424532819243045,0.6424718571133626,-1.1975736563335762,0.4393751670885868,0.17145317727604933,-0.22131198683372122,-0.07435497527629124,-0.4065153417940107,0.6668855598151245,0.14045930330370845,0.15329176615995466,0.803433164407648,1.5042274534970468,-0.40863107851398006,-0.4404304728710561,-0.41971468312907934,-0.4029782743499534
13076102,Neu Gülze,13037220.522105385,4008677.589592192,5707610.817309433,7090498.232400735,7749080.214471319,8117413.393765716,8212753.245644949,0.30747946487483585,0.4377935318062495,0.543865789519965,0.5943813101367957,0.6226337416017592,0.6299466386811312,TRUE,0.22537760428370662,0.39514308583858426,-0.7519128356019544,2.056639910547569,1.1446770655094543,-1.738701137380709,1.1756167090833787,-2.1136042205837136,-0.22084759359148676,-0.5099856196323047,0.0788679450285263,1.041212844820946,0.4397638061643263,0.37648105119169506,-0.31009716584101227,0.14307161730848425,-0.07288497763602658,-0.8038563257907008,-0.08483124173565877,-0.7112725887868856,-0.06019421830744994,-0.30419788119682806,0.14320306892646525,0.5451297472129325,-0.7001874868988787,0.7063487078739896,-0.043797381826554536,-0.08199963239427457,-0.8580828683121325,-0.9248582971897844,-0.9959065933943342,-0.9561941398565857
15082005,"Aken (Elbe), Stadt",59797095.64924925,33346970.538539764,34501870.84579107,36301560.080998264,36914498.84990158,38768264.988953985,39358084.90106336,0.5576687325107308,0.5769823846992181,0.6070789841354783,0.6173292941588717,0.6483302335678024,0.6581939218574322,TRUE,-0.862198885802308,-0.04102801171210476,1.0539496962771215,-3.122615197763812,-0.8197402458451594,-0.3611611166266191,-0.16490903265295864,0.28483729816981324,0.24056551246240818,0.25160866734003745,0.13289010806841223,0.6950101431446883,-0.615322712680245,0.09234707579013104,-0.42244041045863945,-0.2857013591639382,0.15551152973996865,-0.04155306409827587,0.12368341140573198,-0.05335573858384713,0.23470950306015143,-0.18439851622346162,0.19205967691930434,-0.17326635967342985,-0.17751208366866267,0.30867010837175407,0.050240932920902925,0.09406356861636968,1.114463733295619,1.2011905478115497,1.2801583200092836,1.229111135321953
01056042,Raa-Besenbek,12680443.623905033,11791451.54310365,11918296.363719704,11937088.787584431,12413371.294607116,12413371.294607116,12413371.294607116,0.9298926672308636,0.939895852007217,0.9413778525130432,0.9789382503310504,0.9789382503310504,0.9789382503310504,TRUE,-0.1646425913457793,-0.6058342436796222,-0.9205067432999283,2.8882980065606567,4.047228614789055,1.5357860023268242,0.4516252396446024,1.133094392496587,1.9369795590394434,0.012370414765571167,-0.39562410417142474,0.41228848838671084,0.5602243257255068,-0.33513504289440593,-0.033114026339770196,-0.1872659785677444,-0.29509207458573183,-0.2372009633381194,-0.2503136597900924,-0.7466706874641322,-0.23694093250117865,0.3352824064920555,-0.13670425665933456,-0.00870305133939249,0.2893967093484269,-0.2738142445114369,-0.56366119277511,-1.0553144657257574,-1.8434078343910818,-1.986860586198162,-2.099424293769387,-2.0157083205291886
01056045,Seestermühe,18131697.570214853,12006040.561679382,12122297.80859366,13075244.013029648,13292494.651556188,13703800.289539952,13920736.507062986,0.6621575566869062,0.6685693803158892,0.7211263017373785,0.7331081163294892,0.7557924588402214,0.7677569324744716,TRUE,1.070403243435038,0.2594206073107916,-2.31708181892459,3.989493525156555,3.9064147735953414,2.908941810572679,-0.047842052598083114,1.07383322807659,-2.046506419300507,-0.6013308669841461,-0.23590946855103603,1.1633088030849354,0.3396928985346467,1.4728530313961428,1.5659763382635488,0.41670458177590075,1.02188928155106,0.1911283314719255,0.13490256304363576,-1.3147793293713272,0.15939296276941806,-0.12727945867775978,0.06403747937807168,0.7182908949080709,0.2565520833036862,0.3526189311178183,-0.3290859893929201,-0.6161311254446844,-1.782976260501563,-1.9217262680711762,-2.0627110028557993,-1.9804589970893522
01056049,"Uetersen, Stadt",11394260.212415596,2989216.696814065,2989216.696814065,2989216.696814065,2989216.696814065,3091641.2085965425,3101648.7593777925,0.2623440786052004,0.2623440786052004,0.2623440786052004,0.2623440786052004,0.27133321084134787,0.27221150838718994,TRUE,-1.136753685264869,0.3682322654141799,0.05429202634751023,-2.440129973485773,2.3076552957906435,1.432568180189643,0.28046043875172844,-0.2577595254288582,0.2540166759755866,-0.016716778608080372,0.03203171824633894,-0.46129796314908833,0.2599737280774236,0.6429203828981409,0.07512692263421336,-0.1050964373623562,-0.5119026993633072,-0.06107083860441567,-0.4249729652171714,0.2804849132134377,0.43237648332590756,-0.7653802230346455,0.1673148534821709,0.07282881406026746,-0.08923710892849283,-0.3390518155650295,-0.23807646450105965,-0.445738575153346,0.48200601358177,0.5195153957954493,0.5437771842823309,0.522093698793899
01056029,Klein Nordende,10938633.548486909,1355316.410724291,1355316.410724291,1355316.410724291,1355316.410724291,1355316.410724291,1355316.410724291,0.12390180224217914,0.12390180224217914,0.12390180224217914,0.12390180224217914,0.12390180224217914,0.12390180224217914,TRUE,-0.7039582473966444,0.43919702665516214,-2.332027484081547,1.673715124354141,5.476471181359467,0.40492568803649737,-0.5847928332723589,1.424164101957848,-0.9279542131753302,0.14286913638937188,-0.8773184176554396,0.9056004384604779,-0.03493392658155913,0.2633324710613958,-0.057418257472086225,-0.6835881928810611,0.1649197671911133,0.2813901331164842,0.8381130545745605,-0.07268405969817525,0.34324487011620847,-0.1582295913298842,0.5556024870273578,-0.10439873939886217,0.18100243871125107,-0.2866841025427268,-0.8655962349410098,-1.6206122399763265,-1.7991875548194414,-1.9391991143564857,-2.0697247998004045,-1.9871931141050028
14521690,"Zschopau, Stadt, Motorradstadt",22953148.87247451,1099627.27617619,1110149.2464413317,1129895.2029233747,1129895.2029233747,1149870.5896421247,1189821.0369077497,0.04790746935357817,0.04836588010687395,0.04922615233321422,0.04922615233321422,0.0500964201483071,0.05183694156816047,TRUE,-1.375563777191506,0.7908390297143286,1.0263975495488045,-4.369390321014989,-0.9595459026915348,-0.09445876045202428,-0.6551283577272736,0.2329701079942477,-0.38865277432456097,0.2271267840870244,0.5213956261871286,-0.1749956619949981,-0.1292786839872122,-0.5066709152458344,-0.016398278816058275,0.5680669426130777,-0.2926895356754824,0.24899206799196347,0.3731326625668277,0.035490528030811375,-0.3345529490360667,0.4966299218089612,-0.3729049602218159,0.11197180612474848,-0.10933967292207378,-0.2229608798520451,0.14722426735720906,0.27564058168171246,1.5759424250935403,1.6985811995152997,1.8216181093147632,1.748979846841648
15090485,Schollene,65600841.33075301,5758412.138448707,6095178.51722545,6095178.51722545,6105174.780897325,6416226.659252216,7288651.686347954,0.08777954705512628,0.0929131150390916,0.0929131150390916,0.09306549515296048,0.09780707882848988,0.11110607026515538,TRUE,1.5197373567242958,0.7645719223698639,0.9462667098333701,0.18942718046035778,-4.1771214761321795,1.1183109751701226,-1.275225913174515,-0.32768144431656765,-1.0070676940872985,-2.3351808814561847,0.2998284727972771,-1.2427939135772375,2.744610983687406,-1.328082231777154,-1.3441573896407162,-1.4767172166020566,-0.5394285352760694,0.41910873388387554,1.009948622850336,-0.042416887241998755,0.6105574170942594,0.9872088496813018,1.7496119458507942,-1.260295868740847,-0.2908434619455338,-0.20440239145252936,1.0768586629758434,2.0161482449864474,1.1107129950187908,1.1971479296169512,1.1134539873459284,1.0690542514347638
15090003,Aland,92858614.22368714,59435217.180157565,65462090.40437187,70351914.64310285,72719567.28914656,74120519.261825,76220035.82004556,0.6400614275481653,0.7049651876850135,0.7576239989284366,0.7831213926364696,0.7982083286670212,0.8208181487227356,TRUE,1.9074585781216398,-0.5454530773790837,0.9284817540186024,2.4087784530966645,-3.709023160039247,1.6946854056864253,0.6922986182094419,-0.008034364373796041,0.09065457748294328,-0.15049053215812006,0.7965344411248488,-0.14087008384738406,0.4928492123037518,0.5867078066301329,-0.8322953056156939,-1.0689495821372925,-0.08835414872996245,-1.192018142519223,0.7198742899247438,-0.04378082820766424,-0.38599780991858823,-0.16552828362225908,-0.06420363829874619,0.5454168034700148,0.3593464823790806,0.24435545282147905,0.7634957515870529,1.4294546466878133,0.2448319615821137,0.2638846193630117,0.3134161120969627,0.3009184312178642
01056033,Seester,11794495.023722433,11287324.03098134,11420871.026138822,11422093.808273714,11422093.808273714,11422093.808273714,11422093.808273714,0.9569993465832142,0.9683221709083656,0.9684258448793523,0.9684258448793523,0.9684258448793523,0.9684258448793523,TRUE,0.26305534283259213,0.07105042356676719,-1.8633342555182877,3.5867254154306956,3.712111032522783,0.7950226724856094,-0.25746011216164677,1.1452657487302955,-0.3947678292930809,-0.3724969399824772,-0.03383680504460322,1.2738355637014767,0.005467240524667893,-0.35730548207643587,0.8037216585174641,0.15998566583342042,1.0556269559556977,0.3056997490572736,0.383850829496959,0.27184351583654714,-0.10675033710140551,-0.506064846173738,0.2807085202724141,0.8004430349972949,-0.050158589781439944,0.032906821403217296,-0.5097428297063095,-0.9543658298357912,-1.9957664555899206,-2.1510756523272816,-2.2750726567145048,-2.184352585400545
15090007,Altmärkische Höhe,99826543.43260103,2163233.042557139,2206038.6442627637,2701436.5092827906,3191670.218088046,3401688.177072421,4514346.674494182,0.02166991832205097,0.02209871812051865,0.0270613047030592,0.0319721599921261,0.03407598881122341,0.0452219071127319,TRUE,1.614191113264288,0.4010929978910743,0.9883133303294652,2.5580334418245605,-2.963400594743002,0.7103534445297577,1.5177204039983054,-0.34274110085363674,-0.38139218670646774,-0.6369646303181021,0.9486850300437204,0.7363741242068758,0.08816337600988594,0.6802411549795929,0.15227159194653972,-0.49337000078522314,-0.32834092549248933,-0.671792144756774,-0.04849217813458047,0.3989410270077785,1.6889016159567338,1.0129645502143092,0.025389136079591215,0.613518852775901,-0.06219908484399386,-0.06364308675025832,1.0011991471616093,1.874494743677507,0.05525594036563701,0.059555920300222054,0.07652797670506194,0.07347637152502237
15090008,Altmärkische Wische,67536344.79572779,47188137.28937339,50857743.72784241,55533152.664915465,56908665.43572617,57733862.76664409,58701714.010379896,0.6987073024472953,0.7530425859093809,0.8222706282503518,0.8426376287886711,0.8548561954495384,0.869187016086385,TRUE,2.8826593397246993,0.5434959593014895,0.9686414660405834,3.81845237477832,-4.048921877058414,2.9750693131415438,1.4673316673999557,-0.06093730957846673,-1.7723766709943167,-0.5673394537625132,1.0107739113462493,-0.5876684070438316,0.20777301486545544,-0.08254013948394016,-2.588367496114565,-0.8170371506541122,-0.8867127750238841,-0.07061941382239317,0.04893398969513191,0.3758091556307481,1.1225695408964564,-1.0993473001882639,-0.24174041474383381,0.41911384966931586,0.40840040330148336,0.6751591116337626,1.4649322550222574,2.7427188883128464,0.1937902583932837,0.20887088532850803,0.24094184448172598,0.2313341243724854
15091375,"Wittenberg, Lutherstadt",241891947.94551185,44020055.00939323,45175545.500441216,46090803.5886764,46897739.766483694,47557996.399541564,48107602.48059625,0.1819823081473928,0.18675919510399488,0.1905429427483826,0.193878879246728,0.1966084311754536,0.19888054517396703,TRUE,-1.0022065097152215,0.832534584645691,1.0104608062964409,-4.002499945984407,-0.6245142297933771,0.34857587191696354,0.13377645830222082,-0.23940575073659673,-0.6714291039830461,0.12514262712954108,0.24398418200870503,-0.059173626194762026,-0.012561676771914464,0.5275249643366495,0.08619272395116526,0.25185647753744883,-0.40348988124198765,0.25197436735529827,0.056131013744102745,-0.3255208420190047,0.30396597002888776,-0.2934893461383628,-0.0719323480376597,0.028454375163775594,0.07351795576320104,-0.02176290346191248,0.2802629604089701,0.5247222269650134,1.5647489277899767,1.686516631816686,1.7856146082605349,1.7144120099072235
01056036,Moorrege,10968219.25797059,4511321.885410881,4511321.885410881,4511321.885410881,4567864.030337608,4732487.437990806,4732487.437990806,0.41130850681458697,0.41130850681458697,0.41130850681458697,0.416463595676039,0.43147272375611145,0.43147272375611145,TRUE,-0.8402916221093296,0.6164188186303349,-2.299746094901539,1.35410668914751,4.959673480743955,-0.7846531643490159,0.09354436288196226,0.32182010628569596,-0.9517874010913724,0.07011911080866737,-0.6449302228106029,0.17800286531699486,0.6692844557373963,0.47915203650607174,-0.29878513195502465,-0.295842500570166,-0.003064353415997749,-0.04808713893585292,0.05580085863635878,0.2866767413425595,0.1532297855098051,-0.04727046954397628,-0.23302954183555927,0.10583433732111963,0.5040182714067584,-0.06085813702033946,-0.8412062994601778,-1.574948192032353,-1.5855692286894494,-1.7089571544607773,-1.8200345704900138,-1.7474594527057883
01056037,Neuendeich,8692777.980512053,8203875.280461587,8203875.280461587,8203875.280461587,8325736.527350081,8439753.945195952,8439754.357237952,0.943757599567536,0.943757599567536,0.943757599567536,0.9577762765844444,0.9708926150094546,0.970892662409952,TRUE,0.33588368362732884,-1.0235670301673152,-1.6426558999842555,3.934256508606584,3.6851109628557244,1.5903233490928281,-0.1650968943336457,2.4802712041837958,0.2936015926868898,0.3436713745289198,-0.5973696771658145,0.00257595608008184,-0.4175514415480843,-0.21448204533306453,0.6449695015976772,-0.4224684296596877,-0.4024487823199026,-0.2976641272912296,0.6230900982257628,0.3430887541072334,0.25598799809083883,-0.15813903232002402,-0.3470380457389575,-0.06516014279641565,0.061990856520745,-0.6612020593922965,-0.776779748841414,-1.4543256057761424,-2.1566172980479954,-2.3244437986345723,-2.4422320401952664,-2.3448463746439465
12063088,"Friesack, Stadt",84486850.61611748,25465097.10036152,27581354.84685945,27937595.487154808,28095344.675152328,29160915.54710328,29905591.24859325,0.3014089993254355,0.3264573675752305,0.3306738892907103,0.33254103414043706,0.3451533029631037,0.3539674047559797,TRUE,-0.6496903697228047,1.0656078476595294,1.194602219159195,-2.0993154020521163,-0.7276614102214503,-0.3112015710735022,0.7538834343448275,-1.082035426800786,1.147821645459664,-0.3388190152048701,0.39268624215062997,0.38159195399750057,0.3929346923492865,-0.17729109090240977,-0.4354422997465928,-0.351776210771984,0.24896132161635512,0.5425343290994056,-0.5427084388116208,0.5890214029669311,-0.32372297509489056,0.45270597837393894,-0.36645841752467495,-0.1466753353733816,0.16055113243429114,-0.3462642920449845,0.5368398990319733,1.005098308148443,0.8943954068109682,0.9639966528928087,1.00842944443316,0.9682176336832613
01056038,Osterhorn,6379190.011986988,0,0,0,59612.05046459633,60316.05053178376,267385.46126284124,0,0,0,0.00934476796467587,0.00945512681366212,0.04191526835858525,TRUE,-0.20902985301877886,-0.5610720751434187,-1.386708948805225,1.1763658627393891,1.8160232771697373,-1.0642386794978864,-0.16839889278406048,-1.0480413532579467,0.4833373436236008,0.511311060284481,-0.23854992034235853,-0.9291103287959378,-0.021474449079514315,1.0863431448670955,-0.24701343785161003,-0.9030292851504076,-0.5824465214190966,-0.8053942561077804,-0.23003440048184456,0.14853894872422807,-0.6951171583301882,-0.09916872923510611,0.1482177641716635,-0.24229948424871836,-0.21089524708267865,-0.6268191615494157,-0.7189369589891409,-1.346029463250337,-0.9108661637900891,-0.9817491530483011,-1.006262897407365,-0.9661374791953508
14730360,Zschepplin,68292990.34418927,9741874.536084449,10075615.98236349,10508178.524431992,10676463.603673823,10926722.967230864,11089382.006140718,0.14264823500898785,0.14753514133124757,0.15386906432815303,0.1563332276104122,0.15999772322402878,0.16237950557226202,TRUE,0.12875740025749668,0.5022156974112775,0.4697604254516439,0.9781883302470895,-0.7790888063423983,-1.6460397918751462,1.688830368022296,0.09668555046423442,0.2032486137523878,-0.22912693328838724,0.6236601661097507,0.4394460851334155,-0.8342077958159122,-0.2008896010170073,0.2824258134391656,-0.13488901681869336,-0.15901012865239902,-0.1788515138809357,0.09074593276855916,-0.7162394365554234,0.0019751517215022985,0.2299946636355713,0.7871029049026713,-0.45105529588032217,0.391895947173552,-0.40623652676384525,0.3669111743734727,0.686949314439037,-0.24031656645886124,-0.25901783924299276,-0.24868359913415336,-0.23876717128668284
16073076,"Rudolstadt, Stadt",135170794.66884643,3908282.476760392,4094035.3931295937,4404076.936098342,4654109.513246779,4764123.985903029,4824131.666567092,0.02891366057538726,0.03028786952950546,0.03258157168408934,0.03443132464116109,0.03524521696846282,0.03568915665832759,TRUE,-0.8974489023213041,0.4565968417134721,0.6703582855372763,-3.581100291354978,-0.4369969280220621,0.30108214629498364,-0.8971953148016906,-0.11651122315352598,0.10649990420076187,-0.34414455354769047,-0.08475353201640377,-0.33317861964158535,-0.12460897050105067,0.1112586828894718,-0.017813828331397757,0.2614045463082106,0.036133507272874225,0.3959873191651528,0.16017477108988074,0.07342562998346144,-0.36576842117736874,0.19486299103050372,-0.08071648668697425,0.004349310162091088,0.24416760268423332,0.058109479538669795,0.07650207497648141,0.14323098239784016,1.2806873634777616,1.380349588552402,1.4146685992292412,1.3582577255681625
16073077,"Saalfeld/Saale, Stadt",145629313.06071982,3566427.4879753483,3800711.05250723,4040737.746843168,4250761.001725982,4360773.928483794,4420780.833757232,0.0244897638601669,0.0260985303894315,0.02774673355190785,0.0291889106141264,0.02994434181438169,0.0303563941959542,TRUE,-0.8640771224032613,0.17333212321094116,0.8590439470383541,-3.533366195364139,-0.5298147857711558,0.17988215926735757,-0.27992781100749753,-0.22299575398394883,0.22611215230259407,-0.04309402930389674,-0.26493979107376664,-0.3475259104232816,-0.014999271815631043,0.3020141385341225,0.02300617822940416,0.2044107284408102,-0.0338528103174917,0.12027014440540053,-0.18966520667348682,-0.2899512278699006,-0.22374225220460964,0.1429265358493452,-0.12733457218542688,-0.04993817939355324,0.09684756315464413,0.04790267233211052,0.05609964928201131,0.10503254821920827,1.313976431795279,1.4162291896680068,1.4614612686820176,1.4031845054647538
12069696,"Ziesar, Stadt",68034819.05348706,38545.1714665912,129339.00803305482,458916.606067066,491687.266151881,511677.686073756,511677.686073756,5.665506574844871e-4,0.0019010708021634,0.00674531971204742,0.00722699454473936,0.00752082085603093,0.00752082085603093,TRUE,-0.8136580052046692,1.1722404022546327,1.642556152702032,-2.8574694793899664,-0.4168365360128006,-0.11492381108063973,2.4047835525689525,0.3546934991818327,-0.6846312699807041,-0.2730834092781441,-0.27108848444680683,1.0472131574303092,-0.619210652090685,-0.07807517202012453,0.3122037515897905,-0.7587570397424762,-0.4110825014302061,0.1479519405256422,0.029545901422422517,0.3946203763510312,0.3919272555552837,-0.10773659330111067,-0.3241039069416159,-0.09766334927407182,0.10242444681543762,-0.48160066791931233,0.6670461832506652,1.2488769770113328,1.2778411895988637,1.3772819273458319,1.4050536617369913,1.349026190255356
12069216,Golzow,40204631.36360527,0,0,0,0,0,143326.84416385187,0,0,0,0,0,0.00356493367312892,TRUE,-0.8058683939076694,0.6405319762748697,-0.1936199818734207,-0.031538933624583834,0.6754274429848024,-1.5588386895071962,0.08693207590676497,-0.38023335497749744,0.31718667938401274,-0.13082366630768924,0.6245857698885833,0.7499896250258788,1.4716578029744307,-0.2588789209989326,0.32762250926440656,-0.8911559041741187,-0.1292557067996525,0.05505598071353318,0.1270112676693428,0.12299019487521572,0.14496005265297315,0.5410057666866546,-1.2330204664278535,1.642558941596354,-0.1960853117266036,-0.40167605564056386,-0.11965213316874013,-0.22401866335030038,-0.3313327409487522,-0.3571168309185018,-0.3446031252626045,-0.33086184099787086
14729350,"Pegau, Stadt",48700435.38761976,6131659.246557745,6956253.61792096,7534586.927131447,7624542.729865822,7685168.665476767,7705158.876414267,0.12590563508835667,0.14283760632845027,0.15471292745458348,0.15656005268084466,0.1578049272929176,0.1582154002338347,TRUE,-0.603078947015261,0.8101439633220777,0.28483635849866934,-1.2888248297914775,0.3777832969911537,-0.7751335079846239,0.9386548940820887,-0.10411823146192452,-0.21503055726613832,-0.1360413949951774,0.3207563700114847,0.3175399639340235,-0.6194360333847312,0.3892498914270755,-0.10739430611370192,-0.1224970486721246,-0.038568032626922356,-0.04069658377641433,0.254664823904585,0.16569221352051353,0.12207466698299523,-0.31856588629849597,0.18967500884901717,-0.3335899393466224,0.545748669033007,-0.02490753349791651,0.16396712493516202,0.3069873907685844,0.3441879697095071,0.37097244489322595,0.3978422235793916,0.38197799401806026
15082015,"Bitterfeld-Wolfen, Stadt",86398856.20376734,13771636.32244077,14942262.377174444,15865734.623099191,16755627.443288649,20830163.088571984,27228508.006663308,0.15939604906297672,0.17294514110156586,0.1836336187794044,0.19393344055124231,0.24109304224404424,0.3151489406578051,TRUE,-1.1966871294046952,0.4305347579602384,1.408611027041507,-4.948783174771476,-0.7831459416293802,0.6727814373695037,0.1164968846050209,-0.2891800286487305,-0.3551368144826649,0.18587574680169944,0.34153512010260195,-0.1710863141504052,0.08814894441655108,0.8468968548246757,0.1364512422800793,0.09226870178951378,-0.6583819372505603,0.5398391287499508,-0.441490730427069,-0.037744554210447714,0.5498403067095358,-0.7004443674817161,0.057313711423043444,0.0949021651755765,-0.005920636288847978,0.10762881453662033,0.21415288519901673,0.40094766239761154,1.9268961642279179,2.0768459214374015,2.203454970431938,2.1155907031239383
15083320,Hötensleben,60801332.43739974,110142.16120286426,324770.5110951909,1014214.7799437692,1499123.8520210157,1620077.407069164,1713426.674477366,0.00181150900461375,0.00534150318875939,0.0166807985826296,0.02465610196231298,0.02664542604781194,0.0281807421941203,TRUE,0.24066566146800566,-0.32628531113971493,-0.2411437567941074,-0.4202355939489177,-0.8576503873064735,-1.557211709454084,-0.6769365148975142,-0.5127945375439994,-0.571466970694876,1.3753666575737495,-1.6604263795323404,-0.21946140350156187,-0.24508259022546533,0.44245705695175047,0.27052946617670753,1.0349621319275122,-0.09722480423696579,0.08078369438459782,-0.6085144628270202,0.3158089849148955,0.5970318558778973,-0.6891413725310657,-0.3179192247330603,0.5479850035809088,0.288743354914943,0.06661752162368191,-0.10892113548860556,-0.20392755679786853,0.17867797057194013,0.19258256948253122,0.19365080288760092,0.18592884526303025
12061316,"Lübben (Spreewald) / Lubin (Błota), Stadt",120813388.55694766,13038134.928777542,16212010.0182793,25043318.416032396,27782896.661316745,28102513.225468542,28916919.70618332,0.10791961954309204,0.1341905082865668,0.2072892641714768,0.22996537878101775,0.2326109180541848,0.239351946432268,TRUE,-1.0871110309374314,0.6184379293881802,-0.4882033119829355,-2.0285687304048357,0.7908588275987463,-0.41623677712803675,-1.0586548753057787,-0.3749402300778855,-0.03983750063958776,0.12885670070937066,0.7252881622717325,-0.8570678601651031,0.28632214039753195,-0.2890992629234941,-0.2405174095056868,0.38856250006815113,0.3972696501337803,-0.4143620576364423,-0.08103816536300933,0.33967818371512265,-0.29969011849247174,0.15436486871459895,-0.3304716436256212,0.25889545217959586,0.3023907811997363,-0.22692214573992808,-0.31895880451072894,-0.5971705071863336,0.3471514105511034,0.3741664986982769,0.44304067342283465,0.42537412489776566
01056050,"Wedel, Stadt",28241022.934794217,5473573.757910839,5473573.757910839,5515540.303047097,5641929.62133764,6252387.106689203,6259360.005885978,0.1938164127605714,0.1938164127605714,0.19530242639517503,0.19977780671629028,0.2213937902010617,0.22164069695131913,TRUE,-1.1790573851422614,0.49595652461757805,-0.9296796635535599,-2.231990721049216,3.0181328038688706,1.5268086791203346,-0.9841009540626973,0.18665321850951563,-0.5091692810867937,0.17242513039797555,-0.10859271122061324,-0.6402079681461822,0.02573591498609147,0.4194674133774599,0.09580551726177328,-0.07393639821841912,0.17861067380553147,-0.34003164049005713,-0.3961030944599641,-0.10177460961711589,0.14730558697974333,-0.2501475678870167,-0.008175671370454992,0.02283471433447908,0.09953518734952328,-0.5091752460435545,-0.5375935080260811,-1.0065092523169914,0.1724025045380236,0.1858187509231224,0.19920979512374853,0.19126616889856915
01056051,Westerhorn,9403788.53334251,0,199126.99567951943,199126.99567951943,1519195.8250801107,1578536.995869025,2162213.630974886,0,0.02117518859271298,0.02117518859271298,0.16155146616638383,0.1678618133821375,0.22993005673282005,TRUE,-0.9566413753735491,-0.9858390556174791,-1.4895807793811395,0.21962065202114844,2.889224538609049,-0.6570831818171382,-0.9786765092031555,-0.353347184227359,-0.7717068366370328,0.27351738494281874,-0.04133086865099998,-0.6721821704175783,0.24505001508791163,-0.7541054997558357,0.5883217236742125,-0.6386225308178497,-1.1428210441910154,-0.15532000201332904,-0.5446269061665137,-0.26766536891989845,-0.32242061094837104,0.10383018629951939,-0.75660641739532,-0.20560557525291703,-0.5425612056307921,0.2935344120764912,-1.1440204034573893,-2.141891789480867,-0.8207235782831295,-0.8845917324599609,-0.9087745487929257,-0.8725365448630356
12069249,Groß Kreutz (Havel),99446262.16933209,24792472.188055452,27037325.24850986,28596985.30626461,33148513.75059968,35305228.42417288,36174535.86264945,0.24930521919305604,0.27187874796613337,0.2875621937159499,0.33333091689415195,0.3550181540665341,0.3637596333289357,TRUE,-0.1674686654696796,-0.2669860894324139,-0.5536421669167998,1.016191031039237,0.9403815548425539,-1.2599489743332786,0.846526510804522,0.40920783080429446,0.26500071099954164,0.21994952002849655,0.0507006413350127,-0.37992179467336096,-0.21501364095824568,0.027117789598695697,-0.08967717723022836,-0.19059915684549283,0.4080733653426725,-0.23005499219882652,-0.45819629796452016,-0.02892241150212912,0.044210553369163144,0.2708258410943083,0.1987615058443321,-0.1986724524991818,0.3896159434765434,-0.17996989445068373,-0.32936564060629775,-0.6166547023284897,-0.6872259231182842,-0.7407053799944364,-0.7564567537070217,-0.7262925255714104
15084207,Gutenborn,34099759.531701475,609753.4969533188,609753.4969533188,662341.772723686,662341.772723686,662341.772723686,662476.129765819,0.01788146031899287,0.01788146031899287,0.01942364936937246,0.01942364936937246,0.01942364936937246,0.01942758948636971,TRUE,0.30224774975326774,0.5557595761950624,-0.3971163612192055,1.154180208247209,0.023565452461224826,-1.0785905637433684,0.7684113357963217,-0.25926292043104093,-0.4426622792393964,-0.08998444018479934,0.4811803429959644,0.3206138460434662,-0.21777233925325856,0.6887333242370871,-0.4436533340700655,0.15950503438100067,0.24743660022683367,0.34793951187542316,0.05408154396872895,-0.8187380377056956,-0.08734859425071342,-0.34657300705227573,0.21806773317731193,-0.084993954153011,-0.17498328959901288,-0.019264508468710247,0.15363032157637488,0.2876343143927144,-0.42545210559552343,-0.4585605009116118,-0.45648343037357314,-0.4382808427617401
15089015,"Aschersleben, Stadt",157054423.12361467,272747.0241419291,272747.0241419291,272747.0241419291,272747.0241419291,272747.0241419291,272747.0241419291,0.00173664019591001,0.00173664019591001,0.00173664019591001,0.00173664019591001,0.00173664019591001,0.00173664019591001,TRUE,-0.9194095462468184,0.295849968399486,1.9070776609508848,-4.583522150125447,-1.2687117161171688,1.2144118323147346,0.4313565476466965,0.09646610194330044,0.16925188188509938,0.15037532059593436,0.04979877183231137,0.15893922359825438,-0.39695191463423224,-0.08722152758153451,0.1383103535129136,0.12906959747064345,0.057222713032636055,0.2118634907300483,-0.7707359066439934,-0.3287888144582622,0.4898760690947887,-0.30890820606294994,0.07944014511496232,0.024616234883260337,0.18200940016428055,0.12744005474117648,0.4278393610345175,0.8010220900318983,1.9599631440510503,2.1124861512820865,2.220886176597615,2.132326828074617
14521220,Gornau/Erzgeb.,19731806.459987193,152438.19428869535,152648.74071834312,162636.38427303056,175988.60622895224,175988.60622895224,185700.0646352375,0.00772550625802125,0.0077361766662312,0.00824234641682858,0.00891903164496508,0.00891903164496508,0.00941120444353669,TRUE,0.916343878627975,0.18851492659999375,-0.7076704510455364,-0.15150336214270096,-0.09666551319763475,-2.784937812749704,-1.812450365018519,0.2479039277928237,0.18928337234944653,-4.524166385097465,-3.728790447377679,-1.4296744870228346,0.40414255953732653,-0.341957762020518,-0.2827128727289712,0.753434228983944,0.2063927364687205,1.0322493450953827,0.0035794606981836416,-0.36559040664200226,0.07613118870613056,-0.5248637268813763,-0.4122422638246156,0.1928914736281544,-0.19934842377827106,0.050742106287176396,0.13239611806081075,0.2478785844872848,0.04241500241697653,0.04571570923893114,-0.4769084642871685,-0.4578914145403515
12065256,"Oranienburg, Stadt",164113309.7863897,12795786.66192197,13175335.649226658,15189126.997607984,17676164.584522054,19243078.88111808,20944903.457774628,0.07796921942880196,0.08028194462944967,0.0925526821522166,0.10770707511492757,0.11725483390813896,0.1276246483910206,TRUE,-1.0190746439691976,0.21169490774439786,-0.002535461845530467,-1.6480395629251015,1.354369142294069,-0.26728952634880754,0.7399383322786711,-0.3915671459220035,0.039932246970775506,-0.07347246947567652,0.15191775870482313,-0.4761111074976924,-0.09155094120424989,-0.4127083593078938,-0.15695259392703031,-0.19256380683979898,0.17320215978029443,-0.003481078198528459,-0.6063671239976162,0.36996257549298106,-0.39723199831418615,0.3666414239533095,-0.1550764834946561,-0.061982645424403085,0.025563015423312945,0.0041004484678081035,-0.26997173269011004,-0.5054544795646275,0.2954506562053923,0.31844242659128263,0.33701175241296943,0.32357317930968243
15090010,"Arneburg, Stadt",31229038.757685702,2375947.4257047684,2765857.909103206,2958261.9216203936,3317559.0554413055,3357550.285910056,3538179.7351054484,0.07608134993012007,0.08856686017665232,0.09472792116895826,0.10623314669347064,0.10751372502887996,0.11329774709234929,TRUE,-1.171283952806423,0.5459379185478596,0.34424593603378806,-2.7165864062113716,-0.6145487175351777,-1.6232106650819993,-0.7196161819896844,-0.0035755305935630654,-0.1429489699509278,0.20492970730495702,0.7620136713104472,0.23184053652951092,0.2901275596568705,-0.3589705867837698,-0.3284929825597799,-0.05906542813999947,0.14142065012386895,0.0075095235605025954,0.39622302958654587,-1.0110697382714529,-0.1499293820920511,0.25222908052395177,-0.3149463883398986,0.2146851568522882,-0.14976197326110174,0.04545387390706631,-0.09370003274159178,-0.17542985264666125,0.7567172989500824,0.81560452772779235,0.911681909198101,0.8753279722923938
12063094,Gollenberg,30284078.135689057,3363311.983891187,5217341.6792010525,7034924.55010783,8996896.745767586,9036876.38053321,9049645.137389708,0.1110587540033984,0.17228002304790457,0.23229779419362087,0.29708339495944436,0.2984035485591839,0.2988251812335974,TRUE,0.8619738384064309,-0.9712887182558511,0.7128316407104599,0.22036022800566257,-1.7403750555678388,-0.27402695087703977,-0.25491443723786,1.128286961470101,-0.6880382269769982,-1.8038793380706732,-0.6742769791054716,0.7228567287967311,-1.936386034595493,-0.874985547275332,0.37852335450838975,-0.6647939394653715,-0.009576777358013086,-0.7507789582898665,-0.16129247316909287,1.2715673803457148,0.8290025069616372,-1.2294117067039807,0.12638721762514168,-0.10048158832213946,-0.22711395220022923,0.573164885021571,0.2011722536203466,0.37664467958663655,0.3723652381559358,0.40134244932657864,0.25886364114409216,0.24854127718974817
14729370,"Rötha, Stadt",46108371.65275701,2683378.105354493,2806083.481956932,2864444.81605681,2957589.030207704,3017553.6073561413,3045740.232423498,0.05819719953597716,0.06085843809643936,0.06212418078063992,0.06414429580123455,0.06544480967754386,0.0660561222018644,TRUE,-0.7778085335138423,-0.21450099040762236,0.15009594431168385,-1.3995280677491435,0.975777836914838,0.027677960478815586,0.8088071768416407,-0.10545830127292628,0.09873579402365003,-0.05154176229470515,-0.001954702429095245,-0.1980562946251945,-0.1935557281766022,-0.07700561408286624,0.3251555152674613,-0.5214430985129286,0.25642853744190575,-0.40291836106220613,-0.19902575474080433,0.6703500237476461,-0.3099533042226921,0.22129471381989574,-0.016269504545670988,0.15017882298068175,0.3770328457590399,0.22065328201429332,-0.28073785986992694,-0.5256113573102223,0.3203000936186517,0.34522563042957594,0.357261973830087,0.3430159093591452
15089005,"Alsleben (Saale), Stadt",23865976.499053866,2504459.4848281546,2711968.8881893046,2851961.060064305,2879967.3405377455,3100342.84168486,3180337.5633645477,0.1049384878480644,0.11363326735433672,0.1194990307720016,0.1206725122121828,0.12990638961736048,0.13325822069298643,TRUE,-0.9918189223316254,0.9151077177003417,0.8389511949173611,-2.3804444688948085,-0.19875210553724076,-1.0496038487517343,0.32674283216191163,-0.6885698906382244,0.6286464994838171,-0.07394789242692013,0.5341269010218094,0.5362609737093001,0.1501082239739449,-0.374405610553549,-0.49870837312331284,-0.5519115878509729,0.18389347605995887,-0.040646671193330375,-0.09397282588532278,-0.18650943851050703,0.5324115195325102,-0.5369980378797216,-0.08030282140886455,0.22863308450500822,0.5222513609382043,0.13347122194663005,0.2540799967620258,0.47570118268102934,0.7308519698524729,0.787726376200862,0.8503195029478939,0.8164124337738987
03353023,Marschacht,26217427.04059223,22938619.103308342,24745817.298184957,24846967.229362786,24917009.012565903,25033958.435995895,25525493.733136497,0.8749378445029204,0.9438690249760668,0.9477271431285924,0.9503987166241408,0.9548594679880684,0.9736078866021284,TRUE,-0.9339951856477476,-0.6138855630326975,-1.9854589155849927,0.2767830243812795,4.071683282721271,0.3866219253570308,-0.737060435671116,0.50198777733761,-1.4132004072048132,-0.003744480287857011,-0.16199242400445268,-0.2484448191131656,0.8416537650817126,0.45168384378155674,0.7067522821863951,-0.3536615144099466,-0.6383642368337603,-0.37510373035810096,0.3656034287469826,1.168567619399312,-0.299889995723221,-0.19997459345539817,-0.12449492364605254,0.2089089214726971,-0.2414183907510718,0.26762042664541197,-1.1777798880884793,-2.205097972456196,-0.96504899925587,-1.040148460150617,-1.0970593130626485,-1.0533133259518832
03353026,Neu Wulmstorf,56214138.064261325,6917835.077588024,6917835.077588024,6917835.077588024,7471389.383349832,7471389.383349832,7471389.383349832,0.1230621924626841,0.1230621924626841,0.1230621924626841,0.13290943596447027,0.13290943596447027,0.13290943596447027,TRUE,-0.8177964430649678,-0.09129210983740642,-1.2223410544704225,-0.2257188114179244,3.7086142128824062,0.24067538481021092,0.31299925121673927,-0.20647834657690542,-0.5045206377044535,-0.31408574817950774,-0.8802230968207706,-0.4484338832205765,-0.035046782982863865,0.1678753222617354,0.048360126147131345,-0.3926665406201673,-0.253471372673885,-0.2127804961328981,0.059165930063944536,-0.2265171776608524,0.15179928468847323,-0.2143728006373948,0.0014640644755262407,-0.016957152491110804,-0.4254000067547306,0.10775548295896924,-0.7104765357909323,-1.33018943895618,-0.5966006454767364,-0.6430277044958213,-0.7456607516818652,-0.7159270214781496
03353007,Drage,30426177.56255212,26206405.30346428,28099387.425403852,28208509.73497239,28228522.09044114,28288559.78575364,29258774.23281791,0.8613111275508547,0.9235267022167112,0.9271131635572524,0.9277708983459096,0.9297441233817878,0.9616316138517832,TRUE,-0.029536339395878453,-1.0679217615660397,-1.248484553207765,2.030763246759237,2.689805576668513,0.5739144373751575,-0.2476721596504745,0.7553764004948478,-0.13713369843210385,0.047137293660010494,-0.17542576891287434,0.2620638704986512,-1.012683414543673,0.2678314918518368,0.3347418043928067,-0.21261103063721035,-0.5103064447002624,-0.13155181524060372,0.3044673477972604,-0.34116821334055286,0.22656986040937738,0.5669317541555607,0.7345501978994694,0.9322570651972373,-0.3036993907705903,0.44862996007786105,-0.7819808847232278,-1.4640634305628017,-1.2766082080328003,-1.3759529959876067,-1.4454392673202054,-1.3878013923168393
12052000,"Cottbus/Chóśebuz, Stadt",165033343.77745104,14922195.522508591,17375931.76469609,21377930.668943778,23612299.012333285,25561667.772636037,28098031.262717213,0.0904192763774532,0.10528740051542368,0.1295370388772593,0.14307592921449064,0.15488789833347968,0.1702566924936555,TRUE,-1.3117708637603533,0.5800635972262143,0.5884914797670742,-4.120421542887694,0.6434532124151499,1.4048525426969038,-0.2359950661367798,-0.15738538997888132,-0.20491302363389266,0.0038474272795841692,0.40163037932560564,-0.9538429563445823,0.13059604934163244,-0.059029077835087054,0.06072322761233959,0.7498138976532508,-0.1210807539370649,-0.8799729004670633,-0.3655678722822015,0.2675975984512715,0.2657543230577314,-0.7925483096072348,0.10132018902977012,0.19572791708103246,-0.20550370981244132,-0.41836569138560636,-0.04773859558902164,-0.08937856844550708,1.3729495175267012,1.479791521074151,1.570897647209524,1.5082570338817787
14729360,"Regis-Breitingen, Stadt",26413852.589497704,1990731.1387861737,2100646.025433774,2130626.9805118996,2190588.977582212,2220570.0400822116,2220570.099652524,0.07536693604391885,0.07952819522696218,0.08066324188388364,0.08293333848819928,0.08406838921199715,0.084068391467265,TRUE,-0.835425335651826,0.28903755422636473,0.8329208621397296,-2.421342445121536,-0.4993104282826921,-0.4105113550604166,0.04867519462082609,0.37782932967250277,0.6205220706765283,0.1762284188007271,0.17305626355328171,0.8031941670444225,-0.012498843610001217,0.5705720084325859,-0.20176156926568847,-0.2705980583121016,0.01977359374377392,-0.18508567629896888,0.6570045457790156,0.46467014149414826,-0.4838533927613478,0.4094174061153731,-0.15823754370624135,0.009904005983657902,0.29841013580365167,-0.05249672744894469,0.09551102690475614,0.17882048581819995,0.7922436136475283,0.8538954762245712,0.9145571603612694,0.8780885708576338
15089041,Bördeaue,25625856.223561212,1842446.6541164224,2527964.1006989167,3691684.025670459,3820378.079933652,4110140.122872657,4368414.992738953,0.07189795486413521,0.09864896137107908,0.14406090448116263,0.14908294367237873,0.16039035289262515,0.17046903543938938,TRUE,0.33706690586404825,-0.4412194212108598,1.1753019078751772,-0.269212763440275,-1.5788727383016006,-0.1182837910020332,1.3099561724227247,-0.42457113038712974,1.497713682235128,0.37552490124073196,-0.715280747717179,0.3958910129614679,0.15801770974799348,0.16487434600584597,0.3294983351157123,0.2701111541203188,1.0910242463480158,-1.0395160046336311,0.7708587716695293,-0.8981840195196904,-0.4084080233948754,0.35635468831663275,0.54092347273797,-0.9227585662429233,0.3304722168347672,0.4003233574242011,0.35704979750945526,0.6684863551472429,0.49171598598119326,0.5299809916845211,0.5361627291394022,0.5147828752345791
15089042,Bördeland,92589396.21778189,0,287320.2996189383,870632.4884244838,879956.9235455018,3176348.110209879,3176348.110209879,0,0.00310316635981862,0.00940315547988505,0.00950386285569605,0.03430574385363427,0.03430574385363427,TRUE,0.32823977796723025,-0.5411496094600514,0.4916766205837913,0.19626590521827175,-0.3663521762340952,-0.5815626745257486,0.3860760220605986,-1.4026225627518871,1.5218197821859234,1.235603016458128,-2.553129191437159,0.3051395256472119,0.844529575034982,-0.9942940573159769,0.13339209710752165,0.10812517610300201,1.4398783939398394,-0.18281175457480145,-0.28852893505053556,0.12425320622955215,0.1708908860364273,0.389702400701624,1.0269378926068002,-0.297606801880118,0.1977589863538187,0.24051336705776172,0.09292226303032337,0.17397367358408689,0.04908314673947212,0.05290276404594505,-0.015056146610163147,-0.014455772512150883
15089043,Börde-Hakel,39050696.80558405,4100006.744282152,4288992.549053783,4593352.926733445,4673363.911108444,5262868.783851042,5831045.4845609,0.10499189719185426,0.1098313961055998,0.11762537681726128,0.11967427711661673,0.13477016325861,0.14931988316600514,TRUE,0.11627447923726901,-0.10127290876825037,1.1754460035632748,-0.5220209561452184,-1.7377256987360934,-0.6167589891853088,0.5553281052083774,-0.445735527690521,1.5415215696305589,0.8966968666265391,-1.2623647496856392,0.2760896429159693,-0.041084153572348805,-0.6860016217242176,0.09423809969556159,0.5159918234316578,0.8264825535046135,-0.3994014950257662,0.3820410677729014,-0.22664002080464432,0.09099603150861217,0.30964806111554455,-0.6365191354721881,0.8221511341357456,-0.3429731723471888,-0.2798742027865998,0.3968158580107645,0.7429383476382371,0.4902845474702936,0.5284381595961394,0.5365711709510443,0.5151750301508685
03353040,"Winsen (Luhe), Stadt",110102487.40096176,41909918.04744613,45825171.72535396,46805655.1045467,46805655.1045467,46895713.10845295,51160346.525543585,0.3806446070089425,0.4162046908029588,0.4251098790719768,0.4251098790719768,0.4259278261141565,0.46466113285190586,TRUE,-0.9798828029557369,-0.10992599354130803,-0.40826907619183944,-1.3376270158386507,2.597483160545531,0.7951799642510596,1.1108980707198535,-0.16333103809253935,-0.5221376554737476,-0.017193064967745475,-0.2733346214009802,-1.01663755680672,0.15877852457983715,-0.05361269886166074,0.3727404283703509,-0.2785399918776069,0.0235306458522184,-0.006706931292246221,-0.2239617060801134,-0.3533263167792263,0.29745498933325043,-0.08479734661672503,-0.09563883436157047,0.12236861099725657,-0.2536070369024305,0.16831488148934273,-0.49935929089629477,-0.9349252530281461,0.10149143135745799,0.10938942595281889,0.09683212396857054,0.09297087709103252
15089026,"Barby, Stadt",154068531.47643584,95755774.3446193,105495550.96117276,113543429.46555994,117918188.0448177,121282110.04014856,123365166.5252507,0.6215141627365012,0.6847313331944616,0.7369670391317124,0.7653619263765931,0.7871958593874063,0.8007161835258936,TRUE,0.6842489915447777,-0.5302025799665326,0.6207125465792653,-0.5862349415727117,-1.6859640912361615,-0.4860486949511286,-0.6915066718174536,-0.8250412937253174,1.2290895983194436,0.6333015418775335,-2.736925515397458,-0.0611288445088659,0.3229487319591257,-0.224396281413866,-0.27918010770818397,-0.0014213756559713598,1.1131954300977438,-0.109010986970491,-0.13212248016554545,0.41505263301891004,-0.11102491906404928,-0.23163797541337683,-0.16705889050077374,-0.25384210478880276,0.10021294801197718,-0.052263724799728385,0.25825298605250346,0.48351406038133393,0.553481249309374,0.596552786060913,0.5019928947074052,0.4819755862172562
14729380,Thallwitz,52846176.25461788,6710127.506484496,6922996.777616337,7341973.669477606,7411917.03861823,7465059.754936382,7663809.131526181,0.1269747024676765,0.1310027946820728,0.13893102944862618,0.1402545569788609,0.14126016836050764,0.14502107199963196,TRUE,-0.27560403349658297,0.04956816698864134,-0.6527949237655818,0.39622602334775947,-0.10963727387406193,-1.9320725705038562,0.13986185197690898,0.5177129178185387,-1.0533161440763152,0.231183499287376,0.8196664304290696,-0.6810819214932021,0.24539955660625334,0.3573517515471144,0.6101122197008926,0.20985322272789073,-0.7352700419020247,0.16348769780658792,0.22585025900059003,-0.7928849824503683,-0.021600253524278266,-0.021302654655649983,-0.18072863254901894,-0.14869495927734097,0.416593590949634,-0.17733127634443357,-0.29294359675784115,-0.5484635438147447,-0.3454776665927258,-0.3723625051162564,-0.3247319961198834,-0.31178308666023397
12067024,Bad Saarow,50191505.692928255,0,0,0,10121.067818716245,10121.067818716245,10121.067818716245,0,0,0,2.016490176771536e-4,2.016490176771536e-4,2.016490176771536e-4,TRUE,-1.436210293105006,-0.4989485183906662,-0.9282209940925719,-1.7285883462320712,1.9025404560532808,0.03343424819930314,-1.551192323291769,1.377246264235619,-1.3124289676173346,0.329696488572499,0.24254134103332312,-0.675912534195726,2.047810904556396,-2.0498176453807995,0.7789546992640832,-0.046617910287742086,1.1913186712255566,0.6735408721561701,0.5258117023675313,-0.9808145774739572,0.38154308226560923,0.8487587571814311,-1.0448087843977667,0.5063938377068148,-0.17035059549752718,0.945467919407381,-0.9544599351960814,-1.7869872708621424,-0.023246944261850675,-0.025056005752885236,0.010302665168710092,0.009891839379884915
15089030,"Bernburg (Saale), Stadt",114041858.67608124,22159952.84655172,23882755.686345033,25821688.465260293,25971675.13615873,28316322.42586855,29326108.844572347,0.19431420273054067,0.20942096142242309,0.22642290089819492,0.22773809053680344,0.2482976229482265,0.2571521473345042,TRUE,-1.0694479525057117,0.09998126282119778,1.0620136807544096,-4.09620510130676,-0.5436411075055069,0.6316976583766737,-0.04155318948404857,-0.034359830025535686,-0.05601537819543477,0.13213773439720558,0.4404925741157178,-0.359707315474373,-0.027190686978303468,0.40143858265978616,-0.10558011878005007,0.4184656389039663,-0.18229881840232706,0.02798036436987773,-0.5984989914056105,0.07641531295290657,0.0783265343271852,-0.2880247754938647,0.09423017557956415,0.01654854713937974,0.02062350009737966,0.18910957967094916,0.030848997023298574,0.05775702359698699,1.5323024263880851,1.651545165604633,1.7612853600959586,1.6910529070793208
03353031,Seevetal,105567154.45821892,19804611.446380395,21008296.68794075,21008296.68794075,21008296.68794075,21008296.68794075,21892530.138987023,0.18760202023081535,0.199004101188077,0.199004101188077,0.199004101188077,0.199004101188077,0.20738012927734625,TRUE,-0.8137691277451408,-0.06461585379989324,-1.77224410520619,-0.21536933994978508,4.1311698427693,0.8429720300973758,-0.9198283918348632,1.0415561338424537,-1.3484606367060097,0.22790806876975814,-0.8490050233293783,0.19990893239070834,-0.024047065766309432,0.1284669504423763,0.1180029223929806,-0.23252995679838365,0.38196531052929367,0.12245344781001725,0.017482802147526202,-0.4332362215615653,0.21313264956734812,0.09218281929956641,0.12083485487792704,-0.002053559889413144,0.10356610658279716,0.25042121530494366,-0.8835430289170746,-1.6542131185521514,-0.7963773655677244,-0.8583509139254052,-0.9327044473710716,-0.8955122224411892
03353032,Stelle,38517989.7299618,14725842.687393626,15814379.20822496,15814379.20822496,15814379.20822496,15824385.80197496,16636823.694618035,0.382310779732591,0.41057125044933246,0.41057125044933246,0.41057125044933246,0.41083104058428377,0.4319234677420569,TRUE,-0.6839529942668154,-0.48298045192992745,-1.6584232766163751,0.4274421252827502,3.4514081812562973,-0.10773903392088283,0.010209727497294527,0.9296768767407915,-0.8710233423860171,0.20275635556294203,-0.4383760571748555,-0.16338020263011954,0.03455902764075735,0.6254301901183771,0.03740622966052927,-0.3332293176247767,0.34771031482707776,-0.15649582395139905,0.083564385673435,0.41224446564707073,-0.3649627177826146,0.09521888509633089,0.10537973868754928,-0.18621405404868535,-0.25902299651053295,-0.010832384340493903,-0.9417855742710394,-1.7632577031724208,-0.9325635100381449,-1.0051349721172522,-1.063230147341238,-1.0208331212483464
03353033,Tespe,24913541.730306573,16680326.365790589,19336256.941886596,20698615.29132839,21038815.40362691,21431993.1732812,21569026.00491388,0.6695285056760707,0.7761344071912755,0.8308178546187653,0.8444730834088445,0.8602547724962696,0.865755107740294,TRUE,-0.49668550405031625,-0.4301916486045248,-0.7674755150608712,-0.033464824133225116,2.1996271785660118,0.15914511952745405,0.24577845815612953,1.2026059959700008,-0.987209949392751,0.04656121343327136,-0.34477293150773897,0.3348584233156872,-0.492706565985637,0.1381492775652902,0.027579651266095972,0.4700037546827798,-0.2317737831341396,-0.16631790745824435,0.47777250159449336,0.11532550923384466,-0.19157118838261866,0.2052462782654269,0.9910417516769383,-0.008584363403003415,-0.06676604911703787,0.4690312337064108,-0.5647842225719041,-1.057417057859452,-0.45465785873872194,-0.4900390260257367,-0.5296880445317824,-0.5085663730843877
12069270,"Havelsee, Stadt",82086481.8986311,10233198.468469938,10360161.63121465,12320884.143845769,19418763.32697267,22363195.99459055,26400814.29439524,0.12466362587090714,0.12621032588542963,0.1500963844334427,0.23656469223462365,0.27243457725727543,0.3216219489951793,TRUE,0.06652655648255212,0.41012168935993,-0.5706315683108985,0.8638111202872027,0.40368322151804087,-0.35747940118940585,0.06345558549210384,0.0589035698454394,-0.6638281497344315,0.05519389712862296,0.235576763116352,-0.5469326780973311,-0.3345617068620366,-0.4166836551577918,0.29819510920439196,-0.5893484103575134,-0.22141978906647894,0.36354293347812017,0.1360062985180438,-0.003413314326465638,-0.05247464931274391,0.314319650249677,1.0960338014009157,-0.09764397302385112,0.6241201831380074,-0.5286140370827523,-0.03132777415613878,-0.058653413911986856,-0.3935441052235331,-0.4241694415156615,-0.42555201467512255,-0.4085828383258808
03154007,Grafhorst,52106.05434862879,32630.94078454309,32630.94078454309,32630.94078454309,32630.94078454309,32630.94078454309,32630.94078454309,0.6262408695584105,0.6262408695584105,0.6262408695584105,0.6262408695584105,0.6262408695584105,0.6262408695584105,TRUE,-0.0014165531950326238,1.3282489589262505,-1.700153324942044,3.3014613252102327,3.365826034250742,-0.8788506763877407,0.47877887419459997,0.2274649967950573,-0.7355524633303191,-0.24617773620139563,0.3651181746621707,0.333384718418156,-0.8060575521730265,0.37891264831291055,-0.20323338006145134,0.8839727628104682,-1.7272774648450637,0.961818100962056,0.15499879463853647,-0.05029902051533181,0.4964568486812204,-0.1887140294077957,-0.19222623299719802,0.11270722356211887,-0.25577581227163404,-0.8483679848152936,-0.12444030640360866,-0.23298331896953814,-1.8967268118247378,-2.0443288104201307,-2.1312180765620794,-2.0462343045842095
13076090,"Ludwigslust, Stadt",78687879.15499775,0,215163.9082432633,1078783.8354422704,2395344.116506901,3220096.252398506,4004651.473945881,0,0.00273439709589119,0.01370965702757478,0.03044108117069214,0.04092239220294179,0.05089286325861701,TRUE,-1.2519910530680185,0.4435921106020352,0.5281343151835018,-3.58168095457126,0.28714938269751417,0.36120787762271056,-0.2179229542783079,-0.429401885300236,-0.47664425762927015,0.17426574709920506,0.3136091995208301,-0.6628862863848007,1.0527758968097265,-0.06247896413427264,0.16806755870578322,0.38143101072628993,-0.45864692960967585,0.7018395809487364,-0.3952954889074979,0.0939029974155561,0.026218643100729654,0.06182201477930605,-0.36547751841507264,0.3503429359631322,0.12844344344584663,0.2401519479585879,-0.09342154242749383,-0.17490844925611537,1.1863481015590147,1.2786689090302286,1.36678942884258,1.3122877697022384
12066176,"Lauchhammer, Stadt",89197406.67839389,3585222.273423892,4532322.7292437395,4590689.354084942,4600670.495686504,4669793.881259203,4774345.857671515,0.04019424338591598,0.05081227019957291,0.05146662358286853,0.05157852304242961,0.05235347141981828,0.053525612856500183,TRUE,-0.5404081355233336,0.13454903287296527,1.267963461574385,-3.1013493970513086,-1.1804150218360578,0.25139839469707814,-0.06780382161428693,0.6103465960609814,0.43200930501634877,-0.37693275900572587,-0.4892942379734569,0.6470340242441694,-0.6724703127829713,0.18907906384721093,-0.25610536385840066,0.039851278597423295,0.4231996004344096,-0.43126956033524283,0.5577240896032414,-0.48264784666949234,-0.13412374202477328,0.2881125551578943,-0.04530766752186145,0.11401768299277877,-0.5374881146357061,-0.09176203177544044,0.28736811964133896,0.5380248587858907,1.3020489087328002,1.40337347482201,1.4123466367577748,1.3560283529313013
13076093,Malk Göhren,22567596.876604214,4434790.8700578455,5352522.690708423,5362525.432083864,5794050.243779575,5794050.243779575,5794050.243779575,0.1965114360339973,0.23717734413527092,0.23762057880620793,0.25674201269459296,0.25674201269459296,0.25674201269459296,TRUE,0.9534350680935306,-1.3957191027023619,1.8427227554832681,-0.35956007001877394,-3.3414970936252226,0.6126892039748061,0.32978939475263697,0.14484901686220775,1.5330030627294748,1.2220862287869845,-1.3438395028118524,0.9036157595799794,0.7556318644301644,1.4685786604721198,0.38138111114941187,-0.11633918071747297,-0.4552446990589707,1.5807162035120372,-0.06058948802561661,1.1143009059101536,-0.7643038351347544,0.8080752071159152,-0.3176809092900826,-0.47402003493216205,-0.23918050289378381,0.11804733546307127,0.46681290695814565,0.8739902973894726,0.8638837286774254,0.931110576588199,0.9742478327833156,0.9353990370726719
13076094,Malliß,25198896.813759897,560159.8387831999,560159.8387831999,560159.8387831999,933951.887179209,933951.887179209,933951.887179209,0.02222953817872391,0.02222953817872391,0.02222953817872391,0.03706320534910175,0.03706320534910175,0.03706320534910175,TRUE,0.16232201619858627,-0.07676741750034134,1.402265579226253,-1.8943175434794755,-2.2491833396530625,0.3426312889221942,0.30801059085813215,-0.5834033609367096,-0.3414354437505446,0.9699304819878527,-1.8920044979103312,0.34145469240489357,1.3429453733256866,-1.0385363541797155,1.1434929306370898,0.548897601240845,0.31286854328510316,0.18002742786357517,-0.3507971062439781,0.3710641033176282,0.09472046622357808,0.4452377236051164,0.6871268052443322,1.4203327357377635,-0.1997548252917328,-0.26370320795563007,0.495940059308166,0.9285235979153409,1.3087246348775838,1.4105687014635981,1.4257545453508866,1.3689016120396382
13076097,Milow,33811313.7109227,0,0,0,292513.41397090827,778223.5513542813,778223.5513542813,0,0,0,0.00865134719318558,0.02301666116874001,0.02301666116874001,TRUE,2.2141350128986685,-1.101267156936992,-0.010783929048741304,3.6054709230195012,-3.235852524874223,0.7783883253958584,-0.2570255207607103,0.6884149108577676,-0.34100013501266624,0.7681427971600939,-0.08609642856844733,-0.9649121168542756,-0.48639059194634343,0.2728218861339506,0.6342914673487402,1.5771794739186493,0.13371099354130556,-0.02592636055508756,0.9047517032658386,-0.01787913263337571,-0.34278036893742164,-0.6454215159665261,0.24465498857484852,-1.5185112685343303,-0.18144129715166663,0.027443674243710674,0.3673613089709784,0.6877920787775443,-0.4730875706419852,-0.5099029256536106,-0.4868660063610026,-0.4674518928437676
03154012,Jerxheim,17113326.613570314,0,0,711.8285089637832,59711.90686628573,226130.82028724873,372747.6025578177,0,0,4.159498179619421e-5,0.00348920512151834,0.01321372667006392,0.02178113063431168,TRUE,-0.7302538500323329,0.7043227474259329,0.49437481130445055,-1.4829190102168888,0.58645801758431515,0.6858516971557661,0.7949222503758668,0.1252807325545841,-0.7268380973681468,-0.4309851292649367,0.457319211270824,0.5822557396372176,0.5713990637861872,-0.7637979997493082,1.5365163527374917,0.21486055230671713,0.11334973846029245,-0.05780732932277704,1.0218771592078764,-1.1348390682668232,-1.0120654091752064,-1.1192168410957792,-1.396565537933764,-0.523910227538361,-0.3974455550701646,0.003297829399868569,0.15614790289935018,0.2923478551204275,0.5431329115093338,0.5853991476071868,0.6104567586388022,0.58611437971989
13076085,Lewitzrand,46857704.728255644,6466910.787532117,6849090.832675776,7268549.6873842925,7608981.871738847,7875765.797008913,7978539.465118914,0.13801168505875425,0.14616786870795465,0.15511962716776623,0.16238486105681055,0.168078352166058,0.1702716663436521,TRUE,2.1851380472072712,-0.014859723046547535,0.5792153855983838,2.9740005818430655,-3.1142466502224297,0.6515069478316341,1.06213738397932,-1.1417288638179117,-1.3335001210057507,1.4371607002979752,-2.9072772124740838,-0.4295105017228468,1.5833950845502645,-1.0437206163242256,-0.540094243181802,0.27703579688086616,-0.6950862272164803,0.8466228779197816,0.3746413618088703,-0.9412239029432768,0.016585941264434405,0.6007832750833817,0.20157977144596326,2.627739725699583,-0.8494248581777324,-0.2870136748510218,0.9164979032530359,1.7159128701914135,0.10429492149989891,0.11241108180340872,0.039392569951533576,0.0378217644017872
13076088,"Lübtheen, Stadt",120367065.3655023,8025382.233788904,9264166.368920589,13572040.588544782,21865711.128701717,27083858.327965587,29073365.20741772,0.06667423692202944,0.07696595693173507,0.11275543311895504,0.18165858793935935,0.2250105396000452,0.24153920442551777,TRUE,-0.19431219827567783,-0.3314390701734893,0.6946087432289855,-1.662022993279214,-1.2681890665975222,-0.5057439532336866,0.008374692438304202,-0.46632930610228,0.17447415261517696,0.426677343388519,-0.10051169514128237,0.15084388578258429,-0.09742936831783158,0.5699708895194167,-0.3297990201071766,-0.4313991623443811,-0.10896727940336379,-0.14167481391849077,-0.32348125628109264,0.3361028394658021,0.0076432799243844815,-0.2804580710764347,-0.05317317924964214,-0.06354517223512447,0.06654696604857574,0.2584572261735705,0.05628582492660613,0.10538111550293311,0.7852540674110259,0.8463620082238216,0.9070165630971471,0.8708486600439121
13076089,"Lübz, Stadt",74797832.45730919,4098020.279150598,4322887.426068838,5020384.301002084,5925109.407746583,6451850.098796844,6647692.031980044,0.05478795500510714,0.05779428740179233,0.06711938215412144,0.07921498809645768,0.08625718001225814,0.08887546354734557,TRUE,-0.6819632254033321,0.508541696983176,1.590306077092813,-3.900157703969833,-1.2941617800984717,0.5442940350316466,0.15473486238091583,0.28599877583039185,-0.12951573904143304,0.39867328581202,-0.5426796804734593,1.0158884333074327,-0.5673783121867422,0.4183730854971351,-0.04969202698761729,-0.3511172599565894,-0.21397101236202776,0.27996881681005975,-0.5406713175236411,0.008827412786681156,-0.015419044388901883,0.27055039069328063,-0.11471397518677987,-0.350532132024339,0.24755754119551712,-0.2673242563563681,0.4722948495575523,0.8842538624522892,1.6604980942218857,1.7897169336683534,1.8646539160258229,1.7902995714564465
15089055,"Calbe (Saale), Stadt",57420301.14727775,14925501.385613868,16118325.22843091,17067751.9551375,17656943.33389679,18009383.254323017,18272995.157311294,0.2599342233913288,0.2807077794156617,0.29724246676032395,0.30750349582124914,0.3136413932788443,0.31823231143359487,TRUE,-0.8542375506271729,0.46821072263299346,1.5054195990094177,-3.9123986197219036,-1.139297831756859,0.85486947778204,-0.5807693066039596,-0.6451507414601059,1.5972010056000947,0.4203556268334443,0.04137609143665717,0.10500003732145449,0.28912907602426957,-0.03842199130303093,-0.40705608756941986,0.12325846845526466,1.045366101079235,0.1769174603608257,-0.28988620578590146,0.17357696158394026,0.42850049461647755,-0.3489673078464709,0.1152564164737741,-0.27167823088147547,0.014964614618405205,-0.100108862003953,0.3731309236717461,0.6985942378288122,1.5314901105995269,1.6506696359504118,1.7557111974831872,1.6857010179962557
14524260,Remse,14375544.98128356,1571325.7027927996,1601303.012363112,1631280.149081862,1641272.5113865496,1708224.7254954705,1778171.4090892205,0.10930547014660028,0.11139076914634892,0.11347605612209692,0.11417115062583208,0.11882851938618796,0.12369419117009722,TRUE,-0.6703920149591719,-1.2850614982906035,-0.3750553351626867,-1.277930590699975,-0.3197367648531566,-1.5870468696461075,-0.5090520121489637,0.23931344547154523,-0.33422269125583876,0.7210191658592416,-0.029614425608761378,-1.0977214475104102,-0.5020724832890039,-0.41560268628368474,0.2837035821297482,0.17336939620512776,0.5296174184007104,-0.35412727342389655,0.24903915254617898,-0.18246621808666505,-0.5933593300424159,0.022083125187383,0.010091913935664144,0.19252106758783502,-0.38128889063808646,0.5075701732527005,-0.7768362828041541,-1.4544314514675776,0.23794815239980582,0.2564651168025518,0.3143464935702905,0.30181171309643384
16065016,Etzleben,6169882.453137882,910157.2893180453,920159.7238883576,1007697.0835305525,1007697.0835305525,1007697.0835305525,1007697.0835305525,0.14751614738707977,0.14913731839743272,0.16332516724334956,0.16332516724334956,0.16332516724334956,0.16332516724334956,TRUE,0.7877564436365663,-0.5780134987801815,-0.0750098179215794,3.9676933529590204,-0.8849798272189888,-0.5168921341670722,-1.3336777418079917,0.7169137542242625,3.343896009848542,0.21734308561046956,1.5403416085547792,0.5610099238211699,1.5725987298872721,-0.41964077654486714,0.5929532753236917,-0.08335731806101569,0.9951796289588446,0.5512922566597169,0.18264670911273595,0.30419442554954246,1.0283326777239703,-0.2661254489851985,-0.6008189717326553,0.4766035393688839,0.8974387720292488,-0.18529863398071034,0.04491104231160179,0.08408468283741645,-1.6446381866945243,-1.7726228188561146,-1.7460372105625386,-1.6764127878912154
14627020,Diera-Zehren,43320921.144797385,3545381.2673805263,3665196.268357089,3884859.610153964,3934783.0076149018,4184398.2048805263,4254291.066208652,0.08183993261662922,0.08460568638664,0.08967629282787111,0.09082870132108094,0.09659070246670068,0.09820407677826053,TRUE,0.5819610940900585,-0.16490463802031705,-0.20643955777553746,1.5786307823829264,-0.9635168666249972,-0.863598937087845,-0.27104207736719843,0.2825281642565826,-0.09056093274639752,-0.12704866445146656,0.9066353467292683,0.7559037481022861,-0.8187698467649116,0.16689391863747,0.6529547503066306,0.8650926697678103,0.37585484239599865,0.021449634083205604,-0.292075142751074,-0.3850126428954704,-0.4067545197384914,-0.3047601941180368,0.281639771741187,0.20355059735474113,0.24660899567019506,0.21756251615056962,0.07020563276473464,0.1314424707283597,-0.4851210198445872,-0.5228728097403652,-0.5007204712479286,-0.48075390150963654
03154027,Söllingen,39390229.009005845,0,0,112473.21393003751,236092.63433499823,249739.41618108604,249739.41618108604,0,0,0.00285535821343721,0.00599368524313529,0.00634013618260477,0.00634013618260477,TRUE,0.28445373123016227,0.6229409858063354,-0.3460533795924733,0.8036980573229696,0.79449440266045,0.05225950705491659,0.7801480859321059,0.3993487023262721,-1.3981928349118633,-0.4864551018688078,0.19465315809717712,1.4878098113392408,-0.5650600867976469,0.6926121988563051,0.66518787832845,-0.007730364709124497,0.21356633901714703,-0.6393881920956388,-0.11510926682567556,-0.8885262235967409,0.35972990572487307,-0.7125332485176596,-0.38630228504353764,-0.675650269979136,0.04152597974167545,0.1088943250207202,0.1871137791480081,0.35032370580511457,-0.3005209031493924,-0.3239072367257438,-0.3593228229575541,-0.3449945807243949
16065019,Gehofen,13550800.709014917,2151027.6157291927,2161029.0864323177,2217107.1646992364,2449845.456904595,2513276.520541268,2540437.976970127,0.1587380452210608,0.15947611752526578,0.16361447653969743,0.1807897193318466,0.18547070202790783,0.18747511911086215,TRUE,0.7464141333785953,-0.22452263591605892,0.8556809899132497,1.0114334733374513,-2.760918449759702,-0.6653797006107129,-0.14900398291551142,0.09675923871688899,0.797082088514772,-0.059734781563960476,0.8072032001955077,1.3471070990503753,0.13238814964608012,0.7471954181198694,0.5734863545240527,0.3334197203690553,-0.039742065353519734,-0.9223191928181854,0.4586736301151819,0.058006577015429245,0.24247723975578064,0.7124260663024816,-0.14955220286558596,0.08889712125523962,-0.0974431238490748,-0.015695289401962832,0.45919082912526205,0.8597198649044409,0.10121965369558109,0.10909649873697538,0.15832712634030413,0.15201372437042177
12067426,Rietz-Neuendorf,184259440.4070344,10677206.6942274,11264903.033614216,12125368.425560614,12294986.272990182,12443562.250071423,13192273.618250042,0.05794659242772659,0.06113609706362789,0.06580595490128119,0.0667264930677647,0.06753283426120929,0.07159618844553056,TRUE,0.4127160325843425,0.330413089959463,-0.3634775448252247,1.9837405894177982,-0.32761880315195213,-0.9115367737616059,0.7919239709946131,0.31672697724797866,-0.10246384320013142,-0.03869412797683013,0.6888181459379268,-0.40682238248292457,-0.06393694755403863,-0.3956883281331058,0.3413748080195573,-0.15775388194431705,0.5927458585348575,-0.054596106864705965,0.2761921446132468,-0.07228882206377488,0.23512940251060405,-0.29671124182870623,-0.09135735401267742,-0.12914138104086462,0.3371571642962821,-0.4349449956738924,0.1265505259061936,0.23693417667533567,-0.6778047943803683,-0.7305511053853957,-0.7249160994770086,-0.6960095764052734
16065003,"Bad Frankenhausen/Kyffhäuser, Stadt",91131990.57951656,5444965.343181295,5487529.474923392,5501932.996587102,5513093.9910248,5563104.930477925,5583109.266415425,0.05974812256987111,0.06021518283566172,0.06037323404876612,0.06049570470222956,0.06104447949728342,0.06126398897809571,TRUE,-0.820050859373554,0.5101957998327975,1.3810910647379102,-2.832981650709295,-0.6046467308509209,0.49459360823048637,0.8689480293326136,-0.22733626150716954,0.11562443270850989,-0.1765571634642903,0.151196716072483,0.7008351817721289,0.49784211798984357,-0.27394322410153354,0.3785596694128858,-0.5953842382677581,-0.06723444164141605,-0.11134377074968656,0.2044553857477139,-2.2869575707178098e-4,0.0854499499046199,0.047701443855661683,-0.3216658981882856,0.1573893859885773,-0.10487020116615027,0.015741763902639715,0.3570786683990512,0.6685404086599195,1.219879778950826,1.3148099988943218,1.3714571808279512,1.316769391898858
14627010,"Coswig, Stadt",26082066.563283578,2988953.2628555633,4253007.570948191,6746258.664712231,8608985.821100445,10073609.359717172,11085080.721609404,0.1145980229596988,0.1630625226965437,0.2586550666276238,0.33007299479940544,0.3862274231712169,0.4250077613563862,TRUE,-1.1180255041753573,0.42908607053964354,0.061117100859505114,-2.9846376453018464,0.056936518000057605,-0.7547262176716556,-0.9879819679771612,0.47204970467664076,-0.7244676165500255,0.41580954412161386,0.1714672456630636,-0.08503488391330975,-1.0313567277727242,-0.2349486137338352,-0.23736302646036614,0.23737470213411405,0.03786439678185623,0.09894724236210561,0.41843842661648806,0.18500525897235046,-0.02104506857426872,-0.033816181246403,0.03585202507251868,0.06443644828943305,0.05586455685924144,-0.054237603757847495,-0.2092741109254029,-0.3918133790161235,0.7936208340823997,0.8553798710228914,0.9319867866375782,0.8948231789181086
14628370,"Stadt Wehlen, Stadt",10953008.269825544,918813.9549703049,956264.0890264134,976219.1886357884,1025759.9931230156,1064867.979022556,1084822.4917178685,0.08388690415778709,0.08730606838495927,0.08912795138895091,0.09365098316860428,0.0972215078076917,0.0990433372269468,TRUE,-0.5750833789204649,-0.48028019597000565,0.2582663898792302,-0.3149917423977482,0.7753577316708298,0.0016356649851702522,0.037559898027341915,-0.10115110631347415,1.203193884649834,0.5089401601031128,-1.0511274783966045,0.24809321300473103,1.1188854217819677,-1.8980611642678,1.0001975345038765,-0.8689658326389476,1.24903073811581,-0.45582182013800787,0.48725679619425516,0.6900599994183853,-0.12005020020536239,0.30038082449956555,0.3818315752032355,0.2831186016215996,0.1202637093343737,-0.16480321879029997,-0.2656990616704135,-0.49745497278259515,-0.10842887723799337,-0.1168667391831121,-0.15109050282973732,-0.1450656661498529
14627040,Glaubitz,14238335.024330487,0,144436.40700524492,144436.40700524492,144436.40700524492,178376.4053357497,178376.4053357497,0,0.01014419219371027,0.01014419219371027,0.01014419219371027,0.01252789775145337,0.01252789775145337,TRUE,-0.5630020984888178,-2.782097577818797,-0.637308752359422,1.0199839706753568,0.5907759248705095,-2.9318368327774977,-0.17964605305343484,0.9894584377180051,0.8250192649323929,0.8124768591830133,-0.22432569031482308,0.0900678120925055,1.9793594780781174,-0.745682979319892,0.3991594490240995,-0.6027705909894984,1.038219130670222,0.2947522922979268,-0.1753387176320472,0.8820516845086953,0.0699629841500687,-0.41912328348592237,-0.09359579494027591,-0.06600262388276179,-1.0156504157531696,1.1784598476423362,-1.3274694762223456,-2.4853542500765475,-0.980877356788422,-1.0572085697687736,-1.0641998068935974,-1.0217641149658012
14522060,"Burgstädt, Stadt",25816541.498629928,56807.92336393134,56807.92336393134,56807.92336393134,65954.59801614087,65954.59801614087,65954.59801614087,0.00220044669294475,0.00220044669294475,0.00220044669294475,0.00255474181232374,0.00255474181232374,0.00255474181232374,TRUE,-1.1648670150878921,0.6150331999167097,0.4956460630705762,-3.016758724308173,-0.15845851660796678,-0.6441323953043981,-0.4452502389444871,0.19520414440822184,-0.39787692497422394,0.11568336388984138,0.4478770557732025,0.007132894765239623,-0.3752184312077271,-0.49278963492509364,-0.238625309496793,0.13029721212884618,-0.029703627794126528,0.7801518289639804,0.08773202207616546,0.133085856224375,-0.057938109269576106,0.4807847817272774,-0.38630090771234016,-0.02099986880379745,0.0812400589606768,0.13690567308232343,-0.018062584033535427,-0.03381766646933639,0.9121455703535635,0.9831281221658595,1.0620287444421737,1.0196796251079336
15090415,"Osterburg (Altmark), Hansestadt",231313915.1928002,59947914.20663389,73031498.46316265,82191968.92592344,86447446.97704893,87817361.1752911,95695104.06434882,0.25916259364105826,0.3157246221105673,0.3553265217849796,0.3737235042906734,0.3796458207111981,0.413702323029667,TRUE,-0.22469775169696599,0.42118076441519814,1.2290010866640322,-2.5996167927233644,-1.5016711399478524,0.75543751807923,0.33345435355581066,0.35240572533308195,-0.4253784908474883,-0.01681959899910302,0.19797032515493598,0.47426544971161533,0.14682055307908196,0.5402469682261405,-0.2829775281117471,-0.4445334595986581,0.014700310553934485,0.10835996197779638,-0.32943530295761597,-0.1396210091107518,0.3391530471961399,-0.23041156647932437,0.047744353825458004,0.19877396563472605,0.37194107488852834,0.04756439909746675,0.4751613664607548,0.8896206976947572,1.3112180237196709,1.4132561241402222,1.4877968623434716,1.4284699493966986
16065042,Kalbsrieth,11984376.590546284,4243394.536478821,4535375.443976092,5303111.053556387,5563927.842482987,5593204.672163723,5865978.924573349,0.35407720246593105,0.37844066478633215,0.4425020370053855,0.4642651038579693,0.4667080202215815,0.4894688413914369,TRUE,0.1412349741236253,-0.18249629472317858,1.175236235425154,-0.24839743786976387,-1.943390235878581,-0.6149699214440918,0.46073097032343474,-0.05872744372065211,1.09773717718763,-0.0884207536895773,0.4351754828360938,1.6463651515114668,0.1417534577945412,0.6846543612056953,0.2895467029149517,-0.335693878360158,0.018794799864898577,-0.5684672491929207,0.6703307018456806,0.125744519113399,-0.30025783556332547,0.651702051104112,-0.08385285956198474,-0.1310839756893161,-0.49792959258398656,-0.026762327945374215,0.3779916382752002,0.7076947089993301,0.4062778562748667,0.4378941244677177,0.47780540602161997,0.458752590112402
14627030,Ebersbach,84119063.83011734,0,0,7342.863732253982,7342.863732253982,7342.863732253982,107191.668529376,0,0,8.729131540364336e-5,8.729131540364336e-5,8.729131540364336e-5,0.00127428508650375,TRUE,0.2118065068312452,0.20713936362928867,-0.90842746757304,1.6762651631808245,-0.11796079052390916,-2.3616741662233722,0.4479637388971786,-1.2325939386281164,-0.10088762388242466,0.4081333799815523,0.2580268852962079,-1.1839951361780292,0.27403170080017386,0.3729080198909613,0.217158610364268,0.10480874351628781,-0.0020303412699209595,0.020345124508629336,0.2623009335155377,-0.13944516087473105,0.5315094024180219,-0.035604296606376595,0.5589873234631617,-0.10882207453349967,0.4472267709444824,-0.11369664009286416,-0.1631605323708354,-0.30547724812972366,-0.7106877624524178,-0.765993003808893,-0.7579375952354546,-0.7277143175355723
15090445,"Sandau (Elbe), Stadt",18430084.693683956,10398479.523738367,11385600.945054442,12887139.917892432,12986508.261942206,13126474.390848454,13574221.511390977,0.5642122484278087,0.6177725786011348,0.6992447474920662,0.7046363854417186,0.7122308230817266,0.7365251835246802,TRUE,0.5283586365775096,-0.601825708048721,0.6110310095464853,0.003498786064191664,-2.8137162070017876,-0.8421907631491867,-0.504372525700722,0.5702809079932853,-0.03266633218338661,0.15346124026865962,0.894336173672732,0.6112486917583296,-1.44552075714364,0.39616595489337886,0.3880089693502269,0.343049187302156,0.7141517153014848,-0.2778514843245795,0.32501126700313687,-0.2525772396136865,0.10010568480777837,0.4073065407418505,-0.19798244156049535,-0.7842047187945159,-0.44708851616890743,0.28106804147628833,0.1791879793584246,0.33548462999573764,0.40092803455844594,0.43212798324099644,0.5153724037108182,0.4948215781888711
16073002,Altenbeuthen,8067650.082100825,1008811.7504921271,1008811.7504921271,1008916.5700702332,1008916.5700702332,1008916.5700702332,1008916.5700702332,0.12504406366487222,0.12504406366487222,0.12505705624350902,0.12505705624350902,0.12505705624350902,0.12505705624350902,TRUE,3.014395385817144,-1.2005428551069268,0.8950539355082376,3.2612992197504926,-4.700121402889126,0.47110264370189403,1.3265952095535658,-2.4010238766780527,-0.4273421822133618,2.170496040206778,-3.7600344744987,-2.31525119403079,-2.0864111981999693,-0.35935814283946177,0.671605895147216,1.4363916568502346,-0.13724859032432699,0.41603321683364175,0.04836484523945276,0.46667709943355207,1.551410538109037,0.7731174244581882,0.7245346527551264,0.5972157076055779,0.17788969037842167,0.4040968199192127,0.9029688220728183,1.690583052810925,0.4015366164760604,0.4327839245921302,0.3721136806665186,0.35727539427274785
12069648,Wenzlow,20695667.47787179,550469.1904235,616849.5208393319,651543.9172558618,660606.6614384202,889385.8048802671,1069283.152536517,0.02659828154912483,0.02980573211754969,0.03148214078876679,0.03192004617124592,0.04297449240674241,0.05166700487818599,TRUE,1.8261567255175737,-0.5726928458948064,-0.05198099462621853,4.723074429974533,-2.2961300260196538,-1.039419482704905,2.0161000542957157,1.5024528445149927,-1.1502540226558435,-0.33540013557841786,0.9921699590812956,0.528946586399266,-1.1942631018623715,0.06281062265158432,2.4135179440494037,0.023929705439584944,0.6993475517778248,0.3464110719139456,0.09809429662934631,-0.24223106708162478,0.017451597162952935,-0.9807603328783898,0.029121760457327013,1.3340049341506282,0.22551401607456784,-0.42446248460778635,0.40049429499884953,0.749825299968013,-1.0796647624114943,-1.16368354453207,-1.1792433015780075,-1.132220171965013
01056019,Haselau,13858594.472800285,11573263.917670265,11772627.00068737,11962342.77713582,12359772.34672478,12369376.46247345,12478437.504330693,0.8350965128812052,0.8494820325245132,0.8631714277096308,0.8918489079814563,0.8925419159028238,0.9004114759849295,TRUE,0.4723741015317423,1.0860992670549252,-1.9795095249022627,3.1659847762086155,3.098171391949606,1.1275300551746943,-0.5695197133068413,-0.18441117398101245,-0.7025891318516577,-0.6147399032838652,0.5805218926606013,0.7719119657965552,0.2489490782523826,0.6014159744261233,0.5514452361836342,0.4929388216404525,0.7181866404098237,0.2392206668235869,-0.01608371775296308,-0.1958009058676471,-0.33408096574084073,0.12941002366351617,-0.046392766629895485,-0.49657662979939743,0.1393553959439371,-0.3038169164542626,-0.1403453854385317,-0.2627615974801232,-1.6095959631886558,-1.734853633200269,-1.819454900853951,-1.7469028977911683
16065056,Reinsdorf,11333050.860904053,2712432.2034792984,2781819.080057221,2872057.6643551975,2959987.0251175216,3030102.271342033,3210135.7029826576,0.23933821852299747,0.24546074258377695,0.25342316906588824,0.2611818354516235,0.26736862902425185,0.28325432775182846,TRUE,0.20626586210694478,0.6393674783756496,3.584388322850518,-3.0025899681056782,-2.5469806876008114,2.1083442657502482,3.6534507218896954,0.6908549241404177,0.852111294439796,-0.2760481803220837,-0.7793368881165444,3.4885517421319756,2.914764912242569,4.184947527533254,0.3532412662629025,0.2550545214781386,-2.0086430492642036,0.8473874663981121,1.9848666469625897,-0.8271039752810857,-0.3739027356987029,0.8087295528632829,-0.3905085976679491,-0.9082098882033118,-0.9060806918073853,0.24768487310600198,1.476673887777704,2.764702156022046,2.070650214141561,2.231786814359302,2.267545196451936,2.177125287741495
14627060,"Großenhain, Stadt",130209174.83846565,6354593.023187452,7629149.727685179,9169232.768022943,9497051.356376406,9602247.571133643,12178021.94634148,0.04880295901629671,0.05859149124591041,0.07041925255572867,0.07293688304344312,0.07374478475150434,0.0935266041079612,TRUE,-0.8982350731340762,0.18745482679255235,0.9444563063615775,-2.5820754399417893,-0.5540009711066554,-0.04496602429400129,0.3341078551256885,-0.04623362256239527,0.522596222233898,0.21275768357973365,-0.060316975332556935,-0.2592832770843051,0.06679642216455875,-1.1029659627480441,0.08023536862223571,0.1346746408337873,0.7036284255656423,-0.5236804533743501,0.24996920390958394,0.07784647122267008,-0.23079569673442427,0.3178532459364362,-0.10262463613634276,0.11402955474113216,0.035213850714477114,-0.015088354749338867,0.07789202000668453,0.14583330648141818,0.9695564485237774,1.0450066760741983,1.1027736692999959,1.0587998183432847
15087250,"Kelbra (Kyffhäuser), Stadt",40632910.13888796,2991789.411520566,3597196.392173186,3877282.814048186,4217388.231040373,4227391.317954435,4397444.42537631,0.07362971053006752,0.08852913512415318,0.09542222796238782,0.10379242384128667,0.10403860573866663,0.108223713495916,TRUE,-0.5865516556561027,-0.12703996075918292,1.6544640783867615,-2.3788031560631624,-1.9762549148432562,-0.8599560372507287,0.4269610218863074,0.5676815666864414,0.6602529186329429,0.2962521156199405,0.11818676377607709,1.0306519449914955,-0.4609630715734889,-0.3706877311762475,0.5552365461129843,-0.9702403658100945,-0.18837041017220196,-0.4893630730128654,0.6042031227112189,-0.22278865477454796,0.15111736822869545,-0.3900088283420378,-0.006602573797833354,-0.3764629388255942,0.15543432952613215,-0.2376653010056164,0.313624153990492,0.5871827096658405,1.0703921776740901,1.1536893735172675,1.2326089947031191,1.183457871739345
14522080,"Döbeln, Stadt",91116940.1967694,4487699.992420892,4741422.204548791,4862859.780367506,5042644.394625317,5132532.809664379,5302580.029012912,0.04925209278021834,0.05203667061590926,0.05336943679041498,0.0553425563208729,0.05632907337077542,0.05819532589178097,TRUE,-0.9200347533512638,0.04213156908923068,0.9583077983302793,-3.481526364292288,-0.45913874422986956,0.21700296109377123,0.0702325899873659,-0.4439125702314995,-0.012683852495576072,0.31343144882271684,-0.1136702620756198,-0.08306060425990776,0.02768473201897485,0.2958757719272714,0.03843439842486364,0.23254940744727362,-0.25400114781391825,0.5298872620448558,-0.5762552733955308,0.2909610588229362,-0.1994030270126164,0.14653373348202667,-0.15003617533089975,0.09258517756622464,0.057093216631470656,0.31768142997178145,0.026801538022748723,0.050179169936913647,1.3148504037332511,1.4171711735115191,1.49526481267067,1.4356401101195724
15090435,Rochau,39084353.102531835,3189611.779286816,3750586.198074857,3750586.198074857,3750586.198074857,3750586.198074857,4085358.120257348,0.08160840658969988,0.09596132212386288,0.09596132212386288,0.09596132212386288,0.09596132212386288,0.10452669152640276,TRUE,0.9370928832259384,-0.9645338178654225,0.3497327067122622,2.2741929756499655,-1.4339470876652578,-0.33755775081182404,1.0223789414626776,0.31675125124486486,0.3737423364839826,0.01168806617038225,0.5723821242675055,0.05696146307173976,0.5588711316893017,0.19781648059012083,1.0080468423218623,-0.40319507534588467,-0.07480923713050536,0.2737930387253023,0.004669189275420215,0.16600983302677816,0.11643326037342355,0.09608872817505197,1.4845867513365665,-1.33205947242926,0.28398651668427005,0.09255243142359931,0.10743059069092604,0.20113688483576495,-0.4671464477730373,-0.5034994686183029,-0.49121741144423897,-0.47162978268637984
01056020,Haseldorf,17828832.385785304,14471280.625389928,15542313.793022849,16236018.09030602,16420225.486458538,16420225.486458538,16420225.486458538,0.8116785391357255,0.8717516355930596,0.910660762240986,0.9209927566288733,0.9209927566288733,0.9209927566288733,TRUE,-0.2615088545738213,-0.008055756412659822,-1.719308168714394,2.3565643013681745,3.612948123718887,0.6872936706030414,0.15249163652738384,0.474200747072598,-0.6838325975644193,-0.20814555929689696,0.29986910641823733,-0.5029074301744929,0.6857883687035906,-0.41857255455092235,1.674268070279103,-0.24357023543804338,-0.2729257094122748,0.38033807873373326,0.7159294119553691,-0.06806728842522718,-0.49331448847979753,-1.0534728310868773,0.13536630533538346,-0.19192033284670923,0.2786616781852987,-0.33345865342516445,-0.662957593233625,-1.2412221158204082,-1.5041200018033165,-1.6211696037857395,-1.6903174296003176,-1.6229148711352088
12069656,"Werder (Havel), Stadt",117130774.79027082,13225630.876546722,14563136.497945638,14633072.88564095,17107917.239678018,17835807.77779646,17915716.697934907,0.11291337310991029,0.12433228179376211,0.12492936132149968,0.14605826069460137,0.15227260136998552,0.15295482105376657,TRUE,-0.8582636080481758,0.11842324444493495,-0.6558377695775729,-0.6234164410789594,2.002467953234748,-0.3913599936025821,-0.040487633259586105,0.38555211746239826,0.016305691112175946,0.2050237302499214,-0.09521574185353748,-0.161912377448689,-0.5375751831067451,-0.33040199019586053,-0.02854005490759231,-0.665787037174715,0.43524442721012496,-0.044174304084904185,-0.3097374310988159,-0.3974135665722304,-0.14825159384226982,0.5468034266595831,-0.07976544967188753,-0.11804705601974956,0.26814665257727427,-0.30079493827259707,-0.46522604439360454,-0.871019294522956,-0.32701153387750576,-0.3524593504334542,-0.3604021763061722,-0.3460308941232907
01056024,Heist,10026421.897521911,741550.850688262,741550.850688262,886471.4944771015,909943.9221468068,988638.6913147124,988638.6913147124,0.07395966958776597,0.07395966958776597,0.08841354408756708,0.09075460133706369,0.09860334039594527,0.09860334039594527,TRUE,-0.980298727184542,0.04948841983844393,-2.0845336373384193,1.187982373537368,4.676812725538222,-0.708800493961865,-0.5309234684266668,0.8047012326992112,-0.5238503993711048,0.34895057912496846,-0.656754587133592,0.020031748975774574,0.45848336581500937,0.03414450792112741,-0.2484392628469322,0.3632536197937562,-0.8095465480731335,-0.0345847175883088,0.5524728208743638,0.4915420502124554,-0.15955361093655343,-0.34364372531919835,-0.2202820111947446,0.14869269199080584,-0.08949644747465582,-0.15049573675644545,-1.0051146482281725,-1.8818255391430687,-1.5851851861935358,-1.7085432260373865,-1.8017191435155973,-1.7298743658531963
12067481,"Storkow (Mark), Stadt",180338238.61256295,163835.70884807635,199725.9642885517,228662.56389741605,238192.69848530332,248887.4005579346,462700.8543241384,9.084912335206928e-4,0.00110750756924958,0.00126796493997411,0.00132081082923868,0.00138011440320564,0.00256573901289011,TRUE,-0.11506315045988996,0.9199831117615018,0.03294148410001998,-0.9108739053496884,-0.45379099658530925,-0.004802154127670017,0.069029666331568,-0.4544175081430769,-0.9504665240982288,-0.1531594160711799,0.32845453355378634,-0.13343395795321009,-0.4124238704339453,0.12122238780789035,0.012340263944936867,-0.25126172254591483,0.13973144959546052,0.2418401670808446,-0.20378122216408248,0.5529991932166395,-0.0047109789481154,0.25186483231916434,-0.504322692501125,-0.09732528665515483,0.17134475423814147,-0.32542276463909087,0.2792871484672106,0.5228952634075318,0.4939661375876079,0.5324062485681843,0.565885245798509,0.5433201863034439
01056027,Hetlingen,16612298.931134848,13478224.441386482,14368424.782078069,14440251.72250918,14460266.958837304,14830525.462230066,15088534.252693933,0.8113401099546512,0.8649269340529805,0.8692506547329938,0.8704554991925774,0.8927437149854452,0.908274906154917,TRUE,0.046319676742556125,0.021751768516733414,-2.4628319861854706,2.4469585909443134,3.8109937918467174,0.016282917470810048,-0.2501432887353409,0.6435085742639051,-1.209276956158605,0.10460575156979217,-0.5209304823536804,0.14304132776419817,0.15724839138053928,1.203712731525338,0.2918044823304085,-0.29162395191236695,0.7559300917613896,-0.5670150385926889,-0.12751781071377566,-0.25842223558149385,0.03748102516010924,0.3287263959956839,-0.3072143950266659,-0.231169255310509,0.17660183798312037,-0.2220132223546862,-0.7982535136420603,-1.4945298542115253,-1.6427659551529432,-1.7706048915213133,-1.8747492761293065,-1.7999923722017377
01056028,Holm,15990597.672439087,1745373.6777295694,1794078.991692431,2097730.6075632083,2097730.6075632083,2097730.6075632083,2132975.8485155012,0.10914999635928824,0.11219586837486704,0.1311852533929231,0.1311852533929231,0.1311852533929231,0.13338937619522717,TRUE,-1.0564686823486675,0.6068618420178079,-2.750567291900176,0.6060941596073197,5.806092667593963,0.25719297010094977,-1.1375466619401338,0.7439411042066371,-1.9206423766500769,-0.05824735513459243,-0.7976388062776731,0.8766054996729253,0.33449495573876786,0.19878185216111519,0.037286697041514785,-0.7690571543090529,0.26718354256449695,-0.7342981163419987,0.27030958145956063,-0.24415932384928632,0.0909217749990248,-0.168924130973166,-0.08193159502582785,0.01537681839697906,0.18091629906980936,-0.05681223488932651,-1.0667247107436786,-1.9971749565595391,-1.4619846525072528,-1.5757553100845874,-1.6985110007593858,-1.6307817180651967
12067469,Spreenhagen,137473932.05312648,8328205.048568169,8988900.81760735,9295887.236887936,9346201.565860877,9356182.777774936,9888525.171343625,0.06058024910024217,0.06538622037910148,0.06761927223624885,0.0679852640153557,0.06805786841216749,0.07193018358944026,TRUE,-0.21820609783244804,0.39605686069740687,0.03638846866080637,-0.12399418786848299,-0.42265356884328387,-1.2022860160707056,0.49138927589543274,0.7546799376024924,-0.00898987632384929,0.1456922107608607,0.35478874627299284,0.050660393708489286,0.043173213315688984,-0.06123356054471878,-0.3496120459319218,0.3421832500562469,0.4473012553196236,-0.4692455446217718,-0.22944947192801315,0.528067513160577,-0.24941468679352088,0.15187484077527033,-0.3398874673595204,0.03790040490888669,0.4426424932573982,-0.44965635406475823,0.07141307717525507,0.13370310809228464,-0.041121348584812915,-0.044321384139863154,-0.015385943951131345,-0.014772418959584543
14524290,"Waldenburg, Stadt",25063423.343906555,2685023.4866224956,2884864.2522474956,2894856.4163099956,3087420.3191062324,3107404.7839499824,3247282.9724315293,0.10712915988291286,0.11510256251362672,0.11550123766368076,0.12318430234937756,0.12398165810439687,0.12956262709503377,TRUE,-0.6793450873912706,-0.019445813132290955,-0.4188266607738094,-1.1133576336195827,0.5304873157329134,-1.140128206060837,-0.8272102482765719,0.08252931508982148,-0.12326210415442798,0.4829695570789042,-0.168858188755365,-0.1345400992957476,-1.1348690523164877,-0.5563840629710595,-0.7125880848913968,0.23561347240815556,0.497959253649727,-0.02052355802030743,0.24844196469204707,0.6771543670735529,-0.17821305476042823,0.03936582082152486,-0.0016318208942338532,0.03269491706024312,0.11885616621571364,0.32997296753410565,-0.3725391870991237,-0.6974863592432509,0.036027805957949424,0.03883146546824251,0.06268430651356291,0.060184727108749975
14730310,"Torgau, Stadt",102741517.65618962,29965238.61548413,30955260.68414353,31800309.684283964,32599432.909869894,34573262.7958202,35229862.77479908,0.29165656979838167,0.3012926165616032,0.30951761673113815,0.3172956138234148,0.33650722302462843,0.34289801804068126,TRUE,-1.1160339701301878,0.5771983769197657,1.9923633868261146,-4.440046351559124,-0.7810856689592534,0.7685420222340977,1.784385881473659,0.6162642818504955,-0.429862308069302,-0.08010165245892249,-0.4205256778472922,0.9841088288726535,0.6805107708304398,0.483719965104779,0.4774428853058304,-0.2735689785287858,-0.5401264144583168,-0.6268246030195884,0.5531292591924657,0.15836850995395071,-0.02865868632938396,-0.12402377412065728,-0.23748754976695316,0.10937936904889199,-0.14257525968459303,-0.19289540468087696,0.4845092645385642,0.9071222965134969,1.9005151377880596,2.048411941349582,2.1104175660472704,2.026263228589525
12071041,Dissen-Striesow/Dešno-Strjažow,19863200.66095932,4194629.360899891,5501436.392149891,6973946.298946839,7293165.473751526,7689348.779195629,8523385.367327536,0.2111759042511382,0.276966259670469,0.35109881926803344,0.3671697023172142,0.3871152947827221,0.4291043277874174,TRUE,0.4381234773262843,0.21819916498537426,-0.7594702903829884,2.8374258793478315,0.879175396266541,-1.2730119069146455,0.7673627065206985,-0.3106123458208476,0.2501402023659456,-0.2267257778700526,0.37655874349577995,0.6229625657838967,0.005202640477947709,-0.5762089063981423,0.8314520911917315,-0.34722268532898476,1.0839722489637833,-0.19371805879438941,-0.5413518810663251,-0.5723795730102751,0.16546367823069197,-0.6772161678469046,0.26735963281784136,-0.36685401162008024,0.04807984200472738,-0.3798355546534979,-0.03438254935710994,-0.06437271568483639,-1.2278486776208057,-1.3233990318730278,-1.3757514006428242,-1.3208923767746212
12068320,"Neuruppin, Stadt",305680186.48266315,298.15067797252385,298.15067797252385,298.15067797252385,298.15067797252385,1619.562390263634,447533.8692510218,9.753680191157358e-7,9.753680191157358e-7,9.753680191157358e-7,9.753680191157358e-7,5.2982249484314835e-6,0.001464059134485,TRUE,-1.1651023791291752,0.11879629273575332,0.4629860816058129,-3.1303902100778997,0.19433604786632497,0.5147242355720868,-0.3654267355337351,0.17236264386046257,0.012042067160338352,0.14496710410001207,0.4395400236499788,-0.6092760375739724,0.6394483857937892,-0.3371415689277666,0.20998279040483114,0.34179402638098166,0.11195399994762928,0.060589504574255555,-0.6160858804139715,0.21114760979986458,-0.5557790489574876,0.5512595017586627,-0.4993794216536118,0.14766601396608509,0.12629578618550522,-0.10444889535742499,-0.1944400015958697,-0.3640402231517997,0.9844716985570104,1.0610826207845616,1.1449571743961093,1.0993012274503764
16065046,Mönchpfiffel-Nikolausrieth,9269989.80810026,2662511.219851827,2684549.8688023263,2714554.2066929513,2815389.8747647265,2891812.112120784,2941101.3417890253,0.2872183546011327,0.2895957734987502,0.29283249096141745,0.30371013701704347,0.3119541846306965,0.31727125948067875,TRUE,0.1695160826583545,-1.4396437236203987,-0.3507155786216106,1.562863352616566,-1.3356027292934778,-2.358028815021107,-0.9110597968062865,0.7906818301861516,1.0483501401744288,0.6168294512510158,0.8303267201814106,0.051596452771676564,0.1082072724867858,0.7501431516110317,0.22865013782468266,-0.035118429483458044,-0.08758156927990048,-0.5257999023173359,1.4796195314572218,0.7395915901745171,0.35161899423917775,-0.68496318888594,-0.028449782687049414,0.39253761642223906,-0.21859681535448044,0.3498398307610812,-0.5402810731945517,-1.0115410452383806,-0.7657823708139077,-0.8253750373574412,-0.7718522728824415,-0.741074137936695
14627050,"Gröditz, Stadt",28997236.141261104,3608324.356255188,4157789.180971657,5378323.267336648,6052137.338485814,6624446.768498667,6883922.932796119,0.1244368373136358,0.1433857061658164,0.18547709999449424,0.20871428259585167,0.2284509715418197,0.2373992783057266,TRUE,-0.8893450284749018,0.5787651356286742,1.2778952634159355,-3.5907579357986306,-0.9191536165063179,-0.030912958084883303,0.3782724767409669,0.7733075766776781,-0.07759268036008675,0.16113636834844644,-0.09754770156047081,0.9864060807510207,-0.29052372626776396,0.6142188251688095,-0.34680051497241865,0.19242996241144608,-0.056461963493975774,-0.798537500408253,0.761152746758615,0.1869652726223418,-0.08475405740920484,-0.25559836281019266,0.13262726568779837,-0.08664220863035127,-0.010315607767192168,-0.1901454965526145,0.3224384568565693,0.6036852850410637,1.3779074204201318,1.4851352446199548,1.5571086869252178,1.495017917777897
12068324,"Neustadt (Dosse), Stadt",75627981.3532384,9974946.775885534,11975766.073420933,15356227.551303988,16412857.234739993,17965030.716790557,18969035.68284721,0.1318949229822119,0.15835099468654704,0.20304954960491528,0.21702096156817743,0.23754476048858983,0.2508203358522533,TRUE,-0.7107067146409647,-0.07782121346890587,1.0282486293542286,-2.3120022006121856,-0.3001311096844716,0.13432771173157343,0.8724686339850051,0.2540830357665137,0.6329882764824084,0.0156631069550793,0.1330625630179513,0.29332838276215273,-0.24036713695755246,0.17433381042346124,-0.07581024612533566,-0.18953988515331793,0.29067420405275324,-0.5649637831800968,-0.43267225447692537,0.3205516872659833,0.03210776894009083,-0.09770872796666777,0.07081766943294507,0.13556528153323721,-0.09192292525517155,-0.13468646722553893,0.07990690041478599,0.14960566560181135,0.859950266158861,0.9268710146748664,0.9777305599327472,0.9387428881055843
12071028,Briesen/Brjazyna,9142512.960644592,1006808.536308212,1176402.5470503997,1854171.216883258,1947171.4194418988,1985376.335083602,1992782.1977335112,0.1101238292624993,0.12867387250249604,0.2028076115248438,0.21297989161446196,0.217158711574156,0.21796875829564155,TRUE,0.08382890658770437,0.7793266654636416,-0.5609229466696476,3.1975099934608475,1.731766000438949,-1.095029092455644,-0.8049002498530895,0.5918622492494554,1.219348570510256,-0.21295811736356648,0.7757093318889245,1.9881282660569088,0.5521993513252356,-1.3877810836848339,0.44323604662661015,1.4094872516388284,-0.7257781195075327,1.2480375146728409,0.6615332277975486,-0.3410680462787671,-0.3129694166349656,-1.6983452242268962,0.834290558773641,-0.36335963788173403,0.52725939119176,0.0039826079452655976,0.10074420846056613,0.18861830810648889,-1.7939472430637946,-1.9335510050816738,-1.988661527519483,-1.909362295003352
12069688,Wusterwitz,23852924.387744553,0,0,1124077.8159256747,2423434.6411209875,3981577.114366383,4117537.79279154,0,0,0.04712536700544849,0.10159905769735007,0.1669219693838499,0.17262192785498026,TRUE,-0.9047093896882331,0.16983161903859445,-0.06017037980282542,-1.0741851467637007,1.1233064644358028,-1.1507738670719119,0.15897142719081309,0.5286002715766884,-0.5371811333715216,0.120647831273797,-0.17472179725365547,0.9879147158139795,-0.6358807186434614,-0.4534094710308818,0.195608118837669,-1.2553419054073844,-0.42887957695285195,-0.021172436283421702,0.009259379608789595,-0.4474786473822888,-0.05392949022340185,0.3624875740759267,-0.28431418066074854,-0.22321028981809807,0.19452569140507514,-0.12113558103696809,-0.26501605015082136,-0.4961762047103527,-0.01560120442644797,-0.016815279610856666,-0.01998264969908505,-0.019185827935880032
01056015,"Elmshorn, Stadt",21718470.939397104,1366329.2070395334,1876521.0445998872,1876521.0445998872,2003588.6899308,2003588.6899308,2003588.6899308,0.06291093009503837,0.08640207912592482,0.08640207912592482,0.09225275091978546,0.09225275091978546,0.09225275091978546,TRUE,-1.298615150724515,0.2671073289639847,0.5226014106010041,-3.0609672289195435,2.233332605715454,1.715016261015092,1.3989107325504506,-0.3745090107679972,-0.02085298663399749,-0.1992228589480886,-0.16786597869200445,-0.7894371118608929,0.3588434085898534,0.18387589974936372,0.41562357599342914,-0.40311340900281134,-0.5436056822861117,-0.7922423290713851,-0.4773934292989133,-0.25966661212849235,0.6308927386143781,-0.7854947980674315,0.06396382779620907,0.1429341982094391,-0.16283038032818983,-0.2657512501779209,-0.16963547038650872,-0.31759994850399614,0.8760363151063646,0.9442088690797256,0.9635231015922877,0.9251019618404995
01056016,Groß Nordende,5340428.20831366,4309751.386089006,4309751.386089006,4309751.386089006,4309751.386089006,4309751.386089006,4309751.386089006,0.807004835189029,0.807004835189029,0.807004835189029,0.807004835189029,0.807004835189029,0.807004835189029,TRUE,-1.1775755261237324,0.07207916042818756,-1.8228828033211386,0.9581018247880757,4.1144231760661425,-0.26624101674674683,1.5004623683877631,-0.6755362813912408,-0.4791754940099049,-0.11953944820576871,0.5202845256862373,-2.961904364039357,1.9263907313669328,-0.19057874068606245,0.4605840869269191,0.1755365357208908,-0.528701259075551,-0.049741864392817095,0.6894452839899023,-0.37176571571125966,0.2830576751916735,0.16973041228707872,-0.807286167660769,0.7183872906298201,-1.00590652293611,-0.40408764296012106,-0.9761263896722278,-1.8275522824732726,-1.0984623801092328,-1.1839439801346965,-1.2142549394255064,-1.1658356969134493
12067473,Steinhöfel,153395425.46443844,704459.8672725172,704459.8672725172,830804.8222377803,880528.624967793,882344.0014211661,906730.7693438182,0.00459244377816098,0.00459244377816098,0.00541609907676409,0.00574025348084402,0.005752088100083,0.00591106786006486,TRUE,0.8386387905681126,0.06806401821553328,0.4536196268539078,1.279265312771904,-1.3820417220895198,-0.18031393333378595,1.6494248673794052,0.14704917672253956,-0.4512671919102042,-0.894219879411338,0.13831774837347707,-0.41446279022758864,-0.1167012034793531,0.1020785056539489,0.5609104801109163,-0.047951997746667696,-0.18275929660637413,-0.7224450848974446,-0.17798093015898098,0.06305896631307928,0.12652760063347146,0.14381220225697255,0.34512176888024265,-0.346546251878977,0.3558678812174502,-0.2749116351370056,0.45344081187918456,0.848954397180678,0.061980124160869024,0.06680337553386653,0.018475143003534256,0.017738434096295757
12071032,Burg (Spreewald)/Bórkowy (Błota),35288449.01002996,4713578.945868225,4853924.847283664,4990062.305849183,5093946.2334071,5213680.566414912,5323437.851571162,0.13357285678745742,0.13754996276271717,0.14140781036964445,0.1443516611330597,0.14774467885888212,0.15085496815283927,TRUE,-0.6533905985797767,0.34262347822457,-1.0099774849234093,-0.1555864246253034,0.9810183812524894,-1.3404049436184755,-1.1458572493980406,-0.04790005893688688,-0.15193965079439764,0.3980515068372941,0.44265438983221245,-0.5346098590409548,-0.15070358590507432,-0.4235370041763429,-0.2583892394074996,-0.15557935854527652,0.49519841657727187,0.2234780995224217,0.271071763763044,-0.5702462754438135,0.11171175508706453,0.18956615502436858,-0.30778754901533023,0.20308060479707155,0.19463087269124546,-0.11175256465907375,-0.44024820175953866,-0.8242545376224961,-0.45031786346464,-0.4853612952526069,-0.4542609713779514,-0.43614700583187094
13076006,Barkhagen,22044581.13729384,1462873.7673067234,1932737.174533286,1942734.2614473489,2224852.6352509498,2314826.9008759498,2324824.0600556373,0.06635978965515077,0.08767402576153217,0.08812751983573575,0.10092514896947004,0.10500661756552272,0.10546011491788453,TRUE,1.0858327535269905,-1.2604497855792038,1.2613455277725014,0.5616046741927283,-2.343405200041911,1.0291679214072906,1.7431363946925547,-0.32718491145317086,-0.13560933109022671,0.01240246321104777,-0.2778380146189095,0.4465845706703799,0.13320113808584508,1.3905769547695197,-0.12085171238145281,-0.7626424177136004,-0.7849858733504036,-0.5539149401376124,-0.640899348677991,-0.02954558843140422,0.3403400790804041,0.9878202553200974,0.13190126838410723,-0.11411548895943448,-0.896788978390665,0.4545437742172059,0.3622428319067627,0.6782090119324449,0.646476654077658,0.6967850303774189,0.7124570350881104,0.6840473256924264
13076008,Belsch,22631814.510336816,179088.08889925308,231039.5477143573,231039.5477143573,231039.5477143573,231039.5477143573,231039.5477143573,0.00791311226139012,0.01020861794394933,0.01020861794394933,0.01020861794394933,0.01020861794394933,0.01020861794394933,TRUE,3.0064056644211825,-3.108076979019937,1.0855070822091002,3.005967105595293,-4.8417206767614,0.6756108393536508,-0.50380592210651,0.5810874916828013,-1.0867936794101012,2.983035726867961,-5.23628833629991,0.8917579047404465,1.859583341830315,-0.2589205361995154,-1.153367845845211,-1.14162744321644,-1.5099756866832108,-0.6560378500322422,2.225162663676552,-0.6321235297758345,0.03425377040389909,-0.27038425406887856,0.8105469603768874,-1.3184822830423912,-1.0762181488934799,1.030459291284358,0.3279452558701152,0.6139953875163248,0.2533811843793521,0.273099136900348,0.17108207546751383,0.16426006121616815
13076009,Bengerstorf,33063980.395675022,1231093.7740906812,1281115.7965516187,1281115.7965516187,1291120.2057313062,1291120.2057313062,1291120.2057313062,0.0372336832818748,0.03874656896176955,0.03874656896176955,0.03904914623951908,0.03904914623951908,0.03904914623951908,TRUE,1.9705800280325199,-1.2391256998435207,-0.7090851037752711,3.828588018609581,-1.6169683207479173,0.3353298598333743,0.2195976728306441,-1.9068647967436052,-0.7989046193604115,0.555871013812648,-0.8913644461233023,-0.7492442617199252,-0.9552408550358238,0.5523577192702787,1.1465533533720442,-0.8533758775378463,-0.829954519152264,-0.4875105096643186,-0.4385492961804551,-0.18622287663944123,-1.437431264875094,-0.11781292246205952,-0.0925379708348565,0.8387209961726505,0.6143009405377782,0.2532649935515304,0.007456408137909339,0.013960257458119081,-0.6571964454484123,-0.7083390286676857,-0.7565864681427353,-0.7264170675556757
12067408,Rauen,21598525.338808782,35314.05714192462,103612.4747653177,103612.4747653177,170624.5546217852,170624.5546217852,170624.5546217852,0.00163502167800648,0.00479720134314652,0.00479720134314652,0.0078998242678727,0.0078998242678727,0.0078998242678727,TRUE,-0.782604432032386,-0.08212821201795532,-0.24343108984249462,0.6952021484860725,1.545938105531627,-2.0322608181503816,1.2792261603527673,1.3335089340171349,-0.007621044022891871,0.18886452974361137,-0.10826420780660463,0.2638189351451145,0.13860870039210385,-1.3729094210442634,0.1239814005428987,-0.303144554535313,-0.22663820434489063,0.03400579219013948,-0.11287604215557048,-0.9904583843560005,0.10259787988612275,0.22851743376886197,-0.10701836416143305,-0.15093697638302606,-0.034486406310220596,-0.3653240040380826,-0.369387911297612,-0.691586384255699,-0.8079256915796557,-0.870797922862661,-0.9040057151104058,-0.867957871670769
14625240,"Hoyerswerda / Wojerecy, Stadt",95728949.39585815,191903.4846401716,191903.4846401716,191903.4846401716,191903.4846401716,191903.4846401716,191903.4846401716,0.00200465466142966,0.00200465466142966,0.00200465466142966,0.00200465466142966,0.00200465466142966,0.00200465466142966,TRUE,-1.1258768739650795,0.6503637014866888,1.588113271121164,-5.26463055926184,-1.5265557728089802,0.7873220534871158,-0.5844069784438407,1.0760971174408673,-0.6290472601163697,0.5949579661683965,-0.535178469220634,0.7440921384274608,-0.33024195893503755,0.22327365159697032,0.07423957467080201,0.5624026712110579,-0.017139727590878045,0.03524208783537924,0.9232910731719066,-0.15118994054329682,-0.2709494239562029,0.3173892187351518,-0.06280343732841283,-0.12066546267147006,-0.30522161454716873,-0.32875350685808263,0.3708666995475911,0.6943550450255934,2.09871972794478,2.262040678755936,2.3718421136738113,2.277263294371979
13076010,Besitz,22197014.305509947,5806686.83491944,6422706.071946473,8178033.207671385,13361681.466977948,13361681.466977948,13361786.583882645,0.26159765250401495,0.28934999921823584,0.3684294245664093,0.6019585014035509,0.6019585014035509,0.6019632370361566,TRUE,1.7443949117260877,0.7048755763440123,-0.860340530765868,4.32163412581539,-1.479825560730156,-0.6814737563334566,0.9938259817821549,0.1972216359212714,-1.5903719172542672,-0.2648742002772617,1.24159379270524,-0.6731425011696612,-0.30560243401896814,1.1968403482135248,0.013474787957366743,0.728345385849345,-0.8884226059064831,-0.43675161847834537,-0.15855233342712752,-0.2692929280521926,0.9592434161662524,-0.830716555236581,-0.44735779617869953,0.5266480620099361,0.36940583172914526,-0.605724952575653,0.5296433191014107,0.9916245139582078,-1.0700248427920054,-1.1532934528829217,-1.1487614732071145,-1.1029538272558947
16065085,Kyffhäuserland,129150645.2294905,1294386.1012334726,1804543.473303785,2294698.3043584726,2324708.4645147226,2554780.367835035,2999128.7765839035,0.01002229682192799,0.01397239224083823,0.01776761006715046,0.01799997561285039,0.0197813984072274,0.02322194187458133,TRUE,2.4173136671155055,-0.15871882677599633,0.8880082079913663,1.130351638745022,-2.8860370738813246,-0.3053183628038061,-0.7438536001970312,1.6590939033928374,1.0319386613768307,-6.345426531301329,-2.668266062944767,-0.2561508148228166,0.04165643167696047,0.7007214215759182,0.3325373317849333,-0.2557059102762052,0.6331390791424949,0.1367151946641617,0.49527564700536336,-0.4050868839151043,-0.04195089566459366,-0.5455363027653212,-0.18875647270087895,0.31288770338021904,0.12740156552898904,-0.05137416448261466,1.0488676827769583,1.9637421423624688,0.5140729680518566,0.5540777789899808,-0.003575883603930982,-0.0034332928103571977
16065086,"Artern, Stadt",44877102.87300427,6884766.443034862,7729568.018286555,8454766.90065202,10492716.159764975,12184936.52513332,13132015.614426184,0.15341379015748316,0.17223856985955885,0.1883982333836877,0.23381001642324925,0.2715178954313279,0.29262173299350214,TRUE,-0.8980809111074415,0.012190717904694419,1.837723627522804,-4.017954456607002,-1.2191895612037977,0.7062701251272165,0.6374340216944634,0.22161124877338081,0.27888022817376146,0.06394290477384473,-0.03506645730558153,0.8634620546151456,0.16319085334375358,0.35746384405239817,0.3984136748032,-0.657220146373396,-0.039880278579290995,-0.877796939488155,0.7527064765429673,-0.3827041606101462,0.7814988994995892,-0.8252036462821679,0.19604511704722613,0.09160526512790439,-0.21356502138074884,0.22270045253317608,0.31727781144001893,0.594023268513451,1.7127877233008204,1.8460757063423203,1.9316060094669762,1.8545819045830558
13076012,Blievenstorf,21448707.126069747,610136.3596067315,610136.3596067315,610136.3596067315,610136.3596067315,610136.3596067315,610136.3596067315,0.02844630009727456,0.02844630009727456,0.02844630009727456,0.02844630009727456,0.02844630009727456,0.02844630009727456,TRUE,1.2035052294840451,-1.2586069348623738,-0.044776655380750416,2.4419711506470807,-2.0823601112927483,-0.7771897617297867,1.1094074484762015,0.812676886206742,-0.34193699672736866,0.2606031098443189,0.746410451480414,-0.41382532959190094,1.4247196453606732,1.8226624479376425,-1.5622395436220768,-0.2656859910225924,-0.6048634429533682,0.4007590079409532,0.2024868300459362,0.6897413771057845,-0.6464099003981518,-0.30158552818502654,-0.34556619799182703,0.06873364242874892,-0.6881859209225053,0.4731998126922785,-0.03329278691969304,-0.06233240835278728,-0.4346746367204749,-0.4685007231756691,-0.427632309367013,-0.41058017985043166
12071060,Drehnow/Drjenow,10941280.874853594,8214.847326937042,8214.847326937042,8214.847326937042,8214.847326937042,8214.847326937042,463751.65551652433,7.508122148492935e-4,7.508122148492935e-4,7.508122148492935e-4,7.508122148492935e-4,7.508122148492935e-4,0.04238549954259627,TRUE,0.12126533996408749,-0.3877717569117842,-0.589218090852143,2.0206427494857087,-0.2920887111946432,-2.5011514547455427,-0.5257952538811858,1.5430438784230915,0.16532668025129976,0.6995119377378337,0.21992613666645133,0.4403920837791812,-0.7368007566606458,-0.42299528103918865,0.4526026363299322,-0.5933921522653104,0.2680429503024217,0.619456271350459,0.77826051615765,0.4167918489295519,0.9964303630625777,-0.413471217545511,0.01201238218745311,-0.47205567135988696,0.10176886227749682,-0.5263766992600389,-0.2852415025999466,-0.5340433007939502,-1.1095105492595303,-1.1958519103413765,-1.1900605075575,-1.1426060344904925
16065087,"Roßleben-Wiehe, Stadt",72961945.2059014,12532002.077006755,14468109.096231189,14758145.65482494,16278526.112995436,16358794.118686687,16445599.433544869,0.1717607999847176,0.1982966470452731,0.2022718228410288,0.22310981522020573,0.22420995044089828,0.22539968454973008,TRUE,-0.009276522748717243,0.4653702077971988,1.17679426393263,-2.1932353301726186,-1.6661571469896084,-0.9353642896398727,-0.34509329113955833,-0.5814103774963323,0.6665597688676724,0.07376649034922586,-2.387407899388411,0.25989129379295606,-0.1926420431701232,-0.7364794322553356,0.02615669352018064,0.05149167715757236,0.43135275090225605,-0.007449709299895486,0.6255494267673817,0.14454305894025551,0.6416308760423202,-0.23702160623655877,0.01595730594565529,-0.10030333283864298,4.343943673760138e-4,-0.30270184512633946,0.5442959829937039,1.019057958667828,1.0940687612581101,1.179208452834002,1.09456299302705,1.050916548377482
16065088,"An der Schmücke, Stadt",95033858.16494577,11451612.234572878,13189449.483985364,16194464.250962367,17164638.71797188,17964824.139846884,18805021.127151575,0.12050034014926404,0.13878684648468192,0.17040731128535688,0.1806160356888808,0.18903603922579035,0.1978770670818456,TRUE,-0.4530608361518017,0.39158751004064746,1.4011793626041995,-1.5635373518708346,-1.177983235619261,-0.3877323380370281,0.9604031250760653,0.03273171925959678,1.3709414084138902,-0.029336368544949483,0.11703549912689541,1.089726692638824,0.08671878660342151,-0.18919831643367022,-0.07912015767067107,-0.7141533241676569,0.8030189865456316,-0.7678226797075557,0.5982074880526079,-0.18874115047468806,-0.02665103109874652,0.3227964294740312,-0.24150556619177468,-0.22863970177537074,0.25405919075923383,-0.1159922658611931,0.4465686788310151,0.8360880485494732,0.7289974357998906,0.7857275235616927,0.8262544122919326,0.7933069549940867
13076014,"Boizenburg/ Elbe, Stadt",47261339.452733055,8954971.769683355,10525057.269399663,10906074.789564142,11014174.672644502,11343309.091129825,11998318.319151891,0.1894777395938892,0.2226990895999884,0.23076101769124657,0.23304829698404936,0.24001243347058496,0.25387173656285456,TRUE,-1.0195424826881598,0.45193035310628915,0.7873480732106432,-3.399373531480533,0.26372995048785713,0.3152138850323508,0.7098868266663504,-0.42915222718776774,-0.19273104014500866,0.025665182419635238,-0.007950378212851989,-0.06335430806587027,-0.24917425404089236,0.9254781079955432,-0.3413024555662856,0.3704277519896857,-0.7495808059824668,-0.26995760901977345,-0.0657604388555992,-0.0031078879692172994,-0.3029147197188228,0.1569835641796178,-0.06212743739247274,-0.24743497736626846,0.1202416189553823,0.20736303278262175,0.07324531454292416,0.13713351384582734,1.2093922269873953,1.3035063127250979,1.3636053931827068,1.3092306996323553
14627070,Hirschstein,34709591.61562421,2193502.645561772,2323306.4326711465,2425711.376778363,2505591.0242393003,2525560.958809613,3137167.6758232336,0.06319586441271716,0.0669355738436672,0.06988590945237312,0.07218728044934504,0.07276262385273223,0.09038330702833929,TRUE,0.20303802915618724,-0.42702539897076697,-0.553986554136547,0.9307584517137865,-0.5405027484801593,-0.8342838932720521,-0.2665477944420088,-2.0021090432572746,-0.17823370947733974,0.2607495487691217,0.42765838195820427,-1.4179174792911764,-0.8507421978467987,-0.542146216880703,1.4333389323836587,-0.32232492652865,0.12260839750480677,0.38196847559738833,0.5802215154610928,-0.5378173365752541,-0.23020884260530167,-0.15956641652446213,3.422554799358416e-4,-0.4808746126007539,-0.1567997995162017,0.3487886156946184,-0.25932464131704225,-0.48552046656546527,-0.19132535184806962,-0.20621416142184987,-0.17255935222438296,-0.16567843055645967
14713000,"Leipzig, Stadt",298922250.8306755,15425332.284838716,16932852.282855514,18235474.668501675,19203060.42921512,19581795.176452033,20101535.04070985,0.05160315848677453,0.05664634277241251,0.0610040725232969,0.06424098699863161,0.06550798785314962,0.06724670038730694,TRUE,-1.2822723796393452,0.13052748532728273,0.9459536097553028,-3.602645098419284,0.6857738803502386,1.0481182029357992,1.0489325321018101,-0.7852417623424089,1.2518362142820902,-0.10617260626363612,0.41336944500557643,-1.3879229762111707,0.07958532044613348,0.21263103278076206,-0.5340270311062426,0.8169309371815865,-0.10022859541281914,-1.2575896716094557,-0.7347199483954736,-0.35466859115511506,-0.46980959232179476,0.07254372245118766,-0.018656810906350213,0.03285715330340471,0.4360531264009963,0.14357803142676576,-0.06859709485225322,-0.12843088619944693,1.2143731177851853,1.3088748130784422,1.3856297270212719,1.3303767981624435
12062196,Gröden,22364891.756251942,34981.2842837913,159742.5842010858,581759.9462589324,1587439.550870099,2545890.247338691,4232293.492020652,0.00156411596644604,0.00714256013139124,0.02601219592740955,0.07097908490553469,0.11383423068108547,0.18923827301053425,TRUE,-1.0124980878002339,0.5992941923640951,-0.02282805840650242,-1.1132321877545934,0.21016115933288626,-1.477279730330895,0.10409541908867737,-0.6232623903187723,0.06956890719131918,-0.12886409529867374,0.7136731410434427,-0.18044058376185043,0.7812034281609491,-0.9221493718746759,0.45776487860366627,-0.49196543929133546,-0.13100580176774354,-0.5089184839919009,0.9559961826314559,0.40744576170887375,-0.6572299900159257,0.35724916021044495,0.4142443543932894,0.38936162223929466,0.28619745195919205,-0.2777542835736735,-0.14534398461421374,-0.27212022299147137,0.17277239792069884,0.18621742915884537,0.22872676746692341,0.2196061318710578
14522460,"Penig, Stadt",63554570.2485366,2234273.0184579855,2441714.0696335644,2655668.7589003644,2715617.197376927,2735705.8968505887,2875586.108764651,0.03515519040913398,0.03841917363432706,0.04178564576103814,0.04272890504580914,0.04304499088188832,0.0452459374285654,TRUE,-0.5658269747662361,0.13022131293633854,-0.3990699435506166,-1.5845628530416156,-0.4303000813517464,-1.5334018686080635,-1.1894790498474668,0.22473752204409128,-0.5758171813120361,0.5639752187572787,0.1142556959405234,-0.6763380771962667,-0.8548760897756522,-0.007122640571526456,-0.5444178676741984,0.34951719905019424,0.29222079993766714,0.6643971028994481,0.13392850632210088,0.12640200166306084,-0.062308757945291726,-0.17073425676379542,0.014978225713722539,0.049643958680576326,0.06263239040934392,-0.004255204560653022,-0.27822520179350474,-0.5209070341291,0.33352263558776396,0.3594771416782835,0.4201462217352991,0.40339260506040964
14729320,Neukieritzsch,57174850.99613302,1876395.7515475864,2759173.941956846,3171888.6223709723,4640969.121394411,4990750.370417848,5190624.604792848,0.03281855079385331,0.04825852440163702,0.05547698974476559,0.0811715123089398,0.0872892588868381,0.0907851006930287,TRUE,-0.6840936137055793,-0.09292033706067448,0.5599605330662913,-2.4520039299845724,-0.6330722816335042,-0.5449453463895338,0.29070668906513464,0.06565689118430455,0.03495926657215114,0.16982493521013203,0.45046141209896823,0.0371472813796138,-0.13842320570970118,1.1973813668284368,-0.07984055366687477,0.025083386503858537,-0.1468720241688024,0.13061716731647502,-0.26288562587279357,0.21828928229552463,-0.6841107425427497,0.27891457638132666,0.033774566630761726,-0.1858159038214704,0.18005191292881811,0.07935159993724866,-0.07235113923332082,-0.13545939444357893,0.8810585626401437,0.9496219445223026,1.0307738001646378,0.989670993015375
12067493,Tauche,121681826.17341477,11625602.85928016,13442889.33470642,16639415.475774117,16968812.01323845,17986621.643620837,18348534.980364777,0.09554099593074762,0.11047573624962118,0.1367452806967284,0.13945231220523727,0.14781682860337103,0.1507910881795559,TRUE,0.9733184401607909,0.17002369791167146,0.3635626858458941,1.394371254946792,-1.664841682559959,0.325890735738936,1.372990439964147,0.706758637834459,-1.3088662119270993,-0.053995331384455635,0.1542156234109698,0.012402105433854442,-0.22775380016934188,-0.3190181648897038,0.34626479899731055,-0.8587425639461437,0.4513781403993032,-0.03460253483419685,0.12799275666993468,0.05529336635662255,-0.02065006171348511,-0.5733278513959486,-0.029285755920540366,-0.11357359954013378,0.2731958523458141,-0.33403301882977726,0.5023016079727854,0.9404340051178283,0.08590710274618023,0.0925923354216635,0.10239878799155472,0.09831556659568405
12071052,Drachhausen/Hochoza,38206293.47381318,1165950.75436792,1165950.75436792,1165950.75436792,1165950.75436792,1302929.5430890722,2169674.6664532046,0.03051724332189065,0.03051724332189065,0.03051724332189065,0.03051724332189065,0.03410248481659462,0.05678841021153523,TRUE,1.7119084336237105,-0.6068503245699872,-0.2659650749868391,4.460324429181319,-2.2299682341131923,-1.2819866986272774,0.6675024783186455,0.4032937688090656,0.47928518835789236,0.3921190259518122,0.27768078301813937,-0.06911539159844829,0.9817776260289615,0.49029118643748265,1.3128756186151347,0.34757110344730513,0.6683267718022362,-0.8809062279815906,0.38604523213694736,-0.083347713142595,0.9881153738265879,-0.319379632146453,-0.41616771087507737,-0.7449353262040452,0.18957959981412562,-0.4937548356887445,0.2796976780222947,0.5236638772195902,-1.1732977971115126,-1.2646030387106562,-1.278955794613243,-1.2279565614448953
16076012,Caaschwitz,4096695.059117049,975020.0952366568,985017.2065647816,995014.3286350942,1005011.4604710316,1031726.1854837226,1042769.8960544164,0.23800162842650055,0.2404419153367691,0.242882204869197,0.2453224967854062,0.25184353987677277,0.2545393008283029,TRUE,-0.14479990999874184,-1.999453093852006,-0.3260913693145085,1.0587302059115666,-0.4401131529250574,-3.08244413160503,0.09351268719695609,0.9103068735470669,1.0401741403021691,0.8838183855732598,-0.1421917288577975,-0.21807586712061308,-0.11631834807951941,0.14007121424317237,-0.19827444134774944,0.3555973106702306,0.0077364079768515075,-0.8458644383302094,-0.5567815285588569,0.6882375970528439,-0.004252403461263778,-0.5114050107988072,-0.010734079663911064,-0.139597947644256,-0.2651171388573968,0.30760198225858765,-0.823448124388419,-1.5417004551323696,-0.7726907422343017,-0.8328210135727547,-0.8200097087130312,-0.7873112632224963
13076030,Dersenow,22453055.812532347,154390.0869261269,450327.7272536608,2903543.8236564393,4018945.561679107,4018945.561679107,4018945.561679107,0.00687612805202011,0.02005641151982114,0.12931619855662604,0.17899325576146752,0.17899325576146752,0.17899325576146752,TRUE,1.9265692466398145,0.09920634352317387,0.26525842931381977,2.2805516022513177,-2.4476952246629833,-1.1774802225368741,0.94960531108624,-2.5869165169867214,-0.7054659989303099,1.645334107748478,-4.0619436051265385,0.49030712412313043,-0.441760475856423,-0.16929142159086133,0.9997375920056092,1.3948000679204033,0.20820999596791623,-1.6693805408383362,0.9106914906756747,-0.007059326207631827,0.5091129922268629,-0.6695863187870155,-0.27788663385118584,0.09894026175505838,-0.28621737413901865,-0.038503656280646364,0.7636780064922695,1.4297958733686456,0.07891336441816518,0.08505434910367296,-0.044392114621731295,-0.04262194882400389
14523330,Pöhl,36637247.12238823,137328.82505229252,217022.1977126692,429290.8465726379,488362.73287474783,546480.0026067637,696270.0133195282,0.00374833907671992,0.00592353996979351,0.0117173335960143,0.01332967870766469,0.01491596791596336,0.01900443040913007,TRUE,-0.5671889851033823,-0.3687501643384981,-0.4352357580315233,-0.7205011063976698,0.0057148307513312105,-1.006104990047856,-1.3815788769446065,0.896307839869456,0.09989246100662182,0.41344596895856917,0.6217422949369693,-8.117913962496706e-4,0.20195209100155564,0.04145040026548559,-0.41267252742604066,0.5569838429289196,-0.04916073314587834,-0.22294325368946505,0.07300530525869671,0.14675885698479385,-0.5688473757404064,0.13022924370487474,-0.20355556895343718,0.09977747621891604,0.2032019449688586,0.10893001310778218,-0.4570583024911346,-0.8557272426796247,-0.11575451844840474,-0.12476245684149084,-0.06563890431123061,-0.0630215083074105
13076034,"Dömitz, Stadt",60510885.16061312,21950853.109217133,26042326.512366462,27699582.15589152,28039658.48011027,29559000.79393583,33168916.577491906,0.3627587507760516,0.4303742449518416,0.4577619726164795,0.46338205771878943,0.4884906362793706,0.5481479322183465,TRUE,0.0682049831839336,0.6946518593355461,1.1683036965740436,-2.4107415950971944,-1.4915788437075939,0.4633356781711991,-0.1967252934634228,-1.2198843121799363,-0.23998131434399977,0.7979818792476754,-1.4864724099488942,0.964177890204056,0.3792886997599761,0.6908863446106978,0.15979500028892818,0.35548631496798083,-0.47458352464195025,0.7837421931059303,-0.33767415538803147,0.16452163302595885,0.09967183582768607,-0.06011972040926899,-0.12660689667473576,-0.08845749546338198,0.20875714749623933,0.026910553466516395,0.6437201796978411,1.205204875237445,1.3101330366095456,1.4120867040664744,1.440135831541078,1.382709434650585
13076016,Brahlstorf,21903744.877673864,677901.7761613632,1447936.903600571,1895015.3033742756,3985951.4765565735,3985951.4765565735,3985951.4765565735,0.03094912673368185,0.06610453653870073,0.0865155850726619,0.18197579906162029,0.18197579906162029,0.18197579906162029,TRUE,1.6693949075719918,-0.7205597570550345,-0.39473951858468675,1.4200146925738975,-2.006885683018349,-1.7912787236259369,0.2260808956998673,-2.2622752937097608,-0.9947937927985169,2.218632181658202,-3.7731966989789645,-0.771613456740035,-0.16987734873403004,1.6467838945142492,0.1703149035231412,2.5685926772398795,-1.0847148274871727,0.4125724469966304,-1.6834651997372077,0.9147809992553243,-0.6315150893307864,0.06846078174529735,-0.4336683245174466,-0.14510024632132976,0.35348847983202164,0.16793364797496715,0.1846985439774235,0.3458017826244557,0.08308450486107843,0.08955008487679288,0.01580209387642229,0.015171974623242362
13076017,Brenz,12655093.82326901,0,103411.42736059632,351446.7459288564,581917.1239161957,591917.5760646332,925152.2059361316,0,0.00817152593293721,0.02777116873544223,0.04598283758641288,0.04677306895791402,0.07310512421765279,TRUE,1.1880250148139193,-0.8811375545027152,0.3080865810986767,2.7543104347203777,-2.628713562785185,-1.1931858412839278,1.3838754737606054,0.9700492213613587,0.21161117657421363,0.18630277192399533,0.6057336212778328,-0.2392719642241684,0.5340621154873466,-0.1992062516916316,-1.1203406885076186,-1.5030879762830165,0.8774606559912127,-1.2098391607900099,0.4304242158662789,0.15964679306321708,-0.09166138819555437,-0.7740956561306196,-0.3222635901616295,0.0807366555809414,-0.6760326269305013,-0.46207832876927524,0.20499134713662692,0.3837949760508072,-0.4745339139769083,-0.5114618224493478,-0.4859024107349132,-0.4665267212493937
13076018,Bresegard bei Eldena,11145835.110949654,477817.0593800373,1251142.610404591,2814767.6682704855,3968975.4993206887,4632707.291524721,5022777.401876284,0.0428695611072364,0.11225202938588874,0.25253986267078915,0.3560949412773541,0.4156447000524488,0.45064163895102965,TRUE,1.6573939778845144,-2.3415503431794216,-0.034254904447814566,3.0645094246122495,-2.0855687547304296,-1.2700148687687784,-2.9549824886760834,0.21280593347398094,2.110807938030431,3.259424439057631,-3.9896006369880515,0.3658551487279901,0.590451747691933,-1.5290525815175013,-0.2364080807147131,0.6050971978864474,-0.7850522557933933,0.08644003607688389,-2.0052303313113917,-0.9884893412580501,0.26394307746215634,-0.9284860183420612,-0.17595539933257753,0.20158399164452523,-0.09346330472908018,-0.9420358008091766,-0.23947042324757392,-0.44834841391584596,-1.0651885227798925,-1.148080773716088,-1.2212714557552622,-1.172572424876916
01051103,Schmedeswurth,5892558.023501109,5034583.058876356,5782876.713106979,5782876.713106979,5782876.713106979,5782876.713106979,5782876.713106979,0.8543968576630186,0.9813864691774452,0.9813864691774452,0.9813864691774452,0.9813864691774452,0.9813864691774452,TRUE,0.4408369791243433,1.783836785087888,-1.5877508740199795,1.5222333981353378,2.2722000659286126,2.5992519867566184,-2.5029068091539988,-3.963950662183185,0.4834209767946647,-0.7457919189720424,0.7000807987051358,0.0646110302976702,-0.8031491465116403,-0.06152016237315789,-0.19932852888370517,0.6633135866181589,0.20667747685842353,-0.8414076757953941,-0.33829288082504466,0.1834029482656556,-0.6022900097774129,0.2099187591623232,-0.03288309580894124,-0.4319443657246229,0.2517296441438123,0.093232602384362,0.21230763006408396,0.397492884133985,-0.6694850104355203,-0.7215838814768768,-0.7620135387027652,-0.7316277299817593
16076022,"Greiz, Stadt",84875542.84927861,1875164.994011584,2094495.2904866172,2324392.68208818,2624259.92818193,2814174.641072555,3150229.6228802465,0.02209311341126252,0.02467725354294354,0.02738589473549312,0.03091891774809702,0.03315648473754031,0.03711587009787262,TRUE,-1.064764615579295,0.27506395908618864,1.3469633039935671,-4.462842119497178,-1.2232183334815612,0.9298601356066357,-0.8512300442807973,0.11787597332753846,0.4839115162410569,0.2414574994379447,0.4111665706624476,-0.13991485486461877,0.2378399616981266,0.12973736360002217,-0.07426612651698625,0.41734386018221886,0.3084429737715001,0.4865862574207638,0.36278750174226565,-0.33600755032745566,0.04155625629470155,-0.02649788440001253,-0.06269519250435321,0.09539733424123743,-0.06091734484526021,0.23682482811015038,0.18575421583348695,0.34777826387781,1.7267253041684567,1.8610979003333767,1.9858352926971765,1.9066487582190061
13076019,Bresegard bei Picher,16585079.633916289,0,0,0,0,0,15863.0750720001,0,0,0,0,0,9.564666207306176e-4,TRUE,1.5718448259804516,1.4636479998822647,0.8776469170793321,4.173084691798447,1.0096513800078306,3.798918767261744,1.961162943792991,-2.69574189655703,4.677807165822119,0.03984204799406523,-2.1245166833495475,0.2519347780218814,2.912853129216541,-2.536364484877076,0.43949191015401967,1.3899186764522473,4.023659686433579,0.04892135706239518,0.12973578997467586,1.3290895960208577,0.16813500322793598,0.4950816089299675,1.8343457180874623,-0.2547407590974041,-0.4561474298473109,-1.2626366886440368,1.3043799143140162,2.4421248260866433,-1.0145176553599633,-1.0934667336393922,-1.2672770140485479,-1.2167434802074555
14522480,Reinsberg,48691974.840761214,501696.2787203869,511681.57266569935,511681.57266569935,511681.57266569935,550835.1014988194,610746.3554050694,0.01030346952164291,0.01050854015141235,0.01050854015141235,0.01050854015141235,0.01131264655623912,0.01254305986566392,TRUE,0.7520568026380576,0.2579996626177435,0.10276020791982506,1.061800633586161,-1.4230744066404104,-1.1142428332646526,0.8936513748249093,-2.2033079062038987,0.29128785448679323,0.8045084740531606,-1.1184511613248702,-1.0669781804499467,-0.08377167864266594,-0.1669440033926562,0.10997928344390034,0.9389538618884822,0.4534473027189314,0.4721894208028658,-0.48093897573777605,-0.7694448559679102,0.037208262416066056,0.6484691886439163,0.013087234650167822,0.6141685551108588,0.010022592129223521,0.05259526186420013,0.37093889105854205,0.6944902055560427,0.06145286903277764,0.0662350897680519,0.055958533718624595,0.05372714908367867
14523320,"Plauen, Stadt",101676934.79473804,1690581.03353307,1971737.486503842,2209275.988935403,2270153.3018512125,2381966.7959027993,2512058.4493637495,0.01662698661152559,0.01939218064042075,0.02172838897430783,0.02232712174530163,0.02342681553797263,0.02470627634905603,TRUE,-1.1497828698224515,0.34033970195824975,1.1254590527688806,-4.1329308858810725,-0.22961437878182286,0.8902143188061652,-0.16316309401987134,-0.04880898158769056,0.4447791093899065,0.15104701222810907,0.12479018518274489,0.1005784642397234,0.4202763624106052,0.3638285342689649,-0.26952191023189487,0.5776905336444969,0.031423716799923854,-0.07000074529980267,-0.24809348385366642,0.3621031160875793,-0.3539108493066441,0.04084664953561302,-0.08642022395787692,0.04172392956724902,0.24952714636125078,0.21767515379285599,0.1053386283015596,0.19722020900363355,1.4789718168468786,1.5940644040723657,1.6835843711804857,1.6164502980044972
13076049,Gorlosen,53238340.14113412,911857.3277114358,1162958.8903957717,1352986.0769192094,3062551.716939577,3616996.6020925823,3657002.4936941448,0.01712783165842726,0.02184438672041208,0.02541375394748336,0.05752530429800767,0.06793969519906093,0.06869114408900578,TRUE,2.075328634321104,0.18543476609382228,1.3939979353271483,1.1362134807501525,-3.865133608436083,1.6369658693867153,0.39939292504387225,-0.06424385031655412,-0.506661194389931,0.8613254526971718,-2.000262949678712,1.3302847846674,0.7561076935834307,-0.14310985678775717,-1.1698516400522896,0.004318653967069305,0.7576479572818844,-0.9966859316135501,0.5872498938675315,-0.5656004994109237,-0.14374837411947414,-0.8768624111808937,-0.3780077051716279,-0.08141501445446657,-0.31889303913228556,-0.0037415842491565813,1.2182537785806915,2.28087519939343,0.8036832783117301,0.866225367861456,0.8431129806009126,0.8094932764125209
12071076,"Forst (Lausitz)/Baršć (Łužyca), Stadt",22690567.20805098,983083.6116050208,1155208.9791916723,1274451.1789032577,1334281.7374970077,1375452.1878939478,1439111.010424835,0.04332565169442776,0.05091141920779245,0.05616656327793612,0.05880336640608891,0.06061779660606788,0.06342331583118006,TRUE,-0.8841518659328192,0.3375513033614381,1.5816142311992978,-4.121090380047836,-1.2491542844930705,0.6166864426612919,0.09442290889660668,0.2647428023486226,0.09202192912791582,0.27441797570519705,-0.14232361997672816,0.5349040669372671,-0.407075770956234,0.08828739791827248,0.14958087809607487,-0.03862381898905018,-0.09477933491820459,-0.5317550262727835,-0.03254280053028073,-0.13547027083706237,0.21608821790052035,-0.4176662347112434,0.2861654902788047,-0.013876406061865142,-0.26454721768152206,-0.39976933118247215,0.3450045562093056,0.6459346564492683,1.7012350465386008,1.8336240080823292,1.9262086319932725,1.8493997512112628
12071412,Werben/Wjerbno,25048677.960904755,6167349.0234144665,6840619.099138285,6891747.382271541,6901724.060982479,6918207.956730812,6918207.956730812,0.24621455204303735,0.27309301951244386,0.2751341764634437,0.27553246809091037,0.27619054257188935,0.27619054257188935,TRUE,-0.2852512054653673,-0.9427190146175463,-0.45499342892483446,0.9631626451657084,0.04850367706660655,-1.7834521022125103,0.441773242016787,1.1647183731726172,0.01714044785376551,0.4207249451584699,0.6301016470536003,-1.0399572012416196,0.582397401848901,-0.40662974857660006,0.41712441878705364,0.33408035438478245,-0.13873605344029938,0.2958961481943689,-0.021653184737189638,0.08663550245803513,-0.1574971968809644,0.10510927077844852,-0.23632464689535004,-0.7221900447050075,-0.0959578271795432,-0.08830971420091524,-0.5609878830025827,-1.050309362464303,-0.6419802809262091,-0.6919387525061933,-0.6574423021513937,-0.6312263426918304
14524200,Mülsen,49070386.86681686,528144.7526217514,560447.9123756092,567591.7760138495,572588.4404377013,575801.4449925339,586519.7518599263,0.01076300364321972,0.01142130617182078,0.01156689018071865,0.01166871665372799,0.01173419411905862,0.01195262131215337,TRUE,-0.5319744178263704,-0.143280919441499,-0.7018766545475755,-0.726752195246223,0.7655631461779665,-0.8878955106020073,-1.3837040445119597,-0.07673057173223703,-0.44859236626614213,0.4253179764997059,-0.06510514666144859,0.3920014686730752,-0.30951792348940294,-0.042442465210217585,-0.22711525719323453,0.14735284722043296,0.26065213612841703,0.3010263739866468,0.37105586034250343,0.1348762768929213,-0.05267582068873507,-0.12443618581196186,0.004244308688115337,-0.03553528601120219,-0.27062423126821095,0.48865772282821923,-0.459043997271815,-0.8594449590195613,-0.133032498359055,-0.14338499747148345,-0.12539790197483053,-0.12039757524847182
16076039,Langenwetzendorf,58305263.8702406,2567.3307004442822,2567.3307004442822,8267.40316154342,8267.40316154342,8267.40316154342,8267.40316154342,4.40325715043143e-5,4.40325715043143e-5,1.417951418579062e-4,1.417951418579062e-4,1.417951418579062e-4,1.417951418579062e-4,TRUE,-0.2392422021020138,0.26232808405713687,0.027952467411403163,-0.4476158253216064,-0.9797489510810735,-1.7721580183475847,0.050034568032237166,0.29498937360183974,-0.17746434639765357,0.18729589980301573,0.8236605101983652,-0.20759306725491256,-0.3932797442948691,0.10105036465070427,-0.8867721769083169,0.6322748459038583,0.2917120205169895,0.17407929607026454,0.20552667368380448,-0.20177231357733094,0.13182269644619915,-0.04660077265260355,-0.07542765635713479,-0.29065834445636873,-0.12633352021605448,0.18518266645262654,0.01701278312217541,0.03185217709009463,0.10683019209063717,0.11514364543805829,0.1821017487488033,0.17484031752192294
15085090,Ditfurt,23934830.607724182,2080327.7596030508,2251575.9852884286,2371167.529216992,2401174.5048029297,2471190.5829279297,2689857.872105579,0.08691633518106842,0.09407110592049923,0.09906765450229572,0.10032134942404936,0.10324662929222628,0.11238257400649894,TRUE,0.21929419228994493,-0.007805206126369335,4.7656679406332084e-4,0.5838462196246265,-1.0919136005899022,-1.1197160358118865,-0.034051903913537955,-1.0815820598755699,0.3645870367069619,0.018277799748928517,0.9558573189313829,-0.10230062337952989,-0.33128110712483955,1.4026389865726068,-0.13472175213151533,-0.5434990247195804,-0.7637230026513061,-0.009342576368468348,-0.07122639621310214,-0.12118224122066744,1.1021036018363768,1.0619295063851268,0.36184326029608455,0.3633471176951628,-0.09672808157150771,0.01313481499850371,0.07065518431921297,0.13228414346476852,-0.07748685535724899,-0.08351683007174095,-0.02889053264928517,-0.027738502987944013
13076050,"Grabow, Stadt",72342784.02963038,3661484.149192713,4562893.041733142,4562893.041733142,5219119.885771383,5549149.167021383,5669159.765654195,0.05061298370398672,0.06307322980360085,0.06307322980360085,0.07214430514083782,0.07670632588246183,0.07836524183714305,TRUE,-0.8523669212950473,0.5414820165646289,0.9966851399950736,-3.584695209985266,-0.5986738232604024,0.33737369185087973,-0.34504989956270127,0.04275052926763699,-0.1246792198858401,0.32803281009035523,-0.1996518570693106,0.6580838113275522,-0.19541271521419654,0.6733990858264378,-0.14397039751095156,-0.028475215804226933,-0.42209998697265577,-0.026306983920794325,0.2730173674113376,0.43976755126263273,-0.06539252613887922,-0.2674642918696697,-0.005794722129708755,-0.14586655293105838,0.29285251085853703,-0.04781182360311971,0.22860007842155172,0.4279964147195747,1.3369179464206247,1.4409559974564987,1.5159538080204344,1.4555041176923507
13076053,Grebs-Niendorf,31193807.47521011,0,0,0,74.38789612582657,19172.44961717929,979920.6531030376,0,0,0,2.384700751421353e-6,6.146235797735092e-4,0.03141394822936527,TRUE,2.135092253794702,-1.5518291085913056,1.4926910258973585,2.345032134244352,-4.099994558478185,-0.19369064408825654,1.2969546414460869,0.0865570125582843,0.8678021068968872,-0.5028570790283223,-1.2600747618484345,0.10363483161401456,2.0406002700361445,1.8548628458114067,-0.7337834769172256,-0.8959525032122887,-1.7258800499165055,1.7559341788517036,-0.9671422169050845,1.0094368215318357,-0.30709853105147106,1.1298018075248013,0.41577437248883403,0.7741938717957021,-0.7406394176406266,-0.13809564989399456,0.6919847237002515,1.2955681504110168,0.262528840480277,0.28295865741661325,0.18683284698794989,0.17938275999731534
01058172,Westerrönfeld,7737648.470862418,324475.4736498651,374372.62508608674,374372.62508608674,374372.62508608674,374372.62508608674,374372.62508608674,0.04193463619751388,0.0483832557780129,0.0483832557780129,0.0483832557780129,0.0483832557780129,0.0483832557780129,TRUE,-0.8465453237145693,0.5807553666735934,-1.3253236243469988,-0.23211271496956712,3.3533082135535484,0.38491584231642634,-0.6871589224057247,0.2799742474356005,0.04951743534190211,0.1908554717265729,-0.11403724907470972,-0.19709967086493366,0.021022865206644308,0.48769109261532767,-0.5097557255771991,-0.0438146992439489,0.29396194954371674,0.1776793846671779,0.0600089739362138,0.005556983484088387,0.29167391732796427,0.13829239621366643,-0.16902873645760969,-0.4222557889526964,0.28883137577503587,-0.2213018574745418,-0.5303711937959915,-0.9929872770937095,-0.7187291860383813,-0.7746602055435285,-0.8037392284993822,-0.7716895794861547
14612000,"Dresden, Stadt",328093738.21001375,20825536.255313113,25297919.86617905,31783513.216996364,36158944.266699776,40393154.855578825,45014217.968860075,0.06347434842533517,0.07710576862636061,0.09687326978685476,0.1102091873620408,0.12311467776237488,0.13719925962148763,TRUE,-1.2688596487434884,0.37239790702146325,0.3690637268507143,-3.057153622526823,1.065961411126927,0.5264074781164568,0.670969143000563,-0.5517354590396966,0.47877900305078713,-0.02124968443262804,0.255215592806556,-1.2004284487126944,-0.3052046924106149,0.034579534210276874,-0.33616760076157126,0.4224728444504085,-0.06183433620752491,-1.060153396919909,-0.27614871663977986,-0.30758811182609996,-0.49986837638879,0.23067311075556915,-0.09198406842348707,0.041868482624869745,0.3334544915292634,-0.10854338905129553,-0.17579933829043695,-0.3291402479732794,0.8911172928392171,0.9604634383072859,1.0176860718234773,0.9771051467534279
13076058,Groß Laasch,27469796.47469017,388072.5033065348,436033.26821013185,436033.26821013185,478326.90373629745,478326.90373629745,478326.90373629745,0.01412724348591708,0.01587318888990967,0.01587318888990967,0.01741283027622768,0.01741283027622768,0.01741283027622768,TRUE,0.35616257491594705,0.5662497477003249,-0.339912633009572,1.3451243319845625,-0.660266478962134,-0.9194899856455219,-0.19587433699387188,-0.48965911773928833,0.18856794431648935,-0.1336946924059777,1.217335406116681,-0.3082795101734445,-1.0811253327235377,0.24152394853232698,-0.6152843430816952,0.7795129325697365,-0.05158100665031215,-0.01757726041491539,0.1468206991426467,-0.0769976581794464,0.4991863843435477,-0.14203229805551434,-0.04799583257313112,-0.08510613539335507,-0.19157504730747044,-0.10200594104116191,0.19416656320223333,0.36352827821752365,-0.454767215149782,-0.49015689247879707,-0.44838428118030343,-0.4305046526573713
13076037,Eldena,34256595.94915999,7758831.260879714,8388590.849904772,8585128.30828688,9063882.784999948,9083728.509976342,9093730.119351342,0.22649160098669904,0.2448752019130631,0.2506124169788504,0.2645879584314683,0.2651672840890978,0.26545924565439294,TRUE,-0.15460707713482089,-0.6138711851279908,0.059156395812460405,-1.1352668750908235,-0.2828867577009629,-1.800888935579942,-0.6158910315376788,-0.6726006978136934,-0.3789494603514549,2.196483226394384,-3.7556732833776496,0.11436648809770557,1.7783578472122694,-1.0756205376332966,0.15959515647471378,1.6250611597141893,0.10891782280276721,0.9645279957469847,0.05788048120382855,0.8845809590153819,-0.05353458307143884,-0.4020394369545333,-0.6321319237465001,0.4359193044023237,-0.2513441706442137,0.556518385506858,-0.2364406221501171,-0.44267586989933133,0.32664195689296327,0.35206101321775285,0.28973898909776885,0.2781854496203337
12061217,Heidesee,136118729.30755383,3888942.420816776,4447883.200699576,5701455.32767381,9336612.11632201,10863804.820423571,12810387.940540764,0.02857022277977555,0.0326764966388262,0.04188589885225596,0.0685916784840562,0.07981124181579245,0.09411186840861772,TRUE,-0.09819978204424805,1.1014624721249677,-1.087524077126152,0.2504266093583195,1.1954976991138715,0.05282511360561712,-1.0622679358044729,-0.24304636828089632,-0.5617679460515634,-0.02914815798850257,0.34988645115643685,0.14696024372561312,-0.33965817493871236,0.3165032001170733,-0.4897944834628245,0.3223518945213304,0.5816884823880171,-0.5165955306185375,-0.2648004514817792,-0.09566948096611334,-0.16031902614999882,0.12713260588787303,-0.18279067108484315,-0.17726000257355998,0.8987410742622165,-0.20933175848086608,-0.028087129015144097,-0.05258611721068628,-0.3983792556110967,-0.429380860038554,-0.4297840136053658,-0.4126460834171558
14628310,"Rathen, Kurort",3734832.332335076,1035914.5812385968,1055868.3624885965,1135682.7179573465,1176137.4724485255,1200453.5376960868,1230596.187536036,0.27736575274610165,0.2827083704259492,0.3040786351036272,0.3149103809201486,0.32142099855538747,0.3294916820982558,TRUE,0.4497966358620729,-0.2462079138826185,-0.5690535201027892,-0.9321484096623656,-0.8598591294462863,-1.2070080620925294,-3.524075803898575,-0.3202537038145592,0.5208602580917691,-2.9259681569839815,-0.7315789706035319,-0.08257598764722089,-0.21545090902215946,0.7316039991281593,-0.2696242983017783,-0.10223155197559446,-0.6463668419840723,-1.6009926035076716,0.4269330173677949,0.1179373626080012,0.28518273660497073,-0.6619051078791437,1.1698420473216489,-0.3827429718565038,0.3656226360532903,0.21598933773283913,-0.12182159937444492,-0.22808044567473457,0.2817263910271698,0.30365014837242094,0.07852053383176433,0.07538947407953865
13076040,Gallin-Kuppentin,18528960.128267925,1136149.7521080065,1862780.9253504896,2019631.2151987024,2269563.226917453,2573640.6273675915,2673524.044908105,0.06131751292263225,0.1005334844726994,0.10899862707986172,0.12248735013763616,0.1388982765115472,0.14428894154882205,TRUE,2.990807075078597,-0.9183884308120643,1.0390026351081791,2.390798118942642,-5.4707687897138415,0.7721476949599824,-0.587040276520289,1.7003968072113738,0.0663399222758683,-2.053956963234515,-1.5711816740339912,-0.9022379146175749,-0.04812011191358956,0.4016984313575756,-1.4516329040893874,1.1005895862213924,0.39807531263330914,-0.9552852139747897,1.0127759596100754,0.14889376817108496,-0.24551579861685333,-0.01004158168305842,0.1496221139107021,0.8342511016309038,-0.400983283791731,0.09848625639105439,1.0371404264582373,1.9417857909317648,0.557392214755583,0.6007681001949241,0.3969692544174022,0.3811398350958216
12070125,Groß Pankow (Prignitz),250869220.52956736,2956194.6591788484,3026182.6992179104,3506099.645506973,3600431.636111023,3730409.434939148,3730409.434939148,0.01178380772634653,0.01206278989837753,0.01397580635083826,0.01435182693401272,0.01486993672266575,0.01486993672266575,TRUE,1.9129070033348405,-0.37957121239392183,1.0081346691006938,1.9132060645413005,-3.7213658223282557,2.0162156095435946,1.0382925706825452,0.12017538085019609,-1.2765985780381819,-1.1468603058919133,0.826268429831202,0.5962445713099996,0.7499128289433274,-0.0323213950409266,2.047879520942054,0.33866427795058046,1.2339602348502985,-0.42583567918265613,-0.13690388524906777,-0.5790343210692799,-0.6820478899778571,0.21787971132659512,-0.5053195050047631,0.7710338304291221,-0.41650385137144214,0.3722778889676012,0.8471568200138707,1.5860890520017852,0.6111597266876387,0.6587197635668164,0.6614302834948828,0.6350553005637779
13076046,Göhlen,34002005.49388504,0,0,0,0,99054.31623238052,1068701.3141172205,0,0,0,0,0.00291319040725978,0.03143053765782777,TRUE,2.040913021605149,-0.4869534336460111,0.09094499332279768,2.852827909690144,-4.099772687931327,0.18720105721758298,-1.5317608102407174,1.1040739236561876,-1.7369807520994518,0.18683248671305475,0.8985414445723283,1.017410241171598,-0.44300352610094157,-0.17859433061801036,-0.6621414957024739,-0.5315957753435316,-0.42984820830675285,0.5088644735641352,-0.48224421983299604,0.7809208379440378,-0.43095745057290125,0.11114070750109584,0.7168165886507252,0.6530490792165405,0.08084067606958296,-0.05393158375767233,0.5483015270939785,1.0265573371709154,-0.15934864596292728,-0.17174904989614856,-0.1132979406201294,-0.10878010809181528
01051118,Trennewurth,2602865.7944192216,2384504.849033459,2596127.4428845327,2596127.4428845327,2596127.4428845327,2596127.4428845327,2596127.4428845327,0.9161074897315306,0.9974111798045306,0.9974111798045306,0.9974111798045306,0.9974111798045306,0.9974111798045306,TRUE,1.177594928741652,1.5347088119133443,-0.9181083477114624,1.4000726591087318,0.05609947127281682,3.1858801035732505,-2.95743092552461,-1.9893560711754517,-1.5705810198154178,-0.7726281184758093,0.9934327973531523,0.9789102892123261,-2.561742280791421,-0.071365341403169,0.3843734180934986,1.2148885645736318,-0.953738965791994,-0.9304838521384452,-0.7387243583869234,-1.1359592320280272,0.1151520220025808,0.20608198513040935,-0.02955802505988749,-0.3060059974920425,0.008793045473959945,-0.01191141275138756,0.598065130981178,1.1197272266753735,-0.124902745356175,-0.13462259258440432,-0.13278731946920955,-0.12749233468870905
01051119,Volsemenhusen,16230066.527724972,15969652.937161837,16210049.478160912,16210049.478160912,16210049.478160912,16210049.478160912,16210049.478160912,0.9839548661049364,0.9987666686683098,0.9987666686683098,0.9987666686683098,0.9987666686683098,0.9987666686683098,TRUE,0.5062973457055391,-0.7918634978048856,-1.1311902565167018,2.9524134619515965,2.793445576479663,2.828196567957335,-0.9517819345317824,-0.40637889732100446,2.4823345669732095,0.6307557443388137,-0.1884018242672024,-1.7620345999865674,0.0684118015874837,0.2032778099528742,0.26055993422435425,-0.06971351648252076,0.6510242695920151,0.9118724840652727,0.47380932869559783,-0.42964577502159707,1.3056772393313838,-0.7126759120869361,-0.06956515033974685,-0.11618042066677302,0.16678124339597158,-0.006901784424868386,-0.4722521362053495,-0.8841738923939684,-1.5212656158156566,-1.6396494778926747,-1.6829091685134419,-1.6158020195035565
15084590,"Zeitz, Stadt",87389709.97641104,2635023.436065299,3001085.01866006,3202889.0313588367,3556160.183732271,3606140.853654146,3726094.0362713337,0.03015255957224902,0.03434140037162428,0.03665064264686754,0.04069312261926695,0.04126505116709445,0.04263767481637268,TRUE,-1.146797331960665,0.5249077137948696,2.3246651512557057,-5.490812691273194,-1.468889615813152,1.628436533961248,0.09721858562069488,-0.3734451616618426,1.0830390071456129,0.11690679880907398,0.29281122682673216,0.5212445176771486,0.44828242749289493,0.4483246739862135,-0.14270327484803447,-0.048544087078584104,0.2795144960688121,0.8364938921372743,-0.48682286868313013,-0.11709195486016846,0.3202374427664347,-0.19507546731289746,0.03763581783886205,-0.14011464993549913,-0.022565417327591077,0.18765174034178755,0.5675918443633035,1.0626736267499997,2.2933494402739583,2.471816343758286,2.6087484850451905,2.5047228628722005
14522490,"Rochlitz, Stadt",23560086.60058275,2240211.110482481,2330127.447224762,2460573.0306546325,2544974.4758360367,2564955.599859474,2624899.156500099,0.09508501171753206,0.0989014805729588,0.1044381997557586,0.10802059088242434,0.1088686830122276,0.1114129672356626,TRUE,-1.2641656682332456,0.574540457938686,0.22452971888468423,-3.5791116408555035,-0.32029099536438466,-0.4543854202029409,-1.348606398841701,0.6188462430992703,-0.8982297424296749,0.4552225522510246,0.366284278490455,-0.41348943641848146,-0.4546837927855827,-0.817053983253813,-0.1420240109468717,0.47202923717157635,0.32048117326142944,0.885805586542925,0.1561585998586314,0.4827297995143558,-0.13164809350856624,0.34688004384330073,-0.4040296558722159,0.35327940741348757,0.4001180436671136,0.1558099330459107,-0.15503183046995847,-0.29025828891535305,1.069662168716913,1.1529025557564185,1.2572265838574406,1.2070938177636912
