municipalities,rp100_mean,rp100_median,vuln_mean,vuln_sd,corr_vuln_rp100
835,0.2535081098513903,0.12943755364483,3.6697192191202775e-17,1.0000000000000004,-0.24891611163544125
