AGS,mun_name,municipality_area_m2,rp,thesis_group,total_area_m2,flooded_area_m2,flooded_landcover_total_area_m2,original_flood_area_m2,flood_share_of_group,share_of_lc_flooded_area,share_of_original_flood_area
01002000,"Kiel, Landeshauptstadt",41170207.201568946,rp100,artificial,12603920.61691315,6338.90829575644,13115.504167347799,13115.503113645504,5.029314677887041e-4,0.4833141154830867,0.4833141543126451
01002000,"Kiel, Landeshauptstadt",41170207.201568946,rp100,open_or_seasonal,16690342.935532803,261.0314502467146,13115.504167347799,13115.503113645504,1.5639669673353043e-5,0.019902509801840128,0.019902511400811975
01002000,"Kiel, Landeshauptstadt",41170207.201568946,rp100,perennial_vegetation,10408745.801562747,3358.227240705827,13115.504167347799,13115.503113645504,3.2263514785822034e-4,0.25605018288709247,0.25605020345821833
01002000,"Kiel, Landeshauptstadt",41170207.201568946,rp100,water,1467194.7217282664,3157.3371806388186,13115.504167347799,13115.503113645504,0.002151955111261351,0.24073319182798075,0.24073321116853633
01051003,Averlak,9022409.02673614,rp100,artificial,348045.42607470875,344930.73880209454,8841153.04993722,8841152.509368146,0.9910509173824177,0.03901422550360033,0.03901422788902279
01051003,Averlak,9022409.02673614,rp100,open_or_seasonal,3649805.6579316547,3574701.0831590346,8841153.04993722,8841152.509368146,0.9794223085250019,0.4043252122170216,0.4043252369384259
01051003,Averlak,9022409.02673614,rp100,perennial_vegetation,4532460.030045542,4506461.401534782,8841153.04993722,8841152.509368146,0.9942639034126245,0.5097142166956132,0.5097142478607517
01051003,Averlak,9022409.02673614,rp100,water,492097.3682850203,415059.8264413082,8841153.04993722,8841152.509368146,0.8434506119953636,0.04694634558376472,0.04694634845417585
01051010,Brickeln,6020824.33266283,rp100,artificial,141871.45412751863,0,69584.70076652478,69584.69417107469,0,0,0
01051010,Brickeln,6020824.33266283,rp100,open_or_seasonal,2768265.845414453,0.23364082129339714,69584.70076652478,69584.69417107469,8.439970520909902e-8,3.3576464182453608e-6,3.357646736493355e-6
01051010,Brickeln,6020824.33266283,rp100,perennial_vegetation,3082347.6417241707,69584.4671257035,69584.70076652478,69584.69417107469,0.022575152193663683,0.9999966423535819,0.9999967371363214
01051010,Brickeln,6020824.33266283,rp100,water,28338.902008020377,0,69584.70076652478,69584.69417107469,0,0,0
01051011,"Brunsbüttel, Stadt",49858782.29993694,rp100,artificial,8027947.668021666,5246680.593975744,43225803.026613876,43225802.40778954,0.6535519177429676,0.12137844126910478,0.12137844300676907
01051011,"Brunsbüttel, Stadt",49858782.29993694,rp100,open_or_seasonal,20775639.219930902,19657409.1761269,43225803.026613876,43225802.40778954,0.9461759018836234,0.4547609945852006,0.4547610010955984
01051011,"Brunsbüttel, Stadt",49858782.29993694,rp100,perennial_vegetation,18555817.663556498,16208078.208344553,43225803.026613876,43225802.40778954,0.8734769063923877,0.37496303303758943,0.3749630384055927
01051011,"Brunsbüttel, Stadt",49858782.29993694,rp100,water,2499374.012004508,2113635.048166674,43225803.026613876,43225802.40778954,0.8456657699147356,0.04889753110810507,0.04889753180812636
01051012,Buchholz,14568132.652381137,rp100,artificial,568107.9027745053,73790.44075538998,6126377.2260446865,6126377.358898825,0.12988807301397293,0.012044710606733334,0.012044710345536619
01051012,Buchholz,14568132.652381137,rp100,open_or_seasonal,5061278.092402199,661761.4482950706,6126377.2260446865,6126377.358898825,0.13074986914638853,0.10801839715023837,0.10801839480779514
01051012,Buchholz,14568132.652381137,rp100,perennial_vegetation,8611072.950045578,5073139.434600539,6126377.2260446865,6126377.358898825,0.5891413838938255,0.8280814659981133,0.828081448040674
01051012,Buchholz,14568132.652381137,rp100,water,327672.5477451738,317685.9023936874,6126377.2260446865,6126377.358898825,0.969522483893729,0.051855426244915036,0.05185542512039926
01051016,Burg (Dithmarschen),11383828.076215843,rp100,artificial,1402777.9212563941,81467.4691513917,6876330.529316554,6876330.187585183,0.058075813652973374,0.011847520825833374,0.011847521414616842
01051016,Burg (Dithmarschen),11383828.076215843,rp100,open_or_seasonal,2321559.8739812477,687015.0854287321,6876330.529316554,6876330.187585183,0.2959282218513575,0.09991013121020163,0.09991013617541201
01051016,Burg (Dithmarschen),11383828.076215843,rp100,perennial_vegetation,6862588.213181165,5461478.10342432,6876330.529316554,6876330.187585183,0.7958335738306878,0.7942431039549145,0.7942431434262279
01051016,Burg (Dithmarschen),11383828.076215843,rp100,water,796901.1013114728,646369.8713121099,6876330.529316554,6876330.187585183,0.8111042515167424,0.09399924400905046,0.09399924868050887
01051021,Diekhusen-Fahrstedt,7534255.303305844,rp100,artificial,437280.56898549286,253446.65144201063,7033846.642129061,7033846.437733978,0.5795973327376889,0.03603243919536116,0.036032440242420326
01051021,Diekhusen-Fahrstedt,7534255.303305844,rp100,open_or_seasonal,5030152.56389045,4911370.310498457,7033846.642129061,7033846.437733978,0.9763859541269811,0.6982481365291531,0.6982481568194007
01051021,Diekhusen-Fahrstedt,7534255.303305844,rp100,perennial_vegetation,2066821.5175355582,1869029.6801885923,7033846.642129061,7033846.437733978,0.9043014427376345,0.26571942427548567,0.26571943199697123
01051021,Diekhusen-Fahrstedt,7534255.303305844,rp100,water,0,0,7033846.642129061,7033846.437733978,NA,0,0
01051022,Dingen,6804427.198824078,rp100,artificial,348299.58297741576,299420.31848290074,5454495.9968348425,5454495.792725107,0.859663155273762,0.05489422279467243,0.05489422484883944
01051022,Dingen,6804427.198824078,rp100,open_or_seasonal,2729252.967824742,1821473.2211818015,5454495.9968348425,5454495.792725107,0.667388931203964,0.33393978513116035,0.33393979762734033
01051022,Dingen,6804427.198824078,rp100,perennial_vegetation,3723627.885859242,3331553.20406375,5454495.9968348425,5454495.792725107,0.8947062666265806,0.610790292264766,0.610790315120819
01051022,Dingen,6804427.198824078,rp100,water,3246.217898878386,2049.253106390118,5454495.9968348425,5454495.792725107,0.63127404574356,3.756998094011375e-4,3.756998234599968e-4
01051024,Eddelak,9430113.660749562,rp100,artificial,720173.9165000874,720173.9165000874,9417668.290132968,9417668.191284902,1,0.07647051205388328,0.07647051285651955
01051024,Eddelak,9430113.660749562,rp100,open_or_seasonal,2399505.9820949947,2395040.8671188937,9417668.290132968,9417668.191284902,0.9981391523882751,0.25431357246126557,0.2543135751305468
01051024,Eddelak,9430113.660749562,rp100,perennial_vegetation,6310433.068764992,6302453.506513987,9417668.290132968,9417668.191284902,0.9987354968883987,0.6692159154848512,0.669215922508957
01051024,Eddelak,9430113.660749562,rp100,water,0,0,9417668.290132968,9417668.191284902,NA,0,0
01051034,Friedrichskoog,40956108.532680385,rp100,artificial,1889808.5052735042,1418035.7659895686,38855371.870918855,38855371.373620704,0.7503595004639595,0.03649523084479579,0.03649523131188722
01051034,Friedrichskoog,40956108.532680385,rp100,open_or_seasonal,30825103.81611956,30347827.30510254,38855371.870918855,38855371.373620704,0.9845166292427072,0.7810458591393961,0.7810458691357658
01051034,Friedrichskoog,40956108.532680385,rp100,perennial_vegetation,8197494.353027299,7048248.426639175,38855371.870918855,38855371.373620704,0.859805218900369,0.18139701377853515,0.1813970161001807
01051034,Friedrichskoog,40956108.532680385,rp100,water,43698.88995115534,41260.37318756951,38855371.870918855,38855371.373620704,0.944197283585201,0.0010618962372729384,0.0010618962508638274
01051046,Helse,11579597.503951008,rp100,artificial,488342.9532612266,434141.88238309225,11342965.931679452,11342965.86748935,0.8890102324274948,0.03827410617275941,0.038274106389353454
01051046,Helse,11579597.503951008,rp100,open_or_seasonal,8480362.418708999,8414755.226224184,11342965.931679452,11342965.86748935,0.9922636334102803,0.7418478797263113,0.7418478839244453
01051046,Helse,11579597.503951008,rp100,perennial_vegetation,2606076.686611537,2489254.2809740044,11342965.931679452,11342965.86748935,0.955173074438793,0.2194535623193433,0.21945356356123602
01051046,Helse,11579597.503951008,rp100,water,4814.542098172453,4814.542098172453,11342965.931679452,11342965.86748935,1,4.244517815861593e-4,4.2445178398814166e-4
01051051,Hochdonn,5466085.790561039,rp100,artificial,603979.8642686001,1707.0988956632946,697359.4696932551,697359.4798113126,0.002826416900057646,0.0024479468191837845,0.0024479467836662824
01051051,Hochdonn,5466085.790561039,rp100,open_or_seasonal,1206881.3101156258,127853.71719603422,697359.4696932551,697359.4798113126,0.10593727496184785,0.18333975912347295,0.18333975646337827
01051051,Hochdonn,5466085.790561039,rp100,perennial_vegetation,3272472.2465069345,457358.6216252748,697359.4696932551,697359.4798113126,0.13975935842189752,0.655843422942907,0.65584341342721
01051051,Hochdonn,5466085.790561039,rp100,water,382751.8798995024,110440.03197628286,697359.4696932551,697359.4798113126,0.28854210201470637,0.15836887111443643,0.15836886881664686
01051057,Kaiser-Wilhelm-Koog,13229187.700911168,rp100,artificial,333076.30730019807,330716.7717137081,13132891.072324278,13132890.910302984,0.9929159308699693,0.025182328086969914,0.025182328397645868
01051057,Kaiser-Wilhelm-Koog,13229187.700911168,rp100,open_or_seasonal,9494266.865976036,9466943.177267034,13132891.072324278,13132890.910302984,0.9971220854548632,0.7208575115053901,0.7208575203986543
01051057,Kaiser-Wilhelm-Koog,13229187.700911168,rp100,perennial_vegetation,3401843.4857245097,3335231.1233435366,13132891.072324278,13132890.910302984,0.9804187457005282,0.25396016040763997,0.25396016354076234
01051057,Kaiser-Wilhelm-Koog,13229187.700911168,rp100,water,0,0,13132891.072324278,13132890.910302984,NA,0,0
01051062,Kronprinzenkoog,14989544.4613645,rp100,artificial,376589.42327340745,290771.0029933239,14689062.429944757,14689062.030315414,0.7721167537470149,0.019795068907908334,0.019795069446451256
01051062,Kronprinzenkoog,14989544.4613645,rp100,open_or_seasonal,13655622.846681623,13542413.82638525,14689062.429944757,14689062.030315414,0.9917097138982656,0.9219386118734183,0.9219386369556
01051062,Kronprinzenkoog,14989544.4613645,rp100,perennial_vegetation,955995.7657881185,854660.163490293,14689062.429944757,14689062.030315414,0.8939999465224776,0.05818343870252767,0.05818344028546124
01051062,Kronprinzenkoog,14989544.4613645,rp100,water,1335.0645772191115,1217.4370758901418,14689062.429944757,14689062.030315414,0.9118937740270338,8.288051614569389e-5,8.288051840053399e-5
01051064,Kuden,11403561.27569756,rp100,artificial,353746.32752961,5928.855490107513,4036088.97695418,4036088.956751718,0.016760189516345562,0.0014689605516530766,0.0014689605590058924
01051064,Kuden,11403561.27569756,rp100,open_or_seasonal,5328105.83500978,587904.4963893308,4036088.97695418,4036088.956751718,0.11034024371782242,0.145661926619118,0.14566192734822223
01051064,Kuden,11403561.27569756,rp100,perennial_vegetation,5273033.39743784,3000710.86490276,4036088.97695418,4036088.956751718,0.5690672974612301,0.7434699487639234,0.7434699524853288
01051064,Kuden,11403561.27569756,rp100,water,448674.9440802801,441544.7601719814,4036088.97695418,4036088.956751718,0.9841083528234131,0.10939916406530552,0.10939916461289811
01051072,"Marne, Stadt",4809651.634468842,rp100,artificial,2287783.048120073,1097844.0617402156,3268019.066376307,3268019.064055057,0.47987245234741155,0.33593563545439875,0.3359356356930114
01051072,"Marne, Stadt",4809651.634468842,rp100,open_or_seasonal,742246.5966477596,650435.3773592953,3268019.066376307,3268019.064055057,0.8763063115370077,0.19903047202246607,0.19903047216383596
01051072,"Marne, Stadt",4809651.634468842,rp100,perennial_vegetation,1775997.939637281,1516976.5727675464,3268019.066376307,3268019.064055057,0.8541544665740797,0.4641884095399794,0.46418840986968907
01051072,"Marne, Stadt",4809651.634468842,rp100,water,3623.5996155658177,2763.054509249723,3268019.066376307,3268019.064055057,0.7625165035840412,8.454829831557543e-4,8.454829837562948e-4
01051073,Marnerdeich,1294302.9311523372,rp100,artificial,157940.5614588498,131063.23127973064,1244262.890127761,1244262.866879066,0.8298262971154382,0.10533403537115299,0.10533403733928925
01051073,Marnerdeich,1294302.9311523372,rp100,open_or_seasonal,710018.1694996345,695839.5902095768,1244262.890127761,1244262.866879066,0.9800306810457404,0.5592384018928089,0.5592384123420182
01051073,Marnerdeich,1294302.9311523372,rp100,perennial_vegetation,424772.33216468664,415788.22269913694,1244262.890127761,1244262.866879066,0.9788495888614833,0.3341642879475765,0.33416429419134047
01051073,Marnerdeich,1294302.9311523372,rp100,water,1571.8459393166434,1571.8459393166434,1244262.890127761,1244262.866879066,1,0.0012632747884615012,0.0012632748120654286
01051076,Neufeld,10481785.314811675,rp100,artificial,398543.164311631,342137.1352262187,10283964.501096673,10283964.561797416,0.8584694604338843,0.033268992244161626,0.03326899204779256
01051076,Neufeld,10481785.314811675,rp100,open_or_seasonal,8857209.170155063,8817249.231967486,10283964.501096673,10283964.561797416,0.9954884278535248,0.8573784196772775,0.8573784146166311
01051076,Neufeld,10481785.314811675,rp100,perennial_vegetation,1206509.3896917235,1110360.5338681247,10283964.501096673,10283964.561797416,0.9203082407438488,0.10797008622012617,0.10797008558283651
01051076,Neufeld,10481785.314811675,rp100,water,19522.980176379657,14217.600034844141,10283964.501096673,10283964.561797416,0.7282494735125349,0.0013825018584348466,0.0013825018502746777
01051077,Neufelderkoog,9766139.134465128,rp100,artificial,202786.892703787,194891.90971751796,9127950.111091023,9127950.02701584,0.9610675873523971,0.021351114691206763,0.02135111488786635
01051077,Neufelderkoog,9766139.134465128,rp100,open_or_seasonal,6051818.828471238,5861712.051814322,9127950.111091023,9127950.02701584,0.9685868361156907,0.6421717888983618,0.6421717948132397
01051077,Neufelderkoog,9766139.134465128,rp100,perennial_vegetation,3393465.5698801433,2955005.024630735,9127950.111091023,9127950.02701584,0.870792693716679,0.3237315047373256,0.3237315077191326
01051077,Neufelderkoog,9766139.134465128,rp100,water,118067.17816797404,116341.12492844842,9127950.111091023,9127950.02701584,0.9853807530059712,0.012745591673105966,0.012745591790502308
01051090,Ramhusen,4811046.791946799,rp100,artificial,154386.95728371583,154386.95728371583,4811046.32645941,4811046.553594205,1,0.03209009990916752,0.03209009839415864
01051090,Ramhusen,4811046.791946799,rp100,open_or_seasonal,3460307.6515807444,3460307.6515807444,4811046.32645941,4811046.553594205,1,0.7192422223311423,0.7192421883749266
01051090,Ramhusen,4811046.791946799,rp100,perennial_vegetation,1196351.717594949,1196351.717594949,4811046.32645941,4811046.553594205,1,0.24866767775969004,0.24866766601981571
01051090,Ramhusen,4811046.791946799,rp100,water,0,0,4811046.32645941,4811046.553594205,NA,0,0
01051097,Sankt Michaelisdonn,16233178.391032968,rp100,artificial,1586756.460818883,246598.04912934502,7325183.670708915,7325183.323109406,0.15541014340794446,0.03366441856132732,0.03366442015879388
01051097,Sankt Michaelisdonn,16233178.391032968,rp100,open_or_seasonal,7574961.978418639,3348895.6813799613,7325183.670708915,7325183.323109406,0.4421006588443738,0.45717566028700857,0.45717568198121444
01051097,Sankt Michaelisdonn,16233178.391032968,rp100,perennial_vegetation,7052038.417468515,3728262.101492624,7325183.670708915,7325183.323109406,0.5286786430796226,0.5089649992532966,0.5089650234050449
01051097,Sankt Michaelisdonn,16233178.391032968,rp100,water,19420.236883834492,1427.8387069853766,7325183.670708915,7325183.323109406,0.07352323844071733,1.9492189836752496e-4,1.9492190761708953e-4
01051103,Schmedeswurth,5892558.023501109,rp100,artificial,193678.24904354807,172402.68864875272,5782876.966115901,5782876.713106979,0.8901499755400433,0.02981261570303611,0.029812617007379628
01051103,Schmedeswurth,5892558.023501109,rp100,open_or_seasonal,5159673.760060627,5109175.844209759,5782876.966115901,5782876.713106979,0.9902129634160678,0.8835006994176745,0.8835007380720625
01051103,Schmedeswurth,5892558.023501109,rp100,perennial_vegetation,539205.6020028285,501298.4332573902,5782876.966115901,5782876.713106979,0.9296981177409217,0.08668668487928939,0.08668668867195277
01051103,Schmedeswurth,5892558.023501109,rp100,water,0,0,5782876.966115901,5782876.713106979,NA,0,0
01051118,Trennewurth,2602865.7944192216,rp100,artificial,34832.65454770976,34341.7855576391,2596127.4493086482,2596127.4428845327,0.9859077926605242,0.013228081528425872,0.013228081561158749
01051118,Trennewurth,2602865.7944192216,rp100,open_or_seasonal,2265372.456310417,2260710.368754802,2596127.4493086482,2596127.4428845327,0.9979420216121069,0.8708009960592773,0.8708009982140738
01051118,Trennewurth,2602865.7944192216,rp100,perennial_vegetation,302660.4348319344,301075.2949962076,2596127.4493086482,2596127.4428845327,0.9947626460108436,0.11597092241229694,0.1159709226992669
01051118,Trennewurth,2602865.7944192216,rp100,water,0,0,2596127.4493086482,2596127.4428845327,NA,0,0
01051119,Volsemenhusen,16230066.527724972,rp100,artificial,335636.9426904217,331772.3047526311,16210049.460518261,16210049.478160912,0.9884856598120214,0.02046707541273744,0.02046707539046154
01051119,Volsemenhusen,16230066.527724972,rp100,open_or_seasonal,12316617.448476937,12313283.737409411,16210049.460518261,16210049.478160912,0.9997293322552664,0.7596080300310037,0.7596080292042635
01051119,Volsemenhusen,16230066.527724972,rp100,perennial_vegetation,3577811.0631507407,3564993.418356219,16210049.460518261,16210049.478160912,0.9964174618032418,0.21992489455625883,0.21992489431689755
01051119,Volsemenhusen,16230066.527724972,rp100,water,0,0,16210049.460518261,16210049.478160912,NA,0,0
01053006,Basedow,7518809.0585793,rp100,artificial,301637.4352538971,11134.1411234343,650625.9010381835,650625.8482109584,0.03691233189959451,0.01711296938174133,0.01711297077121992
01053006,Basedow,7518809.0585793,rp100,open_or_seasonal,5527206.323631795,93230.10345881274,650625.9010381835,650625.8482109584,0.01686749109766423,0.14329294808283588,0.14329295971743175
01053006,Basedow,7518809.0585793,rp100,perennial_vegetation,1297065.3642912623,369486.49220555485,650625.9010381835,650625.8482109584,0.28486343277499226,0.5678939181732187,0.567893964283068
01053006,Basedow,7518809.0585793,rp100,water,392899.7297711652,176775.16425038158,650625.9010381835,650625.8482109584,0.4499243721886496,0.27170016436220407,0.2717001864227567
01053012,Börnsen,8323247.9952027835,rp100,artificial,1229624.3917457585,96419.37868518585,1491906.5663876636,1491906.5179015987,0.0784136841562605,0.06462829567044871,0.06462829777082947
01053012,Börnsen,8323247.9952027835,rp100,open_or_seasonal,4675944.816312885,212286.35824101217,1491906.5663876636,1491906.5179015987,0.04539967142050363,0.14229199269161924,0.14229199731602346
01053012,Börnsen,8323247.9952027835,rp100,perennial_vegetation,2415210.1599446214,1183200.8294614656,1491906.5663876636,1491906.5179015987,0.48989559959808854,0.7930797116379321,0.7930797374125459
01053012,Börnsen,8323247.9952027835,rp100,water,2467.8064126713743,0,1491906.5663876636,1491906.5179015987,0,0,0
01053019,Buchhorst,5376219.315804567,rp100,artificial,297140.8469916887,3443.7005603686202,1510457.7376509663,1510457.614531035,0.01158945528773075,0.002279905272771282,0.0022799054586101816
01053019,Buchhorst,5376219.315804567,rp100,open_or_seasonal,2589113.347092642,239896.94964016537,1510457.7376509663,1510457.614531035,0.09265602446858869,0.15882400656455858,0.1588240195105695
01053019,Buchhorst,5376219.315804567,rp100,perennial_vegetation,2098237.9914303073,1059923.1109585057,1510457.7376509663,1510457.614531035,0.5051491371748479,0.7017231164685725,0.7017231736671997
01053019,Buchhorst,5376219.315804567,rp100,water,391726.84399513406,207193.97649192656,1510457.7376509663,1510457.614531035,0.5289246312016858,0.1371729716940975,0.13717298287529628
01053022,Dalldorf,6091500.118137796,rp100,artificial,177627.85800073572,0,812019.5452916994,812019.5453133722,0,0,0
01053022,Dalldorf,6091500.118137796,rp100,open_or_seasonal,3402264.4234795542,16414.329537079582,812019.5452916994,812019.5453133722,0.004824530810657087,0.020214204980968913,0.020214204980429397
01053022,Dalldorf,6091500.118137796,rp100,perennial_vegetation,2157696.381613736,755197.7690758847,812019.5452916994,812019.5453133722,0.3500018702868075,0.9300241274421508,0.9300241274173284
01053022,Dalldorf,6091500.118137796,rp100,water,353910.9026326591,40407.44667873508,812019.5452916994,812019.5453133722,0.11417406578365823,0.04976166757688035,0.04976166757555221
01053028,Escheburg,8667299.006766826,rp100,artificial,759357.2696104,15958.767830994742,803612.6702517943,803612.6345125275,0.021016152040241397,0.019858780755652367,0.019858781638836916
01053028,Escheburg,8667299.006766826,rp100,open_or_seasonal,3516837.8080596416,75323.76470879957,803612.6702517943,803612.6345125275,0.021418037686064983,0.09373142995020042,0.09373143411874188
01053028,Escheburg,8667299.006766826,rp100,perennial_vegetation,4371629.867590075,712330.1377119999,803612.6702517943,803612.6345125275,0.1629438354314937,0.8864097892941472,0.8864098287156726
01053028,Escheburg,8667299.006766826,rp100,water,19473.47145076062,0,803612.6702517943,803612.6345125275,0,0,0
01053032,"Geesthacht, Stadt",33166528.39905428,rp100,artificial,8037386.466090243,253216.89135726448,3429266.0816905242,3429266.1121162144,0.03150487940645722,0.07383996614005416,0.07383996548491925
01053032,"Geesthacht, Stadt",33166528.39905428,rp100,open_or_seasonal,13609393.38455943,260214.56693861948,3429266.0816905242,3429266.1121162144,0.019120217895519615,0.07588054141612179,0.07588054074288215
01053032,"Geesthacht, Stadt",33166528.39905428,rp100,perennial_vegetation,8893924.571969293,953212.8047810141,3429266.0816905242,3429266.1121162144,0.10717572395264352,0.27796408388091864,0.2779640814147207
01053032,"Geesthacht, Stadt",33166528.39905428,rp100,water,2625821.6358770435,1962621.818613626,3429266.0816905242,3429266.1121162144,0.7474315055516313,0.5723154085629054,0.5723154034851159
01053082,Lanze,9046360.492095219,rp100,artificial,237793.0669636079,78123.81415091998,5589059.6160534965,5589059.41978865,0.3285369718658624,0.013977989056785935,0.013977989547635588
01053082,Lanze,9046360.492095219,rp100,open_or_seasonal,4386771.349752103,1891522.9146461866,5589059.6160534965,5589059.41978865,0.43118794298523827,0.33843312553209337,0.33843313741647685
01053082,Lanze,9046360.492095219,rp100,perennial_vegetation,4052803.2286864985,3502751.271198027,5589059.6160534965,5589059.41978865,0.8642786421025573,0.6267156752339963,0.6267156972416806
01053082,Lanze,9046360.492095219,rp100,water,368992.1752582805,116661.616058364,5589059.6160534965,5589059.41978865,0.3161628453955841,0.02087321017712461,0.02087321091010615
01053083,"Lauenburg/ Elbe, Stadt",9473087.371422347,rp100,artificial,3153808.5134261483,275374.40504624316,2200884.4069283595,2200884.3161066626,0.08731487782912015,0.12511988552391376,0.1251198906871112
01053083,"Lauenburg/ Elbe, Stadt",9473087.371422347,rp100,open_or_seasonal,2368940.664942885,67336.60956891939,2200884.4069283595,2200884.3161066626,0.0284247767643192,0.030595250417034394,0.030595251679578064
01053083,"Lauenburg/ Elbe, Stadt",9473087.371422347,rp100,perennial_vegetation,2975489.7146932776,1165191.5832395519,2200884.4069283595,2200884.3161066626,0.39159657567818656,0.5294197094456855,0.5294197312927204
01053083,"Lauenburg/ Elbe, Stadt",9473087.371422347,rp100,water,974847.732969664,692981.8090736452,2200884.4069283595,2200884.3161066626,0.7108615895967928,0.3148651546133664,0.31486516760659256
01053111,Schnakenbek,12870335.164193522,rp100,artificial,348871.80028736906,7428.630146488351,1266463.764191865,1266463.7399391038,0.02129329495926388,0.005865647605976777,0.005865647718303839
01053111,Schnakenbek,12870335.164193522,rp100,open_or_seasonal,7807631.711076056,44011.09233518377,1266463.764191865,1266463.7399391038,0.005636932422510246,0.03475116586795312,0.03475116653343741
01053111,Schnakenbek,12870335.164193522,rp100,perennial_vegetation,3486854.5707355756,111653.68907596152,1266463.764191865,1266463.7399391038,0.03202132088130289,0.08816177156652258,0.08816177325481915
01053111,Schnakenbek,12870335.164193522,rp100,water,1226976.0883754957,1103370.3526342313,1266463.764191865,1266463.7399391038,0.899259865850428,0.8712214149595475,0.8712214316434242
01053132,Witzeeze,10495961.298507476,rp100,artificial,363659.8140383157,0,0,0,0,NA,NA
01053132,Witzeeze,10495961.298507476,rp100,open_or_seasonal,7442201.710913531,0,0,0,0,NA,NA
01053132,Witzeeze,10495961.298507476,rp100,perennial_vegetation,2189805.8702390576,0,0,0,0,NA,NA
01053132,Witzeeze,10495961.298507476,rp100,water,500293.24534193776,0,0,0,0,NA,NA
01056015,"Elmshorn, Stadt",21718470.939397104,rp100,artificial,11153470.405424003,229315.68713311796,2003588.5619685499,2003588.6899308,0.020560030089074366,0.11445248365153998,0.1144524763418574
01056015,"Elmshorn, Stadt",21718470.939397104,rp100,open_or_seasonal,5362943.9686904615,559999.898323211,2003588.5619685499,2003588.6899308,0.10442024037404839,0.2794984504069061,0.2794984325563109
01056015,"Elmshorn, Stadt",21718470.939397104,rp100,perennial_vegetation,5099345.958482963,1211904.5017166284,2003588.5619685499,2003588.6899308,0.2376588118522489,0.6048669495926438,0.6048669109618927
01056015,"Elmshorn, Stadt",21718470.939397104,rp100,water,102709.12402635183,2368.4747955923563,2003588.5619685499,2003588.6899308,0.023060023323582066,0.0011821163489101282,0.001182116273412463
01056016,Groß Nordende,5340428.20831366,rp100,artificial,272257.3887911661,35938.41231683726,4309751.219409026,4309751.386089006,0.13200160508555994,0.008338860061107033,0.008338859738600952
01056016,Groß Nordende,5340428.20831366,rp100,open_or_seasonal,2894586.801584332,2463021.3811900797,4309751.219409026,4309751.386089006,0.850906035998631,0.5714996657110573,0.5714996436082619
01056016,Groß Nordende,5340428.20831366,rp100,perennial_vegetation,2084782.8038582564,1736259.9340802447,4309751.219409026,4309751.386089006,0.8328253335872644,0.4028677864886895,0.40286777090774556
01056016,Groß Nordende,5340428.20831366,rp100,water,88800.8487045452,74531.491821865,4309751.219409026,4309751.386089006,0.8393105799004617,0.01729368773914637,0.017293687070311613
01056019,Haselau,13858594.472800285,rp100,artificial,549331.2407689659,450872.5237944458,12359772.319186628,12359772.34672478,0.8207662159597997,0.036479031502427935,0.03647903142115094
01056019,Haselau,13858594.472800285,rp100,open_or_seasonal,7956103.770060854,7010072.356002811,12359772.319186628,12359772.34672478,0.8810936305760619,0.5671684052885636,0.5671684040248858
01056019,Haselau,13858594.472800285,rp100,perennial_vegetation,5041377.514409903,4624544.079061246,12359772.319186628,12359772.34672478,0.9173175517688942,0.3741609440395887,0.37416094320594057
01056019,Haselau,13858594.472800285,rp100,water,311780.79529369186,274283.36032812536,12359772.319186628,12359772.34672478,0.8797314153675033,0.022191619169419734,0.022191619119975765
01056020,Haseldorf,17828832.385785304,rp100,artificial,710095.7940552327,596032.896557703,16420225.449284935,16420225.486458538,0.8393697041266271,0.036298703595671944,0.03629870351349563
01056020,Haseldorf,17828832.385785304,rp100,open_or_seasonal,7742345.4120983,7233682.565653842,16420225.449284935,16420225.486458538,0.9343011943577699,0.44053491153307234,0.4405349105357493
01056020,Haseldorf,17828832.385785304,rp100,perennial_vegetation,9048002.693432823,8293185.551949217,16420225.449284935,16420225.486458538,0.9165763796653749,0.5050591770230759,0.505059175879677
01056020,Haseldorf,17828832.385785304,rp100,water,328387.0140355364,297324.43512417196,16420225.449284935,16420225.486458538,0.905408625847784,0.018107207848179683,0.018107207807186936
01056024,Heist,10026421.897521911,rp100,artificial,1133445.107100175,630.5856712515625,909943.9965156617,909943.9221468068,5.563442528459658e-4,6.929939355237112e-4,6.929939921614492e-4
01056024,Heist,10026421.897521911,rp100,open_or_seasonal,3860969.7842941787,382048.47666092985,909943.9965156617,909943.9221468068,0.0989514287874107,0.4198593299410313,0.41985936425573667
01056024,Heist,10026421.897521911,rp100,perennial_vegetation,4986813.926893337,527264.9341834802,909943.9965156617,909943.9221468068,0.10573182434981154,0.5794476761234449,0.5794477234811546
01056024,Heist,10026421.897521911,rp100,water,45192.396042474764,0,909943.9965156617,909943.9221468068,0,0,0
01056027,Hetlingen,16612298.931134848,rp100,artificial,661940.8691891835,197836.77582311397,14460267.294933433,14460266.958837304,0.2988737892335395,0.013681405176544125,0.013681405494537377
01056027,Hetlingen,16612298.931134848,rp100,open_or_seasonal,2937556.389790356,2441794.2928117453,14460267.294933433,14460266.958837304,0.8312331641694913,0.16886232066175552,0.1688623245865774
01056027,Hetlingen,16612298.931134848,rp100,perennial_vegetation,12597252.519860147,11416539.230947679,14460267.294933433,14460266.958837304,0.9062721583892187,0.7895109404338458,0.789510958784238
01056027,Hetlingen,16612298.931134848,rp100,water,415548.0199238252,404096.99535089504,14460267.294933433,14460266.958837304,0.9724435588093302,0.02794533372785453,0.02794533437738047
01056028,Holm,15990597.672439087,rp100,artificial,1574141.0957207861,9915.982348472431,2097730.817392162,2097730.6075632083,0.0062992970423226165,0.0047270041829292914,0.004727004655755658
01056028,Holm,15990597.672439087,rp100,open_or_seasonal,5532852.007927725,263355.0963170383,2097730.817392162,2097730.6075632083,0.04759843493729653,0.12554284569477492,0.12554285825240452
01056028,Holm,15990597.672439087,rp100,perennial_vegetation,8791323.321009839,1824459.7387266515,2097730.817392162,2097730.6075632083,0.2075295916334334,0.8697301501222958,0.8697302371184844
01056028,Holm,15990597.672439087,rp100,water,92279.4940928072,0,2097730.817392162,2097730.6075632083,0,0,0
01056029,Klein Nordende,10938633.548486909,rp100,artificial,1049243.4502280967,57377.968236868124,1355316.3791589853,1355316.410724291,0.054685085929671175,0.04233547909490541,0.04233547810891253
01056029,Klein Nordende,10938633.548486909,rp100,open_or_seasonal,4375024.587348988,790793.3422034383,1355316.3791589853,1355316.410724291,0.18075174811362907,0.5834750869713161,0.5834750733821872
01056029,Klein Nordende,10938633.548486909,rp100,perennial_vegetation,5464858.62787801,502670.74042702094,1355316.3791589853,1355316.410724291,0.09198238685676789,0.37088811745855477,0.3708881088205742
01056029,Klein Nordende,10938633.548486909,rp100,water,49506.04140830461,4474.328291657976,1355316.3791589853,1355316.410724291,0.0903794398496869,0.003301316475223616,0.003301316398335988
01056033,Seester,11794495.023722433,rp100,artificial,409028.25884779287,330561.17543946777,11422093.738258323,11422093.808273714,0.8081621948826666,0.028940506269201114,0.028940506091800988
01056033,Seester,11794495.023722433,rp100,open_or_seasonal,5956048.869385118,5875255.927498065,11422093.738258323,11422093.808273714,0.9864351445633129,0.5143764411439634,0.5143764379909278
01056033,Seester,11794495.023722433,rp100,perennial_vegetation,5397630.087296599,5190617.544412345,11422093.738258323,11422093.808273714,0.9616475120495084,0.4544366088527502,0.4544366060671351
01056033,Seester,11794495.023722433,rp100,water,31786.781043499966,25659.09090844456,11422093.738258323,11422093.808273714,0.8072252070233312,0.002246443734085231,0.0022464437203149326
01056036,Moorrege,10968219.25797059,rp100,artificial,1734624.7389981737,184837.22092281224,4567864.060460626,4567864.030337608,0.10655746846408078,0.04046469388674696,0.040464694153593495
01056036,Moorrege,10968219.25797059,rp100,open_or_seasonal,4892826.87893245,2718137.6608495186,4567864.060460626,4567864.030337608,0.5555352208665475,0.5950566008252487,0.5950566047493805
01056036,Moorrege,10968219.25797059,rp100,perennial_vegetation,4190720.6864154646,1619688.5314260416,4567864.060460626,4567864.030337608,0.38649403112843655,0.35458334792535645,0.3545833502636748
01056036,Moorrege,10968219.25797059,rp100,water,150046.07541323814,45200.64726225351,4567864.060460626,4567864.030337608,0.30124511512725366,0.009895357362647838,0.00989535742790329
01056037,Neuendeich,8692777.980512053,rp100,artificial,298498.4254873415,228943.27169554832,8325736.752131731,8325736.527350081,0.7669831803024274,0.02749825973502338,0.027498260477432677
01056037,Neuendeich,8692777.980512053,rp100,open_or_seasonal,5644869.851203725,5540646.411479586,8325736.752131731,8325736.527350081,0.9815366089083677,0.6654842179655696,0.6654842359325854
01056037,Neuendeich,8692777.980512053,rp100,perennial_vegetation,2692199.9883820997,2505581.3873264366,8325736.752131731,8325736.527350081,0.9306817465786362,0.30094410403798855,0.30094411216300093
01056037,Neuendeich,8692777.980512053,rp100,water,57209.01455041983,50565.68163016106,8325736.752131731,8325736.527350081,0.883876116859104,0.006073418261418626,0.006073418425391264
01056038,Osterhorn,6379190.011986988,rp100,artificial,302511.9144861771,0,59612.05533544156,59612.05046459633,0,0,0
01056038,Osterhorn,6379190.011986988,rp100,open_or_seasonal,3465184.5459229103,0,59612.05533544156,59612.05046459633,0,0,0
01056038,Osterhorn,6379190.011986988,rp100,perennial_vegetation,2608809.2813510983,59612.05533544156,59612.05533544156,59612.05046459633,0.022850292568941093,1,1.0000000817090704
01056038,Osterhorn,6379190.011986988,rp100,water,2683.5810478656203,0,59612.05533544156,59612.05046459633,0,0,0
01056042,Raa-Besenbek,12680443.623905033,rp100,artificial,349494.37443799037,313475.0108206868,12413371.68853628,12413371.294607116,0.896938645506884,0.02525301092129387,0.02525301172267951
01056042,Raa-Besenbek,12680443.623905033,rp100,open_or_seasonal,4750185.576196776,4623197.444982406,12413371.68853628,12413371.294607116,0.9732667010209646,0.3724368818547436,0.3724368936737528
01056042,Raa-Besenbek,12680443.623905033,rp100,perennial_vegetation,7572688.689571501,7471637.203064058,12413371.68853628,12413371.294607116,0.9866557981385656,0.6019023187684049,0.6019023378693302
01056042,Raa-Besenbek,12680443.623905033,rp100,water,8074.241062083205,5062.029669131122,12413371.68853628,12413371.294607116,0.6269356624615177,4.077884555576383e-4,4.077884684985036e-4
01056045,Seestermühe,18131697.570214853,rp100,artificial,403306.5104385018,208880.43080833871,13292494.558727242,13292494.651556188,0.517919808884885,0.01571416334875965,0.015714163239018832
01056045,Seestermühe,18131697.570214853,rp100,open_or_seasonal,12103944.469045961,9605898.915160634,13292494.558727242,13292494.651556188,0.7936172327728611,0.722655847081302,0.7226558420345909
01056045,Seestermühe,18131697.570214853,rp100,perennial_vegetation,5056403.327575777,2990759.5366416825,13292494.558727242,13292494.651556188,0.5914796235361947,0.22499610764768657,0.22499610607641254
01056045,Seestermühe,18131697.570214853,rp100,water,568041.9127639713,486955.67611658655,13292494.558727242,13292494.651556188,0.8572530744204485,0.036633881922251664,0.03663388166641672
01056049,"Uetersen, Stadt",11394260.212415596,rp100,artificial,4536457.450941083,57234.58642803996,2989216.6505029327,2989216.696814065,0.012616581781488265,0.019147018473354985,0.019147018176715366
01056049,"Uetersen, Stadt",11394260.212415596,rp100,open_or_seasonal,3642411.8526874455,1973173.7867669957,2989216.6505029327,2989216.696814065,0.5417217674907213,0.6600972821541762,0.660097271927466
01056049,"Uetersen, Stadt",11394260.212415596,rp100,perennial_vegetation,3172848.638981212,956034.7482035316,2989216.6505029327,2989216.696814065,0.3013174774421355,0.319827854579453,0.3198278496244459
01056049,"Uetersen, Stadt",11394260.212415596,rp100,water,42541.40883823082,2773.5291043654097,2989216.6505029327,2989216.696814065,0.06519598621926488,9.278447930158445e-4,9.278447786409942e-4
01056050,"Wedel, Stadt",28241022.934794217,rp100,artificial,6827163.796853245,276828.6346212228,5641929.86652329,5641929.62133764,0.0405481167375562,0.049066301987162435,0.04906630411947424
01056050,"Wedel, Stadt",28241022.934794217,rp100,open_or_seasonal,7963793.416734127,409003.7615500026,5641929.86652329,5641929.62133764,0.051357906985705186,0.07249359194924587,0.07249359509965533
01056050,"Wedel, Stadt",28241022.934794217,rp100,perennial_vegetation,12928619.043949356,4584687.612011391,5641929.86652329,5641929.62133764,0.3546154153375756,0.8126098197737079,0.8126098550879143
01056050,"Wedel, Stadt",28241022.934794217,rp100,water,521444.81605326064,371409.8583406735,5641929.86652329,5641929.62133764,0.7122706888752299,0.0658302862898837,0.06583028915072078
01056051,Westerhorn,9403788.53334251,rp100,artificial,575173.9050075604,2064.0366351963676,1519195.9535591833,1519195.8250801107,0.0035885435991210987,0.0013586375282008405,0.0013586376431014258
01056051,Westerhorn,9403788.53334251,rp100,open_or_seasonal,2815274.3839753475,46945.99055125131,1519195.9535591833,1519195.8250801107,0.01667545828515676,0.030901866504624304,0.03090186911800902
01056051,Westerhorn,9403788.53334251,rp100,perennial_vegetation,6000078.685405691,1457569.7668254322,1519195.9535591833,1519195.8250801107,0.24292510869411701,0.9594349981058251,0.9594350792456734
01056051,Westerhorn,9403788.53334251,rp100,water,13260.89153342466,12616.159547303421,1519195.9535591833,1519195.8250801107,0.9513809471636079,0.008304497861349742,0.008304498563664853
01058007,Arpsdorf,12061621.416374272,rp100,artificial,183190.8461942038,0,312427.24017610564,312427.2306651631,0,0,0
01058007,Arpsdorf,12061621.416374272,rp100,open_or_seasonal,8873808.00977356,84567.64578007936,312427.24017610564,312427.2306651631,0.009530028786619798,0.27067948919054297,0.2706794974305964
01058007,Arpsdorf,12061621.416374272,rp100,perennial_vegetation,3003855.8649707697,227859.59439602628,312427.24017610564,312427.2306651631,0.07585570168435614,0.729320510809457,0.7293205330115086
01058007,Arpsdorf,12061621.416374272,rp100,water,765.6318016310215,0,312427.24017610564,312427.2306651631,0,0,0
01058009,Aukrug,49941251.62624388,rp100,artificial,1669654.2355009736,0,8666.716922585012,8666.717027285044,0,0,0
01058009,Aukrug,49941251.62624388,rp100,open_or_seasonal,24857686.28790831,1916.6112601153272,8666.716922585012,8666.717027285044,7.710336504840506e-5,0.2211461707167034,0.22114616804510226
01058009,Aukrug,49941251.62624388,rp100,perennial_vegetation,23197820.57365151,6750.105662469686,8666.716922585012,8666.717027285044,2.909801651857146e-4,0.7788538292832967,0.7788538198741952
01058009,Aukrug,49941251.62624388,rp100,water,216086.22685081547,0,8666.716922585012,8666.717027285044,0,0,0
01058024,Borgstedt,5921919.114139004,rp100,artificial,600804.4180294477,24721.87318450807,460274.7565715043,460274.7724030817,0.04114795504599029,0.05371112108918685,0.05371111924174306
01058024,Borgstedt,5921919.114139004,rp100,open_or_seasonal,3206303.742390177,68188.35814577599,460274.7565715043,460274.7724030817,0.021266967706229906,0.14814707339958766,0.14814706830393176
01058024,Borgstedt,5921919.114139004,rp100,perennial_vegetation,1790994.3553932759,65765.41355741168,460274.7565715043,460274.7724030817,0.03672005629686676,0.14288294680178695,0.14288294188719555
01058024,Borgstedt,5921919.114139004,rp100,water,323816.09112843877,301599.11168380856,460274.7565715043,460274.7724030817,0.9313901314563826,0.6552588587094386,0.6552588361712027
01058026,Bovenau,26343157.203893557,rp100,artificial,526698.0910121377,0,85835.75368171021,85835.75228274471,0,0,0
01058026,Bovenau,26343157.203893557,rp100,open_or_seasonal,19633959.998847403,3159.77592006824,85835.75368171021,85835.75228274471,1.6093421399726454e-4,0.036811885310462665,0.03681188591042896
01058026,Bovenau,26343157.203893557,rp100,perennial_vegetation,5417072.772643932,2245.9820808983022,85835.75368171021,85835.75228274471,4.1461176084627287e-4,0.02616604368881861,0.026166044115277183
01058026,Bovenau,26343157.203893557,rp100,water,765424.2117566185,80429.99568074367,85835.75368171021,85835.75228274471,0.10507898031623535,0.9370220710007188,0.9370220862724618
01058029,Breiholz,10560873.009996124,rp100,artificial,99190.80955641111,0.0016807137207105747,1319078.0024678325,1319078.0741697608,1.694424844627093e-8,1.274157947874323e-9,1.2741578786141453e-9
01058029,Breiholz,10560873.009996124,rp100,open_or_seasonal,4158426.421769876,168659.29731580446,1319078.0024678325,1319078.0741697608,0.04055844211475096,0.12786150402043223,0.12786149707018676
01058029,Breiholz,10560873.009996124,rp100,perennial_vegetation,5209049.285913078,1143707.4623887148,1319078.0024678325,1319078.0741697608,0.21956165119836024,0.8670506673972115,0.8670506202664116
01058029,Breiholz,10560873.009996124,rp100,water,1094205.6355903177,6711.241082599554,1319078.0024678325,1319078.0741697608,0.006133436773042096,0.005087827308198339,0.0050878270316362184
01058034,"Büdelsdorf, Stadt",5153811.36168117,rp100,artificial,3036284.6581218066,868.6436935467618,275392.9582246753,275392.98981674266,2.860876997231511e-4,0.0031541971848027123,0.003154196822964853
01058034,"Büdelsdorf, Stadt",5153811.36168117,rp100,open_or_seasonal,737643.1970499022,11406.389558590557,275392.9582246753,275392.98981674266,0.015463288489894263,0.041418595566575164,0.04141859081518676
01058034,"Büdelsdorf, Stadt",5153811.36168117,rp100,perennial_vegetation,787584.4668522669,1555.5596183747641,275392.9582246753,275392.98981674266,0.001975101952672909,0.005648509055578986,0.005648508407602876
01058034,"Büdelsdorf, Stadt",5153811.36168117,rp100,water,592298.4677671056,261562.36535416322,275392.9582246753,275392.98981674266,0.44160567617239005,0.9497786981930431,0.9497785892379363
01058035,Bünsdorf,13331204.183072826,rp100,artificial,360258.1467765178,898.0423608436555,387746.6250489304,387746.6058826897,0.0024927746086495757,0.00231605461615644,0.002316054730638577
01058035,Bünsdorf,13331204.183072826,rp100,open_or_seasonal,8744272.614323929,5492.38957128878,387746.6250489304,387746.6058826897,6.281128017774442e-4,0.014164893300091743,0.014164894000259715
01058035,Bünsdorf,13331204.183072826,rp100,perennial_vegetation,3454371.6966083837,1159.8915478730178,387746.6250489304,387746.6058826897,3.3577496857441186e-4,0.002991364651405152,0.002991364799267735
01058035,Bünsdorf,13331204.183072826,rp100,water,772300.6422165268,380196.301568925,387746.6250489304,387746.6058826897,0.49229054177366705,0.9805276874323468,0.9805277358996431
01058044,Ehndorf,14688959.266090315,rp100,artificial,323501.83999527886,0,76638.97049586888,76638.9682529867,0,0,0
01058044,Ehndorf,14688959.266090315,rp100,open_or_seasonal,9029838.221632304,27962.939976556583,76638.97049586888,76638.9682529867,0.003096726573635312,0.36486580907377775,0.36486581975177934
01058044,Ehndorf,14688959.266090315,rp100,perennial_vegetation,5204032.030633799,48676.030519312306,76638.97049586888,76638.9682529867,0.009353522467344241,0.6351341909262224,0.635134209513779
01058044,Ehndorf,14688959.266090315,rp100,water,131586.18890906806,0,76638.97049586888,76638.9682529867,0,0,0
01058075,Hörsten,4929022.675857492,rp100,artificial,59660.41347932377,0,36002.00960955332,36002.007739108936,0,0,0
01058075,Hörsten,4929022.675857492,rp100,open_or_seasonal,1501169.680735814,6124.382746177939,36002.00960955332,36002.007739108936,0.004079740501537447,0.17011224686059753,0.17011225569859065
01058075,Hörsten,4929022.675857492,rp100,perennial_vegetation,2906135.801462168,16035.194254599593,36002.00960955332,36002.007739108936,0.005517703008418184,0.44539719944812667,0.4453972225882442
01058075,Hörsten,4929022.675857492,rp100,water,462056.4872093127,13842.43260877579,36002.00960955332,36002.007739108936,0.02995831244006566,0.3844905536912758,0.3844905736670562
01058119,Oldenbüttel,4571073.039308612,rp100,artificial,157070.76708137788,0,44925.025197339455,44925.02082077376,0,0,0
01058119,Oldenbüttel,4571073.039308612,rp100,open_or_seasonal,1212281.0294866576,5216.167356188283,44925.025197339455,44925.02082077376,0.004302770751429706,0.11610827892194914,0.11610829023314057
01058119,Oldenbüttel,4571073.039308612,rp100,perennial_vegetation,2750522.6163861845,35645.39938292227,44925.025197339455,44925.02082077376,0.012959500558390432,0.7934419452486641,0.7934420225452515
01058119,Oldenbüttel,4571073.039308612,rp100,water,451198.24035600864,4063.458458228903,44925.025197339455,44925.02082077376,0.009005927095421994,0.09044977582938671,0.0904497846409438
01058124,Osterrönfeld,17919744.749897826,rp100,artificial,2335050.3782430515,37368.07692735168,477801.5291042235,477801.512335686,0.016003113798113564,0.07820836613354691,0.0782083688782848
01058124,Osterrönfeld,17919744.749897826,rp100,open_or_seasonal,5777580.408267005,75772.06693284048,477801.5291042235,477801.512335686,0.013114844204404319,0.15858481465075475,0.1585848202163198
01058124,Osterrönfeld,17919744.749897826,rp100,perennial_vegetation,9434939.407456009,107674.93952168754,477801.5291042235,477801.512335686,0.0114123615289566,0.22535494962428274,0.22535495753315873
01058124,Osterrönfeld,17919744.749897826,rp100,water,372173.19836214243,256986.4457223438,477801.5291042235,477801.512335686,0.6905022899372878,0.5378518695914157,0.5378518884674321
01058132,Rade b. Rendsburg,6542077.157998715,rp100,artificial,216801.1826437841,5958.93061104184,604531.9700855581,604531.9301245235,0.027485692367429013,0.009857097566235389,0.009857098217813574
01058132,Rade b. Rendsburg,6542077.157998715,rp100,open_or_seasonal,4715423.69674954,30241.691451769748,604531.9700855581,604531.9301245235,0.006413356125901498,0.05002496633468319,0.05002496964145544
01058132,Rade b. Rendsburg,6542077.157998715,rp100,perennial_vegetation,775067.6328161141,25389.6674592128,604531.9700855581,604531.9301245235,0.03275800250742316,0.04199888296332691,0.041998885739555486
01058132,Rade b. Rendsburg,6542077.157998715,rp100,water,834784.284572896,542941.6805635338,604531.9700855581,604531.9301245235,0.6503975824620624,0.8981190531357546,0.898119112503614
01058135,"Rendsburg, Stadt",9258032.509931145,rp100,artificial,3597737.442682294,258560.19253399794,834360.5424912838,834360.5530621894,0.07186744354007898,0.30989024452423575,0.3098902405980908
01058135,"Rendsburg, Stadt",9258032.509931145,rp100,open_or_seasonal,2704243.7523084437,21033.553255415452,834360.5424912838,834360.5530621894,0.007777979791008272,0.025209189773778378,0.02520918945439132
01058135,"Rendsburg, Stadt",9258032.509931145,rp100,perennial_vegetation,1979117.6329557148,45930.66301712652,834360.5424912838,834360.5530621894,0.023207646808002684,0.05504893949081531,0.055048938793374455
01058135,"Rendsburg, Stadt",9258032.509931145,rp100,water,976933.1225923932,508836.13368474395,834360.5424912838,834360.5530621894,0.520850528984517,0.6098516262111706,0.6098516184846741
01058140,Schacht-Audorf,6283014.522038246,rp100,artificial,1738990.1312911743,59022.951939675084,858767.2143582397,858767.2998650385,0.03394093553357397,0.0687298617749202,0.0687298549315408
01058140,Schacht-Audorf,6283014.522038246,rp100,open_or_seasonal,2148721.857714025,47660.03694352847,858767.2143582397,858767.2998650385,0.02218064509951645,0.05549820271043418,0.05549819718452087
01058140,Schacht-Audorf,6283014.522038246,rp100,perennial_vegetation,1586422.7455910465,61562.43431737057,858767.2143582397,858767.2998650385,0.03880581924866094,0.07168698721617643,0.07168698007835832
01058140,Schacht-Audorf,6283014.522038246,rp100,water,808879.5103393784,690521.7911576655,858767.2143582397,858767.2998650385,0.8536769473465164,0.8040849482984692,0.8040848682363501
01058148,Schülp b. Rendsburg,8028885.458245777,rp100,artificial,456124.84607274196,16530.534046798686,603901.3996515423,603901.4569954138,0.03624124883598739,0.027372902358459485,0.027372899759247022
01058148,Schülp b. Rendsburg,8028885.458245777,rp100,open_or_seasonal,3828211.4048918127,22545.55449270787,603901.3996515423,603901.4569954138,0.005889318041291666,0.037333171451029754,0.0373331679060332
01058148,Schülp b. Rendsburg,8028885.458245777,rp100,perennial_vegetation,2760894.734814106,227317.70146345513,603901.3996515423,603901.4569954138,0.08233479480294661,0.37641525850845836,0.37641522276569284
01058148,Schülp b. Rendsburg,8028885.458245777,rp100,water,983653.5863545903,337507.6096485806,603901.3996515423,603901.4569954138,0.343116331125656,0.5588786676820524,0.5588786146133503
01058158,Tackesdorf,7266262.169202912,rp100,artificial,33366.884508032614,0,21257.267767408106,21257.26569311751,0,0,0
01058158,Tackesdorf,7266262.169202912,rp100,open_or_seasonal,1118366.1084421135,0,21257.267767408106,21257.26569311751,0,0,0
01058158,Tackesdorf,7266262.169202912,rp100,perennial_vegetation,5572617.646012338,21257.267767408106,21257.267767408106,21257.26569311751,0.0038145929108593,1,1.000000097580311
01058158,Tackesdorf,7266262.169202912,rp100,water,541910.807401628,0,21257.267767408106,21257.26569311751,0,0,0
01058172,Westerrönfeld,7737648.470862418,rp100,artificial,1774538.6263075164,31565.133993531308,374372.6036673146,374372.62508608674,0.01778779764248494,0.0843147540293349,0.0843147492054819
01058172,Westerrönfeld,7737648.470862418,rp100,open_or_seasonal,2684127.7439673617,15363.576506817235,374372.6036673146,374372.62508608674,0.005723861891948781,0.04103819658895245,0.041038194241056994
01058172,Westerrönfeld,7737648.470862418,rp100,perennial_vegetation,2936217.924569848,61066.529407102265,374372.6036673146,374372.62508608674,0.020797682929494556,0.163116982409773,0.16311697307745207
01058172,Westerrönfeld,7737648.470862418,rp100,water,342763.4866059663,266377.3637598638,374372.6036673146,374372.62508608674,0.7771462660667984,0.7115300669719397,0.7115300262635669
01060063,"Norderstedt, Stadt",58688458.514370754,rp100,artificial,16249915.31206657,0,0,0,0,NA,NA
01060063,"Norderstedt, Stadt",58688458.514370754,rp100,open_or_seasonal,18569543.718541272,0,0,0,0,NA,NA
01060063,"Norderstedt, Stadt",58688458.514370754,rp100,perennial_vegetation,23464773.521550823,0,0,0,0,NA,NA
01060063,"Norderstedt, Stadt",58688458.514370754,rp100,water,404221.3165504323,0,0,0,0,NA,NA
01061002,Aebtissinwisch,3020344.4797404734,rp100,artificial,69884.97247004366,69876.57640106921,3009862.0724787083,3009862.03545196,0.9998798587353231,0.02321587325877821,0.023215873544375452
01061002,Aebtissinwisch,3020344.4797404734,rp100,open_or_seasonal,313521.8684201174,309379.87700222415,3009862.0724787083,3009862.03545196,0.9867888277179344,0.10278872239067117,0.10278872365515843
01061002,Aebtissinwisch,3020344.4797404734,rp100,perennial_vegetation,2617051.059277156,2615474.4400800793,3009862.0724787083,3009862.03545196,0.9993975588701307,0.8689682042227804,0.8689682149126614
01061002,Aebtissinwisch,3020344.4797404734,rp100,water,19886.310987874665,15131.17899533529,3009862.0724787083,3009862.03545196,0.7608841581810355,0.0050272001277700835,0.00502720018961374
01061004,Altenmoor,6308005.038218986,rp100,artificial,102746.86240703937,93627.07800473385,6108130.527376859,6108130.5129418615,0.9112402638031241,0.015328270668921356,0.015328270705145787
01061004,Altenmoor,6308005.038218986,rp100,open_or_seasonal,647822.7493456495,539145.334497814,6108130.527376859,6108130.5129418615,0.8322420523860762,0.08826683255725222,0.08826683276584821
01061004,Altenmoor,6308005.038218986,rp100,perennial_vegetation,5557434.879113232,5475358.114874312,6108130.527376859,6108130.5129418615,0.985231178407975,0.8964048967738264,0.8964048988922492
01061004,Altenmoor,6308005.038218986,rp100,water,0,0,6108130.527376859,6108130.5129418615,NA,0,0
01061005,Auufer,5179584.184234425,rp100,artificial,95681.0698378942,1623.1707504619162,245648.4116662074,245648.4333316401,0.01696438755557334,0.006607698944406436,0.006607698361627809
01061005,Auufer,5179584.184234425,rp100,open_or_seasonal,1399328.6825595354,13425.005388828264,245648.4116662074,245648.4333316401,0.00959388995319696,0.05465130141802205,0.05465129659794615
01061005,Auufer,5179584.184234425,rp100,perennial_vegetation,3676626.234385478,229157.85098658083,245648.4116662074,245648.4333316401,0.06232829675298309,0.9328692558287969,0.9328691735526113
01061005,Auufer,5179584.184234425,rp100,water,7947.153911074591,1442.3845403363773,245648.4116662074,245648.4333316401,0.1814969933231534,0.00587174380877464,0.005871743290904981
01061006,Bahrenfleth,14423782.39802058,rp100,artificial,345573.3191080233,308009.5700249899,14194058.54726075,14194058.32092658,0.8913002045991539,0.021699894290236766,0.02169989463625673
01061006,Bahrenfleth,14423782.39802058,rp100,open_or_seasonal,9081803.033288825,9015220.020425878,14194058.54726075,14194058.32092658,0.9926685248932519,0.6351403997953557,0.6351404099231128
01061006,Bahrenfleth,14423782.39802058,rp100,perennial_vegetation,4632443.723341779,4521795.952278342,14194058.54726075,14194058.32092658,0.976114600053119,0.31856962807519096,0.3185696331550061
01061006,Bahrenfleth,14423782.39802058,rp100,water,363961.288578358,349033.00453154056,14194058.54726075,14194058.32092658,0.9589838685725954,0.02459007783921667,0.02459007823132263
01061007,Beidenfleth,13774586.588365396,rp100,artificial,488423.94341832714,453320.49542664253,13504383.088336391,13504383.056872277,0.9281291417738318,0.033568397198252706,0.033568397276464344
01061007,Beidenfleth,13774586.588365396,rp100,open_or_seasonal,3700803.632991696,3668693.9232504806,13504383.088336391,13504383.056872277,0.9913235845709387,0.2716669024606609,0.2716669030936227
01061007,Beidenfleth,13774586.588365396,rp100,perennial_vegetation,9092496.389925733,8930125.216381043,13504383.088336391,13504383.056872277,0.9821422889180805,0.6612760581484028,0.6612760596891223
01061007,Beidenfleth,13774586.588365396,rp100,water,492861.58423337573,452243.4532782247,13504383.088336391,13504383.056872277,0.9175871436230301,0.03348864219268358,0.0334886422707094
01061008,Bekdorf,1806392.1699555144,rp100,artificial,73608.1165153323,67120.174182108065,1796384.2794988514,1796384.2660372076,0.9118583297553495,0.0373640400598657,0.03736404033986225
01061008,Bekdorf,1806392.1699555144,rp100,open_or_seasonal,560341.02849257,558658.3865991314,1796384.2794988514,1796384.2660372076,0.9969971110308212,0.3109904673375253,0.3109904696680082
01061008,Bekdorf,1806392.1699555144,rp100,perennial_vegetation,1172442.942786443,1170605.7187176119,1796384.2794988514,1796384.2660372076,0.9984329949016838,0.651645492602609,0.6516454974858735
01061008,Bekdorf,1806392.1699555144,rp100,water,0,0,1796384.2794988514,1796384.2660372076,NA,0,0
01061010,Bekmünde,2887204.766797483,rp100,artificial,102236.54469806349,102148.55262744395,2877203.728262968,2877203.572125467,0.9991393285944922,0.035502718011947425,0.03550271993857706
01061010,Bekmünde,2887204.766797483,rp100,open_or_seasonal,594641.677265842,594541.6958408069,2877203.728262968,2877203.572125467,0.9998318627353959,0.20663872008804363,0.2066387313017282
01061010,Bekmünde,2887204.766797483,rp100,perennial_vegetation,2149402.562110385,2139884.3118039556,2877203.728262968,2877203.572125467,0.9955716763000952,0.7437375013745904,0.7437375417350695
01061010,Bekmünde,2887204.766797483,rp100,water,40923.877521003385,40629.16799076142,2877203.728262968,2877203.572125467,0.9927985922132938,0.0141210605254186,0.01412106129172764
01061012,Blomesche Wildnis,6817268.927033406,rp100,artificial,365821.8884351569,328151.62807375344,6680401.922381139,6680401.833366765,0.8970256795662443,0.04912153967478475,0.049121540329314706
01061012,Blomesche Wildnis,6817268.927033406,rp100,open_or_seasonal,4697487.2231880585,4675960.234568062,6680401.922381139,6680401.833366765,0.9954173396121796,0.6999519323683715,0.6999519416950236
01061012,Blomesche Wildnis,6817268.927033406,rp100,perennial_vegetation,1749610.7669738878,1671941.427866351,6680401.922381139,6680401.833366765,0.9556076468128548,0.2502755743280803,0.25027557766292813
01061012,Blomesche Wildnis,6817268.927033406,rp100,water,4348.631872972823,4348.631872972823,6680401.922381139,6680401.833366765,1,6.509536287635238e-4,6.50953637437288e-4
01061014,Bokhorst,5940544.993389139,rp100,artificial,148234.02173782964,13685.132319538077,223641.36874946862,223641.3748491612,0.09232112951601584,0.06119231158376907,0.06119230991478322
01061014,Bokhorst,5940544.993389139,rp100,open_or_seasonal,3194559.642300528,1584.274353591811,223641.36874946862,223641.3748491612,4.959288700119284e-4,0.007083995069653567,0.00708399487644159
01061014,Bokhorst,5940544.993389139,rp100,perennial_vegetation,2596922.7879437464,208371.96207633874,223641.36874946862,223641.3748491612,0.08023802750074385,0.9317236933465775,0.9317236679343383
01061014,Bokhorst,5940544.993389139,rp100,water,828.3215162580508,0,223641.36874946862,223641.3748491612,0,0,0
01061015,Borsfleth,13873937.828345843,rp100,artificial,491105.8210429919,374357.1041737034,13353429.577866806,13353429.237465732,0.7622738076666614,0.028034528657281954,0.028034529371928615
01061015,Borsfleth,13873937.828345843,rp100,open_or_seasonal,5401425.385494786,5325431.627793922,13353429.577866806,13353429.237465732,0.9859307956183305,0.39880628393927947,0.39880629410551355
01061015,Borsfleth,13873937.828345843,rp100,perennial_vegetation,7479465.485698632,7211967.112787171,13353429.577866806,13353429.237465732,0.9642356297488183,0.5400835096880987,0.5400835234557237
01061015,Borsfleth,13873937.828345843,rp100,water,501940.0991097061,441673.7331120098,13353429.577866806,13353429.237465732,0.8799331511776185,0.0330756777153399,0.033075678558493825
01061016,Breitenberg,3043215.531401111,rp100,artificial,139721.45388868716,13258.576532185056,2135305.38523309,2135305.3712776587,0.0948929184686831,0.006209217952558926,0.0062092179931396855
01061016,Breitenberg,3043215.531401111,rp100,open_or_seasonal,905461.3722386804,636120.6615256298,2135305.38523309,2135305.3712776587,0.7025376024080107,0.2979061758213994,0.2979061777683851
01061016,Breitenberg,3043215.531401111,rp100,perennial_vegetation,1913541.1642802947,1434950.646739059,2135305.38523309,2135305.3712776587,0.7498927504278492,0.6720119083024838,0.6720119126944625
01061016,Breitenberg,3043215.531401111,rp100,water,84491.45413345839,50975.500436216054,2135305.38523309,2135305.3712776587,0.6033213768069106,0.023872697923557933,0.023872698079579546
01061017,Breitenburg,10209262.87044376,rp100,artificial,797052.997171523,179212.02475373418,4367078.504432421,4367078.608355135,0.22484329823700339,0.04103705133119102,0.04103705035463848
01061017,Breitenburg,10209262.87044376,rp100,open_or_seasonal,3759933.18993453,802186.1916507487,4367078.504432421,4367078.608355135,0.21335118235564096,0.18368943696261925,0.1836894325913893
01061017,Breitenburg,10209262.87044376,rp100,perennial_vegetation,3154494.902964725,947703.4186746713,4367078.504432421,4367078.608355135,0.30042952923587873,0.21701085009412766,0.21701084492995304
01061017,Breitenburg,10209262.87044376,rp100,water,2497780.4913286036,2437976.8693532674,4367078.504432421,4367078.608355135,0.9760572947931362,0.5582626616120622,0.5582626483271695
01061018,Brokdorf,13457411.511106566,rp100,artificial,736138.5496258722,654259.0107935907,13264990.59441406,13264990.553348452,0.888771564980675,0.049322237067329834,0.049322237220021055
01061018,Brokdorf,13457411.511106566,rp100,open_or_seasonal,552229.4250027875,530683.3979388552,13264990.59441406,13264990.553348452,0.960983558484187,0.04000631543322226,0.04000631555707335
01061018,Brokdorf,13457411.511106566,rp100,perennial_vegetation,12092115.65468973,12004777.670849454,13264990.59441406,13264990.553348452,0.9927772784900215,0.9049970737185983,0.9049970765202779
01061018,Brokdorf,13457411.511106566,rp100,water,76926.7901179561,75270.51483215742,13264990.59441406,13264990.553348452,0.9784694605967698,0.005674373780849429,0.005674373798416091
01061019,Brokstedt,12493878.40960178,rp100,artificial,757933.9011611697,678.5138020399062,379876.3342563062,379876.3349931521,8.952150062167817e-4,0.001786143912776905,0.0017861439093123225
01061019,Brokstedt,12493878.40960178,rp100,open_or_seasonal,6480017.837782516,99135.74351469018,379876.3342563062,379876.3349931521,0.015298683737669273,0.26096846414181296,0.26096846363561255
01061019,Brokstedt,12493878.40960178,rp100,perennial_vegetation,5254627.33798089,279857.03799611446,379876.3342563062,379876.3349931521,0.05325915997377857,0.7367056401236416,0.736705638694654
01061019,Brokstedt,12493878.40960178,rp100,water,1296.951835658765,205.03894346169238,379876.3342563062,379876.3349931521,0.15809295135277424,5.397518217687935e-4,5.397518207218372e-4
01061020,Büttel,8893601.009232275,rp100,artificial,1165013.3382101841,848937.77185515,8190298.463241046,8190298.882005378,0.7286936071988475,0.10365162828501005,0.10365162298537381
01061020,Büttel,8893601.009232275,rp100,open_or_seasonal,812120.8943294643,753042.1385547365,8190298.463241046,8190298.882005378,0.9272537424080108,0.09194318643386097,0.09194318173286928
01061020,Büttel,8893601.009232275,rp100,perennial_vegetation,6854667.944043554,6526520.637289209,8190298.463241046,8190298.882005378,0.9521279062044876,0.7968599272152226,0.7968598864723242
01061020,Büttel,8893601.009232275,rp100,water,61797.915541950155,61797.915541950155,8190298.463241046,8190298.882005378,1,0.007545258065906383,0.007545257680122543
01061022,Dägeling,7549066.919642679,rp100,artificial,930844.1049722191,19570.512621101243,1211687.3351151661,1211687.293322229,0.021024479304926492,0.016151454301733,0.016151454858821215
01061022,Dägeling,7549066.919642679,rp100,open_or_seasonal,2902702.866964236,188742.0806791283,1211687.3351151661,1211687.293322229,0.06502287327690637,0.15576797347740629,0.15576797885008054
01061022,Dägeling,7549066.919642679,rp100,perennial_vegetation,3676443.1423052875,976150.7758285542,1211687.3351151661,1211687.293322229,0.26551499317257654,0.8056127579610088,0.8056127857478178
01061022,Dägeling,7549066.919642679,rp100,water,39076.32341469255,27223.96598638243,1211687.3351151661,1211687.293322229,0.6966869860675358,0.02246781425985186,0.02246781503480094
01061023,Dammfleth,16427195.179507375,rp100,artificial,386033.8160570444,376107.7118784398,16406283.564790824,16406283.312936949,0.9742869568267621,0.022924613633132404,0.022924613985049573
01061023,Dammfleth,16427195.179507375,rp100,open_or_seasonal,2990250.002114144,2980356.5967282006,16406283.564790824,16406283.312936949,0.996691445404582,0.18165945900900313,0.1816594617976688
01061023,Dammfleth,16427195.179507375,rp100,perennial_vegetation,13047452.968679762,13046362.064431883,16406283.564790824,16406283.312936949,0.9999163894860938,0.7952052037202626,0.7952052159275071
01061023,Dammfleth,16427195.179507375,rp100,water,3457.1917523013176,3457.1917523013176,16406283.564790824,16406283.312936949,1,2.1072363760191997e-4,2.1072364083675165e-4
01061025,Ecklak,15576641.335683834,rp100,artificial,329202.76337516704,280782.6612897487,15255159.35746727,15255158.75446731,0.8529170849327358,0.018405750783082313,0.018405751510617643
01061025,Ecklak,15576641.335683834,rp100,open_or_seasonal,2155006.573185635,2019514.589903666,15255159.35746727,15255158.75446731,0.9371268816680786,0.13238239880562971,0.1323824040383895
01061025,Ecklak,15576641.335683834,rp100,perennial_vegetation,12966171.691076756,12835305.766277412,15255159.35746727,15255158.75446731,0.9899071269517891,0.8413747418505098,0.841374775108042
01061025,Ecklak,15576641.335683834,rp100,water,126259.33860910642,119556.33999644454,15255159.35746727,15255158.75446731,0.9469108686414549,0.007837108560778341,0.007837108870560508
01061026,Elskop,7144959.6955476925,rp100,artificial,157803.68496268123,154017.54824954786,7138551.520614854,7138551.353399338,0.9760072984732343,0.021575462165506945,0.021575462670896887
01061026,Elskop,7144959.6955476925,rp100,open_or_seasonal,5852862.564402872,5852113.009892327,7138551.520614854,7138551.353399338,0.9998719336901735,0.8197899802211241,0.8197899994241246
01061026,Elskop,7144959.6955476925,rp100,perennial_vegetation,1134292.8457466732,1132420.962472979,7138551.520614854,7138551.353399338,0.9983497354490832,0.15863455761336887,0.15863456132927117
01061026,Elskop,7144959.6955476925,rp100,water,0,0,7138551.520614854,7138551.353399338,NA,0,0
01061027,Engelbrechtsche Wildnis,4951910.692648098,rp100,artificial,400654.260261445,379967.3677502026,4921887.166663618,4921887.124795372,0.9483672219091261,0.07719952832802743,0.07719952898472855
01061027,Engelbrechtsche Wildnis,4951910.692648098,rp100,open_or_seasonal,3060744.548557062,3052871.397607128,4921887.166663618,4921887.124795372,0.9974277007358731,0.6202644014849628,0.6202644067612688
01061027,Engelbrechtsche Wildnis,4951910.692648098,rp100,perennial_vegetation,1487284.944085596,1485821.6274282213,4921887.166663618,4921887.124795372,0.9990161154638231,0.30188047330540696,0.30188047587336625
01061027,Engelbrechtsche Wildnis,4951910.692648098,rp100,water,3226.7738780658738,3226.7738780658738,4921887.166663618,4921887.124795372,1,6.555968816028742e-4,6.555968871797375e-4
01061028,Fitzbek,10288286.642115517,rp100,artificial,222781.19198974536,12018.163616373946,1745721.695257734,1745721.7063995178,0.05394604234331928,0.006884352556894594,0.006884352512956337
01061028,Fitzbek,10288286.642115517,rp100,open_or_seasonal,5479632.244190031,626711.5947899799,1745721.695257734,1745721.7063995178,0.11437110500517118,0.3589985714747354,0.3589985691834856
01061028,Fitzbek,10288286.642115517,rp100,perennial_vegetation,4560955.935555229,1102384.8087082428,1745721.695257734,1745721.7063995178,0.24170038568330168,0.6314779793955012,0.6314779753651961
01061028,Fitzbek,10288286.642115517,rp100,water,24916.255233002765,4607.128143137261,1745721.695257734,1745721.7063995178,0.18490451715372141,0.0026390965728687217,0.002639096556025119
01061029,"Glückstadt, Stadt",12688293.929562852,rp100,artificial,3534908.0052640736,2535641.772469702,10000654.154325686,10000653.871768428,0.7173147840604917,0.2535475913216072,0.25354759848531
01061029,"Glückstadt, Stadt",12688293.929562852,rp100,open_or_seasonal,3648499.8845453486,3037713.2449872675,10000654.154325686,10000653.871768428,0.8325923916990358,0.3037514544659395,0.3037514630480962
01061029,"Glückstadt, Stadt",12688293.929562852,rp100,perennial_vegetation,4291818.077929511,3247200.9079363197,10000654.154325686,10000653.871768428,0.7566026446076338,0.32469885047787345,0.3246988596518753
01061029,"Glückstadt, Stadt",12688293.929562852,rp100,water,1213066.5246000453,1180098.2289323974,10000654.154325686,10000653.871768428,0.9728223514547005,0.11800210373457994,0.11800210706859703
01061030,Grevenkop,9389174.040083209,rp100,artificial,279073.05411492503,273024.6054888053,9373085.042995557,9373084.869687296,0.9783266476754544,0.02912857444869069,0.029128574987277788
01061030,Grevenkop,9389174.040083209,rp100,open_or_seasonal,8025767.750676495,8015760.0446218075,9373085.042995557,9373084.869687296,0.9987530531202022,0.855189087461863,0.8551891032743021
01061030,Grevenkop,9389174.040083209,rp100,perennial_vegetation,1081638.5602922502,1081606.3926580132,9373085.042995557,9373084.869687296,0.9999702602741637,0.11539491935649195,0.11539492149014303
01061030,Grevenkop,9389174.040083209,rp100,water,2694.0002269311367,2694.0002269311367,9373085.042995557,9373084.869687296,1,2.874187329543483e-4,2.874187382687183e-4
01061031,Gribbohm,13135205.753152039,rp100,artificial,248099.157122331,1544.5199774466146,2467199.884448619,2467199.9278712813,0.006225414045582805,6.260214209566529e-4,6.260214099386903e-4
01061031,Gribbohm,13135205.753152039,rp100,open_or_seasonal,6273023.546629967,652650.9315348659,2467199.884448619,2467199.9278712813,0.10404088661288177,0.26453103198029826,0.2645310273245582
01061031,Gribbohm,13135205.753152039,rp100,perennial_vegetation,6467546.479044291,1804932.6766554837,2467199.884448619,2467199.9278712813,0.2790753313491762,0.731571320196806,0.7315713073211676
01061031,Gribbohm,13135205.753152039,rp100,water,146535.6857427121,8071.756280823305,2467199.884448619,2467199.9278712813,0.055083894683481564,0.003271626401939143,0.0032716263443585934
01061034,Heiligenstedten,9192732.4144548,rp100,artificial,828194.4776044411,452458.52148713585,7081326.176595817,7081326.182535376,0.5463191722744585,0.06389460253681532,0.06389460248322285
01061034,Heiligenstedten,9192732.4144548,rp100,open_or_seasonal,3017198.018406267,2099476.279236782,7081326.176595817,7081326.182535376,0.6958364238704358,0.29648066292662373,0.29648066267794654
01061034,Heiligenstedten,9192732.4144548,rp100,perennial_vegetation,5043424.807586567,4281658.094074391,7081326.176595817,7081326.182535376,0.8489584473696745,0.6046407109766406,0.60464071046949
01061034,Heiligenstedten,9192732.4144548,rp100,water,303914.6844738459,247733.28179750842,7081326.176595817,7081326.182535376,0.8151408749017777,0.0349840235599203,0.034984023530576974
01061035,Heiligenstedtenerkamp,866469.5967660844,rp100,artificial,260632.92118508078,41046.444109525626,472107.60451360734,472107.6041282369,0.15748756497410282,0.0869429844321488,0.08694298450311834
01061035,Heiligenstedtenerkamp,866469.5967660844,rp100,open_or_seasonal,141175.0587629506,103568.34889589879,472107.60451360734,472107.6041282369,0.7336164744921562,0.21937445596243024,0.2193744561415005
01061035,Heiligenstedtenerkamp,866469.5967660844,rp100,perennial_vegetation,464661.5771429115,327492.81150818296,472107.60451360734,472107.6041282369,0.7047985622608498,0.693682559605421,0.693682560171658
01061035,Heiligenstedtenerkamp,866469.5967660844,rp100,water,0,0,472107.60451360734,472107.6041282369,NA,0,0
01061037,Herzhorn,12557003.167572334,rp100,artificial,512629.10352830344,499107.67439865315,12516400.784706168,12516400.568552896,0.9736233681689441,0.03987629375119679,0.03987629443984456
01061037,Herzhorn,12557003.167572334,rp100,open_or_seasonal,4476470.924785521,4469711.053754135,12516400.784706168,12516400.568552896,0.9984899106584257,0.3571083357458232,0.35710834191294244
01061037,Herzhorn,12557003.167572334,rp100,perennial_vegetation,7567802.092385981,7547482.00810921,12516400.784706168,12516400.568552896,0.9973149292187206,0.603007377115273,0.6030073875289711
01061037,Herzhorn,12557003.167572334,rp100,water,100.04844417131608,100.04844417131608,12516400.784706168,12516400.568552896,1,7.99338770723654e-6,7.993387845279176e-6
01061039,Hodorf,7392725.059782365,rp100,artificial,168677.49560384423,150873.48049937267,7195217.61210949,7195217.35223954,0.8944493748811279,0.02096857782945354,0.020968578586776494
01061039,Hodorf,7392725.059782365,rp100,open_or_seasonal,4081001.67574915,4005849.173196107,7195217.61210949,7195217.35223954,0.9815847900774882,0.5567377373624249,0.5567377574701438
01061039,Hodorf,7392725.059782365,rp100,perennial_vegetation,2793717.780949128,2697581.1157398606,7195217.61210949,7195217.35223954,0.9655882688420281,0.37491306881390973,0.3749130823546599
01061039,Hodorf,7392725.059782365,rp100,water,349327.4988125037,340913.84267414914,7195217.61210949,7195217.35223954,0.9759147042046339,0.047380615994211776,0.04738061770545936
01061040,Hohenaspe,14162362.029041514,rp100,artificial,933676.9179905948,9236.373939462428,98392.19216472247,98392.19495639736,0.009892473254389127,0.09387303744589236,0.09387303478243919
01061040,Hohenaspe,14162362.029041514,rp100,open_or_seasonal,5341708.510273862,4608.603410173398,98392.19216472247,98392.19495639736,8.627583106246883e-4,0.04683911709638446,0.04683911576742146
01061040,Hohenaspe,14162362.029041514,rp100,perennial_vegetation,7880488.113174719,84547.21481508664,98392.19216472247,98392.19495639736,0.010728677411966314,0.8592878454577232,0.859287821077209
01061040,Hohenaspe,14162362.029041514,rp100,water,6486.970551520331,0,98392.19216472247,98392.19495639736,0,0,0
01061041,Hohenfelde,17820565.163690515,rp100,artificial,605819.6173285842,88626.43483733239,8463677.318297217,8463677.240353191,0.1462917876910929,0.010471386314047579,0.010471386410481077
01061041,Hohenfelde,17820565.163690515,rp100,open_or_seasonal,7537551.02172779,1791671.1999564925,8463677.318297217,8463677.240353191,0.23769937938619723,0.21168945040983128,0.21168945235933
01061041,Hohenfelde,17820565.163690515,rp100,perennial_vegetation,9353306.3503014,6341651.39049807,8463677.318297217,8463677.240353191,0.6780117268685119,0.7492784934969531,0.7492785003972376
01061041,Hohenfelde,17820565.163690515,rp100,water,323886.9963482275,241728.29300532184,8463677.318297217,8463677.240353191,0.7463352827707457,0.028560669779168102,0.028560670042190133
01061044,Horst (Holstein),29058228.39814709,rp100,artificial,2506413.1496511507,29592.99938219533,6011082.972471614,6011082.623064851,0.011806911955562539,0.004923072850220098,0.004923073136384015
01061044,Horst (Holstein),29058228.39814709,rp100,open_or_seasonal,12712894.883134583,1032932.2684202415,6011082.972471614,6011082.623064851,0.08125075192673617,0.17183796549651092,0.17183797548495244
01061044,Horst (Holstein),29058228.39814709,rp100,perennial_vegetation,13808211.552118741,4935012.018291974,6011082.972471614,6011082.623064851,0.3573969010877982,0.8209855097479739,0.8209855574694755
01061044,Horst (Holstein),29058228.39814709,rp100,water,30706.667546229954,13545.686377202364,6011082.972471614,6011082.623064851,0.4411317625661874,0.002253451905294979,0.002253452036281589
01061045,Huje,5550147.627374202,rp100,artificial,157256.0154473417,3221.003585504178,926108.8905802513,926108.8462069408,0.020482546097467122,0.003477996613860456,0.0034779967805041766
01061045,Huje,5550147.627374202,rp100,open_or_seasonal,2105201.0877554496,60606.06491086856,926108.8905802513,926108.8462069408,0.028788729619879837,0.06544161872033857,0.0654416218558893
01061045,Huje,5550147.627374202,rp100,perennial_vegetation,3215240.5572222006,861981.6704709673,926108.8905802513,926108.8462069408,0.26809243511647984,0.9307562849665494,0.930756329562536
01061045,Huje,5550147.627374202,rp100,water,72449.47264457268,300.15161291124605,926108.8905802513,926108.8462069408,0.00414290956103641,3.2409969925154995e-4,3.240997147803689e-4
01061046,"Itzehoe, Stadt",28567842.61850711,rp100,artificial,8917527.281666629,582282.2909691846,3857783.335954421,3857783.305231266,0.0652963845892894,0.15093701233615991,0.15093701353821323
01061046,"Itzehoe, Stadt",28567842.61850711,rp100,open_or_seasonal,10840959.753415827,591142.3507612965,3857783.335954421,3857783.305231266,0.054528599331349445,0.15323368351246378,0.15323368473280763
01061046,"Itzehoe, Stadt",28567842.61850711,rp100,perennial_vegetation,8360539.767216279,2469649.5039238185,3857783.335954421,3857783.305231266,0.2953935478673181,0.6401732002175347,0.6401732053158357
01061046,"Itzehoe, Stadt",28567842.61850711,rp100,water,448813.39022128016,214709.19030012138,3857783.335954421,3857783.305231266,0.4783930136181153,0.055656103933841586,0.05565610437708346
01061047,Kaaks,8670248.21754631,rp100,artificial,450119.75333001703,9343.40006516761,1108589.802218505,1108589.80430751,0.020757587277706636,0.008428185110912657,0.00842818509503075
01061047,Kaaks,8670248.21754631,rp100,open_or_seasonal,5168524.261020767,319447.89142672555,1108589.802218505,1108589.80430751,0.06180640261977519,0.2881569817685927,0.28815698122559535
01061047,Kaaks,8670248.21754631,rp100,perennial_vegetation,3041844.1142900093,770708.7176905696,1108589.802218505,1108589.80430751,0.25336890673322987,0.6952154134452895,0.6952154121352391
01061047,Kaaks,8670248.21754631,rp100,water,9759.472435108846,9089.793036042345,1108589.802218505,1108589.80430751,0.9313815983887215,0.008199419675205285,0.008199419659754459
01061049,"Kellinghusen, Stadt",18802158.08857478,rp100,artificial,2635567.651784745,103052.31530438075,6048425.701000756,6048425.53810532,0.03910061471372064,0.017037874051644548,0.017037874510506427
01061049,"Kellinghusen, Stadt",18802158.08857478,rp100,open_or_seasonal,6970984.241637587,2142560.5035817493,6048425.701000756,6048425.53810532,0.30735408793270064,0.35423440900121284,0.3542344185414094
01061049,"Kellinghusen, Stadt",18802158.08857478,rp100,perennial_vegetation,9036966.235984223,3768308.413057253,6048425.701000756,6048425.53810532,0.4169882142584816,0.6230230144736273,0.6230230312528048
01061049,"Kellinghusen, Stadt",18802158.08857478,rp100,water,158638.6828253198,34504.46905737189,6048425.701000756,6048425.53810532,0.21750350193820917,0.005704702473515196,0.005704702627153524
01061050,Kiebitzreihe,8537781.395210117,rp100,artificial,762343.991934277,161036.47725069788,7279372.466313124,7279371.928957942,0.21123859957511296,0.022122302162161524,0.022122303795205394
01061050,Kiebitzreihe,8537781.395210117,rp100,open_or_seasonal,1402210.1919789575,995275.3652657564,7279372.466313124,7279371.928957942,0.7097904229758245,0.13672543476400048,0.1367254448569208
01061050,Kiebitzreihe,8537781.395210117,rp100,perennial_vegetation,6373226.583422486,6123060.62379667,7279372.466313124,7279371.928957942,0.9607473614265454,0.8411522630738381,0.8411523251667674
01061050,Kiebitzreihe,8537781.395210117,rp100,water,0,0,7279372.466313124,7279371.928957942,NA,0,0
01061052,Kleve,5626614.1739385575,rp100,artificial,256466.5647995536,42639.83744751746,2338238.323445165,2338238.2946247044,0.16625885514879277,0.018235881697761174,0.01823588192253147
01061052,Kleve,5626614.1739385575,rp100,open_or_seasonal,2255443.9838776565,444441.47595385107,2338238.323445165,2338238.2946247044,0.1970527661652444,0.19007535352470406,0.19007535586751884
01061052,Kleve,5626614.1739385575,rp100,perennial_vegetation,3113002.2897369736,1849456.1508001813,2338238.323445165,2338238.2946247044,0.5941069034537868,0.7909613542195257,0.7909613639686907
01061052,Kleve,5626614.1739385575,rp100,water,1700.8592436149338,1700.8592436149338,2338238.323445165,2338238.2946247044,1,7.274105580088536e-4,7.274105669747094e-4
01061053,Kollmoor,3447398.111286644,rp100,artificial,51788.50307591085,4880.6566440456345,2005792.2152330433,2005792.0991573185,0.09424208760951513,0.0024332812775816736,0.0024332814183963113
01061053,Kollmoor,3447398.111286644,rp100,open_or_seasonal,190698.59154263785,25800.91108410322,2005792.2152330433,2005792.0991573185,0.13529680987882103,0.012863202323828711,0.012863203068225667
01061053,Kollmoor,3447398.111286644,rp100,perennial_vegetation,3076367.1791586922,1908461.9189425758,2005792.2152330433,2005792.0991573185,0.6203622024938166,0.9514753843636994,0.9514754394258341
01061053,Kollmoor,3447398.111286644,rp100,water,128543.66822531856,66648.72856231884,2005792.2152330433,2005792.0991573185,0.5184909492818675,0.03322813203489038,0.03322813395781127
01061054,Krempdorf,5463125.091281552,rp100,artificial,168086.31873356618,164744.76231864546,5438631.132794616,5438631.2635325985,0.9801199976292096,0.03029158593331409,0.030291585205141754
01061054,Krempdorf,5463125.091281552,rp100,open_or_seasonal,3989487.819478384,3984728.425220182,5438631.132794616,5438631.2635325985,0.9988070162202364,0.732671204927378,0.7326711873148666
01061054,Krempdorf,5463125.091281552,rp100,perennial_vegetation,1305216.5659787434,1288824.6046123782,5438631.132794616,5438631.2635325985,0.9874411942097338,0.23697591786301594,0.23697591216640737
01061054,Krempdorf,5463125.091281552,rp100,water,333.3406434093261,333.3406434093261,5438631.132794616,5438631.2635325985,1,6.12912762918048e-5,6.129127481843817e-5
01061055,"Krempe, Stadt",3548555.553975174,rp100,artificial,724949.44409846,487935.2112883637,3237714.953713046,3237714.9662101474,0.6730610186137257,0.15070357281724087,0.15070357223554734
01061055,"Krempe, Stadt",3548555.553975174,rp100,open_or_seasonal,2114456.551982284,2083842.8868149857,3237714.953713046,3237714.9662101474,0.9855217336395026,0.6436153017192612,0.6436152992350012
01061055,"Krempe, Stadt",3548555.553975174,rp100,perennial_vegetation,701935.9625384046,660194.856375989,3237714.953713046,3237714.9662101474,0.9405343102646179,0.20390765271626848,0.20390765192921506
01061055,"Krempe, Stadt",3548555.553975174,rp100,water,7213.8304622410005,5741.999233707352,3237714.953713046,3237714.9662101474,0.7959709150031203,0.0017734727472294514,0.0017734727403841087
01061056,Kremperheide,3912985.401356533,rp100,artificial,821094.4408154231,226367.58303602834,792430.591215387,792430.6381231272,0.27569006899038834,0.28566234764970144,0.2856623307399878
01061056,Kremperheide,3912985.401356533,rp100,open_or_seasonal,1821591.6448037906,383589.07540542376,792430.591215387,792430.6381231272,0.21057907050662902,0.4840664654516879,0.48406643679749045
01061056,Kremperheide,3912985.401356533,rp100,perennial_vegetation,1204450.1730649718,180575.40386448905,792430.591215387,792430.6381231272,0.1499235152293413,0.22787535699187522,0.22787534350284852
01061056,Kremperheide,3912985.401356533,rp100,water,65848.74821791747,1898.5289094458788,792430.591215387,792430.6381231272,0.028831662876307926,0.002395829906735451,0.0023958297649148783
01061057,Krempermoor,1591606.0521162227,rp100,artificial,225766.3722051552,222984.27501865296,1409010.6441076128,1409010.6890360934,0.98767709664053,0.15825591946459605,0.1582559144183618
01061057,Krempermoor,1591606.0521162227,rp100,open_or_seasonal,415535.52782104653,256919.60306154654,1409010.6441076128,1409010.6890360934,0.6182855276148395,0.18234042740270767,0.1823404215885017
01061057,Krempermoor,1591606.0521162227,rp100,perennial_vegetation,922188.6127566877,905820.0852658402,1409010.6441076128,1409010.6890360934,0.982250347418716,0.6428766802109824,0.6428766597118672
01061057,Krempermoor,1591606.0521162227,rp100,water,28115.379225659744,23286.680761573065,1409010.6441076128,1409010.6890360934,0.8282541940718435,0.01652697292171382,0.01652697239472578
01061058,Kronsmoor,6065619.853377823,rp100,artificial,353261.2591623516,252290.41315353007,3976489.2288280004,3976489.040920411,0.7141751511381625,0.0634455165437197,0.06344551954181524
01061058,Kronsmoor,6065619.853377823,rp100,open_or_seasonal,1728368.9589093497,1091361.9104128303,3976489.2288280004,3976489.040920411,0.6314403558262878,0.27445363173647774,0.27445364470568745
01061058,Kronsmoor,6065619.853377823,rp100,perennial_vegetation,3929120.9683359796,2590155.7737473818,3976489.2288280004,3976489.040920411,0.6592201651771331,0.651367481387793,0.651367512167934
01061058,Kronsmoor,6065619.853377823,rp100,water,54868.46420506667,42681.13151425858,3976489.2288280004,3976489.040920411,0.7778809218122295,0.010733370332009698,0.010733370839211333
01061059,Krummendiek,1778971.6441342682,rp100,artificial,64115.52292808558,64115.52292808558,1778971.4360679435,1778971.4234365602,1,0.03604078268384116,0.036040782939744616
01061059,Krummendiek,1778971.6441342682,rp100,open_or_seasonal,494615.10958340316,494615.10958340316,1778971.4360679435,1778971.4234365602,1,0.2780343177834546,0.2780343197576055
01061059,Krummendiek,1778971.6441342682,rp100,perennial_vegetation,1220240.8035564548,1220240.8035564548,1778971.4360679435,1778971.4234365602,1,0.6859248995327043,0.6859249044030357
01061059,Krummendiek,1778971.6441342682,rp100,water,0,0,1778971.4360679435,1778971.4234365602,NA,0,0
01061060,Kudensee,3061379.4350277036,rp100,artificial,104854.76302766424,104850.85166292154,2858836.315227833,2858836.4473132803,0.9999626973097858,0.036676059802523364,0.03667605810799699
01061060,Kudensee,3061379.4350277036,rp100,open_or_seasonal,240632.33793533704,139954.22626420017,2858836.315227833,2858836.4473132803,0.5816102169185956,0.048954963080160334,0.04895496081831769
01061060,Kudensee,3061379.4350277036,rp100,perennial_vegetation,2414571.034414039,2352407.0506242462,2858836.315227833,2858836.4473132803,0.9742546469315704,0.8228547532063838,0.8228547151884209
01061060,Kudensee,3061379.4350277036,rp100,water,301320.97720147885,261624.18667646483,2858836.315227833,2858836.4473132803,0.8682574612172763,0.09151422391093239,0.09151421968274466
01061061,Lägerdorf,6022031.089624211,rp100,artificial,1374176.4244304963,482141.41465487715,2614595.8619465665,2614595.8184424327,0.3508584531674616,0.1844038008596567,0.18440380392794267
01061061,Lägerdorf,6022031.089624211,rp100,open_or_seasonal,2870967.660327254,1242511.5503884181,2614595.8619465665,2614595.8184424327,0.43278493434746235,0.4752212640095622,0.4752212719167459
01061061,Lägerdorf,6022031.089624211,rp100,perennial_vegetation,1621859.2528975,736604.9944040643,2614595.8619465665,2614595.8184424327,0.4541731923334885,0.2817280502599977,0.2817280549476571
01061061,Lägerdorf,6022031.089624211,rp100,water,155027.2691875821,153337.90249920663,2614595.8619465665,2614595.8184424327,0.9891027772260418,0.05864688487078327,0.058646885846605955
01061062,Landrecht,3976886.517002115,rp100,artificial,149755.64833667933,149755.64833667933,3976886.3926673215,3976886.4546378073,1,0.03765650651042041,0.03765650592363171
01061062,Landrecht,3976886.517002115,rp100,open_or_seasonal,1645323.0820565643,1645323.0820565643,3976886.3926673215,3976886.4546378073,1,0.4137214191208103,0.41372141267392837
01061062,Landrecht,3976886.517002115,rp100,perennial_vegetation,2172315.1420880235,2172315.1420880235,3976886.3926673215,3976886.4546378073,1,0.5462351517240699,0.5462351432122711
01061062,Landrecht,3976886.517002115,rp100,water,9492.52018605466,9492.52018605466,3976886.3926673215,3976886.4546378073,1,0.00238692264469943,0.0023869226075048165
01061063,Landscheide,7477873.405361168,rp100,artificial,198315.71389725024,198315.71389725024,7477872.814363651,7477872.465073463,1,0.026520337911647998,0.026520339150408603
01061063,Landscheide,7477873.405361168,rp100,open_or_seasonal,559020.0520239143,559020.0520239143,7477872.814363651,7477872.465073463,1,0.07475656057564087,0.07475656406750747
01061063,Landscheide,7477873.405361168,rp100,perennial_vegetation,6700180.339995986,6700180.339995986,7477872.814363651,7477872.465073463,1,0.8960008422617382,0.8960008841137896
01061063,Landscheide,7477873.405361168,rp100,water,20356.70844650051,20356.70844650051,7477872.814363651,7477872.465073463,1,0.002722259250972941,0.002722259378129221
01061065,Lohbarbek,6191733.085576907,rp100,artificial,322214.87210428144,0,1751500.7138954736,1751500.7682162046,0,0,0
01061065,Lohbarbek,6191733.085576907,rp100,open_or_seasonal,2799433.76600119,4445.427741518626,1751500.7138954736,1751500.7682162046,0.00158797389511688,0.0025380679015720464,0.0025380678228568636
01061065,Lohbarbek,6191733.085576907,rp100,perennial_vegetation,2974425.459709887,1677685.100762589,1751500.7138954736,1751500.7682162046,0.5640366933001654,0.9578557904388671,0.9578557607320992
01061065,Lohbarbek,6191733.085576907,rp100,water,95658.5612117267,69370.18539136597,1751500.7138954736,1751500.7682162046,0.7251853311678489,0.039606141659560785,0.03960614043122301
01061068,Moordiek,6113275.296650371,rp100,artificial,78270.8074118096,19340.412442607405,1528545.074650689,1528544.9705125128,0.24709611516910582,0.012652824416726589,0.012652825278750333
01061068,Moordiek,6113275.296650371,rp100,open_or_seasonal,2304076.9770743055,467049.183961864,1528545.074650689,1528544.9705125128,0.20270554699735704,0.3055514630921803,0.3055514839090831
01061068,Moordiek,6113275.296650371,rp100,perennial_vegetation,3730927.2601069678,1042155.4782462177,1528545.074650689,1528544.9705125128,0.27932881173789986,0.6817957124910932,0.6817957589411247
01061068,Moordiek,6113275.296650371,rp100,water,0,0,1528545.074650689,1528544.9705125128,NA,0,0
01061070,Moorhusen,4684488.362431735,rp100,artificial,48812.98373243666,48683.900248674065,4684052.312115625,4684052.372784418,0.9973555502267561,0.010393543240913385,0.010393543106294112
01061070,Moorhusen,4684488.362431735,rp100,open_or_seasonal,385017.3295812771,384899.1945335131,4684052.312115625,4684052.372784418,0.9996931695311158,0.08217226642365731,0.08217226535934549
01061070,Moorhusen,4684488.362431735,rp100,perennial_vegetation,4250577.455663164,4250388.8343418585,4684052.312115625,4684052.372784418,0.9999556245420127,0.9074170293418659,0.9074170175888171
01061070,Moorhusen,4684488.362431735,rp100,water,80.38299157862961,80.38299157862961,4684052.312115625,4684052.372784418,1,1.716099356335399e-5,1.716099334108133e-5
01061071,Mühlenbarbek,8695576.482517475,rp100,artificial,173340.44837024316,0,1728530.69102259,1728530.5757259647,0,0,0
01061071,Mühlenbarbek,8695576.482517475,rp100,open_or_seasonal,4052089.652283229,33793.24915608679,1728530.69102259,1728530.5757259647,0.008339709151559696,0.01955027430614777,0.01955027561019219
01061071,Mühlenbarbek,8695576.482517475,rp100,perennial_vegetation,4387507.584878467,1674649.4805929565,1728530.69102259,1728530.5757259647,0.38168583146491447,0.9688283171890008,0.9688283818118875
01061071,Mühlenbarbek,8695576.482517475,rp100,water,82638.02771604431,20087.961273546873,1728530.69102259,1728530.5757259647,0.24308374520471238,0.01162140850485156,0.011621409280023953
01061072,Münsterdorf,5131146.996250889,rp100,artificial,673229.5505733527,37003.84786309071,1353517.3168568958,1353517.2739937743,0.05496468155858067,0.027339028028854573,0.027339028894625632
01061072,Münsterdorf,5131146.996250889,rp100,open_or_seasonal,1784650.9757747918,123506.40481199778,1353517.3168568958,1353517.2739937743,0.06920479493665616,0.09124848516811095,0.09124848805776369
01061072,Münsterdorf,5131146.996250889,rp100,perennial_vegetation,2568914.277595639,1109154.4714227288,1353517.3168568958,1353517.2739937743,0.43176001671057535,0.8194608651172486,0.8194608910678968
01061072,Münsterdorf,5131146.996250889,rp100,water,104351.88483915725,83852.59275907867,1353517.3168568958,1353517.2739937743,0.8035560918552151,0.06195162168578609,0.06195162364766714
01061073,Neuenbrook,14564392.080184542,rp100,artificial,587450.6646444224,577532.8739444403,14491030.75864498,14491030.674645811,0.9831172363963786,0.03985450611233427,0.03985450634335617
01061073,Neuenbrook,14564392.080184542,rp100,open_or_seasonal,6630732.941429224,6596317.517696041,14491030.75864498,14491030.674645811,0.994809710474365,0.45520002183149366,0.45520002447012053
01061073,Neuenbrook,14564392.080184542,rp100,perennial_vegetation,7337739.39680445,7308712.443370328,14491030.75864498,14491030.674645811,0.9960441558544907,0.5043611158585207,0.5043611187821164
01061073,Neuenbrook,14564392.080184542,rp100,water,8467.923634170831,8467.923634170831,14491030.75864498,14491030.674645811,1,5.843561976513703e-4,5.843562010386679e-4
01061074,Neuendorf b. Elmshorn,14980985.703895425,rp100,artificial,422188.5403600748,364369.606707551,14316290.652976567,14316290.874654138,0.8630494953671377,0.025451397679732996,0.025451397285636224
01061074,Neuendorf b. Elmshorn,14980985.703895425,rp100,open_or_seasonal,6305855.509866909,6219000.995719068,14316290.652976567,14316290.874654138,0.9862263710273826,0.43440030287636316,0.43440029614998377
01061074,Neuendorf b. Elmshorn,14980985.703895425,rp100,perennial_vegetation,8139996.474341879,7631849.522201808,14316290.652976567,14316290.874654138,0.9375740574652823,0.5330884729289171,0.5330884646744217
01061074,Neuendorf b. Elmshorn,14980985.703895425,rp100,water,112944.20367680785,101070.52834814077,14316290.652976567,14316290.874654138,0.8948713174990028,0.007059826514986738,0.0070598264056703506
01061077,Nortorf,19775825.368098814,rp100,artificial,469174.70473971264,459711.98853843915,19745799.987409733,19745799.95125189,0.9798311458276012,0.02328150740064011,0.023281507443272422
01061077,Nortorf,19775825.368098814,rp100,open_or_seasonal,2823996.299838343,2813839.917742045,19745799.987409733,19745799.95125189,0.996403542704047,0.14250321179877232,0.1425032120597194
01061077,Nortorf,19775825.368098814,rp100,perennial_vegetation,16481448.065487167,16471043.552349428,19745799.987409733,19745799.95125189,0.9993687136532908,0.8341542790290417,0.834154280556517
01061077,Nortorf,19775825.368098814,rp100,water,1204.5287798223676,1204.5287798223676,19745799.987409733,19745799.95125189,1,6.100177154586779e-5,6.100177165757217e-5
01061078,Nutteln,6933180.457008138,rp100,artificial,147427.81246443198,378.5169309970079,2463843.7773222034,2463843.728007604,0.0025674730206576716,1.5362862470460448e-4,1.5362862777952923e-4
01061078,Nutteln,6933180.457008138,rp100,open_or_seasonal,2591214.926733642,244404.4786832745,2463843.7773222034,2463843.728007604,0.09432041941474872,0.09919641859310671,0.09919642057855392
01061078,Nutteln,6933180.457008138,rp100,perennial_vegetation,4191750.053955777,2219060.781707932,2463843.7773222034,2463843.728007604,0.5293876669993222,0.9006499527821886,0.9006499708089779
01061078,Nutteln,6933180.457008138,rp100,water,2787.118101210006,0,2463843.7773222034,2463843.728007604,0,0,0
01061079,Oelixdorf,10429095.871570615,rp100,artificial,392037.0327897632,3619.499405398134,1424074.59199156,1424074.6136449429,0.009232544639065143,0.0025416501535472837,0.0025416501149009073
01061079,Oelixdorf,10429095.871570615,rp100,open_or_seasonal,5261683.865542869,26065.81786597127,1424074.59199156,1424074.6136449429,0.004953892809233219,0.018303688593670063,0.01830368831535826
01061079,Oelixdorf,10429095.871570615,rp100,perennial_vegetation,4548537.3400322795,1236636.652715182,1424074.59199156,1424074.6136449429,0.2718756734898885,0.868379128220912,0.8683791150170072
01061079,Oelixdorf,10429095.871570615,rp100,water,226836.85611078955,157752.6220050089,1424074.59199156,1424074.6136449429,0.6954452848172116,0.11077553303187072,0.1107755313475032
01061080,Oeschebüttel,5528914.097068043,rp100,artificial,100151.06449471053,0,181275.50275389644,181275.49329345964,0,0,0
01061080,Oeschebüttel,5528914.097068043,rp100,open_or_seasonal,3172682.0089795804,3533.3407002364347,181275.50275389644,181275.49329345964,0.0011136762808992798,0.019491550962809214,0.019491551980037648
01061080,Oeschebüttel,5528914.097068043,rp100,perennial_vegetation,2181328.5287711164,177742.16205366,181275.50275389644,181275.49329345964,0.08148344447399386,0.9805084490371907,0.9805085002081353
01061080,Oeschebüttel,5528914.097068043,rp100,water,74752.06987499665,0,181275.50275389644,181275.49329345964,0,0,0
01061082,Oldendorf,9947688.806140095,rp100,artificial,427468.5346934225,23622.63379917747,4057627.4777205056,4057627.3144223983,0.05526169035135992,0.005821784756950679,0.0058217849912468225
01061082,Oldendorf,9947688.806140095,rp100,open_or_seasonal,4366314.285672789,738003.1583838603,4057627.4777205056,4057627.3144223983,0.1690219966083234,0.1818804615347429,0.1818804688544726
01061082,Oldendorf,9947688.806140095,rp100,perennial_vegetation,5065761.08804892,3217834.401904108,4057627.4777205056,4057627.3144223983,0.6352124282954407,0.7930334708083708,0.7930335027237871
01061082,Oldendorf,9947688.806140095,rp100,water,88144.25254408918,78167.28363335978,4057627.4777205056,4057627.3144223983,0.8868108966521784,0.019264282899935557,0.019264283675221382
01061083,Ottenbüttel,9892173.788206726,rp100,artificial,555939.049869221,0,450361.19437623356,450361.17911894375,0,0,0
01061083,Ottenbüttel,9892173.788206726,rp100,open_or_seasonal,5606329.987305367,43341.07447234939,450361.19437623356,450361.17911894375,0.007730739105705209,0.09623625439660347,0.09623625765688541
01061083,Ottenbüttel,9892173.788206726,rp100,perennial_vegetation,3721221.483212695,407020.1199038842,450361.19437623356,450361.17911894375,0.10937809580538209,0.9037637456033966,0.903763776221012
01061083,Ottenbüttel,9892173.788206726,rp100,water,8682.36080210977,0,450361.19437623356,450361.17911894375,0,0,0
01061088,Quarnstedt,10552003.177587964,rp100,artificial,313693.95717155654,247.82453614227234,481824.68122582574,481824.67273183697,7.900201150726637e-4,5.143458726767046e-4,5.143458817440029e-4
01061088,Quarnstedt,10552003.177587964,rp100,open_or_seasonal,7456043.687343406,335917.3076430577,481824.68122582574,481824.67273183697,0.04505302298768388,0.6971774604581061,0.6971774727485053
01061088,Quarnstedt,10552003.177587964,rp100,perennial_vegetation,2780107.6806407664,145659.54904662573,481824.68122582574,481824.67273183697,0.05239349182800493,0.30230819366921713,0.30230819899854655
01061088,Quarnstedt,10552003.177587964,rp100,water,2157.1360604641714,0,481824.68122582574,481824.67273183697,0,0,0
01061089,Rade,3870344.5288661644,rp100,artificial,69297.14382932367,800.35680898992,508072.1581934608,508072.1319930227,0.011549636316341831,0.0015752817706755045,0.0015752818519101756
01061089,Rade,3870344.5288661644,rp100,open_or_seasonal,1343967.1069122932,59161.09424795327,508072.1581934608,508072.1319930227,0.04401974865580851,0.11644230705006718,0.11644231305480404
01061089,Rade,3870344.5288661644,rp100,perennial_vegetation,2453893.506441068,448110.7071365176,508072.1581934608,508072.1319930227,0.18261212475614794,0.8819824111792574,0.8819824566616291
01061089,Rade,3870344.5288661644,rp100,water,3186.595883133427,0,508072.1581934608,508072.1319930227,0,0,0
01061092,Rethwisch,9864993.32357549,rp100,artificial,612025.5133400433,433465.9774569964,9167874.737964803,9167874.458588216,0.7082482151624966,0.047280966401295144,0.0472809678421084
01061092,Rethwisch,9864993.32357549,rp100,open_or_seasonal,3517160.4036006564,3327336.9992616605,9167874.737964803,9167874.458588216,0.9460293581877397,0.3629343871249601,0.36293439818481604
01061092,Rethwisch,9864993.32357549,rp100,perennial_vegetation,5683802.316375421,5362575.345925522,9167874.737964803,9167874.458588216,0.9434837890958272,0.5849311317178808,0.5849311495427391
01061092,Rethwisch,9864993.32357549,rp100,water,52004.40460180205,44496.41532062396,9167874.737964803,9167874.458588216,0.8556278196305332,0.004853514755863889,0.004853514903767135
01061093,Rosdorf,5568800.017503101,rp100,artificial,109666.68818739717,7182.060926830278,776343.0647442192,776342.9994250273,0.06548990441434371,0.00925114328057602,0.009251144058939712
01061093,Rosdorf,5568800.017503101,rp100,open_or_seasonal,2613181.832208267,148040.09954277784,776343.0647442192,776342.9994250273,0.05665128148303277,0.1906890217297844,0.1906890377737918
01061093,Rosdorf,5568800.017503101,rp100,perennial_vegetation,2828130.5085273585,621120.904274611,776343.0647442192,776342.9994250273,0.21962243340673698,0.8000598349896395,0.8000599023042955
01061093,Rosdorf,5568800.017503101,rp100,water,17820.665922770684,0,776343.0647442192,776342.9994250273,0,0,0
01061095,Sankt Margarethen,10915797.84754666,rp100,artificial,400013.87653491204,352218.3188351154,10588177.719464906,10588177.309900455,0.8805152508362415,0.0332652443288339,0.033265245615576755
01061095,Sankt Margarethen,10915797.84754666,rp100,open_or_seasonal,823545.1752552892,790180.2931788946,10588177.719464906,10588177.309900455,0.9594862758244538,0.0746285446008577,0.07462854748758674
01061095,Sankt Margarethen,10915797.84754666,rp100,perennial_vegetation,9628442.658066858,9384839.063219456,10588177.719464906,10588177.309900455,0.9746995850213319,0.8863507311524176,0.886350765437615
01061095,Sankt Margarethen,10915797.84754666,rp100,water,63795.413112118644,60940.04423143859,10588177.719464906,10588177.309900455,0.9552417839874816,0.005755479917890754,0.005755480140520193
01061096,Sarlhusen,10863156.294364028,rp100,artificial,326290.446145446,8611.886319365876,1575761.4558823437,1575761.4192589673,0.02639331436485601,0.005465222091337214,0.005465222218358275
01061096,Sarlhusen,10863156.294364028,rp100,open_or_seasonal,6893813.869628521,1106204.666873683,1575761.4558823437,1575761.4192589673,0.16046337887757503,0.7020127715043433,0.7020127878203145
01061096,Sarlhusen,10863156.294364028,rp100,perennial_vegetation,3522309.4661035715,454756.39112441376,1575761.4558823437,1575761.4192589673,0.12910744938816285,0.28859469142794464,0.28859469813537625
01061096,Sarlhusen,10863156.294364028,rp100,water,120741.82897230462,6188.511564881002,1575761.4558823437,1575761.4192589673,0.05125408168448818,0.003927314976374873,0.003927315067652355
01061101,Sommerland,19092467.343903963,rp100,artificial,463572.18165662617,462061.3067602962,19072450.592399705,19072450.70399476,0.996740799046805,0.024226635403864976,0.024226635262112207
01061101,Sommerland,19092467.343903963,rp100,open_or_seasonal,10317930.497525945,10314699.486263394,19072450.592399705,19072450.70399476,0.9996868547172977,0.5408166840591403,0.5408166808947611
01061101,Sommerland,19092467.343903963,rp100,perennial_vegetation,8303237.794681676,8287964.299256269,19072450.592399705,19072450.70399476,0.9981605373947992,0.4345516198405563,0.4345516172979459
01061101,Sommerland,19092467.343903963,rp100,water,7725.500119744223,7725.500119744223,19072450.592399705,19072450.70399476,1,4.050606964383908e-4,4.050606940683351e-4
01061102,Stördorf,7213693.931522623,rp100,artificial,151451.77321916213,141975.04017320616,7112086.891820538,7112086.809227636,0.9374273879762212,0.019962500786722483,0.019962501018547674
01061102,Stördorf,7213693.931522623,rp100,open_or_seasonal,4020048.1466169427,4001598.307205509,7112086.891820538,7112086.809227636,0.9954105426754751,0.5626475559245013,0.5626475624585462
01061102,Stördorf,7213693.931522623,rp100,perennial_vegetation,2885941.558543669,2824172.28257649,7112086.891820538,7112086.809227636,0.9785964910535647,0.3970947382299999,0.3970947428414744
01061102,Stördorf,7213693.931522623,rp100,water,156251.86467829533,144341.261865332,7112086.891820538,7112086.809227636,0.9237730516849453,0.02029520505877619,0.02029520529446508
01061103,Störkathen,2007457.4293893194,rp100,artificial,56109.32654981199,0,865947.1538446934,865947.1174210847,0,0,0
01061103,Störkathen,2007457.4293893194,rp100,open_or_seasonal,791861.7370358561,232081.16295350168,865947.1538446934,865947.1174210847,0.2930829361982329,0.2680084597808207,0.26800847105383624
01061103,Störkathen,2007457.4293893194,rp100,perennial_vegetation,1159486.1453155326,633865.9908911918,865947.1538446934,865947.1174210847,0.546678365629541,0.7319915402191793,0.7319915710083268
01061103,Störkathen,2007457.4293893194,rp100,water,0,0,865947.1538446934,865947.1174210847,NA,0,0
01061104,Süderau,9143939.494940234,rp100,artificial,445692.45718586416,330091.69877655705,8805317.53060908,8805317.529913245,0.7406266214617608,0.037487767775448294,0.03748776777841075
01061104,Süderau,9143939.494940234,rp100,open_or_seasonal,6556665.765362157,6385759.332921513,8805317.53060908,8805317.529913245,0.9739339416470616,0.7252162469693241,0.7252162470266339
01061104,Süderau,9143939.494940234,rp100,perennial_vegetation,2140471.912975841,2088358.0208360797,8805317.53060908,8805317.529913245,0.9756530829375336,0.23717009790692056,0.23717009792566282
01061104,Süderau,9143939.494940234,rp100,water,1108.4780749306765,1108.4780749306765,8805317.53060908,8805317.529913245,1,1.2588734830713152e-4,1.258873483170797e-4
01061105,Vaale,14939398.5273491,rp100,artificial,619693.1267425938,13495.827337450297,4866245.311224083,4866245.34058426,0.021778242738290286,0.0027733553231116246,0.0027733553063787647
01061105,Vaale,14939398.5273491,rp100,open_or_seasonal,6494892.831874283,646597.4695269632,4866245.311224083,4866245.34058426,0.09955475575420225,0.13287399795394086,0.13287399715225418
01061105,Vaale,14939398.5273491,rp100,perennial_vegetation,7812550.0052359905,4194320.969436194,4866245.311224083,4866245.34058426,0.5368696477622734,0.8619213995977384,0.8619213943973912
01061105,Vaale,14939398.5273491,rp100,water,12261.39160745279,11831.044923477311,4866245.311224083,4866245.34058426,0.964902296757743,0.0024312471252094076,0.002431247110540635
01061106,Vaalermoor,6207260.511938371,rp100,artificial,61075.01638186749,61075.01638186749,6205218.465350276,6205218.3647081945,1,0.009842524759266455,0.009842524918901802
01061106,Vaalermoor,6207260.511938371,rp100,open_or_seasonal,219819.75646104122,217880.68556628464,6205218.465350276,6205218.3647081945,0.9911788142886955,0.03511249229707589,0.03511249286656339
01061106,Vaalermoor,6207260.511938371,rp100,perennial_vegetation,5926365.360227504,5926262.763402124,6205218.465350276,6205218.3647081945,0.9999826880694753,0.9550449829436577,0.9550449984334776
01061106,Vaalermoor,6207260.511938371,rp100,water,0,0,6205218.465350276,6205218.3647081945,NA,0,0
01061109,Westermoor,9368196.88403059,rp100,artificial,207363.3306323532,36256.10465974037,6104199.681771503,6104199.8843299905,0.17484337538935935,0.0059395345090051945,0.0059395343119108745
01061109,Westermoor,9368196.88403059,rp100,open_or_seasonal,2176906.434853601,1323709.9565045303,6104199.681771503,6104199.8843299905,0.6080692928787044,0.2168523353614107,0.21685232816549935
01061109,Westermoor,9368196.88403059,rp100,perennial_vegetation,6895669.891575063,4700566.296144261,6104199.681771503,6104199.8843299905,0.6816692750746787,0.7700544774413585,0.7700544518882846
01061109,Westermoor,9368196.88403059,rp100,water,88256.25429864667,43667.32446297205,6104199.681771503,6104199.8843299905,0.49477880984171396,0.007153652688225843,0.007153652450842879
01061110,Wewelsfleth,17447722.674192406,rp100,artificial,744274.8469755375,572814.2224623754,16587961.537558468,16587961.469760016,0.7696272751794371,0.03453192371862023,0.034531923859759395
01061110,Wewelsfleth,17447722.674192406,rp100,open_or_seasonal,3997977.28060291,3841016.6935543264,16587961.537558468,16587961.469760016,0.9607400002470966,0.23155447309529234,0.23155447404170368
01061110,Wewelsfleth,17447722.674192406,rp100,perennial_vegetation,12093555.286461702,11622050.532310056,16587961.537558468,16587961.469760016,0.9610118990666476,0.7006316301129228,0.7006316329765502
01061110,Wewelsfleth,17447722.674192406,rp100,water,611914.0602542033,552080.0892317105,16587961.537558468,16587961.469760016,0.9022183425600053,0.03328197307316457,0.033281973209194925
01061112,Willenscharen,7594688.672345672,rp100,artificial,108654.57295826379,43492.33639981806,847511.4469222275,847511.4268565705,0.40028077250392635,0.05131769789984814,0.05131769911484453
01061112,Willenscharen,7594688.672345672,rp100,open_or_seasonal,5174093.716695429,391191.00179892057,847511.4469222275,847511.4268565705,0.07560570473175832,0.46157606864136963,0.46157607956963176
01061112,Willenscharen,7594688.672345672,rp100,perennial_vegetation,2276493.780716445,399464.59180832293,847511.4469222275,847511.4268565705,0.17547361437666908,0.471338284879803,0.47133829603919514
01061112,Willenscharen,7594688.672345672,rp100,water,35445.965504705935,13363.51691516594,847511.4469222275,847511.4268565705,0.37701094397870893,0.015767948578979195,0.015767948952300707
01061113,"Wilster, Stadt",2758078.2947691735,rp100,artificial,1280179.6231623269,1135492.3552761888,2577936.691521946,2577936.6852248446,0.8869789322776999,0.44046557039607676,0.4404655714719978
01061113,"Wilster, Stadt",2758078.2947691735,rp100,open_or_seasonal,368462.2493424204,351033.89858882636,2577936.691521946,2577936.6852248446,0.9526997656213149,0.13616854895749406,0.13616854929011168
01061113,"Wilster, Stadt",2758078.2947691735,rp100,perennial_vegetation,1105853.9976289817,1087828.2397468989,2577936.691521946,2577936.6852248446,0.9836996946064027,0.42197632056847517,0.42197632159923265
01061113,"Wilster, Stadt",2758078.2947691735,rp100,water,3582.197910031743,3582.197910031743,2577936.691521946,2577936.6852248446,1,0.0013895600779540121,0.0013895600813482773
01061114,Winseldorf,5446483.994498104,rp100,artificial,144003.34865162257,248.75592735769152,1130470.7238458476,1130470.8187787472,0.0017274315471613767,2.2004632416435066e-4,2.200463056856467e-4
01061114,Winseldorf,5446483.994498104,rp100,open_or_seasonal,2610136.8573466414,14378.732589525087,1130470.7238458476,1130470.8187787472,0.005508804087821633,0.012719243662152359,0.012719242594035729
01061114,Winseldorf,5446483.994498104,rp100,perennial_vegetation,2657627.8748253896,1092367.542429241,1130470.7238458476,1130470.8187787472,0.4110310374062475,0.9662944111573449,0.9662943300113934
01061114,Winseldorf,5446483.994498104,rp100,water,34715.405544445035,23475.69289972393,1130470.7238458476,1130470.8187787472,0.6762327137347925,0.020766298856338277,0.02076629711245871
01061115,Wittenbergen,4568702.306641176,rp100,artificial,100841.25263727113,5412.8717929053055,1832684.5430555867,1832684.3826567857,0.05367715742658969,0.0029535207318770566,0.0029535209903728396
01061115,Wittenbergen,4568702.306641176,rp100,open_or_seasonal,2786151.820592729,808957.7614232934,1832684.5430555867,1832684.3826567857,0.29034949044923003,0.441405895241818,0.4414059338742072
01061115,Wittenbergen,4568702.306641176,rp100,perennial_vegetation,1581191.6868755894,939750.6416759522,1832684.5430555867,1832684.3826567857,0.5943306238428847,0.512772721981455,0.512772766859957
01061115,Wittenbergen,4568702.306641176,rp100,water,100517.29218895144,78563.26816343596,1832684.5430555867,1832684.3826567857,0.7815895797884556,0.04286786204485006,0.0428678657966983
01061116,Wrist,10052737.618686663,rp100,artificial,832118.6155659639,63596.90418095035,4405801.779388973,4405801.581176224,0.07642769070572353,0.014434808319899134,0.014434808969307187
01061116,Wrist,10052737.618686663,rp100,open_or_seasonal,3277770.425234038,924078.1189721826,4405801.779388973,4405801.581176224,0.2819227703862762,0.20974119246470962,0.20974120190076284
01061116,Wrist,10052737.618686663,rp100,perennial_vegetation,5937611.55683302,3417092.284884165,4405801.779388973,4405801.581176224,0.575499466776631,0.7755892016907923,0.7755892365837996
01061116,Wrist,10052737.618686663,rp100,water,5236.30825859688,1034.471351674473,4405801.779388973,4405801.581176224,0.19755738214534943,2.347975245990165e-4,2.3479753516232986e-4
01061117,Wulfsmoor,8805404.096010387,rp100,artificial,225048.1613757831,0,688171.5117678819,688171.4965035603,0,0,0
01061117,Wulfsmoor,8805404.096010387,rp100,open_or_seasonal,3744766.9463791684,96594.23179246913,688171.5117678819,688171.4965035603,0.025794457485763304,0.14036360142883983,0.14036360454224275
01061117,Wulfsmoor,8805404.096010387,rp100,perennial_vegetation,4835274.815223537,591577.2799754128,688171.5117678819,688171.4965035603,0.1223461545790265,0.8596363985711601,0.8596364176387421
01061117,Wulfsmoor,8805404.096010387,rp100,water,314.16614775203743,0,688171.5117678819,688171.4965035603,0,0,0
01061118,Kollmar,25551385.45768422,rp100,artificial,896235.8011645722,790469.4641153171,25169108.515661348,25169108.01959276,0.8819882703727948,0.03140633541404343,0.03140633603304417
01061118,Kollmar,25551385.45768422,rp100,open_or_seasonal,16969945.306587223,16908260.34627903,25169108.515661348,25169108.01959276,0.9963650466048203,0.6717862230105588,0.6717862362510775
01061118,Kollmar,25551385.45768422,rp100,perennial_vegetation,7547836.227295802,7339323.2381307995,25169108.515661348,25169108.01959276,0.9723744682733124,0.291600444789848,0.2916004505371244
01061118,Kollmar,25551385.45768422,rp100,water,137366.05753097194,131055.46713620056,25169108.515661348,25169108.01959276,0.9540600457769669,0.005206996785549714,0.005206996888176614
01061119,Neuendorf-Sachsenbande,19424968.68002541,rp100,artificial,275388.6495357494,275388.6495357494,19424967.103523266,19424967.09932051,1,0.014177045864124006,0.014177045867191332
01061119,Neuendorf-Sachsenbande,19424968.68002541,rp100,open_or_seasonal,1958176.9288287226,1958176.9288287226,19424967.103523266,19424967.09932051,1,0.10080721982142003,0.10080721984323053
01061119,Neuendorf-Sachsenbande,19424968.68002541,rp100,perennial_vegetation,17191281.803777993,17191281.803777993,19424967.103523266,19424967.09932051,1,0.8850095710411715,0.8850095712326509
01061119,Neuendorf-Sachsenbande,19424968.68002541,rp100,water,119.72138080204908,119.72138080204908,19424967.103523266,19424967.09932051,1,6.163273284531547e-6,6.163273285865023e-6
02000000,"Hamburg, Freie und Hansestadt",742617853.28082335,rp100,artificial,253998036.76941818,78111645.8547666,295972156.5646174,295972153.5585031,0.3075285417488368,0.2639155208429651,0.2639155235234883
02000000,"Hamburg, Freie und Hansestadt",742617853.28082335,rp100,open_or_seasonal,211310882.4145183,71041309.75405297,295972156.5646174,295972153.5585031,0.3361933325075737,0.24002700314326036,0.24002700558115392
02000000,"Hamburg, Freie und Hansestadt",742617853.28082335,rp100,perennial_vegetation,234047365.46674296,111848925.26726358,295972156.5646174,295972153.5585031,0.47789012725783825,0.37790353851357783,0.3779035423518485
02000000,"Hamburg, Freie und Hansestadt",742617853.28082335,rp100,water,43261516.34314419,34970275.688534275,295972156.5646174,295972153.5585031,0.8083460461985433,0.11815393750019683,0.11815393870025649
03154007,Grafhorst,52106.05434862879,rp100,artificial,538.9904370148189,0,32630.943969784246,32630.94078454309,0,0,0
03154007,Grafhorst,52106.05434862879,rp100,open_or_seasonal,1968.2483587115153,886.268594006237,32630.943969784246,32630.94078454309,0.45028290768468854,0.027160372523298993,0.02716037517453534
03154007,Grafhorst,52106.05434862879,rp100,perennial_vegetation,49598.7912258258,31744.67537577801,32630.943969784246,32630.94078454309,0.6400292142452202,0.972839627476701,0.9728397224396026
03154007,Grafhorst,52106.05434862879,rp100,water,0,0,32630.943969784246,32630.94078454309,NA,0,0
03154012,Jerxheim,17113326.613570314,rp100,artificial,543265.4298235163,0,59711.90818134432,59711.90686628573,0,0,0
03154012,Jerxheim,17113326.613570314,rp100,open_or_seasonal,15959677.757564114,54982.999913313164,59711.90818134432,59711.90686628573,0.0034451196790144393,0.9208046031007832,0.9208046233800217
03154012,Jerxheim,17113326.613570314,rp100,perennial_vegetation,610376.8245948711,4728.908268031151,59711.90818134432,59711.90686628573,0.00774752264090285,0.07919539689921676,0.07919539864336783
03154012,Jerxheim,17113326.613570314,rp100,water,0,0,59711.90818134432,59711.90686628573,NA,0,0
03154027,Söllingen,39390229.009005845,rp100,artificial,969235.3812187575,0,236092.62956799244,236092.63433499823,0,0,0
03154027,Söllingen,39390229.009005845,rp100,open_or_seasonal,36513323.973824,227201.67528240007,236092.62956799244,236092.63433499823,0.006222431993462946,0.9623412458836126,0.9623412264527383
03154027,Söllingen,39390229.009005845,rp100,perennial_vegetation,1894411.5622571148,8890.954285592361,236092.62956799244,236092.63433499823,0.004693253811753106,0.0376587541163874,0.037658753356010016
03154027,Söllingen,39390229.009005845,rp100,water,13259.812177215923,0,236092.62956799244,236092.63433499823,0,0,0
03352002,Armstorf,39653085.4398485,rp100,artificial,634997.373923626,100.05302508441855,746738.014917993,746737.9887730846,1.57564470646854e-4,1.3398678396653798e-4,1.3398678865770444e-4
03352002,Armstorf,39653085.4398485,rp100,open_or_seasonal,18926161.268307056,41459.68703660698,746738.014917993,746737.9887730846,0.0021906020163757985,0.055521061213362886,0.05552106315727505
03352002,Armstorf,39653085.4398485,rp100,perennial_vegetation,19888237.086142913,705023.4248771095,746738.014917993,746737.9887730846,0.03544926691206497,0.9441375834529268,0.9441376165092209
03352002,Armstorf,39653085.4398485,rp100,water,203686.92581143283,154.84997919212006,746738.014917993,746737.9887730846,7.602352412912131e-4,2.0736854974381575e-4,2.0736855700423618e-4
03352004,Belum,25562975.4772714,rp100,artificial,605586.6778211233,178191.31491922357,21876029.539707012,21876029.43127521,0.29424576438892086,0.008145505316483044,0.008145505356857454
03352004,Belum,25562975.4772714,rp100,open_or_seasonal,12262131.957696278,10906467.67906436,21876029.539707012,21876029.43127521,0.889443019916203,0.4985579151494614,0.498557917620638
03352004,Belum,25562975.4772714,rp100,perennial_vegetation,12482281.154989898,10641436.953568619,21876029.539707012,21876029.43127521,0.8525234147057017,0.48644279503524296,0.4864427974463692
03352004,Belum,25562975.4772714,rp100,water,212973.86627260482,149933.59215481018,21876029.539707012,21876029.43127521,0.7039999544493238,0.006853784498812587,0.006853784532784392
03352008,Bülkau,22999154.749539085,rp100,artificial,707668.071675323,235324.31904910138,19049955.708254006,19049955.561736364,0.3325348824795756,0.01235301134832243,0.012353011443332314
03352008,Bülkau,22999154.749539085,rp100,open_or_seasonal,8525603.144231923,7132274.323777645,19049955.708254006,19049955.561736364,0.8365712317495159,0.3743984727842363,0.3743984756638221
03352008,Bülkau,22999154.749539085,rp100,perennial_vegetation,13748922.580437258,11668065.142711053,19049955.708254006,19049955.561736364,0.8486530544082802,0.6124982819595475,0.6124982866704143
03352008,Bülkau,22999154.749539085,rp100,water,16959.247785909138,14291.9227162086,19049955.708254006,19049955.561736364,0.842721499009129,7.502339078938733e-4,7.502339136640969e-4
03352011,"Cuxhaven, Stadt",139606385.24283934,rp100,artificial,20222472.02556162,943822.0686142177,22676314.461834084,22676314.6157998,0.046671943342100175,0.04162149321940036,0.04162149293680228
03352011,"Cuxhaven, Stadt",139606385.24283934,rp100,open_or_seasonal,57118989.38938137,15496673.339991981,22676314.461834084,22676314.6157998,0.2713051037081701,0.6833858899811092,0.6833858853411137
03352011,"Cuxhaven, Stadt",139606385.24283934,rp100,perennial_vegetation,60668677.33585241,5684398.527073963,22676314.461834084,22676314.6157998,0.0936957714704412,0.25067559089644953,0.25067558919443367
03352011,"Cuxhaven, Stadt",139606385.24283934,rp100,water,1596235.8000418677,551420.5261539227,22676314.461834084,22676314.6157998,0.3454505444242382,0.024317025903041,0.024317025737935323
03352020,Hechthausen,30725223.58475256,rp100,artificial,1421361.0129745943,181236.81710275816,18625613.91257077,18625613.34230002,0.12750934874980818,0.009730515082804227,0.009730515380728813
03352020,Hechthausen,30725223.58475256,rp100,open_or_seasonal,9643691.498831669,4089733.804757016,18625613.91257077,18625613.34230002,0.4240838485192611,0.2195757854723263,0.2195757921952001
03352020,Hechthausen,30725223.58475256,rp100,perennial_vegetation,18896428.34165827,13809010.993300747,18625613.91257077,18625613.34230002,0.7307736014248778,0.7413989712296565,0.7413989939294807
03352020,Hechthausen,30725223.58475256,rp100,water,763740.6510042398,545632.2974102481,18625613.91257077,18625613.34230002,0.7144209185314389,0.029294728215212857,0.029294729112145822
03352022,"Hemmoor, Stadt",45172134.43141381,rp100,artificial,3729307.8944910765,285057.1859591916,21492801.369335502,21492801.08335296,0.07643702103016951,0.013262914454971523,0.01326291463144745
03352022,"Hemmoor, Stadt",45172134.43141381,rp100,open_or_seasonal,16460640.246343253,5115722.0856971955,21492801.369335502,21492801.08335296,0.3107851219112609,0.23802025607494642,0.23802025924203654
03352022,"Hemmoor, Stadt",45172134.43141381,rp100,perennial_vegetation,24061831.80488942,15684434.451012747,21492801.369335502,21492801.08335296,0.6518387535160824,0.7297529150104302,0.7297529247204997
03352022,"Hemmoor, Stadt",45172134.43141381,rp100,water,920351.1239750163,407587.6466663686,21492801.369335502,21492801.08335296,0.44286102993604093,0.018963914459651943,0.0189639147119852
03352024,Hollnseth,20917479.79926818,rp100,artificial,604653.3573931681,1163.7431725316362,5471685.924544067,5471685.57756593,0.0019246451843893872,2.1268457082148883e-4,2.1268458430853869e-4
03352024,Hollnseth,20917479.79926818,rp100,open_or_seasonal,9583442.077415343,563152.0691978347,5471685.924544067,5471685.57756593,0.0587630273808382,0.10292112467050268,0.10292113119708021
03352024,Hollnseth,20917479.79926818,rp100,perennial_vegetation,10703253.900046138,4898310.297464853,5471685.924544067,5471685.57756593,0.4576468374205099,0.8952104278304331,0.8952104845987621
03352024,Hollnseth,20917479.79926818,rp100,water,26128.84291380116,9059.81470884742,5471685.924544067,5471685.57756593,0.3467361619776151,0.0016557629282426946,0.0016557630332402365
03352025,Ihlienworth,40295406.99028379,rp100,artificial,891255.9443228068,172183.33808217992,28646459.9523141,28646459.56787536,0.1931917976861384,0.006010632321368934,0.006010632402032303
03352025,Ihlienworth,40295406.99028379,rp100,open_or_seasonal,13596797.45081066,10440097.991777059,28646459.9523141,28646459.56787536,0.7678350751010566,0.3644463577403983,0.36444636263130986
03352025,Ihlienworth,40295406.99028379,rp100,perennial_vegetation,25784064.746344533,18016804.301097613,28646459.9523141,28646459.56787536,0.6987573324198969,0.6289365014416796,0.6289365098820788
03352025,Ihlienworth,40295406.99028379,rp100,water,23285.299150429255,17374.32135724975,28646459.9523141,28646459.56787536,0.7461498022854245,6.065084965532095e-4,6.065085046926224e-4
03352029,Lamstedt,52790850.12726917,rp100,artificial,2009691.3325608505,45640.26324543021,10413699.845685005,10413700.573739115,0.02271008612415772,0.004382713533302152,0.004382713226893055
03352029,Lamstedt,52790850.12726917,rp100,open_or_seasonal,25606275.36213928,837970.5248651672,10413699.845685005,10413700.573739115,0.03272520165522264,0.08046808889084571,0.080468083265072
03352029,Lamstedt,52790850.12726917,rp100,perennial_vegetation,25013404.541183945,9514668.401759267,10413699.845685005,10413700.573739115,0.3803827818037966,0.9136683928624793,0.9136683289850878
03352029,Lamstedt,52790850.12726917,rp100,water,161474.68498630318,15420.65581514185,10413699.845685005,10413700.573739115,0.09549890632361278,0.0014808047133729818,0.001480804609845331
03352036,Mittelstenahe,33816310.50410804,rp100,artificial,627426.4333445344,0,2985753.6021937537,2985753.5215495415,0,0,0
03352036,Mittelstenahe,33816310.50410804,rp100,open_or_seasonal,20200136.86745065,380948.9467220798,2985753.6021937537,2985753.5215495415,0.018858730969091565,0.12758887620270515,0.1275888796488384
03352036,Mittelstenahe,33816310.50410804,rp100,perennial_vegetation,12977577.801284757,2596323.3143828874,2985753.6021937537,2985753.5215495415,0.20006224228729771,0.8695705206468691,0.8695705441336805
03352036,Mittelstenahe,33816310.50410804,rp100,water,11166.894072033745,8481.34108878639,2985753.6021937537,2985753.5215495415,0.759507615463728,0.002840603150425677,0.0028406032271494257
03352038,Neuenkirchen,19417590.479018368,rp100,artificial,608196.5451977543,55190.43688549726,8528834.641167866,8528834.696759,0.09074441037403816,0.006471040793674006,0.006471040751495618
03352038,Neuenkirchen,19417590.479018368,rp100,open_or_seasonal,9405144.107751466,4595506.0629077265,8528834.641167866,8528834.696759,0.48861623067744747,0.5388199274875913,0.538819923975551
03352038,Neuenkirchen,19417590.479018368,rp100,perennial_vegetation,9397725.755182117,3874136.0775784813,8528834.641167866,8528834.696759,0.41224187409833657,0.4542397924891636,0.4542397895284185
03352038,Neuenkirchen,19417590.479018368,rp100,water,6522.668540142611,4002.063796160727,8528834.641167866,8528834.696759,0.6135623436222051,4.6923922957107757e-4,4.692392265125658e-4
03352039,"Neuhaus (Oste), Flecken",9850242.16216641,rp100,artificial,599423.7132591485,62529.49557472847,6393342.884046269,6393342.7652511215,0.1043160191890759,0.00978040701223181,0.009780407193962233
03352039,"Neuhaus (Oste), Flecken",9850242.16216641,rp100,open_or_seasonal,4849576.5675225705,4014830.4834611164,6393342.884046269,6393342.7652511215,0.8278723776315408,0.6279704618189005,0.6279704734872633
03352039,"Neuhaus (Oste), Flecken",9850242.16216641,rp100,perennial_vegetation,4241698.245790401,2249453.9000912183,6393342.884046269,6393342.7652511215,0.5303191716486786,0.3518431501154786,0.3518431566531007
03352039,"Neuhaus (Oste), Flecken",9850242.16216641,rp100,water,159542.63916151234,66529.00491920552,6393342.884046269,6393342.7652511215,0.41699827249225296,0.010405981053389102,0.010405981246743362
03352041,Nordleda,21332475.6639355,rp100,artificial,588059.5819511596,30557.49905388547,5249267.673882294,5249267.665486833,0.05196327037559159,0.005821288025741982,0.005821288035052309
03352041,Nordleda,21332475.6639355,rp100,open_or_seasonal,6320204.154281852,2165539.4463937636,5249267.673882294,5249267.665486833,0.34263757839636244,0.4125412497382053,0.4125412503980067
03352041,Nordleda,21332475.6639355,rp100,perennial_vegetation,14424210.525257668,3053170.728434645,5249267.673882294,5249267.665486833,0.21166986734479215,0.5816374622360527,0.5816374631662995
03352041,Nordleda,21332475.6639355,rp100,water,0,0,5249267.673882294,5249267.665486833,NA,0,0
03352042,Oberndorf,32490031.472253926,rp100,artificial,708795.3495960344,395763.5401554521,30570155.235991437,30570154.721277583,0.5583608024248616,0.0129460755792795,0.012946075797254337
03352042,Oberndorf,32490031.472253926,rp100,open_or_seasonal,13915762.739516655,13476470.610895852,30570155.235991437,30570154.721277583,0.9684320481138023,0.4408374935247132,0.440837500947154
03352042,Oberndorf,32490031.472253926,rp100,perennial_vegetation,17260906.421999242,16370217.541229542,30570155.235991437,30570154.721277583,0.9483984873682818,0.5354967096129184,0.5354967186291493
03352042,Oberndorf,32490031.472253926,rp100,water,604564.5155587824,327703.5437105922,30570155.235991437,30570154.721277583,0.5420489216236993,0.010719721283089005,0.010719721463578412
03352043,Odisheim,13593532.946004571,rp100,artificial,374103.04246412666,103222.07639275331,10772011.683830125,10772011.492425345,0.2759188369943595,0.009582432643263843,0.009582432813531338
03352043,Odisheim,13593532.946004571,rp100,open_or_seasonal,3394307.6644044467,2711380.0489738095,10772011.683830125,10772011.492425345,0.798802087803534,0.25170600706308777,0.2517060115355796
03352043,Odisheim,13593532.946004571,rp100,perennial_vegetation,9753806.19332129,7912715.817214381,10772011.683830125,10772011.492425345,0.8112439042137667,0.7345624985806657,0.7345625116328959
03352043,Odisheim,13593532.946004571,rp100,water,71315.11633328444,44693.74124918134,10772011.683830125,10772011.492425345,0.6267078222281707,0.00414906171298265,0.004149061786706137
03352044,Osten,47887886.32496057,rp100,artificial,842306.1020959062,673245.4902624242,45972870.643896535,45972869.6688984,0.7992883924112514,0.014644408339808684,0.014644408650389051
03352044,Osten,47887886.32496057,rp100,open_or_seasonal,19860005.17431719,19224661.16245389,45972870.643896535,45972869.6688984,0.9680088697718507,0.41817404249926254,0.4181740513679478
03352044,Osten,47887886.32496057,rp100,perennial_vegetation,26945557.964358777,25916898.22915845,45972870.643896535,45972869.6688984,0.9618245153223047,0.5637433091770447,0.5637433211329804
03352044,Osten,47887886.32496057,rp100,water,240013.71066555538,158065.76202176666,45972870.643896535,45972869.6688984,0.6585697191358445,0.003438239983883883,0.0034382400568024885
03352045,Osterbruch,10529560.677544713,rp100,artificial,355607.57225262973,186478.90665604608,9208663.628014559,9208663.370178515,0.5243952075451539,0.020250376622373382,0.020250377189369565
03352045,Osterbruch,10529560.677544713,rp100,open_or_seasonal,6832513.984309136,6267678.368509343,9208663.628014559,9208663.370178515,0.9173312170166154,0.6806284409652924,0.6806284600224061
03352045,Osterbruch,10529560.677544713,rp100,perennial_vegetation,3257664.9070243007,2678073.5360088185,9208663.628014559,9208663.370178515,0.8220837969658128,0.29082108373049853,0.29082109187328264
03352045,Osterbruch,10529560.677544713,rp100,water,83773.24788210574,76432.8168403531,9208663.628014559,9208663.370178515,0.9123773850563506,0.008300098681835821,0.008300098914232697
03352046,"Otterndorf, Stadt",33983459.43569366,rp100,artificial,3659004.8746756767,895520.974296763,19683917.645469476,19683917.294810485,0.24474440591614113,0.04549505796692253,0.04549505877739388
03352046,"Otterndorf, Stadt",33983459.43569366,rp100,open_or_seasonal,17267308.98046991,10602551.666906621,19683917.645469476,19683917.294810485,0.6140245523433082,0.5386403183487686,0.5386403279443723
03352046,"Otterndorf, Stadt",33983459.43569366,rp100,perennial_vegetation,12114039.872950064,7480360.479017155,19683917.645469476,19683917.294810485,0.6174951178524977,0.38002396747168177,0.38002397424161577
03352046,"Otterndorf, Stadt",33983459.43569366,rp100,water,943103.260720665,705484.5252489337,19683917.645469476,19683917.294810485,0.7480458976568941,0.035840656212627,0.035840656851110084
03352051,Steinau,36057465.85163946,rp100,artificial,513921.5499441047,110412.0606982649,17969669.70053647,17969669.240406837,0.21484224724624523,0.00614435671541412,0.006144356872745931
03352051,Steinau,36057465.85163946,rp100,open_or_seasonal,6844300.6005265415,3862843.7783899247,17969669.70053647,17969669.240406837,0.564388387338328,0.21496465114629248,0.2149646566506568
03352051,Steinau,36057465.85163946,rp100,perennial_vegetation,28661130.24159538,13994877.64261537,17969669.70053647,17969669.240406837,0.48828770968371854,0.7788055025962756,0.7788055225382948
03352051,Steinau,36057465.85163946,rp100,water,38110.83109558495,1536.2188329117746,17969669.70053647,17969669.240406837,0.04030924513450828,8.548954201789875e-5,8.548954420693579e-5
03352052,Stinstedt,30462176.376677927,rp100,artificial,410955.0764251456,0,901985.4263462536,901985.4277127218,0,0,0
03352052,Stinstedt,30462176.376677927,rp100,open_or_seasonal,13036011.21299059,28135.04194038918,901985.4263462536,901985.4277127218,0.0021582554265028686,0.031192346482091293,0.031192346434836263
03352052,Stinstedt,30462176.376677927,rp100,perennial_vegetation,16898485.636910502,873850.3844058644,901985.4263462536,901985.4277127218,0.0517117570876977,0.9688076535179087,0.9688076520502078
03352052,Stinstedt,30462176.376677927,rp100,water,116722.06702090058,0,901985.4263462536,901985.4277127218,0,0,0
03352055,Wanna,54096507.87568218,rp100,artificial,1241519.1643973961,10343.013542926481,6506175.5093544535,6506175.435973734,0.008330933455986346,0.001589722491816505,0.0015897225097463905
03352055,Wanna,54096507.87568218,rp100,open_or_seasonal,15110541.209559582,1110950.62576466,6506175.5093544535,6506175.435973734,0.07352156420855559,0.17075325191694518,0.17075325384280726
03352055,Wanna,54096507.87568218,rp100,perennial_vegetation,37685021.481414005,5384881.870046867,6506175.5093544535,6506175.435973734,0.14289183496160812,0.8276570255912383,0.8276570349260725
03352055,Wanna,54096507.87568218,rp100,water,59422.30391762013,0,6506175.5093544535,6506175.435973734,0,0,0
03352056,Wingst,55652986.548234716,rp100,artificial,1333751.0437085852,258696.45490989726,26940344.245138567,26940344.146613885,0.19396157636028852,0.009602566788157485,0.009602566823275442
03352056,Wingst,55652986.548234716,rp100,open_or_seasonal,21874326.951080926,7993360.399111243,26940344.245138567,26940344.146613885,0.3654220043884024,0.29670594875763917,0.2967059498427352
03352056,Wingst,55652986.548234716,rp100,perennial_vegetation,31116284.784346532,17441739.282858644,26940344.245138567,26940344.146613885,0.5605341191514273,0.6474208022047097,0.6474208045724199
03352056,Wingst,55652986.548234716,rp100,water,1328619.3870032758,1246548.108258785,26940344.245138567,26940344.146613885,0.9382281490490636,0.04627068224949378,0.04627068241871227
03352061,Wurster Nordseeküste,22519128.833090708,rp100,artificial,1433060.7612430563,0,0,0,0,NA,NA
03352061,Wurster Nordseeküste,22519128.833090708,rp100,open_or_seasonal,8392952.29393018,0,0,0,0,NA,NA
03352061,Wurster Nordseeküste,22519128.833090708,rp100,perennial_vegetation,12691237.895410415,0,0,0,0,NA,NA
03352061,Wurster Nordseeküste,22519128.833090708,rp100,water,1876.0885712887193,0,0,0,0,NA,NA
03352062,"Geestland, Stadt",173612654.49402496,rp100,artificial,5404271.13085231,0,551444.8512027925,551444.8754992491,0,0,0
03352062,"Geestland, Stadt",173612654.49402496,rp100,open_or_seasonal,70909455.53672558,0,551444.8512027925,551444.8754992491,0,0,0
03352062,"Geestland, Stadt",173612654.49402496,rp100,perennial_vegetation,92163225.21328092,551444.8512027925,551444.8512027925,551444.8754992491,0.005983350191214099,1,0.999999955940371
03352062,"Geestland, Stadt",173612654.49402496,rp100,water,5135689.182841882,0,551444.8512027925,551444.8754992491,0,0,0
03352063,Cadenberge,30870525.978667486,rp100,artificial,1842784.943437313,268733.42327868566,23221518.209378093,23221517.45138808,0.14583005154004686,0.01157260351608521,0.011572603893834766
03352063,Cadenberge,30870525.978667486,rp100,open_or_seasonal,15621980.478502834,13310711.195104029,23221518.209378093,23221517.45138808,0.8520501746510754,0.5732058978696944,0.5732059165801145
03352063,Cadenberge,30870525.978667486,rp100,perennial_vegetation,12091882.705839764,8782686.631643893,23221518.209378093,23221517.45138808,0.7263291288297316,0.3782132827171039,0.3782132950626318
03352063,Cadenberge,30870525.978667486,rp100,water,1313875.894171413,859386.9593514858,23221518.209378093,23221517.45138808,0.6540853387780985,0.03700821589711647,0.037008217105127875
03353007,Drage,30426177.56255212,rp100,artificial,1845336.4387915048,1252060.972364715,28228522.915793125,28228522.09044114,0.6785001076468631,0.04435446289909202,0.04435446419593795
03353007,Drage,30426177.56255212,rp100,open_or_seasonal,15451431.570618836,14707368.628291372,28228522.915793125,28228522.09044114,0.9518450482127292,0.5210109176510608,0.5210109328844971
03353007,Drage,30426177.56255212,rp100,perennial_vegetation,11285499.695826815,10441877.494776018,28228522.915793125,28228522.09044114,0.9252472443588161,0.3699052028306468,0.36990521364601975
03353007,Drage,30426177.56255212,rp100,water,1843907.6362595195,1827215.8203610228,28228522.915793125,28228522.09044114,0.9909475856760608,0.06472941661920054,0.06472941851177402
03353023,Marschacht,26217427.04059223,rp100,artificial,1828951.2476395264,1453708.6096009898,24917009.626018994,24917009.012565903,0.794831798538736,0.05834201741781202,0.05834201885418389
03353023,Marschacht,26217427.04059223,rp100,open_or_seasonal,10574494.291313065,10089309.191716833,24917009.626018994,24917009.012565903,0.9541174181733862,0.4049165346543556,0.4049165446233411
03353023,Marschacht,26217427.04059223,rp100,perennial_vegetation,12490344.7382883,12075465.947173985,24917009.626018994,24917009.012565903,0.9667840400079164,0.4846274143011314,0.48462742623258687
03353023,Marschacht,26217427.04059223,rp100,water,1323635.275749876,1298525.877527184,24917009.626018994,24917009.012565903,0.9810299720151635,0.05211403362670091,0.05211403490974074
03353026,Neu Wulmstorf,56214138.064261325,rp100,artificial,6580823.0063298475,795459.1080967649,7471389.237955628,7471389.383349832,0.1208753232432543,0.10646736273031115,0.1064673606584425
03353026,Neu Wulmstorf,56214138.064261325,rp100,open_or_seasonal,25783025.619569477,1480734.1845647274,7471389.237955628,7471389.383349832,0.0574305826792043,0.19818726309190335,0.19818725923515357
03353026,Neu Wulmstorf,56214138.064261325,rp100,perennial_vegetation,23787993.11118284,5167986.891653199,7471389.237955628,7471389.383349832,0.2172519080318594,0.6917036078644054,0.6917035944037637
03353026,Neu Wulmstorf,56214138.064261325,rp100,water,62292.402405420515,27209.05364093767,7471389.237955628,7471389.383349832,0.43679570204808815,0.003641766313380133,0.0036417662425108892
03353031,Seevetal,105567154.45821893,rp100,artificial,15187847.140762672,1267648.6749111793,21008296.992416162,21008296.68794075,0.08346467166560666,0.06034038243884266,0.060340383313362056
03353031,Seevetal,105567154.45821893,rp100,open_or_seasonal,40344597.58050833,3138818.4210668216,21008296.992416162,21008296.68794075,0.07780021636857962,0.14940851332213703,0.14940851548753004
03353031,Seevetal,105567154.45821893,rp100,perennial_vegetation,47750080.88073943,15013039.817576967,21008296.992416162,21008296.68794075,0.3144086782821065,0.7146243135746111,0.714624323931735
03353031,Seevetal,105567154.45821893,rp100,water,2284620.5520648034,1588790.0788611916,21008296.992416162,21008296.68794075,0.6954284278959447,0.07562679066440907,0.07562679176047594
03353032,Stelle,38517989.7299618,rp100,artificial,5205959.840303559,984747.7717001993,15814379.58637869,15814379.20822496,0.18915777338051437,0.062269137168579576,0.06226913865756034
03353032,Stelle,38517989.7299618,rp100,open_or_seasonal,13377895.181275934,3140242.06874045,15814379.58637869,15814379.20822496,0.234733642788263,0.19856878049425453,0.1985687852424349
03353032,Stelle,38517989.7299618,rp100,perennial_vegetation,18763051.226826243,10596039.93246607,15814379.58637869,15814379.20822496,0.5647290413680964,0.6700256481507941,0.6700256641724599
03353032,Stelle,38517989.7299618,rp100,water,1171080.5447661954,1093349.813471972,15814379.58637869,15814379.20822496,0.9336247778672284,0.0691364341863718,0.0691364358395635
03353033,Tespe,24913541.730306573,rp100,artificial,1973327.6342903867,1474467.6597735994,21038815.712458696,21038815.40362691,0.747198607140482,0.07008320619969374,0.07008320722845517
03353033,Tespe,24913541.730306573,rp100,open_or_seasonal,15021401.781629993,13024479.234578019,21038815.712458696,21038815.40362691,0.8670615049060165,0.6190690299580516,0.6190690390454545
03353033,Tespe,24913541.730306573,rp100,perennial_vegetation,6460920.300894946,5186689.69376672,21038815.712458696,21038815.40362691,0.8027787764303912,0.24652954637058222,0.24652954998942472
03353033,Tespe,24913541.730306573,rp100,water,1457890.1668061377,1353179.1243403575,21038815.712458696,21038815.40362691,0.9281763161245712,0.06431821747167243,0.06431821841580876
03353040,"Winsen (Luhe), Stadt",110102487.40096177,rp100,artificial,13169522.05987704,3423183.720487754,46805655.343039304,46805655.1045467,0.2599322667082206,0.07313611347601465,0.07313611384867094
03353040,"Winsen (Luhe), Stadt",110102487.40096177,rp100,open_or_seasonal,50739966.445914105,21951934.53291747,46805655.343039304,46805655.1045467,0.43263596865632487,0.4690017557073271,0.4690017580970693
03353040,"Winsen (Luhe), Stadt",110102487.40096177,rp100,perennial_vegetation,42980934.80370147,18908695.117101386,46805655.343039304,46805655.1045467,0.4399321513936219,0.40398312935732433,0.4039831314157719
03353040,"Winsen (Luhe), Stadt",110102487.40096177,rp100,water,3212055.3547371533,2521841.972532687,46805655.343039304,46805655.1045467,0.7851178432567991,0.05387900145933374,0.053879001733867726
03354003,Damnatz,16377881.098956853,rp100,artificial,230445.7956805968,65097.5454760572,11758579.895269532,11758579.704471696,0.2824852815552509,0.005536174100602565,0.0055361741904339954
03354003,Damnatz,16377881.098956853,rp100,open_or_seasonal,8112539.633678669,5878924.468372641,11758579.895269532,11758579.704471696,0.7246712785188348,0.49996891807808597,0.49996892619071437
03354003,Damnatz,16377881.098956853,rp100,perennial_vegetation,6613533.794304856,4513642.186294189,11758579.895269532,11758579.704471696,0.6824856917161356,0.38385946487551814,0.3838594711041237
03354003,Damnatz,16377881.098956853,rp100,water,1421360.4874692187,1300915.6951266446,11758579.895269532,11758579.704471696,0.9152609113561119,0.1106354429457933,0.11063544474099338
03354004,"Dannenberg (Elbe), Stadt",76630076.88661331,rp100,artificial,4450648.064666963,544754.4239750375,38142554.89552394,38142554.34915557,0.12239889922992617,0.014282064362682869,0.014282064567264562
03354004,"Dannenberg (Elbe), Stadt",76630076.88661331,rp100,open_or_seasonal,44250205.18412857,23023296.38258292,38142554.89552394,38142554.34915557,0.5202980706367616,0.6036118043389045,0.6036118129852682
03354004,"Dannenberg (Elbe), Stadt",76630076.88661331,rp100,perennial_vegetation,26858892.63187726,13674444.877400044,38142554.89552394,38142554.34915557,0.5091216925738271,0.3585088863306519,0.3585088914660688
03354004,"Dannenberg (Elbe), Stadt",76630076.88661331,rp100,water,1070324.6227570067,900059.2115659339,38142554.89552394,38142554.34915557,0.8409217095720989,0.023597244967760576,0.023597245305776438
03354005,"Gartow, Flecken",28383481.658435933,rp100,artificial,723068.2209512033,92294.99996604188,9961539.211637786,9961539.049572889,0.1276435574013015,0.009265134434065795,0.009265134584800843
03354005,"Gartow, Flecken",28383481.658435933,rp100,open_or_seasonal,12213134.093760695,3768974.956907346,9961539.211637786,9961539.049572889,0.3086001453822403,0.37835266988701494,0.378352676042458
03354005,"Gartow, Flecken",28383481.658435933,rp100,perennial_vegetation,14268573.682694681,5030231.599804048,9961539.211637786,9961539.049572889,0.3525392034036907,0.504965296319606,0.5049653045349177
03354005,"Gartow, Flecken",28383481.658435933,rp100,water,1178714.936607304,1070037.6549603492,9961539.211637786,9961539.049572889,0.9078001998008435,0.1074168993593133,0.10741690110688551
03354007,Gorleben,21490957.20298397,rp100,artificial,821048.3324104148,46649.92997945903,4850378.015587535,4850377.937673361,0.05681751991689118,0.009617792639984215,0.00961779279447988
03354007,Gorleben,21490957.20298397,rp100,open_or_seasonal,3899475.0838010693,1977133.4375733898,4850378.015587535,4850377.937673361,0.5070255342280968,0.4076246080655007,0.40762461461338934
03354007,Gorleben,21490957.20298397,rp100,perennial_vegetation,16132196.68180887,2253964.412177709,4850378.015587535,4850377.937673361,0.13971838160883224,0.4646987110971973,0.46469871856189726
03354007,Gorleben,21490957.20298397,rp100,water,638236.0767495567,572630.2358569766,4850378.015587535,4850377.937673361,0.8972075642813846,0.11805888819731773,0.11805889009375979
03354008,Gusborn,48504374.573017344,rp100,artificial,772317.9766909849,48611.01468339803,13147533.084898526,13147533.073969478,0.06294171073380048,0.003697348724623743,0.00369734872769721
03354008,Gusborn,48504374.573017344,rp100,open_or_seasonal,28121903.19685599,8774851.21357912,13147533.084898526,13147533.073969478,0.3120290668862036,0.6674142713250183,0.6674142718798146
03354008,Gusborn,48504374.573017344,rp100,perennial_vegetation,19213665.190266646,3956211.0130298957,13147533.084898526,13147533.073969478,0.20590610765061382,0.3009089984777498,0.3009089987278841
03354008,Gusborn,48504374.573017344,rp100,water,396484.8712092566,367859.8436061129,13147533.084898526,13147533.073969478,0.927802976401498,0.02797938147260818,0.027979381495866384
03354009,"Hitzacker (Elbe), Stadt",58684317.62890807,rp100,artificial,2371881.7416496207,114298.35161952223,8598590.782534484,8598590.694835223,0.04818889138209262,0.0132926841746773,0.01329268431025284
03354009,"Hitzacker (Elbe), Stadt",58684317.62890807,rp100,open_or_seasonal,23146462.190312263,1650473.6711250367,8598590.782534484,8598590.694835223,0.07130565602443674,0.19194699606794755,0.19194699802566484
03354009,"Hitzacker (Elbe), Stadt",58684317.62890807,rp100,perennial_vegetation,31240945.076119002,5092432.209567469,8598590.782534484,8598590.694835223,0.16300506265606518,0.5922403261603345,0.5922403322007475
03354009,"Hitzacker (Elbe), Stadt",58684317.62890807,rp100,water,1925023.1327279874,1741386.550222457,8598590.782534484,8598590.694835223,0.9046055190800251,0.2025199935970407,0.20251999566259474
03354010,Höhbeck,19523129.25089906,rp100,artificial,529863.7426528666,30461.35902747037,7875989.172684257,7875989.186251269,0.057489042135549055,0.003867623273673023,0.0038676232670107375
03354010,Höhbeck,19523129.25089906,rp100,open_or_seasonal,6098477.274518665,1430184.4985302947,7875989.172684257,7875989.186251269,0.23451501647895787,0.1815879208532312,0.1815879205404317
03354010,Höhbeck,19523129.25089906,rp100,perennial_vegetation,11578741.333584346,5199849.4337374875,7875989.172684257,7875989.186251269,0.4490858966384568,0.6602154116427384,0.6602154105054654
03354010,Höhbeck,19523129.25089906,rp100,water,1316034.591951891,1215493.8813890044,7875989.172684257,7875989.186251269,0.923603291906052,0.15432904423035737,0.15432904396451344
03354011,Jameln,36200175.478407234,rp100,artificial,869150.2116226627,17479.586848427356,5511859.509646382,5511859.4454411995,0.020111123042579473,0.00317126857421458,0.0031712686111552675
03354011,Jameln,36200175.478407234,rp100,open_or_seasonal,23865628.545656864,4183469.993805166,5511859.509646382,5511859.4454411995,0.17529268025779635,0.7589943079070895,0.7589943167482744
03354011,Jameln,36200175.478407234,rp100,perennial_vegetation,11447851.022191174,1308316.0131925747,5511859.509646382,5511859.4454411995,0.1142848566649286,0.237363817220463,0.23736381998540784
03354011,Jameln,36200175.478407234,rp100,water,17542.436196591203,2593.9158002146487,5511859.509646382,5511859.4454411995,0.14786519792038297,4.706062982329286e-4,4.706063037148106e-4
03354014,Langendorf,41012484.44700155,rp100,artificial,621163.9582194295,150886.45155197827,13932021.203591757,13932021.25725028,0.24290921833986515,0.01083019106467329,0.010830191022961322
03354014,Langendorf,41012484.44700155,rp100,open_or_seasonal,15849073.371602375,5724300.810596839,13932021.203591757,13932021.25725028,0.3611757404602197,0.41087367919890044,0.4108736776164399
03354014,Langendorf,41012484.44700155,rp100,perennial_vegetation,22909309.04346235,6504983.181140328,13932021.203591757,13932021.25725028,0.28394497489205855,0.4669087913434488,0.4669087895451716
03354014,Langendorf,41012484.44700155,rp100,water,1632935.4735552506,1551850.7603026123,13932021.203591757,13932021.25725028,0.9503442024710876,0.11138733839297747,0.1113873379639744
03354016,Luckau (Wendland),22424061.24936895,rp100,artificial,492595.454180453,0,256.749453781387,256.74944995552204,0,0,0
03354016,Luckau (Wendland),22424061.24936895,rp100,open_or_seasonal,15180386.899585258,256.749453781387,256.749453781387,256.74944995552204,1.6913235181667315e-5,1,1.0000000149011612
03354016,Luckau (Wendland),22424061.24936895,rp100,perennial_vegetation,6751077.358945342,0,256.749453781387,256.74944995552204,0,0,0
03354016,Luckau (Wendland),22424061.24936895,rp100,water,0,0,256.749453781387,256.74944995552204,NA,0,0
03354018,"Lüchow (Wendland), Stadt",89225940.80344959,rp100,artificial,4999190.938928907,610197.5025989279,30654529.19035086,30654528.712882925,0.12205925119748773,0.0199056230421898,0.019905623352235238
03354018,"Lüchow (Wendland), Stadt",89225940.80344959,rp100,open_or_seasonal,65554314.81891799,24635392.624942053,30654529.19035086,30654528.712882925,0.37580123738601945,0.8036460932727861,0.8036461057901941
03354018,"Lüchow (Wendland), Stadt",89225940.80344959,rp100,perennial_vegetation,18415870.32169297,5276631.417583498,30654529.19035086,30654528.712882925,0.28652631265370565,0.17213219569669416,0.17213219837778593
03354018,"Lüchow (Wendland), Stadt",89225940.80344959,rp100,water,256556.63704349598,132307.64522638233,30654529.19035086,30654528.712882925,0.5157054081744579,0.004316087988329923,0.004316088055556323
03354019,Neu Darchau,22831430.719361946,rp100,artificial,649772.9551063462,26473.000606218888,3016998.867827284,3016998.877998629,0.04074192438785967,0.0087746140340064591,0.008774614004424206
03354019,Neu Darchau,22831430.719361946,rp100,open_or_seasonal,11771238.103547309,220328.01202465827,3016998.867827284,3016998.877998629,0.018717488346299067,0.0730288679834107,0.07302886773720517
03354019,Neu Darchau,22831430.719361946,rp100,perennial_vegetation,8909488.069795204,1310383.3931820467,3016998.867827284,3016998.877998629,0.14707729365781255,0.4343334056753325,0.4343334042110446
03354019,Neu Darchau,22831430.719361946,rp100,water,1500928.9921192224,1459814.4620143604,3016998.867827284,3016998.877998629,0.9726072783451196,0.4838631123072504,0.4838631106759807
03354021,"Schnackenburg, Stadt",23314743.83659268,rp100,artificial,501234.6761077853,199028.33402436896,16554840.376213992,16554840.151265549,0.39707614718493656,0.012022365030491809,0.012022365193852632
03354021,"Schnackenburg, Stadt",23314743.83659268,rp100,open_or_seasonal,10970014.114570372,8243089.744089358,16554840.376213992,16554840.151265549,0.7514201584427213,0.4979262594360641,0.4979262662019245
03354021,"Schnackenburg, Stadt",23314743.83659268,rp100,perennial_vegetation,10323518.479685413,6713885.920101906,16554840.376213992,16554840.151265549,0.6503486125697813,0.40555425286663727,0.4055542583773397
03354021,"Schnackenburg, Stadt",23314743.83659268,rp100,water,1519974.7914507978,1398836.3779983574,16554840.376213992,16554840.151265549,0.9203023536088942,0.08449712266680666,0.08449712381496008
03354023,Trebel,66900327.67931555,rp100,artificial,1152273.491264129,41.27019142864924,236684.0034245715,236684.01545155328,3.58163159540994e-5,1.7436831738314575e-4,1.743683085227055e-4
03354023,Trebel,66900327.67931555,rp100,open_or_seasonal,34360171.07162632,6953.758528580843,236684.0034245715,236684.01545155328,2.0237846063354045e-4,0.02937992609541492,0.029379924602488432
03354023,Trebel,66900327.67931555,rp100,perennial_vegetation,31243168.79256487,87076.66088682975,236684.0034245715,236684.01545155328,0.0027870623964222196,0.3679026027400288,0.36790258404523907
03354023,Trebel,66900327.67931555,rp100,water,144707.66216903972,142612.31381773227,236684.0034245715,236684.01545155328,0.9855201285135836,0.6025431028471732,0.6025430722292419
03354025,Woltersdorf,28146134.254653327,rp100,artificial,766780.8469008034,4322.354727502563,2040677.4901199187,2040677.329661104,0.005637014467657583,0.002118097910340827,0.0021180980768872354
03354025,Woltersdorf,28146134.254653327,rp100,open_or_seasonal,20956090.399352442,1814534.368011618,2040677.4901199187,2040677.329661104,0.08658744705871704,0.8891823312585216,0.8891824011750836
03354025,Woltersdorf,28146134.254653327,rp100,perennial_vegetation,6421816.576005245,221820.76738079806,2040677.4901199187,2040677.329661104,0.03454174761229071,0.10869957083113753,0.10869957937820376
03354025,Woltersdorf,28146134.254653327,rp100,water,1444.3448547811713,0,2040677.4901199187,2040677.329661104,0,0,0
03354026,"Wustrow (Wendland), Stadt",30149942.119772527,rp100,artificial,1246272.9141568826,73737.40010291104,5823067.770304281,5823067.60093256,0.05916633448845769,0.01266298161236374,0.012662981980683522
03354026,"Wustrow (Wendland), Stadt",30149942.119772527,rp100,open_or_seasonal,23051541.72428088,4705640.398346898,5823067.770304281,5823067.60093256,0.20413560423120447,0.808103320099434,0.8081033436042016
03354026,"Wustrow (Wendland), Stadt",30149942.119772527,rp100,perennial_vegetation,5717179.565564838,979874.8156042555,5823067.770304281,5823067.60093256,0.17139129606950645,0.16827467140281158,0.1682746762973058
03354026,"Wustrow (Wendland), Stadt",30149942.119772527,rp100,water,134945.8020727339,63815.15625021599,5823067.770304281,5823067.60093256,0.47289471232176983,0.010959026885390579,0.010959027204148555
03355003,"Artlenburg, Flecken",11794513.072966393,rp100,artificial,706330.6762783603,500138.65895212366,10331363.69220257,10331363.786255594,0.7080800477013719,0.048409742784449185,0.04840974234374428
03355003,"Artlenburg, Flecken",11794513.072966393,rp100,open_or_seasonal,6421724.253014372,5743984.738534033,10331363.69220257,10331363.786255594,0.8944614424759509,0.5559754655495492,0.5559754604881483
03355003,"Artlenburg, Flecken",11794513.072966393,rp100,perennial_vegetation,3616738.578266227,3069678.153164966,10331363.69220257,10331363.786255594,0.8487420604882346,0.29712226232842387,0.29712225962352956
03355003,"Artlenburg, Flecken",11794513.072966393,rp100,water,1049718.5504075773,1017562.141551446,10331363.69220257,10331363.786255594,0.9693666375204613,0.09849252933757764,0.09849252844093703
03355004,"Bardowick, Flecken",23141644.727642484,rp100,artificial,3620712.487678473,48070.71182427229,2455753.769888137,2455753.97626587,0.013276589065787506,0.019574727895648097,0.019574726250618502
03355004,"Bardowick, Flecken",23141644.727642484,rp100,open_or_seasonal,11053031.770410933,1243937.503176577,2455753.769888137,2455753.97626587,0.1125426515561648,0.5065399953486542,0.5065399527798232
03355004,"Bardowick, Flecken",23141644.727642484,rp100,perennial_vegetation,8380664.384809181,1154070.1716329604,2455753.769888137,2455753.97626587,0.13770628659522885,0.46994539346081504,0.46994535396733733
03355004,"Bardowick, Flecken",23141644.727642484,rp100,water,87234.13856153269,9675.383254327267,2455753.769888137,2455753.97626587,0.1109128079198318,0.003939883294882611,0.003939882963780966
03355007,Barum,9864912.656431708,rp100,artificial,736488.1963732584,243908.02170737108,6526785.088603275,6526785.253753915,0.3311770954490036,0.037370316073876905,0.03737031512827637
03355007,Barum,9864912.656431708,rp100,open_or_seasonal,5061406.831946169,3714039.719061074,6526785.088603275,6526785.253753915,0.7337959271756431,0.569045811780494,0.569045797381632
03355007,Barum,9864912.656431708,rp100,perennial_vegetation,3935272.4563124785,2457247.9431314142,6526785.088603275,6526785.253753915,0.6244162177868524,0.3764867250527568,0.37648671552631746
03355007,Barum,9864912.656431708,rp100,water,131744.18752224417,111589.40470341624,6526785.088603275,6526785.253753915,0.8470157720208724,0.017097147092872373,0.017097146660254373
03355009,"Bleckede, Stadt",140494990.62396166,rp100,artificial,4805789.599127396,1171121.7312161417,71155073.28887798,71155072.2503598,0.24368976357782837,0.0164587242635754,0.01645872450379277
03355009,"Bleckede, Stadt",140494990.62396166,rp100,open_or_seasonal,61802261.351613045,27553622.25071811,71155073.28887798,71155072.2503598,0.44583517897438485,0.38723341818305634,0.38723342383478193
03355009,"Bleckede, Stadt",140494990.62396166,rp100,perennial_vegetation,68011891.12773287,36901476.18352989,71155073.28887798,71155072.2503598,0.5425738877665579,0.5186063969566291,0.5186064045257616
03355009,"Bleckede, Stadt",140494990.62396166,rp100,water,5875040.081782842,5528853.123413835,71155073.28887798,71155072.2503598,0.941074962289627,0.07770146059673909,0.07770146173080272
03355011,Brietlingen,19964190.612044346,rp100,artificial,1423507.092053796,532350.9450693765,13064664.50499881,13064664.077779315,0.3739714034731752,0.04074738734130433,0.040747388673759426
03355011,Brietlingen,19964190.612044346,rp100,open_or_seasonal,10693098.813378273,7611544.135569607,13064664.50499881,13064664.077779315,0.711818367005709,0.5826054035032643,0.5826054225546831
03355011,Brietlingen,19964190.612044346,rp100,perennial_vegetation,7554922.5888071805,4708693.2340331385,13064664.50499881,13064664.077779315,0.6232616123703495,0.3604144011682424,0.36041441295393073
03355011,Brietlingen,19964190.612044346,rp100,water,292660.2033422212,212076.1903266883,13064664.50499881,13064664.077779315,0.7246499110734838,0.016232807987188923,0.01623280851800793
03355014,Deutsch Evern,11074207.091113899,rp100,artificial,1240258.8575458832,2910.2477904920456,502127.9474881201,502127.9207091261,0.002346484181738151,0.005795829140860357,0.005795829449957835
03355014,Deutsch Evern,11074207.091113899,rp100,open_or_seasonal,3481192.6218809737,169427.57707102416,502127.9474881201,502127.9207091261,0.04866940599784401,0.33741913374585203,0.3374191517407585
03355014,Deutsch Evern,11074207.091113899,rp100,perennial_vegetation,6337203.135625632,329463.972397897,502127.9474881201,502127.9207091261,0.05198886091338322,0.6561355010132986,0.6561355360056739
03355014,Deutsch Evern,11074207.091113899,rp100,water,15551.368378916572,326.15022870696555,502127.9474881201,502127.9207091261,0.020972445688389494,6.495360999891008e-4,6.495361346295233e-4
03355015,Echem,10388994.139122503,rp100,artificial,548651.0268931622,293756.45171968476,8926407.751621189,8926407.620539926,0.5354158423490701,0.032908697417091834,0.032908697900344876
03355015,Echem,10388994.139122503,rp100,open_or_seasonal,3780766.2184997955,2980580.8839225466,8926407.751621189,8926407.620539926,0.7883536594614513,0.3339059750414406,0.3339059799447364
03355015,Echem,10388994.139122503,rp100,perennial_vegetation,5975662.964515323,5576944.260391045,8926407.751621189,8926407.620539926,0.9332762395583639,0.6247691586101001,0.6247691677846229
03355015,Echem,10388994.139122503,rp100,water,83912.72796811983,75126.15558791245,8926407.751621189,8926407.620539926,0.895289158236572,0.008416168931367521,0.008416169054956102
03355017,Handorf,9851649.132351235,rp100,artificial,1074227.6373180419,101094.4432854697,4282910.68442036,4282910.679289869,0.09410895770459414,0.02360414464238392,0.023604144670659282
03355017,Handorf,9851649.132351235,rp100,open_or_seasonal,5621730.689021424,2276809.147443012,4282910.68442036,4282910.679289869,0.4050014618966631,0.5316032285532357,0.5316032291900422
03355017,Handorf,9851649.132351235,rp100,perennial_vegetation,3060067.7859080667,1836054.320985629,4282910.68442036,4282910.679289869,0.6000044605027548,0.4286931146298505,0.42869311514338126
03355017,Handorf,9851649.132351235,rp100,water,95622.55271695185,68952.77270624926,4282910.68442036,4282910.679289869,0.7210932018344393,0.01609951217452978,0.016099512193815356
03355018,Hittbergen,14698093.731524933,rp100,artificial,497371.33584590117,305459.7634371007,13366281.754862495,13366281.58342556,0.6141483061495531,0.02285300946360629,0.022853009756720714
03355018,Hittbergen,14698093.731524933,rp100,open_or_seasonal,7548569.809179468,6858848.8503590925,13366281.754862495,13366281.58342556,0.9086289222652961,0.5131456134286504,0.5131456200102947
03355018,Hittbergen,14698093.731524933,rp100,perennial_vegetation,5878761.551255041,5428901.156826139,13366281.754862495,13366281.58342556,0.9234770128866918,0.4061639023022367,0.40616390751172554
03355018,Hittbergen,14698093.731524933,rp100,water,773390.8536580799,773071.9842401608,13366281.754862495,13366281.58342556,0.9995876995229374,0.0578374748055065,0.057837475547334316
03355019,Hohnstorf (Elbe),10238061.126058638,rp100,artificial,976597.7528436616,753108.0516540896,9149454.023581767,9149453.98552816,0.7711548070443397,0.08231180239968766,0.08231180274203169
03355019,Hohnstorf (Elbe),10238061.126058638,rp100,open_or_seasonal,4349909.140310041,3922334.7633677595,9149454.023581767,9149453.98552816,0.9017049866674214,0.42869604604365996,0.42869604782665505
03355019,Hohnstorf (Elbe),10238061.126058638,rp100,perennial_vegetation,3911511.219753709,3505499.157427199,9149454.023581767,9149453.98552816,0.896200716419759,0.38313752365902265,0.38313752525253464
03355019,Hohnstorf (Elbe),10238061.126058638,rp100,water,1000040.9249585284,968512.0511327182,9149454.023581767,9149453.98552816,0.9684724164392395,0.10585462789762963,0.10585462833789093
03355021,Lüdersburg,19133387.653780233,rp100,artificial,377363.05769039725,266305.11152388516,11856676.838771086,11856676.563346151,0.7057000045361405,0.022460349990570123,0.022460350512313328
03355021,Lüdersburg,19133387.653780233,rp100,open_or_seasonal,12118201.238242114,6883633.365586002,11856676.838771086,11856676.563346151,0.5680408527845634,0.5805702102866348,0.5805702237730036
03355021,Lüdersburg,19133387.653780233,rp100,perennial_vegetation,6528189.606444446,4611095.86694243,11856676.838771086,11856676.563346151,0.7063360816589158,0.3889028881907486,0.38890289722477694
03355021,Lüdersburg,19133387.653780233,rp100,water,109632.09468218996,95642.49471876805,11856676.838771086,11856676.563346151,0.8723950317288378,0.008066551532046407,0.008066551719428546
03355022,"Lüneburg, Hansestadt",71074374.91151105,rp100,artificial,20463425.727055136,1493180.7839724526,4183809.23216534,4183809.276184397,0.07296827050801598,0.3568950449491822,0.35689504119418713
03355022,"Lüneburg, Hansestadt",71074374.91151105,rp100,open_or_seasonal,31221274.09054981,1501101.3194270965,4183809.23216534,4183809.276184397,0.048079438240525116,0.35878818467308515,0.35878818089817177
03355022,"Lüneburg, Hansestadt",71074374.91151105,rp100,perennial_vegetation,18714865.683222987,1063897.0877735447,4183809.23216534,4183809.276184397,0.05684770095503701,0.25428910084959166,0.25428909817414314
03355022,"Lüneburg, Hansestadt",71074374.91151105,rp100,water,674803.9350057839,125630.04099224586,4183809.23216534,4183809.276184397,0.18617265619704643,0.030027669528140927,0.030027669212211207
03355024,Melbeck,16200825.69834225,rp100,artificial,1319983.2760939791,120271.29560750883,1488654.2035139974,1488654.1557022615,0.09111577228721332,0.08079196318635051,0.08079196578118021
03355024,Melbeck,16200825.69834225,rp100,open_or_seasonal,8494806.132861791,586373.3889507863,1488654.2035139974,1488654.1557022615,0.06902728323397825,0.393894960674306,0.39389497332519724
03355024,Melbeck,16200825.69834225,rp100,perennial_vegetation,6372947.399898164,775012.6782720186,1488654.2035139974,1488654.1557022615,0.12160977168655163,0.5206129646781542,0.5206129813989013
03355024,Melbeck,16200825.69834225,rp100,water,13087.689111519318,6996.8406836837585,1488654.2035139974,1488654.1557022615,0.5346123845137327,0.004700111461189294,0.004700111612144764
03355026,Neetze,26945390.1318674,rp100,artificial,1284386.1779318056,9890.837477898769,972186.3112802585,972186.3147970436,0.0077008283395151285,0.01017380862406267,0.010173808587259952
03355026,Neetze,26945390.1318674,rp100,open_or_seasonal,14583555.298976008,660341.5026488916,972186.3112802585,972186.3147970436,0.04527987099930686,0.679233491550912,0.6792334890938538
03355026,Neetze,26945390.1318674,rp100,perennial_vegetation,11077046.246683184,301953.971153468,972186.3112802585,972186.3147970436,0.027259430395885773,0.3105926998250254,0.31059269870148787
03355026,Neetze,26945390.1318674,rp100,water,399.54011827414337,0,972186.3112802585,972186.3147970436,0,0,0
03355028,Radbruch,22516491.85122425,rp100,artificial,1092564.4795920989,0,0,0,0,NA,NA
03355028,Radbruch,22516491.85122425,rp100,open_or_seasonal,11136736.2447883,0,0,0,0,NA,NA
03355028,Radbruch,22516491.85122425,rp100,perennial_vegetation,10265452.120024322,0,0,0,0,NA,NA
03355028,Radbruch,22516491.85122425,rp100,water,21737.559696357937,0,0,0,0,NA,NA
03355032,Rullstorf,22717640.629144426,rp100,artificial,755737.6922419823,36.677842238777096,1902534.1131268346,1902534.1014257525,4.853250355949308e-5,1.9278415028520398e-5,1.927841514708769e-5
03355032,Rullstorf,22717640.629144426,rp100,open_or_seasonal,12431260.303750549,1408612.4903179868,1902534.1131268346,1902534.1014257525,0.11331212249597929,0.7403875076925257,0.7403875122461024
03355032,Rullstorf,22717640.629144426,rp100,perennial_vegetation,9528330.371259116,492785.1375469005,1902534.1131268346,1902534.1014257525,0.051717889530081614,0.2590151388860003,0.25901514047901114
03355032,Rullstorf,22717640.629144426,rp100,water,2310.2607065402694,1099.8074197088108,1902534.1131268346,1902534.1014257525,0.47605338072681297,5.780750064456221e-4,5.780750100009345e-4
03355033,Scharnebeck,27052807.92885271,rp100,artificial,1649655.8181027991,48435.13377092953,6569214.199660244,6569213.822837895,0.029360751036317852,0.007373048327977274,0.007373048750909069
03355033,Scharnebeck,27052807.92885271,rp100,open_or_seasonal,17478790.931772444,3383145.1180222784,6569214.199660244,6569213.822837895,0.19355715914379948,0.5149999703461112,0.5149999998874695
03355033,Scharnebeck,27052807.92885271,rp100,perennial_vegetation,7406613.338250218,2978449.9077926637,6569214.199660244,6569213.822837895,0.4021338460333762,0.45339515766538824,0.4533951836729796
03355033,Scharnebeck,27052807.92885271,rp100,water,517746.70604377484,159184.0400743739,6569214.199660244,6569213.822837895,0.3074554376033347,0.024231823660523472,0.024231825050506046
03355042,Wittorf,12091506.482025221,rp100,artificial,827613.0529111078,154369.2443790641,6679179.461807611,6679178.8478657305,0.18652345300267345,0.023112007284991645,0.023112009409418845
03355042,Wittorf,12091506.482025221,rp100,open_or_seasonal,7285298.68901221,3748699.0346101923,6679179.461807611,6679178.8478657305,0.5145566701697534,0.5612514315636711,0.5612514831532104
03355042,Wittorf,12091506.482025221,rp100,perennial_vegetation,3951579.4784745723,2755537.631361272,6679179.461807611,6679178.8478657305,0.6973256254547086,0.41255630981586633,0.4125563477375334
03355042,Wittorf,12091506.482025221,rp100,water,27014.89786466675,20573.55145708336,6679179.461807611,6679178.8478657305,0.7615631774788926,0.003080251335470998,0.0030802516186039016
03355049,Amt Neuhaus,237952226.9163942,rp100,artificial,4096115.7616646425,1132025.7475644173,140393876.932778,140393875.0816801,0.27636566284551667,0.008063213099431983,0.008063213205745715
03355049,Amt Neuhaus,237952226.9163942,rp100,open_or_seasonal,94774645.35615928,64766671.56250355,140393876.932778,140393875.0816801,0.683375509548076,0.4613211984559304,0.4613212045384657
03355049,Amt Neuhaus,237952226.9163942,rp100,perennial_vegetation,132167885.3017323,67956708.59962292,140393876.932778,140393875.0816801,0.5141695991010323,0.4840432509187083,0.4840432573008347
03355049,Amt Neuhaus,237952226.9163942,rp100,water,6913565.070176894,6538471.0230871085,140393876.932778,140393875.0816801,0.9457452062311771,0.04657233752592924,0.04657233813998706
03357002,Alfstedt,16152553.550537793,rp100,artificial,480391.8732167268,103.044376904397,176813.34749210006,176813.3384177539,2.1450066632977563e-4,5.827861887463048e-4,5.827862186558334e-4
03357002,Alfstedt,16152553.550537793,rp100,open_or_seasonal,10120838.427392062,5091.316766765759,176813.34749210006,176813.3384177539,5.030528649668098e-4,0.028794866671438574,0.028794868149237648
03357002,Alfstedt,16152553.550537793,rp100,perennial_vegetation,5530746.689334207,171618.9863484299,176813.34749210006,176813.3384177539,0.031029984916754422,0.9706223471398151,0.970622396953722
03357002,Alfstedt,16152553.550537793,rp100,water,20575.405268373677,0,176813.34749210006,176813.3384177539,0,0,0
03357008,"Bremervörde, Stadt",150057771.67569086,rp100,artificial,8632225.001075268,1027057.6364119137,21116694.780565012,21116694.940751553,0.11897947936759977,0.04863723452389802,0.0486372341549468
03357008,"Bremervörde, Stadt",150057771.67569086,rp100,open_or_seasonal,72129766.88282411,5095868.397778025,21116694.780565012,21116694.940751553,0.07064861870490084,0.24131941341824312,0.24131941158764786
03357008,"Bremervörde, Stadt",150057771.67569086,rp100,perennial_vegetation,67962067.13674046,14401231.561864978,21116694.780565012,21116694.940751553,0.21190102315295287,0.6819832228251608,0.681983217651788
03357008,"Bremervörde, Stadt",150057771.67569086,rp100,water,1333701.2949154344,592537.1845100983,21116694.780565012,21116694.940751553,0.44428027982657775,0.028060129232698225,0.028060129019840337
03357016,Gnarrenburg,33355563.590279818,rp100,artificial,677306.8210858449,0,46863.72518661437,46863.721175353305,0,0,0
03357016,Gnarrenburg,33355563.590279818,rp100,open_or_seasonal,9265416.717994235,0,46863.72518661437,46863.721175353305,0,0,0
03357016,Gnarrenburg,33355563.590279818,rp100,perennial_vegetation,22753392.433462705,14539.216088880221,46863.72518661437,46863.721175353305,6.389911364380922e-4,0.3102445661539736,0.3102445927090981
03357016,Gnarrenburg,33355563.590279818,rp100,water,659444.9710970941,32324.50909773415,46863.72518661437,46863.721175353305,0.04901775055461726,0.6897554338460264,0.6897554928850665
03357035,Oerel,27978923.62866462,rp100,artificial,1024379.3375946706,0,201340.92545393683,201340.9289331101,0,0,0
03357035,Oerel,27978923.62866462,rp100,open_or_seasonal,13176207.966091087,16162.440693224426,201340.92545393683,201340.9289331101,0.0012266382509154678,0.08027399624187236,0.0802739948547369
03357035,Oerel,27978923.62866462,rp100,perennial_vegetation,13768768.262723459,185178.4847607124,201340.92545393683,201340.9289331101,0.013449168525993054,0.9197260037581276,0.9197259878652531
03357035,Oerel,27978923.62866462,rp100,water,9565.907559795422,0,201340.92545393683,201340.9289331101,0,0,0
03357036,Ostereistedt,18873039.267651223,rp100,artificial,509994.82174997544,765.8627468082027,3068749.539403962,3068749.5484116636,0.0015017069078863438,2.495683459905154e-4,2.4956834525795735e-4
03357036,Ostereistedt,18873039.267651223,rp100,open_or_seasonal,13295782.13426927,2212677.465469095,3068749.539403962,3068749.5484116636,0.16641950380384318,0.7210355348513908,0.7210355327349349
03357036,Ostereistedt,18873039.267651223,rp100,perennial_vegetation,4962796.822569205,760971.8389051259,3068749.539403962,3068749.5484116636,0.1533352797044744,0.24797456720854713,0.24797456648066732
03357036,Ostereistedt,18873039.267651223,rp100,water,104464.20587820747,94334.37228293344,3068749.539403962,3068749.5484116636,0.9030305786550067,0.030740329594071678,0.030740329503839578
03357038,Rhade,1235019.7513691783,rp100,artificial,0,0,1478.9301283472353,1478.9301130961826,NA,0,0
03357038,Rhade,1235019.7513691783,rp100,open_or_seasonal,244678.45008405542,1471.9359240806884,1478.9301283472353,1478.9301130961826,0.006015797155716117,0.9952707676093101,0.9952707778727613
03357038,Rhade,1235019.7513691783,rp100,perennial_vegetation,990341.146914936,6.994204266546809,1478.9301283472353,1478.9301130961826,7.0624191354007906e-6,0.004729232390689828,0.004729232439458712
03357038,Rhade,1235019.7513691783,rp100,water,0,0,1478.9301283472353,1478.9301130961826,NA,0,0
03357040,Sandbostel,30737529.208471734,rp100,artificial,549739.5181569164,5196.675942217629,3060058.518644162,3060058.196945176,0.009452978675501189,0.001698227635372199,0.001698227813904133
03357040,Sandbostel,30737529.208471734,rp100,open_or_seasonal,15750874.910996124,1188490.6972802219,3060058.518644162,3060058.196945176,0.07545553526366357,0.38838822527054595,0.38838826610117405
03357040,Sandbostel,30737529.208471734,rp100,perennial_vegetation,14346515.618084978,1862466.5750110722,3060058.518644162,3060058.196945176,0.1298201336541451,0.6086375680933991,0.6086376320784856
03357040,Sandbostel,30737529.208471734,rp100,water,90396.85396194382,3904.570410650097,3060058.518644162,3060058.196945176,0.04319365375584733,0.0012759790006826792,0.0012759791348242947
03357042,Seedorf,18721597.482909456,rp100,artificial,1066881.3081994657,38584.36336392886,1371280.7816996474,1371280.8387470194,0.03616556318626127,0.02813746380672315,0.028137462636161792
03357042,Seedorf,18721597.482909456,rp100,open_or_seasonal,11676696.708964435,973388.4406858918,1371280.7816996474,1371280.8387470194,0.08336162743172064,0.7098388992802889,0.7098388697499092
03357042,Seedorf,18721597.482909456,rp100,perennial_vegetation,5942814.833498145,349972.24955263216,1371280.7816996474,1371280.8387470194,0.05888998048196404,0.2552156015187901,0.2552155909014322
03357042,Seedorf,18721597.482909456,rp100,water,35203.165101177285,9335.728097194626,1371280.7816996474,1371280.8387470194,0.26519570244217655,0.006808035394197946,0.006808035110973301
03357043,Selsingen,42107513.638081975,rp100,artificial,1701353.9049764788,341.7544463027335,1401175.403942727,1401175.441395994,2.0087204978523165e-4,2.4390554197645817e-4,2.4390553545688957e-4
03357043,Selsingen,42107513.638081975,rp100,open_or_seasonal,25364631.536354117,587039.3739323455,1401175.403942727,1401175.441395994,0.023144013469738968,0.4189620887438449,0.4189620775450339
03357043,Selsingen,42107513.638081975,rp100,perennial_vegetation,14902995.063996982,781818.7516849273,1401175.403942727,1401175.441395994,0.052460512019739176,0.5579735053048962,0.5579734903903252
03357043,Selsingen,42107513.638081975,rp100,water,138530.23037009663,31975.52387915154,1401175.403942727,1401175.441395994,0.23081982751148178,0.022820500409282476,0.022820499799292984
03357057,"Zeven, Stadt",74120976.34546544,rp100,artificial,6520542.374321447,652.6513179016544,1096619.776219852,1096619.7638274406,1.0009156914183413e-4,5.95148229180585e-4,5.9514823590609e-4
03357057,"Zeven, Stadt",74120976.34546544,rp100,open_or_seasonal,45744556.19859637,692478.3434698381,1096619.776219852,1096619.7638274406,0.015137939921495756,0.631466218726124,0.6314662258620424
03357057,"Zeven, Stadt",74120976.34546544,rp100,perennial_vegetation,21711408.961552642,403360.4089675888,1096619.776219852,1096619.7638274406,0.018578269594657543,0.3678215710809163,0.367821575237504
03357057,"Zeven, Stadt",74120976.34546544,rp100,water,144463.1877649897,128.37246452339005,1096619.776219852,1096619.7638274406,8.886171384520756e-4,1.1706196377918844e-4,1.1706196510205355e-4
03359001,Agathenburg,11108542.480012393,rp100,artificial,857663.1823429263,180646.63450523297,5843942.690183519,5843942.969096353,0.21062654690592,0.03091177379420195,0.030911772318881182
03359001,Agathenburg,11108542.480012393,rp100,open_or_seasonal,7205027.136107092,3820721.8099296223,5843942.690183519,5843942.969096353,0.5302855544821689,0.6537917999003579,0.6537917686969521
03359001,Agathenburg,11108542.480012393,rp100,perennial_vegetation,2987642.7936300877,1841514.2520993454,5843942.690183519,5843942.969096353,0.6163769832275842,0.3151150429987389,0.31511502795929885
03359001,Agathenburg,11108542.480012393,rp100,water,58208.54515421953,1059.993649318006,5843942.690183519,5843942.969096353,0.01821027559629992,1.8138330670123642e-4,1.8138329804438737e-4
03359004,Balje,58492807.81124808,rp100,artificial,903529.9424890188,534178.923289716,54557874.65770081,54557874.49124826,0.5912133048055662,0.00979105081789173,0.009791050847763594
03359004,Balje,58492807.81124808,rp100,open_or_seasonal,30541946.32165935,29152738.01366232,54557874.65770081,54557874.49124826,0.9545147420087027,0.5343451920839705,0.5343451937142231
03359004,Balje,58492807.81124808,rp100,perennial_vegetation,25957095.93708882,23916298.082951285,54557874.65770081,54557874.49124826,0.9213780363148583,0.43836564809394596,0.43836564943137124
03359004,Balje,58492807.81124808,rp100,water,1090230.0799880873,954659.6377974884,54557874.65770081,54557874.49124826,0.8756496957118627,0.017498109004191915,0.017498109057577513
03359007,Bliedersdorf,12411086.183053093,rp100,artificial,667667.6004875095,0,0,0,0,NA,NA
03359007,Bliedersdorf,12411086.183053093,rp100,open_or_seasonal,7623088.667133455,0,0,0,0,NA,NA
03359007,Bliedersdorf,12411086.183053093,rp100,perennial_vegetation,4115546.5142012867,0,0,0,0,NA,NA
03359007,Bliedersdorf,12411086.183053093,rp100,water,4782.254359761136,0,0,0,0,NA,NA
03359009,Burweg,16267940.84281799,rp100,artificial,619293.1773657119,42317.55903738836,8523143.472735737,8523143.436726207,0.06833202848672516,0.004965017798040819,0.004965017819017581
03359009,Burweg,16267940.84281799,rp100,open_or_seasonal,6778986.118049758,1965770.7698387695,8523143.472735737,8523143.436726207,0.2899800553661999,0.23063917393001498,0.23063917490444516
03359009,Burweg,16267940.84281799,rp100,perennial_vegetation,8458907.930640824,6158471.183669589,8523143.472735737,8523143.436726207,0.7280456572132284,0.7225586666902439,0.7225586697429907
03359009,Burweg,16267940.84281799,rp100,water,410752.3256075789,356583.9601899886,8523143.472735737,8523143.436726207,0.8681240201440972,0.04183714158170016,0.041837141758458395
03359010,"Buxtehude, Hansestadt",76319668.99626867,rp100,artificial,10071153.371805772,2336768.677666283,25422156.928375117,25422156.440581854,0.23202592507508377,0.0919185844163397,0.0919185861800479
03359010,"Buxtehude, Hansestadt",76319668.99626867,rp100,open_or_seasonal,32893206.537006833,4236162.573558822,25422156.928375117,25422156.440581854,0.12878533349410265,0.16663269704037584,0.16663270023767765
03359010,"Buxtehude, Hansestadt",76319668.99626867,rp100,perennial_vegetation,33130334.5402696,18776702.40923081,25422156.928375117,25422156.440581854,0.5667525749372652,0.7385959602929311,0.7385959744649048
03359010,"Buxtehude, Hansestadt",76319668.99626867,rp100,water,224968.24158583162,72523.26791920577,25422156.928375117,25422156.440581854,0.322371137401348,0.002852758250353589,0.0028527583050915206
03359012,Dollern,11996122.546763085,rp100,artificial,910492.8007520494,56380.70227542837,1572268.492233148,1572268.4100346654,0.06192328179735084,0.03585946201551675,0.035859463890256044
03359012,Dollern,11996122.546763085,rp100,open_or_seasonal,8008117.501684925,1003045.2796107236,1572268.492233148,1572268.4100346654,0.12525356669650275,0.637960554807063,0.6379605881597586
03359012,Dollern,11996122.546763085,rp100,perennial_vegetation,3024964.8754841443,512842.5103469961,1572268.492233148,1572268.4100346654,0.1695366827242633,0.3261799831774202,0.32618000023016996
03359012,Dollern,11996122.546763085,rp100,water,52546.60552745307,0,1572268.492233148,1572268.4100346654,0,0,0
03359013,Drochtersen,106998212.64449501,rp100,artificial,5072280.533526473,2784168.928566713,96044439.63857032,96044438.290419,0.5488988454333451,0.028988340595707148,0.028988341002609105
03359013,Drochtersen,106998212.64449501,rp100,open_or_seasonal,28583487.330247536,26434788.466139834,96044439.63857032,96044438.290419,0.9248272669012675,0.2752349700369737,0.27523497390037693
03359013,Drochtersen,106998212.64449501,rp100,perennial_vegetation,72233839.13459627,65770122.65487493,96044439.63857032,96044438.290419,0.9105167805399733,0.6847884469145512,0.6847884565267522
03359013,Drochtersen,106998212.64449501,rp100,water,1108597.8165854618,1055359.588988851,96044439.63857032,96044438.290419,0.9519769687436448,0.010988242452767989,0.01098824260700715
03359015,Engelschoff,19644677.689214565,rp100,artificial,324456.7703300105,215558.1752991866,17509763.34250602,17509763.291050352,0.6643663964229771,0.012310741789176896,0.012310741825354281
03359015,Engelschoff,19644677.689214565,rp100,open_or_seasonal,4363767.280504731,3371280.3488213066,17509763.34250602,17509763.291050352,0.7725619017042014,0.19253717385416155,0.19253717441996754
03359015,Engelschoff,19644677.689214565,rp100,perennial_vegetation,14893142.470845498,13883903.023106711,17509763.34250602,17509763.291050352,0.9322346207515,0.7929235108165447,0.7929235131466967
03359015,Engelschoff,19644677.689214565,rp100,water,63309.57184446337,39021.795278819074,17509763.34250602,17509763.291050352,0.6163648582979899,0.0022285735401169748,0.002228573546666049
03359016,Estorf,29475453.895685203,rp100,artificial,647114.8310080601,304.8807610320023,3556456.5928092045,3556456.646863445,4.7113857761081797e-4,8.572598964048665e-5,8.572598833754562e-5
03359016,Estorf,29475453.895685203,rp100,open_or_seasonal,14301635.899254631,586409.0681239064,3556456.5928092045,3556456.646863445,0.0410029364650843,0.1648857655987047,0.16488576309262187
03359016,Estorf,29475453.895685203,rp100,perennial_vegetation,13481616.16192461,2469863.726710128,3556456.5928092045,3556456.646863445,0.1832023473332247,0.6944731820160389,0.6944731714608081
03359016,Estorf,29475453.895685203,rp100,water,1045084.7481168181,499878.91721413797,3556456.5928092045,3556456.646863445,0.4783142401751539,0.14055532639561596,0.14055532425932915
03359018,"Freiburg (Elbe), Flecken",26113073.06536835,rp100,artificial,910759.5413179822,455484.19058978424,23526433.35913826,23526432.741288096,0.5001146514815996,0.01936052879910344,0.019360529307548818
03359018,"Freiburg (Elbe), Flecken",26113073.06536835,rp100,open_or_seasonal,10989612.786145281,10290243.51978236,23526433.35913826,23526432.741288096,0.9363608818643162,0.43739071548579506,0.43739072697253123
03359018,"Freiburg (Elbe), Flecken",26113073.06536835,rp100,perennial_vegetation,13939583.064540824,12512898.351636529,23526433.35913826,23526432.741288096,0.8976522679122692,0.5318655046697167,0.5318655186375457
03359018,"Freiburg (Elbe), Flecken",26113073.06536835,rp100,water,273116.2638215788,267807.297129585,23526433.35913826,23526432.741288096,0.9805615139219169,0.011383251045384738,0.011383251344331189
03359019,Großenwörden,12350347.572480025,rp100,artificial,242885.09148887344,207652.5483549628,11492397.255536275,11492397.366938056,0.8549415160974397,0.018068688693730073,0.018068688518580883
03359019,Großenwörden,12350347.572480025,rp100,open_or_seasonal,3862501.184147618,3496246.8375698053,11492397.255536275,11492397.366938056,0.9051768972703531,0.30422258818851267,0.304222585239525
03359019,Großenwörden,12350347.572480025,rp100,perennial_vegetation,7978969.2931867475,7575558.6764270915,11492397.255536275,11492397.366938056,0.9494407608381036,0.6591800220600353,0.6591800156702607
03359019,Großenwörden,12350347.572480025,rp100,water,265991.0125955025,212939.1931844148,11492397.255536275,11492397.366938056,0.8005503310303022,0.01852870105772186,0.018528700878113532
03359020,Grünendeich,2590811.678527903,rp100,artificial,804631.1006705834,674923.9485420216,2349278.154785578,2349278.3017563624,0.8387992310756279,0.2872899265534706,0.28728990858062087
03359020,Grünendeich,2590811.678527903,rp100,open_or_seasonal,282987.14889862755,269075.67130840785,2349278.154785578,2349278.3017563624,0.950840603029634,0.11453546731377441,0.11453546014843881
03359020,Grünendeich,2590811.678527903,rp100,perennial_vegetation,1321963.6803451087,1224853.4996177887,2349278.154785578,2349278.3017563624,0.9265409616231146,0.521374404781618,0.5213743721644499
03359020,Grünendeich,2590811.678527903,rp100,water,181229.47425466034,180425.0353173602,2349278.154785578,2349278.3017563624,0.9955612135354442,0.07680020135113708,0.07680019654651865
03359021,Guderhandviertel,9230903.761117129,rp100,artificial,727248.5234664633,692087.1545675482,9181189.147752626,9181188.477311466,0.9516515087149069,0.07538099296614072,0.07538099847071351
03359021,Guderhandviertel,9230903.761117129,rp100,open_or_seasonal,3321462.922967312,3317340.113725469,9181189.147752626,9181188.477311466,0.9987587369368677,0.36131922132739075,0.3613192477121315
03359021,Guderhandviertel,9230903.761117129,rp100,perennial_vegetation,5135195.715832999,5124765.796816908,9181189.147752626,9181188.477311466,0.9979689344684696,0.5581810497904129,0.5581810905506643
03359021,Guderhandviertel,9230903.761117129,rp100,water,46996.08264270287,46996.08264270287,9181189.147752626,9181188.477311466,1,0.005118735916055775,0.00511873628984303
03359022,Hammah,29393174.06893374,rp100,artificial,1343925.5639309045,27712.628610354015,8881919.10565503,8881918.974852502,0.020620657389160885,0.003120117204480016,0.0031201172504294575
03359022,Hammah,29393174.06893374,rp100,open_or_seasonal,12564973.859999297,2065207.7283449762,8881919.10565503,8881918.974852502,0.16436227813569776,0.23251818709203048,0.23251819051628672
03359022,Hammah,29393174.06893374,rp100,perennial_vegetation,15262273.966460416,6788898.700040811,8881919.10565503,8881918.974852502,0.444815675236845,0.764350431397015,0.7643504426534752
03359022,Hammah,29393174.06893374,rp100,water,221998.2844167551,100.04865888818676,8881919.10565503,8881918.974852502,4.5067311736682813e-4,1.1264306474541835e-5,1.1264306640429382e-5
03359023,"Harsefeld, Flecken",52050767.1431126,rp100,artificial,4603649.603052275,0,0,0,0,NA,NA
03359023,"Harsefeld, Flecken",52050767.1431126,rp100,open_or_seasonal,33128738.186738417,0,0,0,0,NA,NA
03359023,"Harsefeld, Flecken",52050767.1431126,rp100,perennial_vegetation,14202177.049226394,0,0,0,0,NA,NA
03359023,"Harsefeld, Flecken",52050767.1431126,rp100,water,116198.94519236888,0,0,0,0,NA,NA
03359025,Himmelpforten,18230152.943041302,rp100,artificial,1752783.526618389,98907.07814102553,6817613.136698797,6817613.245555222,0.05642857582752676,0.014507581488983987,0.014507581257342297
03359025,Himmelpforten,18230152.943041302,rp100,open_or_seasonal,7817166.451580454,1867961.790335434,6817613.136698797,6817613.245555222,0.23895637913118437,0.2739905818768609,0.27399057750206957
03359025,Himmelpforten,18230152.943041302,rp100,perennial_vegetation,8580454.853823928,4796038.297054383,6817613.136698797,6817613.245555222,0.5589491907782722,0.7034776249238315,0.7034776136914461
03359025,Himmelpforten,18230152.943041302,rp100,water,79746.01445042818,54705.97116795418,6817613.136698797,6817613.245555222,0.6860025738585416,0.008024211710323553,0.008024211582201443
03359026,Hollern-Twielenfleth,17721634.14104016,rp100,artificial,1584992.8214956776,1438002.2885526798,17107700.417110607,17107700.319000557,0.9072610733944585,0.08405584932469552,0.08405584980674298
03359026,Hollern-Twielenfleth,17721634.14104016,rp100,open_or_seasonal,4334011.903730671,4259947.802465483,17107700.417110607,17107700.319000557,0.9829109603502855,0.24900762221699949,0.2490076236450202
03359026,Hollern-Twielenfleth,17721634.14104016,rp100,perennial_vegetation,11386994.63773976,11001979.68972122,17107700.417110607,17107700.319000557,0.966188185709468,0.6431010259401884,0.6431010296282745
03359026,Hollern-Twielenfleth,17721634.14104016,rp100,water,415633.4616730096,407770.6363712238,17107700.417110607,17107700.319000557,0.98108230922954,0.023835502518116572,0.023835502654809538
03359027,"Horneburg, Flecken",16915077.024788674,rp100,artificial,1922468.2976671995,434341.20483489835,3601223.2803571397,3601223.0424688724,0.22592892967959236,0.12060935160671958,0.12060935957388777
03359027,"Horneburg, Flecken",16915077.024788674,rp100,open_or_seasonal,8359485.365182089,1094933.784033512,3601223.2803571397,3601223.0424688724,0.1309810037581975,0.304044958835467,0.3040449789199571
03359027,"Horneburg, Flecken",16915077.024788674,rp100,perennial_vegetation,6493190.077797519,2026861.3394638232,3601223.2803571397,3601223.0424688724,0.3121518568190956,0.5628257904805102,0.5628258276594493
03359027,"Horneburg, Flecken",16915077.024788674,rp100,water,139931.98559917678,45086.9520249065,3601223.2803571397,3601223.0424688724,0.3222061906135901,0.012519899077303297,0.012519899904338185
03359028,Jork,53187289.75906349,rp100,artificial,5167048.698823381,4993672.970929531,50987432.42390619,50987431.209118165,0.9664458885527186,0.09793929079253216,0.09793929312595973
03359028,Jork,53187289.75906349,rp100,open_or_seasonal,9493245.249919245,8385920.111954999,50987432.42390619,50987431.209118165,0.883356522578655,0.16447033540020226,0.16447033931874824
03359028,Jork,53187289.75906349,rp100,perennial_vegetation,37409418.6451359,36599508.540037304,50987432.42390619,50987431.209118165,0.9783501018077461,0.7178143083525245,0.7178143254546261
03359028,Jork,53187289.75906349,rp100,water,1117572.90579561,1008330.8009843549,50987432.42390619,50987431.209118165,0.9022505786917904,0.01977606545474105,0.01977606592591065
03359029,Kranenburg,14252921.917821907,rp100,artificial,381962.70030611806,19778.687244413522,5564355.21802903,5564355.095110855,0.051781724311201593,0.0035545335388238214,0.0035545336173444706
03359029,Kranenburg,14252921.917821907,rp100,open_or_seasonal,6277777.962196146,612578.6886529344,5564355.21802903,5564355.095110855,0.09757890329058992,0.11008978842114937,0.11008979085306388
03359029,Kranenburg,14252921.917821907,rp100,perennial_vegetation,6700145.2731211735,4509936.1797515545,5564355.21802903,5564355.095110855,0.6731102081986143,0.8105047221174775,0.8105047400217555
03359029,Kranenburg,14252921.917821907,rp100,water,893034.9119898917,422061.6623801271,5564355.21802903,5564355.095110855,0.4726149635512844,0.0758509559225493,0.07585095759811833
03359030,Krummendeich,30119374.190375984,rp100,artificial,356939.92971415585,203893.62365208345,28112997.269744247,28112996.793105382,0.5712267154178163,0.007252646229632645,0.007252646352596877
03359030,Krummendeich,30119374.190375984,rp100,open_or_seasonal,20349585.557692796,19524996.42895149,28112997.269744247,28112996.793105382,0.9594788244505754,0.6945184905618254,0.6945185023369664
03359030,Krummendeich,30119374.190375984,rp100,perennial_vegetation,9361341.654678155,8333660.962264063,28112997.269744247,28112996.793105382,0.8902207898906748,0.29643445280140623,0.2964344578272731
03359030,Krummendeich,30119374.190375984,rp100,water,51505.41932301941,50446.25487660765,28112997.269744247,28112996.793105382,0.9794358640249263,0.0017944104071357374,0.001794410437558881
03359032,Mittelnkirchen,6946955.462477503,rp100,artificial,558045.1060248549,532383.8015036617,6918808.3221635055,6918808.653783478,0.9540157162133587,0.07694732629002587,0.07694732260192413
03359032,Mittelnkirchen,6946955.462477503,rp100,open_or_seasonal,1828307.464744254,1826230.8835924065,6918808.3221635055,6918808.653783478,0.9988642057247532,0.2639516515788293,0.26395163892757045
03359032,Mittelnkirchen,6946955.462477503,rp100,perennial_vegetation,4537519.232344894,4537110.5768672135,6918808.3221635055,6918808.653783478,0.9999099385684656,0.6557647452572386,0.6557647138262946
03359032,Mittelnkirchen,6946955.462477503,rp100,water,23083.060200223645,23083.060200223645,6918808.3221635055,6918808.653783478,1,0.0033362768739061688,0.0033362767139977077
03359033,Neuenkirchen,8158411.745097326,rp100,artificial,577224.1931153187,565062.7888721996,8141062.79476523,8141063.184835243,0.9789312291685435,0.06940897068568733,0.06940896736003348
03359033,Neuenkirchen,8158411.745097326,rp100,open_or_seasonal,1710507.4941605944,1708780.5802767314,8141062.79476523,8141063.184835243,0.9989904084666343,0.20989649918625997,0.209896489129302
03359033,Neuenkirchen,8158411.745097326,rp100,perennial_vegetation,5818416.311400539,5814956.516884617,8141062.79476523,8141063.184835243,0.9994053717831872,0.7142748635502089,0.714274829326521
03359033,Neuenkirchen,8158411.745097326,rp100,water,52262.90873168179,52262.90873168179,8141062.79476523,8141063.184835243,1,0.0064196665778437755,0.006419666270252572
03359034,Nottensdorf,6989547.716333651,rp100,artificial,605858.5681804247,14750.2324586374,1964417.8431800448,1964417.9975787697,0.024345999600099373,0.007508704174036306,0.007508703583869472
03359034,Nottensdorf,6989547.716333651,rp100,open_or_seasonal,3011306.749734131,109105.89145843085,1964417.8431800448,1964417.9975787697,0.03623207481870249,0.05554108146452576,0.05554107709912483
03359034,Nottensdorf,6989547.716333651,rp100,perennial_vegetation,3302878.3557320987,1840534.900569095,1964417.8431800448,1964417.9975787697,0.5572517974738224,0.9369365621265152,0.9369364884854618
03359034,Nottensdorf,6989547.716333651,rp100,water,69503.65874927057,26.818693881346487,1964417.8431800448,1964417.9975787697,3.8586017432683635e-4,1.3652234922653608e-5,1.3652233849619423e-5
03359035,Oederquart,37754544.68789787,rp100,artificial,797489.9334613855,656607.1908160853,36711805.79968194,36711805.29924544,0.8233422934458623,0.017885450647643544,0.017885450891448832
03359035,Oederquart,37754544.68789787,rp100,open_or_seasonal,19944880.689953107,19416821.066757873,36711805.79968194,36711805.29924544,0.9735240520410214,0.5288985557590331,0.528898562968707
03359035,Oederquart,37754544.68789787,rp100,perennial_vegetation,16972293.978299025,16599985.443486076,36711805.79968194,36711805.29924544,0.9780637469932475,0.4521702237711743,0.45217022993492684
03359035,Oederquart,37754544.68789787,rp100,water,39877.12437935804,38392.0986219049,36711805.79968194,36711805.29924544,0.9627599587340894,0.0010457698221490788,0.0010457698364044767
03359038,"Stade, Hansestadt",100089867.20171496,rp100,artificial,18031029.415251076,1989644.9726503796,35771904.609024234,35771903.883815564,0.11034561182444139,0.055620325347408225,0.055620326475006636
03359038,"Stade, Hansestadt",100089867.20171496,rp100,open_or_seasonal,32767527.600310296,7342457.059288615,35771904.609024234,35771903.883815564,0.22407723734454366,0.20525764953080866,0.2052576536920249
03359038,"Stade, Hansestadt",100089867.20171496,rp100,perennial_vegetation,48276206.03622637,26127196.96795768,35771904.609024234,35771903.883815564,0.5412023668212842,0.7303831667203577,0.7303831815275149
03359038,"Stade, Hansestadt",100089867.20171496,rp100,water,1015096.8405594077,312605.6091275585,35771904.609024234,35771903.883815564,0.30795643985581245,0.008738858401425374,0.008738858578589437
03359039,Steinkirchen,8598347.444381874,rp100,artificial,817419.4904368249,658790.3020167452,7940849.215299564,7940848.504637074,0.805939067668537,0.08296219763844145,0.0829622050631042
03359039,Steinkirchen,8598347.444381874,rp100,open_or_seasonal,2429112.5224075275,2382307.767131211,7940849.215299564,7940848.504637074,0.9807317467410164,0.3000066746691575,0.30000670151811326
03359039,Steinkirchen,8598347.444381874,rp100,perennial_vegetation,5201539.673318037,4767931.948160198,7940849.215299564,7940848.504637074,0.9166385815757427,0.6004309890400469,0.600431042775335
03359039,Steinkirchen,8598347.444381874,rp100,water,150275.48151674445,131819.1979914108,7940849.215299564,7940848.504637074,0.8771836673617501,0.016600138652354195,0.016600140137975776
03359040,Wischhafen,27646661.21535302,rp100,artificial,1516398.128514658,1173908.3094565782,25755959.550230574,25755959.73786885,0.7741425469882667,0.04557812366365784,0.0455781233316104
03359040,Wischhafen,27646661.21535302,rp100,open_or_seasonal,10722584.295617403,10144201.299016211,25755959.550230574,25755959.73786885,0.9460593658529136,0.3938584108750628,0.39385840800571087
03359040,Wischhafen,27646661.21535302,rp100,perennial_vegetation,15045420.455082936,14162673.74511914,25755959.550230574,25755959.73786885,0.9413278802942613,0.5498794839112237,0.5498794799052211
03359040,Wischhafen,27646661.21535302,rp100,water,362256.2807321928,275176.19663864357,25755959.550230574,25755959.73786885,0.7596174622078522,0.01068398155005567,0.01068398147222033
03360002,"Bad Bevensen, Stadt",48165364.50427336,rp100,artificial,3785478.8516011564,367877.09990873456,3582763.773113243,3582763.653892794,0.09718112670293545,0.10267969735249045,0.10267970076927169
03360002,"Bad Bevensen, Stadt",48165364.50427336,rp100,open_or_seasonal,30677914.898528654,1533043.5342122908,3582763.773113243,3582763.653892794,0.04997222070936174,0.42789411507311087,0.42789412931176385
03360002,"Bad Bevensen, Stadt",48165364.50427336,rp100,perennial_vegetation,13090909.754535677,1599592.2639887533,3582763.773113243,3582763.653892794,0.12219106952704598,0.44646880600748834,0.44646882086423484
03360002,"Bad Bevensen, Stadt",48165364.50427336,rp100,water,611057.2161416446,82250.87500346417,3582763.773113243,3582763.653892794,0.13460421189821642,0.02295738156691036,0.022957382330842786
03360004,Bienenbüttel,99544191.18334588,rp100,artificial,2885428.1897994485,346323.52130932914,3361725.406363953,3361725.263910976,0.12002500098032255,0.10301957460705072,0.10301957897250118
03360004,Bienenbüttel,99544191.18334588,rp100,open_or_seasonal,57172754.32090481,818528.5290032635,3361725.406363953,3361725.263910976,0.014316758720577754,0.24348464852415924,0.24348465884181172
03360004,Bienenbüttel,99544191.18334588,rp100,perennial_vegetation,38826093.320113726,2188425.113272596,3361725.406363953,3361725.263910976,0.05636480330970847,0.6509827093937455,0.6509827369791125
03360004,Bienenbüttel,99544191.18334588,rp100,water,659908.5624632998,8448.242778764083,3361725.406363953,3361725.263910976,0.0128021414773413,0.002513067475044523,0.0025130675815356594
03360008,Emmendorf,11006393.409583993,rp100,artificial,483965.91979192424,81482.49511072162,1252091.1699974057,1252091.0728457524,0.16836411775803162,0.0650771262214799,0.06507713127091325
03360008,Emmendorf,11006393.409583993,rp100,open_or_seasonal,8179277.453356374,443239.77373576845,1252091.1699974057,1252091.0728457524,0.05419057811199259,0.3539996003139986,0.35399962778136673
03360008,Emmendorf,11006393.409583993,rp100,perennial_vegetation,2060271.6926669527,726751.00889944,1252091.1699974057,1252091.0728457524,0.3527452284502755,0.5804297852375605,0.5804298302739915
03360008,Emmendorf,11006393.409583993,rp100,water,282877.886611498,617.8922514758015,1252091.1699974057,1252091.0728457524,0.002184307366253797,4.934882269612058e-4,4.93488265251709e-4
03360012,Jelmstorf,13962852.30302496,rp100,artificial,349098.5154432137,15932.485338022034,1227251.2226904256,1227251.2585679276,0.04563893752969483,0.0129822525685444,0.01298225218902082
03360012,Jelmstorf,13962852.30302496,rp100,open_or_seasonal,9015653.464761388,631368.4381458692,1227251.2226904256,1227251.2585679276,0.07003024690485697,0.5144573714595777,0.5144573564199146
03360012,Jelmstorf,13962852.30302496,rp100,perennial_vegetation,4580702.245252568,578109.9710218991,1227251.2226904256,1227251.2585679276,0.12620553357753198,0.4710608230273709,0.47106080925636395
03360012,Jelmstorf,13962852.30302496,rp100,water,17397.005904505113,1840.328184635131,1227251.2226904256,1227251.2585679276,0.1057841903794814,0.0014995529445069081,0.0014995529006689302
03360025,"Uelzen, Hansestadt",136933147.83210912,rp100,artificial,14063221.52318127,1468388.071553408,3930020.85437994,3930020.6949552633,0.10441335003739888,0.3736336589453247,0.3736336741020961
03360025,"Uelzen, Hansestadt",136933147.83210912,rp100,open_or_seasonal,84193202.25766385,1168833.5810430148,3930020.85437994,3930020.6949552633,0.013882754779488382,0.2974115467454505,0.2974115588102062
03360025,"Uelzen, Hansestadt",136933147.83210912,rp100,perennial_vegetation,37745217.517359965,1249082.5582486943,3930020.85437994,3930020.6949552633,0.033092472117141995,0.3178310254655808,0.31783103835867027
03360025,"Uelzen, Hansestadt",136933147.83210912,rp100,water,931495.4680468924,43716.64353482298,3930020.85437994,3930020.6949552633,0.046931676035403144,0.011123768843644058,0.011123769294889329
09464000,Hof,58159802.17442,rp100,artificial,14907142.772512414,613700.7915671767,1598382.0990353646,1598382.0889884764,0.04116823732974451,0.38395124165714173,0.3839512440705291
09464000,Hof,58159802.17442,rp100,open_or_seasonal,23990408.66323625,297610.6641809493,1598382.0990353646,1598382.0889884764,0.012405402023727023,0.18619494322450153,0.18619494439485984
09464000,Hof,58159802.17442,rp100,perennial_vegetation,18426226.76643656,654855.0726166276,1598382.0990353646,1598382.0889884764,0.035539293036892856,0.4096987028394759,0.4096987054147031
09464000,Hof,58159802.17442,rp100,water,836019.8561533324,32215.570670611083,1598382.0990353646,1598382.0889884764,0.038534456369063205,0.020155112278880886,0.02015511240556909
09475113,Berg,38725423.26473027,rp100,artificial,2328083.0077057476,18960.269900177384,1201448.5994429048,1201448.5831315864,0.008144155443521806,0.015781174416424473,0.01578117463067564
09475113,Berg,38725423.26473027,rp100,open_or_seasonal,19191110.71717077,513088.7652075555,1201448.5994429048,1201448.5831315864,0.026735751399135123,0.42705844049047764,0.42705844628838385
09475113,Berg,38725423.26473027,rp100,perennial_vegetation,17081239.913287845,591404.9657160261,1201448.5994429048,1201448.5831315864,0.03462307002994321,0.49224325201282226,0.492243258695702
09475113,Berg,38725423.26473027,rp100,water,124986.6036351173,77994.59861914579,1201448.5994429048,1201448.5831315864,0.6240236661429831,0.06491713308027561,0.06491713396161505
09475137,Issigau,18594154.162651964,rp100,artificial,530638.7682503605,9313.72307822832,194431.55756887334,194431.5647021053,0.01755190844599959,0.04790232200309936,0.04790232024567702
09475137,Issigau,18594154.162651964,rp100,open_or_seasonal,9218717.338613618,72267.0992216445,194431.55756887334,194431.5647021053,0.007839170740049242,0.371684000916597,0.3716839872803945
09475137,Issigau,18594154.162651964,rp100,perennial_vegetation,8795072.893410202,101268.36247672857,194431.55756887334,194431.5647021053,0.011514215254839436,0.5208432403821913,0.5208432212736909
09475137,Issigau,18594154.162651964,rp100,water,49723.913344987806,11582.372792271964,194431.55756887334,194431.5647021053,0.23293365330907675,0.05957043669811239,0.059570434512614664
09475141,Köditz,31319439.79387769,rp100,artificial,1728346.217987477,63416.32238917006,874794.5877837463,874794.5691331651,0.03669190913786554,0.07249281519886003,0.07249281674440362
09475141,Köditz,31319439.79387769,rp100,open_or_seasonal,16963868.224995896,295469.738131406,874794.5877837463,874794.5691331651,0.017417592156017677,0.3377589919480019,0.3377589991490086
09475141,Köditz,31319439.79387769,rp100,perennial_vegetation,12459693.358204214,460953.12743495515,874794.5877837463,874794.5691331651,0.0369955434843375,0.526927273981838,0.526927285215904
09475141,Köditz,31319439.79387769,rp100,water,167529.79414901522,54955.399828215064,874794.5877837463,874794.5691331651,0.3280335901286494,0.06282091887130001,0.0628209202106392
09475181,Töpen,20756111.096766166,rp100,artificial,789980.0959091521,631.2815425470682,154722.85798013376,154722.86433950215,7.991106938214121e-4,0.004080079380566535,0.0040800792128684515
09475181,Töpen,20756111.096766166,rp100,open_or_seasonal,13148827.615883246,80686.21444645332,154722.85798013376,154722.86433950215,0.00613638088531845,0.5214886507384277,0.5214886293043723
09475181,Töpen,20756111.096766166,rp100,perennial_vegetation,6781319.254182383,56608.22262751339,154722.85798013376,154722.86433950215,0.008347671080756186,0.36586851720889113,0.3658685021710834
09475181,Töpen,20756111.096766166,rp100,water,35981.80357206339,16797.139363620005,154722.85798013376,154722.86433950215,0.4668231632685989,0.10856275267211479,0.10856274821000417
11000000,"Berlin, Stadt",891780174.8303725,rp100,artificial,433060770.3678811,53291101.48992382,124174190.86148787,124174189.85163718,0.12305686669483713,0.4291640728254735,0.4291640763156644
11000000,"Berlin, Stadt",891780174.8303725,rp100,open_or_seasonal,229895862.54608193,19924778.171223104,124174190.86148787,124174189.85163718,0.0866687114355059,0.16045828873931237,0.1604582900442447
11000000,"Berlin, Stadt",891780174.8303725,rp100,perennial_vegetation,177031867.50703013,9177203.560666962,124174190.86148787,124174189.85163718,0.051839274419350094,0.07390588573195395,0.07390588633299598
11000000,"Berlin, Stadt",891780174.8303725,rp100,water,51791600.20590872,41781107.639673986,124174190.86148787,124174189.85163718,0.8067159051576731,0.33647175270326024,0.3364717554396279
12051000,"Brandenburg an der Havel, Stadt",229536684.8226917,rp100,artificial,29555045.823452294,5958778.598858819,96674275.7601431,96674274.79893725,0.20161628692622277,0.06163768543395188,0.061637686046798514
12051000,"Brandenburg an der Havel, Stadt",229536684.8226917,rp100,open_or_seasonal,75989386.38128053,32675347.21345985,96674275.7601431,96674274.79893725,0.4299988296985275,0.33799422810810703,0.3379942314686911
12051000,"Brandenburg an der Havel, Stadt",229536684.8226917,rp100,perennial_vegetation,89640346.59633845,26831636.161428608,96674275.7601431,96674274.79893725,0.2993254397180633,0.27754680291580486,0.27754680567537676
12051000,"Brandenburg an der Havel, Stadt",229536684.8226917,rp100,water,34351887.346992604,31208513.786395818,96674275.7601431,96674274.79893725,0.9084948803876426,0.3228212835421362,0.32282128675185984
12052000,"Cottbus/Chóśebuz, Stadt",165033343.77745104,rp100,artificial,41884457.977444835,5674860.6068572225,23612299.280785944,23612299.012333285,0.1354884575541884,0.2403349432164377,0.24033494594885077
12052000,"Cottbus/Chóśebuz, Stadt",165033343.77745104,rp100,open_or_seasonal,64863898.52152422,12131911.672519593,23612299.280785944,23612299.012333285,0.18703642471464738,0.5137962859208591,0.5137962917623056
12052000,"Cottbus/Chóśebuz, Stadt",165033343.77745104,rp100,perennial_vegetation,56776335.57389943,5362447.981507592,23612299.280785944,23612299.012333285,0.0944486453256197,0.22710401548531875,0.22710401806730693
12052000,"Cottbus/Chóśebuz, Stadt",165033343.77745104,rp100,water,1508640.5303908396,443079.01990153914,23612299.280785944,23612299.012333285,0.2936942306506586,0.018764755377384455,0.01876475559072448
12054000,"Potsdam, Stadt",186960130.6256413,rp100,artificial,33746986.19149113,6165221.954592639,29813971.32232068,29813971.55123813,0.18268955691655572,0.20678969225334137,0.20678969066557004
12054000,"Potsdam, Stadt",186960130.6256413,rp100,open_or_seasonal,74113859.9480915,4560074.211515516,29813971.32232068,29813971.55123813,0.06152795461887074,0.15295091560316715,0.1529509144287804
12054000,"Potsdam, Stadt",186960130.6256413,rp100,perennial_vegetation,60959107.61973798,8677988.901437186,29813971.32232068,29813971.55123813,0.14235754492290723,0.29107121649843,0.2910712142635288
12054000,"Potsdam, Stadt",186960130.6256413,rp100,water,18140162.4958416,10410686.254775342,29813971.32232068,29813971.55123813,0.573902590848448,0.34918817564506155,0.34918817296392707
12060198,Schorfheide,139987527.87122595,rp100,artificial,1512002.1663084128,0,141458.7907826144,141458.7946781957,0,0,0
12060198,Schorfheide,139987527.87122595,rp100,open_or_seasonal,34043409.32238814,8105.5817175479215,141458.7907826144,141458.7946781957,2.380954751267349e-4,0.05729995055594746,0.05729994897798537
12060198,Schorfheide,139987527.87122595,rp100,perennial_vegetation,102489850.3778643,133353.20906506648,141458.7907826144,141458.7946781957,0.0013011357570863235,0.9427000494440525,0.9427000234833853
12060198,Schorfheide,139987527.87122595,rp100,water,1942250.2134827403,0,141458.7907826144,141458.7946781957,0,0,0
12061005,Alt Zauche-Wußwerk/Stara Niwa-Wózwjerch,33146755.549998734,rp100,artificial,906132.8741897852,0,797524.0149187994,797524.0445364628,0,0,0
12061005,Alt Zauche-Wußwerk/Stara Niwa-Wózwjerch,33146755.549998734,rp100,open_or_seasonal,13750493.689732019,110639.86627015688,797524.0149187994,797524.0445364628,0.008046246830597478,0.1387291971156778,0.13872919196368935
12061005,Alt Zauche-Wußwerk/Stara Niwa-Wózwjerch,33146755.549998734,rp100,perennial_vegetation,18446154.55263441,686884.1486486425,797524.0149187994,797524.0445364628,0.037237254338766464,0.8612708028843221,0.8612707708992944
12061005,Alt Zauche-Wußwerk/Stara Niwa-Wózwjerch,33146755.549998734,rp100,water,43972.163783183125,0,797524.0149187994,797524.0445364628,0,0,0
12061061,Byhleguhre-Byhlen/Beła Góra-Bělin,35724457.19712538,rp100,artificial,1089721.1866421318,16670.239291817616,3433001.014657656,3433000.7320376216,0.015297710548498477,0.00485587951201931,0.004855879911777114
12061061,Byhleguhre-Byhlen/Beła Góra-Bělin,35724457.19712538,rp100,open_or_seasonal,6072289.586107005,978479.6961701508,3433001.014657656,3433000.7320376216,0.16113850999610546,0.28502167403749695,0.28502169750176093
12061061,Byhleguhre-Byhlen/Beła Góra-Bělin,35724457.19712538,rp100,perennial_vegetation,27111136.411898814,2421704.534885395,3433001.014657656,3433000.7320376216,0.08932508390989219,0.7054191142226885,0.7054191722959574
12061061,Byhleguhre-Byhlen/Beła Góra-Bělin,35724457.19712538,rp100,water,1451306.3789066384,16146.544310292498,3433001.014657656,3433000.7320376216,0.011125524248337364,0.004703332227795061,0.004703332614994488
12061112,Eichwalde,2828092.221003644,rp100,artificial,1739446.2617835058,16193.63692548782,61137.782584658926,61137.778040548874,0.009309650594715127,0.26487118506570156,0.264871204752446
12061112,Eichwalde,2828092.221003644,rp100,open_or_seasonal,458197.3602823635,3543.579112993128,61137.782584658926,61137.778040548874,0.007733739694199465,0.0579605435981629,0.05796054790612268
12061112,Eichwalde,2828092.221003644,rp100,perennial_vegetation,592225.5045665808,3263.0381564179224,61137.782584658926,61137.778040548874,0.0055097899892136044,0.05337187608823589,0.053371880055139605
12061112,Eichwalde,2828092.221003644,rp100,water,38223.591700199395,38137.52838976005,61137.782584658926,61137.778040548874,0.9977484242947559,0.6237963952478996,0.6237964416120227
12061192,Groß Köris,68969441.09721689,rp100,artificial,2941860.9781342763,2242.535326938804,691923.457438033,691923.458528919,7.622846027078466e-4,0.0032410164778083708,0.003241016472698586
12061192,Groß Köris,68969441.09721689,rp100,open_or_seasonal,7112437.777816888,338434.7471236872,691923.457438033,691923.458528919,0.04758350901560608,0.48912165570567695,0.4891216549345281
12061192,Groß Köris,68969441.09721689,rp100,perennial_vegetation,54431615.60765868,246437.13359813602,691923.457438033,691923.458528919,0.004527463145214114,0.35616242078366933,0.3561624202221439
12061192,Groß Köris,68969441.09721689,rp100,water,4483499.220893347,104809.04138927099,691923.457438033,691923.458528919,0.023376616393921794,0.15147490703284539,0.15147490679403014
12061217,Heidesee,136118729.30755383,rp100,artificial,5723175.290031995,219359.3176104791,9336612.434410917,9336612.11632201,0.03832825424594898,0.023494529643536537,0.023494530443971335
12061217,Heidesee,136118729.30755383,rp100,open_or_seasonal,33148396.262586996,1323496.1334952088,9336612.434410917,9336612.11632201,0.039926400149529265,0.14175335463399402,0.14175335946338705
12061217,Heidesee,136118729.30755383,rp100,perennial_vegetation,85782992.92604005,1464680.1492273763,9336612.434410917,9336612.11632201,0.01707424862746613,0.15687490077548547,0.15687490612005422
12061217,Heidesee,136118729.30755383,rp100,water,11464161.77346266,6329076.834077852,9336612.434410917,9336612.11632201,0.552074975837174,0.6778772149469839,0.6778772380415732
12061260,"Königs Wusterhausen, Stadt",95823966.69664505,rp100,artificial,15631087.868758433,1155162.881043834,10072049.095766941,10072049.096896945,0.07390163056741794,0.1146899573324482,0.1146899573195809
12061260,"Königs Wusterhausen, Stadt",95823966.69664505,rp100,open_or_seasonal,19051805.800766148,2277358.0460495492,10072049.095766941,10072049.096896945,0.11953502307681342,0.22610672608880275,0.22610672606343538
12061260,"Königs Wusterhausen, Stadt",95823966.69664505,rp100,perennial_vegetation,53524214.2123827,1871937.37723544,10072049.095766941,10072049.096896945,0.034973654537134184,0.1858546716201149,0.1858546715992635
12061260,"Königs Wusterhausen, Stadt",95823966.69664505,rp100,water,7616847.113557813,4767590.791438119,10072049.095766941,10072049.096896945,0.625927069344994,0.4733486449586342,0.47334864490552825
12061265,Krausnick-Groß Wasserburg,54671599.66240399,rp100,artificial,1248857.2649560443,0,1139893.8044014154,1139893.8487517354,0,0,0
12061265,Krausnick-Groß Wasserburg,54671599.66240399,rp100,open_or_seasonal,12441104.632992122,595832.5975218912,1139893.8044014154,1139893.8487517354,0.0478922583724458,0.5227088657041844,0.522708845366935
12061265,Krausnick-Groß Wasserburg,54671599.66240399,rp100,perennial_vegetation,40584940.02731929,540437.4849987278,1139893.8044014154,1139893.8487517354,0.013316207554697345,0.4741121347549775,0.47411211630850114
12061265,Krausnick-Groß Wasserburg,54671599.66240399,rp100,water,396695.4876986823,3623.721880796321,1139893.8044014154,1139893.8487517354,0.009134769598258674,0.003178999540838123,0.003178999417151477
12061316,"Lübben (Spreewald) / Lubin (Błota), Stadt",120813388.55694766,rp100,artificial,8516186.787814628,1311210.6181236226,27782897.052559607,27782896.661316745,0.15396686930349698,0.04719488452349221,0.04719488518809755
12061316,"Lübben (Spreewald) / Lubin (Błota), Stadt",120813388.55694766,rp100,open_or_seasonal,36617830.69424683,8557123.042299371,27782897.052559607,27782896.661316745,0.2336873288248562,0.30799966706535425,0.30799967140265117
12061316,"Lübben (Spreewald) / Lubin (Błota), Stadt",120813388.55694766,rp100,perennial_vegetation,74320231.7327053,16859485.465609573,27782897.052559607,27782896.661316745,0.22684920475282105,0.6068296417653942,0.606829650310859
12061316,"Lübben (Spreewald) / Lubin (Błota), Stadt",120813388.55694766,rp100,water,1359133.542624062,1055077.9265270384,27782897.052559607,27782896.661316745,0.7762871663736683,0.03797580664575926,0.03797580718054019
12061328,"Märkisch Buchholz, Stadt",24895912.51925869,rp100,artificial,654849.1609296063,694.9301430768232,2437645.5756273237,2437645.5071347635,0.0010612064343036175,2.8508251979904184e-4,2.8508252780924334e-4
12061328,"Märkisch Buchholz, Stadt",24895912.51925869,rp100,open_or_seasonal,3542719.0047465274,431823.8807403463,2437645.5756273237,2437645.5071347635,0.12189052537381305,0.17714793531016798,0.17714794028764136
12061328,"Märkisch Buchholz, Stadt",24895912.51925869,rp100,perennial_vegetation,19052174.084430628,856997.806322379,2437645.5756273237,2437645.5071347635,0.04498162795093893,0.35156784681539777,0.35156785669369295
12061328,"Märkisch Buchholz, Stadt",24895912.51925869,rp100,water,1646168.04186279,1148128.9584215216,2437645.5756273237,2437645.5071347635,0.6974555022476979,0.4709991353546352,0.470999148588691
12061329,Märkische Heide/Markojska Góla,211631697.49474183,rp100,artificial,6475222.494954861,483816.9368598452,30659088.85447532,30659088.704974003,0.07471819497118576,0.015780538657110883,0.0157805387340607
12061329,Märkische Heide/Markojska Góla,211631697.49474183,rp100,open_or_seasonal,69601508.1824399,11880029.61200882,30659088.85447532,30659088.704974003,0.17068638197995387,0.387488019242773,0.3874880211322606
12061329,Märkische Heide/Markojska Góla,211631697.49474183,rp100,perennial_vegetation,130868333.95063539,15530996.192609122,30659088.85447532,30659088.704974003,0.11867650273952095,0.5065707029431847,0.506570705413349
12061329,Märkische Heide/Markojska Góla,211631697.49474183,rp100,water,4686615.729207596,2764246.1129975324,30659088.85447532,30659088.704974003,0.5898171031540719,0.09016073915693142,0.09016073959657753
12061332,"Mittenwalde, Stadt",99277275.31391412,rp100,artificial,7939913.044737448,41300.44410094271,5120146.223275033,5120146.1812933255,0.005201624232939998,0.00806626262218844,0.008066262688326295
12061332,"Mittenwalde, Stadt",99277275.31391412,rp100,open_or_seasonal,49666857.92846848,3650981.8895513415,5120146.223275033,5120146.1812933255,0.07350941939612089,0.7130620357978839,0.7130620416445064
12061332,"Mittenwalde, Stadt",99277275.31391412,rp100,perennial_vegetation,39792693.128529176,1427761.0366041965,5120146.223275033,5120146.1812933255,0.03587998007555237,0.2788516136734369,0.27885161595983
12061332,"Mittenwalde, Stadt",99277275.31391412,rp100,water,1877810.4902175046,102.85301855232433,5120146.223275033,5120146.1812933255,5.4772842674028826e-5,2.008790649079076e-5,2.0087906655497894e-5
12061344,Münchehofe,62322492.06522357,rp100,artificial,865649.6574144836,25065.763508403146,2438781.1748924833,2438781.1489857403,0.028956013895124033,0.010277987941869448,0.010277988051050704
12061344,Münchehofe,62322492.06522357,rp100,open_or_seasonal,7875726.899662117,779923.5556986879,2438781.1748924833,2438781.1489857403,0.09902877101187296,0.3198005478015353,0.3198005511987202
12061344,Münchehofe,62322492.06522357,rp100,perennial_vegetation,53468665.19894734,1576178.1192617973,2438781.1748924833,2438781.1489857403,0.029478538755308748,0.6462974765791708,0.6462974834446752
12061344,Münchehofe,62322492.06522357,rp100,water,112442.21708504875,57613.736423594724,2438781.1748924833,2438781.1489857403,0.5123852758970148,0.023623987677424442,0.023623987928377905
12061428,Schlepzig/Słopišća,30508224.72965719,rp100,artificial,650449.7993650931,258301.9151653564,11814772.511030085,11814772.387560446,0.3971127601507234,0.021862622824452168,0.021862623052926324
12061428,Schlepzig/Słopišća,30508224.72965719,rp100,open_or_seasonal,13722694.956500635,4984837.472978093,11814772.511030085,11814772.387560446,0.3632549939191576,0.4219156541799114,0.4219156585891181
12061428,Schlepzig/Słopišća,30508224.72965719,rp100,perennial_vegetation,14639207.490360204,5249673.223903434,11814772.511030085,11814772.387560446,0.3586036489584768,0.4443312995660663,0.4443313042095265
12061428,Schlepzig/Słopišća,30508224.72965719,rp100,water,1495866.6137041822,1321959.898983203,11814772.511030085,11814772.387560446,0.8837418302355599,0.11189042342957024,0.11189042459887506
12061450,Schwielochsee/Gójacki Jazor,132163406.72326814,rp100,artificial,4650510.47319927,12483.262333862582,9334207.114587875,9334206.861939542,0.0026842778670864605,0.0013373671893730787,0.0013373672255715043
12061450,Schwielochsee/Gójacki Jazor,132163406.72326814,rp100,open_or_seasonal,24699791.925431363,199156.34726683973,9334207.114587875,9334206.861939542,0.008063077934749105,0.021336182583263034,0.02133618316076802
12061450,Schwielochsee/Gójacki Jazor,132163406.72326814,rp100,perennial_vegetation,90452340.17053235,353030.9999934722,9334207.114587875,9334206.861939542,0.0039029504303359414,0.037821209199626726,0.037821210223330785
12061450,Schwielochsee/Gójacki Jazor,132163406.72326814,rp100,water,12360753.380873477,8769536.504993701,9334207.114587875,9334206.861939542,0.7094661817752406,0.9395052410277372,0.9395052664572607
12061476,Straupitz (Spreewald)/Tšupc (Błota),21758432.358809583,rp100,artificial,850064.808829937,0,0,0,0,NA,NA
12061476,Straupitz (Spreewald)/Tšupc (Błota),21758432.358809583,rp100,open_or_seasonal,7672392.605920529,0,0,0,0,NA,NA
12061476,Straupitz (Spreewald)/Tšupc (Błota),21758432.358809583,rp100,perennial_vegetation,13167675.350540698,0,0,0,0,NA,NA
12061476,Straupitz (Spreewald)/Tšupc (Błota),21758432.358809583,rp100,water,68297.25022078688,0,0,0,0,NA,NA
12061510,Unterspreewald,26040163.130653583,rp100,artificial,875975.0051245388,269302.82837312226,14322059.784776615,14322059.611238075,0.30743209200910365,0.018803358764035674,0.018803358991873537
12061510,Unterspreewald,26040163.130653583,rp100,open_or_seasonal,5851743.018553227,3998168.5469657048,14322059.784776615,14322059.611238075,0.6832440410129637,0.27916155965327616,0.2791615630358406
12061510,Unterspreewald,26040163.130653583,rp100,perennial_vegetation,19225735.149817802,9998737.067048242,14322059.784776615,14322059.611238075,0.5200704674818637,0.6981354091033908,0.698135417562607
12061510,Unterspreewald,26040163.130653583,rp100,water,86708.58150534797,55851.34238954551,14322059.784776615,14322059.611238075,0.6441270450964619,0.003899672479297407,0.003899672526549233
12061540,"Wildau, Stadt",8859795.18962394,rp100,artificial,3527561.753347819,150508.84893200165,1101811.075459663,1101811.069215901,0.04266653837857319,0.13660132148264262,0.13660132225673738
12061540,"Wildau, Stadt",8859795.18962394,rp100,open_or_seasonal,3136487.2186345435,487355.33587704296,1101811.075459663,1101811.069215901,0.15538253527116588,0.44232205205753977,0.44232205456409807
12061540,"Wildau, Stadt",8859795.18962394,rp100,perennial_vegetation,2024632.2098838817,308400.00054166856,1101811.075459663,1101811.069215901,0.15232396236517257,0.2799027958699794,0.27990279745613744
12061540,"Wildau, Stadt",8859795.18962394,rp100,water,171114.07116214285,155546.89010895003,1101811.075459663,1101811.069215901,0.9090245416553627,0.14117383058983832,0.14117383138984463
12061572,Zeuthen,13399174.843686089,rp100,artificial,4001632.763529821,176814.97732567755,1480566.9606417967,1480566.9040155285,0.04418570812822662,0.11942383021233416,0.11942383477985881
12061572,Zeuthen,13399174.843686089,rp100,open_or_seasonal,2983853.650112028,74239.81120350058,1480566.9606417967,1480566.9040155285,0.024880513560279094,0.05014282580729687,0.05014282772507654
12061572,Zeuthen,13399174.843686089,rp100,perennial_vegetation,5155624.700658719,88734.57076746358,1480566.9606417967,1480566.9040155285,0.01721121608330533,0.059932831899071205,0.05993283419128279
12061572,Zeuthen,13399174.843686089,rp100,water,1258082.9620153874,1140777.601345155,1480566.9606417967,1480566.9040155285,0.9067586445314266,0.7705005120812978,0.7705005415501238
12062024,"Bad Liebenwerda, Stadt",139016262.1988965,rp100,artificial,7011964.014855766,595182.0423055056,36034438.1807335,36034438.1065433,0.0848809322244858,0.01651703404727234,0.016517034081278754
12062024,"Bad Liebenwerda, Stadt",139016262.1988965,rp100,open_or_seasonal,70212009.49992262,24468333.87166095,36034438.1807335,36034438.1065433,0.34849214608631757,0.6790263732970704,0.679026374695097
12062024,"Bad Liebenwerda, Stadt",139016262.1988965,rp100,perennial_vegetation,59597655.73957333,10335145.30400795,36034438.1807335,36034438.1065433,0.17341529923878077,0.28681299961362605,0.2868130002041365
12062024,"Bad Liebenwerda, Stadt",139016262.1988965,rp100,water,2194612.8929802175,635776.9627590909,36034438.1807335,36034438.1065433,0.2896989099046644,0.01764359304203114,0.017643593078356994
12062124,"Elsterwerda, Stadt",40376165.00680845,rp100,artificial,5620897.91452926,417428.67408985755,9381439.666225564,9381439.596809804,0.07426369957918305,0.04449516161071275,0.04449516193994425
12062124,"Elsterwerda, Stadt",40376165.00680845,rp100,open_or_seasonal,19099513.897533435,7087628.749051962,9381439.666225564,9381439.596809804,0.3710894835898037,0.7554947855784195,0.7554947911685258
12062124,"Elsterwerda, Stadt",40376165.00680845,rp100,perennial_vegetation,15643411.60792824,1876282.1972617505,9381439.666225564,9381439.596809804,0.119940729317052,0.1999993885817565,0.199999390061605
12062124,"Elsterwerda, Stadt",40376165.00680845,rp100,water,12338.39741285834,100.04582199313063,9381439.666225564,9381439.596809804,0.008108494048738361,1.066422911115753e-5,1.0664229190064987e-5
12062128,"Falkenberg/Elster, Stadt",81963253.69837146,rp100,artificial,4462457.468675143,125040.8053107227,8977807.72645762,8977807.459151534,0.028020615588711932,0.013927766011542792,0.013927766426229409
12062128,"Falkenberg/Elster, Stadt",81963253.69837146,rp100,open_or_seasonal,43124139.608451426,5715390.691953736,8977807.72645762,8977807.459151534,0.13253344284308086,0.6366131761889339,0.6366131951435146
12062128,"Falkenberg/Elster, Stadt",81963253.69837146,rp100,perennial_vegetation,33745048.70179932,2750084.083726385,8977807.72645762,8977807.459151534,0.08149592872212237,0.3063202251059444,0.3063202342263517
12062128,"Falkenberg/Elster, Stadt",81963253.69837146,rp100,water,631600.8378786693,387292.1454667759,8977807.72645762,8977807.459151534,0.6131913104605078,0.043138832693578974,0.04313883397799865
12062196,Gröden,22364891.756251942,rp100,artificial,1178990.2446452288,0,1587439.5609664456,1587439.550870099,0,0,0
12062196,Gröden,22364891.756251942,rp100,open_or_seasonal,13319165.1834593,722170.355947893,1587439.5609664456,1587439.550870099,0.054220391893985684,0.45492778037371706,0.4549277832671239
12062196,Gröden,22364891.756251942,rp100,perennial_vegetation,7801849.4535510745,865269.2050185525,1587439.5609664456,1587439.550870099,0.1109056525853262,0.5450722196262828,0.5450722230930215
12062196,Gröden,22364891.756251942,rp100,water,64883.007092347,0,1587439.5609664456,1587439.550870099,0,0,0
12062224,"Herzberg (Elster), Stadt",149281447.44662365,rp100,artificial,7166312.017180414,1142314.4751181586,48772188.30543759,48772187.78401585,0.15940060555270133,0.02342143165618022,0.02342143190657792
12062224,"Herzberg (Elster), Stadt",149281447.44662365,rp100,open_or_seasonal,75312347.0350978,34644660.140775576,48772188.30543759,48772187.78401585,0.4600130191750648,0.7103363893334484,0.7103363969276297
12062224,"Herzberg (Elster), Stadt",149281447.44662365,rp100,perennial_vegetation,66623264.198776945,12938115.064921811,48772188.30543759,48772187.78401585,0.1941981561623834,0.2652764929040378,0.2652764957400995
12062224,"Herzberg (Elster), Stadt",149281447.44662365,rp100,water,179517.8055624898,47098.62462204165,48772188.30543759,48772187.78401585,0.2623618558307672,9.656861063334869e-4,9.656861166576031e-4
12062232,Hirschfeld,20295904.260806426,rp100,artificial,792720.336594185,0,0,0,0,NA,NA
12062232,Hirschfeld,20295904.260806426,rp100,open_or_seasonal,13375859.177670134,0,0,0,0,NA,NA
12062232,Hirschfeld,20295904.260806426,rp100,perennial_vegetation,6118540.127624125,0,0,0,0,NA,NA
12062232,Hirschfeld,20295904.260806426,rp100,water,8781.929066342982,0,0,0,0,NA,NA
12062240,Hohenleipisch,34973457.18011927,rp100,artificial,1439913.7791597568,1438.6380912826444,514397.86605215096,514397.8485153883,9.991140525942763e-4,0.002796741950591202,0.0027967420459372454
12062240,Hohenleipisch,34973457.18011927,rp100,open_or_seasonal,12301340.403564084,419302.74672374123,514397.86605215096,514397.8485153883,0.034085939659246896,0.815133137976959,0.8151331657663372
12062240,Hohenleipisch,34973457.18011927,rp100,perennial_vegetation,21103581.565741554,93656.48123712708,514397.86605215096,514397.8485153883,0.004437942485988449,0.18207012007244983,0.1820701262795529
12062240,Hohenleipisch,34973457.18011927,rp100,water,128620.36311705156,0,514397.86605215096,514397.8485153883,0,0,0
12062282,Kremitzaue,23528158.618049905,rp100,artificial,830723.7991768058,4.176624912396893,486730.27074397367,486730.3126913256,5.027693821382825e-6,8.580984507112873e-6,8.58098376758717e-6
12062282,Kremitzaue,23528158.618049905,rp100,open_or_seasonal,10686849.330697637,324289.3751985739,486730.27074397367,486730.3126913256,0.03034471294238826,0.6662609553806738,0.6662608979610267
12062282,Kremitzaue,23528158.618049905,rp100,perennial_vegetation,12010582.473981565,162436.71892048733,486730.27074397367,486730.3126913256,0.013524466383905425,0.33373046363481906,0.3337304348732876
12062282,Kremitzaue,23528158.618049905,rp100,water,0,0,486730.27074397367,486730.3126913256,NA,0,0
12062336,Merzdorf,12864357.151873898,rp100,artificial,482815.1706485444,0,186554.5571817812,186554.5558117185,0,0,0
12062336,Merzdorf,12864357.151873898,rp100,open_or_seasonal,3631235.6456351727,8052.656419085568,186554.5571817812,186554.5558117185,0.002217607780085835,0.04316515522715939,0.04316515554416568
12062336,Merzdorf,12864357.151873898,rp100,perennial_vegetation,8749906.715484848,178501.90076269562,186554.5571817812,186554.5558117185,0.02040043472084085,0.9568348447728406,0.9568348517998665
12062336,Merzdorf,12864357.151873898,rp100,water,399.1240813338943,0,186554.5571817812,186554.5558117185,0,0,0
12062341,"Mühlberg/Elbe, Stadt",89098728.82767713,rp100,artificial,4868602.205532314,1655271.7982244878,49772257.35611115,49772256.48915622,0.3399891238482292,0.033256916325521045,0.03325691690480456
12062341,"Mühlberg/Elbe, Stadt",89098728.82767713,rp100,open_or_seasonal,61091379.98236559,38819111.65959747,49772257.35611115,49772256.48915622,0.6354269893854558,0.7799347211008338,0.7799347346860779
12062341,"Mühlberg/Elbe, Stadt",89098728.82767713,rp100,perennial_vegetation,19148778.157623485,6161043.667541498,49772257.35611115,49772256.48915622,0.3217460465010752,0.12378469442244479,0.12378469657858074
12062341,"Mühlberg/Elbe, Stadt",89098728.82767713,rp100,water,3989960.889689321,3136830.230747691,49772257.35611115,49772256.48915622,0.7861806963706706,0.06302366815120038,0.06302366924897419
12062372,Plessa,52513501.633286625,rp100,artificial,2334459.206825223,47540.299588576716,17110929.934505533,17110929.558951735,0.020364587845263633,0.002778358614671665,0.0027783586756515858
12062372,Plessa,52513501.633286625,rp100,open_or_seasonal,29758571.596386552,11792446.500010854,17110929.934505533,17110929.558951735,0.39627058247119484,0.6891762484650503,0.6891762635912162
12062372,Plessa,52513501.633286625,rp100,perennial_vegetation,19781630.434095565,5265586.533830016,17110929.934505533,17110929.558951735,0.2661856691425326,0.30773234149077705,0.3077323482449425
12062372,Plessa,52513501.633286625,rp100,water,638838.4031300317,5356.601076087893,17110929.934505533,17110929.558951735,0.008384907747941994,3.130514295009698e-4,3.1305143637187956e-4
12062410,Röderland,46812746.13874429,rp100,artificial,3323570.734397103,298901.5360364946,16114709.698399836,16114709.340215337,0.0899338572647275,0.018548366159284582,0.018548366571562405
12062410,Röderland,46812746.13874429,rp100,open_or_seasonal,28373134.13613598,11678378.195746297,16114709.698399836,16114709.340215337,0.4115998655528411,0.7247029834428814,0.724702999550983
12062410,Röderland,46812746.13874429,rp100,perennial_vegetation,14909555.172394658,4129575.78653813,16114709.698399836,16114709.340215337,0.27697511688236837,0.2562612584295074,0.25626126412547184
12062410,Röderland,46812746.13874429,rp100,water,206487.11914759135,7854.180078914906,16114709.698399836,16114709.340215337,0.03803714300116199,4.8739196832660363e-4,4.873919791599513e-4
12062453,Schönborn,38868211.06746749,rp100,artificial,1414263.4301655942,18438.370752348572,3157954.3917154334,3157954.37564668,0.013037437268804757,0.005838707107588295,0.005838707137297636
12062453,Schönborn,38868211.06746749,rp100,open_or_seasonal,14982151.517630244,1246976.0425568589,3157954.3917154334,3157954.37564668,0.08323077236867349,0.39486828746740976,0.3948682894766348
12062453,Schönborn,38868211.06746749,rp100,perennial_vegetation,21759349.875391636,1892539.978406226,3157954.3917154334,3157954.37564668,0.086975943180479,0.599293005425002,0.59929300847441
12062453,Schönborn,38868211.06746749,rp100,water,712442.7713093925,0,3157954.3917154334,3157954.37564668,0,0,0
12062461,"Schönewalde, Stadt",156292913.23826408,rp100,artificial,5275754.161824533,62150.53373685974,7275352.237645197,7275352.067489935,0.011780407469813946,0.008542615079895557,0.008542615279689449
12062461,"Schönewalde, Stadt",156292913.23826408,rp100,open_or_seasonal,65645342.53276999,2491465.6986013455,7275352.237645197,7275352.067489935,0.03795342673941585,0.34245293110478386,0.34245293911404134
12062461,"Schönewalde, Stadt",156292913.23826408,rp100,perennial_vegetation,85197835.9793914,4714403.6773457555,7275352.237645197,7275352.067489935,0.05533478195955738,0.6479966224799117,0.6479966376351969
12062461,"Schönewalde, Stadt",156292913.23826408,rp100,water,173970.77718939498,7332.327961234958,7275352.237645197,7275352.067489935,0.04214689432152474,0.0010078313354087447,0.0010078313589798108
12062464,Schraden,16521516.535884708,rp100,artificial,423929.43504524155,3105.644012312626,2867864.6999483733,2867864.8225676,0.007325851322357913,0.0010829116214473205,0.0010829115751460497
12062464,Schraden,16521516.535884708,rp100,open_or_seasonal,11956112.491904257,2181397.01381398,2867864.6999483733,2867864.8225676,0.18245035878434995,0.760634563357626,0.7606345308357229
12062464,Schraden,16521516.535884708,rp100,perennial_vegetation,4141474.0085299257,683362.0421220806,2867864.6999483733,2867864.8225676,0.16500454686292948,0.23828252502092667,0.2382825148328527
12062464,Schraden,16521516.535884708,rp100,water,0,0,2867864.6999483733,2867864.8225676,NA,0,0
12062500,"Uebigau-Wahrenbrück, Stadt",135709259.22440073,rp100,artificial,4481944.6863577,779650.8069409843,48737136.9467573,48737136.555563875,0.17395368785208631,0.01599705800922838,0.015997058137630343
12062500,"Uebigau-Wahrenbrück, Stadt",135709259.22440073,rp100,open_or_seasonal,68305416.35302672,31227927.434573513,48737136.9467573,48737136.555563875,0.4571808372146721,0.6407419350194563,0.6407419401624346
12062500,"Uebigau-Wahrenbrück, Stadt",135709259.22440073,rp100,perennial_vegetation,62468039.42558049,16687293.18141203,48737136.9467573,48737136.555563875,0.2671332946392845,0.3423937930461939,0.3423937957944514
12062500,"Uebigau-Wahrenbrück, Stadt",135709259.22440073,rp100,water,453849.04200714425,42265.5238307682,48737136.9467573,48737136.555563875,0.09312683275445337,8.672139251212276e-4,8.672139320820056e-4
12063088,"Friesack, Stadt",84486850.61611748,rp100,artificial,1674170.7645707726,43549.97315629693,28095345.109083734,28095344.675152328,0.026012862055599426,0.001550077886112758,0.0015500779100536453
12063088,"Friesack, Stadt",84486850.61611748,rp100,open_or_seasonal,33733804.42435805,11359565.908031376,28095345.109083734,28095344.675152328,0.33674132229891673,0.4043219922704784,0.4043219985152144
12063088,"Friesack, Stadt",84486850.61611748,rp100,perennial_vegetation,49069581.67694831,16691597.355192188,28095345.109083734,28095344.675152328,0.3401618025823418,0.5941054395446985,0.5941054487206319
12063088,"Friesack, Stadt",84486850.61611748,rp100,water,9286.74552059511,631.8727038735798,28095345.109083734,28095344.675152328,0.06804027336296477,2.2490298710346998e-5,2.2490299057708708e-5
12063094,Gollenberg,30284078.135689057,rp100,artificial,431230.08686541324,29979.607558535172,8996897.031289555,8996896.745767586,0.06952114073592411,0.003332216369073871,0.0033322164748237765
12063094,Gollenberg,30284078.135689057,rp100,open_or_seasonal,13221151.96390674,3272002.5172632276,8996897.031289555,8996896.745767586,0.2474824074479799,0.3636812231910406,0.3636812347326846
12063094,Gollenberg,30284078.135689057,rp100,perennial_vegetation,16623646.545913098,5689263.121704062,8996897.031289555,8996896.745767586,0.34223917754692396,0.6323583677703379,0.6323583878386139
12063094,Gollenberg,30284078.135689057,rp100,water,8047.9741857919835,5651.784763730162,8996897.031289555,8996896.745767586,0.7022617907631847,6.281926695475443e-4,6.281926894836193e-4
12063112,Großderschau,20152970.815314863,rp100,artificial,437020.64864448865,69825.18285187238,15723797.425036835,15723797.273332054,0.159775477585441,0.00444073279274703,0.004440732835591667
12063112,Großderschau,20152970.815314863,rp100,open_or_seasonal,8626466.024227306,6393517.764671985,15723797.425036835,15723797.273332054,0.7411514456459786,0.4066141016604332,0.40661410558348704
12063112,Großderschau,20152970.815314863,rp100,perennial_vegetation,11085960.797066996,9256933.087276937,15723797.425036835,15723797.273332054,0.8350140557709745,0.5887212126338656,0.5887212183139071
12063112,Großderschau,20152970.815314863,rp100,water,3521.390236041278,3521.390236041278,15723797.425036835,15723797.273332054,1,2.239529129543609e-4,2.2395291511508115e-4
12063134,Havelaue,74758824.52852358,rp100,artificial,957734.6286005919,80607.91649231238,50837161.819588944,50837161.30217464,0.08416518948478852,0.0015856100853618455,0.0015856101014999876
12063134,Havelaue,74758824.52852358,rp100,open_or_seasonal,29063704.06027133,17470738.696774587,50837161.819588944,50837161.30217464,0.6011187927231972,0.3436607802531304,0.34366078375086706
12063134,Havelaue,74758824.52852358,rp100,perennial_vegetation,39006116.68365757,27807141.27018793,50837161.819588944,50837161.30217464,0.7128918137559259,0.5469845340475534,0.5469845396146938
12063134,Havelaue,74758824.52852358,rp100,water,5731259.785880189,5478673.936134116,50837161.819588944,50837161.30217464,0.9559283893624302,0.10776907561395438,0.10776907671081462
12063142,Wiesenaue,46823851.7462635,rp100,artificial,589547.9671020395,31052.7876537592,16407648.871520674,16407648.614141246,0.05267219867859294,0.001892579972725928,0.0018925800024139814
12063142,Wiesenaue,46823851.7462635,rp100,open_or_seasonal,21438758.452924445,5374012.99968648,16407648.871520674,16407648.614141246,0.2506681070868362,0.3275309608200076,0.3275309659578389
12063142,Wiesenaue,46823851.7462635,rp100,perennial_vegetation,24795543.674571894,11002583.084180435,16407648.871520674,16407648.614141246,0.4437322782102861,0.6705764592072665,0.6705764697262988
12063142,Wiesenaue,46823851.7462635,rp100,water,0,0,16407648.871520674,16407648.614141246,NA,0,0
12063148,"Ketzin/Havel, Stadt",93820295.34505205,rp100,artificial,5150918.748593297,101182.86312261567,11950219.965499654,11950219.761126848,0.019643653503610102,0.008467029344625548,0.008467029489428788
12063148,"Ketzin/Havel, Stadt",93820295.34505205,rp100,open_or_seasonal,60969832.94678624,2308721.7031763997,11950219.965499654,11950219.761126848,0.03786662340360068,0.19319491271639275,0.19319491602041455
12063148,"Ketzin/Havel, Stadt",93820295.34505205,rp100,perennial_vegetation,19404883.698598024,4585344.99796458,11950219.965499654,11950219.761126848,0.2362985044994557,0.38370381559523536,0.3837038221573428
12063148,"Ketzin/Havel, Stadt",93820295.34505205,rp100,water,8294654.036670705,4954970.401236059,11950219.965499654,11950219.761126848,0.5973691463598254,0.4146342423437463,0.41463424943482624
12063161,Kleßen-Görne,42034805.316336,rp100,artificial,479880.50300976954,60361.091896825135,14047305.545873389,14047304.872626437,0.12578358886899035,0.004296987183749067,0.0042969873896913134
12063161,Kleßen-Görne,42034805.316336,rp100,open_or_seasonal,19131489.473343574,5771471.380865826,14047305.545873389,14047304.872626437,0.30167391770031154,0.41085967426410003,0.41085969395542343
12063161,Kleßen-Görne,42034805.316336,rp100,perennial_vegetation,21742076.224842466,8214200.897540934,14047305.545873389,14047304.872626437,0.3778020467132481,0.5847527748803031,0.584752802905823
12063161,Kleßen-Görne,42034805.316336,rp100,water,681356.1594689724,1272.175569802088,14047305.545873389,14047304.872626437,0.001867122725937609,9.056367184778785e-5,9.056367618824436e-5
12063165,Kotzen,42652975.11214483,rp100,artificial,418454.42435211566,0,1229106.0404457431,1229105.9525189882,0,0,0
12063165,Kotzen,42652975.11214483,rp100,open_or_seasonal,21629824.918098796,10301.553897187872,1229106.0404457431,1229105.9525189882,4.762661711869904e-4,0.008381338597483377,0.008381339197060578
12063165,Kotzen,42652975.11214483,rp100,perennial_vegetation,20498731.173981957,1218804.4865485553,1229106.0404457431,1229105.9525189882,0.05945755745582559,0.9916186614025166,0.9916187323401042
12063165,Kotzen,42652975.11214483,rp100,water,105960.90640857772,0,1229106.0404457431,1229105.9525189882,0,0,0
12063189,Milower Land,161256027.7821242,rp100,artificial,4654334.666832171,638115.4863187979,57474381.47739551,57474381.25175719,0.13710133284272646,0.011102607281989918,0.011102607325577577
12063189,Milower Land,161256027.7821242,rp100,open_or_seasonal,65573557.175454676,34534510.70106051,57474381.47739551,57474381.25175719,0.5266530014325252,0.6008678965017279,0.6008678988606715
12063189,Milower Land,161256027.7821242,rp100,perennial_vegetation,88866396.48764318,20674482.046675764,57474381.47739551,57474381.25175719,0.23264679185625062,0.3597164774153676,0.3597164788275763
12063189,Milower Land,161256027.7821242,rp100,water,2161728.672754423,1627273.2433404417,57474381.47739551,57474381.25175719,0.752764795994036,0.028313018800914684,0.02831301891206859
12063202,Mühlenberge,39744459.80381656,rp100,artificial,534765.9555895845,9746.174125521704,170193.0889975989,170193.1045986833,0.01822512077227589,0.05726539298936635,0.0572653877400219
12063202,Mühlenberge,39744459.80381656,rp100,open_or_seasonal,21180765.511671364,8979.453467122315,170193.0889975989,170193.1045986833,4.2394376455252825e-4,0.052760388333094994,0.052760383496710625
12063202,Mühlenberge,39744459.80381656,rp100,perennial_vegetation,17919774.575277083,151467.46140495487,170193.0889975989,170193.1045986833,0.008452531630276539,0.8899742186775386,0.889974137096308
12063202,Mühlenberge,39744459.80381656,rp100,water,109149.6419737181,0,170193.0889975989,170193.1045986833,0,0,0
12063208,"Nauen, Stadt",268622786.97114605,rp100,artificial,9167338.451853838,6330.737451067154,602060.3409034357,602060.327765154,6.905752944887662e-4,0.010515121194608863,0.010515121424071957
12063208,"Nauen, Stadt",268622786.97114605,rp100,open_or_seasonal,156752189.61485457,203804.64647748118,602060.3409034357,602060.327765154,0.0013001709703592407,0.3385119939500704,0.3385120013371474
12063208,"Nauen, Stadt",268622786.97114605,rp100,perennial_vegetation,101924156.81839198,384394.37669722445,602060.3409034357,602060.327765154,0.0037713765675995406,0.638464869020292,0.638464882953001
12063208,"Nauen, Stadt",268622786.97114605,rp100,water,779085.8252096754,7530.580277662921,602060.3409034357,602060.327765154,0.009665918739615389,0.01250801583502865,0.012508016107981091
12063228,Paulinenaue,31697901.34660355,rp100,artificial,761008.0687464379,1677.64010176784,2264070.383501571,2264070.3217222546,0.0022044971277785713,7.40984076287077e-4,7.409840965061883e-4
12063228,Paulinenaue,31697901.34660355,rp100,open_or_seasonal,17880837.7030642,24796.83433698652,2264070.383501571,2264070.3217222546,0.0013867825852888953,0.010952324856012725,0.010952325154867023
12063228,Paulinenaue,31697901.34660355,rp100,perennial_vegetation,13056057.698346121,2237595.9090628168,2264070.383501571,2264070.3217222546,0.1713837331881786,0.9883066910677002,0.9883067180354632
12063228,Paulinenaue,31697901.34660355,rp100,water,0,0,2264070.383501571,2264070.3217222546,NA,0,0
12063244,"Premnitz, Stadt",46178220.475776285,rp100,artificial,4509431.667710269,340781.18532464706,9703027.248655936,9703027.029417371,0.07557076155844795,0.03512112009907548,0.03512112089263237
12063244,"Premnitz, Stadt",46178220.475776285,rp100,open_or_seasonal,11876367.868915513,3207174.1151979365,9703027.248655936,9703027.029417371,0.27004671382672474,0.33053335139733786,0.33053335886569357
12063244,"Premnitz, Stadt",46178220.475776285,rp100,perennial_vegetation,28933061.064715944,5504579.661943113,9703027.248655936,9703027.029417371,0.19025223945820183,0.5673053904600349,0.5673054032782223
12063244,"Premnitz, Stadt",46178220.475776285,rp100,water,859322.0832015108,650492.2861902394,9703027.248655936,9703027.029417371,0.7569830903992946,0.06704013804355188,0.0670401395583146
12063252,"Rathenow, Stadt",113281273.23172311,rp100,artificial,11468517.040180419,1813680.0603432434,33865221.54842564,33865221.14217362,0.1581442530005354,0.0535558303597621,0.053555831002225475
12063252,"Rathenow, Stadt",113281273.23172311,rp100,open_or_seasonal,41040975.080246285,15645864.178470455,33865221.54842564,33865221.14217362,0.38122544963609,0.46200389258040503,0.46200389812266957
12063252,"Rathenow, Stadt",113281273.23172311,rp100,perennial_vegetation,57935663.73668212,15123189.665029574,33865221.54842564,33865221.14217362,0.261034200518778,0.44656993143848595,0.44656993679560253
12063252,"Rathenow, Stadt",113281273.23172311,rp100,water,2836108.3241588757,1282487.6445823587,33865221.54842564,33865221.14217362,0.45219980973847845,0.03787034562134676,0.03787034607564482
12063260,"Rhinow, Stadt",31824090.524943247,rp100,artificial,1210348.81242052,105756.26539551036,18574267.79403302,18574267.793718982,0.0873766837379824,0.0056936976772502725,0.0056936976773465375
12063260,"Rhinow, Stadt",31824090.524943247,rp100,open_or_seasonal,13468197.670413774,8516866.045006303,18574267.79403302,18574267.793718982,0.6323686549177776,0.458530378664097,0.4585303786718495
12063260,"Rhinow, Stadt",31824090.524943247,rp100,perennial_vegetation,17100195.3214996,9906298.42870771,18574267.79403302,18574267.793718982,0.5793090805373898,0.5333345324056384,0.5333345324146556
12063260,"Rhinow, Stadt",31824090.524943247,rp100,water,45347.05492349884,45347.05492349884,18574267.79403302,18574267.793718982,1,0.0024413912530143757,0.002441391253055653
12063274,Seeblick,48569978.35812218,rp100,artificial,771554.5314618049,74633.40253126057,26468296.338970557,26468296.068713047,0.09673120886200799,0.0028197282354502804,0.002819728264241432
12063274,Seeblick,48569978.35812218,rp100,open_or_seasonal,18930611.88653357,8549346.179349061,26468296.338970557,26468296.068713047,0.45161488865717553,0.32300326661982565,0.32300326991788675
12063274,Seeblick,48569978.35812218,rp100,perennial_vegetation,24475043.786152553,13698455.76314439,26468296.338970557,26468296.068713047,0.5596907561364478,0.5175420279308075,0.5175420332152285
12063274,Seeblick,48569978.35812218,rp100,water,4392765.783054044,4145860.9939458445,26468296.338970557,26468296.068713047,0.9437928627880223,0.15663497721391656,0.1566349788132556
12063293,Stechow-Ferchesar,51142310.06227499,rp100,artificial,683131.3566766626,1105.0981249291242,4832151.366589875,4832151.357728852,0.001617694919327478,2.286969180166658e-4,2.2869691843604187e-4
12063293,Stechow-Ferchesar,51142310.06227499,rp100,open_or_seasonal,16276289.579708908,305714.56618695473,4832151.366589875,4832151.357728852,0.018782816850842873,0.06326676111611593,0.06326676123213221
12063293,Stechow-Ferchesar,51142310.06227499,rp100,perennial_vegetation,33297256.58946673,4010576.3385033323,4832151.366589875,4832151.357728852,0.12044765092665442,0.829977381551617,0.8299773830735993
12063293,Stechow-Ferchesar,51142310.06227499,rp100,water,885628.5541345874,514755.3637746592,4832151.366589875,4832151.357728852,0.581231670288301,0.10652716041425046,0.10652716060959609
12065036,Birkenwerder,17753259.84957883,rp100,artificial,2985421.227682663,47863.12095788646,825098.5390445131,825098.522198173,0.01603228399197746,0.05800897552589691,0.058008976710287506
12065036,Birkenwerder,17753259.84957883,rp100,open_or_seasonal,3566507.110367874,311176.6050230817,825098.5390445131,825098.522198173,0.08724968025957049,0.3771387177384083,0.3771387254385883
12065036,Birkenwerder,17753259.84957883,rp100,perennial_vegetation,11090902.756913949,429725.6184769763,825098.5390445131,825098.522198173,0.038745774613260404,0.5208173304665046,0.5208173411002236
12065036,Birkenwerder,17753259.84957883,rp100,water,110426.41012965175,36333.19458656869,825098.5390445131,825098.522198173,0.32902631303426283,0.04403497626919026,0.04403497716826857
12065084,"Fürstenberg/Havel, Stadt",214316768.5831509,rp100,artificial,4213645.630412776,310524.60300734796,9145933.828755256,9145933.627313549,0.07369499721715526,0.033952203112496145,0.03395220386030277
12065084,"Fürstenberg/Havel, Stadt",214316768.5831509,rp100,open_or_seasonal,73892192.45983271,2147936.334714082,9145933.828755256,9145933.627313549,0.029068515403460053,0.2348515061371718,0.2348515113098409
12065084,"Fürstenberg/Havel, Stadt",214316768.5831509,rp100,perennial_vegetation,122763052.53279199,2558028.364931475,9145933.828755256,9145933.627313549,0.020837119248465936,0.27969023314917396,0.2796902393094284
12065084,"Fürstenberg/Havel, Stadt",214316768.5831509,rp100,water,13447859.49559281,4129444.526102351,9145933.828755256,9145933.627313549,0.30707076672355704,0.4515060576011581,0.4515060675457034
12065100,"Gransee, Stadt",121629159.64554872,rp100,artificial,3808673.5447173137,0,12334.053359752597,12334.053445536756,0,0,0
12065100,"Gransee, Stadt",121629159.64554872,rp100,open_or_seasonal,70920582.03111622,4898.505767513318,12334.053359752597,12334.053445536756,6.907029845530753e-5,0.397152957315532,0.3971529545533069
12065100,"Gransee, Stadt",121629159.64554872,rp100,perennial_vegetation,43605664.80763689,552.94915997893645,12334.053359752597,12334.053445536756,1.2680672624032453e-5,0.04483109841110885,0.04483109809930559
12065100,"Gransee, Stadt",121629159.64554872,rp100,water,3294228.2503101137,6882.598432260344,12334.053359752597,12334.053445536756,0.002089290088387903,0.5580159442733592,0.5580159403923214
12065136,"Hennigsdorf, Stadt",30693942.67581424,rp100,artificial,7098001.305330664,3217075.1228575483,7164026.750113608,7164026.609093126,0.45323676123326373,0.4490596189924237,0.44905962783195036
12065136,"Hennigsdorf, Stadt",30693942.67581424,rp100,open_or_seasonal,10358969.711801741,1469882.1111130812,7164026.750113608,7164026.609093126,0.14189462388701432,0.20517540796309444,0.2051754120018755
12065136,"Hennigsdorf, Stadt",30693942.67581424,rp100,perennial_vegetation,11342523.268564764,979311.2585889655,7164026.750113608,7164026.609093126,0.08633980600269762,0.13669843689143615,0.13669843958228037
12065136,"Hennigsdorf, Stadt",30693942.67581424,rp100,water,1894440.6550457054,1497758.2575540133,7164026.750113608,7164026.609093126,0.7906071132736952,0.2090665361530457,0.2090665402684218
12065144,"Hohen Neuendorf, Stadt",48952827.21955197,rp100,artificial,9204687.28103361,320427.7776070653,3831939.4366799765,3831939.477867462,0.03481137031861053,0.08362026146339267,0.08362026056460282
12065144,"Hohen Neuendorf, Stadt",48952827.21955197,rp100,open_or_seasonal,13131410.46711978,1881315.8764123546,3831939.4366799765,3831939.477867462,0.1432683778428106,0.4909565789072966,0.4909565736302647
12065144,"Hohen Neuendorf, Stadt",48952827.21955197,rp100,perennial_vegetation,26032064.30146703,1283167.5954523773,3831939.4366799765,3831939.477867462,0.049291811075469136,0.3348611366791653,0.3348611330799205
12065144,"Hohen Neuendorf, Stadt",48952827.21955197,rp100,water,584653.5128345597,347028.1872081794,3831939.4366799765,3831939.477867462,0.5935621348201469,0.09056202295014543,0.09056202197674226
12065180,Leegebruch,6189141.870169288,rp100,artificial,1939008.4883236764,35042.36095746499,1144504.6821924527,1144504.6538693225,0.018072309207764235,0.030617927128385906,0.03061792788608972
12065180,Leegebruch,6189141.870169288,rp100,open_or_seasonal,1440912.7833920273,114889.53436736557,1144504.6821924527,1144504.6538693225,0.07973385737956058,0.1003836298400101,0.10038363232421024
12065180,Leegebruch,6189141.870169288,rp100,perennial_vegetation,2762048.992734242,963405.8826452759,1144504.6821924527,1144504.6538693225,0.34880115638049164,0.8417666590928595,0.8417666799241131
12065180,Leegebruch,6189141.870169288,rp100,water,47170.95823206758,31166.90422234633,1144504.6821924527,1144504.6538693225,0.6607223043681687,0.027231783938744515,0.027231784612651223
12065193,"Liebenwalde, Stadt",138839571.0240909,rp100,artificial,2969987.643022663,210258.87811671873,31363957.2638695,31363956.628179595,0.07079452960374297,0.0067038376677974795,0.0067038378036719795
12065193,"Liebenwalde, Stadt",138839571.0240909,rp100,open_or_seasonal,62292029.02625364,15189761.068549307,31363957.2638695,31363956.628179595,0.24384758862401834,0.48430626724668874,0.484306277062689
12065193,"Liebenwalde, Stadt",138839571.0240909,rp100,perennial_vegetation,71337644.4003382,15712730.861025752,31363957.2638695,31363956.628179595,0.22025861651455456,0.5009804958230327,0.5009805059769891
12065193,"Liebenwalde, Stadt",138839571.0240909,rp100,water,2239905.7150382176,251206.45617772808,31363957.2638695,31363956.628179595,0.11215045994623124,0.008009399262481193,0.008009399424817034
12065198,Löwenberger Land,245182486.1713247,rp100,artificial,6271010.405980285,3070.5182173469007,5454314.520995545,5454314.532491421,4.896369195016376e-4,5.62952174013327e-4,5.629521728268116e-4
12065198,Löwenberger Land,245182486.1713247,rp100,open_or_seasonal,111773058.99608007,1217527.2502229337,5454314.520995545,5454314.532491421,0.010892850756331477,0.22322277997285447,0.2232227795023753
12065198,Löwenberger Land,245182486.1713247,rp100,perennial_vegetation,124718005.402881,4233716.752555265,5454314.520995545,5454314.532491421,0.03394631544081338,0.7762142678531323,0.7762142662171315
12065198,Löwenberger Land,245182486.1713247,rp100,water,2420389.6182848294,0,5454314.520995545,5454314.532491421,0,0,0
12065256,"Oranienburg, Stadt",164113309.7863897,rp100,artificial,20037714.745696377,5181919.0184948575,17676164.648285653,17676164.584522054,0.2586082836421159,0.2931585624824689,0.29315856353998593
12065256,"Oranienburg, Stadt",164113309.7863897,rp100,open_or_seasonal,50893712.24956742,6291498.058847301,17676164.648285653,17676164.584522054,0.12362034091747309,0.35593117534450497,0.35593117662846296
12065256,"Oranienburg, Stadt",164113309.7863897,rp100,perennial_vegetation,90682768.30379188,5084929.881593789,17676164.648285653,17676164.584522054,0.056073827218849515,0.2876715612675037,0.28767156230522734
12065256,"Oranienburg, Stadt",164113309.7863897,rp100,water,2499106.0936926855,1117817.689349706,17676164.648285653,17676164.584522054,0.4472870088112249,0.06323870090552246,0.06323870113364476
12065332,"Velten, Stadt",23470109.75540065,rp100,artificial,5814308.094651407,388976.8767279188,3280599.6946022063,3280599.629061939,0.06689994241717934,0.11856883281673436,0.11856883518551868
12065332,"Velten, Stadt",23470109.75540065,rp100,open_or_seasonal,6093759.309919486,763063.7554433646,3280599.6946022063,3280599.629061939,0.1252205275323627,0.23259886193944518,0.232598866586337
12065332,"Velten, Stadt",23470109.75540065,rp100,perennial_vegetation,11205363.817204792,2054965.8204093669,3280599.6946022063,3280599.629061939,0.18339126278560972,0.6263994426965721,0.6263994552108657
12065332,"Velten, Stadt",23470109.75540065,rp100,water,356677.34205854905,73593.2420215562,3280599.6946022063,3280599.629061939,0.2063300169189771,0.02243286254724835,0.022432862995415137
12065356,"Zehdenick, Stadt",223265787.9055745,rp100,artificial,8035420.315558926,813273.7227661723,19096815.27500593,19096814.95111254,0.10121109921175327,0.04258687697684292,0.0425868776991418
12065356,"Zehdenick, Stadt",223265787.9055745,rp100,open_or_seasonal,98409900.83555304,3943919.7539175227,19096815.27500593,19096814.95111254,0.040076452881585296,0.20652238067565945,0.2065223841784024
12065356,"Zehdenick, Stadt",223265787.9055745,rp100,perennial_vegetation,109133527.3403045,10659738.878908493,19096815.27500593,19096814.95111254,0.09767611419420974,0.5581945850866583,0.5581945945539719
12065356,"Zehdenick, Stadt",223265787.9055745,rp100,water,7686920.231326113,3679882.919413738,19096815.27500593,19096814.95111254,0.47872006065801215,0.19269615726083916,0.19269616052908112
12066064,Frauendorf,20809430.093916778,rp100,artificial,478987.4910855184,0.08476480519323783,349386.65368032013,349386.6318240228,1.769666364379105e-7,2.426103123870194e-7,2.4261032756379677e-7
12066064,Frauendorf,20809430.093916778,rp100,open_or_seasonal,4720810.830928482,110138.91020555331,349386.65368032013,349386.6318240228,0.023330507014595065,0.3152350241355458,0.31523504385544865
12066064,Frauendorf,20809430.093916778,rp100,perennial_vegetation,15334407.340876406,239247.6587099616,349386.65368032013,349386.6318240228,0.01560201534963841,0.6847647332541417,0.6847647760904161
12066064,Frauendorf,20809430.093916778,rp100,water,275222.2318428427,0,349386.65368032013,349386.6318240228,0,0,0
12066176,"Lauchhammer, Stadt",89197406.67839389,rp100,artificial,12597505.402145807,77747.11703926449,4600670.441680502,4600670.495686504,0.006171627997557466,0.01689908417149426,0.016899083973120572
12066176,"Lauchhammer, Stadt",89197406.67839389,rp100,open_or_seasonal,48475075.54775442,3833410.9262013123,4600670.441680502,4600670.495686504,0.07908004026574215,0.8332287597633421,0.8332287499822996
12066176,"Lauchhammer, Stadt",89197406.67839389,rp100,perennial_vegetation,25487428.0347912,689512.3984399252,4600670.441680502,4600670.495686504,0.027053039541640584,0.14987215606516355,0.14987215430585565
12066176,"Lauchhammer, Stadt",89197406.67839389,rp100,water,2637398.1990462756,0,4600670.441680502,4600670.495686504,0,0,0
12066196,"Lübbenau/Spreewald / Lubnjow/Błota, Stadt",139189489.34768623,rp100,artificial,11117416.996859489,1947799.1287895637,33298267.297846604,33298267.10493483,0.17520248897201474,0.05849551003260544,0.058495510371496126
12066196,"Lübbenau/Spreewald / Lubnjow/Błota, Stadt",139189489.34768623,rp100,open_or_seasonal,73296160.21994673,13826118.040636841,33298267.297846604,33298267.10493483,0.18863359279868822,0.41522034515985085,0.41522034756540827
12066196,"Lübbenau/Spreewald / Lubnjow/Błota, Stadt",139189489.34768623,rp100,perennial_vegetation,49889223.26939535,17438246.432067554,33298267.297846604,33298267.10493483,0.34953934515883883,0.523698313671573,0.523698316705592
12066196,"Lübbenau/Spreewald / Lubnjow/Błota, Stadt",139189489.34768623,rp100,water,4886676.068761434,86103.69635264453,33298267.297846604,33298267.10493483,0.01762009495637966,0.002585831135970635,0.002585831150951513
12066272,"Ruhland, Stadt",37115648.184359506,rp100,artificial,2647311.7396196476,42610.83722818242,2266625.176143433,2266625.158360435,0.016095889498191296,0.01879924289056162,0.018799243038052662
12066272,"Ruhland, Stadt",37115648.184359506,rp100,open_or_seasonal,8119782.441591926,1079086.265801386,2266625.176143433,2266625.158360435,0.13289595793527512,0.47607618461090495,0.47607618834600063
12066272,"Ruhland, Stadt",37115648.184359506,rp100,perennial_vegetation,26328942.534952797,1135512.4448750503,2266625.176143433,2266625.158360435,0.04312791686819966,0.5009705428257339,0.5009705467561403
12066272,"Ruhland, Stadt",37115648.184359506,rp100,water,19609.64865056773,9415.62823881465,2266625.176143433,2266625.158360435,0.48015282714114577,0.004154029672799693,0.0041540297053904805
12066292,Schwarzbach,15969908.435105272,rp100,artificial,525629.7300062405,16651.147193934943,2874437.4475166183,2874437.4071284793,0.031678472969436586,0.0057928368586767365,0.005792836940070716
12066292,Schwarzbach,15969908.435105272,rp100,open_or_seasonal,6162854.501938715,1832639.4973211994,2874437.4475166183,2874437.4071284793,0.29736861331785236,0.637564577689633,0.637564586647924
12066292,Schwarzbach,15969908.435105272,rp100,perennial_vegetation,9280209.739725554,1023933.9597668066,2874437.4475166183,2874437.4071284793,0.1103352174664414,0.356220644373889,0.3562206493790733
12066292,Schwarzbach,15969908.435105272,rp100,water,1212.8432346774043,1212.8432346774043,2874437.4475166183,2874437.4071284793,1,4.2194107780123903e-4,4.219410837298478e-4
12066296,"Schwarzheide, Stadt",33484501.921923313,rp100,artificial,6470765.93231004,138902.5413332716,4349457.30315049,4349457.220541939,0.02146616687828235,0.031935602915945126,0.03193560352249296
12066296,"Schwarzheide, Stadt",33484501.921923313,rp100,open_or_seasonal,13490317.406275582,3436957.253472892,4349457.30315049,4349457.220541939,0.2547721562039785,0.7902036998922517,0.7902037149004651
12066296,"Schwarzheide, Stadt",33484501.921923313,rp100,perennial_vegetation,12155984.333945451,772078.8213486343,4349457.30315049,4349457.220541939,0.06351429881269366,0.1775115301831762,0.1775115335546245
12066296,"Schwarzheide, Stadt",33484501.921923313,rp100,water,1367431.0992431587,1518.6869956916198,4349457.30315049,4349457.220541939,0.0011106131757074838,3.4916700862693207e-4,3.4916701525860563e-4
12066304,"Senftenberg/Zły Komorow, Stadt",127930840.68666176,rp100,artificial,19259471.412567127,2420578.230154148,14260028.602638246,14260028.590540089,0.12568248516803426,0.1697456784698396,0.16974567861385123
12066304,"Senftenberg/Zły Komorow, Stadt",127930840.68666176,rp100,open_or_seasonal,36741413.84223548,2098098.638418032,14260028.602638246,14260028.590540089,0.057104461124634166,0.1471314467090103,0.1471314468338361
12066304,"Senftenberg/Zły Komorow, Stadt",127930840.68666176,rp100,perennial_vegetation,43642543.735496864,678689.9971685128,14260028.602638246,14260028.590540089,0.015551109973832647,0.04759387348233989,0.047593873522718363
12066304,"Senftenberg/Zły Komorow, Stadt",127930840.68666176,rp100,water,28287406.294308145,9062661.736897554,14260028.602638246,14260028.590540089,0.32037796758768583,0.6355290013388102,0.6355290018779908
12066316,Tettau,8928766.477703061,rp100,artificial,519166.0440188492,1223.9672376429871,2678845.811241338,2678845.733816298,0.002357564119887912,4.569009655228416e-4,4.5690097872837075e-4
12066316,Tettau,8928766.477703061,rp100,open_or_seasonal,4666535.501215675,1267438.5333568049,2678845.811241338,2678845.733816298,0.27160160530796895,0.47312858696017757,0.4731286006347238
12066316,Tettau,8928766.477703061,rp100,perennial_vegetation,3743065.19008343,1410183.3106468897,2678845.811241338,2678845.733816298,0.3767455919236763,0.5264145120742995,0.5264145272889361
12066316,Tettau,8928766.477703061,rp100,water,0,0,2678845.811241338,2678845.733816298,NA,0,0
12066320,"Vetschau/Spreewald / Wětošow/Błota, Stadt",111492296.00315,rp100,artificial,7496279.422735976,38721.61722844193,6589442.967366741,6589442.84754483,0.005165444755300943,0.005876311157134998,0.0058763112639893785
12066320,"Vetschau/Spreewald / Wětošow/Błota, Stadt",111492296.00315,rp100,open_or_seasonal,52581037.02017538,1577222.530468566,6589442.967366741,6589442.84754483,0.029996033168067503,0.2393559726185554,0.2393559769709856
12066320,"Vetschau/Spreewald / Wětošow/Błota, Stadt",111492296.00315,rp100,perennial_vegetation,45561990.7295175,4737070.7833347265,6589442.967366741,6589442.84754483,0.10396979384541682,0.7188878948940572,0.7188879079662582
12066320,"Vetschau/Spreewald / Wětošow/Błota, Stadt",111492296.00315,rp100,water,5852987.600173516,236428.03633500627,6589442.967366741,6589442.84754483,0.040394419480402996,0.03587982133025231,0.03587982198268816
12067024,Bad Saarow,50191505.692928255,rp100,artificial,3089245.910098183,8725.761674798247,10121.068862646027,10121.067818716245,0.002824560403649097,0.8621383564538859,0.8621384453784859
12067024,Bad Saarow,50191505.692928255,rp100,open_or_seasonal,14185905.128943171,1310.939514910026,10121.068862646027,10121.067818716245,9.241141139703145e-5,0.129525797393626,0.1295258107534651
12067024,Bad Saarow,50191505.692928255,rp100,perennial_vegetation,20843063.866195776,84.36767293775605,10121.068862646027,10121.067818716245,4.047757732709698e-6,0.008335846152488205,0.008335847012282667
12067024,Bad Saarow,50191505.692928255,rp100,water,12073287.325784782,0,10121.068862646027,10121.067818716245,0,0,0
12067036,"Beeskow, Stadt",77812397.9449349,rp100,artificial,5596490.804878201,2334769.105010069,12886415.157442639,12886415.13653257,0.4171844797770344,0.18118065237573902,0.1811806526697308
12067036,"Beeskow, Stadt",77812397.9449349,rp100,open_or_seasonal,40587666.89992919,4553725.075315933,12886415.157442639,12886415.13653257,0.11219479765967719,0.353374078025563,0.35337407859896347
12067036,"Beeskow, Stadt",77812397.9449349,rp100,perennial_vegetation,30647256.75127969,5298898.527973886,12886415.157442639,12886415.13653257,0.17289960308609442,0.41120035814719735,0.4112003588144293
12067036,"Beeskow, Stadt",77812397.9449349,rp100,water,980979.5688810835,699022.4491427509,12886415.157442639,12886415.13653257,0.712575950934497,0.05424491145150059,0.05424491153952079
12067040,Berkenbrück,18024594.209994256,rp100,artificial,844890.6642063125,537875.1510636739,5466737.080284134,5466736.921201209,0.6366210136419865,0.0983905286031641,0.09839053146634434
12067040,Berkenbrück,18024594.209994256,rp100,open_or_seasonal,3607147.437086014,1989111.0103395171,5466737.080284134,5466736.921201209,0.5514360155864307,0.36385708350841944,0.3638570940967192
12067040,Berkenbrück,18024594.209994256,rp100,perennial_vegetation,12280779.672006303,1694235.7583401783,5466737.080284134,5466736.921201209,0.1379583221578465,0.30991718340552066,0.3099171924241606
12067040,Berkenbrück,18024594.209994256,rp100,water,1291774.8281403668,1245515.1605407647,5466737.080284134,5466736.921201209,0.964189062527099,0.22783520448289588,0.227835211112937
12067072,Briesen (Mark),110984390.24397585,rp100,artificial,2947932.9898361103,15569.711942753895,2135478.7059202283,2135478.6716376184,0.0052815691524994565,0.00729097035694605,0.007290970473994042
12067072,Briesen (Mark),110984390.24397585,rp100,open_or_seasonal,42380083.25826666,677062.8614339066,2135478.7059202283,2135478.6716376184,0.015975968176085136,0.3170543726598033,0.31705437774974005
12067072,Briesen (Mark),110984390.24397585,rp100,perennial_vegetation,64247771.413518116,1264005.9027392738,2135478.7059202283,2135478.6716376184,0.01967392603556237,0.5919075190190594,0.5919075285214416
12067072,Briesen (Mark),110984390.24397585,rp100,water,1408585.1891708444,178840.2298042943,2135478.7059202283,2135478.6716376184,0.12696444004893134,0.08374713796419142,0.08374713930865366
12067124,"Erkner, Stadt",17688814.325164415,rp100,artificial,3811735.250222428,563680.4335970685,4472131.529246814,4472131.707939,0.1478802688524015,0.1260429014465955,0.1260428964103213
12067124,"Erkner, Stadt",17688814.325164415,rp100,open_or_seasonal,3071020.1216525165,786758.4549387703,4472131.529246814,4472131.707939,0.25618798437420054,0.17592471281167224,0.1759247057822792
12067124,"Erkner, Stadt",17688814.325164415,rp100,perennial_vegetation,9581306.719590334,2440029.284588534,4472131.529246814,4472131.707939,0.25466560626845913,0.5456076746918662,0.5456076528911157
12067124,"Erkner, Stadt",17688814.325164415,rp100,water,1224747.381364435,681663.3561224403,4472131.529246814,4472131.707939,0.556574658982353,0.15242471104986585,0.15242470495945828
12067137,"Friedland, Stadt",173927029.87384102,rp100,artificial,5533584.846086477,23457.548707735827,2594707.1795604713,2594707.0682866583,0.004239123345931116,0.009040537942978754,0.009040538330681528
12067137,"Friedland, Stadt",173927029.87384102,rp100,open_or_seasonal,71302952.62720154,404023.809311887,2594707.1795604713,2594707.0682866583,0.005666298441023535,0.1557107532189148,0.15571075989655847
12067137,"Friedland, Stadt",173927029.87384102,rp100,perennial_vegetation,92455003.77906105,450867.3041667822,2594707.1795604713,2594707.0682866583,0.004876613333381241,0.17376423348208275,0.17376424093394854
12067137,"Friedland, Stadt",173927029.87384102,rp100,water,4635465.316418622,1716358.5173740662,2594707.1795604713,2594707.0682866583,0.3702667154675491,0.6614844753560236,0.6614845037237345
12067144,"Fürstenwalde/Spree, Stadt",70458420.99858637,rp100,artificial,13688894.805373281,11678047.483248265,23032350.59253708,23032350.03850779,0.8531037493738574,0.5070280359066858,0.5070280481029394
12067144,"Fürstenwalde/Spree, Stadt",70458420.99858637,rp100,open_or_seasonal,28354221.49008854,5195640.675601694,23032350.59253708,23032350.03850779,0.18324046306183628,0.22558013150794867,0.2255801369341427
12067144,"Fürstenwalde/Spree, Stadt",70458420.99858637,rp100,perennial_vegetation,27167693.47492651,5353775.192402991,23032350.59253708,23032350.03850779,0.19706403112005344,0.2324458882688993,0.23244589386024497
12067144,"Fürstenwalde/Spree, Stadt",70458420.99858637,rp100,water,1247612.0021302274,804887.2412841287,23032350.59253708,23032350.03850779,0.6451422717237643,0.03494594431646623,0.03494594515706984
12067173,Gosen-Neu Zittau,14483476.151721843,rp100,artificial,1734019.4195958015,529744.7730783644,4565012.962819675,4565012.942914635,0.3055010613444269,0.11604452767011565,0.11604452817611005
12067173,Gosen-Neu Zittau,14483476.151721843,rp100,open_or_seasonal,1444135.4237778625,630248.5260568976,4565012.962819675,4565012.942914635,0.43641926905176637,0.13806062133668323,0.13806062193867544
12067173,Gosen-Neu Zittau,14483476.151721843,rp100,perennial_vegetation,11191716.570312928,3304876.9181537745,4565012.962819675,4565012.942914635,0.2952966953184169,0.7239578386897829,0.7239578418464903
12067173,Gosen-Neu Zittau,14483476.151721843,rp100,water,113601.70149368982,100142.74553063897,4565012.962819675,4565012.942914635,0.8815250494835375,0.021937012303418244,0.021937012399071226
12067201,Grünheide (Mark),126352102.2191363,rp100,artificial,5119814.0571646895,440461.0932556457,5074990.962242516,5074990.989256918,0.08603068164931939,0.08679051776301422,0.08679051730102444
12067201,Grünheide (Mark),126352102.2191363,rp100,open_or_seasonal,16416466.639708828,550467.5241489835,5074990.962242516,5074990.989256918,0.03353142525916569,0.1084667003831954,0.10846669980582234
12067201,Grünheide (Mark),126352102.2191363,rp100,perennial_vegetation,100929022.55095266,3946877.5712404563,5074990.962242516,5074990.989256918,0.039105477012302665,0.7777112512327365,0.7777112470929449
12067201,Grünheide (Mark),126352102.2191363,rp100,water,3886771.9784167195,137184.7735974307,5074990.962242516,5074990.989256918,0.035295297578355256,0.027031530621053967,0.027031530477163928
12067288,Langewahl,13351545.328581879,rp100,artificial,785626.0375792629,486819.090062646,3142417.013637266,3142416.9645000566,0.619657530143316,0.1549186781862429,0.15491868060866856
12067288,Langewahl,13351545.328581879,rp100,open_or_seasonal,2072118.21802055,1054513.08701519,3142417.013637266,3142416.9645000566,0.5089058519173407,0.33557388546423966,0.3355738907115268
12067288,Langewahl,13351545.328581879,rp100,perennial_vegetation,10293454.651045641,1486301.218418423,3142417.013637266,3142416.9645000566,0.1443928466005764,0.472980260725507,0.4729802681213842
12067288,Langewahl,13351545.328581879,rp100,water,200345.4578392492,114783.61814100732,3142417.013637266,3142416.9645000566,0.5729284775355677,0.036527175624010595,0.036527176195177154
12067397,Ragow-Merz,38032358.61743702,rp100,artificial,371813.4652060297,7649.299729991365,610471.6209931278,610471.562726156,0.02057294973368629,0.012530147949461314,0.012530149145411826
12067397,Ragow-Merz,38032358.61743702,rp100,open_or_seasonal,12955631.006903822,122932.37533940314,610471.6209931278,610471.562726156,0.009488721566235925,0.2013727929554108,0.2013728121756064
12067397,Ragow-Merz,38032358.61743702,rp100,perennial_vegetation,24644419.30012036,442557.8070554347,610471.6209931278,610471.562726156,0.01795772915831185,0.724944111792572,0.7249441809854725
12067397,Ragow-Merz,38032358.61743702,rp100,water,60493.882800489664,37332.138868298585,610471.6209931278,610471.562726156,0.6171225442979237,0.06115294730255584,0.06115295313935033
12067408,Rauen,21598525.338808782,rp100,artificial,1190861.9264099048,142254.55183135442,170624.55025904934,170624.5546217852,0.11945511790792544,0.8337285086781333,0.8337284873603501
12067408,Rauen,21598525.338808782,rp100,open_or_seasonal,8570360.487365426,11109.506602617495,170624.55025904934,170624.5546217852,0.001296270631672416,0.0651108330293066,0.06511083136447374
12067408,Rauen,21598525.338808782,rp100,perennial_vegetation,11813622.188701244,17260.49182507744,170624.55025904934,170624.5546217852,0.0014610668556495465,0.10116065829256012,0.10116065570596151
12067408,Rauen,21598525.338808782,rp100,water,23698.830383409164,0,170624.55025904934,170624.5546217852,0,0,0
12067426,Rietz-Neuendorf,184259440.4070344,rp100,artificial,4185423.2076836377,379758.1282061117,12294986.453321492,12294986.272990182,0.09073350754804158,0.03088723437377355,0.03088723482679849
12067426,Rietz-Neuendorf,184259440.4070344,rp100,open_or_seasonal,96246293.6245448,4939463.165895687,12294986.453321492,12294986.272990182,0.05132107408898728,0.40174612510949864,0.40174613100193346
12067426,Rietz-Neuendorf,184259440.4070344,rp100,perennial_vegetation,82657719.51373355,6215389.355988794,12294986.453321492,12294986.272990182,0.07519429997044752,0.5055222614181657,0.5055222688326915
12067426,Rietz-Neuendorf,184259440.4070344,rp100,water,1169993.0545387983,760375.803230898,12294986.453321492,12294986.272990182,0.6498977068976123,0.06184437909856195,0.06184438000563721
12067469,Spreenhagen,137473932.05312648,rp100,artificial,5927706.008122797,147493.37090152426,9346201.575333845,9346201.565860877,0.024882032054122212,0.015781103126513277,0.015781103142508426
12067469,Spreenhagen,137473932.05312648,rp100,open_or_seasonal,15412921.59396233,960692.9543756979,9346201.575333845,9346201.565860877,0.06233036017986544,0.10278966772032007,0.10278966782450391
12067469,Spreenhagen,137473932.05312648,rp100,perennial_vegetation,114295579.35339291,8040182.816468405,9346201.575333845,9346201.565860877,0.07034552746444195,0.8602620809814078,0.860262081853338
12067469,Spreenhagen,137473932.05312648,rp100,water,1837696.6420517396,197832.43358821818,9346201.575333845,9346201.565860877,0.10765238889882472,0.021167148171758923,0.02116714819321317
12067473,Steinhöfel,153395425.46443844,rp100,artificial,3618528.9212822607,3792.5010909977536,880528.5857348379,880528.624967793,0.0010480781481922892,0.004307073219925907,0.0043070730280193575
12067473,Steinhöfel,153395425.46443844,rp100,open_or_seasonal,107452567.86609688,351158.894549836,880528.5857348379,880528.624967793,0.0032680363208019026,0.39880465011454364,0.3988046323453486
12067473,Steinhöfel,153395425.46443844,rp100,perennial_vegetation,41419491.740921676,525577.190094004,880528.5857348379,880528.624967793,0.012689126978705624,0.5968882766655302,0.5968882500704937
12067473,Steinhöfel,153395425.46443844,rp100,water,904850.1538352143,0,880528.5857348379,880528.624967793,0,0,0
12067481,"Storkow (Mark), Stadt",180338238.61256295,rp100,artificial,8584233.871632235,0,238192.70163333946,238192.69848530332,0,0,0
12067481,"Storkow (Mark), Stadt",180338238.61256295,rp100,open_or_seasonal,47661417.41572065,29037.140968916927,238192.70163333946,238192.69848530332,6.092378813589231e-4,0.12190609019421209,0.12190609180536464
12067481,"Storkow (Mark), Stadt",180338238.61256295,rp100,perennial_vegetation,107308490.263875,191826.55101435457,238192.70163333946,238192.69848530332,0.0017876176483579908,0.8053418501027023,0.8053418607463756
12067481,"Storkow (Mark), Stadt",180338238.61256295,rp100,water,16784082.46124202,17329.00965006796,238192.70163333946,238192.69848530332,0.0010324669036918933,0.07275205970308557,0.07275206066460167
12067493,Tauche,121681826.17341477,rp100,artificial,3493676.0366703095,442945.69068956294,16968812.312719055,16968812.01323845,0.1267849926668409,0.026103517590182247,0.02610351805088022
12067493,Tauche,121681826.17341477,rp100,open_or_seasonal,65920324.15963936,4910803.493151347,16968812.312719055,16968812.01323845,0.07449604588197786,0.2894017213844973,0.2894017264921149
12067493,Tauche,121681826.17341477,rp100,perennial_vegetation,47614018.43124074,8102980.484641975,16968812.312719055,16968812.01323845,0.17018056344778934,0.4775219582438511,0.47752196667158103
12067493,Tauche,121681826.17341477,rp100,water,4653794.627127839,3512082.64423617,16968812.312719055,16968812.01323845,0.7546707419712042,0.20697280278146937,0.20697280643430851
12068052,Breddin,44818504.18544727,rp100,artificial,714912.5491009229,0,635049.331431257,635049.2769072131,0,0,0
12068052,Breddin,44818504.18544727,rp100,open_or_seasonal,16170317.017536325,87746.71224259608,635049.331431257,635049.2769072131,0.005426406430216356,0.13817306451584624,0.1381730763791055
12068052,Breddin,44818504.18544727,rp100,perennial_vegetation,27932365.29958007,547302.6191886609,635049.331431257,635049.2769072131,0.019593851552445824,0.8618269354841538,0.8618270094788677
12068052,Breddin,44818504.18544727,rp100,water,906.7944124063154,0,635049.331431257,635049.2769072131,0,0,0
12068109,Dreetz,64769278.94313982,rp100,artificial,1221613.8497898083,147656.97949824273,28038437.913366184,28038437.390923414,0.12087042032443288,0.00526623415878148,0.005266234256907703
12068109,Dreetz,64769278.94313982,rp100,open_or_seasonal,20547068.824572504,10882802.370046617,28038437.913366184,28038437.390923414,0.5296523052977626,0.3881386831774492,0.3881386904096728
12068109,Dreetz,64769278.94313982,rp100,perennial_vegetation,42193000.75579566,16272786.858234202,28038437.913366184,28038437.390923414,0.38567503061509467,0.5803742315643345,0.5803742423785007
12068109,Dreetz,64769278.94313982,rp100,water,807588.4456095019,735191.705587123,28038437.913366184,28038437.390923414,0.9103544132955744,0.026220851099434835,0.026220851588010352
12068117,Fehrbellin,269591447.2106543,rp100,artificial,6586117.372696752,199268.63472093848,50100040.089217015,50100039.64469049,0.030255858413186152,0.003977414676037892,0.003977414711328609
12068117,Fehrbellin,269591447.2106543,rp100,open_or_seasonal,143921746.14838886,11753023.760170558,50100040.089217015,50100039.64469049,0.08166259842381803,0.2345911049021326,0.23459110698360738
12068117,Fehrbellin,269591447.2106543,rp100,perennial_vegetation,114664632.65053533,36167896.60008516,50100040.089217015,50100039.64469049,0.31542329804792085,0.721913526130482,0.7219135325358603
12068117,Fehrbellin,269591447.2106543,rp100,water,4418927.579735678,1979851.0942403625,50100040.089217015,50100039.64469049,0.44803881903825843,0.03951795429134764,0.03951795464198168
12068264,"Kyritz, Stadt",157501614.3102262,rp100,artificial,4839319.0107315015,19461.097019769382,3605034.045552531,3605033.930669584,0.004021453633582152,0.005398311575941483,0.005398311747971471
12068264,"Kyritz, Stadt",157501614.3102262,rp100,open_or_seasonal,84471324.87995827,1551177.7577493286,3605034.045552531,3605033.930669584,0.018363364845451386,0.4302810287361891,0.4302810424481135
12068264,"Kyritz, Stadt",157501614.3102262,rp100,perennial_vegetation,62728326.21800812,2029567.633813785,3605034.045552531,3605033.930669584,0.03235488265317582,0.5629815441875308,0.5629815621282714
12068264,"Kyritz, Stadt",157501614.3102262,rp100,water,5462632.774344823,4827.556969647874,3605034.045552531,3605033.930669584,8.837418089534457e-4,0.0013391155003386304,0.0013391155430127184
12068320,"Neuruppin, Stadt",305680186.48266315,rp100,artificial,11669880.738574138,0,298.1506982296594,298.15067797252385,0,0,0
12068320,"Neuruppin, Stadt",305680186.48266315,rp100,open_or_seasonal,122876542.33193165,217.93970967395805,298.1506982296594,298.15067797252385,1.7736478056586928e-6,0.7309716561726229,0.7309717058367459
12068320,"Neuruppin, Stadt",305680186.48266315,rp100,perennial_vegetation,157254735.3873989,0,298.1506982296594,298.15067797252385,0,0,0
12068320,"Neuruppin, Stadt",305680186.48266315,rp100,water,13879021.041655496,80.21098855570136,298.1506982296594,298.15067797252385,5.779297280043158e-6,0.2690283438273771,0.2690283621058652
12068324,"Neustadt (Dosse), Stadt",75627981.3532384,rp100,artificial,2704466.6724089007,108950.47364766835,16412857.513945118,16412857.234739993,0.04028538223790529,0.006638117314739314,0.006638117427662759
12068324,"Neustadt (Dosse), Stadt",75627981.3532384,rp100,open_or_seasonal,38156967.89898435,6599134.0262587005,16412857.513945118,16412857.234739993,0.17294702356143854,0.4020709995594474,0.40207100639922444
12068324,"Neustadt (Dosse), Stadt",75627981.3532384,rp100,perennial_vegetation,34688173.66636622,9702855.936404867,16412857.513945118,16412857.234739993,0.27971654056301015,0.5911740797213937,0.5911740897780725
12068324,"Neustadt (Dosse), Stadt",75627981.3532384,rp100,water,78368.54032949403,1917.0776338819942,16412857.513945118,16412857.234739993,0.024462336874232955,1.1680340441956296e-4,1.1680340640654844e-4
12068409,Sieversdorf-Hohenofen,20001702.714482628,rp100,artificial,678218.120368084,87304.00178564207,7956760.578585059,7956760.42171278,0.12872555180073963,0.010972304736755976,0.010972304953081512
12068409,Sieversdorf-Hohenofen,20001702.714482628,rp100,open_or_seasonal,9391809.470707042,3081976.2725226185,7956760.578585059,7956760.42171278,0.3281557491275,0.3873405818967953,0.38734058953344597
12068409,Sieversdorf-Hohenofen,20001702.714482628,rp100,perennial_vegetation,9913931.480255226,4787480.304276799,7956760.578585059,7956760.42171278,0.48290431639674286,0.6016871133664488,0.6016871252290692
12068409,Sieversdorf-Hohenofen,20001702.714482628,rp100,water,17742.20719472908,0,7956760.578585059,7956760.42171278,0,0,0
12068425,Temnitzquell,65772265.33243796,rp100,artificial,1089636.6390766439,0,4164.2858050588875,4164.286211970776,0,0,0
12068425,Temnitzquell,65772265.33243796,rp100,open_or_seasonal,16267587.961038683,0,4164.2858050588875,4164.286211970776,0,0,0
12068425,Temnitzquell,65772265.33243796,rp100,perennial_vegetation,47924973.78803547,4164.2858050588875,4164.2858050588875,4164.286211970776,8.68917701129449e-5,1,0.9999999022853214
12068425,Temnitzquell,65772265.33243796,rp100,water,490061.1402335761,0,4164.2858050588875,4164.286211970776,0,0,0
12068426,Temnitztal,52388044.79760392,rp100,artificial,905317.3955634815,8299.460816043373,2517499.733424333,2517499.6893835943,0.009167459784507597,0.0032967077238790204,0.0032967077815511
12068426,Temnitztal,52388044.79760392,rp100,open_or_seasonal,38635418.69696425,1534124.7903900759,2517499.733424333,2517499.6893835943,0.039707730422774444,0.6093842910971597,0.6093843017576315
12068426,Temnitztal,52388044.79760392,rp100,perennial_vegetation,12799467.008897262,975061.1561861119,2517499.733424333,2517499.6893835943,0.0761798249496108,0.3873133105995694,0.3873133173751668
12068426,Temnitztal,52388044.79760392,rp100,water,47835.417817480855,14.326032102129602,2517499.733424333,2517499.6893835943,2.9948587794908593e-4,5.690579391896564e-6,5.690579491446654e-6
12068468,"Wittstock/Dosse, Stadt",420184423.5675286,rp100,artificial,12242438.33589082,26982.840616425583,985363.7509798663,985363.6709558796,0.002204041374447501,0.027383634307222366,0.027383636531119644
12068468,"Wittstock/Dosse, Stadt",420184423.5675286,rp100,open_or_seasonal,190122907.90295964,31656.394047353213,985363.7509798663,985363.6709558796,1.665048909493374e-4,0.032126607068580955,0.032126609677667575
12068468,"Wittstock/Dosse, Stadt",420184423.5675286,rp100,perennial_vegetation,215204220.7438401,926724.5163160875,985363.7509798663,985363.6709558796,0.0043062562300726324,0.9404897586241967,0.9404898350038543
12068468,"Wittstock/Dosse, Stadt",420184423.5675286,rp100,water,2614816.4182648556,0,985363.7509798663,985363.6709558796,0,0,0
12068477,Wusterhausen/Dosse,196289929.00477478,rp100,artificial,3990767.949908922,367510.0070173076,20993594.696593992,20993594.716365892,0.09209004673541467,0.01750581605145176,0.01750581603496467
12068477,Wusterhausen/Dosse,196289929.00477478,rp100,open_or_seasonal,121667803.96994694,11506057.51017357,20993594.696593992,20993594.716365892,0.09456945169336395,0.5480746711776958,0.5480746706615156
12068477,Wusterhausen/Dosse,196289929.00477478,rp100,perennial_vegetation,69061738.75216153,8703260.634915568,20993594.696593992,20993594.716365892,0.1260214525751883,0.4145674316713177,0.4145674312808755
12068477,Wusterhausen/Dosse,196289929.00477478,rp100,water,1569604.4244289552,416766.5444875469,20993594.696593992,20993594.716365892,0.26552329873762465,0.019852081099534766,0.01985208108083795
12068501,Zernitz-Lohm,37671426.00534109,rp100,artificial,757813.8034184952,3028.2598461353928,730830.5075235319,730830.4927406482,0.003996047356850619,0.004143587076566978,0.004143587160381442
12068501,Zernitz-Lohm,37671426.00534109,rp100,open_or_seasonal,22211684.59042218,511709.6456562173,730830.5075235319,730830.4927406482,0.023037858455673813,0.7001755405506808,0.7001755547134909
12068501,Zernitz-Lohm,37671426.00534109,rp100,perennial_vegetation,14689180.108152319,216092.6020211792,730830.5075235319,730830.4927406482,0.014711005000289322,0.29568087237275226,0.2956808783536411
12068501,Zernitz-Lohm,37671426.00534109,rp100,water,12742.537856654308,0,730830.5075235319,730830.4927406482,0,0,0
12069017,"Beelitz, Stadt",181276681.2923098,rp100,artificial,9915263.312427146,9697.138858383321,1962991.2308549467,1962991.2685753456,9.780011435732178e-4,0.004939980732445708,0.004939980637520149
12069017,"Beelitz, Stadt",181276681.2923098,rp100,open_or_seasonal,50481075.608526126,403697.4469597092,1962991.2308549467,1962991.2685753456,0.007997005651985864,0.20565422841134437,0.20565422445953893
12069017,"Beelitz, Stadt",181276681.2923098,rp100,perennial_vegetation,119834500.18022135,1204722.0057358916,1962991.2308549467,1962991.2685753456,0.010053215091848238,0.6137174668942337,0.6137174551011767
12069017,"Beelitz, Stadt",181276681.2923098,rp100,water,1045825.524780317,344874.63930096256,1962991.2308549467,1962991.2685753456,0.3297630734088326,0.17568832396197634,0.175688320585989
12069018,Beetzsee,21321376.587013684,rp100,artificial,1566236.2643223382,336748.91495037224,6122645.994778822,6122645.591160114,0.21500518320336112,0.055000552904339056,0.05500055653010047
12069018,Beetzsee,21321376.587013684,rp100,open_or_seasonal,11660111.910492739,3306129.5619627726,6122645.994778822,6122645.591160114,0.28354183796363414,0.5399837855695273,0.5399838211664852
12069018,Beetzsee,21321376.587013684,rp100,perennial_vegetation,7416458.423897232,2027979.9377797164,6122645.994778822,6122645.591160114,0.2734431748778071,0.3312260645983953,0.33122608643357004
12069018,Beetzsee,21321376.587013684,rp100,water,678569.1961085042,451787.5800859603,6122645.994778822,6122645.591160114,0.6657944137118166,0.07378959692773825,0.07378960179211613
12069019,Beetzseeheide,37578173.903789505,rp100,artificial,600265.1991948364,34784.04662602357,7206366.378771592,7206366.561815328,0.05794779819433315,0.004826849593505251,0.004826849470901915
12069019,Beetzseeheide,37578173.903789505,rp100,open_or_seasonal,21277040.943385888,4496361.61120232,7206366.378771592,7206366.561815328,0.21132457389945686,0.6239429658263888,0.623942949978062
12069019,Beetzseeheide,37578173.903789505,rp100,perennial_vegetation,15193038.79433081,2342720.2652158597,7206366.378771592,7206366.561815328,0.15419695144134243,0.32509036344821585,0.32509035519082924
12069019,Beetzseeheide,37578173.903789505,rp100,water,507825.59214556665,332500.4557273882,7206366.378771592,7206366.561815328,0.6547532477096546,0.04613982113189015,0.04613981995992573
12069028,Bensdorf,34327538.55117235,rp100,artificial,1208802.8057391886,0,17341.070619636877,17341.06998437426,0,0,0
12069028,Bensdorf,34327538.55117235,rp100,open_or_seasonal,17052986.13511297,11744.72648624524,17341.070619636877,17341.06998437426,6.887196408412159e-4,0.6772780495424321,0.6772780743534402
12069028,Bensdorf,34327538.55117235,rp100,perennial_vegetation,15711309.394083757,1312.5672166811833,17341.070619636877,17341.06998437426,8.354282789284532e-5,0.07569124452989907,0.07569124730272786
12069028,Bensdorf,34327538.55117235,rp100,water,354437.550901536,4283.776916710456,17341.070619636877,17341.06998437426,0.012086126049044122,0.24703070592766888,0.24703071497724732
12069216,Golzow,40204631.36360527,rp100,artificial,1234614.3459387515,0,0,0,0,NA,NA
12069216,Golzow,40204631.36360527,rp100,open_or_seasonal,20385203.71255407,0,0,0,0,NA,NA
12069216,Golzow,40204631.36360527,rp100,perennial_vegetation,18584813.799230006,0,0,0,0,NA,NA
12069216,Golzow,40204631.36360527,rp100,water,0,0,0,0,NA,NA,NA
12069249,Groß Kreutz (Havel),99446262.16933209,rp100,artificial,5806153.23308754,194250.05757170208,33148514.159115065,33148513.75059968,0.033455895801152616,0.005859992898604412,0.0058599929708217455
12069249,Groß Kreutz (Havel),99446262.16933209,rp100,open_or_seasonal,52919510.40138233,17004620.458986018,33148514.159115065,33148513.75059968,0.32132989005396834,0.5129828859707772,0.5129828922926716
12069249,Groß Kreutz (Havel),99446262.16933209,rp100,perennial_vegetation,37148088.970347114,13537174.736436218,33148514.159115065,33148513.75059968,0.3644110669391919,0.4083795331355391,0.4083795381683235
12069249,Groß Kreutz (Havel),99446262.16933209,rp100,water,3572503.323009009,2412468.906121126,33148514.159115065,33148513.75059968,0.6752880789734795,0.07277758799507922,0.07277758889197507
12069270,"Havelsee, Stadt",82086481.8986311,rp100,artificial,2926221.5361988638,814718.4769337918,19418763.144373395,19418763.32697267,0.27841995790657187,0.04195521984982124,0.041955219455306274
12069270,"Havelsee, Stadt",82086481.8986311,rp100,open_or_seasonal,31458511.187728498,6595381.484584889,19418763.144373395,19418763.32697267,0.20965332546181176,0.3396396276915251,0.3396396244978125
12069270,"Havelsee, Stadt",82086481.8986311,rp100,perennial_vegetation,43076871.17547831,8158546.464686288,19418763.144373395,19418763.32697267,0.18939505683807822,0.42013728701615244,0.420137283065501
12069270,"Havelsee, Stadt",82086481.8986311,rp100,water,4624870.901868272,3850116.7181684272,19418763.144373395,19418763.32697267,0.8324809059239096,0.19826786544250127,0.1982678635781411
12069306,Kloster Lehnin,200769111.67734593,rp100,artificial,11995720.986231754,146419.29546114232,22949218.098205186,22949217.664032657,0.01220596041114969,0.0063801430983216586,0.006380143219026552
12069306,Kloster Lehnin,200769111.67734593,rp100,open_or_seasonal,83089042.70470491,9904299.25500962,22949218.098205186,22949217.664032657,0.11920102738707795,0.4315745840501736,0.4315745922150632
12069306,Kloster Lehnin,200769111.67734593,rp100,perennial_vegetation,98347789.89747024,8535297.086840138,22949218.098205186,22949217.664032657,0.08678687234088713,0.3719210410705743,0.3719210481068882
12069306,Kloster Lehnin,200769111.67734593,rp100,water,7336539.983530066,4363202.460894287,22949218.098205186,22949217.664032657,0.5947220993396506,0.19012423178093044,0.19012423537785997
12069454,Nuthetal,48437534.62117978,rp100,artificial,4110525.718933008,301122.7698733771,14501875.942949504,14501875.62468754,0.07325651035010218,0.020764401175268392,0.020764401630969386
12069454,Nuthetal,48437534.62117978,rp100,open_or_seasonal,12785798.76264042,4386411.5016779145,14501875.942949504,14501875.62468754,0.34306902393105304,0.3024720056173486,0.30247201225547854
12069454,Nuthetal,48437534.62117978,rp100,perennial_vegetation,31448422.500022963,9811231.50456384,14501875.942949504,14501875.62468754,0.3119784944556973,0.67654912668963,0.6765491415373545
12069454,Nuthetal,48437534.62117978,rp100,water,92783.98633312543,3110.166834373843,14501875.942949504,14501875.62468754,0.03352051315414825,2.1446651775323855e-4,2.14466522459977e-4
12069460,Päwesin,23647340.026410583,rp100,artificial,486440.04873482225,10345.563052126687,3893945.9005060643,3893945.756233869,0.02126790974352209,0.002656832764621141,0.0026568328630578223
12069460,Päwesin,23647340.026410583,rp100,open_or_seasonal,12087740.861927561,2218907.063845356,3893945.9005060643,3893945.756233869,0.18356673006071705,0.5698351031422862,0.5698351242548971
12069460,Päwesin,23647340.026410583,rp100,perennial_vegetation,10189301.984453546,1321794.2059373097,3893945.9005060643,3893945.756233869,0.12972372474130747,0.3394485284876523,0.33944854106435146
12069460,Päwesin,23647340.026410583,rp100,water,883856.4416274102,342899.06767127203,3893945.9005060643,3893945.756233869,0.3879578758739433,0.08805953560544029,0.08805953886808011
12069537,Rosenau,49705921.922633074,rp100,artificial,925324.6325555504,3152.6744292808676,3379637.4458868657,3379637.4452937366,0.003407100944210087,9.328439750594491e-4,9.32843975223164e-4
12069537,Rosenau,49705921.922633074,rp100,open_or_seasonal,22170331.775280047,405063.4985951287,3379637.4458868657,3379637.4452937366,0.018270520382864777,0.1198541278704628,0.1198541278914973
12069537,Rosenau,49705921.922633074,rp100,perennial_vegetation,26610260.428527266,2971421.2728624563,3379637.4458868657,3379637.4452937366,0.1116644942594013,0.8792130281544778,0.8792130283087803
12069537,Rosenau,49705921.922633074,rp100,water,0,0,3379637.4458868657,3379637.4452937366,NA,0,0
12069541,Roskow,39258187.474526584,rp100,artificial,951848.3583030207,211888.23025594561,23193789.14591537,23193788.62336861,0.22260712896926702,0.00913555904655885,0.009135559252379332
12069541,Roskow,39258187.474526584,rp100,open_or_seasonal,27895899.02281944,14946819.310483627,23193789.14591537,23193788.62336861,0.5358070481348104,0.6444319734240532,0.6444319879428472
12069541,Roskow,39258187.474526584,rp100,perennial_vegetation,9129738.788303338,7072441.147836715,23193789.14591537,23193788.62336861,0.7746597478667898,0.3049282333017257,0.30492824017163656
12069541,Roskow,39258187.474526584,rp100,water,1280696.5671301316,962640.4573390831,23193789.14591537,23193788.62336861,0.7516538125000448,0.0415042342276623,0.04150423516273606
12069590,Schwielowsee,58251152.43320541,rp100,artificial,5263179.26680345,786453.0344412032,10239499.061327152,10239499.223980555,0.14942546977292095,0.07680581146899097,0.07680581024893847
12069590,Schwielowsee,58251152.43320541,rp100,open_or_seasonal,13182870.581320465,943542.8668498958,10239499.061327152,10239499.223980555,0.07157339981679359,0.09214736592080924,0.0921473644570577
12069590,Schwielowsee,58251152.43320541,rp100,perennial_vegetation,31740302.86523851,1546726.3566479569,10239499.061327152,10239499.223980555,0.048730674159442496,0.1510548853400143,0.1510548829405228
12069590,Schwielowsee,58251152.43320541,rp100,water,8064788.456460902,6962776.803388096,10239499.061327152,10239499.223980555,0.8633551693237588,0.6799919372701856,0.6799919264685828
12069648,Wenzlow,20695667.47787179,rp100,artificial,1157100.1350457387,715.3935616668541,660606.6586849679,660606.6614384202,6.182641761065696e-4,0.0010829342275945984,0.0010829342230808568
12069648,Wenzlow,20695667.47787179,rp100,open_or_seasonal,7401018.876500122,203561.62615684746,660606.6586849679,660606.6614384202,0.02750454086844729,0.3081434670399266,0.3081434657555642
12069648,Wenzlow,20695667.47787179,rp100,perennial_vegetation,12134316.123393668,454912.4782883102,660606.6586849679,660606.6614384202,0.03748975003307252,0.6886283574462881,0.6886283545760397
12069648,Wenzlow,20695667.47787179,rp100,water,3230.73185282559,1417.1606781434043,660606.6586849679,660606.6614384202,0.4386500467081349,0.0021452412861905834,0.0021452412772490757
12069656,"Werder (Havel), Stadt",117130774.79027082,rp100,artificial,12876015.586986225,492782.32160904875,17107917.566067502,17107917.239678018,0.038271336212663744,0.028804342767377606,0.028804343316914668
12069656,"Werder (Havel), Stadt",117130774.79027082,rp100,open_or_seasonal,46679200.0454151,3655224.0989046996,17107917.566067502,17107917.239678018,0.07830520007516112,0.2136568688029343,0.21365687287913798
12069656,"Werder (Havel), Stadt",117130774.79027082,rp100,perennial_vegetation,42383161.82452573,4390762.256185789,17107917.566067502,17107917.239678018,0.10359685467460807,0.256650889228891,0.25665089412534625
12069656,"Werder (Havel), Stadt",117130774.79027082,rp100,water,15192391.151417866,8569148.889367964,17107917.566067502,17107917.239678018,0.564042144779048,0.500887899200797,0.5008879087568722
12069688,Wusterwitz,23852924.387744553,rp100,artificial,1790657.511737076,37300.72925466308,2423434.6752974573,2423434.6411209875,0.020830744578553433,0.015391679270283905,0.015391679487344951
12069688,Wusterwitz,23852924.387744553,rp100,open_or_seasonal,8764275.37876091,267705.54646365053,2423434.6752974573,2423434.6411209875,0.03054508614738423,0.11046534457578966,0.1104653461336264
12069688,Wusterwitz,23852924.387744553,rp100,perennial_vegetation,12142830.840062317,1254340.3445120452,2423434.6752974573,2423434.6411209875,0.10329884036378521,0.5175878505403018,0.5175878578395808
12069688,Wusterwitz,23852924.387744553,rp100,water,1155157.7696021348,864088.0550670986,2423434.6752974573,2423434.6411209875,0.7480260080531789,0.3565551256136247,0.3565551306419408
12069696,"Ziesar, Stadt",68034819.05348706,rp100,artificial,3357825.5462250398,0,491687.2526330253,491687.266151881,0,0,0
12069696,"Ziesar, Stadt",68034819.05348706,rp100,open_or_seasonal,29236516.803950544,300039.62706036586,491687.2526330253,491687.266151881,0.010262495668424612,0.6102245389800717,0.6102245222020543
12069696,"Ziesar, Stadt",68034819.05348706,rp100,perennial_vegetation,35420813.37704821,191647.62557265945,491687.2526330253,491687.266151881,0.005410593583286889,0.38977546101992844,0.38977545030312005
12069696,"Ziesar, Stadt",68034819.05348706,rp100,water,19657.834859641272,0,491687.2526330253,491687.266151881,0,0,0
12070008,"Bad Wilsnack, Stadt",79693609.51313046,rp100,artificial,1694086.9037694754,22846.42820503978,15097931.227523664,15097931.322923502,0.01348598360226072,0.0015132158082287815,0.0015132157986671709
12070008,"Bad Wilsnack, Stadt",79693609.51313046,rp100,open_or_seasonal,25137849.772476435,6299670.924400458,15097931.227523664,15097931.322923502,0.25060500326873625,0.41725391574947046,0.41725391311295323
12070008,"Bad Wilsnack, Stadt",79693609.51313046,rp100,perennial_vegetation,52572398.9619682,8550940.280505624,15097931.227523664,15097931.322923502,0.16265075304422622,0.5663650305226707,0.5663650269439597
12070008,"Bad Wilsnack, Stadt",79693609.51313046,rp100,water,289267.9684612446,224473.59441254227,15097931.227523664,15097931.322923502,0.7760057071186459,0.01486783791963,0.014867837825684063
12070052,Breese,23851756.303758033,rp100,artificial,750414.7180343352,57583.915363017375,8424545.304370949,8424545.08411043,0.07673612201244516,0.006835254993897514,0.006835255172605895
12070052,Breese,23851756.303758033,rp100,open_or_seasonal,4690080.710582521,2136062.1952072685,8424545.304370949,8424545.08411043,0.4554425237048775,0.2535522236552048,0.2535522302843514
12070052,Breese,23851756.303758033,rp100,perennial_vegetation,18397745.14896456,6230681.017221941,8424545.304370949,8424545.08411043,0.3386654705113473,0.7395866236233836,0.739586642959945
12070052,Breese,23851756.303758033,rp100,water,13513.504389015934,218.17657872351205,8424545.304370949,8424545.08411043,0.016145077726903368,2.589772751418577e-5,2.589772819128428e-5
12070060,Cumlosen,22136805.302360814,rp100,artificial,750636.5419229536,138404.4695567137,12242566.578590002,12242566.519218706,0.18438280289706405,0.011305184143230038,0.011305184198055424
12070060,Cumlosen,22136805.302360814,rp100,open_or_seasonal,7868456.440705707,3341994.298049438,12242566.578590002,12242566.519218706,0.42473315106129006,0.2729815089504166,0.27298151027426204
12070060,Cumlosen,22136805.302360814,rp100,perennial_vegetation,12428739.316304514,7713708.353175469,12242566.578590002,12242566.519218706,0.6206348171657539,0.6300728122373724,0.6300728152929604
12070060,Cumlosen,22136805.302360814,rp100,water,1088971.0374569043,1048459.4578083836,12242566.578590002,12242566.519218706,0.9627982946698673,0.08564049466898113,0.0856404950843015
12070125,Groß Pankow (Prignitz),250869220.52956736,rp100,artificial,3544949.47498216,121911.68964478454,3600431.759262583,3600431.636111023,0.03439024745067715,0.033860297263279805,0.03386029842145995
12070125,Groß Pankow (Prignitz),250869220.52956736,rp100,open_or_seasonal,160461191.24895486,1708693.4351774328,3600431.759262583,3600431.636111023,0.010648639847914391,0.4745801474452598,0.47458016367811506
12070125,Groß Pankow (Prignitz),250869220.52956736,rp100,perennial_vegetation,86723247.15933044,1768954.6738201831,3600431.759262583,3600431.636111023,0.0203976987919999,0.4913173730537498,0.49131738985909623
12070125,Groß Pankow (Prignitz),250869220.52956736,rp100,water,139811.614280297,871.9606201827919,3600431.759262583,3600431.636111023,0.006236682300475184,2.4218223771067422e-4,2.4218224599443667e-4
12070236,Lanz,60773848.41250971,rp100,artificial,704081.6276038613,121447.05741872752,20514146.766318187,20514146.4500865,0.17249002481720416,0.005920161281975874,0.005920161373236927
12070236,Lanz,60773848.41250971,rp100,open_or_seasonal,22366833.094126433,6168643.934312086,20514146.766318187,20514146.4500865,0.27579424893781596,0.30070194995583593,0.3007019545912462
12070236,Lanz,60773848.41250971,rp100,perennial_vegetation,36774301.26785041,13303165.49239236,20514146.766318187,20514146.4500865,0.361751686197843,0.6484873898940116,0.6484873998906382
12070236,Lanz,60773848.41250971,rp100,water,928626.0878529246,920890.2821950167,20514146.766318187,20514146.4500865,0.9916696227264153,0.04489049886817667,0.044890499560177106
12070241,Legde/Quitzöbel,41811787.22891896,rp100,artificial,814921.2260436228,43122.111260353995,8467064.527792484,8467064.426160969,0.052915680537256815,0.005092923423319735,0.005092923484450901
12070241,Legde/Quitzöbel,41811787.22891896,rp100,open_or_seasonal,17129278.277920574,4869748.303797111,8467064.527792484,8467064.426160969,0.28429384033501026,0.5751400958162701,0.5751401027197678
12070241,Legde/Quitzöbel,41811787.22891896,rp100,perennial_vegetation,22983698.151715703,3004125.7077487367,8467064.527792484,8467064.426160969,0.13070680305312324,0.3548013243418574,0.3548013286005939
12070241,Legde/Quitzöbel,41811787.22891896,rp100,water,883885.2154535672,550068.4049862818,8467064.527792484,8467064.426160969,0.6223301344666267,0.06496565641855272,0.06496565719834577
12070244,"Lenzen (Elbe), Stadt",96087887.33604792,rp100,artificial,1722875.6386543422,303496.27334812423,37334207.57126955,37334206.54945563,0.17615680815196333,0.008129174103099997,0.008129174325590415
12070244,"Lenzen (Elbe), Stadt",96087887.33604792,rp100,open_or_seasonal,24927509.19623074,6114607.264406544,37334207.57126955,37334206.54945563,0.24529555746111717,0.16378028789640162,0.16378029237896585
12070244,"Lenzen (Elbe), Stadt",96087887.33604792,rp100,perennial_vegetation,65815159.62260874,29070604.64968472,37334207.57126955,37334206.54945563,0.44170073910598584,0.7786586763409955,0.7786586976523973
12070244,"Lenzen (Elbe), Stadt",96087887.33604792,rp100,water,3622342.198551768,1845499.3838301625,37334207.57126955,37334206.54945563,0.5094768198785866,0.04943186165950291,0.0494318630124221
12070246,Lenzerwische,42138166.86486375,rp100,artificial,536331.8294078622,275930.6110831442,37924929.88429756,37924929.54714356,0.5144774110978753,0.007275705239929542,0.007275705304610824
12070246,Lenzerwische,42138166.86486375,rp100,open_or_seasonal,10379275.320444372,9120682.321127102,37924929.88429756,37924929.54714356,0.8787398001825637,0.24049305691408623,0.24049305905207818
12070246,Lenzerwische,42138166.86486375,rp100,perennial_vegetation,28873472.707525212,26282057.603455417,37924929.88429756,37924929.54714356,0.9102492751627205,0.6930021409040823,0.6930021470648964
12070246,Lenzerwische,42138166.86486375,rp100,water,2349077.726677357,2246259.3486318938,37924929.88429756,37924929.54714356,0.9562303209988311,0.05922909694190193,0.059229097468450745
12070296,"Perleberg, Stadt",138611863.48450723,rp100,artificial,6526311.351953978,242169.10373510228,4319960.154979719,4319960.0949629815,0.03710658144781843,0.05605817994778223,0.056058180726592445
12070296,"Perleberg, Stadt",138611863.48450723,rp100,open_or_seasonal,72105310.41153629,813267.4737803044,4319960.154979719,4319960.0949629815,0.011278884580603483,0.18825809604813878,0.1882580986635881
12070296,"Perleberg, Stadt",138611863.48450723,rp100,perennial_vegetation,59824242.57675342,3254468.4860135303,4319960.154979719,4319960.0949629815,0.054400496284396846,0.7533561350703729,0.7533561455366681
12070296,"Perleberg, Stadt",138611863.48450723,rp100,water,155987.31418983577,10055.091450781154,4319960.154979719,4319960.0949629815,0.06446095634766913,0.002327588933705885,0.002327588966042826
12070302,Plattenburg,201698921.44520858,rp100,artificial,3213050.623716925,300.2430447832572,53174.89792008647,53174.89965550999,9.344485348815627e-5,0.005646330440247866,0.005646330255973431
12070302,Plattenburg,201698921.44520858,rp100,open_or_seasonal,105838637.7912694,5244.1914031294145,53174.89792008647,53174.89965550999,4.9548931397546824e-5,0.09862156032740507,0.09862155710877794
12070302,Plattenburg,201698921.44520858,rp100,perennial_vegetation,92033546.26260075,40816.72146778512,53174.89792008647,53174.89965550999,4.4349830170970633e-4,0.7675937907605624,0.7675937657092634
12070302,Plattenburg,201698921.44520858,rp100,water,613671.9552583563,6813.742004388682,53174.89792008647,53174.89965550999,0.011103231858656621,0.1281383184717847,0.12813831428984448
12070348,Rühstädt,28836364.758831542,rp100,artificial,561681.1434092047,229667.27329704957,22431985.981971342,22431985.83914801,0.40889261815529526,0.01023838341739487,0.010238383482582145
12070348,Rühstädt,28836364.758831542,rp100,open_or_seasonal,12328915.545477577,9350873.736377914,22431985.981971342,22431985.83914801,0.7584506278662886,0.41685447485092225,0.4168544775050138
12070348,Rühstädt,28836364.758831542,rp100,perennial_vegetation,14048449.99235328,11160359.572757011,22431985.981971342,22431985.83914801,0.7944192831829642,0.49751990669602897,0.4975199098637133
12070348,Rühstädt,28836364.758831542,rp100,water,1897315.2423661859,1691085.3995393706,22431985.981971342,22431985.83914801,0.8913043872616438,0.07538723503565406,0.0753872355156408
12070416,Weisen,15518445.506494392,rp100,artificial,761566.2639468445,270358.4779575099,3043909.806312813,3043909.928151827,0.35500322264325024,0.08881947730409395,0.08881947374890416
12070416,Weisen,15518445.506494392,rp100,open_or_seasonal,6218133.207738804,978803.8687461886,3043909.806312813,3043909.928151827,0.1574112094491662,0.32156139012931056,0.3215613772581272
12070416,Weisen,15518445.506494392,rp100,perennial_vegetation,8538292.708115011,1794747.4596091146,3043909.806312813,3043909.928151827,0.21019980468733998,0.5896191325665955,0.589619108965827
12070416,Weisen,15518445.506494392,rp100,water,451.9991743772794,0,3043909.806312813,3043909.928151827,0,0,0
12070424,"Wittenberge, Stadt",50420776.41981825,rp100,artificial,7486230.5822570035,940072.5627640263,19612621.315756164,19612621.708366353,0.12557355166057502,0.04793202028577391,0.04793201932625918
12070424,"Wittenberge, Stadt",50420776.41981825,rp100,open_or_seasonal,18032374.890636045,3827174.9472454186,19612621.315756164,19612621.708366353,0.21223909609559058,0.19513836960543293,0.195138365699106
12070424,"Wittenberge, Stadt",50420776.41981825,rp100,perennial_vegetation,22302975.636866573,12482202.42809808,19612621.315756164,19612621.708366353,0.559665339339973,0.6364372322872655,0.6364372195469116
12070424,"Wittenberge, Stadt",50420776.41981825,rp100,water,2599192.2031326294,2363171.3776486414,19612621.315756164,19612621.708366353,0.909194546982894,0.1204923778215278,0.12049237540948234
12071028,Briesen/Brjazyna,9142512.960644592,rp100,artificial,535472.9904619118,20241.377065993667,1947171.5884826072,1947171.4194418988,0.0378009300684484,0.010395271369878285,0.010395272272327867
12071028,Briesen/Brjazyna,9142512.960644592,rp100,open_or_seasonal,3006698.8193602483,535577.2103093873,1947171.5884826072,1947171.4194418988,0.1781279876989292,0.2750539364261946,0.27505396030458135
12071028,Briesen/Brjazyna,9142512.960644592,rp100,perennial_vegetation,5593496.76404842,1388024.7406158003,1947171.5884826072,1947171.4194418988,0.2481497351597976,0.7128415126976358,0.7128415745818815
12071028,Briesen/Brjazyna,9142512.960644592,rp100,water,6843.412884916265,3328.2604914260364,1947171.5884826072,1947171.4194418988,0.48634512448634176,0.0017092795062913202,0.001709279654679806
12071032,Burg (Spreewald)/Bórkowy (Błota),35288449.01002996,rp100,artificial,2377087.8042055825,254040.10664899208,5093946.437584017,5093946.2334071,0.10687030836620347,0.04987098112666444,0.04987098312560646
12071032,Burg (Spreewald)/Bórkowy (Błota),35288449.01002996,rp100,open_or_seasonal,17238508.029337484,2269017.389827325,5093946.437584017,5093946.2334071,0.13162492867513712,0.445434088801194,0.4454341066552025
12071032,Burg (Spreewald)/Bórkowy (Błota),35288449.01002996,rp100,perennial_vegetation,15645893.127824256,2567530.0433876445,5093946.437584017,5093946.2334071,0.16410249145966713,0.5040355399978225,0.50403556020071
12071032,Burg (Spreewald)/Bórkowy (Błota),35288449.01002996,rp100,water,26957.642447053433,3358.8977200557933,5093946.437584017,5093946.2334071,0.12459909009672814,6.593900743190516e-4,6.593901007489012e-4
12071041,Dissen-Striesow/Dešno-Strjažow,19863200.660959322,rp100,artificial,732190.9310624629,45132.889829884705,7293165.459008662,7293165.473751526,0.0616408752350887,0.006188381448844777,0.0061883814363351925
12071041,Dissen-Striesow/Dešno-Strjažow,19863200.660959322,rp100,open_or_seasonal,7418374.400550567,2868368.894470234,7293165.459008662,7293165.473751526,0.38665733752361614,0.3932954641701112,0.393295463375079
12071041,Dissen-Striesow/Dešno-Strjažow,19863200.660959322,rp100,perennial_vegetation,11684241.591244943,4376407.2566954885,7293165.459008662,7293165.473751526,0.37455638198843394,0.6000696516887141,0.6000696504756955
12071041,Dissen-Striesow/Dešno-Strjažow,19863200.660959322,rp100,water,28392.535332581654,3256.418013055023,7293165.459008662,7293165.473751526,0.11469275198253054,4.465026923299308e-4,0.00044650269142734213
12071052,Drachhausen/Hochoza,38206293.47381318,rp100,artificial,1497290.8664022237,917.6376326050944,1165950.7871535216,1165950.75436792,6.128653110734901e-4,7.870294721832615e-4,7.870294943139e-4
12071052,Drachhausen/Hochoza,38206293.47381318,rp100,open_or_seasonal,8314535.1717200065,710329.9510997371,1165950.7871535216,1165950.75436792,0.08543231057771723,0.6092280728536508,0.6092280899846563
12071052,Drachhausen/Hochoza,38206293.47381318,rp100,perennial_vegetation,28359112.166046984,454703.19842117943,1165950.7871535216,1165950.75436792,0.01603376000485565,0.389984897674166,0.389984908640229
12071052,Drachhausen/Hochoza,38206293.47381318,rp100,water,35396.349444178355,0,1165950.7871535216,1165950.75436792,0,0,0
12071060,Drehnow/Drjenow,10941280.874853594,rp100,artificial,647827.9603365272,0,8214.84710097015,8214.847326937042,0,0,0
12071060,Drehnow/Drjenow,10941280.874853594,rp100,open_or_seasonal,6129313.852869204,3997.1218419591255,8214.84710097015,8214.847326937042,6.521320229160766e-4,0.48657288356433037,0.48657287018010564
12071060,Drehnow/Drjenow,10941280.874853594,rp100,perennial_vegetation,4164138.639864176,4217.725259011024,8214.84710097015,8214.847326937042,0.0010128685963127768,0.5134271164356696,0.5134271023127619
12071060,Drehnow/Drjenow,10941280.874853594,rp100,water,0,0,8214.84710097015,8214.847326937042,NA,0,0
12071076,"Forst (Lausitz)/Baršć (Łužyca), Stadt",22690567.20805098,rp100,artificial,1000999.1673239074,22131.844397932622,1334281.680824285,1334281.7374970077,0.022109753055140263,0.01658708555772132,0.016587084853195974
12071076,"Forst (Lausitz)/Baršć (Łužyca), Stadt",22690567.20805098,rp100,open_or_seasonal,17826944.809016548,720069.4982003114,1334281.680824285,1334281.7374970077,0.040392198770712144,0.5396682788565837,0.5396682559345352
12071076,"Forst (Lausitz)/Baršć (Łužyca), Stadt",22690567.20805098,rp100,perennial_vegetation,3850610.6329965713,592080.3382260408,1334281.680824285,1334281.7374970077,0.15376271315318107,0.44374463558569494,0.44374461673793886
12071076,"Forst (Lausitz)/Baršć (Łužyca), Stadt",22690567.20805098,rp100,water,12011.383557192199,0,1334281.680824285,1334281.7374970077,0,0,0
12071164,Guhrow/Góry,6620421.717200182,rp100,artificial,426084.45542919595,4632.105862095361,1495709.385822478,1495709.4066770505,0.01087133267377574,0.00309692905988432,0.003096929016704053
12071164,Guhrow/Góry,6620421.717200182,rp100,open_or_seasonal,2872833.4548322484,434252.0771690752,1495709.385822478,1495709.4066770505,0.15115811062372644,0.2903318527551284,0.2903318487070515
12071164,Guhrow/Góry,6620421.717200182,rp100,perennial_vegetation,3320049.1723723165,1056433.4678396021,1495709.385822478,1495709.4066770505,0.31819813894043486,0.7063093123927134,0.7063093025446917
12071164,Guhrow/Góry,6620421.717200182,rp100,water,1453.8426403736703,391.7349517051427,1495709.385822478,1495709.4066770505,0.2694479724466315,2.619057922737651e-4,2.619057886220308e-4
12071176,Heinersbrück/Móst,23970834.871251676,rp100,artificial,3024055.728367232,35275.559746068924,1026999.9774147287,1026999.91705406,0.01166498335833088,0.03434816019652526,0.03434816221529652
12071176,Heinersbrück/Móst,23970834.871251676,rp100,open_or_seasonal,17552539.65128833,991410.4830744911,1026999.9774147287,1026999.91705406,0.056482452270188895,0.9653461585950301,0.9653462153320743
12071176,Heinersbrück/Móst,23970834.871251676,rp100,perennial_vegetation,3394053.6964224437,313.9345941687152,1026999.9774147287,1026999.91705406,9.249547068145178e-5,3.056812084446039e-4,3.0568122641064444e-4
12071176,Heinersbrück/Móst,23970834.871251676,rp100,water,183.97813176703784,0,1026999.9774147287,1026999.91705406,0,0,0
12071301,Neuhausen/Spree / Kopańce/Sprjewja,134615089.8409248,rp100,artificial,8428589.183471631,395750.835262895,8451220.647017596,8451220.601469431,0.04695339002154215,0.04682765387300046,0.04682765412537983
12071301,Neuhausen/Spree / Kopańce/Sprjewja,134615089.8409248,rp100,open_or_seasonal,49272940.63756726,2890365.20843107,8451220.647017596,8451220.601469431,0.058660294494933464,0.3420056497342865,0.3420056515775386
12071301,Neuhausen/Spree / Kopańce/Sprjewja,134615089.8409248,rp100,perennial_vegetation,72178740.34801495,2459938.5487104882,8451220.647017596,8451220.601469431,0.03408120641687177,0.29107494070440476,0.29107494227316394
12071301,Neuhausen/Spree / Kopańce/Sprjewja,134615089.8409248,rp100,water,4734808.82213396,2705166.0546131423,8451220.647017596,8451220.601469431,0.5713358566806789,0.32009175568830817,0.3200917574134545
12071341,Schmogrow-Fehrow/Smogorjow-Prjawoz,30353146.313546613,rp100,artificial,1418129.6552140922,80196.77837994555,6436556.9440352665,6436557.067260884,0.05655109043456143,0.012459577236283695,0.012459576997749479
12071341,Schmogrow-Fehrow/Smogorjow-Prjawoz,30353146.313546613,rp100,open_or_seasonal,6046506.56200572,2729941.1309605725,6436556.9440352665,6436557.067260884,0.4514906422354082,0.4241306578496752,0.42413064972984316
12071341,Schmogrow-Fehrow/Smogorjow-Prjawoz,30353146.313546613,rp100,perennial_vegetation,22838383.564021066,3595240.471702365,6436556.9440352665,6436557.067260884,0.15742096902892042,0.5585657833780312,0.558565772684486
12071341,Schmogrow-Fehrow/Smogorjow-Prjawoz,30353146.313546613,rp100,water,50080.77767139277,31178.562992383326,6436556.9440352665,6436557.067260884,0.6225654720652072,0.004843981536009929,0.0048439814432736095
12071372,"Spremberg/Grodk, Stadt",202363574.31507266,rp100,artificial,23785582.05527487,1508081.760476185,8072109.25325256,8072108.837709511,0.06340318925017609,0.18682623254492267,0.18682624216252622
12071372,"Spremberg/Grodk, Stadt",202363574.31507266,rp100,open_or_seasonal,80811819.83388065,1759180.0129459877,8072109.25325256,8072108.837709511,0.02176884540605835,0.21793312723525726,0.2179331384542086
12071372,"Spremberg/Grodk, Stadt",202363574.31507266,rp100,perennial_vegetation,94026844.97693588,1826624.8578290048,8072109.25325256,8072108.837709511,0.019426631386781752,0.2262884210955133,0.22628843274458574
12071372,"Spremberg/Grodk, Stadt",202363574.31507266,rp100,water,3739310.611032763,2978222.6220013835,8072109.25325256,8072108.837709511,0.7964630200053977,0.3689522191243068,0.3689522381175505
12071412,Werben/Wjerbno,25048677.960904755,rp100,artificial,1178709.6491272175,27236.69861193535,6901724.304692751,6901724.060982479,0.023107216125788844,0.003946361432231661,0.0039463615715836274
12071412,Werben/Wjerbno,25048677.960904755,rp100,open_or_seasonal,13375167.212531881,2977697.3757791785,6901724.304692751,6901724.060982479,0.22262879622089665,0.4314425271601368,0.4314425423950223
12071412,Werben/Wjerbno,25048677.960904755,rp100,perennial_vegetation,10493657.887055758,3896719.3218580703,6901724.304692751,6901724.060982479,0.37134041949898045,0.5646008373890767,0.5646008573259826
12071412,Werben/Wjerbno,25048677.960904755,rp100,water,1140.990139429091,70.90844356603873,6901724.304692751,6901724.060982479,0.062146412239389444,1.0274018554729188e-5,1.0274018917520259e-5
12072232,"Luckenwalde, Stadt",46592886.66626696,rp100,artificial,9733414.859864749,4851.757079729708,1003367.9385074318,1003367.91927473,4.984640179815704e-4,0.004835471509032846,0.004835471601719866
12072232,"Luckenwalde, Stadt",46592886.66626696,rp100,open_or_seasonal,15892021.71965748,342463.3786762017,1003367.9385074318,1003367.91927473,0.021549390298944468,0.34131385460216707,0.3413138611445205
12072232,"Luckenwalde, Stadt",46592886.66626696,rp100,perennial_vegetation,20927667.771704286,656052.8027515004,1003367.9385074318,1003367.91927473,0.031348586469751354,0.6538506738888001,0.6538506864219046
12072232,"Luckenwalde, Stadt",46592886.66626696,rp100,water,39779.7795344059,0,1003367.9385074318,1003367.91927473,0,0,0
12072240,"Ludwigsfelde, Stadt",110231180.86987475,rp100,artificial,12524623.368166128,11656.500303995937,4313534.531710911,4313534.413666144,9.306866930324866e-4,0.0027023083316716906,0.002702308405623426
12072240,"Ludwigsfelde, Stadt",110231180.86987475,rp100,open_or_seasonal,40521042.65575613,841106.7045342857,4313534.531710911,4313534.413666144,0.020757281881412893,0.19499245881791308,0.1949924641541031
12072240,"Ludwigsfelde, Stadt",110231180.86987475,rp100,perennial_vegetation,55616915.43073616,3115060.057754953,4313534.531710911,4313534.413666144,0.05600922010200955,0.7221595271475438,0.7221595469102592
12072240,"Ludwigsfelde, Stadt",110231180.86987475,rp100,water,1568588.1254651835,345711.2691176759,4313534.531710911,4313534.413666144,0.22039645940527,0.08014570570287141,0.08014570789614964
12072312,Nuthe-Urstromtal,341192433.78414,rp100,artificial,12085929.731841305,134125.96023977557,8336554.551293372,8336554.540092975,0.011097694858047244,0.016088896127833367,0.016088896149449253
12072312,Nuthe-Urstromtal,341192433.78414,rp100,open_or_seasonal,108745554.41830513,4389934.146320286,8336554.551293372,8336554.540092975,0.04036886077598892,0.5265885467803016,0.5265885474877883
12072312,Nuthe-Urstromtal,341192433.78414,rp100,perennial_vegetation,219629811.42159277,3800948.30319279,8336554.551293372,8336554.540092975,0.017306158388018824,0.4559375554740529,0.45593755608661796
12072312,Nuthe-Urstromtal,341192433.78414,rp100,water,731104.2690122607,11546.141540520757,8336554.551293372,8336554.540092975,0.0157927426085473,0.0013850016178121732,0.0013850016196729623
12072426,"Trebbin, Stadt",126646637.57879107,rp100,artificial,7404683.3091808185,39147.176849170224,9102669.567922004,9102669.58512326,0.005286813117400031,0.004300625938035331,0.004300625929908465
12072426,"Trebbin, Stadt",126646637.57879107,rp100,open_or_seasonal,52093985.50410613,2581193.0564110195,9102669.567922004,9102669.58512326,0.049548772884876816,0.28356440241522085,0.28356440187937104
12072426,"Trebbin, Stadt",126646637.57879107,rp100,perennial_vegetation,62544660.02405077,3976354.9473045054,9102669.567922004,9102669.58512326,0.06357625008714489,0.43683393290659067,0.43683393208110843
12072426,"Trebbin, Stadt",126646637.57879107,rp100,water,4603298.440006189,2505974.3873573067,9102669.567922004,9102669.58512326,0.5443866870717028,0.27530103874015294,0.27530103821991836
12073384,"Lychen, Stadt",112021774.56824146,rp100,artificial,2034686.5149011177,5715.890930297195,170774.85087953406,170774.84828509134,0.002809224363771329,0.03347033184838926,0.03347033235687666
12073384,"Lychen, Stadt",112021774.56824146,rp100,open_or_seasonal,30987394.69685048,36615.90043584136,170774.85087953406,170774.84828509134,0.00118163855961608,0.2144103786199205,0.21441038187728215
12073384,"Lychen, Stadt",112021774.56824146,rp100,perennial_vegetation,69229424.82898441,109607.94443342014,170774.85087953406,170774.84828509134,0.001583256609515126,0.6418272003688555,0.6418272101196117
12073384,"Lychen, Stadt",112021774.56824146,rp100,water,9770240.355749637,18835.11507997537,170774.85087953406,170774.84828509134,0.0019278046797376069,0.1102920891628347,0.11029209083841228
12073572,"Templin, Stadt",378905948.0809287,rp100,artificial,11946703.244936477,113083.89482990421,4898296.459562959,4898296.406218995,0.009465698821792864,0.023086372122114042,0.02308637237353178
12073572,"Templin, Stadt",378905948.0809287,rp100,open_or_seasonal,147789299.99126592,1605134.3175774573,4898296.459562959,4898296.406218995,0.010860964343645432,0.3276923581143703,0.3276923616830415
12073572,"Templin, Stadt",378905948.0809287,rp100,perennial_vegetation,200733369.16030517,2610541.7351059476,4898296.459562959,4898296.406218995,0.013005021267894804,0.5329489051258584,0.5329489109298369
12073572,"Templin, Stadt",378905948.0809287,rp100,water,18436564.464447197,569536.5120496497,4898296.459562959,4898296.406218995,0.030891683379945092,0.11627236463765721,0.11627236590389925
13071001,Alt Schwerin,44364011.80546184,rp100,artificial,851144.0545675029,1241.552541264505,5775263.4274692675,5775263.400879709,0.0014586867341690858,2.1497764679602777e-4,2.14977647785794e-4
13071001,Alt Schwerin,44364011.80546184,rp100,open_or_seasonal,13557751.551857213,131097.37508996113,5775263.4274692675,5775263.400879709,0.009669551369821549,0.022699808716328682,0.022699808820839565
13071001,Alt Schwerin,44364011.80546184,rp100,perennial_vegetation,12479427.11551866,48898.853942300106,5775263.4274692675,5775263.400879709,0.003918357268298996,0.008466947794921223,0.008466947833903412
13071001,Alt Schwerin,44364011.80546184,rp100,water,17475686.66345413,5594025.645895742,5775263.4274692675,5775263.400879709,0.3201033386341377,0.9686182658419541,0.9686182703015138
13071036,Fünfseen,51491620.68168621,rp100,artificial,924078.8562779169,2400.985013753385,14692.136649357646,14692.136874959546,0.002598246889258213,0.1634197306392708,0.1634197281299148
13071036,Fünfseen,51491620.68168621,rp100,open_or_seasonal,29885880.63871357,497.2400521750004,14692.136649357646,14692.136874959546,1.6637958847057888e-5,0.03384395776068011,0.03384395724099661
13071036,Fünfseen,51491620.68168621,rp100,perennial_vegetation,19329435.73541816,558.2022390021411,14692.136649357646,14692.136874959546,2.8878351476102485e-5,0.03799326485481241,0.037993264271415125
13071036,Fünfseen,51491620.68168621,rp100,water,1352222.705160698,11235.70934442712,14692.136649357646,14692.136874959546,0.008309067213223482,0.7647430467452367,0.7647430350023918
13071043,Göhren-Lebbin,41540306.91411783,rp100,artificial,863710.5738658404,5783.868638717577,3645932.8460306497,3645932.6621479406,0.0066965356378929555,0.0015863892405518416,0.0015863893205614243
13071043,Göhren-Lebbin,41540306.91411783,rp100,open_or_seasonal,23306815.849619187,20812.627620438267,3645932.8460306497,3645932.6621479406,8.929845996435556e-4,0.005708450621381331,0.0057084509092871875
13071043,Göhren-Lebbin,41540306.91411783,rp100,perennial_vegetation,13301799.515028752,36867.81154856989,3645932.8460306497,3645932.6621479406,0.0027716408976782114,0.010112038017570211,0.010112038527571112
13071043,Göhren-Lebbin,41540306.91411783,rp100,water,4067979.290579329,3582468.538222924,3645932.8460306497,3645932.6621479406,0.8806506332318957,0.9825931221204965,0.9825931716776064
13071045,Gotthun,10025664.06215434,rp100,artificial,250463.49134119405,0,36409.699088126254,36409.69614134786,0,0,0
13071045,Gotthun,10025664.06215434,rp100,open_or_seasonal,6796911.118595841,0,36409.699088126254,36409.69614134786,0,0,0
13071045,Gotthun,10025664.06215434,rp100,perennial_vegetation,1482740.1149647436,0,36409.699088126254,36409.69614134786,0,0,0
13071045,Gotthun,10025664.06215434,rp100,water,1495548.8177623483,36409.699088126254,36409.699088126254,36409.69614134786,0.024345376530471755,1,1.0000000809338916
13071069,Jabel,75358228.78741257,rp100,artificial,769370.0231846481,0,15156833.448053649,15156833.226083692,0,0,0
13071069,Jabel,75358228.78741257,rp100,open_or_seasonal,25158478.771789055,55251.085639953555,15156833.448053649,15156833.226083692,0.00219612187768317,0.0036452921270998446,0.003645292180484699
13071069,Jabel,75358228.78741257,rp100,perennial_vegetation,28041119.089409396,57844.761497755026,15156833.448053649,15156833.226083692,0.0020628549564415174,0.0038164146684070816,0.003816414724298004
13071069,Jabel,75358228.78741257,rp100,water,21389240.423926305,15043737.60091594,15156833.448053649,15156833.226083692,0.7033320166006365,0.992538293204493,0.9925383077400942
13071077,Klink,25061965.027553067,rp100,artificial,600837.6173741049,128.560639438183,7410630.7115663355,7410630.737767696,2.1396902544158804e-4,1.7348137350513044e-5,1.7348137289176183e-5
13071077,Klink,25061965.027553067,rp100,open_or_seasonal,10232481.243237182,21590.321036341353,7410630.7115663355,7410630.737767696,0.002109979048396571,0.002913425574242108,0.002913425563941269
13071077,Klink,25061965.027553067,rp100,perennial_vegetation,4595891.929571353,23588.275780498057,7410630.7115663355,7410630.737767696,0.005132469636355891,0.0031830321464652177,0.0031830321352111454
13071077,Klink,25061965.027553067,rp100,water,9632766.291333636,7365323.554110058,7410630.7115663355,7410630.737767696,0.7646114658399279,0.9938861941419421,0.9938861906279132
13071093,"Malchow, Inselstadt",45019489.30844949,rp100,artificial,3431287.960264143,14013.75373245444,5431331.150578242,5431331.217263125,0.00408410891033921,0.002580169270467421,0.002580169238788578
13071093,"Malchow, Inselstadt",45019489.30844949,rp100,open_or_seasonal,17881464.624774907,39249.419018153414,5431331.150578242,5431331.217263125,0.002194977863489607,0.00722648240919259,0.007226482320467171
13071093,"Malchow, Inselstadt",45019489.30844949,rp100,perennial_vegetation,16911054.534325957,67121.90301645696,5431331.150578242,5431331.217263125,0.003969113982821906,0.01235827850587068,0.012358278354138016
13071093,"Malchow, Inselstadt",45019489.30844949,rp100,water,6795676.35479462,5310946.074811177,5431331.150578242,5431331.217263125,0.7815183945692313,0.9778350698144693,0.9778350578087908
13071110,"Neustrelitz, Residenzstadt",131200564.88093625,rp100,artificial,8145967.080222536,0,0,0,0,NA,NA
13071110,"Neustrelitz, Residenzstadt",131200564.88093625,rp100,open_or_seasonal,31264967.00211283,0,0,0,0,NA,NA
13071110,"Neustrelitz, Residenzstadt",131200564.88093625,rp100,perennial_vegetation,80974313.63135171,0,0,0,0,NA,NA
13071110,"Neustrelitz, Residenzstadt",131200564.88093625,rp100,water,10815300.329833994,0,0,0,0,NA,NA
13071119,Priepert,22177387.184844747,rp100,artificial,264405.1486733065,84928.45102969006,5229479.979445055,5229480.071082913,0.3212057384503729,0.01624032434649507,0.01624032406191065
13071119,Priepert,22177387.184844747,rp100,open_or_seasonal,4899923.499105816,466190.89897828165,5229479.979445055,5229480.071082913,0.09514248519662737,0.08914670307768406,0.08914670151553776
13071119,Priepert,22177387.184844747,rp100,perennial_vegetation,11616802.298548564,591315.4825999197,5229479.979445055,5229480.071082913,0.050901742786291566,0.11307347669828334,0.11307347471686051
13071119,Priepert,22177387.184844747,rp100,water,5396254.433711738,4087045.1468371633,5229479.979445055,5229480.071082913,0.7573855527093718,0.7815394958775375,0.7815394821823699
13071137,Sietow,18836547.674979374,rp100,artificial,339707.5377730786,0,1122302.305192665,1122302.332168029,0,0,0
13071137,Sietow,18836547.674979374,rp100,open_or_seasonal,13358521.055544322,0,1122302.305192665,1122302.332168029,0,0,0
13071137,Sietow,18836547.674979374,rp100,perennial_vegetation,2584244.808690329,0,1122302.305192665,1122302.332168029,0,0,0
13071137,Sietow,18836547.674979374,rp100,water,2554070.724610347,1122302.305192665,1122302.305192665,1122302.332168029,0.43941708206372604,1,0.9999999759642627
13071138,Silz,10672141.417973015,rp100,artificial,306166.37855331885,0,516620.92694386194,516620.92357445497,0,0,0
13071138,Silz,10672141.417973015,rp100,open_or_seasonal,5716640.600298919,3357.4678165796495,516620.92694386194,516620.92357445497,5.873148324916718e-4,0.00649890014413699,0.006498900186522883
13071138,Silz,10672141.417973015,rp100,perennial_vegetation,3992897.420279203,1656.357005648312,516620.92694386194,516620.92357445497,4.1482583480256086e-4,0.0032061361034031403,0.003206136124313593
13071138,Silz,10672141.417973015,rp100,water,656436.2852174698,511607.102121634,516620.92694386194,516620.92357445497,0.7793705400549947,0.99029496375246,0.9902949702111739
13071156,"Waren (Müritz), Stadt",149441319.74306363,rp100,artificial,7745261.6637641685,23103.294111213418,44618366.69841171,44618365.80804757,0.0029828939439581572,5.177978447166205e-4,5.177978550493305e-4
13071156,"Waren (Müritz), Stadt",149441319.74306363,rp100,open_or_seasonal,37299927.39843884,27954.603883088137,44618366.69841171,44618365.80804757,7.494546459695831e-4,6.265268308013445e-4,6.265268433037526e-4
13071156,"Waren (Müritz), Stadt",149441319.74306363,rp100,perennial_vegetation,30240019.876562595,29014.60718074428,44618366.69841171,44618365.80804757,9.594771200276866e-4,6.502839374839133e-4,6.50283950460397e-4
13071156,"Waren (Müritz), Stadt",149441319.74306363,rp100,water,74156119.88379198,44538294.193236664,44618366.69841171,44618365.80804757,0.6006017340582464,0.9982053913869982,0.9982054113062907
13071159,"Wesenberg, Stadt",90027834.1136368,rp100,artificial,2202339.839565239,43791.6084305127,1106614.8707203593,1106614.805787739,0.01988412852721111,0.0395725826474808,0.03957258496947348
13071159,"Wesenberg, Stadt",90027834.1136368,rp100,open_or_seasonal,34713527.98093055,253869.51686950767,1106614.8707203593,1106614.805787739,0.007313273286684308,0.2294109030942711,0.22941091655536971
13071159,"Wesenberg, Stadt",90027834.1136368,rp100,perennial_vegetation,46262402.1392383,691499.8762944324,1106614.8707203593,1106614.805787739,0.014947340482087164,0.6248785323518158,0.624878569017691
13071159,"Wesenberg, Stadt",90027834.1136368,rp100,water,6849556.563024344,117453.8691259065,1106614.8707203593,1106614.805787739,0.017147660296719422,0.10613798190643238,0.10613798813426994
13071176,Südmüritz,69474792.46354647,rp100,artificial,671808.1150893802,0,0,0,0,NA,NA
13071176,Südmüritz,69474792.46354647,rp100,open_or_seasonal,28080729.723763943,0,0,0,0,NA,NA
13071176,Südmüritz,69474792.46354647,rp100,perennial_vegetation,7451427.259086785,0,0,0,0,NA,NA
13071176,Südmüritz,69474792.46354647,rp100,water,33270806.12781959,0,0,0,0,NA,NA
13076006,Barkhagen,22044581.137293838,rp100,artificial,371390.0825654762,59661.620213510854,2224852.745637756,2224852.6352509498,0.16064408559696122,0.02681598606042073,0.026815987390904832
13076006,Barkhagen,22044581.137293838,rp100,open_or_seasonal,18331472.29446185,1391811.0140956899,2224852.745637756,2224852.6352509498,0.07592467161059246,0.625574441645452,0.6255744726835367
13076006,Barkhagen,22044581.137293838,rp100,perennial_vegetation,3293907.9375668913,760020.828182271,2224852.745637756,2224852.6352509498,0.23073529758201897,0.3416050027007115,0.34160501964955775
13076006,Barkhagen,22044581.137293838,rp100,water,47808.94421252707,13359.283146284504,2224852.745637756,2224852.6352509498,0.2794306246734488,0.00600456959341597,0.006004569891334695
13076008,Belsch,22631814.510336816,rp100,artificial,1006758.2528634366,0,231039.54039088837,231039.5477143573,0,0,0
13076008,Belsch,22631814.510336816,rp100,open_or_seasonal,6857487.301147989,4171.263420612232,231039.54039088837,231039.5477143573,6.082786941382939e-4,0.018054327036640592,0.018054326464356306
13076008,Belsch,22631814.510336816,rp100,perennial_vegetation,14765704.367974423,226868.27697027614,231039.54039088837,231039.5477143573,0.015364541461519063,0.9819456729633594,0.9819456418377418
13076008,Belsch,22631814.510336816,rp100,water,1864.209199104589,0,231039.54039088837,231039.5477143573,0,0,0
13076009,Bengerstorf,33063980.395675026,rp100,artificial,333520.04686121736,38874.67035315741,1291120.2910366554,1291120.2057313062,0.11655872178901959,0.0301092552127304,0.03010925720207308
13076009,Bengerstorf,33063980.395675026,rp100,open_or_seasonal,18577712.39616869,353414.2979597766,1291120.2910366554,1291120.2057313062,0.019023563850232808,0.2737268559818049,0.2737268740671582
13076009,Bengerstorf,33063980.395675026,rp100,perennial_vegetation,14138963.736524848,898831.3227237214,1291120.2910366554,1291120.2057313062,0.06357123049985565,0.6961638888054646,0.6961639348015721
13076009,Bengerstorf,33063980.395675026,rp100,water,13781.675401487417,0,1291120.2910366554,1291120.2057313062,0,0,0
13076010,Besitz,22197014.305509947,rp100,artificial,257658.56047938892,27256.054414462826,13361681.629302371,13361681.466977948,0.10578361675137567,0.0020398670744174808,0.0020398670991988114
13076010,Besitz,22197014.305509947,rp100,open_or_seasonal,11123005.500671457,7562080.248162278,13361681.629302371,13361681.466977948,0.6798594361664013,0.565952733941701,0.5659527408171793
13076010,Besitz,22197014.305509947,rp100,perennial_vegetation,10747386.570969889,5711517.471138435,13361681.629302371,13361681.466977948,0.5314331473444901,0.42745498879519706,0.42745499398813513
13076010,Besitz,22197014.305509947,rp100,water,68961.69802549973,60827.85558719481,13361681.629302371,13361681.466977948,0.8820527528875913,0.004552410188684514,0.004552410243989481
13076012,Blievenstorf,21448707.126069747,rp100,artificial,454892.1603922445,2890.6853736225744,610136.3710425278,610136.3596067315,0.0063546607862619425,0.00473776930997134,0.004737769398771432
13076012,Blievenstorf,21448707.126069747,rp100,open_or_seasonal,9342729.376494009,21488.635577800433,610136.3710425278,610136.3596067315,0.0023000383198367187,0.03521939782262649,0.035219398482744274
13076012,Blievenstorf,21448707.126069747,rp100,perennial_vegetation,11631971.83791025,578656.4995277408,610136.3710425278,610136.3596067315,0.04974706847568328,0.9484051877435236,0.9484052055194985
13076012,Blievenstorf,21448707.126069747,rp100,water,19111.742841280426,7100.5505633640405,610136.3710425278,610136.3596067315,0.37152815535102324,0.011637645123878571,0.011637645342003155
13076014,"Boizenburg/ Elbe, Stadt",47261339.452733055,rp100,artificial,4132889.147228025,220457.78714900126,11014174.932654839,11014174.672644502,0.0533422938035647,0.020015824017411213,0.020015824489922437
13076014,"Boizenburg/ Elbe, Stadt",47261339.452733055,rp100,open_or_seasonal,21299202.802120823,1455430.0036389127,11014174.932654839,11014174.672644502,0.0683326046125065,0.1321415369319995,0.13214154005144937
13076014,"Boizenburg/ Elbe, Stadt",47261339.452733055,rp100,perennial_vegetation,20402477.493088186,8075787.620569373,11014174.932654839,11014174.672644502,0.395823871061994,0.7332176645048798,0.7332176818138637
13076014,"Boizenburg/ Elbe, Stadt",47261339.452733055,rp100,water,1426766.389633215,1262499.5212975512,11014174.932654839,11014174.672644502,0.8848677193903534,0.11462497454570938,0.11462497725164779
13076016,Brahlstorf,21903744.877673864,rp100,artificial,678131.4113896416,433.6235217027285,3985951.3743180037,3985951.4765565735,6.394387790032286e-4,1.0878796076054026e-4,1.087879579701587e-4
13076016,Brahlstorf,21903744.877673864,rp100,open_or_seasonal,13283391.011432964,1723928.2353053081,3985951.3743180037,3985951.4765565735,0.12978073398739295,0.43250107023703277,0.43250105914349807
13076016,Brahlstorf,21903744.877673864,rp100,perennial_vegetation,7940751.298809973,2261589.515490993,3985951.3743180037,3985951.4765565735,0.2848080024657015,0.5673901418022067,0.5673901272488041
13076016,Brahlstorf,21903744.877673864,rp100,water,1469.4216059499431,0,3985951.3743180037,3985951.4765565735,0,0,0
13076017,Brenz,12655093.82326901,rp100,artificial,710611.1821320843,0,581917.1716249725,581917.1239161957,0,0,0
13076017,Brenz,12655093.82326901,rp100,open_or_seasonal,5780474.990354697,129364.52137256763,581917.1716249725,581917.1239161957,0.022379565967922243,0.22230744800213428,0.22230746622812556
13076017,Brenz,12655093.82326901,rp100,perennial_vegetation,6156088.138118068,452552.6502524049,581917.1716249725,581917.1239161957,0.07351302322171616,0.7776925519978658,0.7776926157573925
13076017,Brenz,12655093.82326901,rp100,water,7917.643281579681,0,581917.1716249725,581917.1239161957,0,0,0
13076018,Bresegard bei Eldena,11145835.110949654,rp100,artificial,231243.55957629505,18837.445041100367,3968975.5541846203,3968975.4993206887,0.08146149054103821,0.004746173107879044,0.004746173173486331
13076018,Bresegard bei Eldena,11145835.110949654,rp100,open_or_seasonal,6609529.188691011,2501584.074342498,3968975.5541846203,3968975.4993206887,0.37848143232694104,0.6302845760047568,0.6302845847173049
13076018,Bresegard bei Eldena,11145835.110949654,rp100,perennial_vegetation,4305061.458132977,1448554.034801022,3968975.5541846203,3968975.4993206887,0.33647696993139614,0.36496925088736415,0.36496925593240614
13076018,Bresegard bei Eldena,11145835.110949654,rp100,water,0,0,3968975.5541846203,3968975.4993206887,NA,0,0
13076019,Bresegard bei Picher,16585079.633916289,rp100,artificial,283307.7028909197,0,0,0,0,NA,NA
13076019,Bresegard bei Picher,16585079.633916289,rp100,open_or_seasonal,10018826.705754641,0,0,0,0,NA,NA
13076019,Bresegard bei Picher,16585079.633916289,rp100,perennial_vegetation,6282345.508041438,0,0,0,0,NA,NA
13076019,Bresegard bei Picher,16585079.633916289,rp100,water,600.1271460629068,0,0,0,0,NA,NA
13076030,Dersenow,22453055.812532347,rp100,artificial,387539.1716986262,2997.8588502179214,4018945.82302719,4018945.561679107,0.007735627954918676,0.00074593164034240315,7.459316888496052e-4
13076030,Dersenow,22453055.812532347,rp100,open_or_seasonal,14593562.594473328,1197694.6189168235,4018945.82302719,4018945.561679107,0.08207006419189224,0.2980121334441588,0.29801215282359517
13076030,Dersenow,22453055.812532347,rp100,perennial_vegetation,7465369.904192863,2815330.8220112175,4018945.82302719,4018945.561679107,0.3771187306378496,0.7005147483900707,0.7005147939438567
13076030,Dersenow,22453055.812532347,rp100,water,6582.579608817436,2922.5232489306345,4018945.82302719,4018945.561679107,0.44397841311571584,7.271865254280295e-4,7.271865727162551e-4
13076034,"Dömitz, Stadt",60510885.16061312,rp100,artificial,2133419.10601011,491783.0569468495,28039658.72295618,28039658.48011027,0.2305140399096618,0.01753883889265117,0.01753883904455157
13076034,"Dömitz, Stadt",60510885.16061312,rp100,open_or_seasonal,24457555.70722459,14659503.46298919,28039658.72295618,28039658.48011027,0.5993854675616205,0.5228131914097583,0.5228131959377396
13076034,"Dömitz, Stadt",60510885.16061312,rp100,perennial_vegetation,32227749.827886213,11372820.445974557,28039658.72295618,28039658.48011027,0.35288906320520763,0.4055976771451781,0.40559768065797897
13076034,"Dömitz, Stadt",60510885.16061312,rp100,water,1692153.9433431935,1515551.7570455817,28039658.72295618,28039658.48011027,0.8956346808797441,0.054050292552412324,0.05405029302053117
13076037,Eldena,34256595.94915999,rp100,artificial,1149934.0628925804,316216.67298505723,9063882.947868792,9063882.784999948,0.2749867867985716,0.03488755038031574,0.03488755100720988
13076037,Eldena,34256595.94915999,rp100,open_or_seasonal,15005040.081454724,3289220.44742582,9063882.947868792,9063882.784999948,0.21920770818140548,0.36289308526421565,0.36289309178503887
13076037,Eldena,34256595.94915999,rp100,perennial_vegetation,17784472.67986665,5359425.798828436,9063882.947868792,9063882.784999948,0.3013542147300047,0.5912946834875673,0.5912946941125372
13076037,Eldena,34256595.94915999,rp100,water,317145.4070897532,99020.02862948003,9063882.947868792,9063882.784999948,0.3122228051105184,0.01092468086790141,0.010924681064206921
13076040,Gallin-Kuppentin,18528960.128267925,rp100,artificial,263613.33401633106,59414.02646666213,2269563.2742989906,2269563.226917453,0.2253832367333186,0.02617861644990426,0.02617861699643369
13076040,Gallin-Kuppentin,18528960.128267925,rp100,open_or_seasonal,13812312.908625124,1467866.7380304337,2269563.2742989906,2269563.226917453,0.1062723345279719,0.6467617601381128,0.6467617736405199
13076040,Gallin-Kuppentin,18528960.128267925,rp100,perennial_vegetation,3812192.050426521,739950.7305328613,2269563.2742989906,2269563.226917453,0.1941011157740789,0.3260322102107565,0.3260322170173117
13076040,Gallin-Kuppentin,18528960.128267925,rp100,water,640840.5717091587,2331.779269033439,2269563.2742989906,2269563.226917453,0.003638626160660286,0.001027413201226419,0.0010274132226756637
13076046,Göhlen,34002005.49388504,rp100,artificial,604309.1751144798,0,0,0,0,NA,NA
13076046,Göhlen,34002005.49388504,rp100,open_or_seasonal,12949924.277034184,0,0,0,0,NA,NA
13076046,Göhlen,34002005.49388504,rp100,perennial_vegetation,20447110.216684587,0,0,0,0,NA,NA
13076046,Göhlen,34002005.49388504,rp100,water,660.6873610665374,0,0,0,0,NA,NA
13076049,Gorlosen,53238340.14113412,rp100,artificial,544858.3239182231,7050.676353774819,3062551.8448401038,3062551.716939577,0.01294038476474307,0.0023022226923779428,0.002302222788525052
13076049,Gorlosen,53238340.14113412,rp100,open_or_seasonal,14255630.309879195,233797.21842541193,3062551.8448401038,3062551.716939577,0.016400342415122098,0.07634065650817366,0.07634065969636805
13076049,Gorlosen,53238340.14113412,rp100,perennial_vegetation,38436647.43281092,2821703.950060917,3062551.8448401038,3062551.716939577,0.07341181238539052,0.9213571207994484,0.921357159277839
13076049,Gorlosen,53238340.14113412,rp100,water,1204.0716229411237,0,3062551.8448401038,3062551.716939577,0,0,0
13076050,"Grabow, Stadt",72342784.02963038,rp100,artificial,3727187.302131307,288540.1066204006,5219119.899997618,5219119.885771383,0.07741497360634535,0.055285203664420954,0.055285203815116916
13076050,"Grabow, Stadt",72342784.02963038,rp100,open_or_seasonal,18904511.343025666,545159.6579521103,5219119.899997618,5219119.885771383,0.02883754295787354,0.10445432724248375,0.10445432752720453
13076050,"Grabow, Stadt",72342784.02963038,rp100,perennial_vegetation,49452516.59316512,4251956.201626621,5219119.899997618,5219119.885771383,0.08598058288128228,0.8146883541856476,0.8146883564063186
13076050,"Grabow, Stadt",72342784.02963038,rp100,water,258562.94891108383,133463.93379848523,5219119.899997618,5219119.885771383,0.516175787600495,0.025572114907447544,0.025572114977151814
13076053,Grebs-Niendorf,31193807.47521011,rp100,artificial,535722.5636348987,0,74.38788886287519,74.38789612582657,0,0,0
13076053,Grebs-Niendorf,31193807.47521011,rp100,open_or_seasonal,13591247.59663467,74.38788886287519,74.38788886287519,74.38789612582657,5.473220050916767e-6,1,0.9999999023638015
13076053,Grebs-Niendorf,31193807.47521011,rp100,perennial_vegetation,17063360.624801062,0,74.38788886287519,74.38789612582657,0,0,0
13076053,Grebs-Niendorf,31193807.47521011,rp100,water,3473.7873373644325,0,74.38788886287519,74.38789612582657,0,0,0
13076058,Groß Laasch,27469796.47469017,rp100,artificial,1221967.3326943167,0,478326.9147403549,478326.90373629745,0,0,0
13076058,Groß Laasch,27469796.47469017,rp100,open_or_seasonal,7749156.837930117,24891.751859694432,478326.9147403549,478326.90373629745,0.0032121884200169686,0.05203920392647392,0.0520392051236518
13076058,Groß Laasch,27469796.47469017,rp100,perennial_vegetation,18495611.84338955,453435.16288066044,478326.9147403549,478326.90373629745,0.024515823900290227,0.947960796073526,0.9479608178816555
13076058,Groß Laasch,27469796.47469017,rp100,water,3058.415813263312,0,478326.9147403549,478326.90373629745,0,0,0
13076067,Karenz,6849905.868239488,rp100,artificial,145676.05608708962,0,642898.4789617297,642898.4866357532,0,0,0
13076067,Karenz,6849905.868239488,rp100,open_or_seasonal,4499639.578286764,488809.45534824085,642898.4789617297,642898.4866357532,0.10863302423309976,0.7603213747490272,0.7603213656733734
13076067,Karenz,6849905.868239488,rp100,perennial_vegetation,2203689.8852489367,154089.02361348888,642898.4789617297,642898.4866357532,0.06992318866866444,0.2396786252509729,0.23967862239002447
13076067,Karenz,6849905.868239488,rp100,water,900.1956814974546,0,642898.4789617297,642898.4866357532,0,0,0
13076069,Karstädt,19720158.522239417,rp100,artificial,371470.99530613597,0,2784.363657606804,2784.3639919950692,0,0,0
13076069,Karstädt,19720158.522239417,rp100,open_or_seasonal,12130617.404972227,204.0585935578361,2784.363657606804,2784.3639919950692,1.6821781344302756e-5,0.07328733551034317,0.07328732670889872
13076069,Karstädt,19720158.522239417,rp100,perennial_vegetation,7217769.935925716,2580.305064048968,2784.363657606804,2784.3639919950692,3.574933929669553e-4,0.9267126644896568,0.9267125531960755
13076069,Karstädt,19720158.522239417,rp100,water,298.84588485436154,0,2784.363657606804,2784.3639919950692,0,0,0
13076075,Kreien,25030179.93319736,rp100,artificial,303671.1275477667,43.806816648755266,767189.033632471,767188.9648559431,1.4425743073603387e-4,5.710042079373795e-5,5.710042591264458e-5
13076075,Kreien,25030179.93319736,rp100,open_or_seasonal,15966776.208056793,469344.5603303183,767189.033632471,767188.9648559431,0.029395073508545092,0.6117717273773782,0.6117717822211484
13076075,Kreien,25030179.93319736,rp100,perennial_vegetation,8608563.254404373,253777.84647838803,767189.033632471,767188.9648559431,0.029479698177108524,0.3307891997319173,0.3307892293863227
13076075,Kreien,25030179.93319736,rp100,water,151165.85160417698,44022.8200071159,767189.033632471,767188.9648559431,0.2912219892253726,0.05738197246991077,0.0573819776140578
13076079,Kuhstorf,15095458.439159146,rp100,artificial,426077.7228033956,120785.4121055117,2545242.6040181154,2545242.3830032498,0.2834821105191776,0.04745536316060032,0.04745536728136335
13076079,Kuhstorf,15095458.439159146,rp100,open_or_seasonal,9239105.493491272,1760838.0409180508,2545242.6040181154,2545242.3830032498,0.19058533774276298,0.6918154042126502,0.6918154642860992
13076079,Kuhstorf,15095458.439159146,rp100,perennial_vegetation,5429973.589049169,663619.1509945531,2545242.6040181154,2545242.3830032498,0.12221406607444624,0.2607292326267496,0.26072925526704377
13076079,Kuhstorf,15095458.439159146,rp100,water,300.0654939967262,0,2545242.6040181154,2545242.3830032498,0,0,0
13076085,Lewitzrand,46857704.728255644,rp100,artificial,1142262.8081204682,52375.68939672507,7608981.8035673555,7608981.871738847,0.04585257352719594,0.006883403160744783,0.0068834030990740005
13076085,Lewitzrand,46857704.728255644,rp100,open_or_seasonal,22714150.341107234,3846710.5293919076,7608981.8035673555,7608981.871738847,0.16935304519977012,0.5055486566663145,0.5055486521369298
13076085,Lewitzrand,46857704.728255644,rp100,perennial_vegetation,22866536.913626205,3679107.4424296394,7608981.8035673555,7608981.871738847,0.16089482444703962,0.4835216507818097,0.4835216464497725
13076085,Lewitzrand,46857704.728255644,rp100,water,134753.64153763634,30788.142349083028,7608981.8035673555,7608981.871738847,0.22847725670169722,0.0040462893911309495,0.0040462893548788475
13076088,"Lübtheen, Stadt",120367065.3655023,rp100,artificial,3253280.6953232083,39089.56414356129,21865711.390018187,21865711.128701717,0.01201542928642922,0.0017877106052632656,0.0017877106266281425
13076088,"Lübtheen, Stadt",120367065.3655023,rp100,open_or_seasonal,61441911.45471583,13725309.451191308,21865711.390018187,21865711.128701717,0.22338675874866282,0.627709257035972,0.6277092645377069
13076088,"Lübtheen, Stadt",120367065.3655023,rp100,perennial_vegetation,55588826.421383105,8098108.671614259,21865711.390018187,21865711.128701717,0.14567871266480265,0.3703565151468654,0.37035651957298527
13076088,"Lübtheen, Stadt",120367065.3655023,rp100,water,83035.75294970932,3203.703069061195,21865711.390018187,21865711.128701717,0.03858221254405341,1.4651721189934403e-4,1.465172136503669e-4
13076089,"Lübz, Stadt",74797832.45730919,rp100,artificial,3237010.404460364,46388.933721474605,5925109.58589802,5925109.407746583,0.014330795371418653,0.007829211097104766,0.007829211332507205
13076089,"Lübz, Stadt",74797832.45730919,rp100,open_or_seasonal,55180141.040699124,3889724.2144266744,5925109.58589802,5925109.407746583,0.07049137862039419,0.656481396341489,0.6564814160800451
13076089,"Lübz, Stadt",74797832.45730919,rp100,perennial_vegetation,15910561.150563851,1783089.7764631948,5925109.58589802,5925109.407746583,0.11206957187679105,0.30093785618868796,0.300937865237046
13076089,"Lübz, Stadt",74797832.45730919,rp100,water,470113.6891122096,205906.66128667706,5925109.58589802,5925109.407746583,0.43799333236928994,0.03475153637271832,0.03475153741759965
13076090,"Ludwigslust, Stadt",78687879.15499775,rp100,artificial,6578916.18247539,540.3856424208171,2395344.1172975134,2395344.116506901,8.213900700852083e-5,2.2559833408424573e-4,2.255983341587072e-4
13076090,"Ludwigslust, Stadt",78687879.15499775,rp100,open_or_seasonal,38665147.31462482,1498136.468028731,2395344.1172975134,2395344.116506901,0.03874643114218968,0.6254368452575263,0.6254368454639594
13076090,"Ludwigslust, Stadt",78687879.15499775,rp100,perennial_vegetation,33387009.11273826,896667.2636263616,2395344.1172975134,2395344.116506901,0.02685677116505333,0.3743375564083894,0.374337556531944
13076090,"Ludwigslust, Stadt",78687879.15499775,rp100,water,56800.284342983185,0,2395344.1172975134,2395344.116506901,0,0,0
13076093,Malk Göhren,22567596.876604214,rp100,artificial,400550.4307598674,74876.46997844786,5794050.506104729,5794050.243779575,0.18693393947025058,0.012922992283128442,0.012922992868215867
13076093,Malk Göhren,22567596.876604214,rp100,open_or_seasonal,10604712.527782442,3173047.6369146556,5794050.506104729,5794050.243779575,0.29921109399258494,0.5476389330005784,0.5476389577948867
13076093,Malk Göhren,22567596.876604214,rp100,perennial_vegetation,11465403.284517769,2515774.6229186635,5794050.506104729,5794050.243779575,0.21942312542253295,0.4341996363801096,0.43419965603846283
13076093,Malk Göhren,22567596.876604214,rp100,water,96932.97667765376,30351.77629296181,5794050.506104729,5794050.243779575,0.3131212651592788,0.005238438336183394,0.005238438573353264
13076094,Malliß,25198896.813759897,rp100,artificial,764663.2995394043,2357.376748842367,933951.8800619041,933951.887179209,0.0030828951124793552,0.002524088016918083,0.0025240879976829336
13076094,Malliß,25198896.813759897,rp100,open_or_seasonal,6791097.576378597,81715.00076559639,933951.8800619041,933951.887179209,0.012032664800727472,0.08749380188643141,0.08749380121967322
13076094,Malliß,25198896.813759897,rp100,perennial_vegetation,17556441.257901844,842828.8276387635,933951.8800619041,933951.887179209,0.04800681500639665,0.9024328186832272,0.9024328118061176
13076094,Malliß,25198896.813759897,rp100,water,86693.73905906764,7050.674908701827,933951.8800619041,933951.887179209,0.08132853635367997,0.007549291413423243,0.007549291355892861
13076097,Milow,33811313.7109227,rp100,artificial,420948.35480423836,0,292513.42755393503,292513.41397090827,0,0,0
13076097,Milow,33811313.7109227,rp100,open_or_seasonal,11305119.835612312,14970.662997333671,292513.42755393503,292513.41397090827,0.001324237444186528,0.05117940438673814,0.05117940676328289
13076097,Milow,33811313.7109227,rp100,perennial_vegetation,22083002.847189523,277542.76455660135,292513.42755393503,292513.41397090827,0.012568162331778347,0.9488205956132618,0.9488206396722859
13076097,Milow,33811313.7109227,rp100,water,2240.36615793465,0,292513.42755393503,292513.41397090827,0,0,0
13076100,Muchow,19385905.8617697,rp100,artificial,213272.45793767204,0,490991.30956724484,490991.276715487,0,0,0
13076100,Muchow,19385905.8617697,rp100,open_or_seasonal,10707210.208721975,32894.73048353907,490991.30956724484,490991.276715487,0.0030722036685843137,0.06699656356959184,0.06699656805226799
13076100,Muchow,19385905.8617697,rp100,perennial_vegetation,8433467.4297819715,452176.68932589807,490991.30956724484,490991.276715487,0.05361693669783795,0.9209464210770704,0.9209464826967166
13076100,Muchow,19385905.8617697,rp100,water,31954.69095899983,5919.889757807691,490991.30956724484,490991.276715487,0.18525886435275923,0.012057015353337775,0.012057016160061168
13076102,Neu Gülze,13037220.522105385,rp100,artificial,491781.4708023248,283361.49082968524,7749079.948562946,7749080.214471319,0.5761939146820447,0.03656711412330107,0.03656711286850675
13076102,Neu Gülze,13037220.522105385,rp100,open_or_seasonal,7965043.040036145,5347376.9610769795,7749079.948562946,7749080.214471319,0.6713556893790136,0.6900660461076598,0.6900660224281605
13076102,Neu Gülze,13037220.522105385,rp100,perennial_vegetation,4580017.5631211875,2117963.6452742023,7749079.948562946,7749080.214471319,0.4624357038122041,0.2733180789632936,0.2733180695844301
13076102,Neu Gülze,13037220.522105385,rp100,water,377.85138207831574,377.85138207831574,7749079.948562946,7749080.214471319,1,4.876080574551146e-5,4.876080407229268e-5
13076103,Neu Kaliß,34299896.21217859,rp100,artificial,1250963.1301661544,298266.8950739157,7284151.296323895,7284151.0619627,0.238429804909038,0.04094737779876189,0.04094737911620799
13076103,Neu Kaliß,34299896.21217859,rp100,open_or_seasonal,12420383.72765434,6238006.880429678,7284151.296323895,7284151.0619627,0.5022394651576325,0.8563807404134813,0.8563807679667833
13076103,Neu Kaliß,34299896.21217859,rp100,perennial_vegetation,20572192.910585392,739017.2107220672,7284151.296323895,7284151.0619627,0.03592311300667451,0.10145549984595023,0.10145550311019227
13076103,Neu Kaliß,34299896.21217859,rp100,water,56348.507355773465,8860.3100982348,7284151.296323895,7284151.0619627,0.15724125649491535,0.001216381941806501,0.001216381980942527
13076105,"Neustadt-Glewe, Stadt",94120169.25796624,rp100,artificial,4294340.9754681755,691458.8352253179,22313361.95264759,22313361.733749855,0.1610162861252381,0.030988554602067616,0.03098855490607041
13076105,"Neustadt-Glewe, Stadt",94120169.25796624,rp100,open_or_seasonal,25255538.288555242,4516406.418196654,22313361.95264759,22313361.733749855,0.17882835703578337,0.20240815470932474,0.2024081566949819
13076105,"Neustadt-Glewe, Stadt",94120169.25796624,rp100,perennial_vegetation,56005874.69626339,12088752.19102451,22313361.95264759,22313361.733749855,0.21584793124980958,0.5417718861316693,0.5417718914465401
13076105,"Neustadt-Glewe, Stadt",94120169.25796624,rp100,water,8564405.079223247,5016744.5082011055,22313361.95264759,22313361.733749855,0.5857668409883412,0.22483140455693834,0.22483140676257124
13076106,Nostorf,20000266.336888574,rp100,artificial,410621.480533099,11745.507037727137,5589814.1362570105,5589814.153847727,0.02860421968786985,0.0021012339142982726,0.0021012339076858506
13076106,Nostorf,20000266.336888574,rp100,open_or_seasonal,11299097.599229213,1388916.3683607432,5589814.1362570105,5589814.153847727,0.12292276937721916,0.2484727281631539,0.2484727273812293
13076106,Nostorf,20000266.336888574,rp100,perennial_vegetation,7773014.74907788,3692428.0395614556,5589814.1362570105,5589814.153847727,0.47503165229417477,0.660563651948889,0.6605636498701458
13076106,Nostorf,20000266.336888574,rp100,water,517530.7765982954,496724.2212970845,5589814.1362570105,5589814.153847727,0.9597964870070698,0.08886238597365878,0.08886238569401567
13076108,"Parchim, Stadt",124833912.4515789,rp100,artificial,8630121.885169934,1089619.1246960228,12002857.05736928,12002857.019782836,0.1262576750588462,0.0907799800904102,0.0907799803746839
13076108,"Parchim, Stadt",124833912.4515789,rp100,open_or_seasonal,66644722.946256325,4447694.497735988,12002857.05736928,12002857.019782836,0.06673738446362364,0.37055298388355623,0.3705529850439274
13076108,"Parchim, Stadt",124833912.4515789,rp100,perennial_vegetation,48257418.474960536,5672426.381378727,12002857.05736928,12002857.019782836,0.11754516840394177,0.47258968046245964,0.47258968194235446
13076108,"Parchim, Stadt",124833912.4515789,rp100,water,1301640.9004619217,793117.053558544,12002857.05736928,12002857.019782836,0.6093209373469176,0.06607735556357404,0.06607735577049252
13076109,Passow,22318516.392514024,rp100,artificial,380323.46195133845,7974.512525061546,2642473.9788466063,2642473.9020729926,0.020967711232292754,0.003017820644176137,0.003017820731854958
13076109,Passow,22318516.392514024,rp100,open_or_seasonal,16813013.089742538,1459052.4702113415,2642473.9788466063,2642473.9020729926,0.08678114163257838,0.5521539594680105,0.5521539755101197
13076109,Passow,22318516.392514024,rp100,perennial_vegetation,4439340.465284498,747020.9326061454,2642473.9788466063,2642473.9020729926,0.16827295370738635,0.2826975548619052,0.2826975630753119
13076109,Passow,22318516.392514024,rp100,water,685838.220924874,428426.06350405776,2642473.9788466063,2642473.9020729926,0.6246751062171951,0.16213066502590812,0.16213066973640197
13076114,"Plau am See, Stadt",91956026.41342653,rp100,artificial,2820187.2129134852,8168.778954234265,23577504.215076495,23577503.907379813,0.0028965378315417736,3.464649557356791e-4,3.464649602571975e-4
13076114,"Plau am See, Stadt",91956026.41342653,rp100,open_or_seasonal,43834449.47304182,613347.8988463253,23577504.215076495,23577503.907379813,0.013992371438896119,0.026014114693875177,0.02601411503337069
13076114,"Plau am See, Stadt",91956026.41342653,rp100,perennial_vegetation,17115608.419523355,174243.77860283144,23577504.215076495,23577503.907379813,0.010180402258097692,0.0073902554321849,0.007390255528630948
13076114,"Plau am See, Stadt",91956026.41342653,rp100,water,28185773.667465284,22781743.758673105,23577504.215076495,23577503.907379813,0.8082710103136169,0.9662491649182043,0.9662491775281762
13076119,Redefin,17814773.748014547,rp100,artificial,486292.17760571145,49303.391503123115,3039776.899999875,3039776.877984489,0.10138635530982897,0.016219411201896145,0.016219411319364177
13076119,Redefin,17814773.748014547,rp100,open_or_seasonal,8524679.903135017,1721212.1241960556,3039776.899999875,3039776.877984489,0.20190929674239927,0.5662297533072662,0.5662297574081483
13076119,Redefin,17814773.748014547,rp100,perennial_vegetation,8802399.791963357,1269261.3843006964,3039776.899999875,3039776.877984489,0.14419492573599527,0.4175508354908377,0.4175508385149225
13076119,Redefin,17814773.748014547,rp100,water,1400.3225102768047,0,3039776.899999875,3039776.877984489,0,0,0
13076120,Rom,33735394.338885725,rp100,artificial,646800.421325019,2555.7493559338072,753268.5739348291,753268.5756289634,0.0039513724352531554,0.003392879305429413,0.0033928792977986773
13076120,Rom,33735394.338885725,rp100,open_or_seasonal,23864077.185476243,570621.023494712,753268.5739348291,753268.5756289634,0.023911296425155455,0.7575266554848744,0.7575266537811636
13076120,Rom,33735394.338885725,rp100,perennial_vegetation,9155396.713082792,178890.79038635927,753268.5739348291,753268.5756289634,0.01953938163386515,0.23748606616082785,0.23748606562671118
13076120,Rom,33735394.338885725,rp100,water,69117.47686458334,1201.0106978239637,753268.5739348291,753268.5756289634,0.01737636777709657,0.0015943990488681559,0.001594399045282282
13076122,Schwanheide,26640267.53050484,rp100,artificial,909522.6404750916,828.5782632368209,966939.7294857327,966939.73601249,9.110034499020396e-4,8.569078691983218e-4,8.569078634142698e-4
13076122,Schwanheide,26640267.53050484,rp100,open_or_seasonal,13514138.032794293,25864.546642834328,966939.7294857327,966939.73601249,0.0019138880023327957,0.02674887157298873,0.026748871392436223
13076122,Schwanheide,26640267.53050484,rp100,perennial_vegetation,11313046.765685692,940246.6045796616,966939.7294857327,966939.73601249,0.08311170492387446,0.972394220557813,0.9723942139942384
13076122,Schwanheide,26640267.53050484,rp100,water,903556.4222981026,0,966939.7294857327,966939.73601249,0,0,0
13076125,Siggelkow,55487195.23733455,rp100,artificial,840558.8198269099,47285.4130539818,5348987.783610729,5348987.77652112,0.056254734277511875,0.008840067498165552,0.008840067509882277
13076125,Siggelkow,55487195.23733455,rp100,open_or_seasonal,30772654.46820455,2253642.2705581053,5348987.783610729,5348987.77652112,0.07323522489379823,0.42132125959667616,0.4213212601551001
13076125,Siggelkow,55487195.23733455,rp100,perennial_vegetation,23433161.209806167,2890720.4514330043,5348987.783610729,5348987.77652112,0.12336024258747101,0.540423827530539,0.5404238282468228
13076125,Siggelkow,55487195.23733455,rp100,water,440816.65039765666,157339.64856563706,5348987.783610729,5348987.77652112,0.35692764423417855,0.02941484537461928,0.029414845413606044
13076126,Spornitz,48802932.30143054,rp100,artificial,1261473.1735971505,2719.8597407200646,5619073.240729363,5619072.940800581,0.002156097963593039,4.8404062808888096e-4,4.840406539254767e-4
13076126,Spornitz,48802932.30143054,rp100,open_or_seasonal,31329677.5687341,2134607.084262946,5619073.240729363,5619072.940800581,0.06813370739548268,0.3798859692360713,0.37988598951321256
13076126,Spornitz,48802932.30143054,rp100,perennial_vegetation,16163426.750885505,3461416.723597928,5619073.240729363,5619072.940800581,0.21415116837203446,0.6160120317543025,0.6160120646351247
13076126,Spornitz,48802932.30143054,rp100,water,48355.510972838696,20329.57312776814,5619073.240729363,5619072.940800581,0.42041894954201325,0.0036179583815371904,0.0036179585746526494
13076136,Teldau,27741130.309592776,rp100,artificial,515317.09165176837,227778.13599182214,22660729.82582479,22660729.398050252,0.4420154884863511,0.010051668138783417,0.010051668328532283
13076136,Teldau,27741130.309592776,rp100,open_or_seasonal,13427931.856266655,10832237.196909165,22660729.82582479,22660729.398050252,0.806694382490025,0.47801801972699265,0.4780180287507065
13076136,Teldau,27741130.309592776,rp100,perennial_vegetation,13474516.749520736,11291363.169625007,22660729.82582479,22660729.398050252,0.8379790815152328,0.49827888406123,0.4982788934674153
13076136,Teldau,27741130.309592776,rp100,water,323362.77985827316,309351.32329879876,22660729.82582479,22660729.398050252,0.9566695444490689,0.01365142807299408,0.013651428330696875
13076138,Tessin b. Boizenburg,10313556.382227868,rp100,artificial,331980.4250130386,0,721046.119437691,721046.1686564296,0,0,0
13076138,Tessin b. Boizenburg,10313556.382227868,rp100,open_or_seasonal,5050891.301185441,221611.33829069807,721046.119437691,721046.1686564296,0.04387568947260576,0.307346967574726,0.30734694659516787
13076138,Tessin b. Boizenburg,10313556.382227868,rp100,perennial_vegetation,4929582.754204031,499434.78114699293,721046.119437691,721046.1686564296,0.10131380403768789,0.6926530324252739,0.6926529851446558
13076138,Tessin b. Boizenburg,10313556.382227868,rp100,water,1101.3943574680766,0,721046.119437691,721046.1686564296,0,0,0
13076140,Tramm,35769883.61430177,rp100,artificial,508423.64891244494,102.92892372874178,2896705.682551833,2896705.560068685,2.0244715986149388e-4,3.553309690685153e-5,3.553309840931889e-5
13076140,Tramm,35769883.61430177,rp100,open_or_seasonal,18037528.505559474,568799.4049922213,2896705.682551833,2896705.560068685,0.031534220711939974,0.19636078612278668,0.1963607944256282
13076140,Tramm,35769883.61430177,rp100,perennial_vegetation,16550721.37670464,1731117.9574516765,2896705.682551833,2896705.560068685,0.10459471330888621,0.5976161015870484,0.5976161268564103
13076140,Tramm,35769883.61430177,rp100,water,673205.5469067526,596685.3911842068,2896705.682551833,2896705.560068685,0.8863346327520014,0.20598757919325825,0.20598758790315524
13076143,Vielank,77457279.16853677,rp100,artificial,1416371.4866718927,2113.1233797485966,8108241.9205279965,8108241.77868296,0.0014919273648426028,2.606142491134494e-4,2.606142536726175e-4
13076143,Vielank,77457279.16853677,rp100,open_or_seasonal,26412578.312754177,6011453.666124598,8108241.9205279965,8108241.77868296,0.2275981388466635,0.741400383097245,0.7414003960672534
13076143,Vielank,77457279.16853677,rp100,perennial_vegetation,49597907.4702175,2094203.130916511,8108241.9205279965,8108241.77868296,0.04222361865113031,0.25828079026780437,0.2582807947861512
13076143,Vielank,77457279.16853677,rp100,water,30412.400479488344,472.00010713974734,8108241.9205279965,8108241.77868296,0.015519988547371919,5.8212385837275484e-5,5.821238685563905e-5
13076145,Warlitz,23683775.80438105,rp100,artificial,240059.05596123516,0,321.12922782416615,321.1292218426683,0,0,0
13076145,Warlitz,23683775.80438105,rp100,open_or_seasonal,16050709.978279393,7.130142854541194,321.12922782416615,321.1292218426683,4.442260102007981e-7,0.022203344438162735,0.022203344851732254
13076145,Warlitz,23683775.80438105,rp100,perennial_vegetation,7389459.9026734065,313.99908496962496,321.12922782416615,321.1292218426683,4.2492832914084064e-5,0.9777966555618373,0.9777966737747191
13076145,Warlitz,23683775.80438105,rp100,water,3545.4941482216445,0,321.12922782416615,321.1292218426683,0,0,0
13076151,Werder,17631630.656364936,rp100,artificial,313455.2364717014,0,72895.40518917036,72895.40526646237,0,0,0
13076151,Werder,17631630.656364936,rp100,open_or_seasonal,13811147.42443093,72880.02334549774,72895.40518917036,72895.40526646237,0.005276898515801679,0.9997889874727673,0.9997889864126771
13076151,Werder,17631630.656364936,rp100,perennial_vegetation,3506425.8397684568,15.381843672616146,72895.40518917036,72895.40526646237,4.3867585899469275e-6,2.1101252723266755e-4,2.11012527008928e-4
13076151,Werder,17631630.656364936,rp100,water,600.0568555989121,0,72895.40518917036,72895.40526646237,0,0,0
13076156,Wöbbelin,23502729.249857984,rp100,artificial,1430617.867243783,0,0,0,0,NA,NA
13076156,Wöbbelin,23502729.249857984,rp100,open_or_seasonal,11193901.774464391,0,0,0,0,NA,NA
13076156,Wöbbelin,23502729.249857984,rp100,perennial_vegetation,10779437.14565498,0,0,0,0,NA,NA
13076156,Wöbbelin,23502729.249857984,rp100,water,98771.6921102538,0,0,0,0,NA,NA
13076161,Zierzow,13267872.350943137,rp100,artificial,412461.84398311103,0,11718.201333720253,11718.200169458196,0,0,0
13076161,Zierzow,13267872.350943137,rp100,open_or_seasonal,8540687.42117034,7047.176875601743,11718.201333720253,11718.200169458196,8.251299372148267e-4,0.60138725004859,0.6013873097994346
13076161,Zierzow,13267872.350943137,rp100,perennial_vegetation,4291176.77270826,1973.1036010355167,11718.201333720253,11718.200169458196,4.598047821251245e-4,0.1683793907310434,0.1683794074603818
13076161,Zierzow,13267872.350943137,rp100,water,23546.8056561755,2697.920857082994,11718.201333720253,11718.200169458196,0.11457693652707514,0.2302333592203666,0.2302333820952075
14521035,"Aue-Bad Schlema, Stadt",36154219.44081664,rp100,artificial,5593936.540087284,124712.78766826897,711424.3318288598,711424.3483607146,0.022294280025265185,0.17530014379416795,0.17530013972059844
14521035,"Aue-Bad Schlema, Stadt",36154219.44081664,rp100,open_or_seasonal,16420109.219862457,411953.8220530025,711424.3318288598,711424.3483607146,0.02508837283217859,0.5790550078516321,0.5790549943957343
14521035,"Aue-Bad Schlema, Stadt",36154219.44081664,rp100,perennial_vegetation,14010749.506789383,147759.77952918308,711424.3318288598,711424.3483607146,0.010546172384109863,0.2076957069339149,0.2076957021075475
14521035,"Aue-Bad Schlema, Stadt",36154219.44081664,rp100,water,129421.3689793622,26997.942578405236,711424.3318288598,711424.3483607146,0.20860498379298076,0.037949141420285104,0.037949140538434914
14521150,Drebach,32969170.068404295,rp100,artificial,2003711.2581632098,171347.02878920696,823119.8311707241,823119.8601926013,0.08551483058805577,0.20816778104531866,0.2081677737056588
14521150,Drebach,32969170.068404295,rp100,open_or_seasonal,13213989.356509872,354002.09846359224,823119.8311707241,823119.8601926013,0.026789948812028754,0.43007358717149935,0.43007357200779905
14521150,Drebach,32969170.068404295,rp100,perennial_vegetation,17701039.524034474,276367.5650050777,823119.8311707241,823119.8601926013,0.015613069765186715,0.3357561736934461,0.33575616185522555
14521150,Drebach,32969170.068404295,rp100,water,50427.358276809406,21403.13891284712,823119.8311707241,823119.8601926013,0.4244350615267114,0.02600245808973575,0.02600245717293106
14521220,Gornau/Erzgeb.,19731806.459987193,rp100,artificial,1226166.0320625473,30751.79841980395,175988.61704842394,175988.60622895224,0.025079636538353628,0.1747374286789382,0.1747374394214897
14521220,Gornau/Erzgeb.,19731806.459987193,rp100,open_or_seasonal,10126827.369613523,87337.00645837675,175988.61704842394,175988.60622895224,0.008624320655493692,0.49626508761271554,0.4962651181222252
14521220,Gornau/Erzgeb.,19731806.459987193,rp100,perennial_vegetation,8355257.05476718,44257.95089124504,175988.61704842394,175988.60622895224,0.00529701846408103,0.25148189487202627,0.25148191033269335
14521220,Gornau/Erzgeb.,19731806.459987193,rp100,water,23554.68905019467,13641.861278998207,175988.61704842394,175988.60622895224,0.5791569249726718,0.07751558883632001,0.07751559360184283
14521240,Großolbersdorf,22648437.573776744,rp100,artificial,782163.1017740322,46011.981540029214,705321.4857775485,705321.5072616473,0.05882658161151934,0.06523547413177902,0.06523547214470596
14521240,Großolbersdorf,22648437.573776744,rp100,open_or_seasonal,10079705.850016294,291903.1576089213,705321.4857775485,705321.5072616473,0.02895949167092504,0.41385830928874423,0.4138582966826168
14521240,Großolbersdorf,22648437.573776744,rp100,perennial_vegetation,11755913.230619386,346824.8343222001,705321.4857775485,705321.5072616473,0.02950216010601899,0.4917258885710243,0.49172587359304976
14521240,Großolbersdorf,22648437.573776744,rp100,water,30653.013813917845,20581.512306397875,705321.4857775485,705321.5072616473,0.6714351949645142,0.02918032800845242,0.029180327119619397
14521270,Grünhainichen,28825006.223667078,rp100,artificial,1108284.7908259009,184133.16715087817,1429826.811374847,1429826.7461498224,0.1661424650731343,0.12878004922416114,0.1287800550987763
14521270,Grünhainichen,28825006.223667078,rp100,open_or_seasonal,8515963.81624352,719253.3643008489,1429826.811374847,1429826.7461498224,0.08445941995771877,0.5030353037017485,0.5030353266489274
14521270,Grünhainichen,28825006.223667078,rp100,perennial_vegetation,19146310.51516349,476868.09376941447,1429826.811374847,1429826.7461498224,0.024906526685219307,0.3335145837074372,0.33351459892151614
14521270,Grünhainichen,28825006.223667078,rp100,water,54445.10856012948,49572.186153705385,1429826.811374847,1429826.7461498224,0.910498435299428,0.03467006336665302,0.03467006494821229
14521495,"Pockau-Lengefeld, Stadt",83390314.41918805,rp100,artificial,2803395.903815253,45836.693029872185,809029.4368383483,809029.4623053148,0.016350417351859294,0.05665639708859047,0.056656395305136796
14521495,"Pockau-Lengefeld, Stadt",83390314.41918805,rp100,open_or_seasonal,24785180.87778636,411923.39666306414,809029.4368383483,809029.4623053148,0.016619745431523125,0.5091574890931568,0.5091574730656853
14521495,"Pockau-Lengefeld, Stadt",83390314.41918805,rp100,perennial_vegetation,53899832.52251847,329889.90542801504,809029.4368383483,809029.4623053148,0.006120425426000951,0.4077600769598822,0.40776006412424054
14521495,"Pockau-Lengefeld, Stadt",83390314.41918805,rp100,water,1901899.0403256847,21379.44171739694,809029.4368383483,809029.4623053148,0.011241102321464911,0.026426036858370527,0.026426036026520727
14521670,"Wolkenstein, Stadt",30058200.658077806,rp100,artificial,1153635.2667114756,90219.204118036,667811.3807335882,667811.3862595323,0.07820427020683292,0.13509683530539798,0.13509683418751114
14521670,"Wolkenstein, Stadt",30058200.658077806,rp100,open_or_seasonal,16268937.040354488,305157.7448593294,667811.3807335882,667811.3862595323,0.018757079463913168,0.456951998218591,0.4569519944374468
14521670,"Wolkenstein, Stadt",30058200.658077806,rp100,perennial_vegetation,12606204.7214861,265384.9796650901,667811.3807335882,667811.3862595323,0.02105193319705225,0.39739511383224063,0.3973951105439122
14521670,"Wolkenstein, Stadt",30058200.658077806,rp100,water,29421.61838740946,7049.452091132814,667811.3807335882,667811.3862595323,0.23960109869923132,0.010556052643770488,0.010556052556422236
14521690,"Zschopau, Stadt, Motorradstadt",22953148.872474514,rp100,artificial,2111028.703498658,189205.8792206865,1129895.2080205397,1129895.2029233747,0.08962733614522206,0.16745436026067917,0.1674543610160966
14521690,"Zschopau, Stadt, Motorradstadt",22953148.872474514,rp100,open_or_seasonal,10776007.177510059,528425.0187039813,1129895.2080205397,1129895.2029233747,0.049037181397468314,0.46767613045259976,0.4676761325623728
14521690,"Zschopau, Stadt, Motorradstadt",22953148.872474514,rp100,perennial_vegetation,9927497.220542518,339108.1592409879,1129895.2080205397,1129895.2029233747,0.034158474357392596,0.30012354847939443,0.3001235498333069
14521690,"Zschopau, Stadt, Motorradstadt",22953148.872474514,rp100,water,138614.66546900832,73156.15085488418,1129895.2080205397,1129895.2029233747,0.5277663125135957,0.06474596080732677,0.0647459610994077
14522020,"Augustusburg, Stadt",23324653.61563441,rp100,artificial,1310118.7357554955,115108.21985285863,1440798.6959363334,1440798.689984952,0.08786090658147874,0.07989195171921858,0.07989195204922128
14522020,"Augustusburg, Stadt",23324653.61563441,rp100,open_or_seasonal,11264160.694044381,708428.7749474009,1440798.6959363334,1440798.689984952,0.06289228236258769,0.4916917102614488,0.4916917122924368
14522020,"Augustusburg, Stadt",23324653.61563441,rp100,perennial_vegetation,10679278.231722606,564847.8751997587,1440798.6959363334,1440798.689984952,0.05289195233455835,0.39203802501547963,0.39203802663483683
14522020,"Augustusburg, Stadt",23324653.61563441,rp100,water,71094.70626566693,52413.82593631519,1440798.6959363334,1440798.689984952,0.7372395033246925,0.03637831300385302,0.03637831315411774
14522060,"Burgstädt, Stadt",25816541.498629928,rp100,artificial,3531266.9288539365,0,65954.5908876613,65954.59801614087,0,0,0
14522060,"Burgstädt, Stadt",25816541.498629928,rp100,open_or_seasonal,15713159.241858838,39736.1552189485,65954.5908876613,65954.59801614087,0.002528845702339346,0.6024774725178728,0.6024774074011336
14522060,"Burgstädt, Stadt",25816541.498629928,rp100,perennial_vegetation,6537306.691002394,11933.07240236571,65954.5908876613,65954.59801614087,0.0018253805376440063,0.18092860924103063,0.18092858968597406
14522060,"Burgstädt, Stadt",25816541.498629928,rp100,water,34806.666171486795,14285.36326634708,65954.5908876613,65954.59801614087,0.4104203256917917,0.2165939182410965,0.2165938948312757
14522080,"Döbeln, Stadt",91116940.19676939,rp100,artificial,8535097.315587651,1333734.177470527,5042644.5232277755,5042644.394625317,0.15626467140974803,0.2644910168319399,0.2644910235772489
14522080,"Döbeln, Stadt",91116940.19676939,rp100,open_or_seasonal,70736359.88096854,1714012.0919152303,5042644.5232277755,5042644.394625317,0.024230990890674618,0.33990341457146744,0.3399034232400173
14522080,"Döbeln, Stadt",91116940.19676939,rp100,perennial_vegetation,11275011.811062876,1576521.285302752,5042644.5232277755,5042644.394625317,0.13982435776749186,0.3126377990835704,0.31263780705676586
14522080,"Döbeln, Stadt",91116940.19676939,rp100,water,570462.6236799846,418376.96853926557,5042644.5232277755,5042644.394625317,0.7333994396343917,0.08296776951302215,0.0829677716289475
14522140,"Flöha, Stadt",27896816.657037135,rp100,artificial,2791632.2181773465,1490438.0063026326,4090898.487768491,4090898.4939164952,0.5338948291962822,0.3643302347293489,0.36433023418181537
14522140,"Flöha, Stadt",27896816.657037135,rp100,open_or_seasonal,12796307.181084793,1413912.4338046908,4090898.487768491,4090898.4939164952,0.11049378651168235,0.345623935189835,0.34562393467041425
14522140,"Flöha, Stadt",27896816.657037135,rp100,perennial_vegetation,12140909.933278799,1054889.9596527864,4090898.487768491,4090898.4939164952,0.08688722389425556,0.25786265848610906,0.25786265809858033
14522140,"Flöha, Stadt",27896816.657037135,rp100,water,167965.85946121023,131658.08800838108,4090898.487768491,4090898.4939164952,0.7838383849593314,0.032183171594707086,0.03218317154634063
14522150,"Frankenberg/Sa., Stadt, Garnisonsstadt",65455851.24600865,rp100,artificial,4524876.638245426,673695.411504559,2258953.037193316,2258952.983977228,0.14888702286606253,0.2982334738315791,0.2982334808573202
14522150,"Frankenberg/Sa., Stadt, Garnisonsstadt",65455851.24600865,rp100,open_or_seasonal,41785726.28400245,705821.2385971232,2258953.037193316,2258952.983977228,0.01689144359487524,0.31245502981951573,0.31245503718028617
14522150,"Frankenberg/Sa., Stadt, Garnisonsstadt",65455851.24600865,rp100,perennial_vegetation,18913811.646432683,683204.9353308923,2258953.037193316,2258952.983977228,0.036122012215330006,0.3024431779156218,0.3024431850405345
14522150,"Frankenberg/Sa., Stadt, Garnisonsstadt",65455851.24600865,rp100,water,231431.55501211897,196231.4517607413,2258953.037193316,2258952.983977228,0.8479027492619388,0.08686831843328324,0.08686832047971454
14522210,"Großschirma, Stadt",60754639.52160777,rp100,artificial,3288932.674088251,45897.52838128909,244475.40498588223,244475.3872671046,0.013955143789622475,0.18773883771228253,0.18773885131898033
14522210,"Großschirma, Stadt",60754639.52160777,rp100,open_or_seasonal,38006187.11999571,131590.60628749593,244475.40498588223,244475.3872671046,0.0034623469560897844,0.538257033647597,0.5382570726587089
14522210,"Großschirma, Stadt",60754639.52160777,rp100,perennial_vegetation,19402337.83311482,62612.692622012524,244475.40498588223,244475.3872671046,0.0032270694985605647,0.256110395340702,0.25611041390274697
14522210,"Großschirma, Stadt",60754639.52160777,rp100,water,57180.42011884533,4374.577695084717,244475.40498588223,244475.3872671046,0.07650481906205789,0.01789373329941855,0.017893734596297898
14522220,Großweitzschen,44321409.29197093,rp100,artificial,2017270.9904557327,47357.197607270304,780123.4373859927,780123.4235916528,0.023475873014250595,0.06070474919450306,0.060704750267899815
14522220,Großweitzschen,44321409.29197093,rp100,open_or_seasonal,37789636.59610654,282821.41181775363,780123.4373859927,780123.4235916528,0.007484099803354359,0.36253418146930777,0.36253418787972896
14522220,Großweitzschen,44321409.29197093,rp100,perennial_vegetation,4363248.335526978,344262.6657691056,780123.4373859927,780123.4235916528,0.07890054365368292,0.4412925561147702,0.4412925639178169
14522220,Großweitzschen,44321409.29197093,rp100,water,151252.55810232504,105682.1621918632,780123.4373859927,780123.4235916528,0.6987132218971619,0.135468513221419,0.13546851561680756
14522250,"Hartha, Stadt",54267953.5876267,rp100,artificial,2678789.882426906,16550.62870146291,1081793.649476694,1081793.6358843837,0.006178397495838128,0.0152992474206787,0.01529924761290771
14522250,"Hartha, Stadt",54267953.5876267,rp100,open_or_seasonal,42611775.68965507,256012.16968737275,1081793.649476694,1081793.6358843837,0.006008014581507459,0.23665527137381134,0.23665527434729147
14522250,"Hartha, Stadt",54267953.5876267,rp100,perennial_vegetation,8813454.399227617,692262.31760718,1081793.649476694,1081793.6358843837,0.07854608264244807,0.6399208554626424,0.6399208635029956
14522250,"Hartha, Stadt",54267953.5876267,rp100,water,163931.50516190723,116968.53348067841,1081793.649476694,1081793.6358843837,0.7135207681107681,0.10812462574286757,0.10812462710141084
14522280,Königsfeld,28217694.347748056,rp100,artificial,831283.3731703178,21551.440331843554,647343.9198429243,647343.9365037128,0.025925503898449775,0.033292102808462204,0.03329210195161834
14522280,Königsfeld,28217694.347748056,rp100,open_or_seasonal,21743963.725530326,146255.04210282452,647343.9198429243,647343.9365037128,0.006726236483328083,0.2259309736597399,0.2259309678449204
14522280,Königsfeld,28217694.347748056,rp100,perennial_vegetation,5283259.999457072,422110.8989089611,647343.9198429243,647343.9365037128,0.07989591633808271,0.6520659049541776,0.6520658881718592
14522280,Königsfeld,28217694.347748056,rp100,water,359185.0537891784,57426.53849929516,647343.9198429243,647343.9365037128,0.1598800893675307,0.08871101857762022,0.08871101629445137
14522290,Königshain-Wiederau,31091584.247506883,rp100,artificial,1135555.1157509375,0,9797.379433068596,9797.378613718323,0,0,0
14522290,Königshain-Wiederau,31091584.247506883,rp100,open_or_seasonal,23637382.284971002,8375.782285141286,9797.379433068596,9797.378613718323,3.543447486766219e-4,0.8549002661743338,0.8549003376692502
14522290,Königshain-Wiederau,31091584.247506883,rp100,perennial_vegetation,6298499.591554602,459.2492826160757,9797.379433068596,9797.378613718323,7.291407674803441e-5,0.04687470621643936,0.04687471013654951
14522290,Königshain-Wiederau,31091584.247506883,rp100,water,20144.805921205803,962.347865311234,9797.379433068596,9797.378613718323,0.04777151336554703,0.09822502760922684,0.09822503582374077
14522300,Kriebstein,31172305.140820637,rp100,artificial,1161357.3750217063,257593.28470683255,913980.859229187,913980.8371998352,0.2218036327551784,0.2818366294060861,0.28183663619909316
14522300,Kriebstein,31172305.140820637,rp100,open_or_seasonal,25081111.00695436,171049.50501991104,913980.859229187,913980.8371998352,0.00681985359310771,0.18714779778229382,0.18714780229304995
14522300,Kriebstein,31172305.140820637,rp100,perennial_vegetation,4346316.699014727,90552.4828306405,913980.859229187,913980.8371998352,0.020834303871866487,0.09907481312793426,0.09907481551589889
14522300,Kriebstein,31172305.140820637,rp100,water,583518.185528892,394785.58667180286,913980.859229187,913980.8371998352,0.6765608964080103,0.4319407596836857,0.4319407700945987
14522310,"Leisnig, Stadt",78044891.97818156,rp100,artificial,3898728.223200431,453814.86203885777,5537707.59314052,5537707.467547305,0.11640074302648498,0.08194995030091365,0.08194995215950907
14522310,"Leisnig, Stadt",78044891.97818156,rp100,open_or_seasonal,57293122.814891115,2220037.0608565607,5537707.59314052,5537707.467547305,0.038748752935484056,0.40089459826417867,0.4008946073563241
14522310,"Leisnig, Stadt",78044891.97818156,rp100,perennial_vegetation,16086460.29665548,2307702.1207369557,5537707.59314052,5537707.467547305,0.14345617856134252,0.41672516685342387,0.41672517630460093
14522310,"Leisnig, Stadt",78044891.97818156,rp100,water,766573.5476923767,556153.5495081457,5537707.59314052,5537707.467547305,0.7255057928653288,0.10043028458148372,0.10043028685920648
14522320,Leubsdorf,34266789.78694286,rp100,artificial,1339933.4147011407,233032.48802341992,1957104.827395063,1957104.931408996,0.17391348366022769,0.11907000829055733,0.11907000196236324
14522320,Leubsdorf,34266789.78694286,rp100,open_or_seasonal,18482008.824443523,765007.1719902128,1957104.827395063,1957104.931408996,0.04139199257271464,0.3908871723587996,0.39088715158438353
14522320,Leubsdorf,34266789.78694286,rp100,perennial_vegetation,14344771.917632507,874106.7285476264,1957104.827395063,1957104.931408996,0.0609355613018273,0.44663255453264405,0.44663253079553733
14522320,Leubsdorf,34266789.78694286,rp100,water,100072.74997312424,84958.43883380375,1957104.827395063,1957104.931408996,0.8489667652444884,0.04341026481799892,0.04341026251088074
14522330,Lichtenau,49095432.99020548,rp100,artificial,3803611.444817427,231757.23266097053,2834672.4238581285,2834672.3540339405,0.060930837974196614,0.081758029855717,0.08175803186959632
14522330,Lichtenau,49095432.99020548,rp100,open_or_seasonal,32930082.1166496,1075053.0613395972,2834672.4238581285,2834672.3540339405,0.0326465344827077,0.3792512504412757,0.3792512597830646
14522330,Lichtenau,49095432.99020548,rp100,perennial_vegetation,12223802.889143005,1417500.774471997,2834672.4238581285,2834672.3540339405,0.11596233899771073,0.5000580534602685,0.5000580657777935
14522330,Lichtenau,49095432.99020548,rp100,water,137933.65824673322,110361.35538556341,2834672.4238581285,2834672.3540339405,0.8001046067244227,0.03893266624273862,0.038932667201735445
14522350,"Lunzenau, Stadt",28095716.854835518,rp100,artificial,1616138.6294101584,604731.699721648,2900957.4083185312,2900957.3706713095,0.37418306122808087,0.20845935138088287,0.2084593540861675
14522350,"Lunzenau, Stadt",28095716.854835518,rp100,open_or_seasonal,19507016.6245199,1159063.8805000284,2900957.4083185312,2900957.3706713095,0.0594177932387216,0.39954529396963856,0.3995452991547441
14522350,"Lunzenau, Stadt",28095716.854835518,rp100,perennial_vegetation,6557631.757822294,852870.3510331843,2900957.4083185312,2900957.3706713095,0.1300576766933939,0.29399616436544984,0.2939961681807899
14522350,"Lunzenau, Stadt",28095716.854835518,rp100,water,414927.83067320223,284291.4770636708,2900957.4083185312,2900957.3706713095,0.6851588542576678,0.09799919028402881,0.09799919155581491
14522360,"Mittweida, Stadt, Hochschulstadt",41082795.96297368,rp100,artificial,4797295.812520201,398647.44621720014,3726601.0477072895,3726601.060103079,0.0830983666207933,0.10697347022495454,0.1069734698691288
14522360,"Mittweida, Stadt, Hochschulstadt",41082795.96297368,rp100,open_or_seasonal,26517579.856728885,1135031.198216708,3726601.0477072895,3726601.060103079,0.04280297087249806,0.3045754519161667,0.30457545090305765
14522360,"Mittweida, Stadt, Hochschulstadt",41082795.96297368,rp100,perennial_vegetation,8691500.004009597,1270298.0892760202,3726601.0477072895,3726601.060103079,0.14615406876718648,0.340873110111302,0.3408731089774561
14522360,"Mittweida, Stadt, Hochschulstadt",41082795.96297368,rp100,water,1076417.6474976693,922624.3139973611,3726601.0477072895,3726601.060103079,0.8571248493948153,0.24757796774757676,0.24757796692405842
14522420,Niederwiesa,16579992.672688615,rp100,artificial,1540072.9292955478,283615.2611305384,2140104.540213863,2140104.4927816647,0.18415703291419339,0.13252402198174695,0.13252402491894263
14522420,Niederwiesa,16579992.672688615,rp100,open_or_seasonal,9466043.749173416,965220.1662001356,2140104.540213863,2140104.4927816647,0.10196658622927024,0.45101542848167603,0.4510154384777548
14522420,Niederwiesa,16579992.672688615,rp100,perennial_vegetation,5362039.112611691,746880.3371529882,2140104.540213863,2140104.4927816647,0.13929035605061166,0.3489924548631403,0.3489924625980333
14522420,Niederwiesa,16579992.672688615,rp100,water,211835.5160502949,144388.7757302005,2140104.540213863,2140104.4927816647,0.681607968400913,0.06746809467343663,0.0674680961687655
14522440,"Oederan, Stadt",77579600.43018354,rp100,artificial,2816362.856554626,13795.190045413958,270384.6241584222,270384.64042129245,0.0048982289385431635,0.05102061586657073,0.051020612797825195
14522440,"Oederan, Stadt",77579600.43018354,rp100,open_or_seasonal,51643999.502561636,142140.80280960794,270384.6241584222,270384.64042129245,0.002752319808278162,0.5256985424079649,0.5256985107886866
14522440,"Oederan, Stadt",77579600.43018354,rp100,perennial_vegetation,23065857.298752505,106350.85684670231,270384.6241584222,270384.64042129245,0.0046107480623516295,0.3933317479783534,0.39333172432056285
14522440,"Oederan, Stadt",77579600.43018354,rp100,water,53374.49823943633,8097.774456697961,270384.6241584222,270384.64042129245,0.1517161701524874,0.029949093747111005,0.029949091945757844
14522460,"Penig, Stadt",63554570.2485366,rp100,artificial,4857616.2132144775,838672.2029599424,2715617.214074259,2715617.197376927,0.1726509806761699,0.308832997012004,0.30883299891090465
14522460,"Penig, Stadt",63554570.2485366,rp100,open_or_seasonal,45584099.18005767,897753.9520825873,2715617.214074259,2715617.197376927,0.019694454167810793,0.33058928461264275,0.3305892866453148
14522460,"Penig, Stadt",63554570.2485366,rp100,perennial_vegetation,12693216.950724417,694955.7497965457,2715617.214074259,2715617.197376927,0.05475016715576454,0.25591079118028526,0.25591079275378664
14522460,"Penig, Stadt",63554570.2485366,rp100,water,419633.44816720457,284235.3092351836,2715617.214074259,2715617.197376927,0.6773418812933352,0.10466692719506789,0.10466692783862637
14522480,Reinsberg,48691974.840761214,rp100,artificial,1264949.9650077827,26886.497774906093,511681.6005763643,511681.57266569935,0.021254989144760893,0.052545367557912614,0.05254537042410172
14522480,Reinsberg,48691974.840761214,rp100,open_or_seasonal,38784718.053473696,285285.22873864457,511681.6005763643,511681.57266569935,0.007355609194975014,0.5575444346978586,0.5575444651102025
14522480,Reinsberg,48691974.840761214,rp100,perennial_vegetation,8607653.680671519,195757.04183612642,511681.6005763643,511681.57266569935,0.02274220700534209,0.38257588628479766,0.38257590715314227
14522480,Reinsberg,48691974.840761214,rp100,water,34648.80978565658,3752.832226687236,511681.6005763643,511681.57266569935,0.108310566795884,0.007334311459431022,0.007334311859495283
14522490,"Rochlitz, Stadt",23560086.60058275,rp100,artificial,2048359.9532257367,534222.63347272,2544974.4678119035,2544974.4758360367,0.2608050565680273,0.20991276738899053,0.2099127667271497
14522490,"Rochlitz, Stadt",23560086.60058275,rp100,open_or_seasonal,16325858.556853833,712056.5491137593,2544974.4678119035,2544974.4758360367,0.0436152589852512,0.27978927023419814,0.2797892693520414
14522490,"Rochlitz, Stadt",23560086.60058275,rp100,perennial_vegetation,4791301.423755235,1086477.8005663832,2544974.4678119035,2544974.4758360367,0.22676047789012704,0.4269110807624352,0.4269110794164133
14522490,"Rochlitz, Stadt",23560086.60058275,rp100,water,394565.06979524915,212217.48465904087,2544974.4678119035,2544974.4758360367,0.5378516774664479,0.08338688161437605,0.08338688135146281
14522500,Rossau,53672509.07844549,rp100,artificial,2037787.5539518832,86983.81728446833,1370183.4587966376,1370183.4344529207,0.04268541983965921,0.0634833362832024,0.06348333741109544
14522500,Rossau,53672509.07844549,rp100,open_or_seasonal,37110521.47765127,748333.5103153132,1370183.4587966376,1370183.4344529207,0.02016499581570082,0.5461557031001794,0.5461557128035953
14522500,Rossau,53672509.07844549,rp100,perennial_vegetation,14199190.040183153,325868.95732566726,1370183.4587966376,1370183.4344529207,0.02294982716644195,0.23782870478662863,0.23782870901207356
14522500,Rossau,53672509.07844549,rp100,water,325005.5681994176,208997.17387118854,1370183.4587966376,1370183.4344529207,0.6430572098474067,0.15253225582998944,0.15253225853999305
14522510,"Roßwein, Stadt",44548404.68439212,rp100,artificial,2959357.808121305,572481.748555453,2331725.468116243,2331725.478845414,0.19344796596896904,0.24551850395061742,0.2455185028208918
14522510,"Roßwein, Stadt",44548404.68439212,rp100,open_or_seasonal,34055569.88710518,778599.4453048483,2331725.468116243,2331725.478845414,0.022862616831429313,0.33391557280277256,0.33391557126629784
14522510,"Roßwein, Stadt",44548404.68439212,rp100,perennial_vegetation,7432948.853977399,908757.0067521302,2331725.468116243,2331725.478845414,0.12226062961079719,0.38973584977235676,0.3897358479790313
14522510,"Roßwein, Stadt",44548404.68439212,rp100,water,100525.07538541111,71887.26750381167,2331725.468116243,2331725.478845414,0.7151177676634147,0.0308300734742534,0.030830073332392308
14522530,Seelitz,31460334.55955229,rp100,artificial,873087.2655620566,46670.44770830037,1096346.9261701242,1096346.9933532982,0.05345450512126748,0.04256905053889698,0.042569047930303215
14522530,Seelitz,31460334.55955229,rp100,open_or_seasonal,21630690.309796486,357333.8072912954,1096346.9261701242,1096346.9933532982,0.016519759756786854,0.32593132589842877,0.32593130592564545
14522530,Seelitz,31460334.55955229,rp100,perennial_vegetation,8771078.055410454,602484.530765574,1096346.9261701242,1096346.9933532982,0.06868990641280753,0.5495382131185765,0.5495381794433609
14522530,Seelitz,31460334.55955229,rp100,water,185476.25451303835,89858.14040495447,1096346.9261701242,1096346.9933532982,0.48447247676460786,0.08196141044409773,0.081961405421575
14522540,Striegistal,76962481.08636077,rp100,artificial,2882416.7838001917,5344.644625065297,174810.39982104153,174810.4019233529,0.001854223391670268,0.030573951152430088,0.030573950784740494
14522540,Striegistal,76962481.08636077,rp100,open_or_seasonal,58919786.34170898,75182.63377546822,174810.39982104153,174810.4019233529,0.0012760167414634167,0.43008101264246784,0.4300810074702115
14522540,Striegistal,76962481.08636077,rp100,perennial_vegetation,15066158.781673573,76029.8019149174,174810.39982104153,174810.4019233529,0.005046395900685702,0.4349272239680895,0.4349272187375515
14522540,Striegistal,76962481.08636077,rp100,water,94113.47275727904,18253.31950559062,174810.39982104153,174810.4019233529,0.19395012181376392,0.10441781223701263,0.10441781098125924
14522570,"Waldheim, Stadt",41670621.90606854,rp100,artificial,3043678.988477176,308900.5214701385,1438145.23549866,1438145.2031781331,0.1014891920730079,0.21479090834871825,0.2147909131758771
14522570,"Waldheim, Stadt",41670621.90606854,rp100,open_or_seasonal,32612448.125360645,560949.4480380137,1438145.23549866,1438145.2031781331,0.017200470381179344,0.3900506250632684,0.39005063382917166
14522570,"Waldheim, Stadt",41670621.90606854,rp100,perennial_vegetation,5763310.22763851,376347.6680536011,1438145.23549866,1438145.2031781331,0.06530060905775809,0.2616896115663221,0.261689617447471
14522570,"Waldheim, Stadt",41670621.90606854,rp100,water,251180.5488980701,191947.5979369066,1438145.23549866,1438145.2031781331,0.7641817759336117,0.1334688550216912,0.1334688580212379
14522580,Wechselburg,25770643.411619272,rp100,artificial,857255.4026035346,172985.77784890032,2416504.1541452166,2416504.343928147,0.20179024515159943,0.07158513572267791,0.07158513010065747
14522580,Wechselburg,25770643.411619272,rp100,open_or_seasonal,18735370.34561265,1166066.366592717,2416504.1541452166,2416504.343928147,0.06223876790702353,0.4825426699939551,0.482542632096915
14522580,Wechselburg,25770643.411619272,rp100,perennial_vegetation,5947133.500046651,876478.9761870148,2416504.1541452166,2416504.343928147,0.14737839266263983,0.36270534635064566,0.36270531786516674
14522580,Wechselburg,25770643.411619272,rp100,water,230882.38409720996,200973.03351658475,2416504.1541452166,2416504.343928147,0.8704563334375814,0.08316684793272139,0.08316684140111794
14522600,Zettlitz,15598454.523824403,rp100,artificial,510829.0615011554,17382.74600883905,576743.6164779569,576743.594284918,0.034028498609215745,0.030139468408842664,0.030139469568606553
14522600,Zettlitz,15598454.523824403,rp100,open_or_seasonal,11407429.083330538,93197.68458325497,576743.6164779569,576743.594284918,0.00816991137112945,0.1615929191421176,0.16159292536019781
14522600,Zettlitz,15598454.523824403,rp100,perennial_vegetation,3641670.762625434,436256.93343075184,576743.6164779569,576743.594284918,0.11979581952000401,0.7564139783546708,0.756414007461409
14522600,Zettlitz,15598454.523824403,rp100,water,38524.30788492861,29906.25245511098,576743.6164779569,576743.594284918,0.7762956454517079,0.051853634094368856,0.051853636089691776
14523100,"Elsterberg, Stadt",25100374.130603895,rp100,artificial,1508444.1407962847,295850.89835812896,1026032.8535969075,1026032.8466438798,0.19612983361913142,0.28834446901089045,0.28834447096488935
14523100,"Elsterberg, Stadt",25100374.130603895,rp100,open_or_seasonal,13850487.52795815,174235.7875705725,1026032.8535969075,1026032.8466438798,0.012579758453907542,0.16981501806668625,0.16981501921745693
14523100,"Elsterberg, Stadt",25100374.130603895,rp100,perennial_vegetation,9623045.045377448,474634.9557493914,1026032.8535969075,1026032.8466438798,0.04932274072409007,0.46259235665358034,0.4625923597883898
14523100,"Elsterberg, Stadt",25100374.130603895,rp100,water,118395.39748014016,81311.2119188147,1026032.8535969075,1026032.8466438798,0.6867767974887198,0.07924815626884307,0.07924815680587717
14523320,"Plauen, Stadt",101676934.79473805,rp100,artificial,17684140.841171652,1130381.8953216856,2270153.3189843665,2270153.3018512125,0.06392065667617658,0.49793196162953524,0.49793196538749507
14523320,"Plauen, Stadt",101676934.79473805,rp100,open_or_seasonal,50448818.99058089,454366.2603116701,2270153.3189843665,2270153.3018512125,0.009006479624359553,0.20014782988972168,0.20014783140026443
14523320,"Plauen, Stadt",101676934.79473805,rp100,perennial_vegetation,33196890.1814211,641430.5404247034,2270153.3189843665,2270153.3018512125,0.019322006878333593,0.2825494362255982,0.28254943835803703
14523320,"Plauen, Stadt",101676934.79473805,rp100,water,347077.13979060313,43974.6229263075,2270153.3189843665,2270153.3018512125,0.1266998539657151,0.01937077225514491,0.01937077240133875
14523330,Pöhl,36637247.12238823,rp100,artificial,1591966.3252876708,23233.425051704606,488362.73952299164,488362.73287474783,0.014594168659633104,0.04757411483602917,0.04757411548367137
14523330,Pöhl,36637247.12238823,rp100,open_or_seasonal,20547189.90652354,288146.12950621016,488362.73952299164,488362.73287474783,0.014023627114806899,0.5900248036687994,0.5900248117010026
14523330,Pöhl,36637247.12238823,rp100,perennial_vegetation,11946840.186134072,170449.6049364017,488362.73952299164,488362.73287474783,0.01426733782998383,0.34902254234810864,0.34902254709946823
14523330,Pöhl,36637247.12238823,rp100,water,2551247.7948744306,6533.580028675127,488362.73952299164,488362.73287474783,0.0025609351007775012,0.013378539147062699,0.013378539329189188
14523450,Weischlitz,121880868.24476129,rp100,artificial,3674433.0655604303,37109.12646379366,553671.025144555,553671.0694015368,0.01009927948112826,0.06702378267691549,0.06702377731945598
14523450,Weischlitz,121880868.24476129,rp100,open_or_seasonal,70798757.26252863,88479.04648427595,553671.025144555,553671.0694015368,0.0012497259825647378,0.1598043648052116,0.1598043520314561
14523450,Weischlitz,121880868.24476129,rp100,perennial_vegetation,46492225.35338045,428037.2955948038,553671.025144555,553671.0694015368,0.009206642451320761,0.773089571524986,0.7730895097290696
14523450,Weischlitz,121880868.24476129,rp100,water,915443.3278158221,45.556601681618304,553671.025144555,553671.0694015368,4.9764524244567794e-5,8.228099288692988e-5,8.228098630990498e-5
14524050,Dennheritz,13026224.032660693,rp100,artificial,983442.8770059868,28164.209352145353,1477922.315053223,1477922.2292696573,0.028638378507442178,0.019056623656928208,0.019056624763038595
14524050,Dennheritz,13026224.032660693,rp100,open_or_seasonal,10148240.827315416,1338621.4230147684,1477922.315053223,1477922.2292696573,0.1319067457890515,0.9057454572411419,0.9057455098136477
14524050,Dennheritz,13026224.032660693,rp100,perennial_vegetation,1891091.9048101162,107712.61029036346,1477922.315053223,1477922.2292696573,0.05695789295929477,0.07288110423211555,0.07288110846237941
14524050,Dennheritz,13026224.032660693,rp100,water,3446.861317039112,3424.0723959458064,1477922.315053223,1477922.2292696573,0.9933885007265447,0.0023168148698143845,0.002316815004290094
14524080,"Glauchau, Stadt",52013177.3654473,rp100,artificial,8365680.974748582,1796706.0080864811,5739327.697806686,5739327.8055275045,0.2147710405775399,0.3130516504177138,0.3130516445420815
14524080,"Glauchau, Stadt",52013177.3654473,rp100,open_or_seasonal,26108606.745088693,1640583.2897347312,5739327.697806686,5739327.8055275045,0.06283687619766774,0.28584938447785246,0.28584937911277647
14524080,"Glauchau, Stadt",52013177.3654473,rp100,perennial_vegetation,17074475.149905175,1960281.8823811456,5739327.697806686,5739327.8055275045,0.1148077387545369,0.3415525276819927,0.34155252127143054
14524080,"Glauchau, Stadt",52013177.3654473,rp100,water,464410.1259151227,341756.51760432794,5739327.697806686,5739327.8055275045,0.7358937683171634,0.05954643742244095,0.05954643630482036
14524090,"Hartenstein, Stadt",36841945.25364857,rp100,artificial,1462116.646138314,45122.885884463,779509.8454103952,779509.8389016318,0.030861344752239724,0.05788622959689081,0.05788623008023016
14524090,"Hartenstein, Stadt",36841945.25364857,rp100,open_or_seasonal,18894869.61037504,554913.40005474,779509.8454103952,779509.8389016318,0.02936846940452243,0.7118747804430745,0.7118747863870977
14524090,"Hartenstein, Stadt",36841945.25364857,rp100,perennial_vegetation,16400472.278195454,144146.03748468828,779509.8454103952,779509.8389016318,0.008789139424742754,0.18491881575761046,0.18491881730164847
14524090,"Hartenstein, Stadt",36841945.25364857,rp100,water,84483.71037953906,35327.521986503925,779509.8454103952,779509.8389016318,0.418157794299004,0.045320174202424277,0.045320174580839374
14524150,Langenweißbach,22713642.607631214,rp100,artificial,842731.5430805393,133721.0090288273,988573.0044991458,988572.9922449384,0.1586756899356355,0.13526670101271498,0.1352667026894614
14524150,Langenweißbach,22713642.607631214,rp100,open_or_seasonal,13330147.72571343,504591.2524011021,988573.0044991458,988572.9922449384,0.03785338788314863,0.5104238635939184,0.5104238699210586
14524150,Langenweißbach,22713642.607631214,rp100,perennial_vegetation,8477067.33329667,321540.3330321102,988573.0044991458,988572.9922449384,0.03793060977222007,0.3252570438083291,0.32525704784016823
14524150,Langenweißbach,22713642.607631214,rp100,water,63694.37807525345,28720.410037106187,988573.0044991458,988572.9922449384,0.45090965490193935,0.029052391585037463,0.029052391945166695
14524180,"Limbach-Oberfrohna, Stadt",50048237.61829634,rp100,artificial,6894446.391528372,61555.964091553265,990170.3468922013,990170.3147072144,0.008928340376566108,0.062167044574457236,0.062167046595165684
14524180,"Limbach-Oberfrohna, Stadt",50048237.61829634,rp100,open_or_seasonal,29173849.72809893,366717.5272645526,990170.3468922013,990170.3147072144,0.012570076650231968,0.3703580181082485,0.37035803014654917
14524180,"Limbach-Oberfrohna, Stadt",50048237.61829634,rp100,perennial_vegetation,13556192.807928702,472065.9868348341,990170.3468922013,990170.3147072144,0.03482290297307764,0.4767522965280512,0.4767523120246443
14524180,"Limbach-Oberfrohna, Stadt",50048237.61829634,rp100,water,423745.72978101263,89830.86870126144,990170.3468922013,990170.3147072144,0.2119923869148725,0.09072264078924312,0.09072264373813684
14524200,Mülsen,49070386.86681686,rp100,artificial,3781069.555101996,15415.97194376339,572588.490515979,572588.4404377013,0.004077145823186936,0.02692330041400506,0.026923302768702466
14524200,Mülsen,49070386.86681686,rp100,open_or_seasonal,31511413.313591488,417835.62121630757,572588.490515979,572588.4404377013,0.013259818499987334,0.7297310863510051,0.7297311501728944
14524200,Mülsen,49070386.86681686,rp100,perennial_vegetation,13730247.76102938,139336.89735590812,572588.490515979,572588.4404377013,0.010148170650743,0.2433456132349899,0.24334563451786664
14524200,Mülsen,49070386.86681686,rp100,water,47652.79481285122,0,572588.490515979,572588.4404377013,0,0,0
14524260,Remse,14375544.98128356,rp100,artificial,762092.2551684619,140412.80879628428,1641272.5645355792,1641272.5113865496,0.18424647126907984,0.08555118255816092,0.08555118532854933
14524260,Remse,14375544.98128356,rp100,open_or_seasonal,11093490.194502974,1060247.9491334278,1641272.5645355792,1641272.5113865496,0.09557388437218793,0.6459913923154132,0.6459914132344352
14524260,Remse,14375544.98128356,rp100,perennial_vegetation,2450191.701587486,411730.13313722535,1641272.5645355792,1641272.5113865496,0.1680399671872467,0.25086030317805874,0.25086031130162234
14524260,Remse,14375544.98128356,rp100,water,69769.88904400097,28881.673468641824,1641272.5645355792,1641272.5113865496,0.4139561330021229,0.017597121948367114,0.01759712251821152
14524290,"Waldenburg, Stadt",25063423.343906555,rp100,artificial,1318565.386844151,259772.70660382224,3087420.3090742687,3087420.3191062324,0.19701162278008919,0.0841390807206656,0.08413908044727225
14524290,"Waldenburg, Stadt",25063423.343906555,rp100,open_or_seasonal,17176408.037542842,1295379.4159844425,3087420.3090742687,3087420.3191062324,0.0754161995425996,0.41956691551752107,0.4195669141542211
14524290,"Waldenburg, Stadt",25063423.343906555,rp100,perennial_vegetation,6443279.400257809,1440091.5278103105,3087420.3090742687,3087420.3191062324,0.2235028839122962,0.46643844493013237,0.46643844341453256
14524290,"Waldenburg, Stadt",25063423.343906555,rp100,water,125168.78028156832,92176.65867569367,3087420.3090742687,3087420.3191062324,0.7364189254568226,0.029855558831681034,0.029855558734671283
14524310,"Wildenfels, Stadt",20931131.795171846,rp100,artificial,1481655.638284219,83372.7020740883,762163.3316975408,762163.3249500833,0.0562699590376042,0.1093895476293711,0.10938954859780044
14524310,"Wildenfels, Stadt",20931131.795171846,rp100,open_or_seasonal,13998544.01624924,354044.86883530684,762163.3316975408,762163.3249500833,0.025291549494314437,0.4645262427500344,0.4645262468625009
14524310,"Wildenfels, Stadt",20931131.795171846,rp100,perennial_vegetation,5387353.001594598,313417.2008642858,762163.3316975408,762163.3249500833,0.05817647382146997,0.4112205190536026,0.41122052269415166
14524310,"Wildenfels, Stadt",20931131.795171846,rp100,water,63577.25565000406,11328.559923859963,762163.3316975408,762163.3249500833,0.17818573337333474,0.014863690566992039,0.014863690698580793
14524320,"Wilkau-Haßlau, Stadt",12668383.846201928,rp100,artificial,2968138.4561139457,416677.88524276007,1496866.4495055415,1496866.4126067464,0.1403835742178612,0.27836677439086227,0.2783667812527963
14524320,"Wilkau-Haßlau, Stadt",12668383.846201928,rp100,open_or_seasonal,6323794.045082141,511253.75912804576,1496866.4495055415,1496866.4126067464,0.0808460483506156,0.3415493475031976,0.34154935592262586
14524320,"Wilkau-Haßlau, Stadt",12668383.846201928,rp100,perennial_vegetation,3302909.346753979,519153.36109507,1496866.4495055415,1496866.4126067464,0.15718062671180535,0.34682677353518176,0.34682678208470225
14524320,"Wilkau-Haßlau, Stadt",12668383.846201928,rp100,water,73541.00132745867,49781.44403966564,1496866.4495055415,1496866.4126067464,0.6769209439779316,0.0332571045707584,0.03325710539056909
14524330,"Zwickau, Stadt, Hochschulstadt",103437954.65459195,rp100,artificial,26767004.86984052,2965284.8441292997,8105327.441689279,8105326.885160192,0.11078134660745728,0.3658439298673524,0.36584395498697947
14524330,"Zwickau, Stadt, Hochschulstadt",103437954.65459195,rp100,open_or_seasonal,54378020.7512618,3103808.966309827,8105327.441689279,8105326.885160192,0.0570783732734113,0.38293443277140987,0.3829344590645074
14524330,"Zwickau, Stadt, Hochschulstadt",103437954.65459195,rp100,perennial_vegetation,21730636.48401796,1768225.3396255013,8105327.441689279,8105326.885160192,0.08137015871237653,0.21815594155156984,0.21815595653062356
14524330,"Zwickau, Stadt, Hochschulstadt",103437954.65459195,rp100,water,562285.1175897764,268008.2916246509,8105327.441689279,8105326.885160192,0.4766412683541455,0.03306569580966783,0.03306569808002926
14612000,"Dresden, Stadt",328093738.21001375,rp100,artificial,105385893.68604857,14633545.463843292,36158944.830816895,36158944.266699776,0.1388567762914985,0.40470056668721366,0.4047005730009632
14612000,"Dresden, Stadt",328093738.21001375,rp100,open_or_seasonal,116775918.8005118,5903862.136702999,36158944.830816895,36158944.266699776,0.050557188479831705,0.1632752881569531,0.16327529070421734
14612000,"Dresden, Stadt",328093738.21001375,rp100,perennial_vegetation,100948385.43030581,11573005.204773156,36158944.830816895,36158944.266699776,0.11464279646912326,0.32005926220805875,0.320059267201316
14612000,"Dresden, Stadt",328093738.21001375,rp100,water,4983516.000731965,4048532.025497453,36158944.830816895,36158944.266699776,0.8123846747763659,0.1119648829477746,0.11196488469454316
14625120,Elsterheide / Halštrowska Hola,127355364.40012899,rp100,artificial,15220386.804805422,491537.2704481596,14637327.217110157,14637326.743835738,0.032294663516236666,0.03358108096904345,0.03358108205483369
14625120,Elsterheide / Halštrowska Hola,127355364.40012899,rp100,open_or_seasonal,40329064.40437758,4393360.226858931,14637327.217110157,14637326.743835738,0.10893781672708595,0.30014770877864616,0.3001477184834396
14625120,Elsterheide / Halštrowska Hola,127355364.40012899,rp100,perennial_vegetation,43762515.986574255,986234.1089068085,14637327.217110157,14637326.743835738,0.022536046812513515,0.06737801883351764,0.06737802101207752
14625120,Elsterheide / Halštrowska Hola,127355364.40012899,rp100,water,28043387.63219787,8766195.61089626,14637327.217110157,14637326.743835738,0.31259403200030644,0.5988931914187928,0.598893210783041
14625160,Großdubrau / Wulka Dubrawa,54231965.68582398,rp100,artificial,2844589.971065753,44502.77833332041,424814.3521902198,424814.3408776578,0.01564470759792738,0.10475817990582703,0.10475818269547722
14625160,Großdubrau / Wulka Dubrawa,54231965.68582398,rp100,open_or_seasonal,30384846.187306903,9123.294944058063,424814.3521902198,424814.3408776578,3.0025805915941307e-4,0.021475957431807555,0.02147595800369997
14625160,Großdubrau / Wulka Dubrawa,54231965.68582398,rp100,perennial_vegetation,18311833.757180672,371188.27891284134,424814.3521902198,424814.3408776578,0.02027040458289909,0.8737658626623654,0.8737658859302487
14625160,Großdubrau / Wulka Dubrawa,54231965.68582398,rp100,water,2690691.5867759427,0,424814.3521902198,424814.3408776578,0,0,0
14625240,"Hoyerswerda / Wojerecy, Stadt",95728949.39585815,rp100,artificial,15368793.108486773,27243.711245341336,191903.48865995122,191903.4846401716,0.0017726643239342674,0.14196569033519027,0.14196569330892883
14625240,"Hoyerswerda / Wojerecy, Stadt",95728949.39585815,rp100,open_or_seasonal,22168969.668815933,87574.82354645502,191903.48865995122,191903.4846401716,0.0039503335001464905,0.45634826212896884,0.456348271688042
14625240,"Hoyerswerda / Wojerecy, Stadt",95728949.39585815,rp100,perennial_vegetation,54785330.03131713,77084.95386815487,191903.48865995122,191903.4846401716,0.0014070364059884377,0.4016860475358409,0.4016860559499111
14625240,"Hoyerswerda / Wojerecy, Stadt",95728949.39585815,rp100,water,3405848.6880659615,0,191903.48865995122,191903.4846401716,0,0,0
14625310,"Lauta, Stadt",41960731.07325869,rp100,artificial,6096159.030153213,22228.20521396624,85273.54057706604,85273.54709508803,0.0036462640006633138,0.26066942997256554,0.26066941004787453
14625310,"Lauta, Stadt",41960731.07325869,rp100,open_or_seasonal,12807492.29970002,32861.61740110739,85273.54057706604,85273.54709508803,0.002565811997550612,0.38536710424740334,0.3853670747912432
14625310,"Lauta, Stadt",41960731.07325869,rp100,perennial_vegetation,21613039.48737801,30183.717961992414,85273.54057706604,85273.54709508803,0.0013965512800557123,0.35396346578003113,0.3539634387242591
14625310,"Lauta, Stadt",41960731.07325869,rp100,water,1444036.1978918493,0,85273.54057706604,85273.54709508803,0,0,0
14625330,Lohsa / Łaz,134452282.92635557,rp100,artificial,7360187.8416315345,68587.2894237898,3882877.4536471935,3882877.565538737,0.009318687362276075,0.017664036592080865,0.017664036083062416
14625330,Lohsa / Łaz,134452282.92635557,rp100,open_or_seasonal,33792783.855121404,125164.03302877372,3882877.4536471935,3882877.565538737,0.0037038686592198206,0.03223486564357238,0.03223486471467137
14625330,Lohsa / Łaz,134452282.92635557,rp100,perennial_vegetation,70938400.76964712,70729.68007038708,3882877.4536471935,3882877.565538737,9.970577191338469e-4,0.01821578994308733,0.018215789418169193
14625330,Lohsa / Łaz,134452282.92635557,rp100,water,22360901.46536923,3618396.451124243,3882877.4536471935,3882877.565538737,0.16181800437375593,0.9318853078212594,0.9318852809674419
14625340,Malschwitz / Malešecy,93169666.46311207,rp100,artificial,4344568.901935819,80741.5818642367,1669193.0291698887,1669192.947158219,0.0185844864442731,0.04837162656040478,0.04837162893702508
14625340,Malschwitz / Malešecy,93169666.46311207,rp100,open_or_seasonal,48791673.546822295,509805.5841049595,1669193.0291698887,1669192.947158219,0.010448618525366448,0.30542038889204587,0.30542040389812175
14625340,Malschwitz / Malešecy,93169666.46311207,rp100,perennial_vegetation,36328463.40325389,1078086.0990324155,1669193.0291698887,1669192.947158219,0.029676072094363695,0.6458726343762421,0.6458726661095976
14625340,Malschwitz / Malešecy,93169666.46311207,rp100,water,3704953.356374554,559.7641682768478,1669193.0291698887,1669192.947158219,1.5108534829831155e-4,3.35350171307165e-4,3.353501877837668e-4
14625570,Spreetal / Sprjewiny Doł,108801115.53414412,rp100,artificial,12909015.640555136,700886.402898802,7799269.153560538,7799268.947423933,0.05429433369782959,0.0898656513961737,0.08986565377134506
14625570,Spreetal / Sprjewiny Doł,108801115.53414412,rp100,open_or_seasonal,20630934.16217462,1499068.8573867332,7799269.153560538,7799268.947423933,0.0726612205537048,0.1922063244480254,0.19220632952808603
14625570,Spreetal / Sprjewiny Doł,108801115.53414412,rp100,perennial_vegetation,63634129.35858674,2557811.2356029414,7799269.153560538,7799268.947423933,0.04019558782975306,0.3279552462214032,0.3279552548893414
14625570,Spreetal / Sprjewiny Doł,108801115.53414412,rp100,water,11627026.664949842,3041502.657672061,7799269.153560538,7799268.947423933,0.2615890326321172,0.38997277793439766,0.38997278824147447
14626060,Boxberg/O.L. / Hamor,213357255.29762965,rp100,artificial,29276559.088732652,634500.014184278,13360835.89873724,13360835.730109343,0.02167262936403175,0.04748954474055368,0.047489545339922036
14626060,Boxberg/O.L. / Hamor,213357255.29762965,rp100,open_or_seasonal,66914679.329078004,3331578.669807967,13360835.89873724,13360835.730109343,0.049788457528484605,0.24935405951081557,0.2493540626579279
14626060,Boxberg/O.L. / Hamor,213357255.29762965,rp100,perennial_vegetation,99509242.8451554,3068906.9874670785,13360835.89873724,13360835.730109343,0.030840421449518526,0.2296942355049153,0.22969423840389983
14626060,Boxberg/O.L. / Hamor,213357255.29762965,rp100,water,17656757.840625506,6325850.227277918,13360835.89873724,13360835.730109343,0.3582679382238058,0.47346216024371546,0.47346216621930937
14626600,"Weißwasser/O.L., Stadt / Běła Woda",48900317.58339151,rp100,artificial,10096046.87723044,545203.9382075156,2559001.398840052,2559001.272092295,0.05400172412403425,0.21305339592805478,0.2130534064806248
14626600,"Weißwasser/O.L., Stadt / Běła Woda",48900317.58339151,rp100,open_or_seasonal,24181040.010802954,891181.2296287501,2559001.398840052,2559001.272092295,0.03685454509940896,0.3482535140593147,0.348253531308369
14626600,"Weißwasser/O.L., Stadt / Běła Woda",48900317.58339151,rp100,perennial_vegetation,13264232.265983175,1106536.753777925,2559001.398840052,2559001.272092295,0.0834226008402836,0.43240959316376204,0.4324096145810809
14626600,"Weißwasser/O.L., Stadt / Běła Woda",48900317.58339151,rp100,water,1358994.664402139,16079.47722586133,2559001.398840052,2559001.272092295,0.011831891358407325,0.0062834968488684135,0.006283497160091054
14627010,"Coswig, Stadt",26082066.563283574,rp100,artificial,7406246.776735008,1220779.533625635,8608985.750401588,8608985.821100445,0.16483106361786762,0.14180294508777513,0.14180294392325862
14627010,"Coswig, Stadt",26082066.563283574,rp100,open_or_seasonal,10033120.69903455,3815848.8021842423,8608985.750401588,8608985.821100445,0.380325216515279,0.4432402274572521,0.4432402238172673
14627010,"Coswig, Stadt",26082066.563283574,rp100,perennial_vegetation,7965245.196171499,2954044.8015061268,8608985.750401588,8608985.821100445,0.3708667754416387,0.34313505529595373,0.3431350524780543
14627010,"Coswig, Stadt",26082066.563283574,rp100,water,677451.3125551507,618312.6130855848,8608985.750401588,8608985.821100445,0.912704133310316,0.07182177215901908,0.07182177156920314
14627020,Diera-Zehren,43320921.144797385,rp100,artificial,2015519.3600516915,168327.49392419186,3934783.167886966,3934783.0076149018,0.08351569191569304,0.04277935701717106,0.042779358759665084
14627020,Diera-Zehren,43320921.144797385,rp100,open_or_seasonal,29833144.510765497,1187939.0442795746,3934783.167886966,3934783.0076149018,0.039819437868874284,0.30190711751913757,0.30190712981645534
14627020,Diera-Zehren,43320921.144797385,rp100,perennial_vegetation,10367042.177830743,1551476.176608781,3934783.167886966,3934783.0076149018,0.14965466041283346,0.39429775680420676,0.39429777286479134
14627020,Diera-Zehren,43320921.144797385,rp100,water,1105212.492261861,1027040.4530744186,3934783.167886966,3934783.0076149018,0.9292696746238723,0.26101576865948467,0.261015779291211
14627030,Ebersbach,84119063.83011734,rp100,artificial,3198815.210683402,0,7342.863732253981,7342.863732253982,0,0,0
14627030,Ebersbach,84119063.83011734,rp100,open_or_seasonal,57966897.85213541,6543.365846689967,7342.863732253981,7342.863732253982,1.1288107677214469e-4,0.8911190627095298,0.8911190627095297
14627030,Ebersbach,84119063.83011734,rp100,perennial_vegetation,22280159.888889402,799.497885564014,7342.863732253981,7342.863732253982,3.5883848659573804e-5,0.10888093729047026,0.10888093729047024
14627030,Ebersbach,84119063.83011734,rp100,water,673182.563390977,0,7342.863732253981,7342.863732253982,0,0,0
14627040,Glaubitz,14238335.024330487,rp100,artificial,1377581.1228301898,2883.2560415202606,144436.41578696633,144436.40700524492,0.0020929845754540516,0.019962112918759094,0.01996211413245388
14627040,Glaubitz,14238335.024330487,rp100,open_or_seasonal,10325280.785291413,140141.76926637616,144436.41578696633,144436.40700524492,0.013572683608373262,0.9702661790851659,0.9702662380772681
14627040,Glaubitz,14238335.024330487,rp100,perennial_vegetation,2525394.273985194,1411.3904790699344,144436.41578696633,144436.40700524492,5.588792584227619e-4,0.009771707996075152,0.009771708590194179
14627040,Glaubitz,14238335.024330487,rp100,water,10077.770879957608,0,144436.41578696633,144436.40700524492,0,0,0
14627050,"Gröditz, Stadt",28997236.141261104,rp100,artificial,3371906.2135769324,85212.78698632299,6052137.256766286,6052137.338485814,0.025271398902856464,0.014079784276381891,0.01407978408626834
14627050,"Gröditz, Stadt",28997236.141261104,rp100,open_or_seasonal,17888206.572252903,5363101.6820514845,6052137.256766286,6052137.338485814,0.29981215055792126,0.8861500416329025,0.8861500296675819
14627050,"Gröditz, Stadt",28997236.141261104,rp100,perennial_vegetation,7521790.6779618235,603822.787728479,6052137.256766286,6052137.338485814,0.08027646787587775,0.09977017409071573,0.09977017274355998
14627050,"Gröditz, Stadt",28997236.141261104,rp100,water,215330.3037736019,0,6052137.256766286,6052137.338485814,0,0,0
14627060,"Großenhain, Stadt",130209174.83846565,rp100,artificial,9278621.218523588,358043.41291159496,9497051.347660722,9497051.356376406,0.03858799755687912,0.03770048195009358,0.037700481915494896
14627060,"Großenhain, Stadt",130209174.83846565,rp100,open_or_seasonal,88570918.70562127,4380751.344389179,9497051.347660722,9497051.356376406,0.04946038054487458,0.4612748930191084,0.4612748925957848
14627060,"Großenhain, Stadt",130209174.83846565,rp100,perennial_vegetation,32177907.615471583,4746822.288723229,9497051.347660722,9497051.356376406,0.14751805323851733,0.4998206406341531,0.49982064017545513
14627060,"Großenhain, Stadt",130209174.83846565,rp100,water,181721.94437783526,11434.301636719967,9497051.347660722,9497051.356376406,0.06292196397010716,0.0012039843966450093,0.0012039843955400824
14627070,Hirschstein,34709591.61562421,rp100,artificial,1257872.0502089527,39225.77174308938,2505590.9367774585,2505591.0242393003,0.031184230332944717,0.015655297585622348,0.015655297039148024
14627070,Hirschstein,34709591.61562421,rp100,open_or_seasonal,29311598.1967516,1250108.4652064038,2505590.9367774585,2505591.0242393003,0.042648935647082685,0.49892759702196987,0.4989275796060683
14627070,Hirschstein,34709591.61562421,rp100,perennial_vegetation,3742555.73898617,832717.6618922569,2505590.9367774585,2505591.0242393003,0.22249973546628696,0.33234381944374713,0.33234380784273077
14627070,Hirschstein,34709591.61562421,rp100,water,397564.53201589367,383539.0379357088,2505590.9367774585,2505591.0242393003,0.9647214654459565,0.15307328594866082,0.15307328060538197
14627100,Klipphausen,112165620.41948241,rp100,artificial,5467541.159495639,88029.40370030068,2450289.4999833335,2450289.4526300165,0.016100364154994506,0.03592612370942268,0.035926124403716626
14627100,Klipphausen,112165620.41948241,rp100,open_or_seasonal,86766728.49629599,1134155.0173230502,2450289.4999833335,2450289.4526300165,0.013071312437133855,0.4628657215119946,0.462865730457153
14627100,Klipphausen,112165620.41948241,rp100,perennial_vegetation,19283845.59063692,621028.339739107,2450289.4999833335,2450289.4526300165,0.03220458994136735,0.2534510063987668,0.2534510112968599
14627100,Klipphausen,112165620.41948241,rp100,water,647497.2626887298,607076.7392208758,2450289.4999833335,2450289.4526300165,0.9375742172252467,0.24775714837981594,0.2477571531678718
14627140,"Meißen, Stadt",31094028.19220099,rp100,artificial,7656399.567891903,749303.9298936054,4551189.896647025,4551189.774986759,0.09786635653602874,0.16463912667006847,0.16463913107112424
14627140,"Meißen, Stadt",31094028.19220099,rp100,open_or_seasonal,15063622.721790383,1448866.9903056102,4551189.896647025,4551189.774986759,0.09618317034784349,0.3183490522715887,0.31834906078154596
14627140,"Meißen, Stadt",31094028.19220099,rp100,perennial_vegetation,7648131.260184327,1685830.2645596326,4551189.896647025,4551189.774986759,0.22042381428989785,0.37041527662944274,0.3704152865312098
14627140,"Meißen, Stadt",31094028.19220099,rp100,water,725872.6466021241,667188.7118881762,4551189.896647025,4551189.774986759,0.9191539521586152,0.14659654442889994,0.14659654834764987
14627170,Niederau,35325355.16502155,rp100,artificial,2388383.5640895977,161.0271379384779,1677066.8427190837,1677066.898973038,6.742097055079095e-5,9.601712575594143e-5,9.601712253523329e-5
14627170,Niederau,35325355.16502155,rp100,open_or_seasonal,25160914.9067325,1617947.5552037489,1677066.8427190837,1677066.898973038,0.0643040033004055,0.9647484011910445,0.9647483688304318
14627170,Niederau,35325355.16502155,rp100,perennial_vegetation,7602804.830812743,58958.26037739625,1677066.8427190837,1677066.898973038,0.007754803876912566,0.03515558168319951,0.03515558050397375
14627170,Niederau,35325355.16502155,rp100,water,173249.72209022028,0,1677066.8427190837,1677066.898973038,0,0,0
14627180,"Nossen, Stadt",125065438.57873732,rp100,artificial,6515671.230268211,443274.86692945415,2121980.390585646,2121980.376447319,0.06803211077781884,0.20889677816820662,0.20889677956004368
14627180,"Nossen, Stadt",125065438.57873732,rp100,open_or_seasonal,101341763.90150096,940285.4498783817,2121980.390585646,2121980.376447319,0.009278360802879762,0.44311693644768885,0.44311693940008756
14627180,"Nossen, Stadt",125065438.57873732,rp100,perennial_vegetation,17108911.037819795,690674.4320874972,2121980.390585646,2121980.376447319,0.04036928069593321,0.32548577505792964,0.3254857772265756
14627180,"Nossen, Stadt",125065438.57873732,rp100,water,99081.58086780118,47745.6416903128,2121980.390585646,2121980.376447319,0.4818821144367594,0.022500510326174814,0.022500510476091175
14627190,Nünchritz,31084483.068673503,rp100,artificial,3200122.411776028,305663.2647122398,3755777.8514746134,3755777.699731626,0.09551611637962326,0.08138480943228009,0.08138481272043373
14627190,Nünchritz,31084483.068673503,rp100,open_or_seasonal,20270099.658047058,1922656.8649835526,3755777.8514746134,3755777.699731626,0.09485187036168685,0.511919751651091,0.5119197723339532
14627190,Nünchritz,31084483.068673503,rp100,perennial_vegetation,6804130.802236386,796564.9442389024,3755777.8514746134,3755777.699731626,0.11707078646652222,0.21209053776334266,0.2120905463323407
14627190,Nünchritz,31084483.068673503,rp100,water,810121.9124586486,730892.7775399188,3755777.8514746134,3755777.699731626,0.9022009728408946,0.19460490115328621,0.19460490901581998
14627210,"Radebeul, Stadt",26086272.62866529,rp100,artificial,11069224.40407101,811364.873251314,3837599.13236014,3837599.195024603,0.07329916204001721,0.21142512421622348,0.2114251207638458
14627210,"Radebeul, Stadt",26086272.62866529,rp100,open_or_seasonal,8340722.649160295,1120717.5817939357,3837599.13236014,3837599.195024603,0.13436696422302982,0.29203612548887814,0.29203612072019697
14627210,"Radebeul, Stadt",26086272.62866529,rp100,perennial_vegetation,6302566.6488755,1535214.5138348956,3837599.13236014,3837599.195024603,0.24358560557369235,0.400045565178855,0.40004555864647906
14627210,"Radebeul, Stadt",26086272.62866529,rp100,water,373757.24062187725,370302.1634799952,3837599.13236014,3837599.195024603,0.990755825529605,0.09649318511604359,0.09649318354039867
14627230,"Riesa, Stadt",58755121.96194173,rp100,artificial,10685455.455471234,508422.3202475133,7435046.698200409,7435046.285280522,0.04758078140573668,0.0683818597091761,0.06838186350689687
14627230,"Riesa, Stadt",58755121.96194173,rp100,open_or_seasonal,37949363.21336559,4046891.5341454456,7435046.698200409,7435046.285280522,0.10663924744645382,0.5442994104024876,0.5442994406312237
14627230,"Riesa, Stadt",58755121.96194173,rp100,perennial_vegetation,9349215.94024801,2232851.8399546724,7435046.698200409,7435046.285280522,0.23882771071126213,0.30031443386833273,0.3003144505468842
14627230,"Riesa, Stadt",58755121.96194173,rp100,water,771083.3824548225,646881.0038527779,7435046.698200409,7435046.285280522,0.8389248407783945,0.08700429602000348,0.08700430085195782
14627240,Röderaue,28542307.941154342,rp100,artificial,1511062.9536610523,102574.17270017584,4101866.111053484,4101866.1548281703,0.0678821305569406,0.025006709122895206,0.025006708856026225
14627240,Röderaue,28542307.941154342,rp100,open_or_seasonal,17389095.647797957,3045690.7640967844,4101866.111053484,4101866.1548281703,0.17514946296143186,0.7425134515944887,0.7425134436704628
14627240,Röderaue,28542307.941154342,rp100,perennial_vegetation,8462428.316677632,934375.4617342871,4101866.111053484,4101866.1548281703,0.11041457921632652,0.22779277441952173,0.22779277198854106
14627240,Röderaue,28542307.941154342,rp100,water,1179718.6234406198,19225.712522236954,4101866.111053484,4101866.1548281703,0.016296862777469466,0.0046870648630945215,0.004687064813074656
14627270,"Strehla, Stadt",30382874.974275477,rp100,artificial,1852727.5306172534,336049.7672282136,14264898.180229096,14264897.690839358,0.18138110524878717,0.02355781043666844,0.02355781124487267
14627270,"Strehla, Stadt",30382874.974275477,rp100,open_or_seasonal,22911480.604706075,10539803.203544304,14264898.180229096,14264897.690839358,0.46002278881005193,0.7388628415274839,0.738862866875853
14627270,"Strehla, Stadt",30382874.974275477,rp100,perennial_vegetation,4789140.673858237,2572947.160037653,14264898.180229096,14264897.690839358,0.5372461022250219,0.18036912198950805,0.18036912817748074
14627270,"Strehla, Stadt",30382874.974275477,rp100,water,829524.2956717004,816098.0494189259,14264898.180229096,14264897.690839358,0.9838145231877715,0.057210226046339664,0.0572102280090665
14627310,Weinböhla,19096576.775836557,rp100,artificial,4821753.165878609,67110.88381099163,1328771.0596558081,1328771.0974128156,0.013918357390400102,0.05050597943363951,0.05050597799851299
14627310,Weinböhla,19096576.775836557,rp100,open_or_seasonal,5815559.303452151,918181.7741738636,1328771.0596558081,1328771.0974128156,0.15788365766106544,0.6910007314666383,0.6910007118318647
14627310,Weinböhla,19096576.775836557,rp100,perennial_vegetation,8404167.642104154,314130.44305640814,1328771.0596558081,1328771.0974128156,0.03737793633275968,0.23640674649986537,0.23640673978237184
14627310,Weinböhla,19096576.775836557,rp100,water,55095.0548062993,29347.9586145446,1328771.0596558081,1328771.0974128156,0.5326786354551207,0.0220865425998566,0.02208654197226788
14627360,Zeithain,81490482.71897905,rp100,artificial,4865213.313417971,1160550.4417694248,19028258.100548025,19028257.998297896,0.23854050521663567,0.06099089236844019,0.06099089269618047
14627360,Zeithain,81490482.71897905,rp100,open_or_seasonal,40245579.39658715,12612687.98615256,19028258.100548025,19028257.998297896,0.31339312727653573,0.6628398626666361,0.6628398662284684
14627360,Zeithain,81490482.71897905,rp100,perennial_vegetation,34334373.293415025,3620725.9556290307,19028258.100548025,19028257.998297896,0.10545484330490017,0.19028152427282619,0.1902815252953218
14627360,Zeithain,81490482.71897905,rp100,water,2045309.2665099818,1634293.7169970078,19028258.100548025,19028257.998297896,0.7990447917862753,0.08588772069209737,0.08588772115362309
14628030,"Bad Schandau, Stadt",47575954.03250562,rp100,artificial,1877368.6977477658,611971.0730181187,2655576.3471060507,2655576.297430103,0.3259727690955356,0.23044755376173698,0.2304475580725529
14628030,"Bad Schandau, Stadt",47575954.03250562,rp100,open_or_seasonal,13972708.453531444,224551.66245353443,2655576.3471060507,2655576.297430103,0.01607073268581522,0.08455854138716161,0.08455854296893717
14628030,"Bad Schandau, Stadt",47575954.03250562,rp100,perennial_vegetation,30087716.482401997,732420.9026445968,2655576.3471060507,2655576.297430103,0.024342854436061385,0.2758048750670498,0.27580488022633237
14628030,"Bad Schandau, Stadt",47575954.03250562,rp100,water,1638157.6068618384,1086632.7089898007,2655576.3471060507,2655576.297430103,0.6633261075968295,0.4091890297840516,0.4091890374384552
14628160,"Heidenau, Stadt",10938125.892033692,rp100,artificial,5023726.695109492,1339989.1936025836,2331447.102743084,2331447.0702005946,0.2667321044568446,0.5747456985088822,0.57474570653122
14628160,"Heidenau, Stadt",10938125.892033692,rp100,open_or_seasonal,3639056.344778445,500851.8317682091,2331447.102743084,2331447.0702005946,0.13763233770393907,0.2148244458040363,0.21482444880256985
14628160,"Heidenau, Stadt",10938125.892033692,rp100,perennial_vegetation,2073652.0105399133,298867.73703288287,2331447.102743084,2331447.0702005946,0.14412627360512006,0.12818979966615904,0.1281898014554406
14628160,"Heidenau, Stadt",10938125.892033692,rp100,water,201689.87824037197,191738.34033940887,2331447.102743084,2331447.0702005946,0.9506592101309965,0.08224005602092258,0.08224005716883462
14628210,"Königstein/Sächs. Schw., Stadt",27219880.42565963,rp100,artificial,1579649.5711744765,226901.8066834051,1786579.7397632813,1786579.6627308608,0.14364059651198627,0.12700345897433563,0.12700346445037683
14628210,"Königstein/Sächs. Schw., Stadt",27219880.42565963,rp100,open_or_seasonal,8982222.83228892,247070.68790358974,1786579.7397632813,1786579.6627308608,0.0275066308770954,0.13829256114609592,0.13829256710889232
14628210,"Königstein/Sächs. Schw., Stadt",27219880.42565963,rp100,perennial_vegetation,15766061.560481463,558715.4290655153,1786579.7397632813,1786579.6627308608,0.03543785662146389,0.31272907479603684,0.3127290882800578
14628210,"Königstein/Sächs. Schw., Stadt",27219880.42565963,rp100,water,891944.7468823208,753891.816110771,1786579.7397632813,1786579.6627308608,0.8452225530178902,0.42197490508353147,0.42197492327793334
14628270,"Pirna, Stadt",53310434.51993452,rp100,artificial,12543504.700416524,1762509.6700270069,7585611.042697361,7585611.108781437,0.14051173991017682,0.2323490698516329,0.23234906782746192
14628270,"Pirna, Stadt",53310434.51993452,rp100,open_or_seasonal,22602778.64852264,1928123.8928009027,7585611.042697361,7585611.108781437,0.08530472836033053,0.2541817504150968,0.2541817482007246
14628270,"Pirna, Stadt",53310434.51993452,rp100,perennial_vegetation,16139365.924735034,2013022.9366011107,7585611.042697361,7585611.108781437,0.12472751073299426,0.26537386708471433,0.26537386477283903
14628270,"Pirna, Stadt",53310434.51993452,rp100,water,2024780.212260082,1881954.5432683406,7585611.042697361,7585611.108781437,0.9294611493499743,0.248095312648556,0.24809531048720745
14628310,"Rathen, Kurort",3734832.332335076,rp100,artificial,253157.34230399827,98236.54383521232,1176137.5345327882,1176137.4724485255,0.3880454066279744,0.0835247077411198,0.0835247121501026
14628310,"Rathen, Kurort",3734832.332335076,rp100,open_or_seasonal,1113065.058829223,383067.97589958465,1176137.5345327882,1176137.4724485255,0.3441559618289649,0.3256999837623204,0.3257000009549053
14628310,"Rathen, Kurort",3734832.332335076,rp100,perennial_vegetation,1914813.1554249278,301949.7352386488,1176137.5345327882,1176137.4724485255,0.15769148774813033,0.2567299540853409,0.25672996763723455
14628310,"Rathen, Kurort",3734832.332335076,rp100,water,453796.46443279367,392883.2795593424,1176137.5345327882,1176137.4724485255,0.8657698116939111,0.3340453544112189,0.33404537204432727
14628320,Rathmannsdorf,4185752.195803851,rp100,artificial,403352.5146368326,60146.27223727286,145431.211271246,145431.19684474514,0.14911589752062634,0.4135719678844806,0.413572008910041
14628320,Rathmannsdorf,4185752.195803851,rp100,open_or_seasonal,2076156.0776053928,13334.627859124015,145431.211271246,145431.19684474514,0.006422748271654015,0.09169027571566736,0.09169028481117004
14628320,Rathmannsdorf,4185752.195803851,rp100,perennial_vegetation,1668388.6199581362,51374.93046435571,145431.211271246,145431.19684474514,0.030793143665559665,0.353259317688935,0.3532593527315941
14628320,Rathmannsdorf,4185752.195803851,rp100,water,37854.55421846284,20575.380710493395,145431.211271246,145431.19684474514,0.5435377891851687,0.14147843871091698,0.14147845274531168
14628330,Reinhardtsdorf-Schöna,31705942.714922413,rp100,artificial,767625.4430961137,14166.420823339047,486713.7703543077,486713.767481299,0.018454860962138903,0.029106266734607637,0.029106266906418182
14628330,Reinhardtsdorf-Schöna,31705942.714922413,rp100,open_or_seasonal,10301147.24981785,83593.12600402074,486713.7703543077,486713.767481299,0.008114933606594049,0.17175007385381424,0.17175007486763283
14628330,Reinhardtsdorf-Schöna,31705942.714922413,rp100,perennial_vegetation,20338547.15267086,108777.90908382084,486713.7703543077,486713.767481299,0.005348361820895162,0.22349461985559801,0.223494621174858
14628330,Reinhardtsdorf-Schöna,31705942.714922413,rp100,water,298619.85304337664,280176.3144431271,486713.7703543077,486713.767481299,0.9382373997834279,0.57564903955598,0.5756490429539622
14628370,"Stadt Wehlen, Stadt",10953008.269825544,rp100,artificial,657301.4086170066,136281.4319875481,1025759.959994982,1025759.9931230156,0.20733476332310122,0.13285898972720167,0.13285898543637623
14628370,"Stadt Wehlen, Stadt",10953008.269825544,rp100,open_or_seasonal,6799216.221756004,87634.10246155583,1025759.959994982,1025759.9931230156,0.012888853597734675,0.0854333429645514,0.08543334020538876
14628370,"Stadt Wehlen, Stadt",10953008.269825544,rp100,perennial_vegetation,3019853.3911594553,380761.4913923701,1025759.959994982,1025759.9931230156,0.1260860850089742,0.3711994094546572,0.3711993974663689
14628370,"Stadt Wehlen, Stadt",10953008.269825544,rp100,water,476636.73325569514,421082.93415350793,1025759.959994982,1025759.9931230156,0.8834462490485705,0.4105082578535897,0.41050824459577945
14713000,"Leipzig, Stadt",298922250.8306755,rp100,artificial,109980896.22957335,5282471.448097907,19203060.623805452,19203060.42921512,0.04803080925137501,0.27508487066636594,0.2750848734538829
14713000,"Leipzig, Stadt",298922250.8306755,rp100,open_or_seasonal,137853717.49359512,6984089.498155296,19203060.623805452,19203060.42921512,0.05066304794050829,0.36369668538656447,0.36369668907201136
14713000,"Leipzig, Stadt",298922250.8306755,rp100,perennial_vegetation,43724735.877143465,4262961.4767254805,19203060.623805452,19203060.42921512,0.09749541972542568,0.22199385609608588,0.22199385834561577
14713000,"Leipzig, Stadt",298922250.8306755,rp100,water,7362880.432937852,2673538.2008267674,19203060.623805452,19203060.42921512,0.36311036491461846,0.13922458785098366,0.1392245892617879
14729030,Bennewitz,46839894.28818876,rp100,artificial,2671745.0642699166,827407.0681224392,13617346.373955764,13617346.1325429,0.3096878812232548,0.06076125593051813,0.06076125700771398
14729030,Bennewitz,46839894.28818876,rp100,open_or_seasonal,32363187.567467995,7425278.867881006,13617346.373955764,13617346.1325429,0.2294359556641762,0.5452808986398723,0.5452809083067943
14729030,Bennewitz,46839894.28818876,rp100,perennial_vegetation,10899747.742102325,4807029.120700716,13617346.373955764,13617346.1325429,0.4410220524767433,0.3530077732247844,0.35300777948302414
14729030,Bennewitz,46839894.28818876,rp100,water,905210.4624070228,557631.3172516028,13617346.373955764,13617346.1325429,0.616023941845324,0.040950072204825175,0.04095007293080174
14729040,"Böhlen, Stadt",24279776.20607169,rp100,artificial,2713210.8568083146,234281.91541565335,4403812.314257643,4403812.127866332,0.08634858393986042,0.05319979569909227,0.05319979795077317
14729040,"Böhlen, Stadt",24279776.20607169,rp100,open_or_seasonal,15189508.27276653,2197197.089431122,4403812.314257643,4403812.127866332,0.14465228564182722,0.4989306838344464,0.49893070495168335
14729040,"Böhlen, Stadt",24279776.20607169,rp100,perennial_vegetation,4953782.631438632,1006727.2231160514,4403812.314257643,4403812.127866332,0.20322393976816197,0.2286035714684532,0.2286035811440974
14729040,"Böhlen, Stadt",24279776.20607169,rp100,water,1423274.742650642,965606.0862948166,4403812.314257643,4403812.127866332,0.6784396978031914,0.21926594899800814,0.21926595827843756
14729050,"Borna, Stadt",62770550.9293797,rp100,artificial,7553442.4601351125,65642.34533865524,2679535.1569936005,2679534.960390518,0.0086903879502752,0.024497661531825168,0.024497663329269816
14729050,"Borna, Stadt",62770550.9293797,rp100,open_or_seasonal,37109542.71722883,489227.4316779824,2679535.1569936005,2679534.960390518,0.01318333226054141,0.18257921729487156,0.1825792306910905
14729050,"Borna, Stadt",62770550.9293797,rp100,perennial_vegetation,10312804.297251802,565416.5064116326,2679535.1569936005,2679534.960390518,0.054826649484884256,0.21101290831579225,0.21101292379825054
14729050,"Borna, Stadt",62770550.9293797,rp100,water,7794756.268816281,1559248.8735653304,2679535.1569936005,2679534.960390518,0.20003818205365378,0.5819102128575111,0.5819102555534801
14729080,"Colditz, Stadt",84880898.3824268,rp100,artificial,4246768.050351674,598431.7465859897,7117235.923041644,7117236.032182154,0.14091462954668169,0.08408204435778238,0.08408204306841145
14729080,"Colditz, Stadt",84880898.3824268,rp100,open_or_seasonal,56466583.30756232,3694391.108219794,7117235.923041644,7117236.032182154,0.06542614926951,0.519076667988399,0.5190766600285264
14729080,"Colditz, Stadt",84880898.3824268,rp100,perennial_vegetation,23190577.92065856,2202531.404815839,7117235.923041644,7117236.032182154,0.09497527023049249,0.30946443656381684,0.3094644318182799
14729080,"Colditz, Stadt",84880898.3824268,rp100,water,976963.9757656356,621881.6634200204,7117235.923041644,7117236.032182154,0.6365451325189946,0.08737685109000168,0.08737684975010596
14729100,Elstertrebnitz,11619607.328886202,rp100,artificial,1663158.3741551603,12169.895512363175,2330115.5482292,2330115.4845897206,0.0073173401291654824,0.005222872111046955,0.0052228722536926155
14729100,Elstertrebnitz,11619607.328886202,rp100,open_or_seasonal,8565729.313619057,2164598.011738173,2330115.5482292,2330115.4845897206,0.2527044612881447,0.9289659533765123,0.9289659787481773
14729100,Elstertrebnitz,11619607.328886202,rp100,perennial_vegetation,1306461.912958242,153347.6409786636,2330115.5482292,2330115.4845897206,0.11737628128127835,0.06581117451244083,0.0658111763098577
14729100,Elstertrebnitz,11619607.328886202,rp100,water,84256.81267542488,0,2330115.5482292,2330115.4845897206,0,0,0
14729160,"Grimma, Stadt",218061391.4985175,rp100,artificial,13614926.763052842,1089921.70969561,10409492.532648455,10409492.182591,0.08005343904260705,0.10470459595193202,0.1047045994730091
14729160,"Grimma, Stadt",218061391.4985175,rp100,open_or_seasonal,166480287.7569146,5327593.0058810925,10409492.532648455,10409492.182591,0.03200134428924194,0.5118014148308927,0.5118014320420975
14729160,"Grimma, Stadt",218061391.4985175,rp100,perennial_vegetation,35276680.478570156,2764447.679230138,10409492.532648455,10409492.182591,0.07836473391847291,0.26556987966125073,0.2655698885920145
14729160,"Grimma, Stadt",218061391.4985175,rp100,water,2689479.8987032305,1227530.1378416133,10409492.532648455,10409492.182591,0.4564191531728806,0.11792410955592439,0.11792411352155623
14729170,"Groitzsch, Stadt",70066356.78129907,rp100,artificial,5655921.633859957,39229.39191896452,2272726.994267686,2272726.972447013,0.006935985761208631,0.01726093455919238,0.017260934724916292
14729170,"Groitzsch, Stadt",70066356.78129907,rp100,open_or_seasonal,46995083.57438403,906640.2488575894,2272726.994267686,2272726.972447013,0.01929223612130735,0.3989217583741181,0.3989217622042047
14729170,"Groitzsch, Stadt",70066356.78129907,rp100,perennial_vegetation,14987457.568224547,1324292.7755095363,2272726.994267686,2272726.972447013,0.08836006837592104,0.5826888926165317,0.5826888982109844
14729170,"Groitzsch, Stadt",70066356.78129907,rp100,water,2427887.889532899,2564.5779815953847,2272726.994267686,2272726.972447013,0.0010563000015988313,0.0011284144501578109,0.0011284144609918277
14729250,Machern,39038792.36467315,rp100,artificial,2994149.859591835,66305.26572184158,4689720.630107991,4689720.685589194,0.022144938907927732,0.014138425495148259,0.014138425327885238
14729250,Machern,39038792.36467315,rp100,open_or_seasonal,28813293.61702247,1999731.8363668236,4689720.630107991,4689720.685589194,0.06940309785290952,0.42640745453546886,0.42640744949090437
14729250,Machern,39038792.36467315,rp100,perennial_vegetation,6714585.5647239825,2451627.613740385,4689720.630107991,4689720.685589194,0.36511972185153985,0.5227662385688698,0.5227662323843438
14729250,Machern,39038792.36467315,rp100,water,516762.5826476063,172055.91427894117,4689720.630107991,4689720.685589194,0.3329496369443422,0.03668788140051302,0.03668788096648124
14729260,"Markkleeberg, Stadt",31276507.83787981,rp100,artificial,7735015.039020774,743698.3044628154,5643866.188566759,5643866.048962734,0.09614697588965063,0.13177107316424083,0.13177107642366834
14729260,"Markkleeberg, Stadt",31276507.83787981,rp100,open_or_seasonal,12327467.105997192,754902.5702955165,5643866.188566759,5643866.048962734,0.06123744349139361,0.13375628426924513,0.1337562875777779
14729260,"Markkleeberg, Stadt",31276507.83787981,rp100,perennial_vegetation,6381477.305154227,564441.115630052,5643866.188566759,5643866.048962734,0.08844991349795464,0.10000965592938517,0.10000965840317715
14729260,"Markkleeberg, Stadt",31276507.83787981,rp100,water,4832545.551845644,3580824.198178375,5643866.188566759,5643866.048962734,0.7409809508801812,0.6344629866371289,0.6344630023309079
14729320,Neukieritzsch,57174850.99613302,rp100,artificial,6890813.262867744,201853.86632158817,4640969.427742136,4640969.121394411,0.0292931847985651,0.043493901320481546,0.04349390419148917
14729320,Neukieritzsch,57174850.99613302,rp100,open_or_seasonal,33836307.09060289,1724418.893340981,4640969.427742136,4640969.121394411,0.050963566701399614,0.37156437252807395,0.3715643970548263
14729320,Neukieritzsch,57174850.99613302,rp100,perennial_vegetation,10583406.361020388,1457578.5396201494,4640969.427742136,4640969.121394411,0.13772300617583189,0.31406768829530335,0.3140677090267323
14729320,Neukieritzsch,57174850.99613302,rp100,water,5864318.33978642,1257118.1284594173,4640969.427742136,4640969.121394411,0.21436730675592927,0.2708740378561412,0.27087405573638196
14729350,"Pegau, Stadt",48700435.38761976,rp100,artificial,3310139.5653576106,268402.3072293475,7624542.65045779,7624542.729865822,0.08108489141615717,0.03520241403767768,0.03520241367105184
14729350,"Pegau, Stadt",48700435.38761976,rp100,open_or_seasonal,38098758.42205284,5479701.946635053,7624542.65045779,7624542.729865822,0.14382888507629732,0.718692542995486,0.7186925355104522
14729350,"Pegau, Stadt",48700435.38761976,rp100,perennial_vegetation,6607903.941187823,1827779.3909373204,7624542.65045779,7624542.729865822,0.2766050183545438,0.23972315124076032,0.2397231487440934
14729350,"Pegau, Stadt",48700435.38761976,rp100,water,683631.2680511449,48659.0056560693,7624542.65045779,7624542.729865822,0.0711772675272497,0.006381891726075888,0.006381891659609809
14729360,"Regis-Breitingen, Stadt",26413852.589497704,rp100,artificial,4095362.045421904,368721.50697254424,2190589.2388809626,2190588.977582212,0.09003392200323979,0.16832069674591363,0.16832071682361335
14729360,"Regis-Breitingen, Stadt",26413852.589497704,rp100,open_or_seasonal,14221377.122630809,596158.4133960719,2190589.2388809626,2190588.977582212,0.04191987936578878,0.2721452305228216,0.2721452629849628
14729360,"Regis-Breitingen, Stadt",26413852.589497704,rp100,perennial_vegetation,5262014.756675171,955534.0826588717,2190589.2388809626,2190588.977582212,0.18159091656797832,0.43619956936654875,0.4361996213974882
14729360,"Regis-Breitingen, Stadt",26413852.589497704,rp100,water,2835096.5910569713,270175.2358534747,2190589.2388809626,2190588.977582212,0.09529665998178527,0.12333450336471598,0.12333451807635379
14729370,"Rötha, Stadt",46108371.65275701,rp100,artificial,3632002.2467508907,107590.67770321498,2957589.0589640364,2957589.030207704,0.02962296562439168,0.03637783192939627,0.03637783228309417
14729370,"Rötha, Stadt",46108371.65275701,rp100,open_or_seasonal,32752340.07957168,766786.4197947637,2957589.0589640364,2957589.030207704,0.023411652966837154,0.25926063577721925,0.2592606382979836
14729370,"Rötha, Stadt",46108371.65275701,rp100,perennial_vegetation,7850232.348619148,1102330.8547813129,2957589.0589640364,2957589.030207704,0.14042015647794326,0.3727126496631786,0.37271265328702513
14729370,"Rötha, Stadt",46108371.65275701,rp100,water,1873793.1230508164,980881.1066847446,2957589.0589640364,2957589.030207704,0.5234735332402773,0.3316488826302058,0.33164888585479363
14729380,Thallwitz,52846176.25461788,rp100,artificial,2465612.3680666233,131584.8535271951,7411917.077332255,7411917.03861823,0.05336802136110941,0.017753147013694865,0.017753147106423343
14729380,Thallwitz,52846176.25461788,rp100,open_or_seasonal,41996668.55584149,4328751.10089442,7411917.077332255,7411917.03861823,0.10307367821660979,0.5840258405120274,0.5840258435625191
14729380,Thallwitz,52846176.25461788,rp100,perennial_vegetation,7972622.033909749,2811271.121402213,7411917.077332255,7411917.03861823,0.35261562751189074,0.3792906871556722,0.3792906891367885
14729380,Thallwitz,52846176.25461788,rp100,water,411269.7933659998,140310.00150842647,7411917.077332255,7411917.03861823,0.341162914883858,0.018930325318605393,0.018930325417482522
14729400,"Trebsen/Mulde, Stadt",35128271.65493477,rp100,artificial,2936887.154630484,251037.38621442526,3302500.4408285543,3302500.174384612,0.08547736872307936,0.07601433844213,0.07601434457492605
14729400,"Trebsen/Mulde, Stadt",35128271.65493477,rp100,open_or_seasonal,26127996.169620298,1317535.519567646,3302500.4408285543,3302500.174384612,0.050426198435361794,0.39895089892466257,0.398950931111807
14729400,"Trebsen/Mulde, Stadt",35128271.65493477,rp100,perennial_vegetation,5430513.984381284,1441891.6973961466,3302500.4408285543,3302500.174384612,0.2655166162067118,0.436606057510289,0.4366060927354315
14729400,"Trebsen/Mulde, Stadt",35128271.65493477,rp100,water,632871.9206163266,292035.8376503362,3302500.4408285543,3302500.174384612,0.46144540172667975,0.08842870512291838,0.08842871225729887
14729410,"Wurzen, Stadt",68904782.65983589,rp100,artificial,6471912.586508544,185939.56254247282,3678273.1689275815,3678273.1268818807,0.02873023392344413,0.05055077586765651,0.05055077644549364
14729410,"Wurzen, Stadt",68904782.65983589,rp100,open_or_seasonal,49732208.077321485,1554776.8559395547,3678273.1689275815,3678273.1268818807,0.03126297657088249,0.4226920580759524,0.42269206290767186
14729410,"Wurzen, Stadt",68904782.65983589,rp100,perennial_vegetation,11723715.935151456,1571849.5447456613,3678273.1689275815,3678273.1268818807,0.134074345833709,0.42733355369686743,0.427333558581643
14729410,"Wurzen, Stadt",68904782.65983589,rp100,water,976938.9200860844,365707.20569989213,3678273.1689275815,3678273.1268818807,0.37433988776664495,0.09942361235952354,0.09942361349601758
14729430,"Zwenkau, Stadt",46335205.98426499,rp100,artificial,5819924.473442636,205022.75778518268,8321682.888734883,8321682.765698163,0.0352277351228076,0.024637175019336936,0.024637175383599462
14729430,"Zwenkau, Stadt",46335205.98426499,rp100,open_or_seasonal,25862652.49187782,3437805.117350941,8321682.888734883,8321682.765698163,0.13292546533773308,0.41311416973178833,0.4131141758397131
14729430,"Zwenkau, Stadt",46335205.98426499,rp100,perennial_vegetation,6208115.650742811,1253508.219782381,8321682.888734883,8321682.765698163,0.20191444397985672,0.15063157735549662,0.15063157958259607
14729430,"Zwenkau, Stadt",46335205.98426499,rp100,water,8444510.004652284,3425346.793816379,8321682.888734883,8321682.765698163,0.40563002375854523,0.4116170778933782,0.41161708397916835
14730010,Arzberg,58694154.26545706,rp100,artificial,1523018.2611619364,593370.3720552328,47809711.83587981,47809711.198426425,0.389601613576544,0.012411084469451359,0.012411084634930037
14730010,Arzberg,58694154.26545706,rp100,open_or_seasonal,44324241.265634775,40646622.98589287,47809711.83587981,47809711.198426425,0.9170291882109843,0.850175025639639,0.8501750369751383
14730010,Arzberg,58694154.26545706,rp100,perennial_vegetation,12153927.63555101,5898523.702025122,47809711.83587981,47809711.198426425,0.4853183167531429,0.12337501054751077,0.12337501219248657
14730010,Arzberg,58694154.26545706,rp100,water,692962.5197666878,671194.7759065874,47809711.83587981,47809711.198426425,0.9685874152797913,0.014038879343398909,0.014038879530581198
14730020,"Bad Düben, Stadt",45728575.43340838,rp100,artificial,3572576.8291605716,292517.4028013105,12926203.778730372,12926203.461784976,0.08187854783518868,0.022629799731506473,0.022629800286380213
14730020,"Bad Düben, Stadt",45728575.43340838,rp100,open_or_seasonal,24674516.990231406,9022887.071723998,12926203.778730372,12926203.461784976,0.3656763403026751,0.6980306999778891,0.6980307170933259
14730020,"Bad Düben, Stadt",45728575.43340838,rp100,perennial_vegetation,17099704.840176117,3254559.6517229658,12926203.778730372,12926203.461784976,0.19032841105399137,0.2517800049754927,0.25178001114903886
14730020,"Bad Düben, Stadt",45728575.43340838,rp100,water,381773.4744716599,356239.6524820975,12926203.778730372,12926203.461784976,0.93311787304003,0.027559495315111596,0.027559495990859523
14730030,Beilrode,93148533.26990643,rp100,artificial,2899540.1935080276,863483.0265978092,50509429.21791863,50509428.08503415,0.29779998516010175,0.017095481773757238,0.01709548215719468
14730030,Beilrode,93148533.26990643,rp100,open_or_seasonal,55505954.66166329,42286103.0736841,50509429.21791863,50509428.08503415,0.7618300294344844,0.8371922575336243,0.8371922763111506
14730030,Beilrode,93148533.26990643,rp100,perennial_vegetation,34001265.64180711,6634058.668850679,50509429.21791863,50509428.08503415,0.1951121096119906,0.1313429744024348,0.13134297734834852
14730030,Beilrode,93148533.26990643,rp100,water,741766.3432781313,725784.4487860373,50509429.21791863,50509428.08503415,0.9784542738600618,0.014369286290183603,0.01436928661247475
14730045,"Belgern-Schildau, Stadt",158994760.30683702,rp100,artificial,5080516.033573051,593211.7572325243,20959604.770517685,20959604.56828217,0.11676210709944898,0.028302621338879022,0.028302621611966006
14730045,"Belgern-Schildau, Stadt",158994760.30683702,rp100,open_or_seasonal,90217483.30994518,15349310.127920153,20959604.770517685,20959604.56828217,0.1701367580293399,0.7323282235508031,0.7323282306169085
14730045,"Belgern-Schildau, Stadt",158994760.30683702,rp100,perennial_vegetation,61566670.1206138,3334187.8156968006,20959604.770517685,20959604.56828217,0.05415572759034836,0.1590768457803534,0.1590768473152577
14730045,"Belgern-Schildau, Stadt",158994760.30683702,rp100,water,2130079.958362589,1682895.0696682066,20959604.770517685,20959604.56828217,0.7900619237607693,0.08029230932996455,0.08029231010469084
14730050,Cavertitz,69137513.78690976,rp100,artificial,1551655.2107499163,69831.94402129379,5330536.798347108,5330537.109245742,0.04500480747107726,0.013100358681127062,0.01310035791706079
14730050,Cavertitz,69137513.78690976,rp100,open_or_seasonal,48409651.197503276,4284537.29974337,5330536.798347108,5330537.109245742,0.08850584942789971,0.8037722019050537,0.8037721550257854
14730050,Cavertitz,69137513.78690976,rp100,perennial_vegetation,18847855.767806794,768294.5070639555,5330536.798347108,5330537.109245742,0.040762966171263154,0.14413079510157178,0.14413078669527682
14730050,Cavertitz,69137513.78690976,rp100,water,328346.47921077185,207873.04751848904,5330536.798347108,5330537.109245742,0.6330905329581785,0.03899664431224755,0.03899664203780444
14730070,"Delitzsch, Stadt",86261466.9031405,rp100,artificial,10130391.052127298,2041.0637120594197,9182.42510723292,9182.426107135005,2.0147926191169227e-4,0.22227937480826176,0.22227935060359
14730070,"Delitzsch, Stadt",86261466.9031405,rp100,open_or_seasonal,56810223.4020388,982.6621826245714,9182.42510723292,9182.426107135005,1.729727721136379e-5,0.10701554013770681,0.10701552848446176
14730070,"Delitzsch, Stadt",86261466.9031405,rp100,perennial_vegetation,15520273.811503088,556.1083020320082,9182.42510723292,9182.426107135005,3.583108834200077e-5,0.06056224750408977,0.06056224090928391
14730070,"Delitzsch, Stadt",86261466.9031405,rp100,water,3800572.5274702124,5602.59091051692,9182.42510723292,9182.426107135005,0.001474143927006227,0.6101428375499415,0.610142771109647
14730080,Doberschütz,78458063.03302881,rp100,artificial,3351525.2493482498,34555.420313691044,4173351.8897579815,4173351.745547079,0.01031035655196416,0.008280015974328722,0.008280016260446128
14730080,Doberschütz,78458063.03302881,rp100,open_or_seasonal,48033050.14849121,2537424.0220691552,4173351.8897579815,4173351.745547079,0.05282662696257817,0.6080062475192581,0.6080062685290208
14730080,Doberschütz,78458063.03302881,rp100,perennial_vegetation,25253687.99926386,1511614.52889393,4173351.8897579815,4173351.745547079,0.05985717923409813,0.3622063436835159,0.3622063561996197
14730080,Doberschütz,78458063.03302881,rp100,water,1819789.226649779,89757.91848120582,4173351.8897579815,4173351.745547079,0.049323249729557754,0.02150739282289733,0.021507393566089068
14730090,"Dommitzsch, Stadt",30338752.212459967,rp100,artificial,1416398.3834997443,76877.26519438223,6579899.807403549,6579899.879293293,0.054276583544544905,0.011683652858647139,0.011683652730995529
14730090,"Dommitzsch, Stadt",30338752.212459967,rp100,open_or_seasonal,20995830.20594368,3201207.2238020515,6579899.807403549,6579899.879293293,0.1524687136637172,0.4865130651685803,0.4865130598531043
14730090,"Dommitzsch, Stadt",30338752.212459967,rp100,perennial_vegetation,7439644.949233659,2887102.469911627,6579899.807403549,6579899.879293293,0.3880699266715707,0.4387760534990407,0.43877604870512305
14730090,"Dommitzsch, Stadt",30338752.212459967,rp100,water,486876.7689516851,414712.84849548846,6579899.807403549,6579899.879293293,0.8517819599165188,0.06302722847373197,0.06302722778511795
14730110,"Eilenburg, Stadt",46756117.64448141,rp100,artificial,6503780.417466284,1649483.868161535,13834590.582107542,13834590.372350767,0.25361924331451124,0.11922896152017928,0.11922896332790049
14730110,"Eilenburg, Stadt",46756117.64448141,rp100,open_or_seasonal,27609988.693618763,3932925.7709828233,13834590.582107542,13834590.372350767,0.14244575811404817,0.28428204995595086,0.2842820542661678
14730110,"Eilenburg, Stadt",46756117.64448141,rp100,perennial_vegetation,12187274.639556503,7867221.52611264,13834590.582107542,13834590.372350767,0.6455275489220393,0.5686631259104568,0.568663134532392
14730110,"Eilenburg, Stadt",46756117.64448141,rp100,water,455070.37565812294,384959.4168505419,13834590.582107542,13834590.372350767,0.8459338103338707,0.027825862613413004,0.027825863035302125
14730120,Elsnig,36988787.34892677,rp100,artificial,1235511.8568239892,207419.07732569848,20462918.18642526,20462917.838956397,0.16788109007621396,0.010136339081065019,0.010136339253184277
14730120,Elsnig,36988787.34892677,rp100,open_or_seasonal,26947903.759526342,14680138.297925085,20462918.18642526,20462917.838956397,0.5447599349072009,0.7174019934098954,0.71740200559168
14730120,Elsnig,36988787.34892677,rp100,perennial_vegetation,8165159.108432962,4964524.208880345,20462918.18642526,20462917.838956397,0.6080131621382605,0.2426107637068951,0.24261076782652688
14730120,Elsnig,36988787.34892677,rp100,water,640211.0042061666,610836.6022941308,20462918.18642526,20462917.838956397,0.9541176241597741,0.029850903802144363,0.029850904309025136
14730140,Jesewitz,52579637.76954773,rp100,artificial,1748714.8346688452,607.0434521483792,1159343.4578996263,1159343.4511899108,3.471369031208197e-4,5.23609675814409e-4,5.236096788448068e-4
14730140,Jesewitz,52579637.76954773,rp100,open_or_seasonal,45678443.74135365,323307.7722521073,1159343.4578996263,1159343.4511899108,0.007077906902493921,0.2788714336973458,0.2788714353113179
14730140,Jesewitz,52579637.76954773,rp100,perennial_vegetation,4916271.082972344,788437.8275884636,1159343.4578996263,1159343.4511899108,0.16037313937370992,0.6800726930541104,0.6800726969900401
14730140,Jesewitz,52579637.76954773,rp100,water,236204.734860548,46990.81460690716,1159343.4578996263,1159343.4511899108,0.1989410357698794,0.0405322635727294,0.040532263807310405
14730160,Laußig,103741298.45665489,rp100,artificial,2951518.674697681,221569.03852445813,8753430.569584796,8753430.480380835,0.07506950249845636,0.02531225178095722,0.025312252038907874
14730160,Laußig,103741298.45665489,rp100,open_or_seasonal,57534425.2873514,5585591.113904314,8753430.569584796,8753430.480380835,0.09708259161375986,0.638103092210767,0.6381030987135117
14730160,Laußig,103741298.45665489,rp100,perennial_vegetation,41844458.45597562,2680812.3100780575,8753430.569584796,8753430.480380835,0.06406612509750911,0.3062584764644129,0.3062584795854143
14730160,Laußig,103741298.45665489,rp100,water,1410876.4042556342,265458.10707796516,8753430.569584796,8753430.480380835,0.18815121315890068,0.030326179543862734,0.030326179852909037
14730180,Löbnitz,37261868.98507181,rp100,artificial,2348785.9838823187,190539.06210177302,12268157.836100763,12268157.959242243,0.08112235998055053,0.015531187701309589,0.015531187545415487
14730180,Löbnitz,37261868.98507181,rp100,open_or_seasonal,20333727.75943325,5858531.214137474,12268157.836100763,12268157.959242243,0.28811889700940724,0.47753960231078296,0.47753959751748526
14730180,Löbnitz,37261868.98507181,rp100,perennial_vegetation,8361004.659301756,2522951.422369888,12268157.836100763,12268157.959242243,0.3017521847165894,0.20565038827147725,0.20565038620726409
14730180,Löbnitz,37261868.98507181,rp100,water,6218347.432520949,3696136.137491627,12268157.836100763,12268157.959242243,0.5943920273996648,0.30127882171643017,0.3012788186923478
14730270,"Schkeuditz, Stadt",80288517.89139657,rp100,artificial,12390874.530357711,549535.3545300819,6959742.334979992,6959742.284838299,0.0443500055773882,0.07895915223299163,0.07895915280185545
14730270,"Schkeuditz, Stadt",80288517.89139657,rp100,open_or_seasonal,43970023.446591645,2875858.1090386743,6959742.334979992,6959742.284838299,0.06540497101466972,0.4132133016741836,0.41321330465119244
14730270,"Schkeuditz, Stadt",80288517.89139657,rp100,perennial_vegetation,21572262.388358742,3099013.628906379,6959742.334979992,6959742.284838299,0.14365733056254365,0.44527706339509016,0.44527706660310346
14730270,"Schkeuditz, Stadt",80288517.89139657,rp100,water,2355350.4187154025,435335.2425048577,6959742.334979992,6959742.284838299,0.1848282272759599,0.0625504826977347,0.06255048314838171
14730310,"Torgau, Stadt",102741517.65618962,rp100,artificial,9000956.996830577,1787743.5100001306,32599432.7074276,32599432.909869894,0.19861704823494125,0.054839712274894994,0.05483971193434069
14730310,"Torgau, Stadt",102741517.65618962,rp100,open_or_seasonal,58749344.730354056,19746400.969256688,32599432.7074276,32599432.909869894,0.3361127015099167,0.6057283617931665,0.6057283580315967
14730310,"Torgau, Stadt",102741517.65618962,rp100,perennial_vegetation,31203453.539977532,8018315.945285628,32599432.7074276,32599432.909869894,0.2569688619566628,0.24596489200435379,0.24596489047691317
14730310,"Torgau, Stadt",102741517.65618962,rp100,water,3787754.400176936,3046972.2828851547,32599432.7074276,32599432.909869894,0.8044270987429446,0.09346703392758485,0.0934670333471551
14730360,Zschepplin,68292990.34418927,rp100,artificial,1867846.953340684,173434.21886785718,10676463.666773528,10676463.603673823,0.09285247838837458,0.016244537918262754,0.01624453801427072
14730360,Zschepplin,68292990.34418927,rp100,open_or_seasonal,51232580.40794658,6102629.65108955,10676463.666773528,10676463.603673823,0.11911618744354684,0.5715965362277855,0.5715965396060176
14730360,Zschepplin,68292990.34418927,rp100,perennial_vegetation,14266505.282678727,4059707.8483485873,10676463.666773528,10676463.603673823,0.28456218028934993,0.3802483645388031,0.3802483667861353
14730360,Zschepplin,68292990.34418927,rp100,water,926054.4711244589,340691.9484675331,10676463.666773528,10676463.603673823,0.3678962297475319,0.03191056131514862,0.03191056150374543
15001000,"Dessau-Roßlau, Stadt",246249161.47121504,rp100,artificial,29972404.81732357,16949336.400962956,86309120.61709507,86309119.73076636,0.5654980474294979,0.19637943568163105,0.1963794376982978
15001000,"Dessau-Roßlau, Stadt",246249161.47121504,rp100,open_or_seasonal,130420972.05512209,32317653.757857494,86309120.61709507,86309119.73076636,0.24779491556157487,0.37444077203882903,0.37444077588404967
15001000,"Dessau-Roßlau, Stadt",246249161.47121504,rp100,perennial_vegetation,80707493.78037369,32325822.817950547,86309120.61709507,86309119.73076636,0.40053062366076697,0.37453542090136693,0.3745354247475595
15001000,"Dessau-Roßlau, Stadt",246249161.47121504,rp100,water,5148270.762713733,4716307.64032407,86309120.61709507,86309119.73076636,0.9160954925840054,0.05464437137817299,0.05464437193932893
15002000,"Halle (Saale), Stadt",135824964.26597008,rp100,artificial,51591001.0020125,5684003.761149843,25128913.703001827,25128913.541060213,0.11017432596293524,0.22619377137941496,0.2261937728371057
15002000,"Halle (Saale), Stadt",135824964.26597008,rp100,open_or_seasonal,48517787.99584816,6698092.131710397,25128913.703001827,25128913.541060213,0.13805435920292938,0.2665492114332926,0.2665492131510513
15002000,"Halle (Saale), Stadt",135824964.26597008,rp100,perennial_vegetation,31566913.5805466,10603316.537850674,25128913.703001827,25128913.541060213,0.3358996916437553,0.4219568208626556,0.4219568235819283
15002000,"Halle (Saale), Stadt",135824964.26597008,rp100,water,4149250.5852150302,2143501.272290912,25128913.703001827,25128913.541060213,0.5165996192008315,0.08530019632463681,0.08530019687434826
15003000,"Magdeburg, Landeshauptstadt",201018773.48051253,rp100,artificial,65645602.13045991,16095497.988523709,73804236.50189175,73804236.0348607,0.24518775768918283,0.21808365957570944,0.21808366095573647
15003000,"Magdeburg, Landeshauptstadt",201018773.48051253,rp100,open_or_seasonal,98514544.32690889,31963302.78160856,73804236.50189175,73804236.0348607,0.324452627781966,0.4330822226009923,0.4330822253415239
15003000,"Magdeburg, Landeshauptstadt",201018773.48051253,rp100,perennial_vegetation,27606598.032458138,16978364.19646844,73804236.50189175,73804236.0348607,0.6150110990316997,0.2300459296267261,0.23004593108245003
15003000,"Magdeburg, Landeshauptstadt",201018773.48051253,rp100,water,9252019.233295336,8767071.535291035,73804236.50189175,73804236.0348607,0.9475846638689298,0.11878818819657212,0.1187881889482603
15081240,"Kalbe (Milde), Stadt",273434024.57851636,rp100,artificial,6764164.227541649,16464.33757701183,16239133.694193443,16239133.473601786,0.0024340534947353853,0.001013867973936252,0.0010138679877085889
15081240,"Kalbe (Milde), Stadt",273434024.57851636,rp100,open_or_seasonal,157517407.85672078,7442051.5695918,16239133.694193443,16239133.473601786,0.04724589917300541,0.4582788534004632,0.45827885962570253
15081240,"Kalbe (Milde), Stadt",273434024.57851636,rp100,perennial_vegetation,109057385.6745224,8776366.634412428,16239133.694193443,16239133.473601786,0.08047475721273165,0.5404454941799361,0.5404455015213234
15081240,"Kalbe (Milde), Stadt",273434024.57851636,rp100,water,95047.51328490936,4251.15261220302,16239133.694193443,16239133.473601786,0.04472660530802096,2.617844456643082e-4,2.617844492203763e-4
15082005,"Aken (Elbe), Stadt",59797095.64924925,rp100,artificial,4079975.4318161616,2786603.2489480404,36914499.58393678,36914498.84990158,0.682995105121898,0.07548804075243705,0.0754880422534971
15082005,"Aken (Elbe), Stadt",59797095.64924925,rp100,open_or_seasonal,36073377.96318804,23357224.876553535,36914499.58393678,36914498.84990158,0.6474920341640583,0.6327384940826166,0.6327385066644569
15082005,"Aken (Elbe), Stadt",59797095.64924925,rp100,perennial_vegetation,18233125.97401622,9453216.929236487,36914499.58393678,36914498.84990158,0.5184638631196942,0.2560841142581822,0.2560841193503482
15082005,"Aken (Elbe), Stadt",59797095.64924925,rp100,water,1410611.978881866,1317454.5291987206,36914499.58393678,36914498.84990158,0.9339595501259053,0.03568935090676419,0.035689351616437645
15082015,"Bitterfeld-Wolfen, Stadt",86398856.20376734,rp100,artificial,20762896.587108217,1735732.9671733652,16755627.513845872,16755627.443288649,0.08359782364138393,0.10359104520192138,0.10359104563813878
15082015,"Bitterfeld-Wolfen, Stadt",86398856.20376734,rp100,open_or_seasonal,41061554.52091624,6525716.848609136,16755627.513845872,16755627.443288649,0.15892522640089085,0.3894641870748598,0.38946418871487665
15082015,"Bitterfeld-Wolfen, Stadt",86398856.20376734,rp100,perennial_vegetation,17277206.60147632,2895371.7091790936,16755627.513845872,16755627.443288649,0.16758332385350344,0.17279995671821466,0.17279995744586782
15082015,"Bitterfeld-Wolfen, Stadt",86398856.20376734,rp100,water,7297193.140269965,5598805.988884279,16755627.513845872,16755627.443288649,0.7672547349729525,0.33414481100500426,0.33414481241207367
15082241,Muldestausee,138575485.60244823,rp100,artificial,7887801.863925454,751572.322292934,29086484.70977715,29086483.73779239,0.09528286020091604,0.025839228418011614,0.025839229281482648
15082241,Muldestausee,138575485.60244823,rp100,open_or_seasonal,58936090.13778624,8164802.608468363,29086484.70977715,29086483.73779239,0.13853655017460326,0.2807077819797124,0.28070779136014107
15082241,Muldestausee,138575485.60244823,rp100,perennial_vegetation,53971596.95976398,5422180.496879606,29086484.70977715,29086483.73779239,0.10046359200602978,0.18641580620627526,0.18641581243574334
15082241,Muldestausee,138575485.60244823,rp100,water,17779985.47623367,14747929.282136247,29086484.70977715,29086483.73779239,0.8294680162618613,0.5070371833960007,0.5070372003396925
15082256,Osternienburger Land,140329265.54748935,rp100,artificial,6668431.878399187,703677.4294042333,34892276.5572758,34892276.15317418,0.10552367366661276,0.020167140090419273,0.020167140323983115
15082256,Osternienburger Land,140329265.54748935,rp100,open_or_seasonal,110601937.94574581,21386188.379318792,34892276.5572758,34892276.15317418,0.19336178711271299,0.6129204078791846,0.6129204149776648
15082256,Osternienburger Land,140329265.54748935,rp100,perennial_vegetation,20702877.56883724,11340457.528250897,34892276.5572758,34892276.15317418,0.5477720423426058,0.3250134025974343,0.3250134063615465
15082256,Osternienburger Land,140329265.54748935,rp100,water,2356007.34707493,1461953.2203018784,34892276.5572758,34892276.15317418,0.6205215030916381,0.04189904943296195,0.04189904991821187
15082301,"Raguhn-Jeßnitz, Stadt",97503375.77500153,rp100,artificial,5442849.6059108,2248245.8655580273,32583687.495331652,32583687.219861336,0.41306411683991556,0.06899912313117228,0.06899912371450743
15082301,"Raguhn-Jeßnitz, Stadt",97503375.77500153,rp100,open_or_seasonal,67357913.21508385,19412709.267359763,32583687.495331652,32583687.219861336,0.2882023557554714,0.5957799978943781,0.5957800029312452
15082301,"Raguhn-Jeßnitz, Stadt",97503375.77500153,rp100,perennial_vegetation,23591412.88688846,10065457.267785281,32583687.495331652,32583687.219861336,0.42665767057043963,0.308910931865136,0.3089109344767432
15082301,"Raguhn-Jeßnitz, Stadt",97503375.77500153,rp100,water,1111197.0912562509,857275.0946285796,32583687.495331652,32583687.219861336,0.7714878857893672,0.026309947109313628,0.026309947331744236
15082430,"Zerbst/Anhalt, Stadt",470839918.7841749,rp100,artificial,15593278.032142611,294803.6649459591,21785186.896409385,21785186.388508823,0.018905817259095667,0.013532299096068274,0.013532299411560747
15082430,"Zerbst/Anhalt, Stadt",470839918.7841749,rp100,open_or_seasonal,313445592.7818284,6275541.1586401025,21785186.896409385,21785186.388508823,0.020021149772579985,0.2880646004315176,0.2880646071474653
15082430,"Zerbst/Anhalt, Stadt",470839918.7841749,rp100,perennial_vegetation,138290340.05982387,12731471.213719416,21785186.896409385,21785186.388508823,0.09206334446941002,0.5844095473800046,0.5844095610049483
15082430,"Zerbst/Anhalt, Stadt",470839918.7841749,rp100,water,3510670.362288595,2483370.8591039116,21785186.896409385,21785186.388508823,0.7073779656957054,0.11399355309240972,0.1139935557500592
15083025,Am Großen Bruch,50722033.75290173,rp100,artificial,1420401.1222956195,13461.354421879234,7216159.662541892,7216159.582791977,0.009477149947701607,0.0018654457566613031,0.0018654457772774133
15083025,Am Großen Bruch,50722033.75290173,rp100,open_or_seasonal,38544753.740567155,1211146.4440949117,7216159.662541892,7216159.582791977,0.03142182337567298,0.16783808850319773,0.16783809035807265
15083025,Am Großen Bruch,50722033.75290173,rp100,perennial_vegetation,10661892.936290698,5987771.392362333,7216159.662541892,7216159.582791977,0.5616049071343887,0.8297725760481774,0.8297725852184697
15083025,Am Großen Bruch,50722033.75290173,rp100,water,94981.93417660941,3780.4716627691596,7216159.662541892,7216159.582791977,0.03980200756640469,5.238896919635905e-4,5.238896977533958e-4
15083030,Angern,64364631.84929438,rp100,artificial,3034875.693360014,315346.3092211104,15185325.01300042,15185324.687491233,0.10390748784573112,0.020766516946534697,0.020766517391681057
15083030,Angern,64364631.84929438,rp100,open_or_seasonal,27300380.196279924,8183491.814155703,15185325.01300042,15185324.687491233,0.29975743031120217,0.5389079132089484,0.5389079247608566
15083030,Angern,64364631.84929438,rp100,perennial_vegetation,33290475.78020365,6002994.814057333,15185325.01300042,15185324.687491233,0.18032168881248145,0.3953155305479511,0.39531553902184546
15083030,Angern,64364631.84929438,rp100,water,738896.5990721704,683492.0755662709,15185325.01300042,15185324.687491233,0.9250172167858522,0.0450100392965657,0.04501004026139072
15083040,Barleben,29938337.261810232,rp100,artificial,5206410.591030101,521314.44366025587,6409067.817797184,6409067.077787692,0.10012933758209656,0.0813401353333523,0.08134014472512048
15083040,Barleben,29938337.261810232,rp100,open_or_seasonal,19537614.485820662,3027772.4535064204,6409067.817797184,6409067.077787692,0.15497145036328835,0.4724200990819091,0.47242015362890527
15083040,Barleben,29938337.261810232,rp100,perennial_vegetation,3801134.689724241,1946803.1410244019,6409067.817797184,6409067.077787692,0.5121636826727747,0.3037576128650678,0.3037576479378037
15083040,Barleben,29938337.261810232,rp100,water,1393172.0466092955,913177.779606106,6409067.817797184,6409067.077787692,0.6554666251225753,0.14248215271967085,0.14248216917107387
15083115,Bülstringen,25328781.491338883,rp100,artificial,1138965.2243747222,4687.8074265844925,979757.6407161466,979757.6070410876,0.004115847724111191,0.0047846602381768355,0.004784660402629467
15083115,Bülstringen,25328781.491338883,rp100,open_or_seasonal,13319038.121821325,437333.84024400683,979757.6407161466,979757.6070410876,0.032835242023033055,0.4463694102189812,0.44636942556105774
15083115,Bülstringen,25328781.491338883,rp100,perennial_vegetation,10413330.30253018,537723.1314199322,979757.6407161466,979757.6070410876,0.05163795978787678,0.5488328021885979,0.5488328210524238
15083115,Bülstringen,25328781.491338883,rp100,water,457446.40108853695,12.861625622998906,979757.6407161466,979757.6070410876,2.8116136868480006e-5,1.3127354244053455e-5,1.3127354695251204e-5
15083120,Burgstall,117255764.73535794,rp100,artificial,3952901.2742369156,4332.851795580372,1383851.922771336,1383851.853795816,0.0010961194057184753,0.003131008256218119,0.003131008412277398
15083120,Burgstall,117255764.73535794,rp100,open_or_seasonal,32072004.36991506,807007.9206507808,1383851.922771336,1383851.853795816,0.025162378732019302,0.5831606022085418,0.5831606312750967
15083120,Burgstall,117255764.73535794,rp100,perennial_vegetation,81230855.20861936,572511.1503249748,1383851.922771336,1383851.853795816,0.00704795177712503,0.41370838953524003,0.4137084101557647
15083120,Burgstall,117255764.73535794,rp100,water,0,0,1383851.922771336,1383851.853795816,NA,0,0
15083125,Calvörde,106721965.34900965,rp100,artificial,3012981.1927912557,0,43315.850750203324,43315.84833638421,0,0,0
15083125,Calvörde,106721965.34900965,rp100,open_or_seasonal,50284190.663536064,5183.606132022462,43315.850750203324,43315.84833638421,1.0308619992926305e-4,0.1196699601241961,0.11966996679292471
15083125,Calvörde,106721965.34900965,rp100,perennial_vegetation,52230585.42042798,38132.24461818086,43315.850750203324,43315.84833638421,7.300749993751153e-4,0.8803300398758039,0.8803300889330787
15083125,Calvörde,106721965.34900965,rp100,water,1194197.4134366263,0,43315.850750203324,43315.84833638421,0,0,0
15083245,"Gröningen, Stadt",59740558.31405812,rp100,artificial,2425055.6470173416,117363.61633969627,8416559.886434017,8416559.904610204,0.04839625700302827,0.013944368949226554,0.013944368919112651
15083245,"Gröningen, Stadt",59740558.31405812,rp100,open_or_seasonal,52315585.981988534,6221912.841819619,8416559.886434017,8416559.904610204,0.11893038613696746,0.7392465479688709,0.739246546372413
15083245,"Gröningen, Stadt",59740558.31405812,rp100,perennial_vegetation,4595415.0173258,1865544.866677992,8416559.886434017,8416559.904610204,0.4059578644462899,0.2216517070929318,0.22165170661425845
15083245,"Gröningen, Stadt",59740558.31405812,rp100,water,404496.36764865124,211738.56159670957,8416559.886434017,8416559.904610204,0.5234622076523252,0.025157375988970755,0.025157375934641533
15083270,"Haldensleben, Stadt",156431520.31214672,rp100,artificial,11691290.731608778,343520.7035864723,6523532.027583383,6523532.050273442,0.02938261578404887,0.052658698100042624,0.05265869791688587
15083270,"Haldensleben, Stadt",156431520.31214672,rp100,open_or_seasonal,85047583.17792925,3340431.6354614343,6523532.027583383,6523532.050273442,0.039277208247915404,0.5120587469084419,0.5120587451274062
15083270,"Haldensleben, Stadt",156431520.31214672,rp100,perennial_vegetation,59109513.24358572,2838392.1010297732,6523532.027583383,6523532.050273442,0.04801920951933709,0.4351005082872636,0.43510050677390305
15083270,"Haldensleben, Stadt",156431520.31214672,rp100,water,583113.4012436519,1187.5875057038465,6523532.027583383,6523532.050273442,0.002036632159663944,1.8204670425198843e-4,1.8204670361879612e-4
15083320,Hötensleben,60801332.43739974,rp100,artificial,2094568.3891319996,0,1499123.8853241922,1499123.8520210157,0,0,0
15083320,Hötensleben,60801332.43739974,rp100,open_or_seasonal,52419154.209788814,131985.54835894363,1499123.8853241922,1499123.8520210157,0.0025178877902287196,0.08804178870807676,0.08804179066393333
15083320,Hötensleben,60801332.43739974,rp100,perennial_vegetation,6100069.073895813,1367138.3369652487,1499123.8853241922,1499123.8520210157,0.2241185010208622,0.9119582112919233,0.9119582315511602
15083320,Hötensleben,60801332.43739974,rp100,water,187535.70874028967,0,1499123.8853241922,1499123.8520210157,0,0,0
15083361,Loitsche-Heinrichsberg,31180691.52007647,rp100,artificial,1635019.2469214122,230618.00669508567,15103948.76583261,15103948.751621803,0.14104910821650432,0.015268722787035538,0.015268722801401376
15083361,Loitsche-Heinrichsberg,31180691.52007647,rp100,open_or_seasonal,20567616.007046334,11093433.760433227,15103948.76583261,15103948.751621803,0.5393641030945291,0.734472417274629,0.7344724179656699
15083361,Loitsche-Heinrichsberg,31180691.52007647,rp100,perennial_vegetation,8537456.374057047,3341278.1326068244,15103948.76583261,15103948.751621803,0.3913669348589632,0.22121884709813733,0.22121884730627486
15083361,Loitsche-Heinrichsberg,31180691.52007647,rp100,water,440597.74272049253,438618.8660974729,15103948.76583261,15103948.751621803,0.9955086546499287,0.029040012840198078,0.029040012867520868
15083390,Niedere Börde,78194040.25025055,rp100,artificial,5008095.238005716,47609.12282014674,3651283.4738715,3651283.443933975,0.009506433196167664,0.013039010298936391,0.013039010405845567
15083390,Niedere Börde,78194040.25025055,rp100,open_or_seasonal,61157327.90699234,2415226.8134152517,3651283.4738715,3651283.443933975,0.03949202648435381,0.6614733779775136,0.661473383401052
15083390,Niedere Börde,78194040.25025055,rp100,perennial_vegetation,11545761.125948293,1184941.5745173432,3651283.4738715,3651283.443933975,0.10263000954127395,0.3245274115244017,0.3245274141852599
15083390,Niedere Börde,78194040.25025055,rp100,water,482849.2056693861,3505.963118758346,3651283.4738715,3651283.443933975,0.007260989720171415,9.602001991483095e-4,9.602002070211625e-4
15083411,"Oebisfelde-Weferlingen, Stadt",121508027.6249815,rp100,artificial,4921053.02247634,408256.0894738078,4543420.346030584,4543420.152551478,0.08296112389139995,0.08985655263671252,0.08985655646320553
15083411,"Oebisfelde-Weferlingen, Stadt",121508027.6249815,rp100,open_or_seasonal,65934450.037174836,2427847.6089769257,4543420.346030584,4543420.152551478,0.036822140893085005,0.534365615344846,0.5343656381005185
15083411,"Oebisfelde-Weferlingen, Stadt",121508027.6249815,rp100,perennial_vegetation,49348615.70114237,1707316.6475798497,4543420.346030584,4543420.152551478,0.03459705248713445,0.37577783201844145,0.3757778480207385
15083411,"Oebisfelde-Weferlingen, Stadt",121508027.6249815,rp100,water,1303899.2109504489,0,4543420.346030584,4543420.152551478,0,0,0
15083415,"Oschersleben (Bode), Stadt",186555296.8483374,rp100,artificial,9708635.805503642,134326.39441858212,26748196.089627218,26748195.83917313,0.01383576406712414,0.005021886110318783,0.005021886157340717
15083415,"Oschersleben (Bode), Stadt",186555296.8483374,rp100,open_or_seasonal,162526638.7820924,23207720.055005286,26748196.089627218,26748195.83917313,0.14279333055131374,0.8676368296853145,0.8676368378093462
15083415,"Oschersleben (Bode), Stadt",186555296.8483374,rp100,perennial_vegetation,14231562.024393559,3393351.629762063,26748196.089627218,26748195.83917313,0.2384384527816202,0.1268628216419418,0.1268628228298093
15083415,"Oschersleben (Bode), Stadt",186555296.8483374,rp100,water,88446.601411201,12798.010441287948,26748196.089627218,26748195.83917313,0.1446975942217175,4.784625624249456e-4,4.784625669049825e-4
15083440,Rogätz,24048270.157926522,rp100,artificial,1514997.012053721,166617.9968503735,5399301.386122369,5399301.222785094,0.10997909271418771,0.030859176944377616,0.030859177877915804
15083440,Rogätz,24048270.157926522,rp100,open_or_seasonal,14586573.121552318,1963424.8608233551,5399301.386122369,5399301.222785094,0.1346049441813243,0.36364424217360336,0.36364425317440835
15083440,Rogätz,24048270.157926522,rp100,perennial_vegetation,6925418.665039191,2265111.3606418204,5399301.386122369,5399301.222785094,0.3270721194195127,0.4195193412362116,0.41951935392732537
15083440,Rogätz,24048270.157926522,rp100,water,1021279.6342675923,1004147.1678068199,5399301.386122369,5399301.222785094,0.9832245098346067,0.1859772396458074,0.1859772452719087
15083557,Westheide,51258605.551395096,rp100,artificial,2308863.449882995,15376.49331451687,664013.512294917,664013.5051401884,0.0066597673046866835,0.023156898210359773,0.023156898459874762
15083557,Westheide,51258605.551395096,rp100,open_or_seasonal,19585405.514941707,481563.6881686749,664013.512294917,664013.5051401884,0.024587884473532596,0.7252317599747755,0.7252317677891292
15083557,Westheide,51258605.551395096,rp100,perennial_vegetation,29320403.060421333,167073.3308117253,664013.512294917,664013.5051401884,0.005698193523036939,0.2516113418148648,0.2516113445259706
15083557,Westheide,51258605.551395096,rp100,water,43934.75877123354,0,664013.512294917,664013.5051401884,0,0,0
15083565,"Wolmirstedt, Stadt",54729424.11264736,rp100,artificial,6081099.051080738,897768.1149997853,25429781.627703384,25429780.858674616,0.14763254264707845,0.03530380748617009,0.03530380855380193
15083565,"Wolmirstedt, Stadt",54729424.11264736,rp100,open_or_seasonal,31880085.010787807,14238077.089404348,25429781.627703384,25429780.858674616,0.4466135232884846,0.5598977332110979,0.5598977501431142
15083565,"Wolmirstedt, Stadt",54729424.11264736,rp100,perennial_vegetation,15491646.029300114,9511652.383463178,25429781.627703384,25429780.858674616,0.6139859099203093,0.3740359442607685,0.374035955572089
15083565,"Wolmirstedt, Stadt",54729424.11264736,rp100,water,1276590.5143765947,782284.0398360708,25429781.627703384,25429780.858674616,0.612791675189666,0.03076251504196344,0.030762515972260842
15083580,Zielitz,11433476.449316714,rp100,artificial,1113012.7674287418,21748.433862923834,1982486.6878101362,1982486.6238888905,0.019540147695849528,0.010970279899809695,0.01097028025352404
15083580,Zielitz,11433476.449316714,rp100,open_or_seasonal,5651405.698640131,1435815.7442313328,1982486.6878101362,1982486.6238888905,0.2540634703639885,0.7242498792349226,0.7242499025868857
15083580,Zielitz,11433476.449316714,rp100,perennial_vegetation,4623052.873695338,489612.402982339,1982486.6878101362,1982486.6238888905,0.1059067279477117,0.24696882253629004,0.246968830499297
15083580,Zielitz,11433476.449316714,rp100,water,46004.143322119235,35310.10673354079,1982486.6878101362,1982486.6238888905,0.76754188174532,0.017811018328977784,0.017811018903257814
15084025,Balgstädt,32846131.485708393,rp100,artificial,775750.3642943176,18093.28723728823,328561.49035798607,328561.50042060856,0.0233235948960814,0.055068192007452194,0.055068190320917323
15084025,Balgstädt,32846131.485708393,rp100,open_or_seasonal,27378642.98311553,64243.49420273007,328561.49035798607,328561.50042060856,0.0023464820459636795,0.19552959214037288,0.1955295861520253
15084025,Balgstädt,32846131.485708393,rp100,perennial_vegetation,4649892.705889165,227697.07053330314,328561.49035798607,328561.50042060856,0.04896824183597206,0.6930120455845707,0.6930120243601772
15084025,Balgstädt,32846131.485708393,rp100,water,41843.055141954785,18527.638384664635,328561.49035798607,328561.50042060856,0.4427888528170001,0.05639017026760421,0.05639016854058204
15084130,Elsteraue,80447255.68973264,rp100,artificial,7806030.688041736,158697.5963794909,8524450.116094047,8524450.077040466,0.020330127144209658,0.018616754654927473,0.018616754740217543
15084130,Elsteraue,80447255.68973264,rp100,open_or_seasonal,56967513.31527825,5723217.803495411,8524450.116094047,8524450.077040466,0.10046458885823419,0.6713885031352407,0.6713885062111137
15084130,Elsteraue,80447255.68973264,rp100,perennial_vegetation,14307586.961707413,2627606.93366629,8524450.116094047,8524450.077040466,0.1836512991812507,0.30824356971781713,0.3082435711299921
15084130,Elsteraue,80447255.68973264,rp100,water,1366119.4661173562,14927.782552854449,8524450.116094047,8524450.077040466,0.010927142847382632,0.0017511724920145871,0.0017511725000373402
15084135,"Freyburg (Unstrut), Stadt",46837141.22753964,rp100,artificial,2604947.9887794503,209679.75489840668,1725953.5362628687,1725953.4716482456,0.08049287578929828,0.12148632653948324,0.12148633108757409
15084135,"Freyburg (Unstrut), Stadt",46837141.22753964,rp100,open_or_seasonal,34060923.7229432,652136.935492018,1725953.5362628687,1725953.4716482456,0.01914619053777285,0.3778415361656035,0.3778415503108797
15084135,"Freyburg (Unstrut), Stadt",46837141.22753964,rp100,perennial_vegetation,10078978.14690837,785138.1711539475,1725953.5362628687,1725953.4716482456,0.07789858849875382,0.4549011051907994,0.45490112222095924
15084135,"Freyburg (Unstrut), Stadt",46837141.22753964,rp100,water,92288.18385212032,78998.67471849654,1725953.5362628687,1725953.4716482456,0.8559998845039742,0.04577103210411382,0.045771033817646675
15084150,Gleina,29875109.423009828,rp100,artificial,801617.9186722847,0,19770.416370034953,19770.418112879815,0,0,0
15084150,Gleina,29875109.423009828,rp100,open_or_seasonal,26511560.84201476,803.1702031503296,19770.416370034953,19770.418112879815,3.029509307039699e-5,0.04062485018614252,0.04062484660489244
15084150,Gleina,29875109.423009828,rp100,perennial_vegetation,2545472.5237131603,18218.040380550123,19770.416370034953,19770.418112879815,0.007157036743014966,0.9214798535129645,0.9214797722806698
15084150,Gleina,29875109.423009828,rp100,water,16459.477532507455,749.2057863344995,19770.416370034953,19770.418112879815,0.045518199763924384,0.03789529630089298,0.03789529296026446
15084170,Goseck,14465217.502377346,rp100,artificial,531923.2649679903,5893.230478756115,172850.611564349,172850.59839328312,0.011079098935653347,0.034094357118095456,0.03409435971605594
15084170,Goseck,14465217.502377346,rp100,open_or_seasonal,12102550.329332303,4856.31146165458,172850.611564349,172850.59839328312,4.012634799695563e-4,0.028095425394816537,0.028095427535663617
15084170,Goseck,14465217.502377346,rp100,perennial_vegetation,1811707.8968258875,150005.0462526965,172850.611564349,172850.59839328312,0.0827975892336206,0.8678305786430641,0.8678306447710026
15084170,Goseck,14465217.502377346,rp100,water,19034.150511100626,12096.023371241796,172850.611564349,172850.59839328312,0.6354905812154554,0.06997963884402385,0.06997964417641173
15084207,Gutenborn,34099759.531701475,rp100,artificial,1236037.4449443023,22646.24683951994,662341.7357062199,662341.772723686,0.0183216511216134,0.03419118201176534,0.034191180100862285
15084207,Gutenborn,34099759.531701475,rp100,open_or_seasonal,26833291.843228385,463586.4333911444,662341.7357062199,662341.772723686,0.01727653975887921,0.6999203106185763,0.699920271500892
15084207,Gutenborn,34099759.531701475,rp100,perennial_vegetation,5986824.784743883,151058.22245946495,662341.7357062199,662341.772723686,0.025231776090124416,0.22806689404586525,0.2280668812994874
15084207,Gutenborn,34099759.531701475,rp100,water,43602.469191375494,25050.833016090528,662341.7357062199,662341.772723686,0.5745278531392334,0.03782161332379297,0.03782161120998957
15084246,Kaiserpfalz,41121021.83514975,rp100,artificial,1253720.759532265,49114.702938443595,6891622.348287912,6891622.338923057,0.03917515329072735,0.007126725821046357,0.0071267258307306895
15084246,Kaiserpfalz,41121021.83514975,rp100,open_or_seasonal,34486691.503169715,5035451.577804206,6891622.348287912,6891622.338923057,0.14601144262682872,0.7306627269056849,0.7306627278985645
15084246,Kaiserpfalz,41121021.83514975,rp100,perennial_vegetation,5297315.355900234,1737930.4461650678,6891622.348287912,6891622.338923057,0.3280775882503075,0.2521801628606104,0.2521801632032918
15084246,Kaiserpfalz,41121021.83514975,rp100,water,83290.91688219801,69125.62138019524,6891622.348287912,6891622.338923057,0.8299298887291952,0.010030384412658383,0.010030384426288426
15084250,Karsdorf,19994411.51054447,rp100,artificial,2315874.8225958957,185915.4982773471,2605021.621809479,2605021.3774300786,0.08027873374820486,0.07136812098634636,0.07136812768145404
15084250,Karsdorf,19994411.51054447,rp100,open_or_seasonal,13205108.410545746,946800.9750636762,2605021.621809479,2605021.3774300786,0.07169959879371762,0.3634522520415846,0.3634522861373675
15084250,Karsdorf,19994411.51054447,rp100,perennial_vegetation,4339017.384155384,1377613.9476162212,2605021.621809479,2605021.3774300786,0.3174944522340009,0.5288301394824179,0.5288301890924493
15084250,Karsdorf,19994411.51054447,rp100,water,134409.81280100736,94691.20085223422,2605021.621809479,2605021.3774300786,0.7044961887747272,0.03634948748965108,0.036349490899629223
15084275,Kretzschau,27862618.456292495,rp100,artificial,1696048.9894304809,137082.8341701451,1363997.7788680533,1363997.8256079503,0.08082480814199616,0.10050077521673577,0.10050077177289166
15084275,Kretzschau,27862618.456292495,rp100,open_or_seasonal,21650986.17643569,882645.3288075544,1363997.7788680533,1363997.8256079503,0.04076698038670406,0.6471017346817376,0.6471017125076052
15084275,Kretzschau,27862618.456292495,rp100,perennial_vegetation,4224877.815751005,335124.0216747419,1363997.7788680533,1363997.8256079503,0.07932158899965039,0.24569249808665575,0.24569248966754992
15084275,Kretzschau,27862618.456292495,rp100,water,290703.8282291869,9145.594215611822,1363997.7788680533,1363997.8256079503,0.03146017811778372,0.006704992014870812,0.006704991785111915
15084285,"Laucha an der Unstrut, Stadt",31291212.558839347,rp100,artificial,2043077.7137181985,230935.3509780664,5430191.222385068,5430191.289404978,0.1130330723239044,0.04252803290353265,0.04252803237864784
15084285,"Laucha an der Unstrut, Stadt",31291212.558839347,rp100,open_or_seasonal,22471156.92259086,2229667.6339739407,5430191.222385068,5430191.289404978,0.09922353538158936,0.41060573056479177,0.4106057254970589
15084285,"Laucha an der Unstrut, Stadt",31291212.558839347,rp100,perennial_vegetation,6640217.6226892825,2875866.3536286005,5430191.222385068,5430191.289404978,0.43309820807708366,0.5296068289037991,0.5296068223673439
15084285,"Laucha an der Unstrut, Stadt",31291212.558839347,rp100,water,136757.9913288902,93721.88380446135,5430191.222385068,5430191.289404978,0.6853119360247766,0.01725940762787659,0.017259407414859426
15084315,"Lützen, Stadt",97066621.0122074,rp100,artificial,6231480.291877473,5620.645350122342,346960.6651408368,346960.6419971899,9.019759490291042e-4,0.016199661560600345,0.016199662641181833
15084315,"Lützen, Stadt",97066621.0122074,rp100,open_or_seasonal,81863514.20122261,128634.07376805802,346960.6651408368,346960.6419971899,0.001571323623511595,0.37074540918303645,0.37074543391322135
15084315,"Lützen, Stadt",97066621.0122074,rp100,perennial_vegetation,8736370.041027311,145122.37066264093,346960.6651408368,346960.6419971899,0.0166112893548607,0.4182675018902603,0.41826752979035675
15084315,"Lützen, Stadt",97066621.0122074,rp100,water,235245.28889600313,67583.57536001551,346960.6651408368,346960.6419971899,0.2872898142920633,0.19478742736610294,0.19478744035919465
15084355,"Naumburg (Saale), Stadt",130230899.2403071,rp100,artificial,11484051.784911525,1149428.7237970128,16856769.285501357,16856769.006631702,0.10008912754183198,0.06818796083218899,0.06818796196025528
15084355,"Naumburg (Saale), Stadt",130230899.2403071,rp100,open_or_seasonal,92872557.42982382,10785394.758282099,16856769.285501357,16856769.006631702,0.1161311269632231,0.6398257326544003,0.6398257432393458
15084355,"Naumburg (Saale), Stadt",130230899.2403071,rp100,perennial_vegetation,24933440.506479945,4324210.186151134,16856769.285501357,16856769.006631702,0.17343014434880402,0.25652662814044813,0.2565266323842918
15084355,"Naumburg (Saale), Stadt",130230899.2403071,rp100,water,940839.8400354233,597735.6172711117,16856769.285501357,16856769.006631702,0.6353213287062828,0.035459678372962544,0.03545967895958909
15084360,"Nebra (Unstrut), Stadt",25380112.011272144,rp100,artificial,1718100.6685818515,368240.4138925129,3532261.294900656,3532261.4122568006,0.21432994039660352,0.10425061544119701,0.10425061197756597
15084360,"Nebra (Unstrut), Stadt",25380112.011272144,rp100,open_or_seasonal,18084770.391144283,1512637.4511397632,3532261.294900656,3532261.4122568006,0.08364150710370472,0.4282348685029276,0.428234854275217
15084360,"Nebra (Unstrut), Stadt",25380112.011272144,rp100,perennial_vegetation,5403789.696278012,1554585.5116512952,3532261.294900656,3532261.4122568006,0.287684310276185,0.44011056427098705,0.4401105496487174
15084360,"Nebra (Unstrut), Stadt",25380112.011272144,rp100,water,173449.0417814849,96797.91821708504,3532261.294900656,3532261.4122568006,0.5580769845879765,0.027403951784888397,0.027403950874417243
15084445,Schönburg,14795758.253482584,rp100,artificial,623225.4795278094,30611.810065132417,2349731.026009676,2349730.881469984,0.04911835454533348,0.013027793277734232,0.01302779407911674
15084445,Schönburg,14795758.253482584,rp100,open_or_seasonal,11498535.500329273,1942551.8369475289,2349731.026009676,2349730.881469984,0.16893906505675457,0.826712425994723,0.8267124768485294
15084445,Schönburg,14795758.253482584,rp100,perennial_vegetation,2468942.102294052,236910.68463800751,2349731.026009676,2349730.881469984,0.09595635491730593,0.10082459737544101,0.10082460357749436
15084445,Schönburg,14795758.253482584,rp100,water,205053.77881725933,139656.69435900715,2349731.026009676,2349730.881469984,0.6810734977162599,0.0594351833521017,0.05943518700815575
15084550,"Weißenfels, Stadt",113702064.57760824,rp100,artificial,16596378.100896113,1599479.1025928184,13043635.349982401,13043635.45835824,0.09637519059091908,0.12262525436169729,0.12262525334283911
15084550,"Weißenfels, Stadt",113702064.57760824,rp100,open_or_seasonal,78154701.91523708,4176937.4001246914,13043635.349982401,13043635.45835824,0.053444479957901976,0.32022801067727846,0.3202280080165955
15084550,"Weißenfels, Stadt",113702064.57760824,rp100,perennial_vegetation,17316524.477174982,6253418.749082429,13043635.349982401,13043635.45835824,0.3611243559482793,0.47942299683277073,0.4794229928493821
15084550,"Weißenfels, Stadt",113702064.57760824,rp100,water,1634452.0882111872,1013800.0981824639,13043635.349982401,13043635.45835824,0.6202690831347704,0.07772373812825362,0.0777237374824693
15084565,Wetterzeube,41921179.11773494,rp100,artificial,899531.4531180765,70706.5311783527,4005494.5906717954,4005494.419514315,0.07860373412542745,0.017652384637597003,0.017652385391895314
15084565,Wetterzeube,41921179.11773494,rp100,open_or_seasonal,29737915.662237883,2732530.9828482913,4005494.5906717954,4005494.419514315,0.09188710513151878,0.6821956492493966,0.6821956784000771
15084565,Wetterzeube,41921179.11773494,rp100,perennial_vegetation,11171845.075113134,1148893.9819756849,4005494.5906717954,4005494.419514315,0.10283833818417414,0.28682949282999637,0.2868295050864142
15084565,Wetterzeube,41921179.11773494,rp100,water,111883.71974074452,53363.0946694664,4005494.5906717954,4005494.419514315,0.47695138124759046,0.013322473283010082,0.01332247385228836
15084590,"Zeitz, Stadt",87389709.97641104,rp100,artificial,11111365.506689357,1452185.2956391014,3556160.228633444,3556160.183732271,0.13069368429693404,0.40835766733636325,0.40835767249241284
15084590,"Zeitz, Stadt",87389709.97641104,rp100,open_or_seasonal,61735512.214928955,968847.6875427541,3556160.228633444,3556160.183732271,0.01569352310821949,0.2724420794490077,0.2724420828889452
15084590,"Zeitz, Stadt",87389709.97641104,rp100,perennial_vegetation,13069577.44799815,1057107.0041350708,3556160.228633444,3556160.183732271,0.08088302841779989,0.29726079146363277,0.297260795216939
15084590,"Zeitz, Stadt",87389709.97641104,rp100,water,1473247.6358601707,78020.24131651738,3556160.228633444,3556160.183732271,0.05295799525988342,0.02193946175099621,0.021939462028010604
15085090,Ditfurt,23934830.607724182,rp100,artificial,1022418.2426532449,76663.29051110754,2401174.627526546,2401174.5048029297,0.07498231869588035,0.03192741153944248,0.031927413171247
15085090,Ditfurt,23934830.607724182,rp100,open_or_seasonal,20723190.113868408,1758176.8083049282,2401174.627526546,2401174.5048029297,0.08484103068322084,0.7322153033559368,0.732215340779335
15085090,Ditfurt,23934830.607724182,rp100,perennial_vegetation,1511443.7300191296,81089.47784595551,2401174.627526546,2401174.5048029297,0.05365034518680308,0.033770754078592743,0.03377075580461018
15085090,Ditfurt,23934830.607724182,rp100,water,677776.6501458526,485245.05086455453,2401174.627526546,2401174.5048029297,0.7159365120650488,0.202086531026028,0.20208654135463586
15085135,"Halberstadt, Stadt",143131048.01688698,rp100,artificial,15021266.91838647,374.7686425697266,665234.4255225732,665234.3599795474,2.4949203326584842e-5,5.633632719403059e-4,5.633633274463586e-4
15085135,"Halberstadt, Stadt",143131048.01688698,rp100,open_or_seasonal,113251564.71744871,605009.3339024817,665234.4255225732,665234.3599795474,0.005342171963909896,0.9094678668008171,0.9094679564072466
15085135,"Halberstadt, Stadt",143131048.01688698,rp100,perennial_vegetation,14164850.00614255,59850.3229775217,665234.4255225732,665234.3599795474,0.004225270507740482,0.08996876992724247,0.08996877879152512
15085135,"Halberstadt, Stadt",143131048.01688698,rp100,water,693353.4709785605,0,665234.4255225732,665234.3599795474,0,0,0
15085160,Hedersleben,16506132.18345818,rp100,artificial,864653.930973994,4732.294219468662,1469502.5106078212,1469502.45862995,0.005473050026081469,0.003220337621275157,0.0032203377351819377
15085160,Hedersleben,16506132.18345818,rp100,open_or_seasonal,14524660.504510919,946059.9485912246,1469502.5106078212,1469502.45862995,0.06513473745547492,0.643796075040329,0.6437960978120836
15085160,Hedersleben,16506132.18345818,rp100,perennial_vegetation,1116035.2227074518,518145.32899626356,1469502.5106078212,1469502.45862995,0.4642732760165634,0.35259914512289353,0.35259915759470184
15085160,Hedersleben,16506132.18345818,rp100,water,780.9195583152133,564.9388008644074,1469502.5106078212,1469502.45862995,0.7234276499403199,3.8444221550239835e-4,3.844422291005301e-4
15085185,Huy,167813515.06416866,rp100,artificial,4440340.795457849,3469.9966122226783,7128681.82523247,7128681.864276745,7.814707861550259e-4,4.867655335577443e-4,4.8676553089169644e-4
15085185,Huy,167813515.06416866,rp100,open_or_seasonal,145333408.756938,1289928.2908379864,7128681.82523247,7128681.864276745,0.008875648771132309,0.18094906217755358,0.18094906118648327
15085185,Huy,167813515.06416866,rp100,perennial_vegetation,18020660.503826343,5835283.537782261,7128681.82523247,7128681.864276745,0.3238107469225809,0.8185641722888887,0.8185641678055571
15085185,Huy,167813515.06416866,rp100,water,19116.43997633658,0,7128681.82523247,7128681.864276745,0,0,0
15085235,"Quedlinburg, Welterbestadt",121014978.91458511,rp100,artificial,9651426.137291048,193029.84228518157,1533719.1194004668,1533719.2036563088,0.020000136719624834,0.12585736191424493,0.12585735500019052
15085235,"Quedlinburg, Welterbestadt",121014978.91458511,rp100,open_or_seasonal,81942447.81772037,1228325.941429754,1533719.1194004668,1533719.2036563088,0.01499010554532304,0.800880634460571,0.8008805904636829
15085235,"Quedlinburg, Welterbestadt",121014978.91458511,rp100,perennial_vegetation,29296965.25091745,112315.18661751057,1533719.1194004668,1533719.2036563088,0.0038336798933122727,0.07323060995771817,0.07323060593474794
15085235,"Quedlinburg, Welterbestadt",121014978.91458511,rp100,water,124130.16902435497,48.14906802081987,1533719.1194004668,1533719.2036563088,3.8789174621499774e-4,3.1393667466075157e-5,3.1393665741444024e-5
15085285,"Schwanebeck, Stadt",32953784.911572687,rp100,artificial,1455003.640546725,0,224849.4746191889,224849.46287678552,0,0,0
15085285,"Schwanebeck, Stadt",32953784.911572687,rp100,open_or_seasonal,29029965.623630606,219509.47516980092,224849.4746191889,224849.46287678552,0.007561478990905817,0.9762507808460218,0.9762508318291566
15085285,"Schwanebeck, Stadt",32953784.911572687,rp100,perennial_vegetation,2463908.594778949,5339.99944938798,224849.4746191889,224849.46287678552,0.002167287967055069,0.023749219153978218,0.023749220394243185
15085285,"Schwanebeck, Stadt",32953784.911572687,rp100,water,4905.396786067766,0,224849.4746191889,224849.46287678552,0,0,0
15085287,Selke-Aue,36652455.57898846,rp100,artificial,1061293.6490293161,185.91277838147514,363690.68797246943,363690.6834143797,1.7517562509821415e-4,5.111837738214192e-4,5.111837802280212e-4
15085287,Selke-Aue,36652455.57898846,rp100,open_or_seasonal,33987645.64988844,228588.07511469923,363690.68797246943,363690.6834143797,0.006725622523825787,0.6285233102586416,0.6285233181358454
15085287,Selke-Aue,36652455.57898846,rp100,perennial_vegetation,1584650.9831211218,123278.38912674214,363690.68797246943,363690.6834143797,0.07779529400469846,0.33896493147516066,0.3389649357233656
15085287,Selke-Aue,36652455.57898846,rp100,water,18861.81341138588,11638.310952646596,363690.68797246943,363690.6834143797,0.6170303299480825,0.03200057449237631,0.032000574893435496
15085365,"Wegeleben, Stadt",51815979.08857249,rp100,artificial,1935755.777720198,62998.82222327283,3269898.459616941,3269898.4483071114,0.032544819418009734,0.019266293128457866,0.019266293195095558
15085365,"Wegeleben, Stadt",51815979.08857249,rp100,open_or_seasonal,46616270.811127745,2252388.1438880702,3269898.459616941,3269898.4483071114,0.04831763898519321,0.6888251031966084,0.6888251055790966
15085365,"Wegeleben, Stadt",51815979.08857249,rp100,perennial_vegetation,2311016.866543969,592092.788836934,3269898.459616941,3269898.4483071114,0.25620444290499034,0.1810737538639949,0.18107375449028754
15085365,"Wegeleben, Stadt",51815979.08857249,rp100,water,952929.822624263,362418.70466866356,3269898.459616941,3269898.4483071114,0.3803204559918197,0.11083484981093873,0.11083485019429108
15086005,Biederitz,39884265.67343944,rp100,artificial,5097910.087780311,3183004.05847484,26218601.65086238,26218601.873637293,0.6243743031295315,0.12140251035737998,0.12140250932584391
15086005,Biederitz,39884265.67343944,rp100,open_or_seasonal,27009898.72264203,17272138.9868428,26218601.65086238,26218601.873637293,0.6394744076683191,0.658774225141587,0.6587742195440968
15086005,Biederitz,39884265.67343944,rp100,perennial_vegetation,7111150.7912424095,5123382.163996805,26218601.65086238,26218601.873637293,0.7204715965672392,0.19541019891990644,0.1954101972595399
15086005,Biederitz,39884265.67343944,rp100,water,665302.6516576271,640076.4415479341,26218601.65086238,26218601.873637293,0.9620831060167265,0.02441306558112647,0.02441306537369289
15086015,"Burg, Stadt",165703102.26622188,rp100,artificial,13867165.979021732,2484674.005546025,70867276.02536125,70867275.282094,0.17917676973830438,0.035060949776831205,0.03506095014455602
15086015,"Burg, Stadt",165703102.26622188,rp100,open_or_seasonal,86910231.41230257,47669108.92332411,70867276.02536125,70867275.282094,0.5484867333649317,0.6726533260043009,0.6726533330591961
15086015,"Burg, Stadt",165703102.26622188,rp100,perennial_vegetation,58385667.88432388,15228823.36715725,70867276.02536125,70867275.282094,0.2608315348439489,0.21489217903207278,0.21489218128589613
15086015,"Burg, Stadt",165703102.26622188,rp100,water,6540022.230287532,5484669.729333865,70867276.02536125,70867275.282094,0.8386316645735211,0.07739354518679493,0.07739354599851074
15086035,Elbe-Parey,109148903.85004216,rp100,artificial,5982375.873181684,1964637.3018010666,53510060.96949965,53510060.07718201,0.3284041898150054,0.03671528804500701,0.03671528865726009
15086035,Elbe-Parey,109148903.85004216,rp100,open_or_seasonal,57703831.11601958,33364736.165694788,53510060.96949965,53510060.07718201,0.5782066029309476,0.6235226714600914,0.6235226818577676
15086035,Elbe-Parey,109148903.85004216,rp100,perennial_vegetation,41186142.425021,14466062.433417946,53510060.96949965,53510060.07718201,0.35123615812656606,0.2703428508830049,0.2703428553911609
15086035,Elbe-Parey,109148903.85004216,rp100,water,4276546.797360392,3714625.068585851,53510060.96949965,53510060.07718201,0.8686038630229943,0.06941918961189675,0.06941919076951023
15086040,"Genthin, Stadt",232268909.9508632,rp100,artificial,10558281.290175129,29581.057649705792,4835543.66464957,4835543.763994785,0.002801692513840492,0.00611742126660116,0.006117421140920046
15086040,"Genthin, Stadt",232268909.9508632,rp100,open_or_seasonal,91168290.00409538,3277635.0744173694,4835543.66464957,4835543.763994785,0.035951481312966764,0.6778214202424947,0.6778214063167983
15086040,"Genthin, Stadt",232268909.9508632,rp100,perennial_vegetation,129481310.76498394,1528327.5325824956,4835543.66464957,4835543.763994785,0.01180346046508981,0.3160611584909042,0.3160611519974952
15086040,"Genthin, Stadt",232268909.9508632,rp100,water,1061007.3266651297,0,4835543.66464957,4835543.763994785,0,0,0
15086055,"Gommern, Stadt",161540672.78815773,rp100,artificial,7295642.93490604,467379.60977956635,18359573.265718274,18359572.821636315,0.06406284051312136,0.02545699744842524,0.02545699806417994
15086055,"Gommern, Stadt",161540672.78815773,rp100,open_or_seasonal,116184922.10159692,8388645.615048725,18359573.265718274,18359572.821636315,0.07220081111483076,0.4569085290621835,0.4569085401139022
15086055,"Gommern, Stadt",161540672.78815773,rp100,perennial_vegetation,37109583.58443008,8858530.669645205,18359573.265718274,18359572.821636315,0.23871274786715588,0.48250199181841585,0.4825020034891901
15086055,"Gommern, Stadt",161540672.78815773,rp100,water,950510.339508018,645017.3712447775,18359573.265718274,18359572.821636315,0.6786011097771298,0.035132481670975414,0.03513248252076105
15086080,"Jerichow, Stadt",271779195.4181777,rp100,artificial,6721925.930367812,767735.0064326555,70587779.4392216,70587779.52849671,0.11421354748409827,0.010876316163107249,0.010876316149351549
15086080,"Jerichow, Stadt",271779195.4181777,rp100,open_or_seasonal,119423356.79534799,43707453.34420252,70587779.4392216,70587779.52849671,0.3659874794769217,0.6191929210896352,0.6191929203065178
15086080,"Jerichow, Stadt",271779195.4181777,rp100,perennial_vegetation,142678833.21973756,24286848.970934924,70587779.4392216,70587779.52849671,0.1702204063691151,0.34406591571345146,0.34406591527829794
15086080,"Jerichow, Stadt",271779195.4181777,rp100,water,2955061.869336406,1825742.1176515012,70587779.4392216,70587779.52849671,0.6178354966427465,0.025864847033805972,0.025864847001093698
15086145,Möser,81000767.12181057,rp100,artificial,5635124.507821506,257503.543203029,12000637.154024225,12000637.08312024,0.045696158593411064,0.02145748928978152,0.021457489416559915
15086145,Möser,81000767.12181057,rp100,open_or_seasonal,38450984.14049257,4051823.2204238097,12000637.154024225,12000637.08312024,0.10537632029440962,0.33763400796307674,0.33763400995793724
15086145,Möser,81000767.12181057,rp100,perennial_vegetation,35063335.763626136,6073810.875107947,12000637.154024225,12000637.08312024,0.17322398861459076,0.5061240330119631,0.5061240360023218
15086145,Möser,81000767.12181057,rp100,water,1851311.6232412576,1617499.5152894396,12000637.154024225,12000637.08312024,0.8737046183816087,0.13478446973517874,0.13478447053153278
15087015,"Allstedt, Stadt",149514752.3711963,rp100,artificial,5814419.2241607495,51697.14289966275,4999612.503588253,4999612.22365239,0.008891196335627948,0.010340229940332254,0.010340230519297394
15087015,"Allstedt, Stadt",149514752.3711963,rp100,open_or_seasonal,129990281.70827702,4292328.550372922,4999612.503588253,4999612.22365239,0.03302038040048044,0.8585322457075005,0.8585322937780216
15087015,"Allstedt, Stadt",149514752.3711963,rp100,perennial_vegetation,13475506.551927084,487520.1739345233,4999612.503588253,4999612.22365239,0.03617824473283379,0.09751159186529497,0.09751159732511673
15087015,"Allstedt, Stadt",149514752.3711963,rp100,water,234534.6447106397,168066.6363811456,4999612.503588253,4999612.22365239,0.716596205172588,0.03361593248687236,0.03361593436907935
15087055,Berga,25961653.609452654,rp100,artificial,1619812.8400932306,37815.501817755074,3905150.071541272,3905150.028937427,0.02334559949257999,0.009683495160233412,0.009683495265877019
15087055,Berga,25961653.609452654,rp100,open_or_seasonal,14753116.755074024,129448.71249735146,3905150.071541272,3905150.028937427,0.008774329834597852,0.03314820432656537,0.03314820468820089
15087055,Berga,25961653.609452654,rp100,perennial_vegetation,6073845.057610318,439112.8507117666,3905150.071541272,3905150.028937427,0.07229569515632825,0.11244455210871292,0.11244455333544436
15087055,Berga,25961653.609452654,rp100,water,3514877.1007386353,3298773.006514399,3905150.071541272,3905150.028937427,0.9385173114078944,0.8447237484044883,0.8447237576201342
15087101,Brücken-Hackpfüffel,16748051.981546238,rp100,artificial,480012.09907874995,0,227193.3669769197,227193.35262083125,0,0,0
15087101,Brücken-Hackpfüffel,16748051.981546238,rp100,open_or_seasonal,13377759.884294566,6816.287601693253,227193.3669769197,227193.35262083125,5.095238411100162e-4,0.03000214175436606,0.030002143650167127
15087101,Brücken-Hackpfüffel,16748051.981546238,rp100,perennial_vegetation,2880136.625147315,220377.07937522646,227193.3669769197,227193.35262083125,0.07651618935402221,0.969997858245634,0.9699979195386907
15087101,Brücken-Hackpfüffel,16748051.981546238,rp100,water,10142.396193735836,0,227193.3669769197,227193.35262083125,0,0,0
15087125,Edersleben,9136558.164322346,rp100,artificial,685450.6742661148,54982.20376046434,1752482.693340365,1752482.7081908346,0.08021321712073831,0.03137389257503256,0.031373892309171425
15087125,Edersleben,9136558.164322346,rp100,open_or_seasonal,6964951.10251949,1259897.7417240595,1752482.693340365,1752482.7081908346,0.18089111081746231,0.7189216455670662,0.7189216394749525
15087125,Edersleben,9136558.164322346,rp100,perennial_vegetation,1484240.9537763475,437602.7478558411,1752482.693340365,1752482.7081908346,0.2948326865273798,0.24970446185790118,0.24970445974191538
15087125,Edersleben,9136558.164322346,rp100,water,1914.2970668592325,0,1752482.693340365,1752482.7081908346,0,0,0
15087165,"Gerbstedt, Stadt",102352804.82213216,rp100,artificial,4594530.923608465,94376.6537595283,2189931.639971829,2189931.5627947133,0.02054108576668508,0.04309570766361563,0.04309570918238566
15087165,"Gerbstedt, Stadt",102352804.82213216,rp100,open_or_seasonal,87894636.33478473,1492323.4403157844,2189931.639971829,2189931.5627947133,0.016978549574192734,0.6814474995826726,0.6814475235981046
15087165,"Gerbstedt, Stadt",102352804.82213216,rp100,perennial_vegetation,9719880.541144295,480077.2239945366,2189931.639971829,2189931.5627947133,0.04939126792375356,0.21922018716561958,0.21922019489133213
15087165,"Gerbstedt, Stadt",102352804.82213216,rp100,water,143751.30331196648,123154.32190197977,2189931.639971829,2189931.5627947133,0.8567179501302502,0.056236605588092244,0.05623660756997108
15087250,"Kelbra (Kyffhäuser), Stadt",40632910.13888796,rp100,artificial,1776183.7622618536,95150.9164334384,4217388.247901298,4217388.231040373,0.05357042354236475,0.022561573855759763,0.0225615739459599
15087250,"Kelbra (Kyffhäuser), Stadt",40632910.13888796,rp100,open_or_seasonal,30611419.97316822,1575065.2316859695,4217388.247901298,4217388.231040373,0.051453517447624414,0.37346934621676586,0.37346934770987916
15087250,"Kelbra (Kyffhäuser), Stadt",40632910.13888796,rp100,perennial_vegetation,6487197.959435943,826502.2341345659,4217388.247901298,4217388.231040373,0.12740511994587408,0.19597489857516884,0.1959748993586675
15087250,"Kelbra (Kyffhäuser), Stadt",40632910.13888796,rp100,water,1758105.1664460492,1720669.8656473246,4217388.247901298,4217388.231040373,0.9787070184917329,0.4079941813523056,0.40799418298344764
15087370,"Sangerhausen, Stadt",209603210.59667584,rp100,artificial,11326139.838507194,44650.27001933405,5048842.112913793,5048841.991135597,0.00394223192155281,0.008843665343609931,0.008843665556919362
15087370,"Sangerhausen, Stadt",209603210.59667584,rp100,open_or_seasonal,145009395.5252614,4682188.083967292,5048842.112913793,5048841.991135597,0.03228886009080446,0.9273785908240855,0.9273786131924804
15087370,"Sangerhausen, Stadt",209603210.59667584,rp100,perennial_vegetation,52920921.27335067,322003.7589271664,5048842.112913793,5048841.991135597,0.006084621189112168,0.0637777438323044,0.0637777453706252
15087370,"Sangerhausen, Stadt",209603210.59667584,rp100,water,346737.2773767268,0,5048842.112913793,5048841.991135597,0,0,0
15087412,Südharz,237771924.26979628,rp100,artificial,5872528.404618818,129347.63926589114,3019524.973820311,3019524.9457982313,0.022025885675437104,0.04283708211965545,0.04283708251719617
15087412,Südharz,237771924.26979628,rp100,open_or_seasonal,147089884.56708613,1549578.1450289087,3019524.973820311,3019524.9457982313,0.010534906255379938,0.5131860668363271,0.5131860715988447
15087412,Südharz,237771924.26979628,rp100,perennial_vegetation,84198752.35452685,1090672.8173905746,3019524.973820311,3019524.9457982313,0.012953550817453838,0.361206754985256,0.36120675833736093
15087412,Südharz,237771924.26979628,rp100,water,610741.385359807,249926.37213493674,3019524.973820311,3019524.9457982313,0.4092180063869378,0.0827700960587616,0.08277009682689243
15087440,Wallhausen,35290792.31091242,rp100,artificial,1806505.497774732,134275.33824971895,4916885.290037941,4916885.155802923,0.0743287736545061,0.02730902397128789,0.027309024716846757
15087440,Wallhausen,35290792.31091242,rp100,open_or_seasonal,25871763.881530672,4047132.1015831176,4916885.290037941,4916885.155802923,0.15643046682535175,0.8231089120144773,0.8231089344860292
15087440,Wallhausen,35290792.31091242,rp100,perennial_vegetation,7476466.3808374405,605503.7107908126,4916885.290037941,4916885.155802923,0.08098795339236048,0.12314782124724741,0.12314782460928445
15087440,Wallhausen,35290792.31091242,rp100,water,136053.55014941932,129974.13941429136,4916885.290037941,4916885.155802923,0.9553160448334401,0.02643424276698723,0.02643424348866385
15088020,"Bad Dürrenberg, Solestadt",36444264.40457499,rp100,artificial,4729605.466827267,360600.1519469578,4129547.770113493,4129548.0980771338,0.07624317809934728,0.0873219471044035,0.08732194016940163
15088020,"Bad Dürrenberg, Solestadt",36444264.40457499,rp100,open_or_seasonal,27163400.83037601,2712064.7274766923,4129547.770113493,4129548.0980771338,0.09984260602758813,0.6567461810478479,0.6567461288898723
15088020,"Bad Dürrenberg, Solestadt",36444264.40457499,rp100,perennial_vegetation,4299426.610139067,930529.0871972037,4129547.770113493,4129548.0980771338,0.21643097361001476,0.22533438017878404,0.22533436228300416
15088020,"Bad Dürrenberg, Solestadt",36444264.40457499,rp100,water,251818.1704287122,126353.80349263905,4129547.770113493,4129548.0980771338,0.5017660293438151,0.030597491668964628,0.030597489238949397
15088205,"Leuna, Stadt",87575956.8633864,rp100,artificial,12895751.078819007,354644.76597545657,18160064.30625218,18160064.77515031,0.02750090039795766,0.019528827651417446,0.019528827147177463
15088205,"Leuna, Stadt",87575956.8633864,rp100,open_or_seasonal,59269973.915673584,14308245.597095216,18160064.30625218,18160064.77515031,0.24140799551307862,0.787896196610336,0.7878961762666282
15088205,"Leuna, Stadt",87575956.8633864,rp100,perennial_vegetation,13620258.520492522,3050687.3913489343,18160064.30625218,18160064.77515031,0.223981607012744,0.16798879893275695,0.16798879459523755
15088205,"Leuna, Stadt",87575956.8633864,rp100,water,1789972.8543536155,446486.55183257355,18160064.30625218,18160064.77515031,0.2494376106020927,0.024586176805489413,0.02458617617066721
15088216,"Wettin-Löbejün, Stadt",127642665.1090132,rp100,artificial,6642468.86416964,407558.41720741935,9564952.303395132,9564952.377296342,0.06135646632923545,0.0426095608508946,0.0426095605216825
15088216,"Wettin-Löbejün, Stadt",127642665.1090132,rp100,open_or_seasonal,104532669.24285327,5852038.679145907,9564952.303395132,9564952.377296342,0.055982868528405075,0.6118209995745294,0.6118209948474477
15088216,"Wettin-Löbejün, Stadt",127642665.1090132,rp100,perennial_vegetation,15150800.682144543,2408459.3636550517,9564952.303395132,9564952.377296342,0.15896581403076993,0.25180045725896155,0.2518004553134884
15088216,"Wettin-Löbejün, Stadt",127642665.1090132,rp100,water,1316714.8189788985,896895.8433867536,9564952.303395132,9564952.377296342,0.681161805471506,0.09376898231561442,0.09376898159113187
15088220,"Merseburg, Stadt",54385515.68496072,rp100,artificial,12185985.665578539,627610.4934121136,10063869.465106433,10063868.742903631,0.05150264497560587,0.06236274184479162,0.06236274632006331
15088220,"Merseburg, Stadt",54385515.68496072,rp100,open_or_seasonal,33257217.815810747,7443467.116635826,10063869.465106433,10063868.742903631,0.22381508753558882,0.7396227805263078,0.7396228336030777
15088220,"Merseburg, Stadt",54385515.68496072,rp100,perennial_vegetation,8196531.728435933,1895467.5433846763,10063869.465106433,10063868.742903631,0.23125238895968633,0.18834381248253107,0.1883438259984495
15088220,"Merseburg, Stadt",54385515.68496072,rp100,water,745770.1983854782,97324.31167381666,10063869.465106433,10063868.742903631,0.13050174421626737,0.009670665146369462,0.009670665840355207
15088295,Petersberg,102954141.65711083,rp100,artificial,6207599.751060993,203289.20156230565,1095020.6884184475,1095020.7135912648,0.032748438964280806,0.1856487313092859,0.1856487270415113
15088295,Petersberg,102954141.65711083,rp100,open_or_seasonal,81103007.64558867,565149.4719578326,1095020.6884184475,1095020.7135912648,0.006968292402021321,0.5161084881182338,0.5161084762537052
15088295,Petersberg,102954141.65711083,rp100,perennial_vegetation,15393635.945097249,294102.24149903154,1095020.6884184475,1095020.7135912648,0.019105443479888243,0.2685814474645289,0.26858144129026057
15088295,Petersberg,102954141.65711083,rp100,water,249879.1042486135,32479.77339927769,1095020.6884184475,1095020.7135912648,0.1299819506594774,0.02966133310795127,0.02966133242608351
15088305,"Querfurt, Stadt",156689734.57939652,rp100,artificial,6205533.514520458,0,150418.49260586567,150418.47832318873,0,0,0
15088305,"Querfurt, Stadt",156689734.57939652,rp100,open_or_seasonal,134630322.88537338,21759.70434362971,150418.49260586567,150418.47832318873,1.6162558238946143e-4,0.14466109829092366,0.14466111202692045
15088305,"Querfurt, Stadt",156689734.57939652,rp100,perennial_vegetation,15669896.082196072,120261.53101310377,150418.49260586567,150418.47832318873,0.007674685931691872,0.7995129384005946,0.7995130143166996
15088305,"Querfurt, Stadt",156689734.57939652,rp100,water,183970.40340150025,8397.25724913217,150418.49260586567,150418.47832318873,0.04564460964302963,0.055825963308481615,0.05582596860932103
15088319,Salzatal,110084626.45194812,rp100,artificial,6175457.707347934,236755.93101879986,7637481.424968669,7637481.359757764,0.03833819973167225,0.030999215296915905,0.030999215561595687
15088319,Salzatal,110084626.45194812,rp100,open_or_seasonal,87874454.03636459,5551994.698949811,7637481.424968669,7637481.359757764,0.06318098655443435,0.7269405174327591,0.7269405236395762
15088319,Salzatal,110084626.45194812,rp100,perennial_vegetation,15166200.061156748,1194887.3662396828,7637481.424968669,7637481.359757764,0.07878620626270091,0.15645044481984904,0.15645044615566572
15088319,Salzatal,110084626.45194812,rp100,water,868506.9519762364,653843.428760376,7637481.424968669,7637481.359757764,0.7528361486026033,0.08560982245047596,0.08560982318143605
15088330,Schkopau,99658574.27420858,rp100,artificial,11456580.953507889,1106324.617296239,31210090.67896861,31210090.562092036,0.09656673503079412,0.03544765789616089,0.03544765802890644
15088330,Schkopau,99658574.27420858,rp100,open_or_seasonal,56290627.46040702,10696359.215620032,31210090.67896861,31210090.562092036,0.19002025200631312,0.3427211835314511,0.3427211848148846
15088330,Schkopau,99658574.27420858,rp100,perennial_vegetation,23508518.415439796,11344774.047221998,31210090.67896861,31210090.562092036,0.48258141354289,0.36349699089041243,0.3634969922516479
15088330,Schkopau,99658574.27420858,rp100,water,8402840.386952696,8062632.79883034,31210090.67896861,31210090.562092036,0.9595127870510779,0.2583341676819756,0.25833416864939385
15088365,Teutschenthal,90998135.38742118,rp100,artificial,9295403.939300923,733347.0507878341,6695368.980115223,6695369.161124649,0.07889351076904215,0.10953049084610923,0.10953048788495043
15088365,Teutschenthal,90998135.38742118,rp100,open_or_seasonal,70139343.80311076,2778013.943917568,6695368.980115223,6695369.161124649,0.03960707062951393,0.414915735363962,0.4149157241467076
15088365,Teutschenthal,90998135.38742118,rp100,perennial_vegetation,11009333.90790873,3075558.8352417666,6695368.980115223,6695369.161124649,0.2793592110992646,0.4593561377089091,0.4593561252902076
15088365,Teutschenthal,90998135.38742118,rp100,water,554046.2914712752,108449.1501680547,6695368.980115223,6695369.161124649,0.19574023296874157,0.016197636081019744,0.016197635643116357
15089005,"Alsleben (Saale), Stadt",23865976.499053866,rp100,artificial,1634169.1244783155,282273.75515900075,2879967.362728746,2879967.3405377455,0.17273227778618844,0.098012831260542,0.09801283201575987
15089005,"Alsleben (Saale), Stadt",23865976.499053866,rp100,open_or_seasonal,20014811.934167728,1916583.8551903337,2879967.362728746,2879967.3405377455,0.09575827449662372,0.6654880468417481,0.6654880519695305
15089005,"Alsleben (Saale), Stadt",23865976.499053866,rp100,perennial_vegetation,1860959.6228958494,362542.2514975527,2879967.362728746,2879967.3405377455,0.1948146789629958,0.12588415278221998,0.12588415375219464
15089005,"Alsleben (Saale), Stadt",23865976.499053866,rp100,water,356034.9885350388,318567.5008818585,2879967.362728746,2879967.3405377455,0.8947645909539789,0.11061496911548968,0.11061496996781076
15089015,"Aschersleben, Stadt",157054423.12361467,rp100,artificial,12773263.602678392,98310.99454640332,272747.0315165698,272747.0241419291,0.007696623009157092,0.3604475326450282,0.3604475423909495
15089015,"Aschersleben, Stadt",157054423.12361467,rp100,open_or_seasonal,132662070.33313617,72200.01356860397,272747.0315165698,272747.0241419291,5.442400633979096e-4,0.26471420483349134,0.2647142119909375
15089015,"Aschersleben, Stadt",157054423.12361467,rp100,perennial_vegetation,9450349.132416576,102236.0234015625,272747.0315165698,272747.0241419291,0.01081822713309846,0.3748382625214805,0.374838272656504
15089015,"Aschersleben, Stadt",157054423.12361467,rp100,water,2168727.7628671126,0,272747.0315165698,272747.0241419291,0,0,0
15089026,"Barby, Stadt",154068531.47643584,rp100,artificial,7144594.669335045,4856397.771090057,117918188.90275885,117918188.0448177,0.6797303410274563,0.04118446709773402,0.04118446739738117
15089026,"Barby, Stadt",154068531.47643584,rp100,open_or_seasonal,119806791.83565496,91121182.4894609,117918188.90275885,117918188.0448177,0.7605677532410386,0.7727491690412911,0.7727491746636072
15089026,"Barby, Stadt",154068531.47643584,rp100,perennial_vegetation,19158936.51458044,14946873.929956673,117918188.90275885,117918188.0448177,0.780151545394063,0.12675630510474173,0.12675630602698668
15089026,"Barby, Stadt",154068531.47643584,rp100,water,7958198.373654409,6993734.712251223,117918188.90275885,117918188.0448177,0.8788087936339912,0.05931005875623311,0.05931005918775721
15089030,"Bernburg (Saale), Stadt",114041858.67608124,rp100,artificial,16506965.567242937,2708706.282211056,25971675.23024344,25971675.13615873,0.16409474359032516,0.1042946309083993,0.1042946312862159
15089030,"Bernburg (Saale), Stadt",114041858.67608124,rp100,open_or_seasonal,84665071.88983604,17262721.394256346,25971675.23024344,25971675.13615873,0.20389425070964498,0.6646749291764703,0.6646749315843145
15089030,"Bernburg (Saale), Stadt",114041858.67608124,rp100,perennial_vegetation,11388559.566999644,4827653.55203822,25971675.23024344,25971675.13615873,0.4239037890294042,0.18588148470363297,0.18588148537700525
15089030,"Bernburg (Saale), Stadt",114041858.67608124,rp100,water,1481253.8564360782,1172594.0017378181,25971675.23024344,25971675.13615873,0.7916225815331203,0.04514895521149742,0.04514895537505354
15089041,Bördeaue,25625856.223561212,rp100,artificial,1570923.8992416013,88492.47992249994,3820378.1921308218,3820378.079933652,0.056331487454753006,0.023163277422318006,0.023163278102578993
15089041,Bördeaue,25625856.223561212,rp100,open_or_seasonal,18922799.31889824,2582039.948977868,3820378.1921308218,3820378.079933652,0.13645126735552174,0.675859775950017,0.675859795798721
15089041,Bördeaue,25625856.223561212,rp100,perennial_vegetation,4432019.833016169,595258.2911848766,3820378.1921308218,3820378.079933652,0.13430858019869896,0.1558113519784465,0.15581135655432676
15089041,Bördeaue,25625856.223561212,rp100,water,700110.893767247,554587.4720455772,3820378.1921308218,3820378.079933652,0.7921423262840284,0.14516559464921855,0.14516559891245337
15089042,Bördeland,92589396.21778189,rp100,artificial,4583189.472868559,1490.3201314732064,879956.9097102848,879956.9235455018,3.2517096233868645e-4,0.0016936285345652623,0.0016936285079370062
15089042,Bördeland,92589396.21778189,rp100,open_or_seasonal,84744802.64087291,877852.569821545,879956.9097102848,879956.9235455018,0.010358777676805299,0.9976085875734159,0.997608571888408
15089042,Bördeland,92589396.21778189,rp100,perennial_vegetation,3127673.6643767697,614.0197572665443,879956.9097102848,879956.9235455018,1.9631835771744295e-4,6.97783892018875e-4,6.97783881047893e-4
15089042,Bördeland,92589396.21778189,rp100,water,133724.546383524,0,879956.9097102848,879956.9235455018,0,0,0
15089043,Börde-Hakel,39050696.80558405,rp100,artificial,2009036.7935452163,6205.624380541852,4673363.898715917,4673363.911108444,0.0030888555154787336,0.0013278709972161483,0.001327870993694985
15089043,Börde-Hakel,39050696.80558405,rp100,open_or_seasonal,33749495.69345961,4433451.417389122,4673363.898715917,4673363.911108444,0.1313634863660582,0.9486638561587907,0.9486638536431845
15089043,Börde-Hakel,39050696.80558405,rp100,perennial_vegetation,3162828.6177335973,228708.20798005693,4673363.898715917,4673363.911108444,0.07231128702254612,0.04893866879121017,0.048938668661437736
15089043,Börde-Hakel,39050696.80558405,rp100,water,129333.93147518499,4998.64896619575,4673363.898715917,4673363.911108444,0.03864916893178052,0.001069604052782881,0.0010696040499465734
15089055,"Calbe (Saale), Stadt",57420301.14727775,rp100,artificial,5159804.724866046,425604.9039792341,17656943.648048945,17656943.33389679,0.08248469209080064,0.02410410954821519,0.02410410997707526
15089055,"Calbe (Saale), Stadt",57420301.14727775,rp100,open_or_seasonal,44484363.65125307,14391753.555188743,17656943.648048945,17656943.33389679,0.3235238716241217,0.8150761446632924,0.8150761591651188
15089055,"Calbe (Saale), Stadt",57420301.14727775,rp100,perennial_vegetation,5560210.00524936,1895891.841067602,17656943.648048945,17656943.33389679,0.34097486233032603,0.10737372666855025,0.10737372857894249
15089055,"Calbe (Saale), Stadt",57420301.14727775,rp100,water,2215921.771704536,943693.347813363,17656943.648048945,17656943.33389679,0.42586943269547517,0.05344601911994203,0.053446020070853056
15089075,"Egeln, Stadt",29294178.795537453,rp100,artificial,2210187.3488213387,100903.60481079727,5501350.834508724,5501350.814649155,0.045653869507762644,0.018341605152293123,0.01834160521850529
15089075,"Egeln, Stadt",29294178.795537453,rp100,open_or_seasonal,24843446.049732458,4729796.202158533,5501350.834508724,5501350.814649155,0.19038406317264786,0.8597517854141562,0.859751788517812
15089075,"Egeln, Stadt",29294178.795537453,rp100,perennial_vegetation,2101501.374965076,629954.4399334899,5501350.834508724,5501350.814649155,0.2997639913245162,0.11450904675664908,0.11450904717002033
15089075,"Egeln, Stadt",29294178.795537453,rp100,water,139041.62936296163,40696.58760590292,5501350.834508724,5501350.814649155,0.29269354647496537,0.007397562676901548,0.0073975627036063345
15089130,Giersleben,19958084.980569933,rp100,artificial,742777.5712517578,73062.48742353336,436871.281977693,436871.3170181277,0.09836388476351755,0.16724030724286423,0.16724029382890723
15089130,Giersleben,19958084.980569933,rp100,open_or_seasonal,18515903.900647923,175819.92542155623,436871.281977693,436871.3170181277,0.009495616652849651,0.40245246752230723,0.4024524352425286
15089130,Giersleben,19958084.980569933,rp100,perennial_vegetation,698889.868353155,187953.27873292463,436871.281977693,436871.3170181277,0.26893118249920067,0.43022575867672086,0.430225724169311
15089130,Giersleben,19958084.980569933,rp100,water,511.38591350745446,35.590399678832526,436871.281977693,436871.3170181277,0.06959597192407554,8.146655810772611e-5,8.146655157348251e-5
15089165,"Güsten, Stadt",36360785.02522749,rp100,artificial,2806351.230686508,272717.47943061666,5494552.495532341,5494552.340603953,0.09717866974331033,0.04963415667652009,0.04963415807604081
15089165,"Güsten, Stadt",36360785.02522749,rp100,open_or_seasonal,31186339.598465987,4971035.054634041,5494552.495532341,5494552.340603953,0.15939783631672375,0.9047206407939544,0.9047206663041146
15089165,"Güsten, Stadt",36360785.02522749,rp100,perennial_vegetation,2344177.317910065,250797.42759250023,5494552.495532341,5494552.340603953,0.10698739625042399,0.04564474136818701,0.045644742655219284
15089165,"Güsten, Stadt",36360785.02522749,rp100,water,23917.05119202477,2.533875182494697,5494552.495532341,5494552.340603953,1.0594429731954694e-4,4.611613383537619e-7,4.611613513570019e-7
15089175,"Hecklingen, Stadt",96113256.6418512,rp100,artificial,4526736.395616358,60481.67418454767,3491825.201046642,3491825.155467438,0.013360988778387331,0.017320934096706462,0.01732093432279865
15089175,"Hecklingen, Stadt",96113256.6418512,rp100,open_or_seasonal,82802043.3267615,2214572.1529099154,3491825.201046642,3491825.155467438,0.026745380475341106,0.6342162122680477,0.6342162205465465
15089175,"Hecklingen, Stadt",96113256.6418512,rp100,perennial_vegetation,8492870.489572596,1086813.512102399,3491825.201046642,3491825.155467438,0.12796774817616383,0.31124510808176675,0.3112451121444857
15089175,"Hecklingen, Stadt",96113256.6418512,rp100,water,291599.1544924476,129957.86184978043,3491825.201046642,3491825.155467438,0.44567297211812157,0.037217745553479245,0.03721774603928685
15089185,Ilberstedt,14814024.857570589,rp100,artificial,1377858.7616734752,0,20882.476694483557,20882.47554580338,0,0,0
15089185,Ilberstedt,14814024.857570589,rp100,open_or_seasonal,12268664.930129921,9136.759547786263,20882.476694483557,20882.47554580338,7.447232115165043e-4,0.43753237134941403,0.437532395416712
15089185,Ilberstedt,14814024.857570589,rp100,perennial_vegetation,1167499.890650529,11745.717146697296,20882.476694483557,20882.47554580338,0.010060572374146093,0.5624676286505861,0.5624676595901849
15089185,Ilberstedt,14814024.857570589,rp100,water,0,0,20882.476694483557,20882.47554580338,NA,0,0
15089195,"Könnern, Stadt",125573645.56046003,rp100,artificial,7483574.483554835,1304640.7820808731,22340867.617834263,22340867.195901804,0.1743339075394817,0.058397050839664115,0.058397051942558245
15089195,"Könnern, Stadt",125573645.56046003,rp100,open_or_seasonal,104661263.16762134,16988477.025416538,22340867.617834263,22340867.195901804,0.16231866988083704,0.7604215429778108,0.7604215573392288
15089195,"Könnern, Stadt",125573645.56046003,rp100,perennial_vegetation,11312175.840332197,3177667.4134964654,22340867.617834263,22340867.195901804,0.28090682626828306,0.14223563148280766,0.14223563416908788
15089195,"Könnern, Stadt",125573645.56046003,rp100,water,2116620.4891172545,870082.3968403845,22340867.617834263,22340867.195901804,0.41107151769245887,0.03894577469971736,0.03894577543525221
15089235,"Nienburg (Saale), Stadt",79375248.88859591,rp100,artificial,5957179.519985515,451443.6126780285,15709528.547441231,15709528.847198812,0.07578143501694007,0.02873692939382065,0.028736928845483872
15089235,"Nienburg (Saale), Stadt",79375248.88859591,rp100,open_or_seasonal,64555593.45520827,11650619.969788093,15709528.547441231,15709528.847198812,0.18047421371583927,0.7416276010196211,0.7416275868684331
15089235,"Nienburg (Saale), Stadt",79375248.88859591,rp100,perennial_vegetation,7863690.389463866,3040644.980050429,15709528.547441231,15709528.847198812,0.38666895941432594,0.19355418406529387,0.19355418037203645
15089235,"Nienburg (Saale), Stadt",79375248.88859591,rp100,water,998776.6601775913,566819.9849246792,15709528.547441231,15709528.847198812,0.5675142477036794,0.03608128552126428,0.03608128483278794
15089245,Plötzkau,23961380.695040308,rp100,artificial,1131613.097007303,254922.7556399798,4698302.277951771,4698302.453767731,0.22527377627049028,0.05425848329007762,0.054258481259661866
15089245,Plötzkau,23961380.695040308,rp100,open_or_seasonal,20217743.25861577,2768840.459304215,4698302.277951771,4698302.453767731,0.13695101495189263,0.589327866854768,0.5893278448014316
15089245,Plötzkau,23961380.695040308,rp100,perennial_vegetation,2142541.541076663,1238957.9262058449,4698302.277951771,4698302.453767731,0.5782655329909019,0.26370332364948845,0.26370331378140244
15089245,Plötzkau,23961380.695040308,rp100,water,469481.1302484477,435581.1368017318,4698302.277951771,4698302.453767731,0.9277926390166604,0.09271032620566587,0.0927103227363373
15089305,"Schönebeck (Elbe), Stadt",86644505.20493677,rp100,artificial,13360871.896128844,4999695.527792162,48284952.71521921,48284951.609876275,0.37420428596735256,0.10354562335972382,0.10354562573009843
15089305,"Schönebeck (Elbe), Stadt",86644505.20493677,rp100,open_or_seasonal,51958800.06958309,30719427.704896465,48284952.71521921,48284951.609876275,0.5912266577318392,0.636211199917233,0.63621121448143
15089305,"Schönebeck (Elbe), Stadt",86644505.20493677,rp100,perennial_vegetation,18042021.892948058,9819435.336944714,48284952.71521921,48284951.609876275,0.5442535983609885,0.20336429435602763,0.20336429901145914
15089305,"Schönebeck (Elbe), Stadt",86644505.20493677,rp100,water,3282805.7214195374,2746394.1455858736,48284952.71521921,48284951.609876275,0.8365996585379073,0.056878882367015805,0.056878883669091676
15089310,"Staßfurt, Stadt",147454410.184124,rp100,artificial,15939148.096320804,591514.0499689276,10492963.003908062,10492962.87398428,0.037110769433497226,0.05637245168486924,0.05637245238287249
15089310,"Staßfurt, Stadt",147454410.184124,rp100,open_or_seasonal,119615664.40529095,7634899.704418302,10492963.003908062,10492962.87398428,0.06382859420944359,0.7276209495425375,0.7276209585519344
15089310,"Staßfurt, Stadt",147454410.184124,rp100,perennial_vegetation,9978880.828649875,1904809.9251134668,10492963.003908062,10492962.87398428,0.19088412396354715,0.18153213009557242,0.18153213234330182
15089310,"Staßfurt, Stadt",147454410.184124,rp100,water,1920704.3610511783,361739.3244073679,10492963.003908062,10492962.87398428,0.18833680588375004,0.03447446867702093,0.03447446910388353
15089365,Wolmirsleben,16870779.18213933,rp100,artificial,911760.2417287836,14288.268818244218,3496961.860574171,3496961.831372593,0.015671081238585606,0.0040859092514947265,0.004085909285614343
15089365,Wolmirsleben,16870779.18213933,rp100,open_or_seasonal,14222031.491351413,2561655.442114318,3496961.860574171,3496961.831372593,0.1801188138046306,0.7325374265573821,0.7325374326744774
15089365,Wolmirsleben,16870779.18213933,rp100,perennial_vegetation,1393917.62872696,856834.5546479799,3496961.860574171,3496961.831372593,0.614695256727983,0.24502256210117632,0.2450225641472511
15089365,Wolmirsleben,16870779.18213933,rp100,water,343069.00884802325,64183.59499362915,3496961.860574171,3496961.831372593,0.18708654334341798,0.018354102089946946,0.018354102243213915
15090003,Aland,92858614.22368714,rp100,artificial,1292943.0787704429,635979.699757184,72719568.23271412,72719567.28914656,0.4918853043105232,0.00874564735755785,0.008745647471036374
15090003,Aland,92858614.22368714,rp100,open_or_seasonal,50443197.37754996,41669140.786185615,72719568.23271412,72719567.28914656,0.8260606573827278,0.5730113888030492,0.5730113962381176
15090003,Aland,92858614.22368714,rp100,perennial_vegetation,37872751.779939756,27526604.024817202,72719568.23271412,72719567.28914656,0.7268181669174975,0.3785309056941554,0.3785309106057561
15090003,Aland,92858614.22368714,rp100,water,3249716.1328557516,2887843.7219541143,72719568.23271412,72719567.28914656,0.8886449166304151,0.03971205814523757,0.03971205866051855
15090007,Altmärkische Höhe,99826543.43260105,rp100,artificial,2076760.0794060705,0,3191670.1810225826,3191670.218088046,0,0,0
15090007,Altmärkische Höhe,99826543.43260105,rp100,open_or_seasonal,60955448.84014753,2402601.530542455,3191670.1810225826,3191670.218088046,0.03941569746854218,0.7527724966157634,0.7527724878736756
15090007,Altmärkische Höhe,99826543.43260105,rp100,perennial_vegetation,36650629.439920194,789068.6504801275,3191670.1810225826,3191670.218088046,0.021529470640432355,0.2472275033842366,0.24722750051313733
15090007,Altmärkische Höhe,99826543.43260105,rp100,water,143694.32172054786,0,3191670.1810225826,3191670.218088046,0,0,0
15090008,Altmärkische Wische,67536344.79572779,rp100,artificial,694940.4202562704,416824.8242681335,56908665.843361504,56908665.43572617,0.5997993671377219,0.007324452578372242,0.00732445263083711
15090008,Altmärkische Wische,67536344.79572779,rp100,open_or_seasonal,48482884.97166541,41738525.91082701,56908665.843361504,56908665.43572617,0.8608919608480401,0.7334300548480681,0.733430060101609
15090008,Altmärkische Wische,67536344.79572779,rp100,perennial_vegetation,17006116.635643937,13442002.273135852,56908665.843361504,56908665.43572617,0.7904216207104046,0.23620308214805716,0.23620308383997388
15090008,Altmärkische Wische,67536344.79572779,rp100,water,1352399.8786672193,1311312.8351305074,56908665.843361504,56908665.43572617,0.9696191605864362,0.023042410425502435,0.023042410590554636
15090010,"Arneburg, Stadt",31229038.757685706,rp100,artificial,2257389.2241719286,121298.23007306573,3317559.088490599,3317559.0554413055,0.05373385713647198,0.036562492735661624,0.03656249309989464
15090010,"Arneburg, Stadt",31229038.757685706,rp100,open_or_seasonal,20382141.059965543,162439.69855408024,3317559.088490599,3317559.0554413055,0.00796970730779325,0.04896361879962355,0.048963619287395725
15090010,"Arneburg, Stadt",31229038.757685706,rp100,perennial_vegetation,7066481.179538916,1714192.414144186,3317559.088490599,3317559.0554413055,0.24258076553117436,0.5167029036773232,0.5167029088246817
15090010,"Arneburg, Stadt",31229038.757685706,rp100,water,1523024.8556809004,1319628.7457192668,3317559.088490599,3317559.0554413055,0.8664525341113353,0.39777098478739165,0.3977709887499586
15090070,"Bismark (Altmark), Stadt",290863995.2531948,rp100,artificial,7363956.619012933,6539.019839825214,10866924.202743482,10866924.030078309,8.879764205756153e-4,6.01736031081763e-4,6.01736040642781e-4
15090070,"Bismark (Altmark), Stadt",290863995.2531948,rp100,open_or_seasonal,192932229.83700415,6097763.456873746,10866924.202743482,10866924.030078309,0.03160572736875196,0.561130577807315,0.5611305867231506
15090070,"Bismark (Altmark), Stadt",290863995.2531948,rp100,perennial_vegetation,90460993.92814985,4762589.842746015,10866924.202743482,10866924.030078309,0.05264799374776692,0.4382647521866071,0.4382647591502206
15090070,"Bismark (Altmark), Stadt",290863995.2531948,rp100,water,106792.70960277338,31.88328389597404,10866924.202743482,10866924.030078309,2.98553000617432e-4,2.9339749961562015e-6,2.9339750427742966e-6
15090135,Eichstedt (Altmark),33092416.667359404,rp100,artificial,765029.0375697595,93403.56340321916,7180767.157213415,7180766.953276611,0.12209152700913278,0.013007463040963656,0.013007463410381082
15090135,Eichstedt (Altmark),33092416.667359404,rp100,open_or_seasonal,25574221.05078835,4376279.458020628,7180767.157213415,7180766.953276611,0.17112073323092378,0.6094445568569163,0.6094445741653982
15090135,Eichstedt (Altmark),33092416.667359404,rp100,perennial_vegetation,6753163.6268911725,2711084.1357895676,7180767.157213415,7180766.953276611,0.40145393856503053,0.37754798010212004,0.37754799082464163
15090135,Eichstedt (Altmark),33092416.667359404,rp100,water,0,0,7180767.157213415,7180766.953276611,NA,0,0
15090180,Goldbeck,26866543.111449055,rp100,artificial,1215627.0568714195,847891.5045947729,11492923.028704925,11492922.742509624,0.6974931166610723,0.07377509642038534,0.07377509825752342
15090180,Goldbeck,26866543.111449055,rp100,open_or_seasonal,20062645.706951085,7968971.7742897915,11492923.028704925,11492922.742509624,0.3972044310949871,0.6933807660928686,0.6933807833593482
15090180,Goldbeck,26866543.111449055,rp100,perennial_vegetation,5587526.247541202,2676059.7498203614,11492923.028704925,11492922.742509624,0.47893461815914773,0.23284413748674623,0.23284414328500133
15090180,Goldbeck,26866543.111449055,rp100,water,742.6245122593336,0,11492923.028704925,11492922.742509624,0,0,0
15090220,Hassel,20423004.147187278,rp100,artificial,761701.7317679505,58953.95111028423,6773127.8217359865,6773127.775706105,0.07739768553952077,0.008704095458097237,0.00870409551724989
15090220,Hassel,20423004.147187278,rp100,open_or_seasonal,14992427.831004614,4996908.072055783,6773127.8217359865,6773127.775706105,0.33329545610498695,0.7377548753797253,0.7377548803934754
15090220,Hassel,20423004.147187278,rp100,perennial_vegetation,4466380.1260347515,1717265.798569919,6773127.8217359865,6773127.775706105,0.38448715740961936,0.2535410291621774,0.2535410308852312
15090220,Hassel,20423004.147187278,rp100,water,202493.90510582458,0,6773127.8217359865,6773127.775706105,0,0,0
15090225,"Havelberg, Hansestadt",150115835.7962599,rp100,artificial,3864659.453375559,458243.41526249686,71519942.291417,71519941.07636039,0.1185727800316914,0.006407211759138821,0.006407211867991329
15090225,"Havelberg, Hansestadt",150115835.7962599,rp100,open_or_seasonal,54751840.90733122,24284524.48399521,71519942.291417,71519941.07636039,0.4435380451425796,0.33954899439159025,0.33954900016020867
15090225,"Havelberg, Hansestadt",150115835.7962599,rp100,perennial_vegetation,87219169.8327919,43221093.63832102,71519942.291417,71519941.07636039,0.4955458039921762,0.6043222666792883,0.6043222769461559
15090225,"Havelberg, Hansestadt",150115835.7962599,rp100,water,4280153.017444153,3556080.753838265,71519942.291417,71519941.07636039,0.8308302855867848,0.04972152716998241,0.049721528014704454
15090245,Hohenberg-Krusemark,63938237.24079598,rp100,artificial,1573974.435012008,151618.61587118168,17722964.52935334,17722964.352446802,0.09632851239418318,0.00855492407153815,0.008554924156931426
15090245,Hohenberg-Krusemark,63938237.24079598,rp100,open_or_seasonal,46324570.53908546,12354602.413982028,17722964.52935334,17722964.352446802,0.2666965342626991,0.6970957027826773,0.6970957097409256
15090245,Hohenberg-Krusemark,63938237.24079598,rp100,perennial_vegetation,15045600.626393775,4301510.301096386,17722964.52935334,17722964.352446802,0.28589821090628004,0.2427082835928542,0.24270828601551225
15090245,Hohenberg-Krusemark,63938237.24079598,rp100,water,994085.9534994997,915233.1984037432,17722964.52935334,17722964.352446802,0.9206781316865311,0.051641089552930314,0.051641090068399745
15090270,Iden,37819605.680566885,rp100,artificial,680058.6342659763,187974.14981887993,26598239.006161675,26598238.793136537,0.2764087394049051,0.007067165227567673,0.007067165284168558
15090270,Iden,37819605.680566885,rp100,open_or_seasonal,27438645.43259938,20078580.088911638,26598239.006161675,26598238.793136537,0.7317628028771648,0.7548838133329161,0.7548838193787761
15090270,Iden,37819605.680566885,rp100,perennial_vegetation,9167862.498588553,5899351.154430884,26598239.006161675,26598238.793136537,0.6434816354781853,0.22179480201919596,0.22179480379554922
15090270,Iden,37819605.680566885,rp100,water,533037.1463077663,432333.6130002721,26598239.006161675,26598238.793136537,0.8110759559534528,0.016254219420320227,0.016254219550500174
15090285,Kamern,68252508.79766643,rp100,artificial,1507869.9622292817,208617.3402073184,28600121.77742908,28600121.375406656,0.13835234166936522,0.007294281535960348,0.007294281638493646
15090285,Kamern,68252508.79766643,rp100,open_or_seasonal,23139771.43844097,14817283.51641373,28600121.77742908,28600121.375406656,0.6403383696261796,0.5180846302587206,0.5180846375412645
15090285,Kamern,68252508.79766643,rp100,perennial_vegetation,42664541.65829228,13016156.528448768,28600121.77742908,28600121.375406656,0.3050813631773529,0.4551084302976984,0.45510843669500667
15090285,Kamern,68252508.79766643,rp100,water,940321.291053534,558064.3923592644,28600121.77742908,28600121.375406656,0.5934826720067247,0.019512657907620627,0.019512658181903588
15090310,Klietz,66344740.753763616,rp100,artificial,2511600.2111641825,462556.075515765,28149151.399730183,28149150.683858432,0.1841678757071612,0.016432327530846943,0.01643232794874371
15090310,Klietz,66344740.753763616,rp100,open_or_seasonal,20766984.155642778,17537858.19141912,28149151.399730183,28149150.683858432,0.8445067449359881,0.6230332823314605,0.6230332981760567
15090310,Klietz,66344740.753763616,rp100,perennial_vegetation,41600546.747367345,8877826.80152019,28149151.399730183,28149150.683858432,0.21340649331927386,0.3153852375672428,0.3153852455879247
15090310,Klietz,66344740.753763616,rp100,water,1465601.4959816951,1270910.3312751052,28149151.399730183,28149150.683858432,0.8671595483217073,0.04514915257044968,0.045149153718654945
15090415,"Osterburg (Altmark), Hansestadt",231313915.1928002,rp100,artificial,6921943.533566484,763772.9505559292,86447447.2404938,86447446.97704893,0.11034082362159929,0.008835112833709703,0.008835112860634329
15090415,"Osterburg (Altmark), Hansestadt",231313915.1928002,rp100,open_or_seasonal,159397161.77686006,58245764.87445074,86447447.2404938,86447446.97704893,0.365412810524123,0.6737707906216484,0.6737707926749358
15090415,"Osterburg (Altmark), Hansestadt",231313915.1928002,rp100,perennial_vegetation,64882101.12998232,27353664.54833871,86447447.2404938,86447446.97704893,0.42159030105297335,0.31641957537787974,0.3164195763421548
15090415,"Osterburg (Altmark), Hansestadt",231313915.1928002,rp100,water,112692.2961769103,84244.86714841236,86447447.2404938,86447446.97704893,0.7475654504027528,9.745211667621145e-4,9.745211697319258e-4
15090435,Rochau,39084353.102531835,rp100,artificial,1024072.312967427,84600.4642058297,3750586.021155541,3750586.198074857,0.08261180693449782,0.022556598816460324,0.022556597752440507
15090435,Rochau,39084353.102531835,rp100,open_or_seasonal,27357154.47180408,1133531.5550979534,3750586.021155541,3750586.198074857,0.041434556224268095,0.30222785151551246,0.3022278372590891
15090435,Rochau,39084353.102531835,rp100,perennial_vegetation,10693991.081962503,2532454.0018517575,3750586.021155541,3750586.198074857,0.23681093264826392,0.6752155496680272,0.6752155178173599
15090435,Rochau,39084353.102531835,rp100,water,9131.37048678629,0,3750586.021155541,3750586.198074857,0,0,0
15090445,"Sandau (Elbe), Stadt",18430084.693683956,rp100,artificial,775718.5387185281,166360.40688105967,12986508.634096786,12986508.261942206,0.2144597538636679,0.01281024881809044,0.012810249185193951
15090445,"Sandau (Elbe), Stadt",18430084.693683956,rp100,open_or_seasonal,8326959.224629724,6560972.656810497,12986508.634096786,12986508.261942206,0.7879193928804478,0.5052145146682693,0.5052145291462099
15090445,"Sandau (Elbe), Stadt",18430084.693683956,rp100,perennial_vegetation,8467214.609693704,5418104.02827156,12986508.634096786,12986508.261942206,0.6398921343116347,0.41721021260833974,0.41721022456433965
15090445,"Sandau (Elbe), Stadt",18430084.693683956,rp100,water,860191.9509727035,841071.54213367,12986508.634096786,12986508.261942206,0.9777719277454151,0.06476502390530052,0.06476502576127287
15090485,Schollene,65600841.33075301,rp100,artificial,2460906.1825374216,17908.12253200413,6105174.819533614,6105174.780897325,0.007277043984480222,0.0029332694085526883,0.002933269427115735
15090485,Schollene,65600841.33075301,rp100,open_or_seasonal,15937835.879065216,1809655.339116404,6105174.819533614,6105174.780897325,0.11354460874411663,0.2964133530339508,0.2964133549097877
15090485,Schollene,65600841.33075301,rp100,perennial_vegetation,45770893.46784341,3971688.1237098686,6105174.819533614,6105174.780897325,0.08677322688708708,0.6505445365794248,0.6505445406963629
15090485,Schollene,65600841.33075301,rp100,water,1431204.8138526909,305923.2341753376,6105174.819533614,6105174.780897325,0.2137522395217609,0.05010884097807172,0.05010884129518298
15090500,Schönhausen (Elbe),74523897.2219562,rp100,artificial,2822039.8641803074,1653136.6552183384,44724172.70485494,44724172.37836506,0.5857949337290848,0.03696293425320052,0.036962934523032766
15090500,Schönhausen (Elbe),74523897.2219562,rp100,open_or_seasonal,31541365.03148868,28211040.747094262,44724172.70485494,44724172.37836506,0.8944140724071499,0.6307783697479522,0.6307783743526826
15090500,Schönhausen (Elbe),74523897.2219562,rp100,perennial_vegetation,39223541.04082887,13981295.532418977,44724172.70485494,44724172.37836506,0.35645164004610036,0.31261160770227653,0.3126116099843652
15090500,Schönhausen (Elbe),74523897.2219562,rp100,water,936944.1875237607,878699.7701233606,44724172.70485494,44724172.37836506,0.9378357663391523,0.01964708829657066,0.019647088439995908
15090520,"Seehausen (Altmark), Hansestadt",107489946.01460363,rp100,artificial,3376168.651089465,1409389.629474586,78227741.16839786,78227740.1350117,0.4174523772738031,0.018016494001030236,0.018016494239027594
15090520,"Seehausen (Altmark), Hansestadt",107489946.01460363,rp100,open_or_seasonal,50460368.009599976,42042387.14272134,78227741.16839786,78227740.1350117,0.8331763877489531,0.5374357806422955,0.5374357877418064
15090520,"Seehausen (Altmark), Hansestadt",107489946.01460363,rp100,perennial_vegetation,49789528.776206,31098904.025882494,78227741.16839786,78227740.1350117,0.6246073178492181,0.3975431676972121,0.3975431729487457
15090520,"Seehausen (Altmark), Hansestadt",107489946.01460363,rp100,water,3863872.2707881313,3677060.3703194386,78227741.16839786,78227740.1350117,0.9516516366544933,0.047004557659462154,0.04700455828039098
15090535,"Stendal, Hansestadt",269462495.3888004,rp100,artificial,19116337.715040192,2755403.0725404616,39233477.05686713,39233476.64646394,0.1441386479781945,0.07023091704430456,0.07023091777895758
15090535,"Stendal, Hansestadt",269462495.3888004,rp100,open_or_seasonal,161521290.22361553,20532122.443608038,39233477.05686713,39233476.64646394,0.12711712750178428,0.5233317050601369,0.523331710534467
15090535,"Stendal, Hansestadt",269462495.3888004,rp100,perennial_vegetation,88383595.52548337,15798733.810810858,39233477.05686713,39233476.64646394,0.17875187942830023,0.4026850280924965,0.40268503230479774
15090535,"Stendal, Hansestadt",269462495.3888004,rp100,water,441257.2921448828,147217.729907776,39233477.05686713,39233476.64646394,0.33363240116027004,0.00375234980306208,0.0037523498423136696
15090546,"Tangerhütte, Stadt",296919822.19086444,rp100,artificial,9390533.516758919,1848440.0225862288,56254758.23037232,56254757.76671999,0.1968407885757918,0.03285837644198147,0.03285837671280056
15090546,"Tangerhütte, Stadt",296919822.19086444,rp100,open_or_seasonal,132619234.85864563,28808385.63558881,56254758.23037232,56254757.76671999,0.21722629953561937,0.5121057585495936,0.5121057627703749
15090546,"Tangerhütte, Stadt",296919822.19086444,rp100,perennial_vegetation,150469916.38271594,21289989.03338082,56254758.23037232,56254757.76671999,0.14149000375085172,0.37845667998775995,0.37845668310700403
15090546,"Tangerhütte, Stadt",296919822.19086444,rp100,water,4440123.091552626,4307943.538816461,56254758.23037232,56254757.76671999,0.9702306557699633,0.07657918502066505,0.07657918565183153
15090550,"Tangermünde, Stadt",90702433.41936386,rp100,artificial,5637579.001527609,1004388.541628763,43884040.214433305,43884039.62025007,0.17815955064338873,0.022887330717977585,0.02288733102786857
15090550,"Tangermünde, Stadt",90702433.41936386,rp100,open_or_seasonal,48599997.83421782,22162961.62728064,43884040.214433305,43884039.62025007,0.4560280373444041,0.5050346667942238,0.5050346736323166
15090550,"Tangermünde, Stadt",90702433.41936386,rp100,perennial_vegetation,32757205.08225346,17381896.4553661,43884040.214433305,43884039.62025007,0.5306281904002523,0.39608696852960357,0.396086973892561
15090550,"Tangermünde, Stadt",90702433.41936386,rp100,water,3707650.3141748435,3334793.5901578018,43884040.214433305,43884039.62025007,0.8994358441540291,0.07599103395819512,0.07599103498710219
15090610,"Werben (Elbe), Hansestadt",53284422.1490267,rp100,artificial,911872.8071777531,409848.2865271665,44154534.25110971,44154534.15146748,0.4494577350054414,0.009282133612741392,0.009282133633688109
15090610,"Werben (Elbe), Hansestadt",53284422.1490267,rp100,open_or_seasonal,33708355.87254498,28716899.005287345,44154534.25110971,44154534.15146748,0.8519222685873233,0.6503725946235209,0.6503725960911975
15090610,"Werben (Elbe), Hansestadt",53284422.1490267,rp100,perennial_vegetation,15614034.112574022,12098999.784088185,44154534.25110971,44154534.15146748,0.774879809846504,0.2740148886019358,0.27401488922029704
15090610,"Werben (Elbe), Hansestadt",53284422.1490267,rp100,water,3050154.4686046643,2928787.1752070207,44154534.25110971,44154534.15146748,0.9602094599972293,0.06633038316180208,0.0663303833114879
15090631,Wust-Fischbeck,68342324.78104992,rp100,artificial,1861347.8340522589,1212593.8927480106,49381116.03831787,49381115.641331874,0.6514601250579402,0.0245558219422802,0.024555822139690025
15090631,Wust-Fischbeck,68342324.78104992,rp100,open_or_seasonal,33852687.300405934,29093924.712990582,49381116.03831787,49381115.641331874,0.8594273315679051,0.5891710647125675,0.5891710694490474
15090631,Wust-Fischbeck,68342324.78104992,rp100,perennial_vegetation,32449146.31942676,18907906.270079263,49381116.03831787,49381115.641331874,0.5826934885729002,0.3828975079341554,0.3828975110123553
15090631,Wust-Fischbeck,68342324.78104992,rp100,water,179137.02471791845,166691.16250001575,49381116.03831787,49381115.641331874,0.9305232280289303,0.003375605410996984,0.003375605438134242
15090635,Zehrental,72723029.67642361,rp100,artificial,1423419.439395094,370412.4601319307,23570972.386150002,23570972.385326467,0.2602272035074522,0.01571477213853003,0.01571477213907908
15090635,Zehrental,72723029.67642361,rp100,open_or_seasonal,30769934.644876212,15872295.421455383,23570972.386150002,23570972.385326467,0.5158378009131854,0.6733831409849573,0.6733831410084844
15090635,Zehrental,72723029.67642361,rp100,perennial_vegetation,40493096.191583365,7292186.852922054,23570972.386150002,23570972.385326467,0.18008469439878894,0.3093714902150939,0.3093714902259029
15090635,Zehrental,72723029.67642361,rp100,water,36577.76304683348,36077.651640633834,23570972.386150002,23570972.385326467,0.9863274469365632,0.0015305966614187114,0.0015305966614721884
15091010,"Annaburg, Stadt",226459216.16960227,rp100,artificial,6690397.035297841,1112741.4798694195,92518252.19348155,92518251.02356288,0.16631919959289573,0.012027264388245962,0.01202726454033402
15091010,"Annaburg, Stadt",226459216.16960227,rp100,open_or_seasonal,116138599.33433896,76086119.93414457,92518252.19348155,92518251.02356288,0.6551320609189405,0.8223903730371733,0.8223903834365253
15091010,"Annaburg, Stadt",226459216.16960227,rp100,perennial_vegetation,101199918.8242957,12976083.985222513,92518252.19348155,92518251.02356288,0.12822227661814353,0.14025431390646995,0.14025431568002422
15091010,"Annaburg, Stadt",226459216.16960227,rp100,water,2430273.2088148864,2343306.7942450307,92518252.19348155,92518251.02356288,0.9642153753518665,0.025328048668110597,0.025328048988390722
15091020,"Bad Schmiedeberg, Stadt",161130997.6553338,rp100,artificial,5390911.197835274,297023.9370917128,25227263.611464318,25227263.479848407,0.05509716747161093,0.0117739260851396,0.011773926146566636
15091020,"Bad Schmiedeberg, Stadt",161130997.6553338,rp100,open_or_seasonal,86080511.17959745,15224684.489083352,25227263.611464318,25227263.479848407,0.1768656375345952,0.6035012248480498,0.603501227996642
15091020,"Bad Schmiedeberg, Stadt",161130997.6553338,rp100,perennial_vegetation,68482341.50237639,9157093.991672536,25227263.611464318,25227263.479848407,0.1337146743347667,0.3629840371395323,0.36298403903329596
15091020,"Bad Schmiedeberg, Stadt",161130997.6553338,rp100,water,1177222.3313222607,548461.1936167149,25227263.611464318,25227263.479848407,0.46589431666716785,0.021740811927278204,0.02174081204070457
15091060,"Coswig (Anhalt), Stadt",296977392.1551608,rp100,artificial,9845297.033651348,709249.7729383055,22000760.046230793,22000760.0311055,0.07203944893831857,0.03223751231539,0.032237512337552954
15091060,"Coswig (Anhalt), Stadt",296977392.1551608,rp100,open_or_seasonal,130203455.60434213,10051629.319586921,22000760.046230793,22000760.0311055,0.07719940513815143,0.4568764578344185,0.4568764581485163
15091060,"Coswig (Anhalt), Stadt",296977392.1551608,rp100,perennial_vegetation,154794112.1776119,9302456.428910106,22000760.046230793,22000760.0311055,0.06009567352430305,0.42282432103993695,0.42282432133062425
15091060,"Coswig (Anhalt), Stadt",296977392.1551608,rp100,water,2134502.510959519,1937424.5247954594,22000760.046230793,22000760.0311055,0.9076702954659596,0.08806170881025459,0.08806170887079609
15091110,"Gräfenhainichen, Stadt",160051497.85625362,rp100,artificial,6532612.934634932,71646.182167783,6618679.709417505,6618679.377447122,0.010967461700956704,0.010824845031530982,0.010824845574468289
15091110,"Gräfenhainichen, Stadt",160051497.85625362,rp100,open_or_seasonal,75492772.47698651,1032382.6208872701,6618679.709417505,6618679.377447122,0.013675251113634558,0.1559801450156783,0.1559801528391104
15091110,"Gräfenhainichen, Stadt",160051497.85625362,rp100,perennial_vegetation,68765767.38122281,5514650.906362453,6618679.709417505,6618679.377447122,0.08019471193843296,0.8331950099527907,0.8331950517430107
15091110,"Gräfenhainichen, Stadt",160051497.85625362,rp100,water,9260330.024751576,0,6618679.709417505,6618679.377447122,0,0,0
15091145,"Jessen (Elster), Stadt",353999982.8112829,rp100,artificial,13998691.666037107,2432949.4256606665,103645215.74309263,103645214.65359344,0.17379834370974548,0.023473822773366255,0.02347382302011871
15091145,"Jessen (Elster), Stadt",353999982.8112829,rp100,open_or_seasonal,184161678.2924561,74124791.62191314,103645215.74309263,103645214.65359344,0.40249845846973664,0.7151781304179796,0.715178137935799
15091145,"Jessen (Elster), Stadt",353999982.8112829,rp100,perennial_vegetation,153622851.08260942,25658147.176212616,103645215.74309263,103645214.65359344,0.1670203813781269,0.24755746796660597,0.24755747056888394
15091145,"Jessen (Elster), Stadt",353999982.8112829,rp100,water,2216734.542816443,1429327.51930622,103645215.74309263,103645214.65359344,0.6447896632179543,0.013790578842048257,0.013790578987012253
15091160,"Kemberg, Stadt",236987026.99163863,rp100,artificial,6983114.162772454,1411162.0457491796,105948939.72849311,105948938.72799698,0.20208205291447165,0.013319265387321968,0.013319265513098344
15091160,"Kemberg, Stadt",236987026.99163863,rp100,open_or_seasonal,122272503.50312108,77392550.53445016,105948939.72849311,105948938.72799698,0.6329513857747638,0.730470269289885,0.7304702761878558
15091160,"Kemberg, Stadt",236987026.99163863,rp100,perennial_vegetation,103701165.99000454,25419149.69065785,105948939.72849311,105948938.72799698,0.24511922742612102,0.23991886804905718,0.23991887031465703
15091160,"Kemberg, Stadt",236987026.99163863,rp100,water,4030228.126092504,1726077.4576359303,105948939.72849311,105948938.72799698,0.4282828176551494,0.016291597273735924,0.0162915974275806
15091241,"Oranienbaum-Wörlitz, Stadt",115835834.00469567,rp100,artificial,5489320.495915246,4543259.620391405,76270828.4026535,76270827.10743105,0.8276542832163233,0.059567461315699344,0.059567462327267146
15091241,"Oranienbaum-Wörlitz, Stadt",115835834.00469567,rp100,open_or_seasonal,64712679.79468614,42503044.84367444,76270828.4026535,76270827.10743105,0.6567962411466164,0.5572647594607185,0.5572647689241248
15091241,"Oranienbaum-Wörlitz, Stadt",115835834.00469567,rp100,perennial_vegetation,42763613.976728976,26570219.623192295,76270828.4026535,76270827.10743105,0.6213277399251436,0.34836673705602367,0.3483667429719477
15091241,"Oranienbaum-Wörlitz, Stadt",115835834.00469567,rp100,water,2870213.4360135943,2654304.315395353,76270828.4026535,76270827.10743105,0.9247759355073903,0.03480104216755837,0.034801042758545675
15091375,"Wittenberg, Lutherstadt",241891947.94551182,rp100,artificial,21543580.480306156,1129767.022882061,46897740.1464746,46897739.766483694,0.05244100551971043,0.02409000986728756,0.024090010062477876
15091375,"Wittenberg, Lutherstadt",241891947.94551182,rp100,open_or_seasonal,116032315.70306385,18715529.340730686,46897740.1464746,46897739.766483694,0.16129583579651424,0.39907102735178535,0.3990710305852751
15091375,"Wittenberg, Lutherstadt",241891947.94551182,rp100,perennial_vegetation,101336345.17661166,24348513.88850386,46897740.1464746,46897739.766483694,0.240274245593411,0.5191830952292525,0.5191830994359553
15091375,"Wittenberg, Lutherstadt",241891947.94551182,rp100,water,2979689.570638712,2703929.894357991,46897740.1464746,46897739.766483694,0.9074535552300468,0.057655867551674574,0.05765586801883366
15091391,"Zahna-Elster, Stadt",149527206.48905957,rp100,artificial,7006121.711287381,563498.7020445713,16387620.052294191,16387620.094886543,0.08042947657285672,0.03438563380444521,0.034385633715075
15091391,"Zahna-Elster, Stadt",149527206.48905957,rp100,open_or_seasonal,76667857.71447262,4215018.129026107,16387620.052294191,16387620.094886543,0.0549776432351055,0.25720745999575595,0.25720745932725925
15091391,"Zahna-Elster, Stadt",149527206.48905957,rp100,perennial_vegetation,64701339.72938441,10568898.342400305,16387620.052294191,16387620.094886543,0.1633489876191913,0.6449318637284801,0.6449318620522657
15091391,"Zahna-Elster, Stadt",149527206.48905957,rp100,water,1151877.1444605915,1040204.8788232094,16387620.052294191,16387620.094886543,0.9030519303430778,0.0634750424713188,0.06347504230634357
16051000,"Erfurt, Stadt",241348282.88698152,rp100,artificial,52686501.35659377,6898220.255117046,11381197.57328439,11381197.493676186,0.13092955648029048,0.6061067133488269,0.6061067175883691
16051000,"Erfurt, Stadt",241348282.88698152,rp100,open_or_seasonal,153715757.3998079,3032234.084715957,11381197.57328439,11381197.493676186,0.019726241056922028,0.2664248700711127,0.26642487193467806
16051000,"Erfurt, Stadt",241348282.88698152,rp100,perennial_vegetation,31638423.80014846,1074857.0677442017,11381197.57328439,11381197.493676186,0.033973154747966874,0.09444147338828941,0.09444147404888037
16051000,"Erfurt, Stadt",241348282.88698152,rp100,water,3307580.779515498,375886.16570718656,11381197.57328439,11381197.493676186,0.11364383540838184,0.033026943191771095,0.03302694342278507
16052000,"Gera, Stadt",152225023.77741796,rp100,artificial,24980001.605778642,3301641.8600640763,6468319.531287097,6468319.383383093,0.13217140303547079,0.5104327088502846,0.5104327205217926
16052000,"Gera, Stadt",152225023.77741796,rp100,open_or_seasonal,88376483.76644641,1515405.3524838674,6468319.531287097,6468319.383383093,0.01714715598426214,0.23428115218394674,0.2342811575409983
16052000,"Gera, Stadt",152225023.77741796,rp100,perennial_vegetation,38469141.91673913,1534189.8086307354,6468319.531287097,6468319.383383093,0.03988105094600931,0.23718522271664197,0.23718522814009774
16052000,"Gera, Stadt",152225023.77741796,rp100,water,399384.45003151597,117082.5101084191,6468319.531287097,6468319.383383093,0.29315740785396116,0.018100916249126835,0.018100916663020744
16053000,"Jena, Stadt",114774805.72667123,rp100,artificial,20102442.145851042,3745053.6963692377,9297921.07388075,9297921.11642597,0.1862984441988399,0.40278398435642276,0.4027839825133728
16053000,"Jena, Stadt",114774805.72667123,rp100,open_or_seasonal,54867623.920475714,2925730.576810316,9297921.07388075,9297921.11642597,0.053323442273549605,0.3146650260378237,0.3146650245979865
16053000,"Jena, Stadt",114774805.72667123,rp100,perennial_vegetation,39247201.47412964,2215833.8504943107,9297921.07388075,9297921.11642597,0.05645839110222699,0.23831497738982954,0.2383149762993532
16053000,"Jena, Stadt",114774805.72667123,rp100,water,557528.3561127343,411302.9502068875,9297921.07388075,9297921.11642597,0.7377256164594443,0.04423601221592415,0.04423601201351
16055000,"Weimar, Stadt",84361516.43843871,rp100,artificial,14619514.82918215,276282.67767616763,1655929.6077163457,1655929.6166530473,0.01889821111742212,0.16684445787353405,0.16684445697310984
16055000,"Weimar, Stadt",84361516.43843871,rp100,open_or_seasonal,51187181.76552945,603227.3663895577,1655929.6077163457,1655929.6166530473,0.011784734880555273,0.3642832180659265,0.3642832160999671
16055000,"Weimar, Stadt",84361516.43843871,rp100,perennial_vegetation,18488650.348053895,772196.1243942981,1655929.6077163457,1655929.6166530473,0.04176595423989826,0.46632182962125784,0.4663218271046176
16055000,"Weimar, Stadt",84361516.43843871,rp100,water,66163.23264236219,4223.439256322403,1655929.6077163457,1655929.6166530473,0.06383362915702324,0.0025504944392816613,0.002550494425517183
16062008,Görsbach,7956821.949945353,rp100,artificial,517379.9749897867,3618.34900323067,1643324.817767239,1643324.781063536,0.006993600792728976,0.0022018465029615187,0.002201846552139819
16062008,Görsbach,7956821.949945353,rp100,open_or_seasonal,5883036.183193847,904232.9336611816,1643324.817767239,1643324.781063536,0.15370174608891862,0.5502460158118646,0.550246028101624
16062008,Görsbach,7956821.949945353,rp100,perennial_vegetation,1556405.2336721534,735473.5351028267,1643324.817767239,1643324.781063536,0.47254630040504564,0.44755213768517393,0.4475521476812629
16062008,Görsbach,7956821.949945353,rp100,water,0,0,1643324.817767239,1643324.781063536,NA,0,0
16062064,"Heringen/Helme, Stadt",66732736.770867296,rp100,artificial,3072247.042782918,35433.00124555847,3711271.048498623,3711271.124692605,0.011533252616776018,0.009547403243396282,0.009547403047384015
16062064,"Heringen/Helme, Stadt",66732736.770867296,rp100,open_or_seasonal,47260653.6613192,1224468.5805633382,3711271.048498623,3711271.124692605,0.02590883717644203,0.3299324044409775,0.32993239766732424
16062064,"Heringen/Helme, Stadt",66732736.770867296,rp100,perennial_vegetation,14067343.151009189,1343860.8914812952,3711271.048498623,3711271.124692605,0.09553054027724396,0.3621025987915778,0.36210259135745676
16062064,"Heringen/Helme, Stadt",66732736.770867296,rp100,water,2332486.739030233,1107508.5752084309,3711271.048498623,3711271.124692605,0.4748188089030227,0.29841759352404834,0.29841758739740765
16064003,"Bad Langensalza, Stadt",126456585.70906514,rp100,artificial,7472833.267947511,12665.873018283419,3543680.653686094,3543680.643655977,0.001694922469715724,0.003574214004049301,0.0035742140141658404
16064003,"Bad Langensalza, Stadt",126456585.70906514,rp100,open_or_seasonal,101051424.90382268,2203521.68625669,3543680.653686094,3543680.643655977,0.02180594373957544,0.621817229485567,0.6218172312455731
16064003,"Bad Langensalza, Stadt",126456585.70906514,rp100,perennial_vegetation,17908298.062139384,1327493.0944111208,3543680.653686094,3543680.643655977,0.0741272615524322,0.3746085565103837,0.37460855757068456
16064003,"Bad Langensalza, Stadt",126456585.70906514,rp100,water,24020.20607590427,0,3543680.653686094,3543680.643655977,0,0,0
16064004,"Bad Tennstedt, Stadt",27498221.084865674,rp100,artificial,1338422.8993108503,8776.666894557224,91803.49579266763,91803.49939124795,0.006557469166939912,0.09560275258339583,0.09560274883588962
16064004,"Bad Tennstedt, Stadt",27498221.084865674,rp100,open_or_seasonal,24749563.856283247,82348.11239553016,91803.49579266763,91803.49939124795,0.003327255093209418,0.8970041029974299,0.8970040678360108
16064004,"Bad Tennstedt, Stadt",27498221.084865674,rp100,perennial_vegetation,1399688.4287332206,678.7165025802351,91803.49579266763,91803.49939124795,4.849054179825601e-4,0.0073931444191741155,0.007393144129372265
16064004,"Bad Tennstedt, Stadt",27498221.084865674,rp100,water,10543.557698223529,0,91803.49579266763,91803.49939124795,0,0,0
16064005,Ballhausen,14763970.830593009,rp100,artificial,444314.8330514367,0,721264.276977627,721264.2434715331,0,0,0
16064005,Ballhausen,14763970.830593009,rp100,open_or_seasonal,13636651.246839901,717207.3104112364,721264.276977627,721264.2434715331,0.052594093478590564,0.9943752010242476,0.9943752472176214
16064005,Ballhausen,14763970.830593009,rp100,perennial_vegetation,676055.4493497347,4056.966566390647,721264.276977627,721264.2434715331,0.00600093760103975,0.005624798975752533,0.005624799237050724
16064005,Ballhausen,14763970.830593009,rp100,water,6949.872614312188,0,721264.276977627,721264.2434715331,0,0,0
16064019,Großvargula,15220881.260040574,rp100,artificial,378851.81359777774,259.90482522913044,482168.047523718,482168.01455080666,6.860329445461443e-4,5.390336969940872e-4,5.390337338557407e-4
16064019,Großvargula,15220881.260040574,rp100,open_or_seasonal,13314652.253842387,141030.3577676148,482168.047523718,482168.01455080666,0.010592117246390403,0.29249212695015314,0.29249214695213727
16064019,Großvargula,15220881.260040574,rp100,perennial_vegetation,1527374.4809976458,340877.784930874,482168.047523718,482168.01455080666,0.22317891857681196,0.7069688393528527,0.7069688876986993
16064019,Großvargula,15220881.260040574,rp100,water,0,0,482168.047523718,482168.01455080666,NA,0,0
16064022,Herbsleben,25026925.58213634,rp100,artificial,1449179.3172283275,269466.00875141,4883862.905861879,4883862.767545013,0.18594386874550867,0.05517476922375978,0.05517477078637559
16064022,Herbsleben,25026925.58213634,rp100,open_or_seasonal,21966895.74729249,3767440.2277544932,4883862.905861879,4883862.767545013,0.17150535383311252,0.7714058114187862,0.7714058332659263
16064022,Herbsleben,25026925.58213634,rp100,perennial_vegetation,1253624.7956245425,598485.6469765679,4883862.905861879,4883862.767545013,0.4774041236783361,0.12254349856099211,0.12254350203157134
16064022,Herbsleben,25026925.58213634,rp100,water,357225.1041823846,248471.02237940807,4883862.905861879,4883862.767545013,0.6955586812637582,0.050875920796462075,0.05087592223732933
16065003,"Bad Frankenhausen/Kyffhäuser, Stadt",91131990.57951656,rp100,artificial,4177858.0345301847,11835.748505605563,5513093.920076285,5513093.9910248,0.0028329704857806485,0.0021468432566521182,0.0021468432290241944
16065003,"Bad Frankenhausen/Kyffhäuser, Stadt",91131990.57951656,rp100,open_or_seasonal,68755198.39278756,3623635.4661084465,5513093.920076285,5513093.9910248,0.05270343989711426,0.6572780218586057,0.6572780134000342
16065003,"Bad Frankenhausen/Kyffhäuser, Stadt",91131990.57951656,rp100,perennial_vegetation,18178177.998415716,1869562.9176390301,5513093.920076285,5513093.9910248,0.10284655138716148,0.3391131993654048,0.33911319500132575
16065003,"Bad Frankenhausen/Kyffhäuser, Stadt",91131990.57951656,rp100,water,20750.51127957459,8059.787823202082,5513093.920076285,5513093.9910248,0.3884139390404127,0.0014619355193373088,0.0014619355005235255
16065016,Etzleben,6169882.453137882,rp100,artificial,222261.7750966377,0,1007696.9948482639,1007697.0835305525,0,0,0
16065016,Etzleben,6169882.453137882,rp100,open_or_seasonal,5107599.649620253,846359.5794478797,1007696.9948482639,1007697.0835305525,0.1657059357639368,0.839894912632266,0.839894838717392
16065016,Etzleben,6169882.453137882,rp100,perennial_vegetation,840020.5877808825,161337.41540038426,1007696.9948482639,1007697.0835305525,0.1920636443287611,0.16010508736773396,0.16010507327770057
16065016,Etzleben,6169882.453137882,rp100,water,0,0,1007696.9948482639,1007697.0835305525,NA,0,0
16065019,Gehofen,13550800.709014917,rp100,artificial,368101.83279621165,1265.3789569032974,2449845.494462121,2449845.456904595,0.0034375785289931875,5.165137800582479e-4,5.165137879766983e-4
16065019,Gehofen,13550800.709014917,rp100,open_or_seasonal,11913400.621107852,2348955.327213654,2449845.494462121,2449845.456904595,0.1971691712483702,0.9588177428019321,0.95881775750115406
16065019,Gehofen,13550800.709014917,rp100,perennial_vegetation,1267680.517125038,98191.53110575504,2449845.494462121,2449845.456904595,0.07745763209206906,0.040080703590376264,0.040080704204836275
16065019,Gehofen,13550800.709014917,rp100,water,1616.495260765882,1433.2571858086894,2449845.494462121,2449845.456904595,0.8866448424535586,5.850398276334444e-4,5.850398366024381e-4
16065042,Kalbsrieth,11984376.590546284,rp100,artificial,476070.8326092077,32993.156141823325,5563927.8423039,5563927.842482987,0.06930304039211413,0.005929831780162265,0.005929831779971401
16065042,Kalbsrieth,11984376.590546284,rp100,open_or_seasonal,10076245.065376673,4635034.93415202,5563927.8423039,5563927.842482987,0.4599962490073431,0.8330508708094162,0.8330508707826028
16065042,Kalbsrieth,11984376.590546284,rp100,perennial_vegetation,1415243.92454254,888100.307232446,5563927.8423039,5563927.842482987,0.6275245502428236,0.1596175098605706,0.15961750985543297
16065042,Kalbsrieth,11984376.590546284,rp100,water,16815.64835055708,7799.4447776106,5563927.8423039,5563927.842482987,0.46382063985967065,0.001401787549850938,0.0014017875498058185
16065046,Mönchpfiffel-Nikolausrieth,9269989.80810026,rp100,artificial,293538.55760900147,0,2815389.99282376,2815389.8747647265,0,0,0
16065046,Mönchpfiffel-Nikolausrieth,9269989.80810026,rp100,open_or_seasonal,5142814.919530363,1760964.0631817065,2815389.99282376,2815389.8747647265,0.34241249018981146,0.6254778441602356,0.6254778703886845
16065046,Mönchpfiffel-Nikolausrieth,9269989.80810026,rp100,perennial_vegetation,3833635.407709126,1054425.9296420533,2815389.99282376,2815389.8747647265,0.27504595964490763,0.37452215583976434,0.3745221715447735
16065046,Mönchpfiffel-Nikolausrieth,9269989.80810026,rp100,water,0,0,2815389.99282376,2815389.8747647265,NA,0,0
16065056,Reinsdorf,11333050.860904051,rp100,artificial,646566.5415231668,108118.83609773734,2959987.2272071517,2959987.0251175216,0.16721996755822446,0.036526791434756,0.03652679392857969
16065056,Reinsdorf,11333050.860904051,rp100,open_or_seasonal,9006483.553224208,2376698.2184115457,2959987.2272071517,2959987.0251175216,0.2638874766568266,0.8029420521027184,0.8029421069226419
16065056,Reinsdorf,11333050.860904051,rp100,perennial_vegetation,1676595.1824565162,472833.7923131247,2959987.2272071517,2959987.0251175216,0.2820202498854478,0.15974183535895167,0.15974184626513746
16065056,Reinsdorf,11333050.860904051,rp100,water,3404.606882979845,2336.380384744128,2959987.2272071517,2959987.0251175216,0.6862408686371557,7.893211035740118e-4,7.89321157463981e-4
16065085,Kyffhäuserland,129150645.2294905,rp100,artificial,2339687.453677756,117074.13678183527,2324708.4848089274,2324708.4645147226,0.05003836585002257,0.05036078181280344,0.050360782252442234
16065085,Kyffhäuserland,129150645.2294905,rp100,open_or_seasonal,106766262.9921849,1387056.5220355296,2324708.4848089274,2324708.4645147226,0.012991524505611474,0.5966582610677461,0.5966582662764445
16065085,Kyffhäuserland,129150645.2294905,rp100,perennial_vegetation,19655973.05340196,641625.4797579385,2324708.4848089274,2324708.4645147226,0.0326427736757041,0.27600255427754206,0.276002556686985
16065085,Kyffhäuserland,129150645.2294905,rp100,water,388712.62638729234,178952.34623362424,2324708.4848089274,2324708.4645147226,0.46037183792256275,0.07697840284190846,0.07697840351391336
16065086,"Artern, Stadt",44877102.87300427,rp100,artificial,3755980.0446661687,168715.77033333227,10492716.516334992,10492716.159764975,0.04491924033859656,0.016079322268039615,0.016079322814457158
16065086,"Artern, Stadt",44877102.87300427,rp100,open_or_seasonal,31220702.341416202,6731450.83608575,10492716.516334992,10492716.159764975,0.21560856519092658,0.6415355666577165,0.6415355884587777
16065086,"Artern, Stadt",44877102.87300427,rp100,perennial_vegetation,9824783.617188072,3566390.5294164354,10492716.516334992,10492716.159764975,0.3629993970734557,0.3398920121271076,0.3398920236775297
16065086,"Artern, Stadt",44877102.87300427,rp100,water,75633.58155840992,26159.380499474715,10492716.516334992,10492716.159764975,0.3458699159879462,0.002493098947136327,0.0024930990318583683
16065087,"Roßleben-Wiehe, Stadt",72961945.2059014,rp100,artificial,4399008.143382216,162176.75089097096,16278526.377434883,16278526.112995436,0.03686666303060761,0.009962618675101858,0.00996261883694141
16065087,"Roßleben-Wiehe, Stadt",72961945.2059014,rp100,open_or_seasonal,56052371.65744147,12237715.370494757,16278526.377434883,16278526.112995436,0.21832645093564185,0.751770466610451,0.7517704788227216
16065087,"Roßleben-Wiehe, Stadt",72961945.2059014,rp100,perennial_vegetation,12280449.435369788,3667182.576221351,16278526.377434883,16278526.112995436,0.2986195737803569,0.22527730650759395,0.2252773101671517
16065087,"Roßleben-Wiehe, Stadt",72961945.2059014,rp100,water,230110.74854309275,211451.67982780363,16278526.377434883,16278526.112995436,0.9189126590851324,0.012989608206853149,0.012989608417865178
16065088,"An der Schmücke, Stadt",95033858.16494577,rp100,artificial,4289125.967790859,373998.7675816181,17164639.021907676,17164638.71797188,0.0871969651603048,0.02178890957766567,0.021788909963483847
16065088,"An der Schmücke, Stadt",95033858.16494577,rp100,open_or_seasonal,75853589.4525165,13696518.278157089,17164639.021907676,17164638.71797188,0.18056519641342691,0.797949683688417,0.7979496978177836
16065088,"An der Schmücke, Stadt",95033858.16494577,rp100,perennial_vegetation,13799574.78302885,2600597.507694669,17164639.021907676,17164638.71797188,0.18845490158819717,0.1515090124747429,0.15150901515752657
16065088,"An der Schmücke, Stadt",95033858.16494577,rp100,water,1091559.0129755514,493524.4684742999,17164639.021907676,17164638.71797188,0.4521280687600843,0.028752394259174443,0.028752394768295664
16067067,Tonna,30553380.785975747,rp100,artificial,1293511.5096244558,2992.3566061743404,172578.33821355406,172578.33471518618,0.0023133590879628966,0.017339120524335453,0.017339120875820024
16067067,Tonna,30553380.785975747,rp100,open_or_seasonal,27394858.002782885,114858.54391780628,172578.33821355406,172578.33471518618,0.0041927044814811035,0.6655443846937301,0.6655443981851055
16067067,Tonna,30553380.785975747,rp100,perennial_vegetation,1853457.2903241713,54727.43768957346,172578.33821355406,172578.33471518618,0.029527218121115476,0.3171164947819346,0.3171165012102627
16067067,Tonna,30553380.785975747,rp100,water,11550.912530940841,0,172578.33821355406,172578.33471518618,0,0,0
16068002,Andisleben,6732502.916401412,rp100,artificial,374426.39599490364,5207.013038797886,397398.47014594637,397398.46276055695,0.013906639848299476,0.013102750589063886,0.0131027508325699
16068002,Andisleben,6732502.916401412,rp100,open_or_seasonal,6027836.896902637,353797.1229059129,397398.47014594637,397398.46276055695,0.058693877912939084,0.8902830521113464,0.8902830686566722
16068002,Andisleben,6732502.916401412,rp100,perennial_vegetation,330239.06869553175,38394.334201235535,397398.47014594637,397398.46276055695,0.1162622410270715,0.09661419729958962,0.09661419909510101
16068002,Andisleben,6732502.916401412,rp100,water,0,0,397398.47014594637,397398.46276055695,NA,0,0
16068005,Büchel,6465064.2897306755,rp100,artificial,137430.616601916,8949.152408465798,767525.5329174431,767525.5842490864,0.06511760355691391,0.01165974553895185,0.011659744759155172
16068005,Büchel,6465064.2897306755,rp100,open_or_seasonal,5755412.775898631,595215.4322081695,767525.5329174431,767525.5842490864,0.10341837421300065,0.775499194073316,0.7754991422084024
16068005,Büchel,6465064.2897306755,rp100,perennial_vegetation,572223.0563264012,163360.94830080777,767525.5329174431,767525.5842490864,0.2854847362312944,0.2128410603877321,0.2128410461530517
16068005,Büchel,6465064.2897306755,rp100,water,0,0,767525.5329174431,767525.5842490864,NA,0,0
16068009,Elxleben,12186547.95859878,rp100,artificial,1715979.3686374477,193509.44706289595,3000580.2894141553,3000580.20237172,0.11276909885959162,0.06449067460237082,0.0644906764731508
16068009,Elxleben,12186547.95859878,rp100,open_or_seasonal,9465084.196377676,2476622.145789384,3000580.2894141553,3000580.20237172,0.261658754893823,0.8253810619654937,0.8253810859085889
16068009,Elxleben,12186547.95859878,rp100,perennial_vegetation,713082.4374456606,143707.27198185353,3000580.2894141553,3000580.20237172,0.2015296751615826,0.047893160029359345,0.04789316141866975
16068009,Elxleben,12186547.95859878,rp100,water,292401.03537533974,186741.4245800224,3000580.2894141553,3000580.20237172,0.638648301434064,0.062235103402776305,0.06223510520812546
16068014,"Gebesee, Stadt",23937622.069045044,rp100,artificial,1053200.56771715,18622.727872863208,4499781.769533797,4499781.7480134955,0.017682033644577915,0.0041385846751391744,0.004138584694932043
16068014,"Gebesee, Stadt",23937622.069045044,rp100,open_or_seasonal,19717579.060476683,3145489.2342746793,4499781.769533797,4499781.7480134955,0.15952715212283447,0.699031507610328,0.6990315109534609
16068014,"Gebesee, Stadt",23937622.069045044,rp100,perennial_vegetation,3146693.5565084866,1327989.9722710447,4499781.769533797,4499781.7480134955,0.4220271050939444,0.29512319492076877,0.29512319633220174
16068014,"Gebesee, Stadt",23937622.069045044,rp100,water,20147.53810979543,7679.835115210046,4499781.769533797,4499781.7480134955,0.38117982819331286,0.0017067127937641564,0.0017067128019265464
16068015,Griefstedt,5039260.894747333,rp100,artificial,128650.12819033333,0,204101.59506732493,204101.574985008,0,0,0
16068015,Griefstedt,5039260.894747333,rp100,open_or_seasonal,4678367.256615083,166727.7234538542,204101.59506732493,204101.574985008,0.03563801521099178,0.8168859405476837,0.8168860209241451
16068015,Griefstedt,5039260.894747333,rp100,perennial_vegetation,231355.36389536064,37373.871613470714,204101.59506732493,204101.574985008,0.1615431385907892,0.18311405945231624,0.18311407746959307
16068015,Griefstedt,5039260.894747333,rp100,water,884.9193883156167,0,204101.59506732493,204101.574985008,0,0,0
16068044,Riethnordhausen,12511209.372501971,rp100,artificial,530900.7603122297,0,150971.52730665315,150971.5272975938,0,0,0
16068044,Riethnordhausen,12511209.372501971,rp100,open_or_seasonal,11176374.510932308,150971.52730665315,150971.52730665315,150971.5272975938,0.013508094879871688,1,1.000000000060007
16068044,Riethnordhausen,12511209.372501971,rp100,perennial_vegetation,580669.9676688805,0,150971.52730665315,150971.5272975938,0,0,0
16068044,Riethnordhausen,12511209.372501971,rp100,water,223263.65941073568,0,150971.52730665315,150971.5272975938,0,0,0
16068045,Ringleben,6614911.140140915,rp100,artificial,271652.5503513056,9323.831662518853,1755403.4289743304,1755403.366918549,0.03432263621475712,0.005311503617129596,0.005311503804898125
16068045,Ringleben,6614911.140140915,rp100,open_or_seasonal,5534767.121580109,1220187.1164123123,1755403.4289743304,1755403.366918549,0.2204586190545924,0.6951035279253492,0.6951035524981588
16068045,Ringleben,6614911.140140915,rp100,perennial_vegetation,808490.69848632,525892.4808994993,1755403.4289743304,1755403.366918549,0.6504620051709817,0.29958496845752114,0.2995849790482376
16068045,Ringleben,6614911.140140915,rp100,water,0,0,1755403.4289743304,1755403.366918549,NA,0,0
16068049,Schwerstedt,12701257.201026253,rp100,artificial,289608.5078317362,1859.8813721322385,1111815.18944196,1111815.1286186911,0.0064220536408165114,0.0016728332098662425,0.0016728333013807232
16068049,Schwerstedt,12701257.201026253,rp100,open_or_seasonal,11010977.584676966,344013.592185842,1111815.18944196,1111815.1286186911,0.031242783807368404,0.30941616507192043,0.30941618199892756
16068049,Schwerstedt,12701257.201026253,rp100,perennial_vegetation,1312170.2515649642,684914.6692571496,1111815.18944196,1111815.1286186911,0.5219708863543308,0.6160328404947593,0.6160328741956239
16068049,Schwerstedt,12701257.201026253,rp100,water,88500.00458371236,81027.0466268362,1111815.18944196,1111815.1286186911,0.9155598014708862,0.07287816122345399,0.07287816521034703
16068051,"Sömmerda, Stadt",87938799.36311261,rp100,artificial,8185740.423999732,513734.49757325597,11491221.448893048,11491221.377641631,0.06275968586385176,0.04470669196117042,0.04470669223837465
16068051,"Sömmerda, Stadt",87938799.36311261,rp100,open_or_seasonal,70389009.82942621,8303855.17348419,11491221.448893048,11491221.377641631,0.11797090474218823,0.7226259810948211,0.7226259855754696
16068051,"Sömmerda, Stadt",87938799.36311261,rp100,perennial_vegetation,8261121.643542242,2056365.4847301955,11491221.448893048,11491221.377641631,0.248920857658314,0.17895099262300665,0.1789509937325938
16068051,"Sömmerda, Stadt",87938799.36311261,rp100,water,1102918.8453791358,617266.293105407,11491221.448893048,11491221.377641631,0.5596661038947227,0.05371633432100192,0.05371633465407051
16068053,Straußfurt,21965099.792413514,rp100,artificial,1418745.1022532615,66547.27664502831,3909185.551287576,3909185.547995716,0.04690573136734529,0.01702330978459426,0.01702330979892931
16068053,Straußfurt,21965099.792413514,rp100,open_or_seasonal,16128920.181928085,1670105.3779938426,3909185.551287576,3909185.547995716,0.1035472529565333,0.427225916007941,0.42722591636770085
16068053,Straußfurt,21965099.792413514,rp100,perennial_vegetation,2235745.5419391305,403024.19163136056,3909185.551287576,3909185.547995716,0.18026389142737834,0.10309671575927515,0.10309671584609119
16068053,Straußfurt,21965099.792413514,rp100,water,2181686.2256373423,1769508.7050173446,3909185.551287576,3909185.547995716,0.811073876813066,0.45265405844818957,0.452654058829362
16068057,Walschleben,16867652.67604501,rp100,artificial,896118.3803789512,173779.29693178533,4496140.757870073,4496140.598788463,0.19392448669370826,0.03865076880157743,0.038650770169111746
16068057,Walschleben,16867652.67604501,rp100,open_or_seasonal,14396272.61181163,3746384.733568471,4496140.757870073,4496140.598788463,0.2602329668649575,0.8332445391107418,0.8332445685924452
16068057,Walschleben,16867652.67604501,rp100,perennial_vegetation,1574760.579383874,575476.5137035054,4496140.757870073,4496140.598788463,0.3654374647406153,0.12799343808269073,0.12799344261133075
16068057,Walschleben,16867652.67604501,rp100,water,500.2136663127603,500.2136663127603,4496140.757870073,4496140.598788463,1,1.1125400499020924e-4,1.1125400892657777e-4
16068058,"Weißensee, Stadt",55418400.665980585,rp100,artificial,2143353.025438082,16973.273590655754,5126479.577731817,5126479.1886414,0.007919028451781326,0.0033109024103760275,0.0033109026616674796
16068058,"Weißensee, Stadt",55418400.665980585,rp100,open_or_seasonal,48753879.90723776,4704244.050878109,5126479.577731817,5126479.1886414,0.09648963446250235,0.9176363583524655,0.9176364279993908
16068058,"Weißensee, Stadt",55418400.665980585,rp100,perennial_vegetation,4470230.01201721,404239.5030283221,5126479.577731817,5126479.1886414,0.09042924009315291,0.07885323581200643,0.07885324179682315
16068058,"Weißensee, Stadt",55418400.665980585,rp100,water,50933.95206857856,1022.7502347299127,5126479.577731817,5126479.1886414,0.02007993083577846,1.9950342515212416e-4,1.9950344029407013e-4
16068059,Werningshausen,12703068.068347767,rp100,artificial,279309.40124868386,4357.893543210432,1521383.614007819,1521383.590391774,0.015602387616485454,0.002864427816289097,0.0028644278607528714
16068059,Werningshausen,12703068.068347767,rp100,open_or_seasonal,10412368.69590878,1138354.5981705724,1521383.614007819,1521383.590391774,0.10932715037432875,0.7482363998727293,0.7482364114874098
16068059,Werningshausen,12703068.068347767,rp100,perennial_vegetation,2010288.9486401877,378671.1222940361,1521383.614007819,1521383.590391774,0.18836651445066102,0.24889917231098163,0.24889917617457927
16068059,Werningshausen,12703068.068347767,rp100,water,1100.0390357303554,0,1521383.614007819,1521383.590391774,0,0,0
16068062,Wundersleben,6945333.317018308,rp100,artificial,306622.10660270863,11934.118862168389,1934183.9871777103,1934183.917985925,0.03892126042181123,0.006170105295712955,0.006170105516436847
16068062,Wundersleben,6945333.317018308,rp100,open_or_seasonal,6042460.668733584,1567875.273422927,1934183.9871777103,1934183.917985925,0.2594762894421176,0.8106133045340286,0.8106133335321922
16068062,Wundersleben,6945333.317018308,rp100,perennial_vegetation,593604.1152063349,354113.8817226944,1934183.9871777103,1934183.917985925,0.596548899597176,0.18308179783837641,0.18308180438778276
16068062,Wundersleben,6945333.317018308,rp100,water,2646.853835769165,260.7131699206002,1934183.9871777103,1934183.917985925,0.09849926973577594,1.3479233188204767e-4,1.3479233670398938e-4
16068064,Kindelbrück,64515744.684145674,rp100,artificial,2050696.9035135063,128582.68607345659,9844022.262706585,9844022.087114535,0.06270194578884519,0.013062006834399738,0.013062007067392363
16068064,Kindelbrück,64515744.684145674,rp100,open_or_seasonal,55515182.122043386,8685470.23664206,9844022.262706585,9844022.087114535,0.15645216145644825,0.8823090810700804,0.8823090968082065
16068064,Kindelbrück,64515744.684145674,rp100,perennial_vegetation,6909502.455625585,1028948.1069856646,9844022.262706585,9844022.087114535,0.14891782926394573,0.10452517065953468,0.10452517252399504
16068064,Kindelbrück,64515744.684145674,rp100,water,40361.81916694353,1021.233005403752,9844022.262706585,9844022.087114535,0.025301956811702515,1.0374143598522978e-4,1.0374143783571034e-4
16071001,"Apolda, Stadt",46278365.56514259,rp100,artificial,7682456.461325914,55036.26870344691,711073.2720670158,711073.2330418064,0.007163889438294092,0.07739887134762108,0.07739887559543554
16071001,"Apolda, Stadt",46278365.56514259,rp100,open_or_seasonal,33323295.085494347,266853.74851070583,711073.2720670158,711073.2330418064,0.008008024051224978,0.37528305308817167,0.37528307368450275
16071001,"Apolda, Stadt",46278365.56514259,rp100,perennial_vegetation,5230676.940686015,388797.95179788885,711073.2720670158,711073.2330418064,0.07433033165816146,0.5467762143100862,0.5467762443183263
16071001,"Apolda, Stadt",46278365.56514259,rp100,water,41933.43368318501,385.3030549742279,711073.2720670158,711073.2330418064,0.009188445141060117,5.418612541211008e-4,5.418612838595974e-4
16071003,"Bad Berka, Stadt",54603342.18409892,rp100,artificial,2758063.2749910937,49440.66887859139,126313.88484123508,126313.89469648057,0.017925864619168695,0.39141119712004546,0.39141116658141434
16071003,"Bad Berka, Stadt",54603342.18409892,rp100,open_or_seasonal,24849330.525064204,56164.67672624625,126313.88484123508,126313.89469648057,0.0022602088482663917,0.44464372857219997,0.44464369388026753
16071003,"Bad Berka, Stadt",54603342.18409892,rp100,perennial_vegetation,26898488.114722356,20708.53923639744,126313.88484123508,126313.89469648057,7.698774424820936e-4,0.16394507430775457,0.16394506151645433
16071003,"Bad Berka, Stadt",54603342.18409892,rp100,water,97457.68737357849,0,126313.88484123508,126313.89469648057,0,0,0
16071004,"Bad Sulza, Stadt",93949607.40627933,rp100,artificial,4191326.756865788,244142.17611369755,1812103.1819875233,1812103.0723847272,0.05824937788822351,0.1347286283366719,0.1347286364855651
16071004,"Bad Sulza, Stadt",93949607.40627933,rp100,open_or_seasonal,78876945.38213271,889139.7068786934,1812103.1819875233,1812103.0723847272,0.011272491633278972,0.4906672620614687,0.4906672917388666
16071004,"Bad Sulza, Stadt",93949607.40627933,rp100,perennial_vegetation,10811248.619036585,678085.605658433,1812103.1819875233,1812103.0723847272,0.06272037851987339,0.374198120945136,0.37419814357804304
16071004,"Bad Sulza, Stadt",93949607.40627933,rp100,water,70079.80040843683,735.6933366993394,1812103.1819875233,1812103.0723847272,0.01049793710044257,4.0598865672341434e-4,4.059886812791323e-4
16071009,Buchfart,7264648.840287894,rp100,artificial,74869.54930322987,44754.18268476788,268058.42474206915,268058.4169148291,0.5977621489814042,0.16695682192354594,0.1669568267986442
16071009,Buchfart,7264648.840287894,rp100,open_or_seasonal,5399388.955636775,171453.58298916905,268058.42474206915,268058.4169148291,0.03175425671272995,0.6396127379848066,0.6396127566613417
16071009,Buchfart,7264648.840287894,rp100,perennial_vegetation,1790216.495307092,51850.6590681322,268058.42474206915,268058.4169148291,0.028963345608787827,0.19343044009164748,0.1934304457397689
16071009,Buchfart,7264648.840287894,rp100,water,173.0773310192444,0,268058.42474206915,268058.4169148291,0,0,0
16071015,Eberstedt,4115693.94385734,rp100,artificial,108205.77074932831,55980.74067467031,450207.1840469199,450207.16682700854,0.5173544838413141,0.12434439666523865,0.1243444014212702
16071015,Eberstedt,4115693.94385734,rp100,open_or_seasonal,3326650.9114175765,59210.59515763222,450207.1840469199,450207.16682700854,0.01779886039572483,0.131518548028015,0.13151855305844964
16071015,Eberstedt,4115693.94385734,rp100,perennial_vegetation,678075.3737973395,332273.9411633459,450207.1840469199,450207.16682700854,0.49002508276116014,0.7380467325655043,0.7380467607949512
16071015,Eberstedt,4115693.94385734,rp100,water,2761.699041898491,2741.907051271555,450207.1840469199,450207.16682700854,0.9928334006252432,0.006090322741242169,0.006090322974190077
16071022,Großheringen,6057560.926787112,rp100,artificial,604760.6338021853,193631.46090446535,1169767.10035182,1169767.0978265218,0.3201786791033118,0.16552992544090922,0.16552992579825593
16071022,Großheringen,6057560.926787112,rp100,open_or_seasonal,3479157.8703891817,430044.608764853,1169767.10035182,1169767.0978265218,0.12360594856155459,0.3676326754578005,0.36763267625144747
16071022,Großheringen,6057560.926787112,rp100,perennial_vegetation,1899363.7770160954,482571.4099167005,1169767.10035182,1169767.0978265218,0.25407002900456555,0.41253631579445343,0.41253631668503854
16071022,Großheringen,6057560.926787112,rp100,water,74278.21867847668,63519.62076580124,1169767.10035182,1169767.0978265218,0.8551581055107759,0.054301083306836924,0.05430108342406233
16071031,Hetschburg,2807224.2804525387,rp100,artificial,82716.75816489477,26739.464554943017,481161.1437783914,481161.1212203278,0.3232653835591362,0.05557278450410041,0.055572787109494634
16071031,Hetschburg,2807224.2804525387,rp100,open_or_seasonal,1500254.3392901751,253180.99421927964,481161.1437783914,481161.1212203278,0.16875871483169233,0.5261875309197604,0.5261875555887773
16071031,Hetschburg,2807224.2804525387,rp100,perennial_vegetation,1224252.9619381365,201240.68500416868,481161.1437783914,481161.1212203278,0.16437835256333055,0.41823968457613897,0.4182397041842848
16071031,Hetschburg,2807224.2804525387,rp100,water,0,0,481161.1437783914,481161.1212203278,NA,0,0
16071056,Mellingen,14403975.646335885,rp100,artificial,1095040.774030516,137559.82823330202,1188323.7807819808,1188323.7674639735,0.12562073622791747,0.11575955178039125,0.11575955307775364
16071056,Mellingen,14403975.646335885,rp100,open_or_seasonal,10805932.01230543,623078.6474174116,1188323.7807819808,1188323.7674639735,0.05766079656135822,0.5243340724927615,0.5243340783691777
16071056,Mellingen,14403975.646335885,rp100,perennial_vegetation,2488708.808386537,421643.48374623,1188323.7807819808,1188323.7674639735,0.169422586654317,0.35482205318550974,0.3548220571621387
16071056,Mellingen,14403975.646335885,rp100,water,14292.283294906974,6041.821385037389,1188323.7807819808,1188323.7674639735,0.4227331113140179,0.005084322541337636,0.005084322598319619
16071064,Niedertrebra,9012802.449500132,rp100,artificial,513967.7892406669,96646.77213200665,714305.3366868607,714305.3470617348,0.18804052346313774,0.13530176406112301,0.13530176209594275
16071064,Niedertrebra,9012802.449500132,rp100,open_or_seasonal,7264074.975066061,73292.18234351603,714305.3366868607,714305.3470617348,0.01008967867141948,0.10260623654789532,0.10260623505759878
16071064,Niedertrebra,9012802.449500132,rp100,perennial_vegetation,1229013.7498929931,544086.4682244752,714305.3366868607,714305.3470617348,0.442701693347082,0.7617001305745437,0.7617001195112877
16071064,Niedertrebra,9012802.449500132,rp100,water,5745.567289825047,279.91398686276335,714305.3366868607,714305.3470617348,0.04871825056482573,3.9186881643791063e-4,3.918688107462416e-4
16071069,Obertrebra,3324047.8650238514,rp100,artificial,158988.20956655784,710.0687257059799,261737.27785534447,261737.24431570704,0.00446617222523486,0.0027129063598591288,0.002712906707497448
16071069,Obertrebra,3324047.8650238514,rp100,open_or_seasonal,2548555.218242158,98477.88780625851,261737.27785534447,261737.24431570704,0.0386406726059413,0.37624708491346326,0.37624713312666597
16071069,Obertrebra,3324047.8650238514,rp100,perennial_vegetation,616503.9866680857,162549.32132338,261737.27785534447,261737.24431570704,0.2636630497750431,0.6210400087266776,0.621040088308232
16071069,Obertrebra,3324047.8650238514,rp100,water,0,0,261737.27785534447,261737.24431570704,NA,0,0
16071071,Oettern,3602836.360627912,rp100,artificial,60061.91287905089,37253.215086722565,615448.6794012438,615448.68336802,0.6202468969268573,0.06053017308115013,0.06053017269101257
16071071,Oettern,3602836.360627912,rp100,open_or_seasonal,2278450.379268473,403167.9395750227,615448.6794012438,615448.68336802,0.1769483080445514,0.6550797053740627,0.655079701151851
16071071,Oettern,3602836.360627912,rp100,perennial_vegetation,1257243.150717615,170406.60494340732,615448.6794012438,615448.68336802,0.1355398952431293,0.2768819085113516,0.27688190672675345
16071071,Oettern,3602836.360627912,rp100,water,7080.63192094853,4620.919796091133,615448.6794012438,615448.68336802,0.6526140389277726,0.007508213033435578,0.00750821298504259
16071101,Ilmtal-Weinstraße,84678060.70379254,rp100,artificial,3289122.3479757532,227713.27802213733,2526116.017036824,2526116.005949804,0.06923223095129935,0.09014363413492338,0.0901436345305601
16071101,Ilmtal-Weinstraße,84678060.70379254,rp100,open_or_seasonal,73709687.48454313,1103641.7982342634,2526116.017036824,2526116.005949804,0.014972818850516717,0.4368927597905236,0.4368927617080281
16071101,Ilmtal-Weinstraße,84678060.70379254,rp100,perennial_vegetation,7632477.636001549,1194646.0119772446,2526116.017036824,2526116.005949804,0.15652139042533608,0.4729181098256066,0.47291811190122485
16071101,Ilmtal-Weinstraße,84678060.70379254,rp100,water,46766.52546091172,114.92880317898263,2526116.017036824,2526116.005949804,0.0024575014296292367,4.549624894655314e-5,4.549624914623432e-5
16073002,Altenbeuthen,8067650.082100825,rp100,artificial,111021.80060206194,20784.343744692727,1008916.584751681,1008916.5700702332,0.18720957174159464,0.020600656247323223,0.020600656547097723
16073002,Altenbeuthen,8067650.082100825,rp100,open_or_seasonal,3499671.2632689234,26920.637678167208,1008916.584751681,1008916.5700702332,0.0076923332659026835,0.026682718953215577,0.026682719341494406
16073002,Altenbeuthen,8067650.082100825,rp100,perennial_vegetation,3390002.9808054073,122478.73479777225,1008916.584751681,1008916.5700702332,0.03612938852598689,0.12139629444977085,0.12139629621629289
16073002,Altenbeuthen,8067650.082100825,rp100,water,1066953.5399427458,838732.8685310488,1008916.584751681,1008916.5700702332,0.7861006474340545,0.8313203303496903,0.8313203424468115
16073035,Hohenwarte,6515659.72345036,rp100,artificial,144690.91493872568,81460.34635027987,1602649.3968303609,1602649.5098506554,0.5629955853467168,0.050828550842990386,0.050828547258514954
16073035,Hohenwarte,6515659.72345036,rp100,open_or_seasonal,1345675.302968818,88283.58955706672,1602649.3968303609,1602649.5098506554,0.06560541711830199,0.05508602800566958,0.05508602412095301
16073035,Hohenwarte,6515659.72345036,rp100,perennial_vegetation,3012004.0528280553,90002.28144029992,1602649.3968303609,1602649.5098506554,0.029881195330993746,0.05615843466344036,0.056158430703096694
16073035,Hohenwarte,6515659.72345036,rp100,water,2013289.0319705387,1342903.1794827143,1602649.3968303609,1602649.5098506554,0.6670195675622026,0.8379269864878996,0.8379269273965299
16073038,Kaulsdorf,21969899.448903985,rp100,artificial,1112737.9128603726,465243.501889114,2560054.5254416317,2560054.4961023214,0.41810699223249453,0.18173187221817294,0.18173187430089727
16073038,Kaulsdorf,21969899.448903985,rp100,open_or_seasonal,9445293.299208913,1044038.1411346003,2560054.5254416317,2560054.4961023214,0.11053528017198187,0.40781871274968046,0.4078187174234558
16073038,Kaulsdorf,21969899.448903985,rp100,perennial_vegetation,10719551.069294427,588887.7208908958,2560054.5254416317,2560054.4961023214,0.0549358566496066,0.23002936657738082,0.23002936921361491
16073038,Kaulsdorf,21969899.448903985,rp100,water,692315.5784454625,461885.1615270218,2560054.5254416317,2560054.4961023214,0.6671598558624765,0.18042004845476586,0.18042005052245613
16073076,"Rudolstadt, Stadt",135170794.66884643,rp100,artificial,10165085.600725899,2177353.9030413586,4654109.474381156,4654109.513246779,0.21419926880752205,0.4678346985662333,0.46783469465943067
16073076,"Rudolstadt, Stadt",135170794.66884643,rp100,open_or_seasonal,51919618.33616172,1396211.638335801,4654109.474381156,4654109.513246779,0.026891793181063266,0.29999544403098755,0.29999544152578006
16073076,"Rudolstadt, Stadt",135170794.66884643,rp100,perennial_vegetation,72623512.2560999,883329.9879681643,4654109.474381156,4654109.513246779,0.012163140566008228,0.18979570481324318,0.18979570322829373
16073076,"Rudolstadt, Stadt",135170794.66884643,rp100,water,462567.702137046,197213.945035833,4654109.474381156,4654109.513246779,0.4263461199835434,0.04237415258953615,0.042374152235677295
16073077,"Saalfeld/Saale, Stadt",145629313.06071982,rp100,artificial,10855129.741206069,1562246.3155925893,4250761.006846861,4250761.001725982,0.14391779304694102,0.3675215598045198,0.3675215602472719
16073077,"Saalfeld/Saale, Stadt",145629313.06071982,rp100,open_or_seasonal,44836293.29519085,1816104.1187716704,4250761.006846861,4250761.001725982,0.040505224346154105,0.42724211402297213,0.4272421145376694
16073077,"Saalfeld/Saale, Stadt",145629313.06071982,rp100,perennial_vegetation,89521255.57071446,617289.6465044759,4250761.006846861,4250761.001725982,0.00689545340454779,0.14521861979776896,0.14521861997271338
16073077,"Saalfeld/Saale, Stadt",145629313.06071982,rp100,water,416624.0219243394,255120.9259781253,4250761.006846861,4250761.001725982,0.6123528950629167,0.06001770637473911,0.06001770644704227
16073107,Drognitz,24042613.719333693,rp100,artificial,455776.72073743504,13185.805576991614,980066.6634554594,980066.6255832426,0.028930406001555584,0.01345398845676671,0.01345398897666235
16073107,Drognitz,24042613.719333693,rp100,open_or_seasonal,11608333.615571368,2577.1142919723748,980066.6634554594,980066.6255832426,2.2200553303494352e-4,0.0026295295902486284,0.002629529691860205
16073107,Drognitz,24042613.719333693,rp100,perennial_vegetation,10533433.716850452,30250.933946919904,980066.6634554594,980066.6255832426,0.0028718967394769992,0.030866200305459838,0.030866201498206736
16073107,Drognitz,24042613.719333693,rp100,water,1445067.821997575,934052.8096395755,980066.6634554594,980066.6255832426,0.6463729905413,0.9530502816475248,0.9530503184757628
16073109,Uhlstädt-Kirchhasel,121721914.60138051,rp100,artificial,3311102.306783798,452794.8196668833,8216268.526997515,8216268.517904068,0.1367504769451538,0.05510954494477177,0.05510954500576488
16073109,Uhlstädt-Kirchhasel,121721914.60138051,rp100,open_or_seasonal,47452554.59095225,5933736.986738767,8216268.526997515,8216268.517904068,0.12504568063591984,0.7221936536325867,0.7221936544318825
16073109,Uhlstädt-Kirchhasel,121721914.60138051,rp100,perennial_vegetation,70315487.7645267,1483866.2813806622,8216268.526997515,8216268.517904068,0.02110297928032371,0.18060099624359696,0.18060099644347913
16073109,Uhlstädt-Kirchhasel,121721914.60138051,rp100,water,642760.3672312846,345870.4392112033,8216268.526997515,8216268.517904068,0.5381016889716672,0.04209580517904462,0.04209580522563462
16073111,Unterwellenborn,62681750.09147692,rp100,artificial,5796187.541739324,10215.237857043501,313307.982567961,313307.99573442206,0.0017624063720302096,0.032604460867279916,0.03260445949710944
16073111,Unterwellenborn,62681750.09147692,rp100,open_or_seasonal,21912379.0538358,1630.651295211952,313307.982567961,313307.99573442206,7.441689883173609e-5,0.0052046273505279754,0.005204627131808619
16073111,Unterwellenborn,62681750.09147692,rp100,perennial_vegetation,34475722.81825707,5329.214908348842,313307.982567961,313307.99573442206,1.5457877232748508e-4,0.017009508869416882,0.017009508154608964
16073111,Unterwellenborn,62681750.09147692,rp100,water,497455.7474184415,296132.8785073567,313307.982567961,313307.99573442206,0.5952949182799582,0.9451814029127752,0.9451813631924543
16074011,"Dornburg-Camburg, Stadt",30959506.43321031,rp100,artificial,2490519.2909055753,557090.3958869544,3175573.4017953267,3175573.3069345527,0.2236844331707189,0.17542985955607276,0.17542986479651618
16074011,"Dornburg-Camburg, Stadt",30959506.43321031,rp100,open_or_seasonal,18267051.809467707,1796213.3921045489,3175573.4017953267,3175573.3069345527,0.09833077668141182,0.5656343484578409,0.5656343653544786
16074011,"Dornburg-Camburg, Stadt",30959506.43321031,rp100,perennial_vegetation,9787598.581420157,584768.8855781091,3175573.4017953267,3175573.3069345527,0.05974589994814239,0.1841459199927506,0.18414592549356032
16074011,"Dornburg-Camburg, Stadt",30959506.43321031,rp100,water,414334.7929275612,237500.72822571473,3175573.4017953267,3175573.3069345527,0.5732097141724648,0.07478987199333591,0.0747898742274601
16074012,Crossen an der Elster,10708845.301631566,rp100,artificial,828898.7154705991,212510.3570687799,1880514.948850842,1880514.8077937895,0.25637674796990034,0.11300647048758757,0.11300647896418108
16074012,Crossen an der Elster,10708845.301631566,rp100,open_or_seasonal,7202092.315809475,1225078.769727688,1880514.948850842,1880514.8077937895,0.17010039805217297,0.6514592029573164,0.6514592518231453
16074012,Crossen an der Elster,10708845.301631566,rp100,perennial_vegetation,2630344.4687401676,417036.7184597546,1880514.948850842,1880514.8077937895,0.15854832833339844,0.22176729768332884,0.221767314318051
16074012,Crossen an der Elster,10708845.301631566,rp100,water,47509.12457731055,25889.103594619508,1880514.948850842,1880514.8077937895,0.5449290809913945,0.013767028871767279,0.013767029904429455
16074021,Freienorla,6875695.191636823,rp100,artificial,160073.19081475216,1874.8290972751388,293312.24816391,293312.22322411207,0.011712324142053377,0.006391922291044044,0.00639192283453742
16074021,Freienorla,6875695.191636823,rp100,open_or_seasonal,2037673.6599385175,222438.17988989272,293312.24816391,293312.22322411207,0.10916280867889529,0.7583664892356928,0.7583665537181982
16074021,Freienorla,6875695.191636823,rp100,perennial_vegetation,4660240.030554924,53198.694117644896,293312.24816391,293312.22322411207,0.011415440786064017,0.1813722217556908,0.18137223717743664
16074021,Freienorla,6875695.191636823,rp100,water,17707.850555352547,15800.545059097205,293312.24816391,293312.22322411207,0.8922904002214531,0.05386936671757218,0.053869371297985184
16074026,Golmsdorf,7654639.144072595,rp100,artificial,323412.79362984165,55795.92110341242,1170370.0895202493,1170370.1924490177,0.17252230648387085,0.047673741496831935,0.04767373730414186
16074026,Golmsdorf,7654639.144072595,rp100,open_or_seasonal,5101528.009864308,837463.391971218,1170370.0895202493,1170370.1924490177,0.16415932449099563,0.715554335735379,0.7155542728056095
16074026,Golmsdorf,7654639.144072595,rp100,perennial_vegetation,2216360.7361628893,263773.93170381535,1170370.0895202493,1170370.1924490177,0.11901218398250381,0.22537651471590486,0.2253764948950591
16074026,Golmsdorf,7654639.144072595,rp100,water,13336.844741803476,13336.844741803476,1170370.0895202493,1170370.1924490177,1,0.011395408051884196,0.011395407049709564
16074031,Großeutersdorf,3439460.8727406063,rp100,artificial,120938.16042385688,35617.34941394982,560866.3841396718,560866.4006115776,0.2945087744771398,0.063504161456537,0.06350415959150361
16074031,Großeutersdorf,3439460.8727406063,rp100,open_or_seasonal,1911446.3805224681,350200.7112401286,560866.3841396718,560866.4006115776,0.18321241694700635,0.6243924063612959,0.6243923880237152
16074031,Großeutersdorf,3439460.8727406063,rp100,perennial_vegetation,1372748.7283964525,144959.9927857812,560866.3841396718,560866.4006115776,0.1055983442469571,0.2584572669801548,0.25845725938960606
16074031,Großeutersdorf,3439460.8727406063,rp100,water,34327.52032143688,30088.330699812144,560866.3841396718,560866.4006115776,0.876507548988983,0.05364616520201233,0.05364616362649528
16074033,Großpürschütz,3845635.347057186,rp100,artificial,141620.8242965897,11926.556729798936,489878.43184494704,489878.4548256841,0.08421471057689736,0.024345951882147464,0.024345950740052087
16074033,Großpürschütz,3845635.347057186,rp100,open_or_seasonal,1387147.123478783,378286.7615131893,489878.43184494704,489878.4548256841,0.2727084640917509,0.772205381830164,0.7722053456051603
16074033,Großpürschütz,3845635.347057186,rp100,perennial_vegetation,2270394.806837062,64078.330834255,489878.43184494704,489878.4548256841,0.028223430850568217,0.13080455612819597,0.1308045499920104
16074033,Großpürschütz,3845635.347057186,rp100,water,46472.35585386346,35586.7827677038,489878.43184494704,489878.4548256841,0.765762400331278,0.07264411015949256,0.07264410675167747
16074044,"Kahla, Stadt",7954803.884107791,rp100,artificial,2295821.43563679,428908.20548857405,1052277.5758450392,1052277.6505470353,0.18682123915687204,0.4075998722524674,0.4075998433166404
16074044,"Kahla, Stadt",7954803.884107791,rp100,open_or_seasonal,2766074.876630011,405172.52432078426,1052277.5758450392,1052277.6505470353,0.1464792322666325,0.385043389331382,0.38504336199685696
16074044,"Kahla, Stadt",7954803.884107791,rp100,perennial_vegetation,2769514.3192879367,156230.36051901494,1052277.5758450392,1052277.6505470353,0.05641074300680379,0.14846877297898609,0.14846876243907423
16074044,"Kahla, Stadt",7954803.884107791,rp100,water,123392.62891821378,61966.48551666601,1052277.5758450392,1052277.6505470353,0.5021895234741954,0.05888796543716459,0.05888796125666284
16074048,Kleineutersdorf,5347650.252812287,rp100,artificial,115291.82942808198,1829.0329198175034,454107.9198620882,454107.9618106215,0.01586437589628533,0.004027749439765282,0.004027749067699175
16074048,Kleineutersdorf,5347650.252812287,rp100,open_or_seasonal,1858191.094706201,344460.4559118892,454107.9198620882,454107.9618106215,0.18537407530001748,0.7585431586758082,0.7585430886048656
16074048,Kleineutersdorf,5347650.252812287,rp100,perennial_vegetation,3325616.908358711,84831.76771847511,454107.9198620882,454107.9618106215,0.025508580830599054,0.1868097075784064,0.186809690321732
16074048,Kleineutersdorf,5347650.252812287,rp100,water,48549.78480937296,22986.66331190634,454107.9198620882,454107.9618106215,0.473465812508989,0.05061938430601992,0.05061937963001971
16074063,Neuengönna,6143099.034534556,rp100,artificial,328091.5996720444,95157.93362264156,2293984.1464751507,2293984.266792416,0.2900346540958685,0.041481513186940565,0.04148151101127515
16074063,Neuengönna,6143099.034534556,rp100,open_or_seasonal,4000395.9313499797,1642666.3691579767,2293984.1464751507,2293984.266792416,0.4106259473680746,0.7160757286322296,0.7160756910747472
16074063,Neuengönna,6143099.034534556,rp100,perennial_vegetation,1727620.477008281,475985.0319839489,2293984.1464751507,2293984.266792416,0.2755148126098921,0.207492729500912,0.20749271861811816
16074063,Neuengönna,6143099.034534556,rp100,water,86990.57596870167,80174.81171058373,2293984.1464751507,2293984.266792416,0.9216493949807829,0.034950028679918,0.034950026846822656
16074065,"Orlamünde, Stadt",7560925.23904848,rp100,artificial,456027.5071577855,44413.30486948038,962866.1182009035,962866.0949097654,0.0973917234648597,0.04612614778933729,0.04612614890510041
16074065,"Orlamünde, Stadt",7560925.23904848,rp100,open_or_seasonal,3910384.239968531,638413.3816022191,962866.1182009035,962866.0949097654,0.16326103585343746,0.6630344235137092,0.6630344395521037
16074065,"Orlamünde, Stadt",7560925.23904848,rp100,perennial_vegetation,3135758.717559355,235384.3518201055,962866.1182009035,962866.0949097654,0.0750645610907562,0.24446218157506316,0.24446218748845286
16074065,"Orlamünde, Stadt",7560925.23904848,rp100,water,58754.713152769,44655.079909098524,962866.1182009035,962866.0949097654,0.7600254943461334,0.046377247121890286,0.04637724824372735
16074079,Rothenstein,10578975.680415465,rp100,artificial,565421.1503611611,207294.62774313323,1770754.0725057435,1770753.890678559,0.36661986841264144,0.11706573541846865,0.1170657474391866
16074079,Rothenstein,10578975.680415465,rp100,open_or_seasonal,4293988.027031715,1014200.9427725849,1770754.0725057435,1770753.890678559,0.23619091073098933,0.572750874059783,0.57275093287184
16074079,Rothenstein,10578975.680415465,rp100,perennial_vegetation,5645118.133892905,506066.02443709224,1770754.0725057435,1770753.890678559,0.08964666680732619,0.2857912526051529,0.28579128195119535
16074079,Rothenstein,10578975.680415465,rp100,water,74447.93895464203,43192.47755293285,1770754.0725057435,1770753.890678559,0.5801702257902424,0.024392137916595277,0.024392140421265057
16074087,Schöps,4478658.651521938,rp100,artificial,302972.73374825786,21302.825937890626,499910.47210695635,499910.4722577918,0.07031268350237514,0.04261328203049298,0.04261328201763549
16074087,Schöps,4478658.651521938,rp100,open_or_seasonal,1848106.3981960672,308227.7570829044,499910.47210695635,499910.4722577918,0.1667803095015335,0.6165659138601897,0.6165659136741564
16074087,Schöps,4478658.651521938,rp100,perennial_vegetation,2276234.572319828,124311.66837045386,499910.47210695635,499910.4722577918,0.05461285487978571,0.2486678621604415,0.24866786208541222
16074087,Schöps,4478658.651521938,rp100,water,51344.63876860579,46068.22071570752,499910.47210695635,499910.4722577918,0.8972352678012316,0.09215294194887595,0.09215294192107111
16074092,Silbitz,11496079.53001954,rp100,artificial,517859.7017663895,59707.45397084713,635441.9071396801,635441.829208392,0.11529658277558276,0.09396209677074775,0.09396210829436313
16074092,Silbitz,11496079.53001954,rp100,open_or_seasonal,4893239.7494401755,308983.55173856404,635441.9071396801,635441.829208392,0.06314498523680842,0.48624988101492117,0.48624994064914395
16074092,Silbitz,11496079.53001954,rp100,perennial_vegetation,6037636.3187119085,244831.69323909187,635441.9071396801,635441.829208392,0.04055091766297794,0.38529358937177244,0.38529363662460403
16074092,Silbitz,11496079.53001954,rp100,water,47343.161681668105,21919.20819117709,635441.9071396801,635441.829208392,0.4629857282992677,0.03449443284255866,0.03449443707299402
16074095,Sulza,4005400.947654756,rp100,artificial,221881.19138469466,161.88545209424765,29196.960772450046,29196.95876618886,7.296042133358335e-4,0.005544599431287421,0.005544599812283082
16074095,Sulza,4005400.947654756,rp100,open_or_seasonal,2041270.3033536288,25747.790255594893,29196.960772450046,29196.95876618886,0.012613611344511073,0.8818654262086842,0.8818654868058302
16074095,Sulza,4005400.947654756,rp100,perennial_vegetation,1739805.8357172948,2988.2890008968284,29196.960772450046,29196.95876618886,0.0017175991363799533,0.10234931725210754,0.1023493242850134
16074095,Sulza,4005400.947654756,rp100,water,2443.473425433481,298.9960638640772,29196.960772450046,29196.95876618886,0.12236517931887644,0.010240657107920863,0.010240657811604869
16074112,Wichmar,5198417.180010833,rp100,artificial,137291.30102244366,73467.48052221144,1044699.0428466329,1044698.933925012,0.5351211619023215,0.0703240622505259,0.07032406958260082
16074112,Wichmar,5198417.180010833,rp100,open_or_seasonal,3603654.3705762587,703862.4567088693,1044699.0428466329,1044698.933925012,0.19531908011375546,0.6737466273453836,0.6737466975910519
16074112,Wichmar,5198417.180010833,rp100,perennial_vegetation,1352308.7129749458,195516.8574700482,1044699.0428466329,1044698.933925012,0.14458004714022024,0.18715137034805446,0.18715138986069102
16074112,Wichmar,5198417.180010833,rp100,water,105162.42690965612,71852.24814550388,1044699.0428466329,1044698.933925012,0.6832501897966976,0.06877794005603598,0.06877794722691026
16075023,Eßbach,5443053.721972794,rp100,artificial,132176.49249867222,15405.234191448111,430098.2660391305,430098.2300912644,0.11655048413092718,0.03581794070763944,0.03581794370132425
16075023,Eßbach,5443053.721972794,rp100,open_or_seasonal,2529914.738841865,159588.49194417597,430098.2660391305,430098.2300912644,0.06308058113343053,0.37105123304462834,0.37105126405731126
16075023,Eßbach,5443053.721972794,rp100,perennial_vegetation,2732001.2585620806,209242.7398180325,430098.2660391305,430098.2300912644,0.07658954737384056,0.48649984512840494,0.48649988579035164
16075023,Eßbach,5443053.721972794,rp100,water,48960.75019680609,45861.80008547391,430098.2660391305,430098.2300912644,0.9367054201809526,0.10663098111932723,0.10663099003160811
16075035,Gössitz,12741784.707208347,rp100,artificial,175058.6514584264,19877.61327269562,781000.2753495666,781000.2651147018,0.11354830570836558,0.025451480492498717,0.025451480826035686
16075035,Gössitz,12741784.707208347,rp100,open_or_seasonal,5663014.449881318,60689.6244428091,781000.2753495666,781000.2651147018,0.01071684082389742,0.07770755831762688,0.07770755933597014
16075035,Gössitz,12741784.707208347,rp100,perennial_vegetation,6130570.6934167,63333.8042110558,781000.2753495666,781000.2651147018,0.010330817044335966,0.08109319063006518,0.08109319169277653
16075035,Gössitz,12741784.707208347,rp100,water,773140.0608596182,637099.233423006,781000.2753495666,781000.2651147018,0.824041161073254,0.8157477705598092,0.8157477812500336
16075046,"Hirschberg, Stadt",24258859.53158037,rp100,artificial,1268627.5839127766,131361.37218276373,963789.9692329689,963789.9508256064,0.10354604759389764,0.13629667912741147,0.13629668173053303
16075046,"Hirschberg, Stadt",24258859.53158037,rp100,open_or_seasonal,12371033.421358049,364160.1913887158,963789.9692329689,963789.9508256064,0.02943652150838176,0.37784185664282466,0.3778418638592021
16075046,"Hirschberg, Stadt",24258859.53158037,rp100,perennial_vegetation,10538187.017609106,423538.0461236953,963789.9692329689,963789.9508256064,0.04019078854986834,0.4394505645880166,0.4394505729810548
16075046,"Hirschberg, Stadt",24258859.53158037,rp100,water,81009.76026763329,44730.359537794175,963789.9692329689,963789.9508256064,0.5521601272490838,0.046410899641747445,0.04641090052814624
16075062,"Bad Lobenstein, Stadt",49168874.76354723,rp100,artificial,2365344.639181382,17721.995967034032,1024577.8988926124,1024577.950594581,0.007492352561852216,0.01729687511919628,0.017296874246366164
16075062,"Bad Lobenstein, Stadt",49168874.76354723,rp100,open_or_seasonal,17300148.980899632,61386.28455950574,1024577.8988926124,1024577.950594581,0.003548309591280385,0.059913730938226814,0.05991372791487673
16075062,"Bad Lobenstein, Stadt",49168874.76354723,rp100,perennial_vegetation,28423631.1442578,159020.79274450248,1024577.8988926124,1024577.950594581,0.005594668462218213,0.15520615164193552,0.15520614380996572
16075062,"Bad Lobenstein, Stadt",49168874.76354723,rp100,water,1079746.183279777,786448.8256215701,1024577.8988926124,1024577.950594581,0.7283645339988115,0.7675832423006413,0.7675832035670686
16075079,Paska,6513000.710137554,rp100,artificial,96807.84555995312,26658.325932466047,466663.2656385112,466663.2729078005,0.2753736102510053,0.05712540046620305,0.057125399576351446
16075079,Paska,6513000.710137554,rp100,open_or_seasonal,3399634.067519203,60979.86249824995,466663.2656385112,466663.2729078005,0.01793718420487193,0.13067208625220234,0.13067208421670212
16075079,Paska,6513000.710137554,rp100,perennial_vegetation,2619935.733144503,77404.25861864997,466663.2656385112,466663.2729078005,0.02954433486265242,0.16586747729702214,0.16586747471327762
16075079,Paska,6513000.710137554,rp100,water,396622.3338892776,301620.81858914526,466663.2656385112,466663.2729078005,0.7604736113356307,0.6463350359845725,0.646335025916507
16075098,"Schleiz, Stadt",108227471.47247495,rp100,artificial,5048554.63798548,42447.81249472449,2171963.8265633965,2171963.8075191057,0.008407913856244289,0.019543517242590458,0.019543517413952622
16075098,"Schleiz, Stadt",108227471.47247495,rp100,open_or_seasonal,39809329.50158066,503322.1389026876,2171963.8265633965,2171963.8075191057,0.012643321181350285,0.23173596758242157,0.23173596961433718
16075098,"Schleiz, Stadt",108227471.47247495,rp100,perennial_vegetation,61071664.93120677,541378.135656182,2171963.8265633965,2171963.8075191057,0.008864636919036167,0.24925743653511068,0.24925743872065867
16075098,"Schleiz, Stadt",108227471.47247495,rp100,water,2297914.2330197343,1084815.7395098028,2171963.8265633965,2171963.8075191057,0.4720871318527085,0.49946307863987743,0.49946308301928743
16075125,Wilhelmsdorf,9420839.207122868,rp100,artificial,165735.38730411348,0,653507.3567637868,653507.2984826226,0,0,0
16075125,Wilhelmsdorf,9420839.207122868,rp100,open_or_seasonal,5263964.470815687,2135.6769183047913,653507.3567637868,653507.2984826226,4.057164386548098e-4,0.00326802276393767,0.0032680230553868575
16075125,Wilhelmsdorf,9420839.207122868,rp100,perennial_vegetation,2918483.19652941,2828.9458305483327,653507.3567637868,653507.2984826226,9.693205819764346e-4,0.004328866081259539,0.004328866467316978
16075125,Wilhelmsdorf,9420839.207122868,rp100,water,1072655.7883426046,648542.7340149336,653507.3567637868,653507.2984826226,0.6046140253594474,0.9924031111548027,0.9924031996594128
16075127,"Ziegenrück, Stadt",8249560.409786124,rp100,artificial,281886.00545908575,148305.4947155517,1024562.6032674611,1024562.636370362,0.5261186857219752,0.14475005650468456,0.14475005182791165
16075127,"Ziegenrück, Stadt",8249560.409786124,rp100,open_or_seasonal,4462421.728966547,285601.8342741188,1024562.6032674611,1024562.636370362,0.06400153361127107,0.2787548885380923,0.2787548795317172
16075127,"Ziegenrück, Stadt",8249560.409786124,rp100,perennial_vegetation,3225040.8657239615,348977.6963000447,1024562.6032674611,1024562.636370362,0.10820876721563828,0.3406113937665793,0.34061138276166375
16075127,"Ziegenrück, Stadt",8249560.409786124,rp100,water,280211.30967577436,241677.57797774576,1024562.6032674611,1024562.636370362,0.8624833103895234,0.23588366119064377,0.23588365356940796
16075134,Remptendorf,97380292.82756546,rp100,artificial,1968009.3822681254,495.8826349821725,634301.0006960176,634300.992028509,2.519716823761628e-4,7.8177810603805e-4,7.817781167207834e-4
16075134,Remptendorf,97380292.82756546,rp100,open_or_seasonal,39610607.9598987,76254.0237158703,634301.0006960176,634300.992028509,0.0019250909704054263,0.12021741039695169,0.12021741203968196
16075134,Remptendorf,97380292.82756546,rp100,perennial_vegetation,55319068.71868251,340383.9367564331,634301.0006960176,634300.992028509,0.0061531031638910735,0.5366284088830544,0.5366284162159002
16075134,Remptendorf,97380292.82756546,rp100,water,482599.4263027091,217167.15758873205,634301.0006960176,634300.992028509,0.44999464515010545,0.34237240261395585,0.342372407292359
16075135,"Saalburg-Ebersdorf, Stadt",71989502.31522453,rp100,artificial,3124523.695600403,75005.93738742443,4821436.371647248,4821436.321988061,0.024005558829027034,0.015556761845598843,0.015556762005828305
16075135,"Saalburg-Ebersdorf, Stadt",71989502.31522453,rp100,open_or_seasonal,31475395.655436024,133033.3947436511,4821436.371647248,4821436.321988061,0.00422658371637261,0.027592066863302837,0.02759206714749193
16075135,"Saalburg-Ebersdorf, Stadt",71989502.31522453,rp100,perennial_vegetation,30809198.621408693,140925.6954911056,4821436.371647248,4821436.321988061,0.004574143496000547,0.029228985851566514,0.029228986152615325
16075135,"Saalburg-Ebersdorf, Stadt",71989502.31522453,rp100,water,6580378.9278649315,4472471.344025067,4821436.371647248,4821436.321988061,0.6796677506041744,0.9276221854395318,0.9276221949937311
16075136,Rosenthal am Rennsteig,51856705.8725284,rp100,artificial,2091535.903577921,294355.9644838775,1483489.8656913901,1483489.9106548307,0.14073674947694303,0.1984212843588864,0.19842127834488957
16075136,Rosenthal am Rennsteig,51856705.8725284,rp100,open_or_seasonal,17773367.599733237,320498.2067558796,1483489.8656913901,1483489.9106548307,0.018032497497024146,0.21604340829555269,0.2160434017474428
16075136,Rosenthal am Rennsteig,51856705.8725284,rp100,perennial_vegetation,31334882.113916278,441256.7604654855,1483489.8656913901,1483489.9106548307,0.014081966508165573,0.29744507911406254,0.29744507009873045
16075136,Rosenthal am Rennsteig,51856705.8725284,rp100,water,656916.4159088508,427378.9339861476,1483489.8656913901,1483489.9106548307,0.6505834283268204,0.28809022823149844,0.28809021949970476
16076003,"Bad Köstritz, Stadt",20153208.322012063,rp100,artificial,1802398.3361573992,288606.88276616676,2162710.110875084,2162710.18843663,0.1601238066949499,0.13344686433698205,0.13344685955116045
16076003,"Bad Köstritz, Stadt",20153208.322012063,rp100,open_or_seasonal,10827799.225361485,1192302.5364112202,2162710.110875084,2162710.18843663,0.11011494686921619,0.5513002091291773,0.551300189357829
16076003,"Bad Köstritz, Stadt",20153208.322012063,rp100,perennial_vegetation,7403254.35283281,627279.3855507507,2162710.110875084,2162710.18843663,0.08473022209627662,0.2900432112452364,0.2900432008433804
16076003,"Bad Köstritz, Stadt",20153208.322012063,rp100,water,119754.90898650419,54521.30614694654,2162710.110875084,2162710.18843663,0.45527408110752965,0.02520971528860422,0.025209714384505047
16076012,Caaschwitz,4096695.059117049,rp100,artificial,686975.1581044734,110177.49586012225,1005011.5766898575,1005011.4604710316,0.16038061138066181,0.10962808629827611,0.10962809897559173
16076012,Caaschwitz,4096695.059117049,rp100,open_or_seasonal,2505943.333304045,645979.6273366556,1005011.5766898575,1005011.4604710316,0.25777902427064947,0.6427583943503193,0.6427584686784528
16076012,Caaschwitz,4096695.059117049,rp100,perennial_vegetation,897740.8497724684,246254.33358883462,1005011.5766898575,1005011.4604710316,0.2743044762319188,0.24502636516875437,0.24502639350343272
16076012,Caaschwitz,4096695.059117049,rp100,water,6035.603925218455,2600.119904245069,1005011.5766898575,1005011.4604710316,0.4307969735026904,0.0025871541826502317,0.002587154481826941
16076022,"Greiz, Stadt",84875542.84927861,rp100,artificial,6898563.037144021,824309.0024783375,2624259.960517205,2624259.92818193,0.11948995726211387,0.3141110312546466,0.3141110351250203
16076022,"Greiz, Stadt",84875542.84927861,rp100,open_or_seasonal,35828773.669859,692439.2813634165,2624259.960517205,2624259.92818193,0.019326346130175587,0.2638607804795933,0.2638607837307998
16076022,"Greiz, Stadt",84875542.84927861,rp100,perennial_vegetation,41523881.53791007,868210.2834672591,2624259.960517205,2624259.92818193,0.020908697629209085,0.3308400450144989,0.330840049091002
16076022,"Greiz, Stadt",84875542.84927861,rp100,water,624316.2281561168,239301.39320819228,2624259.960517205,2624259.92818193,0.3833015744520299,0.09118814325126133,0.09118814437485188
16076039,Langenwetzendorf,58305263.8702406,rp100,artificial,2499250.1828762093,0,8267.403265094137,8267.40316154342,0,0,0
16076039,Langenwetzendorf,58305263.8702406,rp100,open_or_seasonal,34847578.20072646,1983.6833840269665,8267.403265094137,8267.40316154342,5.6924569409119315e-5,0.23994031988282105,0.2399403228881169
16076039,Langenwetzendorf,58305263.8702406,rp100,perennial_vegetation,20610336.600681365,3049.198785976965,8267.403265094137,8267.40316154342,1.4794512312216e-4,0.3688218281127049,0.36882183273226493
16076039,Langenwetzendorf,58305263.8702406,rp100,water,348093.0194888543,3234.521095090205,8267.403265094137,8267.40316154342,0.00929211708939131,0.391237852004474,0.39123785690479873
16076093,Mohlsdorf-Teichwolframsdorf,51123623.55585133,rp100,artificial,2058474.54086619,8670.233356262055,419955.73846966034,419955.7531555809,0.0042119701672937325,0.020645588480007006,0.020645587758027443
16076093,Mohlsdorf-Teichwolframsdorf,51123623.55585133,rp100,open_or_seasonal,26183440.7646966,66220.89518087888,419955.73846966034,419955.7531555809,0.0025291135636445914,0.1576854156635438,0.15768541014925933
16076093,Mohlsdorf-Teichwolframsdorf,51123623.55585133,rp100,perennial_vegetation,22784034.891434032,329540.80300154386,419955.73846966034,419955.7531555809,0.014463671802286398,0.7847036552052056,0.7847036277639919
16076093,Mohlsdorf-Teichwolframsdorf,51123623.55585133,rp100,water,97671.15529399976,15523.806930975503,419955.73846966034,419955.7531555809,0.15893952400017508,0.03696534065124346,0.03696533935855952
16076094,Berga-Wünschendorf,62960697.0203359,rp100,artificial,3565001.4678130634,656730.9782204764,3733274.830438542,NA,0.18421618732834508,0.17591284007969252,NA
16076094,Berga-Wünschendorf,62960697.0203359,rp100,open_or_seasonal,38577344.71743587,1501546.7070985648,3733274.830438542,NA,0.03892301862911545,0.40220631357112824,NA
16076094,Berga-Wünschendorf,62960697.0203359,rp100,perennial_vegetation,20485322.615542017,1470689.2602073706,3733274.830438542,NA,0.07179234068257108,0.3939407964868772,NA
16076094,Berga-Wünschendorf,62960697.0203359,rp100,water,333024.50927461893,104307.88491213048,3733274.830438542,NA,0.3132138386430773,0.02794004986230215,NA
16077001,"Altenburg, Stadt",45960973.49719677,rp100,artificial,8353885.683586158,62861.42552068677,888222.3257578561,888222.3278905862,0.007524812752010463,0.07077217459834917,0.07077217442841655
16077001,"Altenburg, Stadt",45960973.49719677,rp100,open_or_seasonal,32230161.317854628,486283.36378990783,888222.3257578561,888222.3278905862,0.015087835242094186,0.5474793299920685,0.5474793286775038
16077001,"Altenburg, Stadt",45960973.49719677,rp100,perennial_vegetation,5246759.722158078,339077.5364472615,888222.3257578561,888222.3278905862,0.06462608436503614,0.3817484954095824,0.38174849449295767
16077001,"Altenburg, Stadt",45960973.49719677,rp100,water,130163.3966165487,0,888222.3257578561,888222.3278905862,0,0,0
16077005,Fockendorf,8813841.266250268,rp100,artificial,349390.4364985066,8226.659151242187,289855.7262728374,289855.7296672885,0.023545747942294783,0.028381910052377373,0.028381909720001656
16077005,Fockendorf,8813841.266250268,rp100,open_or_seasonal,7363258.905243631,21252.881266251974,289855.7262728374,289855.7296672885,0.002886341705452875,0.07332227497981847,0.07332227412115379
16077005,Fockendorf,8813841.266250268,rp100,perennial_vegetation,758061.6307334665,224582.43617548767,289855.7262728374,289855.7296672885,0.29625880940338817,0.77480765711729,0.7748076480436495
16077005,Fockendorf,8813841.266250268,rp100,water,343129.2693220995,35793.74967985552,289855.7262728374,289855.7296672885,0.1043156410135782,0.12348815785051401,0.12348815640436521
16077007,Gerstenberg,3130063.582297057,rp100,artificial,248213.69484298988,151.28535819512652,6441.278454561775,6441.2778371295035,6.094964191674582e-4,0.0234868526896217,0.02348685494096703
16077007,Gerstenberg,3130063.582297057,rp100,open_or_seasonal,2435423.205317825,92.7886021010063,6441.278454561775,6441.2778371295035,3.809958035153784e-5,0.014405308318148012,0.014405309698976857
16077007,Gerstenberg,3130063.582297057,rp100,perennial_vegetation,433591.9578336674,6197.204494265642,6441.278454561775,6441.2778371295035,0.0142927108824352,0.9621078389922303,0.9621079312156126
16077007,Gerstenberg,3130063.582297057,rp100,water,12834.367328513765,0,6441.278454561775,6441.2778371295035,0,0,0
16077036,Nobitz,100691309.62339707,rp100,artificial,5253279.232683489,73129.09186326321,1679752.6249677662,1679752.7067972245,0.013920655770263954,0.04353563184023393,0.043535629719387715
16077036,Nobitz,100691309.62339707,rp100,open_or_seasonal,80730076.1939871,1082216.5746591818,1679752.6249677662,1679752.7067972245,0.013405370410634975,0.6442713995937045,0.6442713682079062
16077036,Nobitz,100691309.62339707,rp100,perennial_vegetation,14150157.790986063,487897.4884237065,1679752.6249677662,1679752.7067972245,0.03448000337738333,0.29045794075366843,0.2904579266039571
16077036,Nobitz,100691309.62339707,rp100,water,557788.4485292782,36509.470021614674,1679752.6249677662,1679752.7067972245,0.06545397294956405,0.021735027812393077,0.021735026753567248
16077048,Treben,9984291.578837022,rp100,artificial,709580.5593809428,158955.38018595934,3399001.6189350104,3399001.3005966586,0.2240131554965884,0.04676531464429367,0.046765319024166425
16077048,Treben,9984291.578837022,rp100,open_or_seasonal,6898088.245031953,1932683.0269718596,3399001.6189350104,3399001.3005966586,0.2801766168131859,0.5686031498794685,0.5686032031328137
16077048,Treben,9984291.578837022,rp100,perennial_vegetation,2367326.985675919,1305060.5736872538,3399001.6189350104,3399001.3005966586,0.551280233606864,0.38395409005311415,0.38395412601288625
16077048,Treben,9984291.578837022,rp100,water,9295.544372777034,2302.6380899378546,3399001.6189350104,3399001.3005966586,0.2477141733281774,6.774454231237839e-4,6.774454865709086e-4
16077052,Windischleuba,20466611.334667806,rp100,artificial,1150262.3344447187,34478.36212312377,2878581.4004459544,2878581.6069350485,0.02997434679956548,0.011977553289888669,0.011977552430703671
16077052,Windischleuba,20466611.334667806,rp100,open_or_seasonal,14659159.149107194,1135316.6894654555,2878581.4004459544,2878581.6069350485,0.07744759968272813,0.3944014538861296,0.39440142559455754
16077052,Windischleuba,20466611.334667806,rp100,perennial_vegetation,4155167.025439788,1334875.539162146,2878581.4004459544,2878581.6069350485,0.32125677042329265,0.463726868712257,0.46372683544776977
16077052,Windischleuba,20466611.334667806,rp100,water,502022.40061100386,373910.8096952292,2878581.4004459544,2878581.6069350485,0.7448090149765191,0.12989412411172474,0.1298941147940386
