cor_bfg_zone3_vs_eu_protection,mean_bfg_zone3_share,mean_eu_protection_years
0.021946625176569114,1.2189948537585343e-4,127.14909520062967
