metric,value
min_diff,-1.3877787807814457e-17
median_diff,0
mean_diff,2.252001365351532e-20
max_diff,5.551115123125783e-17
