vuln_q,n,mean_zone1_share,median_zone1_share,mean_total_share,mean_zone1_depth_weighted,mean_eu_protection_years
1,509,0.01335629030196629,0,0.014158923141151058,0.07133162691770685,112.84086444007848
2,509,0.017166148908868348,0,0.01775411982594487,0.07209849539056974,126.45972495088397
3,508,0.024939268525272167,0,0.02530046335935384,0.06486087445255534,132.1555118110236
4,508,0.03528793522136616,0,0.03529196629182648,0.06976338779811843,130.86220472440948
5,508,0.0383123728283096,0,0.038982505069675655,0.16746601288621243,133.4566929133859
