vuln_q,n,mean_zone1_share,median_zone1_share,mean_total_share,mean_zone1_depth_weighted,mean_eu_protection_years
1,509,0.014066753981547728,0,0.014869386820732506,0.07343566521835815,113.9823182711199
2,509,0.01932205054347919,0,0.020031720147535396,0.0654502586248542,128.15127701375252
3,508,0.023951965602508733,0,0.02419011126428071,0.06330786209862323,128.92519685039375
4,508,0.03387243734615715,0,0.03392785179822701,0.07815370542822718,130.88779527559052
5,508,0.037843165860683814,0,0.03846302564142603,0.16545352646068312,133.82283464566925
