null.deviance,df.null,logLik,AIC,BIC,deviance,df.residual,nobs
3292.361940727782,2540,-1059.7277867455814,2147.455573491163,2229.219955257645,2119.4555734911623,2527,2541
