model,AIC
OLS,-5676.395983173811
SAR_lag,-6983.134708108209
SEM_error,-6978.992698431088
