r.squared,adj.r.squared,sigma,statistic,p.value,df,logLik,AIC,BIC,deviance,df.residual,nobs
0.3674521101572882,0.3588068087015791,2.231514133203963,42.50309975190467,4.5970101467252105e-79,12,-1972.914529774362,3973.829059548724,4040.9218815333156,4372.137376832973,878,891
