r.squared,adj.r.squared,sigma,statistic,p.value,df,logLik,AIC,BIC,deviance,df.residual,nobs
0.2134667165874594,0.20271683116496453,1.9365051684156656,19.857580634372706,1.0784259223151215e-38,12,-1846.5747841357231,3721.1495682714462,3788.2423902560377,3292.5458906899134,878,891
