model,AIC
OLS,-5675.396405201742
SAR_lag,-6981.761320524751
SEM_error,-6977.537067664518
