null.deviance,df.null,logLik,AIC,BIC,deviance,df.residual,nobs
3292.361940727782,2540,-1059.633333148179,2147.266666296358,2229.0310480628405,2119.2666662963584,2527,2541
