null.deviance,df.null,logLik,AIC,BIC,deviance,df.residual,nobs
3257.4143943035824,2504,-1042.1013522397732,2112.2027044795464,2193.767320668812,2084.2027044795464,2491,2505
