moran_i,expectation,variance,p_value
0.5406576717071192,-3.937007874015748e-4,1.72540063769394e-4,0
