moran_i,expectation,variance,p_value
0.5399693375785831,-3.937007874015748e-4,1.7253925230878415e-4,0
