index,cor_with_alg2,cor_with_longterm_unemp,cor_with_zone1_share
domain_main,0.5371133090029314,0.2522808537931337,0.1109481015747895
selected_pca,0.6270622446669408,0.2894535235298439,0.07448545832398168
