index,cor_with_gisd,cor_with_alg2,cor_with_longterm_unemp,cor_with_zone1_share
domain_main,0.5543035020334829,0.49625703631723106,0.2644605068830954,0.11547125836657153
selected_pca,0.6439040890993564,0.5526804142420744,0.31385236195968436,0.10516635817646977
gisd,1,0.2846606551501647,0.20713573802825505,0.12440982699314201
