index,cor_with_alg2,cor_with_longterm_unemp,cor_with_zone1_share
domain_main,0.49625703631723106,0.2644605068830954,0.11547125836657153
selected_pca,0.5526804142420744,0.31385236195968436,0.10516635817646977
