AGS,old_municipality_area_m2,old_flood_area_rp100_m2,old_flood_share_rp100,old_flood_share_rp500,new_municipality_area_m2,new_flood_area_rp100_m2,new_flood_share_rp100,new_flood_share_rp500,area_ratio_old_to_new,rp100_share_change_pp,rp500_share_change_pp,rp100_flood_area_change_m2
01051118,2602865.7944192216,2596127.4428845327,0.9974111798045306,0.9974111798045306,8075378.9428490475,2758258.0600023903,0.3415639166314167,0.3415639166314167,0.32232119543122184,-65.5847263173114,-65.5847263173114,162130.61711785756
03154007,52106.05434862879,32630.94078454309,0.6262408695584105,0.6262408695584105,9595122.928886414,93789.29993800263,0.00977468455934494,0.00977468455934494,0.005430472828207538,-61.64661849990656,-61.64661849990656,61158.35915345954
01051062,14989544.4613645,14689062.030315414,0.9799538650541664,0.9799538650541664,28357505.18953096,14978795.959913123,0.5282127556638164,0.5282127556638164,0.5285917911741527,-45.174110939034996,-45.174110939034996,289733.9295977093
01051034,40956108.532680385,38855371.373620704,0.948707598589758,0.948707598589758,52644739.12260729,39307621.887618236,0.7466581189826491,0.7466581189826491,0.7779715355278978,-20.204947960710882,-20.204947960710882,452250.5139975324
01051097,16233178.391032968,7325183.323109406,0.45124763288228,0.45124763288228,23004753.334857874,7446332.84247628,0.32368670657264775,0.32368670657264775,0.7056445315775545,-12.756092630963224,-12.756092630963224,121149.51936687436
03357036,18873039.267651223,3068749.5484116636,0.16259964836037635,0.18293786705655024,28430467.63820198,3081295.70831879,0.1083800571812775,0.12188120689754868,0.6638314750156112,-5.421959117909886,-6.105666015900156,12546.159907126334
13076114,91956026.41342652,23577503.907379813,0.2563997687479159,0.2564261419928297,116229917.80461575,23577503.907379813,0.20285228065818608,0.20287314601584702,0.7911562543475767,-5.3547488089729836,-5.355299597698268,0
01058135,9258032.509931143,834360.5530621894,0.09012288001442705,0.09012288001442705,23814387.481500052,911793.2625455336,0.038287495878441144,0.038287495878441144,0.3887579521884888,-5.1835384135985905,-5.1835384135985905,77432.70948334422
01058029,10560873.009996124,1319078.0741697608,0.12490237056360978,0.12490237056360978,18562396.119334314,1379875.5855156132,0.0743371478899944,0.0743371478899944,0.5689391036643204,-5.0565222673615375,-5.0565222673615375,60797.5113458524
12071076,22690567.20805098,1334281.7374970077,0.05880336640608891,0.06342331583118006,111087397.72670946,1446038.3759153753,0.013017123503719405,0.014136014122523848,0.20425869785763595,-4.5786242902369505,-4.928730170865622,111756.6384183676
13076040,18528960.128267925,2269563.226917453,0.12248735013763616,0.14428894154882205,29592968.88817017,2275613.574703713,0.0768971029335753,0.09082004524262145,0.6261271114191892,-4.559024720406087,-5.346889630620059,6050.347786259837
13076006,22044581.13729384,2224852.6352509498,0.10092514896947004,0.10546011491788453,30384060.435054645,2224852.6352509498,0.07322433550336467,0.07651459438822882,0.7255311114330396,-2.770081346610537,-2.894552052965571,0
01058024,5921919.114139004,460274.7724030817,0.07772392083237728,0.07772392083237728,9109666.740652576,460274.7724030817,0.05052597262961012,0.05052597262961012,0.6500697866050349,-2.7197948202767157,-2.7197948202767157,0
03352011,139606385.24283934,22676314.6157998,0.1624303542875587,0.24307248336335935,161968595.94766963,22676314.6157998,0.14000439087047642,0.20951265617763756,0.8619348980955833,-2.2425963417082277,-3.3559827185721787,0
01051119,16230066.527724972,16210049.478160912,0.9987666686683098,0.9987666686683098,16715100.23053301,16366671.52197777,0.9791548537699597,0.9791548537699597,0.9709823036584585,-1.9611814898350066,-1.9611814898350066,156622.04381685704
13071156,149441319.74306363,44618365.80804757,0.29856779828203134,0.34835258128886476,159864746.249927,44618365.80804757,0.27910072016936593,0.3256394590107109,0.9347984671331617,-1.9467078112665404,-2.271312227815386,0
15083411,121508027.6249815,4543420.152551478,0.0373919340257431,0.05004231306976348,249748943.06491014,4707152.203613353,0.01884753603297515,0.02506253381148437,0.4865206880711458,-1.854439799276795,-2.497977925827911,163732.0510618752
13076109,22318516.392514024,2642473.9020729926,0.11839827771703136,0.1330009330701384,24888183.63006653,2642473.9020729926,0.10617383499536358,0.11928230267162548,0.8967515156691395,-1.2224442721667783,-1.3718630398512928,0
14626600,48900317.58339151,2559001.272092295,0.052330974491696,0.065060775287875,63633887.4327344,2559001.272092295,0.04021444194804762,0.049996828767719464,0.7684634642993117,-1.2116532543648375,-1.5063946520155538,0
01058148,8028885.458245777,603901.4569954138,0.07521610068246752,0.07770900073546542,11012699.408671081,697330.6938595214,0.06332059633902869,0.0651380625425115,0.7290569877830375,-1.1895504343438834,-1.257093819295392,93429.23686410766
13076140,35769883.61430177,2896705.560068685,0.08098168815149578,0.09796035526279284,41923138.84491094,2896705.560068685,0.06909562689913704,0.08358225560181567,0.8532253213822486,-1.1886061252358748,-1.4378099660977166,0
13071069,75358228.78741257,15156833.226083692,0.2011304335302452,0.2011304335302452,79860158.60251059,15156833.226083692,0.18979217536398935,0.18979217536398935,0.9436273369114435,-1.1338258166255861,-1.1338258166255861,0
01058034,5153811.36168117,275392.98981674266,0.05343482143415308,0.05343482143415308,6463502.891730439,275392.98981674266,0.04260739020772886,0.04260739020772886,0.7973712471414038,-1.0827431226424225,-1.0827431226424225,0
01051046,11579597.503951008,11342965.86748935,0.9795647787946932,0.9795647787946932,11771771.888879798,11449404.693461519,0.9726152359677642,0.9726152359677642,0.9836749822590151,-0.6949542826928945,-0.6949542826928945,106438.82597216964
12065193,138839571.0240909,31363956.628179595,0.22590070249307703,0.27445765479439393,142108984.33563513,31363956.628179595,0.2207035450630182,0.2681433776624097,0.9769936198838598,-0.519715743005883,-0.6314277131984236,0
16051000,241348282.88698152,11381197.493676186,0.04715673696757051,0.05102756287999385,270313726.8842227,11381197.493676186,0.04210366090121215,0.045559708798172775,0.8928450865921165,-0.505307606635836,-0.5467854081821072,0
03357040,30737529.208471738,3060058.196945176,0.09955446243550951,0.09955446243550951,31710155.172446847,3060058.196945176,0.09650089002415478,0.09650089002415478,0.9693276189067587,-0.30535724113547325,-0.30535724113547325,0
15083415,186555296.8483374,26748195.83917313,0.14337944990604276,0.16233676932518834,190122971.03618166,26748195.83917313,0.14068892198240882,0.1592905056438298,0.981234912496895,-0.2690527923633945,-0.30462636813585464,0
16075136,51856705.8725284,1483489.9106548307,0.02860748452285945,0.03255249916577548,56292295.44415217,1483489.9106548307,0.02635333839115883,0.029987502931552723,0.9212043222500255,-0.22541461317006178,-0.25649962342227595,0
12067397,38032358.61743702,610471.562726156,0.01605137269730801,0.0168363561535709,43897070.919061154,610471.562726156,0.013906886039202098,0.014586994567909913,0.8663985505448033,-0.21444866581059127,-0.22493615856609867,0
03352062,173612654.49402496,551444.8754992491,0.00317629424598324,0.08939661601821712,355996953.8423922,551444.8754992491,0.001549015713610252,0.04359695677782952,0.48768016866483405,-0.1627278532372988,-4.57996592403876,0
03357035,27978923.62866462,201340.9289331101,0.00719616421293758,0.04137824875757475,34129029.76315896,201340.9289331101,0.0058994038310005,0.03392182168406633,0.8197983893133359,-0.12967603819370793,-0.7456427073508423,0
14626060,213357255.29762965,13360835.730109343,0.06262189542826285,0.06929778473109648,217157658.17900366,13360835.730109345,0.06152597077233155,0.06808502758970288,0.9824993375170711,-0.10959246559313005,-0.12127571413936,1.862645149230957e-9
12061510,26040163.130653583,14322059.611238075,0.5499988436853778,0.5562380485370215,26090958.937346227,14322059.611238077,0.548928065297657,0.5551551232042874,0.9980531261110555,-0.10707783877207389,-0.10829253327341304,1.862645149230957e-9
03357016,33355563.590279818,46863.721175353305,0.00140497464683852,0.00810352618006527,123032508.97752988,46863.721175353305,3.8090518973251443e-4,0.002196961478319771,0.2711117888067432,-0.10240694571060056,-0.5906564701745499,0
14730010,58694154.26545706,47809711.198426425,0.814556607838604,0.824306361387925,58766112.040497184,47809711.198426425,0.8135592016956911,0.8232970168923078,0.9987755226176859,-0.09974061429128822,-0.10093444956171815,0
12071041,19863200.66095932,7293165.473751526,0.3671697023172142,0.4291043277874174,19911812.74790296,7293165.473751526,0.36627330550402126,0.42805672568536923,0.9975586307706333,-0.08963968131929234,-0.1047602102048184,0
12061428,30508224.72965719,11814772.387560446,0.38726515529024697,0.3919659687212719,30568354.692797564,11814772.387560446,0.3865033792722973,0.3911949458942879,0.9980329342634021,-0.07617760179496891,-0.07710228269839914,0
12062341,89098728.82767713,49772256.48915622,0.5586191536516651,0.5740501689451512,89217010.01475386,49772256.48915622,0.5578785534386924,0.5732891107633851,0.9986742305412704,-0.07406002129727307,-0.07610581817660833,0
14628310,3734832.332335076,1176137.4724485255,0.3149103809201486,0.3294916820982558,3743511.710648861,1176137.4724485257,0.3141802572976769,0.3287277515482214,0.997681487601843,-0.07301236224717123,-0.07639305500343752,2.3283064365386963e-10
12067144,70458420.99858637,23032350.03850779,0.3268927931122654,0.33178949603679797,70607103.70768166,23032350.03850779,0.3262044302774878,0.33109082184497235,0.9978942245002593,-0.06883628347775783,-0.06986741918256212,0
12067040,18024594.209994256,5466736.921201209,0.30329320358125,0.3557375900019834,18065164.542990666,5466736.921201209,0.3026120746474085,0.3549386826656359,0.9977542228912523,-0.06811289338414794,-0.07989073363475208,0
12071412,25048677.960904755,6901724.060982479,0.27553246809091037,0.27619054257188935,25107230.69742649,6901724.060982479,0.2748898970243624,0.27554643680555074,0.9976678934754943,-0.064257106654797,-0.06441057663386096,0
14627270,30382874.974275477,14264897.690839358,0.46950453842558143,0.4908549403622553,30423270.693645723,14264897.690839358,0.4688811349208012,0.4902031880039359,0.9986722098430172,-0.062340350478024,-0.06517523583193796,0
14730030,93148533.26990645,50509428.08503415,0.5422460913976868,0.5608787574380225,93254227.22893989,50509428.08503415,0.541631511899542,0.5602430597525346,0.9988666040974854,-0.06145794981448072,-0.06356976854878793,0
14730120,36988787.34892677,20462917.838956397,0.5532194836755071,0.5684162593977755,37026728.72282651,20462917.838956397,0.5526525984009294,0.5678338019522381,0.9989752977049697,-0.05668852745777109,-0.058245744553742096,0
14627010,26082066.563283578,8608985.821100445,0.33007299479940544,0.4250077613563862,26126891.1611025,8608985.821100445,0.32950670510379865,0.42427859683944263,0.9982843501148864,-0.0566289695606792,-0.07291645169435479,0
12062372,52513501.633286625,17110929.558951735,0.32583867056592675,0.3386646563519779,52604423.31437394,17110929.558951735,0.3252754897947193,0.33807930709919054,0.998271596277295,-0.05631807712074277,-0.05853492527873594,0
12066316,8928766.477703061,2678845.733816298,0.30002416800864024,0.3116032802638912,8945355.58874562,2678845.733816298,0.29946777489612847,0.3110254137535842,0.9981455056897425,-0.055639311251176604,-0.05778665103070013,0
12067173,14483476.151721844,4565012.942914635,0.3151876590325266,0.3475574030149909,14508968.214323394,4565012.942914635,0.31463387854196345,0.346946749318297,0.998243013409018,-0.05537804905631494,-0.06106536966938858,0
12062410,46812746.13874429,16114709.340215337,0.3442376418690399,0.3636642059732057,46885908.81827827,16114709.340215335,0.3437004794483814,0.363096729551607,0.9984395593179702,-0.053716242065848796,-0.05674764215987116,-1.862645149230957e-9
12071164,6620421.717200182,1495709.4066770505,0.22592358471532464,0.24299060762941563,6636164.019009794,1495709.4066770505,0.2253876490081435,0.24241418554713354,0.9976278009759076,-0.05359357071811344,-0.05764220822820909,0
12067288,13351545.32858188,3142416.9645000566,0.2353597944780992,0.2595187938648799,13380797.535019713,3142416.9645000566,0.2348452666050617,0.258951451199933,0.9978138667473838,-0.0514527873037518,-0.056734266494690155,0
12071028,9142512.960644592,1947171.4194418988,0.21297989161446196,0.21796875829564155,9164530.619774941,1947171.4194418988,0.21246821034569435,0.21744509134309042,0.9975975137141404,-0.051168126876760534,-0.05236669525511273,0
12062500,135709259.22440073,48737136.555563875,0.35912904420895153,0.40853597879644105,135901487.06611395,48737136.555563875,0.35862106889127726,0.4079581191190997,0.9985855354061012,-0.05079753176742696,-0.057785967734136356,0
12071341,30353146.313546613,6436557.067260884,0.2120556795256592,0.25383283672949186,30425558.583853245,6436557.067260884,0.2115509909052827,0.2532287192426987,0.9976200183767518,-0.05046886203765033,-0.060411748679317645,0
12066196,139189489.34768623,33298267.10493483,0.2392297526270676,0.24872075763702076,139475729.36291802,33298267.104934834,0.2387387917383979,0.24821031876869812,0.9979477431913119,-0.04909608886697059,-0.051043886832263796,3.725290298461914e-9
12061316,120813388.55694766,27782896.661316745,0.22996537878101775,0.239351946432268,121052302.6319176,27782896.661316745,0.22951150913498847,0.23887955104919134,0.998026356626223,-0.045386964602928126,-0.047239538307666806,0
12067124,17688814.325164415,4472131.707939,0.2528225818718029,0.2983724244110729,17720248.5899029,4472131.707939,0.2523740953886644,0.29784313625058145,0.9982260821805629,-0.04484864831384994,-0.05292881604914701,0
15091010,226459216.16960227,92518251.02356288,0.4085426620671208,0.42980678237984327,226706298.19601938,92518251.02356288,0.4080974007328543,0.4293383457655839,0.9989101227959557,-0.04452613342665335,-0.04684366142593821,0
14628160,10938125.892033692,2331447.0702005946,0.21314867768148496,0.2745045816901961,10960781.690978736,2331447.0702005946,0.21270810202519502,0.27393718414615187,0.9979330124817931,-0.04405756562899377,-0.05673975440442236,0
12069541,39258187.474526584,23193788.62336861,0.5908013108964425,0.6687410951880887,39287218.17786935,23193788.623368606,0.5903647470879921,0.6682469389396206,0.9992610649292772,-0.04365638084503631,-0.04941562484680473,-3.725290298461914e-9
12060198,139987527.87122595,141458.7946781957,0.00101050998492039,0.00208299995726125,238606548.50860944,141458.7946781957,5.928537819367165e-4,0.0012220704603266633,0.586687703024944,-0.04176562029836735,-0.08609294969345868,0
12062224,149281447.44662365,48772187.78401585,0.32671298823957745,0.3354862919957295,149470443.50750053,48772187.78401585,0.32629988002657145,0.33506209048687263,0.9987355623196007,-0.04131082130059971,-0.04242015088568585,0
16064003,126456585.70906514,3543680.643655977,0.02802290306816298,0.03061596237247606,128346753.40334763,3543680.643655977,0.027610208670565003,0.03016507988833593,0.9852729605996159,-0.0412694397597977,-0.045088248414013044,0
12067036,77812397.9449349,12886415.13653257,0.1656087651437221,0.18641651440505172,77998345.07864317,12886415.13653257,0.16521395580303172,0.18597209963580813,0.99761601180742,-0.03948093406903885,-0.04444147692435896,0
12062024,139016262.1988965,36034438.1065433,0.2592102358139028,0.3138171065589543,139221533.97102642,36034438.1065433,0.25882804964670536,0.3133544066320777,0.9985255745553512,-0.038218616719742915,-0.046269992687658634,0
12062124,40376165.00680845,9381439.596809804,0.2323509326660383,0.25924689011859775,40441722.63077532,9381439.596809803,0.23197428266002498,0.2588266407070645,0.99837896064504,-0.03766500060133071,-0.04202494115332356,-1.862645149230957e-9
12066292,15969908.435105272,2874437.4071284793,0.1799908508435685,0.22424494762552985,16003257.327448733,2874437.4071284793,0.1796157712341633,0.2237776477212721,0.9979161184713151,-0.037507960940519336,-0.046729990425775636,0
12052000,165033343.77745104,23612299.012333285,0.14307592921449064,0.1702566924936555,165456921.7163237,23612299.012333285,0.1427096477282264,0.16982082690315825,0.9974399503237532,-0.03662814862642472,-0.043586559049724194,0
15091241,115835834.00469568,76270827.10743105,0.658438968932008,0.6892348635456397,115899933.39697148,76270827.10743105,0.6580748139534656,0.6888536766493776,0.9994469419403699,-0.03641549785424747,-0.03811868962620979,0
12063112,20152970.815314863,15723797.273332054,0.7802223015865758,0.8601839125473087,20162144.17764274,15723797.273332054,0.7798673164319373,0.8597925464986939,0.9995450204974702,-0.035498515463849856,-0.0391366048614894,0
12067426,184259440.4070344,12294986.272990182,0.0667264930677647,0.07159618844553056,185234224.38259536,12294986.272990182,0.06637534890742049,0.07121941780586843,0.9947375600874513,-0.03511441603442078,-0.03767706396621273,0
14730310,102741517.65618962,32599432.909869894,0.3172956138234148,0.34289801804068126,102853060.15132135,32599432.909869898,0.3169515118160643,0.3425261506363307,0.9989155160287149,-0.03441020073505219,-0.037186740435057875,3.725290298461914e-9
12069454,48437534.62117978,14501875.62468754,0.2993933472895306,0.30520504575304575,48492811.13124999,14501875.624687541,0.29905207156246233,0.30485714532427116,0.9988601091835944,-0.03412757270682687,-0.03479004287745835,1.862645149230957e-9
14627360,81490482.71897905,19028257.998297896,0.23350282589338783,0.28487429232522354,81605776.3716208,19028257.998297896,0.23317293020589602,0.28447181839303104,0.9985871876015647,-0.03298956874918102,-0.040247393219250416,0
15091160,236987026.99163863,105948938.72799698,0.4470664072752601,0.4584894110443511,237161020.8747511,105948938.72799698,0.4467384156857314,0.45815303893438414,0.999266347047796,-0.03279915895286756,-0.033637210996695366,0
12071032,35288449.01002996,5093946.2334071,0.1443516611330597,0.15085496815283927,35368051.73040276,5093946.2334071,0.14402676947648457,0.15051543953140845,0.9977493043445088,-0.03248916565751214,-0.03395286214308291,0
14627050,28997236.141261104,6052137.338485814,0.20871428259585167,0.2373992783057266,29040876.612622075,6052137.338485814,0.20840064228141672,0.237042532311306,0.9984972743094813,-0.03136403144349542,-0.03567459944205931,0
12062464,16521516.535884708,2867864.8225676,0.1735836305546529,0.17942392197443327,16551361.52234092,2867864.8225676,0.17327062904743967,0.17910038940498155,0.9981968258976202,-0.031300150721322306,-0.032353256945172326,0
12067493,121681826.17341477,16968812.01323845,0.13945231220523727,0.1507910881795559,121952418.64925414,16968812.01323845,0.1391428903271057,0.15045650741160593,0.9977811635157674,-0.030942187813157163,-0.03345807679499546,0
14628270,53310434.51993452,7585611.108781437,0.1422913014514059,0.1590023925120946,53425302.548493326,7585611.108781437,0.1419853654903703,0.1586605265704386,0.997849932090613,-0.030593596103559162,-0.03418659416559999,0
15091145,353999982.8112829,103645214.65359344,0.29278310645807754,0.304053435041633,354368138.6270962,103645214.65359345,0.2924789318112483,0.3037375515627676,0.998961092221102,-0.030417464682924722,-0.03158834788654086,1.4901161193847656e-8
12061329,211631697.49474183,30659088.704974003,0.14487002215599465,0.1936042752345128,212076425.67274225,30659088.704974003,0.14456622704630273,0.19319828349684082,0.9979029815473848,-0.03037951096919178,-0.04059917376719735,0
15083115,25328781.491338883,979757.6070410876,0.03868159261337201,0.07574382350659215,25524334.42581953,979757.6070410877,0.03838523624929467,0.07516351740699352,0.9923385687078745,-0.029635636407733534,-0.05803060995986237,1.1641532182693481e-10
14625120,127355364.400129,14637326.743835738,0.11493294226576696,0.1182401419269305,127662995.54836445,14637326.743835738,0.11465598688925065,0.11795521714921976,0.9975902872487518,-0.027695537651631352,-0.0284924777710735,0
12065136,30693942.67581424,7164026.609093126,0.2334019674421993,0.3098621668178348,30730259.606725983,7164026.609093126,0.23312613367981844,0.30949597261549155,0.9988182029251782,-0.0275833762380856,-0.03661942023432396,0
12067473,153395425.46443844,880528.624967793,0.00574025348084402,0.00591106786006486,161138405.97169286,880528.624967793,0.005464424323041121,0.005627030774420738,0.9519482617408128,-0.027582915780289922,-0.0284037085644122,0
12069249,99446262.16933209,33148513.75059968,0.33333091689415195,0.3637596333289357,99526644.91150458,33148513.75059968,0.3330617020203395,0.3634658426877999,0.999192349523648,-0.026921487381242892,-0.029379064113577158,0
12063134,74758824.52852358,50837161.30217464,0.6800155248933611,0.779893240300496,74787975.32205343,50837161.30217464,0.6797504690193666,0.7795892541753813,0.999610220848949,-0.026505587399450192,-0.030398612511473022,0
14627210,26086272.62866529,3837599.195024603,0.14711182581169532,0.2278101269350272,26133003.26302892,3837599.1950246035,0.1468487627081791,0.2274027603710321,0.9982118153855765,-0.02630631035162312,-0.0407366563995093,4.656612873077393e-10
12066296,33484501.921923313,4349457.220541939,0.12989463694827183,0.14327678638099625,33551212.206033006,4349457.220541939,0.12963636585863333,0.1429919074005557,0.998011687813244,-0.025827108963849543,-0.02848789804405505,0
12063274,48569978.35812218,26468296.068713047,0.5449517781036205,0.5977008385815422,48592905.63152763,26468296.068713047,0.5446946570640986,0.5974188292972088,0.9995281765289092,-0.025712103952191256,-0.028200928433341765,0
12051000,229536684.8226917,96674274.79893725,0.4211713472886236,0.4616462174295286,229676220.47988734,96674274.79893723,0.42091547221103354,0.461365752572495,0.9993924679842603,-0.0255875077590062,-0.028046485703359103,-1.4901161193847656e-8
12063260,31824090.524943247,18574267.793718982,0.583654316190458,0.6252186171688856,31837856.508433804,18574267.793718986,0.5834019570004246,0.6249482864963525,0.9995676221642965,-0.025235919003341323,-0.02703306725331256,3.725290298461914e-9
12063142,46823851.7462635,16407648.614141246,0.35041219383346783,0.35041219383346783,46856932.74041422,16407648.614141246,0.35016480282734364,0.35016480282734364,0.9992940000077686,-0.024739100612419795,-0.024739100612419795,0
12066304,127930840.68666176,14260028.590540089,0.111466699616763,0.1139455071278282,128211122.853599,14260028.590540089,0.11122302241142722,0.11369641100465473,0.9978139013160561,-0.024367720533578774,-0.024909612317346175,0
14729030,46839894.28818876,13617346.1325429,0.290721111554188,0.29764566894182215,46878836.64596784,13617346.132542899,0.290479608855954,0.2973984139977871,0.999169297692407,-0.02415026982340307,-0.02472549440350469,-1.862645149230957e-9
13071119,22177387.184844747,5229480.071082913,0.23580235252674656,0.26095110547451605,22199734.212614417,5229480.071082913,0.23556498564344966,0.2606884229781981,0.9989933650756516,-0.02373668832968967,-0.026268249631794527,0
12068109,64769278.94313982,28038437.390923414,0.43289716742929973,0.4406289359611365,64804566.76798928,28038437.390923418,0.43266144331009126,0.44038900168657424,0.9994554731771328,-0.023572411920846914,-0.023993427456225902,3.725290298461914e-9
14627140,31094028.19220099,4551189.774986759,0.1463686128685086,0.18916273531531655,31144025.97770278,4551189.774986759,0.14613363661606024,0.18885905852439688,0.9983946267724799,-0.023497625244836562,-0.030367679091966582,0
14627240,28542307.941154342,4101866.1548281703,0.14371178964521666,0.16939487538748996,28587286.228672177,4101866.1548281703,0.14348567828429,0.1691283551117184,0.998426633183785,-0.022611136092665074,-0.026652027577156456,0
12071301,134615089.8409248,8451220.601469431,0.06278063337071849,0.07996951764740841,135095830.3552456,8451220.601469431,0.0625572275565149,0.07968494493378203,0.9964414851808776,-0.02234058142035894,-0.028457271362637704,0
12061061,35724457.19712538,3433000.7320376216,0.09609665202453692,0.13684715180866897,35807579.871736184,3433000.7320376216,0.09587357605106886,0.1365294788100482,0.9976786290805313,-0.02230759734680593,-0.03176729986207605,0
14730110,46756117.64448141,13834590.372350767,0.29588834722216617,0.31139529774583197,46790885.02567576,13834590.372350767,0.2956684910909305,0.3111639193691905,0.9992569625221821,-0.021985613123565173,-0.023137837664144456,0
12065180,6189141.870169288,1144504.6538693225,0.18492137971269637,0.31876804991576374,6196386.074688744,1144504.6538693225,0.1847051878423849,0.3183953776968246,0.9988308984572398,-0.021619187031146625,-0.03726722189391629,0
14612000,328093738.21001375,36158944.266699776,0.1102091873620408,0.13719925962148763,328736783.09641767,36158944.266699776,0.10999360621015279,0.1369308829540305,0.9980438912848542,-0.021558115188800853,-0.026837666745713196,0
12063088,84486850.61611748,28095344.675152328,0.33254103414043706,0.3539674047559797,84541496.23475263,28095344.675152328,0.3323260875007216,0.35373860861833084,0.9993536237106165,-0.021494663971544092,-0.022879613764886786,0
16077048,9984291.578837022,3399001.3005966586,0.34043489953771733,0.35240380506323565,9990578.131757021,3399001.3005966586,0.3402206815031318,0.35218205561685506,0.9993707518386733,-0.02142180345855449,-0.022174944638059246,0
14628370,10953008.269825544,1025759.9931230156,0.09365098316860428,0.0990433372269468,10977521.341152165,1025759.9931230156,0.09344185825243453,0.09882217105341642,0.997766975753012,-0.020912491616974227,-0.022116617353037937,0
15090631,68342324.78104992,49381115.641331874,0.7225553973988365,0.7334434577424733,68361806.37525818,49381115.641331874,0.7223494851827689,0.7332344426713969,0.9997150222435417,-0.020591221606758303,-0.02090150710764016,0
14730090,30338752.212459967,6579899.879293293,0.21688103166586273,0.22031198094666565,30367421.9184372,6579899.879293293,0.21667627554838262,0.22010398568997352,0.9990559058304574,-0.020475611748010936,-0.020799525669212837,0
12061540,8859795.18962394,1101811.069215901,0.1243607832499645,0.1243607832499645,8874288.783778869,1101811.069215901,0.12415767573733671,0.12415767573733671,0.9983667880876921,-0.02031075126277815,-0.02031075126277815,0
14730180,37261868.98507181,12268157.959242243,0.32924161598435187,0.3810529346517647,37284402.757531345,12268157.959242243,0.32904263048076077,0.3808226356664136,0.999395624690408,-0.019898550359109812,-0.023029898535109616,0
14730020,45728575.43340838,12926203.461784976,0.28267234085628984,0.2854725617971955,45760284.73030639,12926203.461784976,0.28247646486395517,0.2852747454096531,0.9993070563899484,-0.01958759923346709,-0.019781638754240438,0
11000000,891780174.8303725,124174189.85163718,0.13924304818197672,0.14879026009400378,893023743.1274061,124174189.85163718,0.13904914713328229,0.1485830642027587,0.9986074633439436,-0.01939010486944337,-0.02071958912450711,0
14625570,108801115.53414412,7799268.947423933,0.07168372225904573,0.07425036677148344,109091756.93335482,7799268.947423933,0.07149274305104995,0.07405254952940203,0.9973358078797075,-0.019097920799578116,-0.019781724208141338,0
12063161,42034805.316336,14047304.872626437,0.3341827032839195,0.3448823368380716,42058614.665302426,14047304.872626437,0.3339935227161726,0.34468709921611285,0.9994339007797595,-0.018918056774691605,-0.019523762195877703,0
01002000,41170207.201568946,13115.503113645504,3.1856781894325003e-4,3.1856781894325003e-4,112723309.79272144,14646.133742104637,1.299299476659826e-4,1.299299476659826e-4,0.36523241978321785,-0.018863787127726746,-0.018863787127726746,1530.6306284591337
12068409,20001702.714482628,7956760.42171278,0.3978041537409478,0.5100133863975475,20011138.33276172,7956760.42171278,0.3976165817956581,0.509772905743661,0.9995284816824416,-0.018757194528967736,-0.024048065388648787,0
14627190,31084483.068673503,3755777.699731626,0.12082484020834965,0.1335547825202741,31132061.88738452,3755777.699731626,0.1206401848138931,0.13335067208234336,0.9984717100048456,-0.018465539445654267,-0.020411043793075456,0
14522140,27896816.657037135,4090898.4939164952,0.14664391798569398,0.15484099497904458,27931186.062496617,4090898.4939164952,0.14646347221929723,0.1546504626856333,0.9987694970996728,-0.01804457663967529,-0.019053229341128852,0
12069018,21321376.587013684,6122645.591160114,0.2871599573401496,0.2895209910981509,21334744.806759752,6122645.591160114,0.28698002467881406,0.2893395790275986,0.9993734061566167,-0.017993266133553565,-0.018141207055227815,0
12061328,24895912.51925869,2437645.5071347635,0.09791348299641872,0.1196864862229408,24941661.900900096,2437645.5071347635,0.09773388464730948,0.1194669506219336,0.9981657444550736,-0.017959834910924455,-0.021953560100719527,0
13071077,25061965.027553067,7410630.737767696,0.2956923261851362,0.3351705842374679,25077178.987248123,7410630.737767696,0.2955129339522616,0.3349672411197212,0.9993933145469516,-0.017939223287460893,-0.020334311774666824,0
12061572,13399174.843686089,1480566.9040155285,0.1104968717318586,0.1104968717318586,13420943.976093616,1480566.9040155283,0.11031764283144495,0.11031764283144495,0.9983779730810065,-0.01792289004136499,-0.01792289004136499,-2.3283064365386963e-10
12061260,95823966.69664504,10072049.096896945,0.1051099160691454,0.11643453302457477,95986510.3169408,10072049.096896945,0.10493192286749187,0.11623736270905055,0.998306599336104,-0.01779932016535285,-0.019717031552421438,0
15082005,59797095.64924925,36914498.84990158,0.6173292941588717,0.6581939218574322,59814153.79319817,36914498.84990158,0.617153240644848,0.6580062143341566,0.9997148142560388,-0.017605351402372182,-0.018770752327557094,0
14627230,58755121.96194173,7435046.285280522,0.12654294701484117,0.137258960061418,58836632.3652918,7435046.285280522,0.12636763843177598,0.13706880585394135,0.9986146317341209,-0.017530858306519237,-0.01901542074766449,0
14628030,47575954.03250562,2655576.297430103,0.05581761525193414,0.05872647925085442,47722548.93476192,2655576.297430103,0.055646153793259275,0.0585460822964209,0.9969281837301545,-0.017146145867486667,-0.018039695443351766,0
15090445,18430084.693683956,12986508.261942206,0.7046363854417186,0.7365251835246802,18434549.689568777,12986508.261942206,0.7044657168539704,0.7363467912141066,0.9997577919743086,-0.01706685877481684,-0.017839231057359406,0
12069590,58251152.43320541,10239499.223980555,0.17578191668777432,0.17941069074391494,58307568.467751876,10239499.223980555,0.17561183724620086,0.1792371002479811,0.9990324406242791,-0.01700794415734619,-0.01735904959338508,0
12054000,186960130.6256413,29813971.55123813,0.15946700214355322,0.20658413572301612,187155026.6169255,29813971.55123813,0.15930093938787046,0.20636900701050903,0.9989586387562909,-0.016606275568276097,-0.021512871250708998,0
12061450,132163406.72326814,9334206.861939542,0.0706262580041091,0.0838699480922182,132472887.78208888,9334206.861939542,0.07046126206060997,0.08367401245003973,0.9976638158644974,-0.016499594349912716,-0.019593564217847137,0
12065332,23470109.75540065,3280599.629061939,0.1397777710991338,0.15058146196025995,23497701.225058038,3280599.629061939,0.13961364125114908,0.1504046462028866,0.9988257800457534,-0.016412984798472308,-0.01768157573733553,0
15090500,74523897.2219562,44724172.37836506,0.6001319582785916,0.6031120254220877,74543683.28672162,44724172.37836506,0.5999726657769234,0.6029519419237999,0.9997345708731709,-0.015929250166812903,-0.016008349828788848,0
15090610,53284422.1490267,44154534.15146748,0.8286574644269462,0.8788553321404918,53294556.63491746,44154534.15146748,0.8284998870323347,0.8786882091259481,0.9998098401313255,-0.015757739461152998,-0.016712301454369083,0
15082301,97503375.77500153,32583687.219861336,0.33418009336467847,0.3466022060587952,97547663.79529916,32583687.219861336,0.33402837087146675,0.3464448437505666,0.9995459858434891,-0.01517224932117145,-0.015736230822860353,0
14628210,27219880.42565963,1786579.6627308608,0.0656351032698398,0.07246024060872029,27282672.13891542,1786579.6627308608,0.06548404253198212,0.07229347165633977,0.9976984764199023,-0.015106073785768614,-0.016676895238051936,0
14730045,158994760.30683702,20959604.56828217,0.13182575657105394,0.1356562829277107,159176175.1877344,20959604.56828217,0.1316755132705139,0.13550167393310905,0.9988602887292435,-0.015024330054003165,-0.015460899460165156,0
12068117,269591447.2106543,50100039.64469049,0.1858369030733499,0.19957691417798887,269809478.4721361,50100039.64469049,0.18568672949666018,0.19941563738887355,0.9991919065901005,-0.01501735766897272,-0.016127678911531662,0
14522420,16579992.672688616,2140104.4927816647,0.1290775294676065,0.1363066854679625,16599271.879801199,2140104.4927816647,0.12892761250485016,0.13614837220946566,0.9988385510369258,-0.01499169627563468,-0.015831325849685607,0
12063189,161256027.7821242,57474381.25175719,0.35641694789488315,0.4054632892491333,161322860.2203478,57474381.25175719,0.3562692923572892,0.40529531491373116,0.999585722456617,-0.014765553759393812,-0.016797433540211015,0
12063094,30284078.135689057,8996896.745767586,0.29708339495944436,0.2988251812335974,30299023.899701424,8996896.745767586,0.29693685102034734,0.2986777781141288,0.9995067245710013,-0.014654393909702135,-0.014740311946859208,0
15001000,246249161.47121504,86309119.73076636,0.35049508073494634,0.372086522526119,246351623.04511574,86309119.73076636,0.35034930423397326,0.3719317657997212,0.999584084031458,-0.01457765009730827,-0.01547567263978089,0
15090225,150115835.7962599,71519941.07636039,0.4764316882159496,0.4982986821646477,150161438.5532544,71519941.07636039,0.4762869999476997,0.4981473530755529,0.9996963084701782,-0.01446882682499262,-0.015132908909476495,0
15091375,241891947.94551185,46897739.766483694,0.193878879246728,0.19888054517396703,242070715.93641967,46897739.766483694,0.1937357006817854,0.19873367290420954,0.9992615050927731,-0.014317856494261427,-0.014687226975748646,0
12062128,81963253.69837146,8977807.459151534,0.10953454205454408,0.20300280062118875,82069829.47278139,8977807.459151534,0.10939230063989643,0.20273918144685182,0.9987014012933305,-0.014224141464765083,-0.02636191743369265,0
14627020,43320921.144797385,3934783.0076149018,0.09082870132108094,0.09820407677826053,43387391.97460426,3934783.0076149013,0.0906895489343547,0.0980536250876475,0.9984679689932555,-0.013915238672623786,-0.0150451690613021,-4.656612873077393e-10
12065256,164113309.7863897,17676164.584522054,0.10770707511492757,0.1276246483910206,164318985.6096604,17676164.584522054,0.10757225964449274,0.12746490236696828,0.9987483136990678,-0.013481547043482645,-0.015974602405233185,0
12069270,82086481.8986311,19418763.32697267,0.23656469223462365,0.3216219489951793,82133144.0596614,19418763.32697267,0.23643029314532155,0.3214392264737574,0.9994318717301701,-0.013439908930210076,-0.01827225214219297,0
12069656,117130774.79027082,17107917.239678018,0.14605826069460137,0.15295482105376657,117238083.59107499,17107917.239678018,0.14592457259323877,0.15281482048465334,0.9990846933221933,-0.013368810136260567,-0.014000056911323,0
12063252,113281273.23172311,33865221.14217362,0.2989480977398659,0.3139610342208498,113331297.0500876,33865221.14217362,0.2988161436748283,0.31382245352727095,0.9995586054367456,-0.013195406503763163,-0.013858069357886027,0
12067469,137473932.05312648,9346201.565860877,0.0679852640153557,0.07193018358944026,137738247.98115382,9346201.565860875,0.06785480215444355,0.07179215153583651,0.9980810273696563,-0.013046186091215939,-0.013803205360374271,-1.862645149230957e-9
12069019,37578173.903789505,7206366.561815328,0.19177000405250172,0.242133004633628,37603644.4417689,7206366.561815328,0.19164011012216495,0.24196899771402913,0.9993226577275286,-0.012989393033677188,-0.01640069195988636,0
12066320,111492296.00315,6589442.84754483,0.05910222574803427,0.05910222574803427,111737275.9909628,6589442.84754483,0.058972646228441956,0.058972646228441956,0.9978075357069505,-0.012957951959231134,-0.012957951959231134,0
15091020,161130997.6553338,25227263.479848407,0.1565636894634676,0.16111982691375673,161264283.8893097,25227263.479848407,0.15643428830877495,0.1609866600746386,0.9991734919179786,-0.012940115469264879,-0.013316683911812621,0
12062453,38868211.06746749,3157954.37564668,0.08124774176421701,0.10667781442500714,38929792.26194864,3157954.37564668,0.0811192198097953,0.10650906584313115,0.9984181473647025,-0.012852195442170089,-0.016874858187598818,0
12067072,110984390.24397583,2135478.6716376184,0.01924125245850536,0.02102080359595791,111720735.89286153,2135478.6716376184,0.019114434348924354,0.020882256555963406,0.9934090512114793,-0.012681810958100476,-0.013854703999450352,0
15082241,138575485.60244825,29086483.73779239,0.2098963147149781,0.2228189212246511,138658706.97638956,29086483.73779239,0.2097703373416367,0.2226851878503193,0.9993998114092073,-0.012597737334141268,-0.013373337433181254,0
15089026,154068531.47643584,117918188.0448177,0.7653619263765931,0.8007161835258936,154093416.53524873,117918188.0448177,0.7652383255312145,0.8005868732038337,0.9998385066710024,-0.012360084537854643,-0.012931032205987236,0
12061217,136118729.30755383,9336612.11632201,0.0685916784840562,0.09411186840861772,136364223.14755517,9336612.11632201,0.06846819422876904,0.09394244065526682,0.9981997195867445,-0.012348425528715956,-0.01694277533509092,0
12069460,23647340.026410583,3893945.756233869,0.16466738973114556,0.27172216108733166,23664940.770002447,3893945.756233869,0.1645449187504333,0.27152006837423315,0.9992562523708416,-0.012247098071224705,-0.020209271309851173,0
12066272,37115648.184359506,2266625.158360435,0.06106925971228461,0.07593418133034377,37189312.92102806,2266625.158360435,0.060948293483497264,0.07578377060660385,0.9980191960839668,-0.012096622878734337,-0.015041072373991882,0
12062196,22364891.756251942,1587439.550870099,0.07097908490553469,0.18923827301053425,22402858.92871034,1587439.5508700993,0.07085879333176175,0.18891756206154403,0.998305253245614,-0.012029157377294042,-0.03207109489902216,2.3283064365386963e-10
14627310,19096576.775836557,1328771.0974128156,0.06958163827006668,0.080579000209722,19129566.25464748,1328771.0974128156,0.0694616427641162,0.08044003944162942,0.9982754716771005,-0.01199955059504737,-0.013896076809258306,0
14627060,130209174.83846565,9497051.356376406,0.07293688304344312,0.0935266041079612,130422644.6610693,9497051.356376406,0.07281750328753486,0.09337352403785887,0.9983632457142821,-0.011937975590825545,-0.01530800701023266,0
15090270,37819605.680566885,26598238.793136537,0.7032923351393824,0.8016597827535364,37826011.59551551,26598238.793136537,0.70317323109714025,0.8015240199762981,0.9998306478880954,-0.011910404224213522,-0.01357627772383685,0
14729380,52846176.25461788,7411917.03861823,0.1402545569788609,0.14502107199963196,52891027.235069804,7411917.03861823,0.14013562273382546,0.1448980958048898,0.999152011545312,-0.011893424503545136,-0.01229761947421637,0
12071176,23970834.871251676,1026999.91705406,0.0428437274951047,0.04889066567241026,24036811.57600771,1026999.91705406,0.04272612920422265,0.04875646962880462,0.9972551806820382,-0.01175982908820511,-0.013419604360563608,0
15090285,68252508.79766643,28600121.375406656,0.41903399419633497,0.4420615879256289,68271652.2899516,28600121.375406656,0.41891649632179917,0.44193763307300454,0.9997195982279167,-0.011749787453579907,-0.01239548526243417,0
15086035,109148903.85004216,53510060.07718201,0.49024825893532176,0.5401255774900231,109173497.3080816,53510060.07718201,0.49013782096015085,0.5400039036767482,0.9997747305101894,-0.011043797517090725,-0.01216738132748807,0
12063148,93820295.34505203,11950219.761126848,0.12737350396496153,0.17561383459730684,93901650.97202522,11950219.761126848,0.1272631485966845,0.17546168419876826,0.9991336081300911,-0.011035536827702641,-0.015215039853858081,0
12065356,223265787.9055745,19096814.95111254,0.08553399573780256,0.101218881806368,223552572.9576092,19096814.95111254,0.08542426820886441,0.10108903287686703,0.998717147164801,-0.010972752893814719,-0.012984892950096416,0
14730360,68292990.34418927,10676463.603673823,0.1563332276104122,0.16237950557226202,68340923.94879061,10676463.603673825,0.15622357713035806,0.16226561429649738,0.99929861052746,-0.010965048005415201,-0.01138912757646382,1.862645149230957e-9
15090310,66344740.753763616,28149150.683858432,0.4242860905634269,0.43066544091267794,66361888.75843367,28149150.683858432,0.42417645444549024,0.43055415636170796,0.9997415986043966,-0.010963611793668449,-0.011128455096998113,0
13076151,17631630.656364936,72895.40526646237,0.00413435414382092,0.00413435414382092,18101945.145824686,72895.40526646237,0.004026937695326964,0.004026937695326964,0.9740185661998744,-0.010741644849395632,-0.010741644849395632,0
14627070,34709591.61562421,2505591.0242393003,0.07218728044934504,0.09038330702833929,34760214.33588495,2505591.0242393003,0.07208215116362605,0.09025167812571733,0.9985436591451486,-0.010512928571898561,-0.013162890262195803,0
12068324,75627981.3532384,16412857.234739993,0.21702096156817743,0.2508203358522533,75664484.23327327,16412857.234739993,0.21691626396526045,0.2506993323891002,0.9995175691686164,-0.010469760291698105,-0.012100346315307986,0
14729040,24279776.20607169,4403812.127866332,0.1813777890903732,0.20054490490070415,24293697.819196668,4403812.127866332,0.18127384973013366,0.200429981738286,0.9994269454889664,-0.010393936023952999,-0.011492316241815126,0
12071372,202363574.31507263,8072108.837709511,0.03988913946114399,0.04230422037629463,202891853.28971308,8072108.837709511,0.03978527824960618,0.04219407090601777,0.9973962533927564,-0.010386121153780487,-0.011014947027686295,0
14729260,31276507.83787981,5643866.048962734,0.18045064615964884,0.23103986494515732,31294371.481885165,5643866.048962734,0.18034764022117208,0.23090798136025087,0.9994291739006264,-0.010300593847675787,-0.01318835849064559,0
12063244,46178220.475776285,9703027.029417371,0.21012128508735609,0.26197522062027895,46200413.256168276,9703027.029417371,0.21002035145479803,0.2618493784875012,0.9995196410848332,-0.010093363255805898,-0.012584213277772038,0
15090008,67536344.79572779,56908665.43572617,0.8426376287886711,0.869187016086385,67544348.28100026,56908665.43572617,0.8425377827168136,0.8690840241165265,0.9998815076986283,-0.009984607185753447,-0.010299196985852355,0
14522360,41082795.96297368,3726601.060103079,0.09070952871517604,0.09319244393805146,41127840.98173508,3726601.060103079,0.09061017965319566,0.09309037547820997,0.9989047560560884,-0.009934906198037774,-0.010206845984148116,0
14522490,23560086.60058275,2544974.4758360367,0.10802059088242434,0.1114129672356626,23581724.78775827,2544974.4758360367,0.10792147303649233,0.11131073660323335,0.9990824171102721,-0.009911784593201467,-0.010223063242925656,0
12065144,48952827.21955197,3831939.477867462,0.07827820568322495,0.07965785853931413,49014227.56596513,3831939.4778674627,0.07818014621795884,0.07955807077662296,0.9987472954392574,-0.009805946526611486,-0.009978776269117806,4.656612873077393e-10
15091391,149527206.48905957,16387620.094886543,0.10959624325012436,0.11499598520452509,149659888.9850728,16387620.094886545,0.10949907958652208,0.11489403434479967,0.9991134398340596,-0.009716366360228157,-0.010195085972541928,1.862645149230957e-9
12066176,89197406.67839389,4600670.495686504,0.05157852304242961,0.053525612856500183,89364500.39881246,4600670.495686504,0.051482081532989145,0.05342553067901402,0.9981302002509623,-0.00964415094404647,-0.010008217748616599,0
14524290,25063423.343906555,3087420.3191062324,0.12318430234937756,0.12956262709503377,25083048.223122895,3087420.3191062324,0.12308792343109572,0.1294612578003183,0.9992176038955963,-0.009637891828184753,-0.01013692947154643,0
16077052,20466611.33466781,2878581.6069350485,0.140647690028642,0.14308907946692984,20480388.417354092,2878581.6069350485,0.1405530768398844,0.14299282396439014,0.9993273036426101,-0.009461318875758629,-0.009625550253969384,0
12070348,28836364.758831546,22431985.83914801,0.7779061621239168,0.7954702308571558,28839856.53516522,22431985.83914801,0.77781197738609,0.7953739195553688,0.9998789253223428,-0.009418473782685233,-0.009631130178699987,0
15088330,99658574.27420858,31210090.562092036,0.313170149075363,0.32415495617316326,99688497.68444873,31210090.562092036,0.31307614506222786,0.32405765485997007,0.9996998308637886,-0.00940040131351405,-0.009730131319318769,0
14522350,28095716.85483552,2900957.3706713095,0.1032526554015307,0.1079331841623059,28121157.817220245,2900957.3706713095,0.10315924363878368,0.10783553796664837,0.9990953088578328,-0.00934117627470199,-0.009764619565753863,0
14730050,69137513.78690976,5330537.109245742,0.07710050329080544,0.07876033901073431,69220466.02350149,5330537.109245742,0.07700810779626847,0.07866595440671498,0.9988016226795763,-0.009239549453696205,-0.009438460401933746,0
14729430,46335205.98426499,8321682.765698163,0.17959740523273232,0.1926136333011371,46358871.9764821,8321682.765698163,0.17950572157838007,0.19251530492185887,0.9994895045714418,-0.009168365435224812,-0.009832837927822857,0
14729250,39038792.36467315,4689720.685589194,0.1201297581590408,0.12320117842649866,39068604.93483402,4689720.685589194,0.12003808923844592,0.12310716575873468,0.9992369174632523,-0.009166892059488119,-0.009401266776398742,0
15082015,86398856.20376734,16755627.443288649,0.19393344055124231,0.3151489406578051,86439561.37782684,16755627.443288647,0.1938421155337646,0.3150005341610614,0.9995290909230604,-0.009132501747771693,-0.014840649674369155,-1.862645149230957e-9
14729100,11619607.328886202,2330115.4845897206,0.20053306610431507,0.2022535030512776,11624845.86654578,2330115.4845897206,0.20044269931314745,0.2021623609746704,0.999549367129705,-0.009036679116761204,-0.009114207660718132,0
12072426,126646637.57879108,9102669.58512326,0.07187454605306982,0.09070101278585058,126803367.34115852,9102669.585123261,0.0717857086605039,0.09058890576157758,0.9987639936883871,-0.00888373925659186,-0.011210702427300046,1.862645149230957e-9
15086080,271779195.4181777,70587779.52849671,0.2597247350735792,0.346741463947139,271871166.0115402,70587779.52849671,0.2596368734649134,0.346624165674393,0.9996617125872093,-0.008786160866580683,-0.011729827274598037,0
14522580,25770643.411619272,2416504.343928147,0.09376965508120036,0.09603278354702506,25794664.90650411,2416504.343928147,0.09368233131490795,0.09594335222364432,0.9990687417350872,-0.00873237662924048,-0.008943132338073978,0
15090550,90702433.41936386,43884039.62025007,0.4838242808475893,0.5050991382368142,90718726.87506966,43884039.62025007,0.48373738402087085,0.505008420358385,0.9998203958954556,-0.008689682671847443,-0.009071787842918067,0
12069306,200769111.67734593,22949217.664032657,0.1143065159391357,0.12011052168698852,200920136.8985341,22949217.664032657,0.11422059539817134,0.1200202384611018,0.9992483320809978,-0.008592054096435986,-0.009028322588672255,0
14524320,12668383.846201928,1496866.4126067464,0.11815764589857432,0.13674887196193286,12677525.147904396,1496866.4126067464,0.11807244672310348,0.13665026733039065,0.9992789364173355,-0.008519917547084033,-0.009860463154220955,0
14524260,14375544.98128356,1641272.5113865496,0.11417115062583208,0.12369419117009722,14386253.492598355,1641272.5113865496,0.1140861665082556,0.12360211850876113,0.9992556428037151,-0.00849841175764865,-0.00920726613360956,0
14628320,4185752.195803851,145431.19684474514,0.03474433985617628,0.04219857344049296,4195836.411452889,145431.19684474514,0.03466083578658558,0.042097153968205105,0.9975966137236636,-0.00835040695906994,-0.010141947228785309,0
14524080,52013177.3654473,5739327.8055275045,0.1103437262677242,0.11558856159913744,52051737.980342254,5739327.8055275045,0.11026198217809761,0.11550293206623366,0.9992591867939257,-0.008174408962657864,-0.00856295329037804,0
14729400,35128271.65493477,3302500.174384612,0.09401260064329642,0.10119237054060227,35158509.02655442,3302500.174384612,0.0939317469887676,0.10110534206875217,0.9991399700255545,-0.008085365452881188,-0.008702847185010354,0
12061332,99277275.31391412,5120146.1812933255,0.05157420129736091,0.05478798509071583,99433041.5393216,5120146.1812933255,0.05149340804654479,0.054702157306478864,0.9984334560927025,-0.008079325081611355,-0.008582778423696369,0
14627170,35325355.16502155,1677066.898973038,0.04747487721322716,0.05877129781655921,35384670.56995631,1677066.898973038,0.04739529496699533,0.058672779354400906,0.9983236976922679,-0.007958224623182825,-0.009851846215830351,0
14729080,84880898.3824268,7117236.032182154,0.0838496784060389,0.08637568160739917,84960356.61379237,7117236.032182154,0.0837712589241504,0.0862948997090284,0.9990647610893776,-0.007841948188849757,-0.008078189837076866,0
12067201,126352102.2191363,5074990.989256918,0.04016546539491054,0.04232979634477367,126594762.92223093,5074990.989256918,0.040088475005672725,0.042248657299952475,0.9980831694969585,-0.007699038923781459,-0.008113904482119627,0
14625330,134452282.92635557,3882877.565538737,0.0288792237738762,0.0288792237738762,134810705.16633087,3882877.565538737,0.02880244236352003,0.02880244236352003,0.9973412924475613,-0.007678141035617064,-0.007678141035617064,0
14522020,23324653.61563441,1440798.689984952,0.06177149353331408,0.06350071030739741,23353480.299974073,1440798.689984952,0.06169524505461191,0.06342232734657689,0.9987656364717642,-0.0076248478702169165,-0.00783829608205222,0
14524050,13026224.032660693,1477922.2292696573,0.11345745517381384,0.11422459989651954,13034982.459386006,1477922.2292696573,0.11338122117728364,0.11414785044238417,0.9993280829680744,-0.007623399653020058,-0.0076749454135369155,0
12071052,38206293.47381318,1165950.75436792,0.03051724332189065,0.05678841021153523,38300791.51922781,1165950.7543679199,0.030441949320618816,0.056648298387357916,0.9975327390984287,-0.007529400127183339,-0.0140111824177315,-2.3283064365386963e-10
14522310,78044891.97818156,5537707.467547305,0.0709554120351072,0.07367298894669481,78127693.60088934,5537707.467547305,0.0708802117701868,0.07359490852791678,0.998940175770057,-0.007520026492040255,-0.007808041877803429,0
14522320,34266789.78694286,1957104.931408996,0.05711375193233706,0.06026659024798064,34311583.95952025,1957104.9314089958,0.05703918926383369,0.06018791151232671,0.9986944883503415,-0.0074562668503370955,-0.007867873565392536,-2.3283064365386963e-10
12061344,62322492.06522357,2438781.1489857403,0.03913163720143661,0.04389980812981167,62439240.78617816,2438781.1489857403,0.03905846897365863,0.04381772438912593,0.9981302027461482,-0.007316822777797549,-0.00820837406857386,0
14729350,48700435.38761976,7624542.729865822,0.15656005268084466,0.1582154002338347,48722638.77218679,7624542.729865822,0.15648870672863216,0.15814329992349963,0.9995442901877535,-0.007134595221250373,-0.007210031033508257,0
15088205,87575956.8633864,18160064.77515031,0.2073635895692125,0.21826885792822073,87605623.53928131,18160064.775150314,0.20729336818209573,0.2181949435925365,0.9996613610554166,-0.007022138711676451,-0.007391433568423866,3.725290298461914e-9
14522080,91116940.1967694,5042644.394625317,0.0553425563208729,0.05819532589178097,91232608.068295,5042644.394625317,0.055272391104400846,0.058121543834891806,0.9987321652425083,-0.007016521647205259,-0.007378205688916145,0
16076012,4096695.059117049,1005011.4604710316,0.2453224967854062,0.2545393008283029,4097838.24899341,1005011.4604710316,0.24525405821420646,0.2544682910094272,0.9997210261101346,-0.006843857119975816,-0.007100981887570024,0
14522510,44548404.68439212,2331725.478845414,0.05234139124318299,0.05480739800078697,44606404.11931287,2331725.478845414,0.05227333439854359,0.05473613473318486,0.9986997509423622,-0.0068056844639396985,-0.00712632676021091,0
14730160,103741298.45665488,8753430.480380835,0.08437749103398957,0.08724825267392408,103823560.27216558,8753430.480380835,0.08431063679028519,0.08717912385917068,0.9992076767999954,-0.00668542437043812,-0.0069128814753405265,0
14521270,28825006.22366708,1429826.7461498224,0.04960369253887092,0.04961327350751274,28862952.942897946,1429826.7461498224,0.04953847754173217,0.049548045914077014,0.9986852793854483,-0.006521499713874751,-0.006522759343572521,0
14522330,49095432.99020548,2834672.3540339405,0.05773800497083825,0.06136647456887065,49149615.820938915,2834672.3540339405,0.05767435424848839,0.061298823799912736,0.9988975940131286,-0.006365072234986585,-0.0067650768957913665,0
12068477,196289929.0047748,20993594.716365892,0.10695197060189074,0.11723521913755472,196404815.48170736,20993594.716365892,0.10688940932978896,0.11716664270644177,0.9994150526469996,-0.006256127210177431,-0.006857643111295164,0
14521690,22953148.87247451,1129895.2029233747,0.04922615233321422,0.05183694156816047,22981602.50064336,1129895.2029233747,0.04916520520671888,0.05177276201145856,0.9987618953827064,-0.0060947126495340676,-0.006417955670190434,0
12062461,156292913.23826408,7275352.067489935,0.04654946866592005,0.04974448584005724,156495738.43898296,7275352.067489935,0.04648913855457198,0.04968001484918038,0.9987039570358782,-0.006033011134807392,-0.006447099087685676,0
12065036,17753259.84957883,825098.522198173,0.0464758883263767,0.0464758883263767,17775945.98677081,825098.522198173,0.04641657455598856,0.04641657455598856,0.9987237732827912,-0.005931377038814051,-0.005931377038814051,0
15082256,140329265.54748937,34892276.15317418,0.24864575480419765,0.25853483759955365,140361657.66805235,34892276.15317418,0.24858837329844383,0.25847517392951447,0.9997692238671078,-0.005738150575382295,-0.0059663670039178385,0
15086015,165703102.26622188,70867275.282094,0.42767621313593296,0.4502635410514574,165725038.92818782,70867275.282094,0.4276196025683379,0.4502039406485278,0.9998676321809438,-0.005661056759503902,-0.005960040292957158,0
13071093,45019489.30844949,5431331.217263125,0.12064399887014587,0.12064399887014587,45040461.49018636,5431331.217263125,0.12058782342730946,0.12058782342730946,0.9995343701853179,-0.005617544283641196,-0.005617544283641196,0
15090220,20423004.14718728,6773127.775706105,0.33164208981659155,0.33164208981659155,20426442.347355027,6773127.775706105,0.33158626747271736,0.33158626747271736,0.999831678952738,-0.005582234387419005,-0.005582234387419005,0
12063228,31697901.34660355,2264070.3217222546,0.07142650540064385,0.07489409153270737,31721999.89801838,2264070.3217222546,0.07137224415235205,0.07483719603049219,0.9992403205506494,-0.005426124829180368,-0.0056895502215187355,0
14524330,103437954.65459196,8105326.885160192,0.07835931126273842,0.08311864940790879,103508554.81607848,8105326.885160192,0.07830586466560494,0.08306195660525911,0.9993179292125953,-0.005344659713348021,-0.005669280264967991,0
15083125,106721965.34900963,43315.84833638421,4.058756620038779e-4,4.058756620038779e-4,122650835.84860626,43315.84833638421,3.531639066027321e-4,3.531639066027321e-4,0.8701283167832758,-0.005271175540114581,-0.005271175540114581,0
13071001,44364011.80546184,5775263.400879709,0.13017901596015471,0.18825710429412432,44381761.02719912,5775263.400879709,0.130126954569026,0.18818181622509783,0.9996000784708294,-0.005206139112870489,-0.007528806902648566,0
14625340,93169666.46311209,1669192.947158219,0.01791562651798361,0.02483605107898874,93439533.9773545,1669192.947158219,0.017863883477444952,0.02476432080505663,0.997111848670951,-0.005174304053865916,-0.007173027393211212,0
15090180,26866543.111449055,11492922.742509624,0.42777824801777226,0.4292668889484747,26869771.03254754,11492922.742509624,0.42772685813318495,0.4292153202303774,0.9998798679343202,-0.005138988458730509,-0.005156871809730568,0
12061005,33146755.549998734,797524.0445364628,0.02406039539325269,0.04772783093436809,33217688.632056132,797524.0445364628,0.024009016803379465,0.047625912881441856,0.9978645991043175,-0.005137858987322441,-0.01019180529262323,0
15090245,63938237.24079598,17722964.352446802,0.27718881716586663,0.306886870830118,63950074.736398935,17722964.352446802,0.27713750805609755,0.30683006445422195,0.9998148947338724,-0.0051309109769082095,-0.005680637589605686,0
12063293,51142310.06227499,4832151.357728852,0.0944844171458981,0.0944844171458981,51169638.88332954,4832151.357728852,0.09443395464928929,0.09443395464928929,0.9994659172577539,-0.005046249660881075,-0.005046249660881075,0
12072240,110231180.86987476,4313534.413666144,0.03913170828459297,0.03967536981189876,110371846.037488,4313534.413666144,0.03908183625198263,0.03962480490114414,0.9987255339775194,-0.004987203261033746,-0.0050564910754620496,0
14729360,26413852.589497704,2190588.977582212,0.08293333848819928,0.084068391467265,26429546.760908872,2190588.977582212,0.08288409170989813,0.0840184706813399,0.9994061884014455,-0.004924677830114854,-0.004992078592509774,0
12069688,23852924.387744553,2423434.6411209875,0.10159905769735007,0.17262192785498026,23864482.92313698,2423434.6411209875,0.1015498491597918,0.1725383200655701,0.9995156595083307,-0.00492085375582707,-0.008360778941016167,0
14729410,68904782.65983589,3678273.1268818807,0.05338197124923115,0.05847995532481942,68968117.12620622,3678273.1268818807,0.05333294977664724,0.058426252296257974,0.9990816848565776,-0.004902147258391276,-0.005370302856144704,0
16074012,10708845.301631566,1880514.8077937895,0.17560388210176872,0.1968943839954155,10711833.845222116,1880514.8077937895,0.17555488957033913,0.19683945152934046,0.9997210054194519,-0.004899253142959248,-0.00549324660750472,0
12065084,214316768.5831509,9145933.627313549,0.04267483915410518,0.04635545361642609,214561334.25998986,9145933.627313547,0.042626196648419275,0.046302615797683126,0.9988601596010649,-0.004864250568590439,-0.005283781874296234,-1.862645149230957e-9
14729320,57174850.99613302,4640969.121394411,0.0811715123089398,0.0907851006930287,57209117.342527494,4640969.121394411,0.0811228932900256,0.09073072345645679,0.9994010334718274,-0.004861901891420328,-0.005437723657190918,0
15084130,80447255.68973264,8524450.077040466,0.10596321781214506,0.11391525175205276,80483183.11954002,8524450.077040466,0.10591591617815706,0.11386440035611288,0.9995536032694678,-0.004730163398800058,-0.005085139593988264,0
15088220,54385515.68496072,10063868.742903631,0.1850468569830368,0.1871991355859191,54399314.11881466,10063868.742903631,0.18499991968507046,0.18715165236059286,0.9997463491208032,-0.004693729796634294,-0.004748322532624472,0
13071043,41540306.91411783,3645932.6621479406,0.08776855379729608,0.08776855379729608,41562504.55205552,3645932.6621479406,0.08772167850427644,0.08772167850427644,0.9994659215517223,-0.004687529301963811,-0.004687529301963811,0
15086005,39884265.67343944,26218601.873637293,0.6573670451477643,0.6839948508256922,39887011.59926703,26218601.873637293,0.6573217902872195,0.6839477628376102,0.9999311573939113,-0.004525486054485217,-0.004708798808206183,0
15002000,135824964.26597008,25128913.541060213,0.18500953544779303,0.18530812525187104,135858053.42722595,25128913.541060213,0.18496447510578257,0.18526299218626469,0.9997564431373692,-0.004506034201046116,-0.004513306560635644,0
15089305,86644505.20493677,48284951.609876275,0.5572765577652018,0.6274400899425477,86651504.83816189,48284951.609876275,0.5572315414493675,0.6273894058775851,0.9999192208694103,-0.004501631583431198,-0.005068406496266942,0
14729160,218061391.4985175,10409492.182591,0.04773652094512003,0.04962915646081595,218262734.2336526,10409492.182591,0.047692485018755094,0.049583374618398596,0.9990775212459332,-0.0044035926364933975,-0.004578184241735284,0
14730080,78458063.03302881,4173351.745547079,0.05319213327749636,0.0547044729833144,78522800.17792132,4173351.745547079,0.053148279685529126,0.054659372561707366,0.9991755624513412,-0.0043853591967235594,-0.004510042160703331,0
14522150,65455851.24600865,2258952.983977228,0.03451109321742987,0.03941941583076487,65535416.38795091,2258952.983977228,0.034469194040133544,0.039371557564369046,0.9987859214707471,-0.004189917729632842,-0.004785826639582685,0
15091060,296977392.1551608,22000760.0311055,0.07408227229502654,0.074620734247321,297144551.46010095,22000760.0311055,0.07404059715380529,0.07457875619317324,0.9994374478545247,-0.0041675141221247936,-0.004197805414776767,0
14729370,46108371.65275701,2957589.030207704,0.06414429580123455,0.0660561222018644,46138160.32048705,2957589.030207704,0.06410288164208457,0.06601347369004386,0.9993543594386269,-0.004141415914998836,-0.004264851182053664,0
14522570,41670621.90606854,1438145.2031781331,0.03451220877912298,0.03546472476627197,41719077.75883077,1438145.2031781331,0.03447212355679933,0.0354235332161744,0.9988385205195008,-0.004008522232364781,-0.004119155009757458,0
12061265,54671599.66240399,1139893.8487517354,0.02084983530371448,0.02100018214713985,54774429.42453899,1139893.8487517354,0.02081069325098368,0.020960757843542913,0.9981226684930299,-0.003914205273080132,-0.0039424303596938964,0
15088020,36444264.40457499,4129548.0980771338,0.11331133075521028,0.11996206061871952,36456820.25492409,4129548.0980771333,0.11327230595540955,0.11992074528539737,0.9996555966685712,-0.003902479980073814,-0.004131533332214776,-4.656612873077393e-10
14730270,80288517.89139657,6959742.284838299,0.08668415444226403,0.08954758530579257,80324651.47217132,6959742.284838299,0.08664516007578968,0.08950730284147397,0.9995501557726986,-0.0038994366474351394,-0.004028246431860005,0
14521240,22648437.573776744,705321.5072616473,0.03114217062276721,0.03114632833818544,22676551.100191567,705321.5072616473,0.031103561742935805,0.03110771430377644,0.9987602379969243,-0.0038608879831404652,-0.003861403440899927,0
15090520,107489946.01460364,78227740.1350117,0.7277679730566025,0.751461398272605,107495553.84168127,78227740.1350117,0.7277300068635861,0.751422196041197,0.9999478320090719,-0.0037966193016325533,-0.003920223140807533,0
12070241,41811787.22891896,8467064.426160969,0.20250424550866256,0.26523762576166166,41819617.7754618,8467064.426160969,0.20246632744522902,0.2651879611381208,0.9998127542297283,-0.00379180634335341,-0.00496646235408349,0
12067137,173927029.87384102,2594707.0682866583,0.01491836588119019,0.01633277841545044,174356380.08987343,2594707.0682866583,0.01488162960798564,0.016292559170605667,0.9975375135924989,-0.0036736273204550016,-0.004021924484477399,0
14628330,31705942.714922413,486713.767481299,0.01535086882157984,0.01566547140488926,31817093.770008847,487261.5071271075,0.015314456771234265,0.01562796030981884,0.9965065616649373,-0.003641205034557622,-0.0037511095070420775,547.7396458085277
14522460,63554570.2485366,2715617.197376927,0.04272890504580914,0.0452459374285654,63608667.65588005,2715617.197376927,0.042692565297363094,0.04520745701390004,0.9991495277398968,-0.003633974844604454,-0.0038480414665358065,0
14522600,15598454.523824405,576743.594284918,0.03697440624031213,0.03697440624031213,15613710.21278385,576743.594284918,0.03693827965455031,0.03693827965455031,0.9990229299281502,-0.003612658576182537,-0.003612658576182537,0
14713000,298922250.8306755,19203060.42921512,0.06424098699863161,0.06724670038730694,299088853.71073973,19203060.429215122,0.06420520253752798,0.06720924163944542,0.9994429652660163,-0.0035784461103624543,-0.003745874786152681,3.725290298461914e-9
14627100,112165620.4194824,2450289.4526300165,0.02184528060796441,0.02264856117791801,112347451.21716762,2450289.4526300165,0.02180992471198663,0.02261190519773523,0.9983815316171816,-0.0035355895977778884,-0.0036655980182782183,0
12061112,2828092.221003644,61137.778040548874,0.0216180284314958,0.0216180284314958,2832709.8299547434,61137.778040548874,0.021582788817280884,0.021582788817280884,0.9983698969438134,-0.003523961421491445,-0.003523961421491445,0
14524150,22713642.607631218,988572.9922449384,0.0435233136895798,0.04618551293101288,22731716.17384742,988572.9922449385,0.04348870910953395,0.046148791685691845,0.9992049185341759,-0.003460458004584527,-0.0036721245321037765,1.1641532182693481e-10
14522300,31172305.140820637,913980.8371998352,0.02932028392096555,0.03219085885010635,31209092.964952536,913980.8371998351,0.029285722536897353,0.032152913766109126,0.9988212466099796,-0.003456138406819631,-0.0037945083997223406,-1.1641532182693481e-10
13071137,18836547.674979378,1122302.332168029,0.05958110538794672,0.11827465615547886,18847417.38042587,1122302.332168029,0.059546743700471375,0.118206444652107,0.9994232787852525,-0.0034361687475344127,-0.006821150337185666,0
14522530,31460334.55955229,1096346.9933532982,0.03484854845640587,0.0364363686494057,31490882.602004535,1096346.9933532982,0.034814743276948064,0.03640102318924903,0.9990299400992241,-0.003380517945780759,-0.003534546015666884,0
12068426,52388044.79760392,2517499.6893835943,0.04805485104683154,0.0511037931175657,52423334.85008234,2517499.6893835943,0.04802250174627416,0.05106939134693965,0.9993268254951857,-0.0032349300557378557,-0.003440177062605243,0
12069537,49705921.922633074,3379637.4452937366,0.06799265187263037,0.11973912678179773,49729511.31494759,3379637.4452937366,0.06796039928664838,0.11968232804876444,0.9995256460059476,-0.003225258598199554,-0.005679873303328364,0
12066064,20809430.093916778,349386.6318240228,0.01678982222228945,0.02266190957682311,20849051.531904455,349386.6318240228,0.016757914924301023,0.022618842992062346,0.9980996047744883,-0.003190729798842676,-0.004306658476076544,0
15090485,65600841.33075301,6105174.780897325,0.09306549515296048,0.11110607026515538,65622886.191423364,6105174.780897325,0.09303423142786496,0.11106874612443593,0.9996640674930687,-0.0031263725095515005,-0.0037324140719455223,0
16076003,20153208.322012063,2162710.18843663,0.10731344378921742,0.10731344378921742,20159072.262280148,2162710.18843663,0.10728222808562972,0.10728222808562972,0.9997091165609314,-0.003121570358770309,-0.003121570358770309,0
15084445,14795758.253482584,2349730.881469984,0.15881111607895534,0.16527030235355095,14798621.05160239,2349730.881469984,0.15878039401620841,0.16523833075909042,0.999806549670417,-0.003072206274692957,-0.0031971594460528108,0
15084565,41921179.11773494,4005494.419514315,0.09554822893375568,0.10017818115690864,41934541.89197438,4005494.419514315,0.09551778173308016,0.10014625858525002,0.9996813420717969,-0.003044720067552076,-0.0031922571658626886,0
14522500,53672509.07844549,1370183.4344529207,0.02552858917868583,0.0258690664141992,53736567.17403154,1370183.4344529207,0.02549815714903107,0.025838228509654313,0.9988079235620207,-0.003043202965476166,-0.0030837904544885747,0
15089055,57420301.14727775,17656943.33389679,0.30750349582124914,0.31823231143359487,57425951.03109665,17656943.33389679,0.3074732419204586,0.31820100197237156,0.9999016144492611,-0.003025390079053336,-0.003130946122331668,0
12072312,341192433.78414,8336554.540092975,0.0244335856092495,0.03773430120277109,341614674.8878322,8336554.540092975,0.024403385313673216,0.037687661013815085,0.9987639842936171,-0.003020029557628326,-0.004664018895600419,0
15090135,33092416.667359404,7180766.953276611,0.21699131331074217,0.2398915630472923,33096927.482174885,7180766.953276611,0.2169617393380089,0.2398588679756037,0.9998637089555243,-0.0029573972733260012,-0.0032695071688598754,0
14521150,32969170.068404295,823119.8601926013,0.0249663506386359,0.02617527788819447,33008113.855999652,823119.8601926013,0.02493689472181061,0.02614439564915548,0.9988201753130986,-0.0029455916825290446,-0.003088223903898943,0
15084550,113702064.57760824,13043635.45835824,0.1147176659176246,0.11823470345072924,113730963.21805179,13043635.45835824,0.11468851655947204,0.11820466042562604,0.9997459034934212,-0.002914935815255537,-0.003004302510320467,0
14729050,62770550.9293797,2679534.960390518,0.04268777190445789,0.04285371077843689,62812956.61812812,2679534.960390518,0.042658952939928815,0.042824779786825834,0.9993248894649838,-0.0028818964529074564,-0.0028930991611053614,0
12070008,79693609.51313046,15097931.322923502,0.1894497114029694,0.19396652756913585,79705672.07947846,15097931.322923502,0.18942104029771695,0.19393717289402865,0.9998486611299636,-0.0028671105252453533,-0.0029354675107201578,0
12062282,23528158.618049905,486730.3126913256,0.02068714006024783,0.02068714006024783,23560664.704395063,486730.3126913256,0.02065859850721995,0.02065859850721995,0.9986203238850433,-0.0028541553027880417,-0.0028541553027880417,0
12070052,23851756.303758033,8424545.08411043,0.3532043920297423,0.35846926216053193,23853680.377576068,8424545.08411043,0.3531759020310351,0.3584403474894633,0.999919338492527,-0.002848999870719293,-0.00289146710686361,0
14524310,20931131.79517185,762163.3249500833,0.03641290554225503,0.04248589181546866,20947435.8155518,762163.3249500833,0.0363845642808576,0.042452823765893564,0.9992216698729376,-0.002834126139742571,-0.003306804957509818,0
14521670,30058200.658077806,667811.3862595323,0.02221727753620759,0.02354639845907631,30095422.232806846,667811.3862595323,0.02218979953474635,0.023517276620443693,0.9987632147360782,-0.00274780014612383,-0.002912183863261822,0
12072232,46592886.66626696,1003367.91927473,0.02153478762673796,0.03170890216683492,46648169.57139833,1003367.91927473,0.021509266676348452,0.03167132383854433,0.998814896583525,-0.0025520950389507774,-0.0037578328290585605,0
12065198,245182486.1713247,5454314.532491421,0.02224593859726237,0.02413188296009707,245462895.6625957,5454314.532491421,0.022220525500476138,0.02410431541671751,0.9988576298241978,-0.0025413096786233713,-0.0027567543379562742,0
15091110,160051497.85625362,6618679.377447122,0.04135343602589417,0.0419154614791379,160149892.23009607,6618679.377447122,0.04132802891891869,0.041889709069759876,0.9993856107395871,-0.002540710697548215,-0.002575240937802148,0
12062240,34973457.18011927,514397.8485153883,0.01470823561611743,0.01470823561611743,35031725.017906845,514397.8485153883,0.014683771588537198,0.014683771588537198,0.9983367122869973,-0.0024464027580231584,-0.0024464027580231584,0
14627180,125065438.57873732,2121980.376447319,0.01696696066124924,0.01784525230549391,125244731.56155156,2121980.376447319,0.016942671759446196,0.017819706093090137,0.9985684588838284,-0.0024288901803042745,-0.0025546212403772944,0
12062336,12864357.151873898,186554.5558117185,0.01450166173165861,0.03402036723558371,12885550.65448653,186554.5558117185,0.014477810131207965,0.03396441225459585,0.9983552505297666,-0.0023851600450644148,-0.005595498098785734,0
16076094,62960697.0203359,3733275.0167839574,0.05929532539288969,0.063127315599288,62985940.27364644,3733275.0167839574,0.05927156124945513,0.0631020156861397,0.9995992239982309,-0.0023764143434558405,-0.002529991314829949,0
13071138,10672141.417973015,516620.92357445497,0.04840836560733825,0.04840836560733825,10677284.917102613,516620.92357445497,0.048385046159716526,0.048385046159716526,0.9995182764935533,-0.002331944762172522,-0.002331944762172522,0
12073572,378905948.0809287,4898296.406218995,0.01292747298116521,0.01661747155028604,379582812.2804865,4898296.406218995,0.012904420979418529,0.016587839619609353,0.9982168207367154,-0.002305200174668176,-0.0029631930676687207,0
15090010,31229038.757685702,3317559.0554413055,0.10623314669347064,0.11329774709234929,31235481.426069036,3317559.0554413055,0.10621123491544718,0.11327437816125653,0.9997937387839344,-0.0021911778023464556,-0.0023368931092754286,0
14625160,54231965.68582398,424814.3408776578,0.00783328311089971,0.00858200004667602,54384025.184921,424814.3408776578,0.007811380997143361,0.0085580044960725,0.9972039675515011,-0.0021902113756348818,-0.002399555060351999,0
16077005,8813841.266250268,289855.7296672885,0.03288642498897688,0.03288642498897688,8819688.142882936,289855.7296672885,0.03286462343922989,0.03286462343922989,0.9993370653771487,-0.0021801549746985893,-0.0021801549746985893,0
14522250,54267953.5876267,1081793.6358843837,0.01993429942291091,0.02028735195827257,54327358.423452094,1081793.6358843835,0.019912502048275434,0.020265168534535687,0.9989065392180058,-0.0021797374635475902,-0.0022183423736884395,-2.3283064365386963e-10
15089030,114041858.67608124,25971675.13615873,0.22773809053680344,0.2571521473345042,114052712.15939711,25971675.13615873,0.22771641852638622,0.2571276762238406,0.9999048380077038,-0.0021672010417222998,-0.002447111066361529,0
14522280,28217694.347748056,647343.9365037128,0.02294106416087729,0.02294106416087729,28243183.274728227,647343.9365037128,0.022920360293910317,0.022920360293910317,0.9990975193294526,-0.0020703866966974294,-0.0020703866966974294,0
14522220,44321409.29197093,780123.4235916528,0.01760150311224369,0.01919771166710311,44373569.65298103,780123.4235916528,0.01758081285081476,0.019175145090220638,0.9988245173553083,-0.002069026142893088,-0.0022566576882473988,0
15089235,79375248.88859591,15709528.847198812,0.19791470347699092,0.2128567160956346,79383374.10226241,15709528.847198812,0.19789444609600051,0.2128349293384177,0.9998976459018228,-0.002025738099040164,-0.0021786757216923913,0
15090546,296919822.19086444,56254757.76671999,0.18946110553224904,0.23132553112718007,296949495.3478358,56254757.76671999,0.18944217332588906,0.23130241555061182,0.9999000733881142,-0.0018932206359983939,-0.002311557656825558,0
15086055,161540672.78815773,18359572.821636315,0.11365294265991337,0.11412209507149448,161566566.55857658,18359572.821636315,0.11363472785676844,0.11410380507875376,0.9998397331145273,-0.0018214803144928071,-0.0018289992740727623,0
14524090,36841945.25364857,779509.8389016318,0.02115821609132961,0.02197181391198809,36873390.54000072,779509.8389016318,0.02114017256037276,0.021953076552336036,0.9991472092505831,-0.001804353095685024,-0.0018737359652052504,0
14523100,25100374.130603895,1026032.8466438798,0.04087719335596988,0.04182479932480865,25111355.614682466,1026032.8466438798,0.040859317290061564,0.04180650885993202,0.9995626885204019,-0.0017876065908313532,-0.0018290464876627444,0
15083030,64364631.84929438,15185324.687491233,0.23592653684474865,0.28911629065855277,64369450.01342427,15185324.687491233,0.23590887733737553,0.2890946498065534,0.9999251482787427,-0.0017659507373118943,-0.0021640851999349398,0
12069648,20695667.47787179,660606.6614384202,0.03192004617124592,0.05166700487818599,20707044.44068362,660606.6614384202,0.03190250850770913,0.051638617746706104,0.9994505752453269,-0.001753766353679298,-0.002838713147988725,0
14524180,50048237.61829634,990170.3147072144,0.01978431932526698,0.02117989246349018,50092485.45446207,990170.3147072144,0.01976684338427079,0.02116118378087582,0.9991166771669585,-0.0017475940996190126,-0.0018708682614360095,0
16074063,6143099.034534556,2293984.266792416,0.3734245946380424,0.3734245946380424,6143386.212843794,2293984.266792416,0.3734071385576332,0.3734071385576332,0.9999532540688003,-0.0017456080409206098,-0.0017456080409206098,0
15083361,31180691.52007647,15103948.751621803,0.4844006984866499,0.4844006984866499,31181807.099593844,15103948.751621803,0.48438336826920264,0.48438336826920264,0.9999642233846867,-0.0017330217447264484,-0.0017330217447264484,0
12063165,42652975.11214483,1229105.9525189882,0.02881641782987883,0.02881641782987883,42678641.5444656,1229105.9525189882,0.02879908797561936,0.02879908797561936,0.9993986117788207,-0.0017329854259468674,-0.0017329854259468674,0
12061192,68969441.09721689,691923.458528919,0.01003231935073401,0.01031908258773311,69088656.33213338,691923.458528919,0.010015008183146601,0.01030127659873102,0.9982744600742648,-0.001731116758740825,-0.0017805989002091238,0
14521035,36154219.44081664,711424.3483607146,0.01967749157260315,0.01967749157260315,36185659.69923068,711424.3483607146,0.019660394594819,0.019660394594819,0.9991311403833628,-0.0017096977784149953,-0.0017096977784149953,0
14729170,70066356.78129907,2272726.972447013,0.03243677960224144,0.03357803672176342,70102504.26428947,2272726.972447013,0.032420053980935316,0.033560722625441346,0.9994843624579498,-0.0016725621306126759,-0.0017314096322072758,0
15084590,87389709.97641104,3556160.183732271,0.04069312261926695,0.04263767481637268,87425518.6237047,3556160.183732271,0.04067645510961885,0.04262021083694246,0.9995904096669099,-0.0016667509648099488,-0.0017463979430219767,0
12067408,21598525.338808782,170624.5546217852,0.0078998242678727,0.0078998242678727,21643502.72157179,170624.5546217852,0.007883407635850274,0.007883407635850274,0.9979218990871483,-0.0016416632022425715,-0.0016416632022425715,0
13076089,74797832.45730919,5925109.407746583,0.07921498809645768,0.08887546354734557,74813303.50257179,5925109.407746583,0.0791986068031724,0.08885708451240257,0.9997932046235323,-0.0016381293285280818,-0.0018379034943005745,0
15084275,27862618.456292495,1363997.8256079503,0.04895440203323407,0.05059422618266129,27871911.810787264,1363997.8256079503,0.048938079126672696,0.05057735650818414,0.99966656917696,-0.0016322906561373751,-0.0016869674477150431,0
14522480,48691974.840761214,511681.57266569935,0.01050854015141235,0.01254305986566392,48765913.081287704,511681.57266569935,0.010492607240077292,0.01252404224210913,0.9984838130600929,-0.0015932911335057517,-0.0019017623554789045,0
15084355,130230899.2403071,16856769.006631702,0.12943755364483,0.13435722896968938,130246898.55399118,16856769.006631702,0.1294216537497365,0.13434072474981257,0.9998771616532776,-0.0015899895093512972,-0.001650421987681172,0
14730140,52579637.76954773,1159343.4511899108,0.02204928562405124,0.0245894069070753,52617272.90102957,1159343.4511899108,0.022033514609747586,0.024571819040753364,0.9992847380830125,-0.0015771014303653241,-0.0017587866321937262,0
13076125,55487195.23733455,5348987.77652112,0.09640039929288144,0.12304886956378148,55496241.96970108,5348987.77652112,0.09638468456010899,0.1230288107246342,0.9998369847750868,-0.0015714732772453832,-0.002005883914728279,0
15089195,125573645.56046005,22340867.195901804,0.1779104771243209,0.21245904126634416,125584535.19015801,22340867.195901804,0.17789505023109442,0.21244061861357186,0.999913288450035,-0.0015426893226477834,-0.0018422652772298598,0
15086145,81000767.12181057,12000637.08312024,0.1481546102529306,0.1547438800360224,81009143.90285742,12000637.08312024,0.14813929026963762,0.1547278786868049,0.9998965946232329,-0.0015319983292988448,-0.0016001349217503735,0
15082430,470839918.7841749,21785186.388508823,0.04626877526604702,0.04762770055659952,470995786.36170936,21785186.388508823,0.046253463447714395,0.04761193902640275,0.9996690680000803,-0.0015311818332627847,-0.0015761530196771456,0
14627040,14238335.024330487,144436.40700524492,0.01014419219371027,0.01252789775145337,14259650.79794955,144436.40700524492,0.010129028336795876,0.012509170656647434,0.998505168610291,-0.0015163856914393939,-0.0018727094805935304,0
16052000,152225023.77741796,6468319.383383093,0.04249182705230522,0.04464997428350616,152278976.54911166,6468319.383383093,0.04247677210581323,0.044634154700769015,0.9996456978309393,-0.0015054946491989407,-0.0015819582737143512,0
16074112,5198417.180010833,1044698.933925012,0.20096481250910972,0.20096481250910972,5198804.2403446855,1044698.9339250119,0.20094985031706972,0.20094985031706972,0.9999255481999401,-0.0014962192040002265,-0.0014962192040002265,-1.1641532182693481e-10
16074092,11496079.53001954,635441.829208392,0.05527465494206718,0.05824615352155274,11499154.90325085,635441.829208392,0.05525987209970972,0.05823057597147414,0.9997325565872288,-0.001478284235745947,-0.0015577550078603453,0
15090415,231313915.1928002,86447446.97704893,0.3737235042906734,0.413702323029667,231322870.27737197,86447446.97704893,0.37370903652281556,0.4136863075821419,0.9999612875088354,-0.0014467767857850866,-0.0016015447525052906,0
16076022,84875542.84927861,2624259.92818193,0.03091891774809702,0.03711587009787262,84912677.81935868,2624259.92818193,0.030905395938221634,0.037099638166893927,0.9995626687199871,-0.0013521809875384483,-0.0016231930978695408,0
12070424,50420776.41981825,19612621.708366353,0.38897897059469855,0.47162339995693914,50422521.378002,19612621.708366353,0.38896550930756935,0.4716070786170118,0.999965393277923,-0.0013461287129201693,-0.0016321339927349854,0
14521495,83390314.41918805,809029.4623053148,0.00970171977333566,0.01018073720288631,83505276.29702461,809029.4623053148,0.00968836339667487,0.010166721361989732,0.9986232980365499,-0.001335637666079019,-0.0014015840896578965,0
15083440,24048270.15792652,5399301.222785094,0.2245193183263303,0.23117214749668075,24049686.691628017,5399301.222785094,0.22450609407168098,0.231158531388414,0.9999410997024759,-0.0013224254649307765,-0.0013616108266750748,0
16077001,45960973.49719677,888222.3278905862,0.01932557690373465,0.01937334812296326,45989937.18791705,888222.3278905862,0.019313405979687857,0.01936114711340422,0.999370216780207,-0.0012170924046792791,-0.0012201009559040937,0
15088216,127642665.1090132,9564952.377296342,0.07493538597871954,0.07686734096353674,127662765.18892792,9564952.377296342,0.07492358765017493,0.07685523845507304,0.9998425533092208,-0.0011798328544615488,-0.0012102508463701644,0
13071159,90027834.1136368,1106614.805787739,0.01229191856810555,0.03415655247989671,90112541.72905003,1106614.805787739,0.012280363915547998,0.034124444628361374,0.9990599797343647,-0.0011554652557551823,-0.003210785153533874,0
16077036,100691309.62339708,1679752.7067972245,0.01668220140427004,0.01725587961274635,100760296.6100366,1679752.7067972245,0.016670779695083852,0.017244065126521633,0.9993153356137239,-0.0011421709186189982,-0.001181448622471562,0
16071022,6057560.926787112,1169767.0978265218,0.1931085979925848,0.20767788517911953,6057917.431900784,1169767.0978265218,0.19309723365765413,0.20766566344963985,0.9999411505492308,-0.001136433493068023,-0.0012221729479677812,0
15090535,269462495.3888004,39233476.64646394,0.1455990251624998,0.20562187086678785,269482844.1648705,39233476.64646394,0.14558803091175915,0.20560634426279062,0.9999244895305556,-0.0010994250740664624,-0.001552660399722905,0
12068264,157501614.3102262,3605033.930669584,0.02288886972021034,0.02288886972021034,157576666.42114767,3605033.9306695843,0.022877967992003215,0.022877967992003215,0.9995237105046957,-0.0010901728207123734,-0.0010901728207123734,4.656612873077393e-10
14521220,19731806.459987193,175988.60622895224,0.00891903164496508,0.00941120444353669,19755555.35532984,175988.60622895224,0.008908309741921396,0.00939989088108007,0.9987978624282895,-0.0010721903043684963,-0.0011313562456620116,0
12069017,181276681.2923098,1962991.2685753456,0.01082870259197877,0.01294819452084391,181455267.83634016,1962991.2685753454,0.010818045086163191,0.012935451031285943,0.9990158095371944,-0.001065750581557938,-0.001274348955796617,-2.3283064365386963e-10
15088365,90998135.38742118,6695369.161124649,0.07357699289792438,0.07357699289792438,91010959.29253115,6695369.161124649,0.0735666255269777,0.0735666255269777,0.9998590949352731,-0.001036737094668727,-0.001036737094668727,0
12070416,15518445.506494392,3043909.928151827,0.19614786332032844,0.21565666650838689,15519249.709299661,3043909.928151827,0.19613769899763986,0.21564549124544377,0.9999481803037947,-0.0010164322688577254,-0.0011175262943113884,0
16074026,7654639.144072595,1170370.1924490177,0.15289684731321387,0.15289684731321387,7655135.661109284,1170370.1924490177,0.15288693032507575,0.15288693032507575,0.9999351393549809,-9.916988138125582e-4,-9.916988138125582e-4,0
14523320,101676934.79473804,2270153.3018512125,0.02232712174530163,0.02470627634905603,101719133.12763377,2270153.3018512125,0.022317859305807295,0.0246960269137538,0.9995851485202614,-9.262439494336222e-4,-0.001024943530222866,0
14524200,49070386.86681686,572588.4404377013,0.01166871665372799,0.01195262131215337,49108021.31470883,572588.4404377013,0.011659774210169605,0.011943461295278292,0.999233639497491,-8.942443558384097e-4,-9.160016875077101e-4,0
16075127,8249560.409786124,1024562.636370362,0.12419602808835298,0.12543839955488462,8250127.516421139,1024562.6363703621,0.12418749096072297,0.12542977702771377,0.9999312608642852,-8.537127630006691e-4,-8.622527170848437e-4,1.1641532182693481e-10
12068501,37671426.00534109,730830.4927406482,0.01940012816708957,0.03374329322397471,37687852.18660619,730830.4927406482,0.0193916726568031,0.033728586271500105,0.9995641518337588,-8.455510286470291e-4,-0.0014706952474602408,0
15084285,31291212.558839347,5430191.289404978,0.17353725999573072,0.18938212047397288,31292658.355307817,5430191.289404978,0.173529242154779,0.18937337056216086,0.9999537975824216,-8.017840951723976e-4,-8.749911812017119e-4,0
15088319,110084626.45194812,7637481.359757764,0.06937827384182042,0.07204160142116194,110097013.90878393,7637481.359757764,0.06937046781382705,0.07203349573149513,0.999887485987167,-7.806027993370601e-4,-8.105689666804139e-4,0
15084207,34099759.531701475,662341.772723686,0.01942364936937246,0.01942758948636971,34112737.284892656,662341.772723686,0.01941625989119947,0.019420198509229766,0.9996195628312441,-7.389478172990793e-4,-7.390977139944827e-4,0
16074011,30959506.43321031,3175573.3069345527,0.10257183246074332,0.10553483481749952,30961731.808613583,3175573.3069345527,0.1025644601072058,0.10552724949807865,0.9999281249699781,-7.37235353752419e-4,-7.585319420869152e-4,0
16075046,24258859.53158037,963789.9508256064,0.03972940069878129,0.04394311872896694,24263319.632687926,963789.9508256065,0.03972209761137439,0.04393504107283911,0.9998161792708057,-7.303087406894393e-4,-8.077656127827848e-4,1.1641532182693481e-10
16075135,71989502.31522453,4821436.321988061,0.06697415827207923,0.07196392437777631,71996977.28873697,4821436.321988061,0.06696720478489192,0.07195645283593063,0.9998961765647124,-6.953487187308371e-4,-7.471541845674445e-4,0
16075023,5443053.721972794,430098.2300912644,0.07901781831676989,0.07931204951188997,5443529.330009976,430098.2300912644,0.07901091443011958,0.07930511991788829,0.999912628736184,-6.903886650311275e-4,-6.929594001683914e-4,0
15086040,232268909.9508632,4835543.763994785,0.0208187301736498,0.103668743836755,232345814.95029494,4835543.763994785,0.02081183930525815,0.10363443013634442,0.9996690063066203,-6.890868391649235e-4,-0.003431370041058479,0
09464000,58159802.17442,1598382.0889884764,0.02748259157063435,0.03023283367456646,58174074.52425988,1598382.0889884764,0.027475849028280038,0.03022541639148318,0.9997546613339946,-0.00067425423543113205,-7.417283083278187e-4,0
13076075,25030179.93319736,767188.9648559431,0.03065055732333851,0.03065055732333851,25035627.882163573,767188.9648559431,0.03064388752169146,0.03064388752169146,0.9997823921576141,-6.669801647051637e-4,-6.669801647051637e-4,0
13076108,124833912.4515789,12002857.019782836,0.0961506115130258,0.10364375942640967,124842063.19922495,12002857.019782837,0.09614433398644244,0.10363699268364267,0.9999347115272115,-6.277526583359228e-4,-6.766742767005951e-4,1.862645149230957e-9
14523330,36637247.12238823,488362.73287474783,0.01332967870766469,0.01900443040913007,36654093.105269566,488362.73287474783,0.013323552473994738,0.018995696096473034,0.9995404065015889,-6.126233669951839e-4,-8.734312657035503e-4,0
03154027,39390229.009005845,236092.63433499823,0.00599368524313529,0.00634013618260477,39430284.66967523,236092.63433499823,0.005987596496268025,0.006333695489983462,0.998984139703658,-6.088746867264662e-4,-6.440692621308315e-4,0
15089245,23961380.695040308,4698302.453767731,0.1960781189349501,0.21589398681686625,23962093.80644673,4698302.453767731,0.19607228365426504,0.21588756181637084,0.9999702400210857,-5.835280685068112e-4,-6.425000495413613e-4,0
15090435,39084353.102531835,3750586.198074857,0.09596132212386288,0.10452669152640276,39086676.02958891,3750586.198074857,0.09595561912800246,0.1045204794893457,0.9999405698490372,-5.702995860418225e-4,-6.212037057057307e-4,0
14522210,60754639.52160777,244475.3872671046,0.00402397889596819,0.00403693983772535,60840797.64450919,244475.3872671046,0.0040182804422710956,0.004031223029725624,0.9985838758491492,-5.698453697094812e-4,-5.716807999725515e-4,0
09475141,31319439.79387769,874794.5691331651,0.02793136067855752,0.03360586363872623,31325664.771678966,874794.5691331651,0.027925810210548282,0.03359918554404992,0.9998012818611626,-5.550468009239001e-4,-6.678094676311475e-4,0
09475113,38725423.26473027,1201448.5831315864,0.03102480184447261,0.03443190472045242,38731607.487258606,1201448.5831315864,0.03101984815700775,0.03442640702555464,0.9998403313745661,-4.953687464861328e-4,-5.497694897778349e-4,0
12068052,44818504.18544727,635049.2769072131,0.01416935456568441,0.03489857043879706,44834002.062274136,635049.2769072131,0.014164456610969814,0.03488650696640522,0.9996543276059687,-4.897954714595809e-4,-0.001206347239184058,0
14625240,95728949.39585815,191903.4846401716,0.00200465466142966,0.00200465466142966,95962109.10188779,191903.4846401716,0.0019997839401009626,0.0019997839401009626,0.9975702940648993,-4.8707213286974284e-4,-4.8707213286974284e-4,0
15084135,46837141.22753964,1725953.4716482456,0.03685010285455695,0.03813192583838227,46843268.74310584,1725953.4716482456,0.036845282533838175,0.03812693784383336,0.99986919111901,-4.820320718773585e-4,-4.98799454891341e-4,0
14522440,77579600.43018354,270384.64042129245,0.00348525435709894,0.00364600192733665,77683163.59427962,270384.64042129245,0.003480607996778376,0.0036411412666938,0.9986668518723445,-4.6463603205638276e-4,-4.8606606428500815e-4,0
14625310,41960731.07325869,85273.54709508803,0.00203222262610749,0.00203222262610749,42056455.59038755,85273.54709508803,0.002027597092955646,0.002027597092955646,0.9977239043142109,-4.625533151843709e-4,-4.625533151843709e-4,0
16073002,8067650.082100825,1008916.5700702332,0.12505705624350902,0.12505705624350902,8067944.710577965,1008916.5700702331,0.12505248935920846,0.12505248935920846,0.9999634815944198,-4.566884300560847e-4,-4.566884300560847e-4,-1.1641532182693481e-10
15089005,23865976.499053866,2879967.3405377455,0.1206725122121828,0.13325822069298643,23866835.429368444,2879967.3405377455,0.12066816939601088,0.1332534249367263,0.999964011554145,-4.342816171912234e-4,-4.7957562601397274e-4,0
16074079,10578975.680415465,1770753.890678559,0.16738424817033107,0.170219971380333,10579228.724550437,1770753.890678559,0.16738024451341152,0.1702158998958671,0.999976081041297,-4.003656919548959e-4,-4.0714844659062166e-4,0
16076093,51123623.55585133,419955.7531555809,0.00821451462056067,0.00821451462056067,51148534.17445346,419955.7531555809,0.008210513945976014,0.008210513945976014,0.9995129749267659,-4.0006745846560277e-4,-4.0006745846560277e-4,0
15084250,19994411.51054447,2605021.3774300786,0.13028747438034202,0.13149635525127829,19995011.690175444,2605021.3774300786,0.13028356361052076,0.1314924081951229,0.9999699835318793,-3.910769821258153e-4,-3.9470561553900385e-4,0
16075079,6513000.710137554,466663.2729078005,0.07165103977056753,0.07318636438629121,6513323.312807415,466663.27290780045,0.07164749091914129,0.0731827394907633,0.9999504703429621,-3.548851426241062e-4,-3.624895527909455e-4,-5.820766091346741e-11
12070125,250869220.52956736,3600431.636111023,0.01435182693401272,0.01486993672266575,250928782.20071307,3600431.636111023,0.014348420314856936,0.014866407122461008,0.9997626351563844,-3.406619155783136e-4,-3.5296002047421893e-4,0
16074087,4478658.651521938,499910.4722577918,0.11162057909635784,0.11162057909635784,4478794.546624605,499910.4722577918,0.11161719231674602,0.11161719231674602,0.9999696581074993,-3.3867796118136617e-4,-3.3867796118136617e-4,0
12069696,68034819.05348706,491687.266151881,0.00722699454473936,0.00752082085603093,68066575.6939797,491687.266151881,0.007223622771365145,0.007517311997215875,0.9995334473613685,-3.371773374214772e-4,-3.508858815055686e-4,0
16074033,3845635.347057186,489878.4548256841,0.12738557107359544,0.12998587337755085,3845736.107504349,489878.4548256841,0.12738223350004785,0.12998246767462157,0.9999737994380409,-3.3375735475904555e-4,-3.405702929282217e-4,0
16075098,108227471.47247496,2171963.8075191057,0.02006850735740872,0.02016780126067697,108245226.3545657,2171963.8075191057,0.020065215628120806,0.02016449324474433,0.9998359753802669,-3.291729287913797e-4,-3.3080159326376313e-4,0
14522540,76962481.08636077,174810.4019233529,0.00227137170548329,0.00227137170548329,77063893.43353254,174810.4019233529,0.0022683826904505745,0.0022683826904505745,0.9986840484868671,-2.9890150327156403e-4,-2.9890150327156403e-4,0
13076120,33735394.338885725,753268.5756289634,0.02232873189689365,0.03499459393854113,33739788.2783462,753268.5756289634,0.022325824021616706,0.034990036585485405,0.9998697697974798,-2.9078752769445826e-4,-4.557353055725799e-4,0
12070296,138611863.48450723,4319960.0949629815,0.0311658756066419,0.03217579923070067,138624646.22124013,4319960.0949629815,0.03116300176570676,0.032172832263556314,0.9999077888594753,-2.8738409351379557e-4,-2.966967144357735e-4,0
12063202,39744459.80381656,170193.1045986833,0.00428218437082242,0.00428218437082242,39770693.247935206,170193.1045986833,0.0042793597671953905,0.0042793597671953905,0.9993403825285341,-2.824603627029666e-4,-2.824603627029666e-4,0
12067481,180338238.61256295,238192.69848530332,0.00132081082923868,0.00256573901289011,180695975.93586615,238192.69848530332,0.0013181959213626555,0.002560659427680688,0.9980202252902955,-2.614907876024534e-4,-5.079585209422002e-4,0
15088295,102954141.65711084,1095020.7135912648,0.01063600449643138,0.01082474737526608,102979201.83064786,1095020.7135912648,0.010633416205653416,0.010822113153569894,0.9997566482057394,-2.588290777963756e-4,-2.6342216961853376e-4,0
15083565,54729424.11264736,25429780.858674616,0.4646455041502634,0.4726848616866686,54729728.17133828,25429780.858674616,0.46464292274691177,0.4726822356195372,0.9999944443595633,-2.581403351631373e-4,-2.626067131417109e-4,0
14522060,25816541.498629928,65954.59801614087,0.00255474181232374,0.00255474181232374,25841214.814155083,65954.59801614087,0.0025523025326198213,0.0025523025326198213,0.999045195216146,-2.4392797039187938e-4,-2.4392797039187938e-4,0
15084170,14465217.502377346,172850.59839328312,0.01194939504814741,0.01565662971104669,14467892.210808836,172850.59839328312,0.011947185939369104,0.015653735238314474,0.999815127981843,-2.209108778305352e-4,-2.894472732214298e-4,0
13071045,10025664.06215434,36409.69614134786,0.00363164932673038,0.119135776688216,10031714.719820186,36409.69614134786,0.0036294588869648877,0.11906391960090561,0.9993968471158882,-2.1904397654922553e-4,-0.0071857087310389645,0
12063208,268622786.97114605,602060.327765154,0.00224128538964873,0.01647976551193945,268850815.32388854,602060.327765154,0.002239384422323001,0.016465788043510572,0.9991518405757194,-1.9009673257290582e-4,-0.001397746842887737,0
12073384,112021774.56824146,170774.84828509134,0.00152447904832161,0.00152447904832161,112161498.79904152,170774.84828509134,0.00152257994154542,0.00152257994154542,0.9987542585263558,-1.899106776189971e-4,-1.899106776189971e-4,0
12071060,10941280.874853594,8214.847326937042,7.508122148492935e-4,0.04238549954259627,10968965.451245159,8214.847326937042,7.489172395929573e-4,0.04227852276295399,0.9974760995907392,-1.894975256336198e-4,-0.010697677964227603,0
16074044,7954803.884107791,1052277.6505470353,0.13228203559477927,0.14359577266252935,7954908.001113277,1052277.6505470353,0.13228030423479073,0.1435938932238422,0.9999869116015583,-1.7313599885437903e-4,-1.879438687152346e-4,0
09475181,20756111.096766166,154722.86433950215,0.00745432820330241,0.01020161855515984,20760821.230683446,154722.86433950215,0.007452636994476383,0.010199304051844495,0.9997731239113837,-1.691208826027496e-4,-2.3145033153457867e-4,0
15083580,11433476.449316714,1982486.6238888905,0.17339316109820363,0.17339316109820363,11433584.155043542,1982486.6238888903,0.17339152771393934,0.17339152771393934,0.9999905798806946,-1.6333842642879404e-4,-1.6333842642879404e-4,-2.3283064365386963e-10
16075035,12741784.707208348,781000.2651147018,0.06129441699582872,0.06364882020679756,12742099.08847928,781000.2651147018,0.061292904700516744,0.06364724982213402,0.9999753273562897,-1.5122953119783844e-4,-1.5703846635434227e-4,0
14523450,121880868.24476127,553671.0694015368,0.0045427233771395004,0.0045427233771395004,121919928.49884735,553671.0694015368,0.004541267996288001,0.004541267996288001,0.9996796237123249,-1.4553808514996755e-4,-1.4553808514996755e-4,0
16071064,9012802.449500132,714305.3470617348,0.07925452167226317,0.08976578010578165,9012958.996060198,714305.3470617348,0.07925314509629706,0.08976422095921355,0.9999826309472689,-1.37657596610552e-4,-1.5591465681030758e-4,0
12068468,420184423.5675286,985363.6709558796,0.00234507424761194,0.00234507424761194,420426820.7499632,985363.6709558796,0.0023437221945026582,0.0023437221945026582,0.9994234497646886,-1.3520531092817666e-4,-1.3520531092817666e-4,0
16077007,3130063.582297057,6441.2778371295035,0.00205787443857688,0.00205787443857688,3132022.8779504225,6441.2778371295035,0.002056587096625756,0.002056587096625756,0.9993744312446888,-1.28734195112409e-4,-1.28734195112409e-4,0
15084315,97066621.0122074,346960.6419971899,0.0035744588446481,0.00439839227057514,97101429.97719347,346960.6419971899,0.0035731774710082197,0.004396815532904263,0.9996415195430773,-1.2813736398804322e-4,-1.5767376708763006e-4,0
09475137,18594154.162651964,194431.5647021053,0.01045659635825966,0.01671086572307391,18596345.910315827,194431.5647021053,0.010455363953745859,0.01670889619631385,0.9998821409499247,-1.232404513801244e-4,-1.969526760060153e-4,0
16075062,49168874.76354723,1024577.950594581,0.02083793773035826,0.02246481877127959,49171760.81963101,1024577.950594581,0.0208367146816824,0.022463500235481697,0.9999413066354412,-1.2230486758600667e-4,-1.3185357978923173e-4,0
15003000,201018773.48051253,73804236.0348607,0.36715096185787616,0.3811242943232512,201019439.02960786,73804236.0348607,0.3671497462690172,0.3811230324705143,0.9999966891306704,-1.215588858960448e-4,-1.2618527368557508e-4,0
16074048,5347650.252812287,454107.9618106215,0.08491728896664656,0.08491728896664656,5347715.600111255,454107.9618106215,0.08491625130573026,0.08491625130573026,0.9999877803339117,-1.0376609163031958e-4,-1.0376609163031958e-4,0
16053000,114774805.72667123,9297921.11642597,0.08101012288854026,0.08580202284634558,114776189.22505069,9297921.11642597,0.08100914640226299,0.0858009885990826,0.9999879461202816,-9.76486277268207e-5,-1.0342472629848443e-4,0
15084025,32846131.485708393,328561.50042060856,0.01000305014803853,0.0103062080135563,32848242.337743822,328561.50042060856,0.010002407344732704,0.01030554572910469,0.9999357392698908,-6.428033058267224e-5,-6.622844516083332e-5,0
12067024,50191505.692928255,10121.067818716245,2.016490176771536e-4,2.016490176771536e-4,50298082.389564335,10121.067818716245,2.0122174321333825e-4,2.0122174321333825e-4,0.9978810982134342,-4.272744638153644e-5,-4.272744638153644e-5,0
15087165,102352804.82213216,2189931.5627947133,0.02139591158835713,0.02159129678264666,102354651.59510921,2189931.5627947133,0.02139552554443314,0.021590907213410514,0.9999819571172558,-3.8604392399096965e-5,-3.895692361442771e-5,0
14522290,31091584.247506883,9797.378613718323,3.1511352190115364e-4,3.1511352190115364e-4,31122770.43727965,9797.378613718323,3.14797766267709e-4,3.14797766267709e-4,0.9989979622850217,-3.1575563344462274e-5,-3.1575563344462274e-5,0
15089042,92589396.21778189,879956.9235455018,0.00950386285569605,0.03430574385363427,92592309.36093703,879956.9235455018,0.009503563844760731,0.0343046645248695,0.9999685379576851,-2.9901093531910228e-5,-1.0793287647664629e-4,0
16071015,4115693.94385734,450207.16682700854,0.10938791197021376,0.11871423187909964,4115704.6694074012,450207.16682700854,0.10938762690468544,0.11871392250912798,0.9999973939942434,-2.8506552832152643e-5,-3.0936997166830515e-5,0
16074095,4005400.947654756,29196.95876618886,0.00728939727826356,0.00728939727826356,4005551.924623769,29196.95876618886,0.007289122526836613,0.007289122526836613,0.9999623080734306,-2.747514269473353e-5,-2.747514269473353e-5,0
16073107,24042613.719333693,980066.6255832426,0.04076373047557342,0.04147094283731446,24042773.59351918,980066.6255832426,0.0407634594141594,0.04147066707324,0.9999933504266941,-2.710614140158385e-5,-2.7576407445745188e-5,0
12069028,34327538.55117235,17341.06998437426,5.051649700581875e-4,0.00168711967968302,34343518.53523056,17341.06998437426,5.04929917608334e-4,0.0016863346656036437,0.9995347016048511,-2.3505244985350202e-5,-7.850140793764452e-5,0
16075134,97380292.82756546,634300.992028509,0.00651364843553805,0.00670000466493459,97383600.17456956,634300.992028509,0.006513427218663747,0.006699777119020123,0.9999660379468599,-2.2121687430314008e-5,-2.275459144666231e-5,0
14627030,84119063.83011734,7342.863732253982,8.729131540364336e-5,0.00127428508650375,84269636.69404,7342.863732253982,8.713534340861005e-5,0.001272008195769962,0.9982132014586779,-1.5597199503331722e-5,-2.276890733788001e-4,0
13071036,51491620.68168621,14692.136874959546,2.8533063594529727e-4,2.8533063594529727e-4,51514717.33507943,14692.136874959546,2.852027077891932e-4,2.852027077891932e-4,0.9995516494200485,-1.2792815610405137e-5,-1.2792815610405137e-5,0
12065100,121629159.64554872,12334.053445536756,1.0140704319162126e-4,1.1604099210489596e-4,121765707.25394532,12334.053445536756,1.0129332571291021e-4,1.1591086417064228e-4,0.9988786037425805,-1.137174787110498e-5,-1.3012793425368609e-5,0
15084150,29875109.423009828,19770.418112879815,6.617688937283901e-4,6.617688937283901e-4,29877869.66065514,19770.418112879815,6.617077568590713e-4,6.617077568590713e-4,0.9999076159821078,-6.113686931881468e-6,-6.113686931881468e-6,0
12070302,201698921.44520855,53174.89965550999,2.636350223119806e-4,2.636350223119806e-4,201744714.0452659,53174.89965550999,2.6357518167033123e-4,2.6357518167033123e-4,0.999773017100973,-5.984064164939748e-6,-5.984064164939748e-6,0
14730070,86261466.9031405,9182.426107135005,1.0644875906696066e-4,9.050046039735456e-4,86307257.04627408,9182.426107135005,1.0639228289009115e-4,9.04524455585441e-4,0.9994694519939495,-5.647617686951509e-6,-4.80148388104615e-5,0
16071069,3324047.8650238514,261737.24431570704,0.07874051606468939,0.13552949969037115,3324050.15367275,261737.24431570704,0.07874046185088784,0.13552940637666472,0.9999993114878558,-5.4213801545244245e-6,-9.331370642851056e-6,0
16076039,58305263.8702406,8267.40316154342,1.417951418579062e-4,1.417951418579062e-4,58327544.83979913,8267.40316154342,1.4174097648461713e-4,1.4174097648461713e-4,0.99961800261575,-5.416537328907446e-6,-5.416537328907446e-6,0
15089185,14814024.857570589,20882.47554580338,0.00140964226444723,0.00140964226444723,14814473.70554787,20882.47554580338,0.001409599555196018,0.001409599555196018,0.9999697020639273,-4.270925121202529e-6,-4.270925121202529e-6,0
12068425,65772265.33243796,4164.286211970776,6.331371119609299e-5,1.487005694000308e-4,65814910.209692866,4164.286211970776,6.327268697477433e-5,1.4860421862617734e-4,0.9993520483866188,-4.102422131865781e-6,-9.635077385345228e-6,0
12068320,305680186.48266315,298.15067797252385,9.753680191157358e-7,0.001464059134485,305934233.01816416,298.15067797252385,9.745580775029574e-7,0.0014628433857692888,0.9991696040910665,-8.099416127783786e-8,-1.2157487157111145e-4,0
03359007,12411086.183053091,0,0,0.077859893899673,12401586.096952744,0,0,0.07791953753638434,1.0007660379911147,0,0.005964363671133455,0
13071110,131200564.88093624,0,0,0.00190054624461122,139943510.287917,0,0,0.0017818099629080416,0.937525181489351,0,-0.01187362817031785,0
03359023,52050767.1431126,0,0,0.00143531942607215,52010606.29360163,0,0,0.0014364277316963072,1.0007721665324234,0,1.1083056241571569e-4,0
03352061,22519128.833090708,0,0,0.01161251612911089,181747830.48425624,0,0,0.001438827336155986,0.12390315071761701,0,-1.0173688792954902,0
13071176,69474792.46354647,0,0,0.00302199774869979,69521651.59671196,0,0,0.003019960855276241,0.9993259778487813,0,-2.0368934235490826e-4,0
03355028,22516491.85122425,0,0,5.577755698117912e-4,22502434.334318295,0,0,5.581240183123341e-4,1.0006247109400301,0,3.4844850054286097e-5,0
01053132,10495961.298507476,0,0,0.00114195115773907,10490476.35354798,0,0,0.0011425482268363756,1.0005228499426189,0,5.970690973055356e-5,0
12061476,21758432.358809583,0,0,0.09588045028610714,21807438.76537854,0,0,0.0956649845278726,0.9977527665171411,0,-0.02154657582345426,0
13076156,23502729.249857984,0,0,5.35300759364939e-4,23499854.895240724,0,0,5.353662339908958e-4,1.0001223137176836,0,6.54746259567485e-6,0
12062232,20295904.260806423,0,0,0.00650231153093302,20331321.413827352,0,0,0.006490984507086751,0.9982580004368609,0,-0.0011327023846268922,0
01060063,58688458.514370754,0,0,0.00961985293251876,58647741.420688435,0,0,0.00962653166291102,1.000694265332236,0,6.678730392260107e-4,0
12069216,40204631.36360527,0,0,0.00356493367312892,40231537.20454377,0,0,0.0035625495350862326,0.9993312251331161,0,-2.3841380426873303e-4,0
13076019,16585079.633916289,0,0,9.564666207306176e-4,16581224.118175805,0,0,9.566890212051055e-4,1.0002325229858184,0,2.224004744879075e-5,0
13076046,34002005.49388504,0,0,0.03143053765782777,33994605.65105992,0,0,0.031437379362095924,1.0002176769720783,0,6.841704268151227e-4,0
13076053,31193807.47521011,74.38789612582657,2.384700751421353e-6,0.03141394822936527,31186526.12191532,74.38789612582657,2.385257525478379e-6,0.03142128268061348,1.0002334775366235,5.5677405702622554e-8,7.334451248210139e-4,0
03354016,22424061.24936895,256.74944995552204,1.144973014033073e-5,0.01467992148658324,22416424.025399774,256.74944995552204,1.1453631036984418e-5,0.0146849229019792,1.0003406976938214,3.900896653687456e-7,5.001415395959954e-4,0
13076145,23683775.80438105,321.1292218426683,1.3559038241835808e-5,2.460314121825829e-4,23676572.627560373,321.1292218426683,1.3563163338466585e-05,2.4610626287120533e-4,1.0003042322439986,4.1250966307761943e-7,7.485068862243599e-6,0
16071004,93949607.40627933,1812103.0723847272,0.01928803240814406,0.02427045239991227,93949547.55477689,1812103.0723847272,0.019288044695778744,0.02427046786164763,1.000000637060039,1.2287634684055027e-6,1.546173535732498e-6,0
13076069,19720158.522239417,2784.3639919950692,1.4119379359222705e-4,0.00567033551976153,19717514.76181327,2784.3639919950692,1.4121272511419752e-4,0.005671095808714337,1.0001340818281657,1.8931521970466225e-6,7.602889528068174e-5,0
13076161,13267872.350943135,11718.200169458196,8.83201153847792e-4,8.83201153847792e-4,13267494.49789133,11718.200169458196,8.832263070710622e-4,8.832263070710622e-4,1.0000284796087058,2.5153223270186174e-6,2.5153223270186174e-6,0
15088305,156689734.57939652,150418.47832318873,9.599765978732316e-4,9.599765978732316e-4,156684041.7985942,150418.47832318873,9.600114765774334e-4,9.600114765774334e-4,1.0000363328692377,3.4878704201842144e-6,3.4878704201842144e-6,0
16074021,6875695.191636823,293312.22322411207,0.04265928245057739,0.04993132438327059,6875684.033086091,293312.22322411207,0.0426593516823462,0.04993140541683955,1.000001622900453,6.923176881085125e-6,8.103356895911018e-6,0
15083120,117255764.73535794,1383851.853795816,0.0118019941869734,0.01282671897954593,117254993.91869847,1383851.853795816,0.01180207177150461,0.012826803300463499,1.000006573849298,7.758453120926267e-6,8.432091756944982e-6,0
01058009,49941251.62624388,8666.717027285044,1.7353824233613574e-4,1.7353824233613574e-4,49904592.123153016,8666.717027285044,1.7366572210223834e-4,1.7366572210223834e-4,1.0007345917786563,1.2747976610259911e-5,1.2747976610259911e-5,0
15089015,157054423.12361467,272747.0241419291,0.00173664019591001,0.00173664019591001,157042636.245704,272747.0241419291,0.0017367705399137445,0.0017367705399137445,1.0000750552728384,1.3034400373444777e-5,1.3034400373444777e-5,0
16073111,62681750.09147692,313307.99573442206,0.00499839259875776,0.00584390777630871,62677817.51922716,313307.99573442206,0.004998706211145771,0.005844274438557991,1.0000627426481234,3.1361238801101005e-5,3.6666224928136315e-5,0
16075125,9420839.207122868,653507.2984826226,0.06936826795520738,0.06936826795520738,9420791.17988135,653507.2984826226,0.06936862159499148,0.06936862159499148,1.000005098005104,3.536397840953054e-5,3.536397840953054e-5,0
15089310,147454410.184124,10492962.87398428,0.07116072595510628,0.09487426014742176,147453642.098848,10492962.87398428,0.07116109663096791,0.09487475434696307,1.000005208994943,3.706758616300876e-5,4.9419954131768584e-5,0
16071003,54603342.18409892,126313.89469648057,0.00231329969272951,0.00231329969272951,54593402.287365526,126313.89469648057,0.0023137208784240436,0.0023137208784240436,1.0001820713917238,4.211856945335497e-5,4.211856945335497e-5,0
13076100,19385905.8617697,490991.276715487,0.02532722897843812,0.02532722897843812,19385454.226399228,490991.276715487,0.02532781904314897,0.02532781904314897,1.0000232976418915,5.9006471084949164e-5,5.9006471084949164e-5,0
16074031,3439460.8727406063,560866.4006115776,0.16306811484809014,0.16597555037714137,3439448.316952914,560866.4006115776,0.1630687101321127,0.16597615627482626,1.000003650523728,5.9528402254760415e-5,6.0589768488550355e-5,0
16071001,46278365.56514259,711073.2330418064,0.01536513280791824,0.01536513280791824,46276500.00416577,711073.2330418064,0.01536575222797308,0.01536575222797308,1.0000403133550864,6.194200548401835e-5,6.194200548401835e-5,0
15084360,25380112.011272144,3532261.4122568006,0.13917438231509802,0.13917438231509802,25379985.68486453,3532261.4122568006,0.13917507504203522,0.13917507504203522,1.0000049774026347,6.9272693720146e-5,6.9272693720146e-5,0
03354023,66900327.67931555,236684.01545155328,0.00353786033135876,0.00383687264083897,66885570.687104,236684.01545155328,0.003538640891004427,0.003837719171699009,1.0002206304298513,7.805596456667528e-5,8.465308600391803e-5,0
13076012,21448707.126069747,610136.3596067315,0.02844630009727456,0.02844630009727456,21448027.28281925,610136.3596067315,0.028447201766452233,0.028447201766452233,1.0000316972391696,9.01669177672676e-5,9.01669177672676e-5,0
13076126,48802932.30143054,5619072.940800581,0.115138018881621,0.135030846720072,48802531.162101656,5619072.940800581,0.11513896527490274,0.1350319566252745,1.0000082196418778,9.46393281742175e-5,1.1099052024954315e-4,0
13076097,33811313.7109227,292513.41397090827,0.00865134719318558,0.02301666116874001,33807484.17057334,292513.41397090827,0.008652327173919595,0.023019268379386285,1.0001132749284165,9.799807340147432e-5,2.60721064627642e-4,0
15089130,19958084.980569933,436871.3170181277,0.02188944066745086,0.02188944066745086,19957180.33831095,436871.3170181277,0.02189043289745117,0.02189043289745117,1.000045329161918,9.922300003087359e-5,9.922300003087359e-5,0
15089165,36360785.02522749,5494552.340603953,0.15111203833447975,0.1618466358859515,36360530.25389707,5494552.340603953,0.15111309714783533,0.16184776991459354,1.0000070068100944,1.0588133555755608e-4,1.1340286420469248e-4,0
15083557,51258605.551395096,664013.5051401884,0.01295418589712524,0.01333750420557968,51253854.469688304,664013.5051401884,0.012955386712093783,0.01333874055302908,1.0000926970616346,1.200814968542116e-4,1.236347449400793e-4,0
15090070,290863995.2531948,10866924.030078309,0.03736084289366491,0.03818605226050469,290854038.40629816,10866924.030078309,0.03736212187261484,0.03818735948896206,1.0000342331395886,1.2789789499284554e-4,1.30722845737008e-4,0
16064004,27498221.08486567,91803.49939124795,0.00333852503068914,0.00333852503068914,27487298.077159584,91803.49939124797,0.0033398517065426512,0.0033398517065426512,1.0003973838270834,1.3266758535110217e-4,1.3266758535110217e-4,1.4551915228366852e-11
03154012,17113326.613570314,59711.90686628573,0.00348920512151834,0.02178113063431168,17106738.656320043,59711.90686628573,0.003490548845453094,0.021789518741499394,1.0003851088967117,1.3437239347537273e-4,8.388107187715099e-4,0
15090007,99826543.43260103,3191670.218088046,0.0319721599921261,0.0452219071127319,99821898.40534252,3191670.218088046,0.03197364775740657,0.04522401143046756,1.0000465331488653,1.4877652804723418e-4,2.1043177356599996e-4,0
15085135,143131048.01688698,665234.3599795474,0.00464772926067767,0.00503794639336534,143084427.54699445,665234.3599795474,0.004649243606618609,0.005039587881766138,1.0003258249041618,1.5143459409384247e-4,1.6414884007982453e-4,0
13076058,27469796.47469017,478326.90373629745,0.01741283027622768,0.01741283027622768,27467259.64554101,478326.90373629745,0.01741443849546703,0.01741443849546703,1.0000923582906303,1.6082192393490624e-4,1.6082192393490624e-4,0
13076017,12655093.82326901,581917.1239161957,0.04598283758641288,0.07310512421765279,12654634.159036139,581917.1239161957,0.04598450785720054,0.07310777967259681,1.000036323786772,1.6702707876584122e-4,2.6554549440171993e-4,0
15085287,36652455.57898846,363690.6834143797,0.00992268260527871,0.00992268260527871,36645534.96901242,363690.6834143797,0.009924556531154961,0.009924556531154961,1.0001888527478695,1.8739258762518612e-4,1.8739258762518612e-4,0
15085285,32953784.911572687,224849.46287678552,0.00682317565281622,0.00682317565281622,32944606.57600601,224849.46287678552,0.006825076582961726,0.006825076582961726,1.0002785990339724,1.9009301455057484e-4,1.9009301455057484e-4,0
01058026,26343157.203893557,85835.75228274471,0.00325836996751695,0.00325836996751695,26323947.191626534,85835.75228274471,0.0032607477768398074,0.0032607477768398074,1.0007297542472329,2.3778093228574507e-4,2.3778093228574507e-4,0
16067067,30553380.785975747,172578.33471518618,0.00564842024927078,0.00899618281750774,30540085.398235098,172578.33471518618,0.005650879244927044,0.0090000992354609035,1.000435342192639,2.458995656264354e-4,3.91641795316304e-4,0
16071101,84678060.70379254,2526116.005949804,0.02983200116953865,0.03302086992061048,84670578.55677061,2526116.005949804,0.0298346373558328,0.033023787900004854,1.0000883677323278,2.63618629415055e-4,2.9179793943762133e-4,0
13076008,22631814.510336816,231039.5477143573,0.01020861794394933,0.01020861794394933,22625583.52322813,231039.54771435726,0.010211429352845854,0.010211429352845854,1.0002753956423838,2.8114088965244116e-4,2.8114088965244116e-4,-2.9103830456733704e-11
16055000,84361516.43843871,1655929.6166530473,0.01962896930452206,0.02093304901107693,84348894.19407173,1655929.6166530473,0.019631906647679925,0.02093618150098671,1.0001496432702242,2.9373431578647025e-4,3.1324899097788517e-4,0
15083390,78194040.25025055,3651283.443933975,0.0466951628570219,0.04695547237406232,78188879.80222008,3651283.443933975,0.046698244726998905,0.0469585714244074,1.0000659997693218,3.0818699770021607e-4,3.099050345081733e-4,0
15087101,16748051.981546238,227193.35262083125,0.0135653598920736,0.03143892179751488,16744209.004627198,227193.35262083125,0.01356847328876791,0.03144613736982373,1.0002295108068693,3.113396694310114e-4,7.215572308851004e-4,0
16074065,7560925.23904848,962866.0949097654,0.1273476544824214,0.1313154829099034,7560729.246217439,962866.0949097654,0.12735095564908347,0.13131888693250715,1.0000259224771393,3.301166662056376e-4,3.404022603736845e-4,0
15085235,121014978.91458511,1533719.2036563088,0.01267379639622,0.01301585423957429,120983155.29039924,1533719.2036563088,0.012677130134148675,0.013019277953006003,1.000263041777258,3.333737928674224e-4,3.4237134317136736e-4,0
15089175,96113256.6418512,3491825.155467438,0.03633031776749692,0.05893728945015264,96103947.90376855,3491825.155467438,0.036333836763541655,0.05894299818327713,1.0000968611413548,3.5189960447337687e-4,5.708733124491772e-4,0
13076085,46857704.728255644,7608981.871738847,0.16238486105681055,0.1702716663436521,46856627.23741313,7608981.871738847,0.16238859517535614,0.17027558182310593,1.0000229954844393,3.734118545595244e-4,3.9154794538309723e-4,0
15087015,149514752.3711963,4999612.22365239,0.03343892254350918,0.03655407343856766,149497962.79355845,4999612.22365239,0.033442677948436986,0.03655817869487021,1.0001123063975195,3.755404927807682e-4,4.1052563025459343e-4,0
01058044,14688959.266090317,76638.9682529867,0.00521745393017114,0.00521745393017114,14678370.184088688,76638.9682529867,0.005221217839025693,0.005221217839025693,1.0007214072045347,3.763908854552758e-4,3.763908854552758e-4,0
16068044,12511209.372501971,150971.5272975938,0.01206690119257454,0.01753034909227605,12507221.29377836,150971.5272975938,0.01207074886991035,0.017535938856028548,1.0003188620901426,3.8476773358102345e-4,5.589763752499033e-4,0
15087412,237771924.26979628,3019524.9457982313,0.01269924931242942,0.01278338648334515,237698062.06504953,3019524.9457982313,0.012703195472295833,0.012787358787963823,1.0003107396169117,3.946159866412974e-4,3.9723046186736916e-4,0
16073077,145629313.06071982,4250761.001725982,0.0291889106141264,0.0303563941959542,145607709.22119236,4250761.001725982,0.029193241377547256,0.030360898179104194,1.0001483701628369,4.3307634208546164e-4,4.5039831499948946e-4,0
13076090,78687879.15499775,2395344.116506901,0.03044108117069214,0.05089286325861701,78675923.22125305,2395344.116506901,0.030445707129113635,0.050900597158344975,1.0001519643272705,4.6259584214961014e-4,7.733899727961624e-4,0
15087370,209603210.59667584,5048841.991135597,0.02408761763125239,0.02486422471689752,209561194.93619433,5048841.991135597,0.024092447042367897,0.024869209832697036,1.0002004935145283,4.8294111155075536e-4,4.985115799514828e-4,0
16071009,7264648.840287894,268058.4169148291,0.03689901918290191,0.03689901918290191,7263662.231930096,268058.4169148291,0.036904031101071835,0.036904031101071835,1.0001358279510109,5.011918169928187e-4,5.011918169928187e-4,0
01061040,14162362.029041514,98392.19495639736,0.00694744243612987,0.00694744243612987,14151459.028506964,98392.19495639735,0.006952795097536888,0.006952795097536888,1.0007704506307502,5.352661407017831e-4,5.352661407017831e-4,-1.4551915228366852e-11
16073109,121721914.60138053,8216268.517904068,0.06750032272176307,0.07054024729627291,121711793.51269574,8216268.517904068,0.0675059357912348,0.07054611315428162,1.0000831561871917,5.613069471735455e-4,5.86585800871342e-4,0
15083040,29938337.261810232,6409067.077787692,0.2140755854856104,0.2140755854856104,29937548.52855949,6409067.077787692,0.2140812255109546,0.2140812255109546,1.0000263459531427,5.640025344200161e-4,5.640025344200161e-4,0
15083270,156431520.31214672,6523532.050273442,0.04170215847328114,0.05238847466467191,156410219.9081429,6523532.050273442,0.04170783759593589,0.05239560908131142,1.0001361829426256,5.679122654748958e-4,7.134416639506536e-4,0
16073076,135170794.66884643,4654109.513246779,0.03443132464116109,0.03568915665832759,135148386.92623073,4654109.513246779,0.03443703339047009,0.0356950739574886,1.000165801036367,5.708749309003835e-4,5.91729916101652e-4,0
16065085,129150645.2294905,2324708.4645147226,0.01799997561285039,0.02322194187458133,129109407.51909107,2324708.4645147226,0.018005724828153782,0.023229358992608112,1.0003194012829262,5.749215303392508e-4,7.417118026781938e-4,0
12070060,22136805.302360818,12242566.519218706,0.5530412519783547,0.6812523808287271,22136539.600718543,12242566.519218706,0.5530478900514928,0.6812605578012645,1.0000120028535204,6.638073138054423e-4,8.176972537410343e-4,0
13076050,72342784.02963038,5219119.885771383,0.07214430514083782,0.07836524183714305,72336024.30337732,5219119.885771383,0.0721510469511345,0.07837256498750521,1.0000934489601572,6.741810296681527e-4,7.323150362156805e-4,0
01056038,6379190.011986988,59612.05046459633,0.00934476796467587,0.04191526835858525,6374418.444995083,59612.05046459633,0.009351762984967064,0.04194664400683967,1.0007485493826738,6.995020291193296e-4,0.0031375648254422517,0
13076049,53238340.14113412,3062551.716939577,0.05752530429800767,0.06869114408900578,53231150.54896304,3062551.716939577,0.057533073874151616,0.06870042176395123,1.0001350636252822,7.769576143942802e-4,9.277674945448733e-4,0
13076094,25198896.813759897,933951.887179209,0.03706320534910175,0.03706320534910175,25193462.8679158,933951.887179209,0.037071199464548746,0.037071199464548746,1.0002156887234035,7.994115446996464e-4,7.994115446996464e-4,0
15083320,60801332.43739974,1499123.8520210157,0.02465610196231298,0.0281807421941203,60781460.656822056,1499123.8520210157,0.024664162983598116,0.02818995555489423,1.0003269381874496,8.061021285137027e-4,9.213360773929063e-4,0
03352002,39653085.4398485,746737.9887730846,0.01883177514410181,0.01972933480700352,39634923.870285094,746737.9887730846,0.018840404266120603,0.019738375210050844,1.000458221381296,8.629122018793955e-4,9.040403047323037e-4,0
16071056,14403975.646335885,1188323.7674639735,0.08249970679214956,0.08458268137993341,14402466.832059782,1188323.7674639735,0.08250834952931631,0.08459154233123191,1.0001047608228297,8.642737166747461e-4,8.860951298497732e-4,0
16073035,6515659.72345036,1602649.5098506554,0.2459688777304617,0.2459688777304617,6515428.406676106,1602649.5098506554,0.24597761034538923,0.24597761034538923,1.0000355029262569,8.732614927536853e-4,8.732614927536853e-4,0
03357002,16152553.550537791,176813.3384177539,0.01094646353374058,0.06746543842571749,16139641.725738715,176813.3384177539,0.010955220780135447,0.06751941124219933,1.000800006903405,8.757246394867912e-4,0.0053972816481839825,0
16073038,21969899.448903985,2560054.4961023214,0.11652554450949185,0.11789114793392497,21968218.288911104,2560054.4961023214,0.11653446185003359,0.11790016977988509,1.0000765269158733,8.917340541744756e-4,9.021845960119346e-4,0
01051010,6020824.33266283,69584.69417107469,0.01155733672440489,0.01155733672440489,6016044.624081735,69584.69417107469,0.011566518953754573,0.011566518953754573,1.0007944935384891,9.182229349683282e-4,9.182229349683282e-4,0
15089041,25625856.223561212,3820378.079933652,0.14908294367237873,0.17046903543938938,25624183.390924316,3820378.079933652,0.1490926763069753,0.17048016422978682,1.0000652833540635,9.732634596582024e-4,0.001112879039744108,0
15081240,273434024.57851636,16239133.473601786,0.05938958583751062,0.06392497270421811,273388307.4703249,16239133.473601786,0.05939951720636214,0.06393566249896573,1.0001672240799708,9.931368851523459e-4,0.0010689794747623105,0
16068015,5039260.894747333,204101.574985008,0.04050228381661149,0.08550488585653061,5038003.124141913,204101.57498500802,0.040512395478073705,0.08552623271348962,1.0002496565751204,0.001011166146221848,0.0021346856959009175,2.9103830456733704e-11
15084246,41121021.83514975,6891622.338923057,0.16759365481117935,0.16759365481117935,41118282.15318236,6891622.338923057,0.16760482145749558,0.16760482145749558,1.0000666292905231,0.0011166646316229656,0.0011166646316229656,0
03357057,74120976.34546544,1096619.7638274406,0.014794998904443451,0.014794998904443451,74062264.05971542,1096619.7638274406,0.014806727525143582,0.014806727525143582,1.0007927422486393,0.0011728620700130962,0.0011728620700130962,0
16064019,15220881.260040574,482168.01455080666,0.03167806162555409,0.03167806162555409,15214475.91359024,482168.01455080666,0.03169139819795652,0.03169139819795652,1.00042100342376,0.0013336572402433688,0.0013336572402433688,0
15085185,167813515.06416866,7128681.864276745,0.04247978395274585,0.0473631773692684,167754286.22719565,7128681.864276745,0.04249478224730494,0.04737989983862533,1.0003530689933775,0.0014998294559094572,0.0016722469356932057,0
03360025,136933147.83210912,3930020.6949552633,0.02870028738237859,0.02972322516653041,136860915.81507882,3930020.6949552633,0.028715434728387723,0.029738912395376123,1.000527776806111,0.0015147346009134616,0.0015687228845713552,0
16065003,91131990.57951656,5513093.9910248,0.06049570470222956,0.06126398897809571,91109138.21694887,5513093.9910248,0.06051087847957724,0.06127935545961304,1.0002508240448207,0.001517377734768649,0.0015366481517335717,0
15085365,51815979.08857249,3269898.4483071114,0.06310598594919258,0.06484332497925667,51803398.39313342,3269898.4483071114,0.06312131153041378,0.06485907248131494,1.0002428546355897,0.0015325581221206641,0.0015747502058266472,0
15089043,39050696.80558405,4673363.911108444,0.11967427711661673,0.14931988316600514,39045345.92019806,4673363.911108444,0.11969067762032362,0.14934034638798052,1.0001370428474863,0.0016400503706895386,0.0020463221975380863,0
13076009,33063980.395675022,1291120.2057313062,0.03904914623951908,0.03904914623951908,33049640.00110774,1291120.2057313062,0.039066089848120315,0.039066089848120315,1.0004339047132373,0.001694360860123728,0.001694360860123728,0
12070236,60773848.41250971,20514146.4500865,0.33754891266461023,0.362171035805728,60770781.9897092,20514146.4500865,0.3375659449891615,0.36218931053390363,1.0000504588340007,0.0017032324551247147,0.0018274728175615707,0
15090003,92858614.22368714,72719567.28914656,0.7831213926364696,0.8208181487227356,92856562.30090061,72719567.28914656,0.7831386978714509,0.8208362869718935,1.0000220977681673,0.001730523498122416,0.0018138249157861885,0
15089365,16870779.18213933,3496961.831372593,0.2072792129882619,0.21068668688427983,16869354.158058494,3496961.831372593,0.2072967227202408,0.21070448445966466,1.0000844741338337,0.001750973197889305,0.001779757538483695,0
03354025,28146134.254653327,2040677.329661104,0.07250293454859522,0.1100070505888649,28139327.344712503,2040677.3296611041,0.07252047302561253,0.11003366132042365,1.0002419002365421,0.0017538477017312037,0.0026610731558754375,2.3283064365386963e-10
13076122,26640267.53050484,966939.73601249,0.03629617213510641,0.04899968124283997,26626977.937083315,966939.73601249,0.03631428764831159,0.049024137110232825,1.0004991025813341,0.0018115513205185785,0.0024455867392858543,0
15085160,16506132.18345818,1469502.45862995,0.08902766815975396,0.08902766815975396,16502768.787722103,1469502.45862995,0.0890458127076982,0.0890458127076982,1.0002038079657627,0.0018144547944229372,0.0018144547944229372,0
16064005,14763970.830593009,721264.2434715331,0.04885299840724237,0.06382922308551527,14758485.728867829,721264.2434715331,0.04887115498988687,0.0638529456941958,1.0003716574874921,0.001815658264449349,0.0023722608680540325,0
03355026,26945390.1318674,972186.3147970436,0.03607987526026843,0.03608607885041336,26931703.774280805,972186.3147970437,0.03609821060505873,0.03610441734779118,1.0005081875881787,0.0018335344790301744,0.0018338497377819174,1.1641532182693481e-10
13076067,6849905.868239488,642898.4866357532,0.0938550834131369,0.14209315964615946,6848559.861875899,642898.4866357532,0.09387352955978338,0.14212108643674953,1.0001965385994627,0.0018446146646478034,0.0027926790590077077,0
13076105,94120169.25796624,22313361.733749855,0.2370731152490068,0.2890721765301464,94112757.09683424,22313361.733749855,0.23709178672548348,0.2890949433644982,1.0000787583039819,0.001867147647668932,0.0022766834351817256,0
01058007,12061621.416374272,312427.2306651631,0.02590258970000725,0.02590258970000725,12052928.258576203,312427.2306651631,0.02592127190692079,0.02592127190692079,1.0007212486137451,0.0018682206913540889,0.0018682206913540889,0
03360004,99544191.18334588,3361725.263910976,0.03377118467635312,0.03737881913591472,99488670.05538411,3361725.263910976,0.03379003118686324,0.037399678940344204,1.0005580648322152,0.0018846510510116266,0.0020859804429486373,0
01058124,17919744.749897826,477801.512335686,0.02666341061238667,0.02666341061238667,17906363.46134805,477801.512335686,0.026683335975339104,0.026683335975339104,1.000747292356634,0.0019925362952432496,0.0019925362952432496,0
16068002,6732502.916401412,397398.46276055695,0.05902685341471345,0.1205960226465005,6730100.624243133,397398.46276055695,0.0590479228986637,0.12063906908751207,1.00035694743547,0.002106948395025343,0.004304644101156552,0
16062064,66732736.770867296,3711271.124692605,0.05561395057774386,0.06389032515530063,66707462.69770858,3711271.1246926044,0.05563502154939687,0.06391453187351186,1.0003788792458386,0.0021070971653006088,0.002420671821122544,-4.656612873077393e-10
15090635,72723029.67642361,23570972.385326467,0.324119780077975,0.3290997063039415,72718261.80264291,23570972.385326467,0.3241410314412905,0.32912128418303294,1.0000655663881741,0.0021251363315488714,0.002157787909146114,0
16071071,3602836.360627912,615448.68336802,0.1708233796276992,0.1708233796276992,3602385.0337693878,615448.68336802,0.17084478133200542,0.17084478133200542,1.0001252855689475,0.0021401704306228675,0.0021401704306228675,0
01058035,13331204.183072826,387746.6058826897,0.02908564001855341,0.02983601998001945,13321317.89180483,387746.60588268965,0.029107225653794234,0.029858162502718485,1.0007421406311516,0.00215856352408228,0.0022142522699036132,-5.820766091346741e-11
15089075,29294178.795537453,5501350.814649155,0.18779672415624113,0.21823367009721975,29290742.118436176,5501350.814649155,0.18781875830952388,0.21825927541147636,1.000117329806373,0.002203415328275171,0.002560531425660484,0
01061019,12493878.40960178,379876.3349931521,0.03040499695444531,0.03107465771088253,12484752.215123676,379876.3349931521,0.030427222619042505,0.031097372888943216,1.0007309872331345,0.0022225664597193967,0.0022715178060687263,0
03352052,30462176.376677927,901985.4277127218,0.02961001264516637,0.2294779823945387,30437815.314012676,901985.4277127218,0.029633711171690898,0.22966164628275593,1.0008003551639277,0.002369852652452792,0.018366388821722257,0
15085090,23934830.607724182,2401174.5048029297,0.10032134942404936,0.11238257400649894,23929171.404765002,2401174.5048029297,0.10034507523000923,0.11240915226884743,1.0002364980743985,0.0023725805959870505,0.002657826234848948,0
01061080,5528914.097068043,181275.49329345964,0.03278681674392249,0.03278681674392249,5524785.212854512,181275.49329345964,0.032811319591517535,0.032811319591517535,1.0007473384130707,0.0024502847595045396,0.0024502847595045396,0
16065087,72961945.2059014,16278526.112995436,0.22310981522020573,0.22539968454973008,72953515.34495515,16278526.112995436,0.2231355958108895,0.2254257297373965,1.0001155511274047,0.0025780590683754934,0.0026045187666412506,0
03355014,11074207.0911139,502127.9207091261,0.0453421104172813,0.0457159231834411,11067871.539230257,502127.92070912605,0.04536806547937652,0.04574209222617083,1.0005724273055743,0.0025955062095218973,0.0026169042729728975,-5.820766091346741e-11
16071031,2807224.2804525387,481161.1212203278,0.17140102576441174,0.17140102576441174,2806792.266105883,481161.1212203278,0.17142740737556833,0.17142740737556833,1.0001539174636729,0.0026381611156589546,0.0026381611156589546,0
03357043,42107513.638081975,1401175.441395994,0.03327613816002598,0.0512346704267522,42074024.25889544,1401175.441395994,0.033302624744761665,0.051275451344091144,1.000795963299837,0.002648658473568266,0.004078091733894507,0
16068058,55418400.665980585,5126479.1886414,0.09250500063218832,0.09340219169202944,55402086.43048872,5126479.1886414,0.09253224055150765,0.09342969580692648,1.0002944696949696,0.0027239919319327344,0.002750411489703397,0
16068005,6465064.2897306755,767525.5842490864,0.11871894073323444,0.12026609580903752,6463514.723747343,767525.5842490864,0.11874740246651735,0.12029492845798766,1.0002397404584906,0.0028461733282914015,0.0028832648950136153,0
15087250,40632910.13888796,4217388.231040373,0.10379242384128667,0.108223713495916,40621471.96106028,4217388.231040373,0.1038216496704787,0.1082541870858766,1.0002815796000362,0.002922582919202832,0.0030473589960597347,0
13076143,77457279.16853677,8108241.77868296,0.1046801781023124,0.1699102435469955,77435610.78714007,8108241.77868296,0.10470947018125047,0.1699577885966562,1.0002798245042097,0.0029292078938078503,0.0047545049660702166,0
16065019,13550800.709014917,2449845.456904595,0.1807897193318466,0.18747511911086215,13548591.471329546,2449845.456904595,0.18081919896166057,0.1875056888641155,1.0001630603218088,0.002947962981397767,0.0030569753253356646,0
01061014,5940544.993389139,223641.3748491612,0.03764660903974933,0.03764660903974933,5935893.503578946,223641.3748491612,0.037676109706874024,0.037676109706874024,1.0007836208327168,0.002950066712469057,0.002950066712469057,0
13076138,10313556.382227868,721046.1686564296,0.0699124668478977,0.0699124668478977,10309156.297666095,721046.1686564296,0.06994230641547924,0.06994230641547924,1.000426813255588,0.002983956758154105,0.002983956758154105,0
15087440,35290792.31091242,4916885.155802923,0.13932487297210813,0.17495494962627628,35283068.20538191,4916885.155802923,0.13935537372152135,0.17499325044768252,1.0002189181928725,0.003050074941321479,0.0038300821406239693,0
16068049,12701257.201026252,1111815.1286186911,0.08753583295115522,0.10137697248738486,12696792.66930464,1111815.1286186913,0.08756661289008681,0.10141261934098793,1.0003516267326633,0.003077993893159381,0.003564685360306352,2.3283064365386963e-10
15083245,59740558.31405812,8416559.904610204,0.14088518993016547,0.1506985697546465,59726899.683835134,8416559.904610204,0.1409174082224816,0.15073303221712667,1.00022868473494,0.0032218292316144037,0.0034462462480178147,0
16068051,87938799.36311261,11491221.377641631,0.1306729391447868,0.13886402748444,87917087.60362361,11491221.377641631,0.13070520977048386,0.13889832095853696,1.000246957219362,0.0032270625697050637,0.0034293474096974697,0
01061088,10552003.177587964,481824.67273183697,0.04566191505279429,0.05608002151194811,10544249.879197147,481824.67273183697,0.04569549074158737,0.056121257744541894,1.0007353105701824,0.0033575688793086034,0.004123623259378456,0
03355022,71074374.91151105,4183809.276184397,0.05886522788829756,0.06677171977725363,71033121.37965915,4183809.276184397,0.05889941473672113,0.06681049843733691,1.0005807647341218,0.0034186848423573,0.00387786600832829,0
15087125,9136558.164322346,1752482.7081908346,0.19180994381824912,0.19846748461641264,9134917.871606901,1752482.7081908346,0.19184438577580332,0.19850312202156994,1.0001795629406307,0.0034441957554198765,0.0035637405157301627,0
01061083,9892173.788206726,450361.17911894375,0.04552701850586737,0.04552701850586737,9884525.83306927,450361.17911894375,0.045562244130338915,0.045562244130338915,1.0007737300975905,0.003522562447154376,0.003522562447154376,0
01061005,5179584.184234425,245648.4333316401,0.04742628454217285,0.05488517613382579,5175700.841648946,245648.4333316401,0.047461868613986206,0.0549263566325279,1.0007503027520892,0.003558407181335904,0.004118049870210916,0
01058172,7737648.470862418,374372.62508608674,0.0483832557780129,0.0483832557780129,7731811.63513024,374372.62508608674,0.048419780868055325,0.048419780868055325,1.0007549117862182,0.0036525090042427433,0.0036525090042427433,0
16068059,12703068.068347769,1521383.590391774,0.11976505063234331,0.11976505063234331,12699180.881688392,1521383.590391774,0.1198017104068134,0.1198017104068134,1.0003060974322353,0.003665977447007973,0.003665977447007973,0
16065016,6169882.453137882,1007697.0835305525,0.16332516724334956,0.16332516724334956,6168455.4494236335,1007697.0835305525,0.16336295070830242,0.16336295070830242,1.0002313389025743,0.003778346495286744,0.003778346495286744,0
03360002,48165364.50427336,3582763.653892794,0.07438464736574187,0.07869315214077803,48140251.44442914,3582763.653892794,0.07442345119506842,0.07873420356406201,1.0005216644926174,0.0038803829326555794,0.0041051423283977595,0
16065086,44877102.87300427,10492716.159764975,0.23381001642324925,0.29262173299350214,44869652.329491064,10492716.159764975,0.23384884025206776,0.29267032242625657,1.0001660486125121,0.003882382881850721,0.004858943275443117,0
16065088,95033858.16494577,17164638.71797188,0.1806160356888808,0.1978770670818456,95013330.85967593,17164638.71797188,0.18065505716584268,0.19791981774562234,1.0002160465808756,0.0039021476961886847,0.004275066377673609,0
13076037,34256595.94915999,9063882.784999948,0.2645879584314683,0.26545924565439294,34251458.78441228,9063882.784999948,0.2646276423451164,0.26549906024703007,1.000149983823464,0.003968391364805868,0.003981459263713294,0
03354007,21490957.20298397,4850377.937673361,0.22569389961838912,0.22569389961838912,21487097.677704126,4850377.937673361,0.2257344388910331,0.2257344388910331,1.0001796205954725,0.004053927264396906,0.004053927264396906,0
16065046,9269989.80810026,2815389.8747647265,0.30371013701704347,0.31727125948067875,9268732.690789603,2815389.8747647265,0.3037513291932992,0.31731429095065133,1.0001356299024469,0.004119217625575544,0.0043031469972587555,0
13076079,15095458.439159146,2545242.3830032498,0.16860981024601637,0.20623326046538012,15091729.821307696,2545242.3830032498,0.16865146760112784,0.20628421320742085,1.0002470636498,0.004165735511146851,0.005095274204072742,0
15083025,50722033.75290173,7216159.582791977,0.14226873508160842,0.14330343957597483,50707174.69812584,7216159.582791977,0.1423104250187832,0.14334543271936942,1.0002930365350535,0.004168993717476588,0.0041993143394591925,0
16068064,64515744.684145674,9844022.087114535,0.15258325134908723,0.1603210120095217,64497659.140878424,9844022.087114537,0.15262603663821073,0.16036596701467956,1.0002804061962582,0.004278528912349255,0.004495500515785955,1.862645149230957e-9
03354005,28383481.658435933,9961539.049572889,0.35096254819789496,0.4115764604817443,28379982.980693057,9961539.049572889,0.35100581477972476,0.4116271995326718,1.000123279768887,0.004326658182979282,0.00507390509275063,0
13076103,34299896.21217859,7284151.0619627,0.2123665627704254,0.27569920929436864,34292865.865348294,7284151.0619627,0.21241009983137843,0.27575573011913107,1.0002050090201822,0.004353706095303056,0.005652082476242937,0
03355032,22717640.629144423,1902534.1014257525,0.0837469934701315,0.1376020201396021,22705490.788275145,1902534.1014257523,0.08379180697596719,0.13767565178507402,1.0005351058465362,0.004481350583569743,0.0073631645471916585,-2.3283064365386963e-10
01053006,7518809.0585793,650625.8482109584,0.08653309894451502,0.09185407111991194,7514836.830114216,650625.8482109584,0.0865788390246485,0.09190262378501762,1.0005285847923093,0.004574008013347175,0.004855266510568612,0
12070244,96087887.33604792,37334206.54945563,0.38854227712268047,0.3911192955174831,96076567.98372811,37334206.54945563,0.38858805360094345,0.3911653756096215,1.0001178159519784,0.0045776478262982145,0.004608009213841191,0
13076093,22567596.876604214,5794050.243779575,0.25674201269459296,0.25674201269459296,22563558.963376194,5794050.243779575,0.2567879585478571,0.2567879585478571,1.0001789572839361,0.004594585326411771,0.004594585326411771,0
13076119,17814773.748014547,3039776.877984489,0.17063235946643843,0.2125378465512547,17809943.393829256,3039776.877984489,0.17067863781294795,0.21259549036594408,1.0002712167062229,0.0046278346509526225,0.005764381468936763,0
03360012,13962852.30302496,1227251.2585679276,0.08789402279232386,0.09149560010123851,13955288.939884534,1227251.2585679276,0.08794165881155033,0.09154518807124029,1.0005419710887398,0.0047636019226471316,0.004958797000177706,0
16065056,11333050.860904053,2959987.0251175216,0.2611818354516235,0.28325432775182846,11330959.869730547,2959987.0251175216,0.2612300333906231,0.2833065989014923,1.0001845378677134,0.004819793899962788,0.005227114966382951,0
15087055,25961653.609452657,3905150.028937427,0.15041992654564806,0.17371159718288376,25953198.57920447,3905150.028937427,0.15046893033317704,0.17376818892837362,1.0003257798926934,0.004900378752897838,0.005659174548985901,0
03354011,36200175.478407234,5511859.4454411995,0.1522605725690177,0.16098453152437017,36188107.745241165,5511859.4454411995,0.15231134725926707,0.16103821541367375,1.0003334723454187,0.00507746902493611,0.005368388930357404,0
03354019,22831430.719361942,3016998.877998629,0.13214234863696458,0.13915308029662998,22822226.923656836,3016998.877998629,0.1321956392814278,0.13920919824371164,1.0004032821045858,0.005329064446321641,0.0056117947081657515,0
03354009,58684317.62890807,8598590.694835223,0.14652280272233295,0.1568983727903392,58662905.24018873,8598590.694835223,0.14657628461511157,0.1569556418419462,1.0003650073011499,0.005348189277862292,0.005726905160699514,0
03355024,16200825.69834225,1488654.1557022615,0.09188754841394212,0.09353545210880888,16191367.481679093,1488654.1557022615,0.091941224691905,0.0935900910127021,1.0005841518126162,0.005367627796287744,0.00546389038932199,0
01053111,12870335.164193522,1266463.7399391038,0.09840176839081274,0.0999566093458815,12863118.632286275,1266463.7399391038,0.09845697424886489,0.10001268750867433,1.0005610250603718,0.005520585805214584,0.005607816279282196,0
01053028,8667299.006766826,803612.6345125275,0.09271776984792177,0.1678563188084073,8661986.821033394,803612.6345125275,0.09277463139994188,0.16795926100405634,1.0006132756656398,0.005686155202011545,0.010294219564904727,0
03357042,18721597.482909456,1371280.8387470194,0.07324593106965537,0.07579155162897834,18706735.80417411,1371280.8387470194,0.07330412173999057,0.07585176468287265,1.0007944560125785,0.005819067033520364,0.006021305389430909,0
16068053,21965099.79241351,3909185.547995716,0.17797258309501982,0.18147677313079755,21957904.249343574,3909185.5479957163,0.17803090420674278,0.18153624255567652,1.000327697169467,0.005832111172296428,0.005946942487897178,4.656612873077393e-10
01061117,8805404.096010387,688171.4965035603,0.07815331232956836,0.07815331232956836,8798835.287076786,688171.4965035603,0.0782116580264102,0.0782116580264102,1.0007465543699003,0.005834569684183555,0.005834569684183555,0
03354026,30149942.119772527,5823067.60093256,0.19313694128499684,0.2950320179539411,30140763.21883206,5823067.60093256,0.1931957581384099,0.29512186536913104,1.0003045344563382,0.005881685341305176,0.008984741518996975,0
13076088,120367065.3655023,21865711.128701717,0.18165858793935935,0.24153920442551777,120328010.22909904,21865711.128701717,0.18171754928108927,0.24161760135535656,1.0003245722781329,0.00589613417299184,0.007839692983879765,0
03354010,19523129.25089906,7875989.186251269,0.4034183805799765,0.4126395739394579,19520250.879640423,7875989.186251269,0.40347786689903187,0.41270041997556306,1.0001474556488226,0.00594863190553907,0.006084603610517769,0
03360008,11006393.409583991,1252091.0728457524,0.11376034148983571,0.12217688030190388,11000591.927796617,1252091.0728457524,0.11382033631135176,0.12224131382971423,1.0005273790560956,0.005999482151604341,0.006443352781035361,0
01053032,33166528.39905428,3429266.1121162144,0.10339538919647669,0.1051973812937889,33146931.69190304,3429266.1121162144,0.10345651730274322,0.10525957475089237,1.0005912072747303,0.006112810626653087,0.006219345710346824,0
03354021,23314743.83659268,16554840.151265549,0.7100588480531616,0.7478566536628829,23312685.213564605,16554840.151265549,0.7101215496888805,0.747922693027925,1.0000883048438745,0.00627016357189758,0.0066039365042125375,0
03355004,23141644.727642484,2455753.97626587,0.1061183854980063,0.11353513966166172,23127933.12518663,2455753.97626587,0.10618129873401964,0.11360244998685957,1.0005928589632993,0.006291323601334553,0.006731032519785574,0
13076018,11145835.110949654,3968975.4993206887,0.3560949412773541,0.45064163895102965,11143815.295551412,3968975.4993206887,0.35615948344954135,0.45072331770263335,1.00018124989913,0.006454217218726521,0.008167875160369764,0
16068014,23937622.069045044,4499781.7480134955,0.18797947995980735,0.1930645228652001,23929036.68319125,4499781.7480134955,0.18804692422801664,0.19313379157189403,1.0003587852686031,0.006744426820928795,0.006926870669393681,0
01056024,10026421.897521911,909943.9221468068,0.09075460133706369,0.09860334039594527,10018888.267545357,909943.9221468067,0.0908228435977702,0.09867748445875527,1.0007519427081504,0.006824226070650807,0.007414406280999153,-1.1641532182693481e-10
01058132,6542077.157998715,604531.9301245235,0.09240672580349936,0.1046449444069053,6537224.4244546015,604531.9301245235,0.09247532146258837,0.10472262477994644,1.0007423232291002,0.006859565908901022,0.007768037304113629,0
13076016,21903744.877673864,3985951.4765565735,0.18197579906162029,0.18197579906162029,21895462.270906154,3985951.4765565735,0.1820446367945815,0.1820446367945815,1.0003782796026515,0.0068837732961207765,0.0068837732961207765,0
01053022,6091500.118137796,812019.5453133722,0.13330370673318,0.16447277273620148,6088334.982582103,812019.5453133722,0.1333730071746133,0.16455827700336484,1.0005198688253436,0.006930044143330094,0.008550426716336101,0
16065042,11984376.590546284,5563927.842482987,0.4642651038579693,0.4894688413914369,11982585.109859249,5563927.842482987,0.464334514753832,0.48954202042319167,1.0001495070279585,0.006941089586265381,0.007317903175474427,0
01056015,21718470.939397104,2003588.6899308,0.09225275091978546,0.09225275091978546,21702124.601431817,2003588.6899308,0.0923222369573259,0.0923222369573259,1.0007532137182646,0.0069486037540436585,0.0069486037540436585,0
03352036,33816310.50410804,2985753.5215495415,0.08829329625379531,0.10561432549101524,33789268.79522018,2985753.5215495415,0.08836395778922286,0.105698849126659,1.0008003046485483,0.007066153542754916,0.008452363564376286,0
13076030,22453055.812532347,4018945.561679107,0.17899325576146752,0.17899325576146752,22443987.350011803,4018945.561679107,0.17906557774267295,0.17906557774267295,1.0004040486380215,0.007232198120543654,0.007232198120543654,0
03354008,48504374.573017344,13147533.073969478,0.2710587073785992,0.2792512819281807,48491376.01329376,13147533.073969478,0.2711313671603199,0.27932613780492543,1.0002680592054147,0.007265978172066312,0.0074855876744717165,0
16062008,7956821.949945353,1643324.781063536,0.2065302945574674,0.2145007599748335,7954000.735523127,1643324.781063536,0.20660354904473818,0.214576841516405,1.0003546912448256,0.0073254487270774105,0.007608154157148772,0
16064022,25026925.58213634,4883862.767545013,0.19514433570821835,0.20393826424709885,25017104.631884605,4883862.767545013,0.19522094340687493,0.20401832417318014,1.0003925694198528,0.0076607698656583345,0.008005992608128842,0
03354014,41012484.44700155,13932021.25725028,0.3397019577112905,0.37193850414742335,41002820.836602144,13932021.25725028,0.3397820192120423,0.37202616320900206,1.000235681599515,0.008006150075179352,0.008765906157870429,0
01061112,7594688.672345672,847511.4268565705,0.11159264894459602,0.11159264894459602,7589153.329741799,847511.4268565705,0.11167404189017813,0.11167404189017813,1.0007293755130997,0.008139294558211219,0.008139294558211219,0
16068062,6945333.317018308,1934183.917985925,0.2784868385289084,0.28283319763622466,6943238.073568635,1934183.917985925,0.27857087680011056,0.28291854749725753,1.0003017674790167,0.008403827120218033,0.008534986103286846,0
16068009,12186547.95859878,3000580.20237172,0.24622068633099023,0.28059903838856054,12182387.021896467,3000580.2023717198,0.24630478386366442,0.2806948779670738,1.0003415534816644,0.008409753267418774,0.009583957851327929,-4.656612873077393e-10
16068045,6614911.140140915,1755403.366918549,0.2653706648100422,0.267760895835463,6612685.463937223,1755403.366918549,0.26545998240681085,0.26785101792842964,1.0003365767532466,0.008931759676866768,0.009012209296666018,0
01056029,10938633.548486909,1355316.410724291,0.12390180224217914,0.12390180224217914,10930418.524994152,1355316.4107242913,0.12399492367333817,0.12399492367333817,1.0007515744684408,0.009312143115902671,0.009312143115902671,2.3283064365386963e-10
16068057,16867652.67604501,4496140.598788463,0.26655401822292446,0.29818518951183887,16861722.674348123,4496140.598788463,0.26664776106349314,0.2982900565360417,1.0003516842146805,0.009374284056867799,0.01048670242028149,0
03352055,54096507.87568218,6506175.435973734,0.12026978619258402,0.26379023264228935,54053527.13815224,6506175.435973734,0.12036541888089895,0.2639999858138665,1.0007951513953954,0.00956326883149311,0.02097531715771761,0
03359016,29475453.895685203,3556456.646863445,0.12065824870585153,0.13846650494821974,29452008.467342824,3556456.646863445,0.12075429934793545,0.1385767319476172,1.0007960553307722,0.0096050642083928,0.011022699939744474,0
03353026,56214138.064261325,7471389.383349832,0.13290943596447027,0.13290943596447027,56173035.8219472,7471389.383349832,0.1330066868209161,0.1330066868209161,1.0007317076905795,0.00972508564458241,0.00972508564458241,0
01061089,3870344.528866165,508072.1319930227,0.13127310196900346,0.13127310196900346,3867472.471191589,508072.1319930227,0.1313705878393707,0.1313705878393707,1.000742618776467,0.0097485870367231,0.0097485870367231,0
03354018,89225940.80344959,30654528.712882925,0.34356072277690997,0.3548498634148168,89200599.56913269,30654528.712882925,0.3436583258515533,0.35495067365128996,1.0002840926455574,0.009760307464334872,0.01008102364731811,0
01056028,15990597.672439087,2097730.6075632083,0.1311852533929231,0.13338937619522717,15978636.194305196,2097730.6075632083,0.13128345761516505,0.13348923040601526,1.0007485919316539,0.00982042222419377,0.009985421078809176,0
01061047,8670248.21754631,1108589.80430751,0.1278613687280619,0.1278613687280619,8663514.743060235,1108589.8043075101,0.12796074540018848,0.12796074540018848,1.0007772220265994,0.009937667212658874,0.009937667212658874,2.3283064365386963e-10
03359012,11996122.546763085,1572268.4100346654,0.1310647172789103,0.13273319862049396,11986902.817578904,1572268.4100346654,0.1311655257377176,0.13283529039212627,1.0007691502404323,0.010080845880727773,0.01020917716323122,0
01051051,5466085.790561039,697359.4798113126,0.12757931480247325,0.12757931480247325,5461761.440063529,697359.4798113126,0.12768032574546156,0.12768032574546156,1.0007917501606332,0.010101094298831104,0.010101094298831104,0
01058140,6283014.522038246,858767.2998650385,0.13668077590029976,0.13668077590029976,6278333.662421584,858767.2998650385,0.13678267929675592,0.13678267929675592,1.0007455576381163,0.010190339645615998,0.010190339645615998,0
01061093,5568800.017503101,776342.9994250273,0.13940938747754106,0.13940938747754106,5564646.35937899,776342.9994250273,0.13951344780725053,0.13951344780725053,1.0007464370340644,0.01040603297094711,0.01040603297094711,0
01061046,28567842.61850711,3857783.305231266,0.13503936425119054,0.13503936425119054,28545803.234764636,3857783.3052312667,0.13514362421349027,0.13514362421349027,1.0007720708911645,0.010425996229973533,0.010425996229973533,4.656612873077393e-10
01061079,10429095.871570615,1424074.6136449429,0.1365482330569925,0.15068120085856976,10421112.12352709,1424074.6136449429,0.13665284441474335,0.1507966396647443,1.000766112862897,0.010461135775083341,0.011543880617453928,0
01061096,10863156.294364028,1575761.4192589673,0.1450555783751815,0.1450555783751815,10855186.839878488,1575761.4192589673,0.14516207251911348,0.14516207251911348,1.0007341609686773,0.010649414393198997,0.010649414393198997,0
13076034,60510885.16061312,28039658.48011027,0.46338205771878943,0.5481479322183465,60496863.98778597,28039658.48011027,0.46348945435868116,0.5482749747852806,1.0002317669363816,0.010739663989173254,0.012704256693418792,0
13076014,47261339.452733055,11014174.672644502,0.23304829698404936,0.25387173656285456,47238842.90497926,11014174.672644502,0.23315928154293425,0.25399263786554765,1.000476229864458,0.011098455888489123,0.01209013026930994,0
01053012,8323247.995202784,1491906.5179015987,0.17924571258257344,0.201172406060828,8318068.951110065,1491906.5179015987,0.1793573155825428,0.2012976611852266,1.0006226257708561,0.01116029999693735,0.012525512439859332,0
03357008,150057771.67569086,21116694.940751553,0.1407237672860394,0.179347431867003,149938240.33220863,21116694.940751553,0.14083595281607036,0.17949040833140362,1.0007972038568507,0.01121855300309782,0.014297646440061818,0
01056051,9403788.53334251,1519195.8250801107,0.16155146616638383,0.22993005673282005,9396717.292211527,1519195.8250801107,0.16167303727859267,0.23010308427252968,1.000752522493876,0.012157111220884032,0.017302753970963036,0
01061022,7549066.919642679,1211687.293322229,0.16050821991912903,0.16050821991912903,7543247.842716182,1211687.293322229,0.1606320405463336,0.1606320405463336,1.0007714285739817,0.012382062720456277,0.012382062720456277,0
01053083,9473087.371422349,2200884.3161066626,0.2323302034293608,0.25556623157671204,9467987.643501751,2200884.3161066626,0.23245534309682114,0.25570388683100753,1.0005386284934685,0.012513966746033334,0.013765525429548786,0
01061028,10288286.642115517,1745721.7063995178,0.16968050824452496,0.16983998099193415,10280687.149251789,1745721.7063995178,0.1698059362234915,0.169965526853294,1.000739200867938,0.012542797896653024,0.012554586135984924,0
01061045,5550147.627374202,926108.8462069408,0.16686202032522993,0.16686202032522993,5545814.916863242,926108.8462069407,0.16699238256056972,0.16699238256056972,1.0007812576827593,0.013036223533979818,0.013036223533979818,-1.1641532182693481e-10
03355033,27052807.92885271,6569213.822837895,0.24282927820707337,0.257869657722894,27037799.21691025,6569213.822837895,0.24296407300522121,0.25801280145217514,1.0005551010946583,0.0134794798147847,0.014314372928114771,0
03353031,105567154.45821892,21008296.68794075,0.199004101188077,0.20738012927734625,105494795.92269227,21008296.687940754,0.19914059745028428,0.2075223706298281,1.0006858967297276,0.013649626220729738,0.014224135248183667,3.725290298461914e-9
13076106,20000266.336888578,5589814.153847727,0.2794869858076765,0.279987240376333,19990126.12565245,5589814.153847727,0.27962875865373177,0.2801292669820177,1.0005072609933718,0.014177284605526586,0.014202660568468639,0
01061031,13135205.75315204,2467199.9278712813,0.18783108344376184,0.18783108344376184,13124852.102590099,2467199.9278712813,0.18797925558219405,0.18797925558219405,1.0007888584557763,0.01481721384322121,0.01481721384322121,0
01056050,28241022.934794217,5641929.62133764,0.19977780671629028,0.22164069695131913,28219950.72389341,5641929.62133764,0.1999269834500704,0.22180619899475132,1.000746713242237,0.014917673378012086,0.016550204343218633,0
01061071,8695576.482517475,1728530.5757259647,0.19878274651498828,0.200624217460717,8689034.400647178,1728530.5757259647,0.19893241251262855,0.2007752699246933,1.0007529124145036,0.014966599764026922,0.015105246397628669,0
01053019,5376219.315804567,1510457.614531035,0.2809516364205448,0.2809516364205448,5373355.969790967,1510457.614531035,0.28110134951468596,0.28110134951468596,1.000532878526883,0.01497130941411351,0.01497130941411351,0
03354004,76630076.88661331,38142554.34915557,0.4977491332234169,0.5610213316379771,76606140.51296881,38142554.34915557,0.49790466004090544,0.5611966285022585,1.0003124602477584,0.015552681748853825,0.017529686428141567,0
01061044,29058228.39814709,6011082.623064851,0.2068633552157003,0.2177901824933531,29036205.72677198,6011082.623064851,0.207020251875489,0.21795536666593093,1.0007584555496796,0.015689665978871337,0.01651841725778258,0
01061056,3912985.401356533,792430.6381231272,0.2025130576383984,0.2025130576383984,3909952.916742796,792430.6381231272,0.20267012288814595,0.20267012288814595,1.0007755808518184,0.015706524974754,0.015706524974754,0
03352029,52790850.12726917,10413700.573739115,0.19726336190141988,0.20428985709452024,52748696.2280303,10413700.573739117,0.19742100408929816,0.2044531144765465,1.0007991458036545,0.015764218787828188,0.016325738202624396,1.862645149230957e-9
01061114,5446483.994498104,1130470.8187787472,0.20755974311513983,0.26132289215303645,5442342.502822228,1130470.8187787472,0.20771769108477106,0.26152175258528715,1.0007609759352207,0.015794796963122804,0.01988604322507026,0
03359027,16915077.024788674,3601223.0424688724,0.2129001858632603,0.2519343198769969,16902118.424427122,3601223.0424688724,0.21306341323844627,0.2521274741365202,1.0007666849820922,0.01632273751859814,0.019315425952332044,0
12070246,42138166.86486375,37924929.54714356,0.9000137492636555,0.9181103330651672,42129893.850591764,37924929.54714356,0.9001904842589786,0.9182906216724834,1.000196369217101,0.017673499532311343,0.018028860731622576,0
01061068,6113275.296650371,1528544.9705125128,0.2500369926657882,0.7089718781862293,6108671.251558565,1528544.9705125128,0.25022544307365047,0.7095062232772602,1.000753690107424,0.018845040786225065,0.05343450910308967,0
03352041,21332475.6639355,5249267.665486833,0.24606931460661172,0.3713478968365522,21315494.842575118,5249267.665486833,0.24626534379122444,0.3716437282186199,1.000796642136896,0.019602918461272822,0.029583138206767945,0
01056049,11394260.212415596,2989216.696814065,0.2623440786052004,0.27221150838718994,11385692.035718938,2989216.696814065,0.26254150274189403,0.27241635814910237,1.0007525389471081,0.019742413669360248,0.0204849761912429,0
01061072,5131146.996250889,1353517.2739937743,0.26378454466081985,0.26378454466081985,5127199.219461409,1353517.2739937743,0.26398765018846987,0.26398765018846987,1.0007699675047725,0.0203105527650016,0.0203105527650016,0
03354003,16377881.098956851,11758579.704471696,0.7179548827729998,0.8173341227545042,16373217.86950717,11758579.704471696,0.7181593623309934,0.8175669063515856,1.0002848083673501,0.020447955799363093,0.0232783597081343,0
03352024,20917479.79926818,5471685.57756593,0.26158436054793577,0.3046127242879075,20900774.153643504,5471685.57756593,0.2617934406325368,0.3048561962371909,1.0007992835816448,0.0209080084601021,0.024347194928342475,0
03359034,6989547.716333651,1964417.9975787697,0.28105080289933265,0.28105080289933265,6984233.280373003,1964417.9975787695,0.281264659801549,0.281264659801549,1.0007609190225049,0.021385690221636944,0.021385690221636944,-2.3283064365386963e-10
01061065,6191733.085576907,1751500.7682162046,0.2828773049497515,0.2838544007809375,6187044.975900173,1751500.7682162046,0.28309164957401545,0.2840694857800393,1.000757730014085,0.02143446242639513,0.021508499910183332,0
03355049,237952226.9163942,140393875.0816801,0.5900086622471838,0.6323773971828119,237864004.5582604,140393875.0816801,0.5902274929845184,0.6326119422343576,1.0003708941094203,0.021883073733452996,0.023454505154563154,0
03359022,29393174.06893374,8881918.974852502,0.30217624520653547,0.30217624520653547,29370105.30183487,8881918.974852502,0.3024135897223907,0.3024135897223907,1.0007854506091072,0.02373445158552201,0.02373445158552201,0
03355009,140494990.62396166,71155072.2503598,0.5064598526562996,0.522177468122254,140428645.90070593,71155072.2503598,0.5066991267627263,0.5224241679276301,1.0004724443708062,0.023927410642676783,0.024669980537617153,0
01061049,18802158.08857478,6048425.53810532,0.32168783549270735,0.34617676877139886,18788158.45652374,6048425.53810532,0.3219275349471597,0.3464347156797471,1.0007451306142343,0.023969945445234675,0.025794690834823886,0
03359010,76319668.99626867,25422156.440581854,0.3331009787506385,0.33624797717304294,76262592.45658633,25422156.440581854,0.3333502785792892,0.3364996322819766,1.0007484211832274,0.024929982865073974,0.025165510893365717,0
13076010,22197014.305509947,13361681.466977948,0.6019585014035509,0.6019632370361566,22187644.02126526,13361681.466977948,0.6022127204750418,0.6022174581075996,1.0004223199288624,0.025421907149092426,0.02542210714430171,0
01061105,14939398.5273491,4866245.34058426,0.32573234669895,0.32573234669895,14927650.039076356,4866245.34058426,0.32598870738835717,0.32598870738835717,1.0007870286509926,0.02563606894071535,0.02563606894071535,0
03355017,9851649.132351236,4282910.679289869,0.43474048068008,0.6944648679920362,9845690.275817502,4282910.679289869,0.43500359642729597,0.6948851753955959,1.0006052248615183,0.026311574721599174,0.04203074035596943,0
13076102,13037220.522105385,7749080.214471319,0.5943813101367957,0.6299466386811312,13031360.020413212,7749080.214471319,0.594648617053986,0.6302299401428502,1.000449722951633,0.026730691719023536,0.028330146171895443,0
03353040,110102487.40096176,46805655.1045467,0.4251098790719768,0.46466113285190586,110031781.06794664,46805655.1045467,0.4253830543344868,0.4649597237179241,1.0006425991866064,0.02731752625100281,0.02985908660182446,0
02000000,742617853.28082335,295972153.5585031,0.3985524348100749,0.4256298939210757,742109107.0919194,295972153.5585031,0.3988256588284171,0.42592168064670216,1.0006855409589266,0.027322401834217747,0.02917867256264639,0
03353032,38517989.7299618,15814379.20822496,0.41057125044933246,0.4319234677420569,38492330.25085408,15814379.20822496,0.4108449424901748,0.43221139344373394,1.000666612775597,0.027369204084232157,0.028792570167701648,0
03359038,100089867.20171496,35771903.883815564,0.35739785538653046,0.3721681126459553,100012094.83540148,35771903.883815564,0.3576757785414701,0.37245752159028883,1.0007776296101134,0.027792315493962994,0.02894089443335468,0
01061078,6933180.457008138,2463843.728007604,0.35536991187314654,0.35536991187314654,6927739.898304315,2463843.728007604,0.3556489943582715,0.3556489943582715,1.0007853295279105,0.02790824851249818,0.02790824851249818,0
01051064,11403561.27569756,4036088.956751718,0.35393232510208344,0.35393232510208344,11394487.396027938,4036088.956751718,0.35421417537033556,0.35421417537033556,1.0007963394362773,0.028185026825211512,0.028185026825211512,0
03359025,18230152.943041302,6817613.245555222,0.3739745501234315,0.3739745501234315,18215753.037146464,6817613.245555222,0.37427018425493624,0.37427018425493624,1.0007905193853623,0.02956341315047406,0.02956341315047406,0
01061115,4568702.306641176,1832684.3826567857,0.40113893610287343,0.4680843484551095,4565265.492505508,1832684.3826567854,0.4014409207230952,0.4684367307882064,1.0007528180214953,0.030198462022174022,0.035238233309692335,-2.3283064365386963e-10
03359029,14252921.917821908,5564355.095110855,0.390401008803196,0.4472905163778603,14241579.451314505,5564355.095110855,0.39071193712276503,0.44764675338924226,1.000796433186795,0.0310928319569026,0.03562370113819324,0
01056036,10968219.25797059,4567864.030337608,0.416463595676039,0.43147272375611145,10959953.688143633,4567864.030337608,0.41677767628517237,0.4317981236645519,1.00075416101766,0.03140806091333492,0.0325399908440438,0
01061082,9947688.806140097,4057627.3144223983,0.4078964866610901,0.4078964866610901,9939945.078587115,4057627.3144223983,0.4082142589664246,0.4082142589664246,1.0007790513420103,0.03177723053345294,0.03177723053345294,0
01061103,2007457.4293893191,865947.1174210847,0.43136512124419546,0.43136512124419546,2005973.5893690065,865947.1174210847,0.43168420661683515,0.43168420661683515,1.0007397106463298,0.03190853726396936,0.03190853726396936,0
01053082,9046360.49209522,5589059.41978865,0.6178240878939563,0.6200375891195593,9041642.84146272,5589059.41978865,0.6181464494658666,0.620361105628204,1.0005217691867752,0.032236157191034565,0.03235165086447056,0
01061116,10052737.618686665,4405801.581176224,0.4382688326597167,0.4513537942739808,10045281.12016296,4405801.581176224,0.438594154655649,0.45168882908887675,1.0007422886860515,0.03253219959322706,0.033503481489594034,0
01061052,5626614.1739385575,2338238.2946247044,0.4155675548991779,0.4155675548991779,5622212.487007845,2338238.2946247044,0.41589290693442293,0.41589290693442293,1.0007829100982726,0.03253520352450301,0.03253520352450301,0
03355021,19133387.653780233,11856676.563346151,0.6196851690820993,0.6758531124399385,19123323.277192026,11856676.563346153,0.6200113019836544,0.676208805859085,1.0005262880537198,0.032613290155514285,0.03556934191465411,1.862645149230957e-9
01061017,10209262.87044376,4367078.608355135,0.4277565054180365,0.44836553886590225,10201455.348516174,4367078.608355135,0.4280838820698595,0.44870868831435606,1.0007653341274214,0.03273766518229748,0.03431494484538167,0
03355042,12091506.48202522,6679178.8478657305,0.5523859957230927,0.6324555092734002,12084300.577132616,6679178.8478657305,0.5527153851588966,0.6328326444017048,1.0005963030170102,0.032938943580396174,0.03771351283046176,0
01061061,6022031.089624211,2614595.8184424327,0.4341717569255508,0.4341717569255508,6017422.051195726,2614595.8184424327,0.4345043103504572,0.4345043103504572,1.0007659490042866,0.033255342490640105,0.033255342490640105,0
01051012,14568132.652381135,6126377.358898825,0.4205327824151491,0.4205327824151491,14556561.416269422,6126377.358898825,0.4208670704368108,0.4208670704368108,1.000794915487306,0.03342880216617439,0.03342880216617439,0
03352038,19417590.479018368,8528834.696759,0.4392323911648468,0.5979138685454862,19402083.724760316,8528834.696759,0.4395834394774194,0.5983917400750881,1.000799231385558,0.03510483125725994,0.047787152960188095,0
01061041,17820565.163690515,8463677.240353191,0.47493876667828544,0.520017878214621,17807054.12885916,8463677.240353191,0.47529912466747987,0.5204124398088433,1.0007587462099898,0.03603579891944264,0.03945615942223535,0
13076136,27741130.309592776,22660729.398050252,0.8168639541776083,0.8295891974148645,27728833.036026523,22660729.398050252,0.8172262196756868,0.8299571063454338,1.0004434832706546,0.03622654980784956,0.03679089305693717,0
03355011,19964190.612044346,13064664.077779315,0.6544048958287063,0.6625704327200211,19952780.234822452,13064664.077779315,0.6547791297264077,0.6629493362354427,1.000571869037177,0.03742338977014148,0.03789035154215803,0
03352022,45172134.43141381,21492801.08335296,0.4757977756394513,0.48393170763251103,45136113.48845031,21492801.08335296,0.4761774867668361,0.48431791005650393,1.00079805149756,0.03797111273847742,0.03862024239928985,0
03352056,55652986.54823472,26940344.146613885,0.48407724036992256,0.4966392074480645,55608496.481304646,26940344.146613885,0.48446453062565936,0.49703654801609964,1.0008000587993786,0.03872902557368052,0.03973405680351427,0
03355007,9864912.656431708,6526785.253753915,0.6616161218111337,0.681155883001117,9859128.19252681,6526785.253753915,0.6620042995993499,0.6815555249919591,1.0005867115014575,0.03881777882162041,0.03996419908421922,0
03352051,36057465.85163946,17969669.240406837,0.4983619568370137,0.7687859051120168,36028682.80064326,17969669.240406837,0.4987600945568292,0.7694000825448816,1.0007988926810192,0.03981377198155056,0.06141774328647376,0
03359001,11108542.480012393,5843942.969096353,0.5260764838961874,0.528665284221333,11100004.708568253,5843942.969096353,0.5264811252364001,0.5290719167846191,1.0007691682722937,0.04046413402126747,0.04066325632861023,0
03359009,16267940.84281799,8523143.436726207,0.5239226967369398,0.5269986692134037,16255046.295608833,8523143.436726207,0.5243383058852723,0.5274167184207548,1.0007932642561983,0.04156091483324964,0.04180492073511122,0
01058119,4571073.039308612,44925.02082077376,0.00982811266292275,0.02064606062450626,8000288.08312802,81967.63751759798,0.010245585742151123,0.018846939323226394,0.5713635548885604,0.041747307922837366,-0.17991213012798662,37042.61669682422
01061035,866469.5967660844,472107.6041282369,0.544863438821488,0.544863438821488,865796.5194304921,472107.6041282369,0.5452870201404623,0.5452870201404623,1.0007774082252434,0.04235813189742421,0.04235813189742421,0
01061053,3447398.111286644,2005792.0991573185,0.5818278117025228,0.909270450868343,3444772.431979671,2005792.0991573185,0.5822712933186744,0.9099635162752543,1.0007622214119567,0.044348161615159754,0.06930654069112752,0
03352046,33983459.43569366,19683917.294810485,0.5792205273291272,0.6483517834068193,33956318.90340103,19683917.294810485,0.57968348544514825,0.6488699966019714,1.0007992778124695,0.04629581160210394,0.05182131951521063,0
03355015,10388994.139122505,8926407.620539926,0.8592176972095094,0.8972324612783104,10383318.339279251,8926407.620539926,0.8596873686104807,0.897722912567261,1.0005466267774707,0.046967140097131654,0.049045128895064405,0
03355018,14698093.731524931,13366281.58342556,0.9093887838500538,0.9387668369471648,14690458.487502694,13366281.58342556,0.9098614311320764,0.9392547532287548,1.000519741710494,0.04726472820225647,0.04879162815900617,0
01051016,11383828.076215845,6876330.187585183,0.604043748864396,0.604043748864396,11374810.187515236,6876330.187585183,0.6045226315189423,0.6045226315189423,1.0007927946534445,0.04788826545462088,0.04788826545462088,0
03355019,10238061.126058638,9149453.98552816,0.893670576183641,0.9354445363742364,10232542.832744556,9149453.98552816,0.8941525225039404,0.935949010913473,1.0005392885624114,0.0481946320299409,0.05044745392366323,0
03352020,30725223.58475256,18625613.34230002,0.6061994403693456,0.6065518981979358,30700812.16132706,18625613.34230002,0.6066814533904147,0.607034191472089,1.0007951393369408,0.04820130210690943,0.048229327415327816,0
03355003,11794513.072966391,10331363.786255594,0.8759466136788292,0.8973716407558983,11787911.580612302,10331363.786255594,0.87643716324168,0.8978741888098701,1.0005600222150417,0.04905495628507728,0.05025480539718741,0
03353033,24913541.730306573,21038815.40362691,0.8444730834088445,0.865755107740294,24899031.941647574,21038815.40362691,0.8449651959535086,0.8662596222801845,1.000582745091978,0.04921125446640806,0.05045145398905326,0
01061109,9368196.88403059,6104199.8843299905,0.6515874890220826,0.8545331134547953,9361103.215152033,6104199.8843299905,0.6520812498306433,0.8551806626606195,1.0007577812908925,0.04937608085606726,0.0647549205824216,0
01061058,6065619.853377823,3976489.040920411,0.6555783476450446,0.8778957057823529,6061000.773229629,3976489.040920411,0.6560779629799524,0.8785647488626103,1.0007620985908128,0.04996153349077215,0.06690430802573921,0
03352039,9850242.16216641,6393342.7652511215,0.6490543745012868,0.6660815470364962,9842364.398027055,6393342.7652511215,0.6495738733807392,0.6666146743535647,1.0008003934644945,0.05194988794524624,0.05331273170684492,0
01061016,3043215.531401111,2135305.3712776587,0.7016609074331827,0.8244360192667068,3040914.9994391776,2135305.3712776587,0.7021917323146039,0.8250597267406882,1.000756526230545,0.05308248814211991,0.06237074739813275,0
01051072,4809651.634468842,3268019.064055057,0.6794710537109333,0.6794710537109333,4805804.876825534,3268019.064055057,0.6800149294063186,0.6800149294063186,1.0008004398309758,0.054387569538527636,0.054387569538527636,0
01056045,18131697.570214853,13292494.651556188,0.7331081163294892,0.7677569324744716,18117780.32657661,13292494.651556188,0.7336712561890208,0.7683466879572955,1.0007681539011613,0.056313985953160284,0.05897554828239171,0
03352025,40295406.99028379,28646459.56787536,0.7109112851194858,0.8698187890506922,40263231.48540739,28646459.56787536,0.7114793947489709,0.8705138862313253,1.0007991287258713,0.05681096294851695,0.06950971806330974,0
03353023,26217427.04059223,24917009.012565903,0.9503987166241408,0.9736078866021284,26201655.315447405,24917009.012565903,0.9509707960273743,0.9741939364452188,1.0006019362118517,0.05720794032335608,0.05860498430904082,0
03353007,30426177.56255212,28228522.09044114,0.9277708983459096,0.9616316138517832,30407387.635426603,28228522.09044114,0.9283442046679821,0.9622258440488165,1.000617939539917,0.057330632207241994,0.05942301970333075,0
01061034,9192732.4144548,7081326.182535376,0.770317884092937,0.770317884092937,9185592.307542931,7081326.182535376,0.7709166644289672,0.7709166644289672,1.0007773158956776,0.05987803360302246,0.05987803360302246,0
03352063,30870525.978667486,23221517.45138808,0.7522229283503263,0.7839113298445712,30845858.23362863,23221517.45138808,0.7528244886398273,0.7845382316694844,1.0007997101215995,0.06015602895009797,0.06269018249132063,0
01056016,5340428.20831366,4309751.386089006,0.807004835189029,0.807004835189029,5336383.998411052,4309751.386089006,0.8076164285351779,0.8076164285351779,1.000757855863411,0.06115933461489087,0.06115933461489087,0
01061029,12688293.929562852,10000653.871768428,0.7881795556822334,0.8273627444662581,12678390.330867872,10000653.871768428,0.7887952343145642,0.8280090306573703,1.0007811400687725,0.06156786323308072,0.06462861911121776,0
03352043,13593532.946004571,10772011.492425345,0.792436486909863,0.8782608235679737,13582666.151718095,10772011.492425343,0.793070474684587,0.8789634749909697,1.000800048691847,0.06339877747240097,0.07026514229959702,-1.862645149230957e-9
01051022,6804427.198824078,5454495.792725107,0.8016098392040608,0.8016098392040608,6798996.813680679,5454495.792725107,0.8022500880938466,0.8022500880938466,1.0007987038812067,0.0640248889785755,0.0640248889785755,0
01061050,8537781.395210117,7279371.928957942,0.8526069703590478,0.8526069703590478,8531272.58562138,7279371.928957942,0.8532574543716499,0.8532574543716499,1.0007629353678966,0.06504840126021483,0.06504840126021483,0
01056027,16612298.931134848,14460266.958837304,0.8704554991925774,0.908274906154917,16599690.141962444,14460266.958837304,0.8711166795989232,0.9089648134185075,1.0007595797912232,0.06611804063458848,0.06899072635905279,0
03352008,22999154.749539085,19049955.561736364,0.8282893771180063,0.8750710387180675,22980760.30528494,19049955.561736364,0.8289523631363668,0.8757714700887569,1.0008004280106395,0.06629860183604563,0.0700431370689425,0
01056019,13858594.472800285,12359772.34672478,0.8918489079814563,0.9004114759849295,13848008.610910298,12359772.34672478,0.8925306658884516,0.9010997793935096,1.0007644320701568,0.06817579069953172,0.06883034085800599,0
03352004,25562975.4772714,21876029.43127521,0.8557700746036261,0.8745478545452605,25542530.37904467,21876029.43127521,0.8564550616810662,0.8752478719877307,1.0008004335484124,0.068498707744013565,0.07000174424701688,0
01061057,1591606.052116223,1409010.6890360934,0.8852760311904143,0.8852760311904143,1590372.9546691887,1409010.6890360934,0.8859624309501539,0.8859624309501539,1.0007753511171162,0.06863997597396088,0.06863997597396088,0
03359020,2590811.678527903,2349278.3017563624,0.9067730862982756,0.9852599743441308,2588844.4192941617,2349278.3017563624,0.9074621418914327,0.9860086720131443,1.0007598985937816,0.06890555931571285,0.07486976690135316,0
01051011,49858782.29993694,43225802.40778954,0.8669646632714536,0.8806603307483096,49819003.98502033,43225802.40778954,0.8676568969702155,0.8813634998438139,1.0007984566477597,0.06922336987619238,0.07031690955042746,0
03352045,10529560.677544711,9208663.370178515,0.8745534265087493,0.9161305898042328,10521142.056641445,9208663.370178517,0.8752532111630953,0.9168636429359107,1.0008001622692617,0.06997846543459474,0.07330531316779298,1.862645149230957e-9
01056020,17828832.385785304,16420225.486458538,0.9209927566288733,0.9209927566288733,17815283.524139255,16420225.486458538,0.9216931891209899,0.9216931891209899,1.0007605190019957,0.07004324921165983,0.07004324921165983,0
03359015,19644677.689214565,17509763.291050352,0.891323521213263,0.891323521213263,19629177.4223999,17509763.291050352,0.8920273587760752,0.8920273587760752,1.0007896544252015,0.07038375628122262,0.07038375628122262,0
03359039,8598347.444381874,7940848.504637074,0.9235319409924044,0.9486081080385576,8591791.077775855,7940848.504637074,0.9242366850815826,0.9493319876656857,1.0007630966054306,0.07047440891781998,0.07238796271281656,0
03359013,106998212.644495,96044438.290419,0.8976265669925696,0.9166580393062256,106914216.90756306,96044438.29041901,0.8983317754032474,0.9173781995407871,1.000785636740945,0.07052084106777823,0.07201602345615621,1.4901161193847656e-8
01061055,3548555.553975174,3237714.9662101474,0.9124036292973304,0.9124036292973304,3545808.7927399576,3237714.9662101474,0.9131104228855679,0.9131104228855679,1.0007746501280161,0.07067935882374421,0.07067935882374421,0
01061092,9864993.32357549,9167874.458588216,0.9293340763524602,0.9293340763524602,9857483.889929313,9167874.458588215,0.9300420432798654,0.9300420432798654,1.0007618002453798,0.0707966927405157,0.0707966927405157,-1.862645149230957e-9
03359018,26113073.06536835,23526432.741288096,0.9009446219675038,0.91584173646756,26092407.30783692,23526432.741288096,0.9016581898222121,0.916567103162925,1.0007920218816002,0.07135678547083302,0.07253666953650484,0
03359028,53187289.75906349,50987431.209118165,0.9586393937365374,0.9587129968134488,53147595.539435685,50987431.209118165,0.959355370484923,0.9594290285335915,1.000746867647067,0.07159767483856383,0.07160317201426736,0
01056037,8692777.980512053,8325736.527350081,0.9577762765844444,0.970892662409952,8686162.934733266,8325736.527350081,0.9585056819574553,0.9716320567151691,1.0007615613278833,0.07294053730109162,0.07393943052170782,0
01061020,8893601.009232275,8190298.882005378,0.9209204318366864,0.9242963262991511,8886535.238290718,8190298.882005378,0.921652664664473,0.9250312433335891,1.0007951097646146,0.07322328277866719,0.07349170344379541,0
01061074,14980985.703895424,14316290.874654138,0.9556307680696572,0.9556307680696572,14969481.54662961,14316290.874654138,0.956365177381675,0.956365177381675,1.0007685073948607,0.07344093120178474,0.07344093120178474,0
01061113,2758078.2947691735,2577936.6852248446,0.9346858245880924,0.9346858245880924,2755912.6525660716,2577936.6852248446,0.9354203163240639,0.9354203163240639,1.0007858167061592,0.07344917359715097,0.07344917359715097,0
03359040,27646661.21535302,25755959.73786885,0.9316119417546808,0.9392137917166248,27624832.21567756,25755959.73786885,0.9323480966972862,0.9399559536017903,1.0007901948328604,0.07361549426054825,0.07421618851655154,0
01056033,11794495.023722433,11422093.808273714,0.9684258448793523,0.9684258448793523,11785529.117236823,11422093.808273714,0.9691625801991725,0.9691625801991725,1.0007607555330287,0.07367353198201032,0.07367353198201032,0
03359019,12350347.572480025,11492397.366938056,0.930532302794966,0.930532302794966,12340566.848252848,11492397.366938056,0.9312698118535071,0.9312698118535071,1.0007925668526776,0.0737509058541086,0.0737509058541086,0
01061004,6308005.038218986,6108130.5129418615,0.9683141462211708,0.9683141462211708,6303190.452100348,6108130.5129418615,0.9690537767118415,0.9690537767118415,1.0007638331976838,0.07396304906706064,0.07396304906706064,0
01061104,9143939.494940234,8805317.529913245,0.9629676065535686,0.9629676065535686,9136918.75002405,8805317.529913245,0.9637075441751156,0.9637075441751156,1.0007683930554998,0.07399376215470044,0.07399376215470044,0
03359026,17721634.14104016,17107700.319000557,0.9653568165805972,0.9867431517781036,17708013.179927923,17107700.319000557,0.9660993667201568,0.9875021522352171,1.0007691975928545,0.07425501395595946,0.07590004571135234,0
01061060,3061379.4350277036,2858836.4473132803,0.933839306099412,0.933839306099412,3058946.5437029824,2858836.4473132803,0.9345820224280675,0.9345820224280675,1.000795336332284,0.07427163286555238,0.07427163286555238,0
03359030,30119374.190375984,28112996.793105382,0.9333858205489644,0.9471674943508244,30095423.4804926,28112996.793105386,0.9341286329241324,0.9479212745354718,1.0007958256476739,0.07428123751680449,0.07537801846474457,3.725290298461914e-9
03359004,58492807.81124808,54557874.49124826,0.9327279119050405,0.9487326308469928,58446108.6453896,54557874.49124826,0.9334731730775705,0.9494906799885036,1.000799012405459,0.07452611725300429,0.0758049141510786,0
01061110,17447722.674192406,16587961.469760016,0.9507235860812888,0.9507235860812888,17434047.597677477,16587961.469760017,0.9514693232780795,0.9514693232780795,1.0007843890776547,0.07457371967907189,0.07457371967907189,1.862645149230957e-9
01056042,12680443.623905033,12413371.294607116,0.9789382503310504,0.9789382503310504,12670789.436255295,12413371.294607116,0.9796841275799579,0.9796841275799579,1.0007619247165542,0.07458772489075116,0.07458772489075116,0
01051021,7534255.303305844,7033846.437733978,0.933582172965084,0.933582172965084,7528229.912736982,7033846.437733978,0.934329386757097,0.934329386757097,1.0008003728152175,0.0747213792013035,0.0747213792013035,0
01051077,9766139.134465128,9127950.02701584,0.9346528757513712,0.9346528757513712,9758328.396937579,9127950.027015839,0.93540098833735,0.93540098833735,1.0008004175725425,0.0748112585978733,0.0748112585978733,-1.862645149230957e-9
01061015,13873937.828345845,13353429.237465732,0.9624829952879952,0.9624829952879952,13863126.116998915,13353429.237465732,0.9632336260067493,0.9632336260067493,1.0007798898499287,0.07506307187541417,0.07506307187541417,0
03352042,32490031.47225393,30570154.721277583,0.9409087444985736,0.9409087444985736,32464128.553422045,30570154.721277583,0.941659489518476,0.941659489518476,1.0007978935516246,0.07507450199023546,0.07507450199023546,0
03359032,6946955.462477503,6918808.653783478,0.9959483245795868,0.9983274366478204,6941695.411593951,6918808.653783478,0.9967030017231456,0.9990839165571005,1.0007577472896272,0.07546771435588129,0.07564799092800722,0
03359033,8158411.745097326,8141063.184835243,0.9978735370554804,0.999999945184996,8152226.686350301,8141063.184835243,0.9986306193455403,1.0007586407716076,1.0007586956281995,0.0757082290059885,0.07586955866115686,0
03359021,9230903.761117129,9181188.477311466,0.9946142560802036,0.9999998716434404,9223870.486279769,9181188.477311466,0.9953726573858782,1.0007623795239506,1.000762507978383,0.07584013056746164,0.07625078805102437,0
01061039,7392725.059782365,7195217.35223954,0.973283504263225,0.973283504263225,7386965.988380481,7195217.35223954,0.9740423014749822,0.9740423014749822,1.000779626088836,0.07587972117572006,0.07587972117572006,0
01061118,25551385.45768422,25169108.01959276,0.9850388763175074,0.9894793151343518,25531602.062536076,25169108.019592762,0.9858021426914207,0.9902460222228562,1.0007748591373031,0.07632663739133294,0.07667070885043481,3.725290298461914e-9
03352044,47887886.32496057,45972869.6688984,0.9600104159313458,0.9600104159313458,47849840.1291706,45972869.6688984,0.9607737360207409,0.9607737360207409,1.000795116466163,0.07633200893950587,0.07633200893950587,0
01061012,6817268.927033406,6680401.833366765,0.979923471535074,0.9871409265145594,6811958.584425703,6680401.833366765,0.9806873824277619,0.9879104638593493,1.0007795617870967,0.07639108926879024,0.07695373447899057,0
01061006,14423782.39802058,14194058.32092658,0.9840732430124898,0.9840732430124898,14412558.097565915,14194058.320926579,0.9848396256125942,0.9848396256125942,1.0007787861376642,0.07663826001044205,0.07663826001044205,-1.862645149230957e-9
01061073,14564392.080184542,14491030.674645811,0.994962961369425,0.994962961369425,14553179.083359554,14491030.674645811,0.9957295647667247,0.9957295647667247,1.000770484356769,0.07666033972997255,0.07666033972997255,0
01061101,19092467.343903963,19072450.70399476,0.9989515949118232,0.9989515949118232,19077815.414614964,19072450.703994762,0.999718798483809,0.999718798483809,1.0007680087562738,0.07672035719857861,0.07672035719857861,3.725290298461914e-9
01061007,13774586.588365396,13504383.056872277,0.9803839099083128,0.9803839099083128,13763809.553679705,13504383.056872277,0.9811515485014778,0.9811515485014778,1.0007829979515235,0.07676385931649765,0.07676385931649765,0
01061095,10915797.84754666,10588177.309900455,0.969986569720157,0.9807464523480812,10907148.485725671,10588177.309900457,0.9707557684538122,0.9815241836618256,1.0007929993648026,0.07691987336552186,0.07777313137443675,1.862645149230957e-9
01051073,1294302.9311523372,1244262.866879066,0.9613382129725072,0.9613382129725072,1293267.715960469,1244262.866879066,0.9621077303046967,0.9621077303046967,1.0008004647290676,0.076951733218944,0.076951733218944,0
01061030,9389174.040083207,9373084.869687296,0.998286412593139,0.998286412593139,9381940.665316354,9373084.869687296,0.9990560806186084,0.9990560806186084,1.0007709891828238,0.07696680254694055,0.07696680254694055,0
01061037,12557003.167572334,12516400.568552896,0.9967665374868828,0.9967665374868828,12547301.271520017,12516400.568552896,0.9975372630099144,0.9975372630099144,1.0007732257194095,0.07707255230315901,0.07707255230315901,0
01061102,7213693.931522623,7112086.809227636,0.9859146890262448,0.9859146890262448,7208056.0397156,7112086.809227636,0.9866858373520982,0.9866858373520982,1.000782165368299,0.07711483258534546,0.07711483258534546,0
03359035,37754544.68789787,36711805.29924544,0.9723810895543212,0.9723810895543212,37724566.297466196,36711805.29924544,0.9731538067201377,0.9731538067201377,1.0007946649457886,0.07727171658165055,0.07727171658165055,0
01061027,4951910.692648098,4921887.124795372,0.9939369730764124,0.9939369730764124,4948062.574385632,4921887.124795372,0.9947099598687855,0.9947099598687855,1.000777702020663,0.07729867923731426,0.07729867923731426,0
01061054,5463125.091281552,5438631.2635325985,0.9955165171326495,0.9955165171326495,5458884.746939462,5438631.2635325985,0.996289812966244,0.996289812966244,1.0007767785067212,0.07732958335944229,0.07732958335944229,0
01061026,7144959.6955476925,7138551.353399338,0.9991030961095068,0.9991030961095068,7139433.837334432,7138551.353399338,0.9998763930088576,0.9998763930088576,1.0007739910949751,0.077329689935079493,0.077329689935079493,0
03357038,1235019.7513691783,1478.9301130961826,0.00119749511006329,0.00119749511006329,24523659.21658419,48384.55014819896,0.0019729743314765512,0.0019729743314765512,0.050360337356751106,0.07754792214132611,0.07754792214132611,46905.62003510278
01061025,15576641.335683834,15255158.75446731,0.9793612387748794,0.9793612387748794,15564303.833381223,15255158.75446731,0.9801375582086184,0.9801375582086184,1.000792679353647,0.07763194337390145,0.07763194337390145,0
01061010,2887204.766797483,2877203.572125467,0.996536028622899,0.996536028622899,2884956.648364786,2877203.572125467,0.9973125848377259,0.9973125848377259,1.000779255533691,0.07765562148268623,0.07765562148268623,0
01061008,1806392.1699555144,1796384.2660372076,0.9944597280232048,0.9944597280232048,1804980.1532210521,1796384.2660372076,0.9952376832684254,0.9952376832684254,1.000782289340934,0.07779552452206184,0.07779552452206184,0
01061018,13457411.511106566,13264990.553348452,0.9857014881651418,0.9857014881651418,13446795.435945112,13264990.553348452,0.9864796870404772,0.9864796870404772,1.0007894873698364,0.07781988753353675,0.07781988753353675,0
01051003,9022409.02673614,8841152.509368146,0.9799104078710158,0.9799104078710158,9015229.290474847,8841152.509368146,0.9806908093518348,0.9806908093518348,1.0007964008490475,0.07804014808190374,0.07804014808190374,0
01061059,1778971.6441342682,1778971.4234365602,0.9999998759408512,0.9999998759408512,1777580.5175996497,1778971.4234365602,1.0007824713553841,1.0007824713553841,1.000782595511621,0.07825954145329606,0.07825954145329606,0
01061070,4684488.362431735,4684052.372784418,0.999906929078784,0.999906929078784,4680819.072597697,4684052.372784418,1.0006907552153956,1.0006907552153956,1.0007838990948226,0.07838261366116539,0.07838261366116539,0
01061062,3976886.517002115,3976886.4546378073,0.9999999843183084,0.9999999843183084,3973769.8104080707,3976886.4546378073,1.0007843041691982,1.0007843041691982,1.0007843198631892,0.07843198508897808,0.07843198508897808,0
01051076,10481785.314811677,10283964.561797416,0.9811271890166724,0.9811271890166724,10473403.633893961,10283964.561797416,0.9819123678683133,0.9819123678683133,1.0008002824306885,0.07851788516408664,0.07851788516408664,0
01051103,5892558.023501109,5782876.713106979,0.9813864691774452,0.9813864691774452,5887846.1293954775,5782876.713106979,0.9821718479081116,0.9821718479081116,1.0008002746678633,0.07853787306664195,0.07853787306664195,0
01061023,16427195.179507377,16406283.312936949,0.9987269971323824,0.9987269971323824,16414283.396460213,16406283.312936949,0.9995126145120055,0.9995126145120055,1.0007866187475445,0.07856173796230159,0.07856173796230159,0
01061077,19775825.368098818,19745799.95125189,0.998481711064492,0.998481711064492,19760226.625098795,19745799.95125189,0.9992699135429661,0.9992699135429661,1.0007894010173046,0.07882024784741093,0.07882024784741093,0
01061119,19424968.68002541,19424967.09932051,0.9999999186250992,0.9999999186250992,19409666.285051152,19424967.09932051,1.0007883089819603,1.0007883089819603,1.0007883904210164,0.07883903568610684,0.07883903568610684,0
01061106,6207260.511938371,6205218.3647081945,0.9996710066822152,0.9996710066822152,6202368.1675856095,6205218.3647081945,1.0004595336886772,1.0004595336886772,1.0007887865119536,0.07885270064620364,0.07885270064620364,0
01061002,3020344.4797404734,3009862.03545196,0.996529387836776,0.996529387836776,3017954.6879801042,3009862.03545196,0.9973184976698372,0.9973184976698372,1.0007918580652941,0.07891098330611301,0.07891098330611301,0
01061063,7477873.405361168,7477872.465073463,0.9999998742573384,0.9999998742573384,7471946.212688744,7477872.465073463,1.0007931337051992,1.0007931337051992,1.0007932595476074,0.07932594478607946,0.07932594478607946,0
01051057,13229187.700911168,13132890.910302984,0.9927208840946788,0.9927208840946788,13218612.582973186,13132890.910302985,0.993515077915165,0.993515077915165,1.000800017238693,0.07941938204861776,0.07941938204861776,1.862645149230957e-9
01051024,9430113.660749562,9417668.191284902,0.9986802418388168,0.9986802418388168,9422591.509592954,9417668.191284902,0.9994774984882833,0.9994774984882833,1.0007983102259024,0.07972566494665045,0.07972566494665045,0
01051090,4811046.791946799,4811046.553594205,0.999999950457228,0.999999950457228,4807202.395817772,4811046.553594205,1.00079966630483,1.00079966630483,1.000799715887222,0.07997158476019672,0.07997158476019672,0
01058158,7266262.169202912,21257.26569311751,0.00292547463855813,0.00998276032171324,7595935.643578419,29052.065234823243,0.0038246855421140607,0.010575675858905302,0.9565987009573715,0.08992109035559306,0.05929155371920628,7794.799541705732
01058075,4929022.675857492,36002.007739108936,0.00730408645012892,0.00730408645012892,8835364.60918665,81246.64294270858,0.009195618577894528,0.009195618577894528,0.5578742806756947,0.18915321277656083,0.18915321277656083,45244.635203599646
