AGS,mun_name,municipality_area_m2,class_code,class_name,class_slug,thesis_group,total_area_m2,total_share_of_municipality
13076075,Kreien,25035627.882163573,1,Artificial Land,artificial_land,artificial,303671.1275477667,0.012129559081844108
13076079,Kuhstorf,15091729.821307696,1,Artificial Land,artificial_land,artificial,426077.7228033956,0.02823253052157251
14521150,Drebach,33008113.855999652,1,Artificial Land,artificial_land,artificial,2003711.2619054534,0.060703597625928966
15083245,Gröningen,59726899.683835134,1,Artificial Land,artificial_land,artificial,2425055.6640711534,0.040602403220461915
14628330,Reinhardtsdorf-Schöna,31817093.770008847,1,Artificial Land,artificial_land,artificial,767712.3762010541,0.024128928360034833
13076067,Karenz,6848559.861875899,1,Artificial Land,artificial_land,artificial,145676.05608708962,0.021271049538170682
16076093,Mohlsdorf-Teichwolframsdorf,51148534.17445346,1,Artificial Land,artificial_land,artificial,2058474.546571522,0.04024503497110272
16076094,Berga-Wünschendorf,62985940.27364644,1,Artificial Land,artificial_land,artificial,3565001.4767238144,0.056599956454336284
13076069,Karstädt,19717514.76181327,1,Artificial Land,artificial_land,artificial,371470.99538216885,0.01883964586153592
15084130,Elsteraue,80483183.11954002,1,Artificial Land,artificial_land,artificial,7806030.697088489,0.09698958707304546
14628320,Rathmannsdorf,4195836.411452889,1,Artificial Land,artificial_land,artificial,403352.5153832341,0.0961316113951081
14522020,Augustusburg,23353480.299974073,1,Artificial Land,artificial_land,artificial,1310118.741794546,0.05609950743812692
15002000,Halle (Saale),135858053.42722595,1,Artificial Land,artificial_land,artificial,51591001.087442376,0.37974194231391467
15083270,Haldensleben,156410219.9081429,1,Artificial Land,artificial_land,artificial,11691290.75259626,0.07474761405912196
12061260,Königs Wusterhausen,95986510.3169408,1,Artificial Land,artificial_land,artificial,15631087.9010973,0.16284671512157836
15084150,Gleina,29877869.66065514,1,Artificial Land,artificial_land,artificial,801617.9186983862,0.02682982179797115
12072312,Nuthe-Urstromtal,341614674.8878322,1,Artificial Land,artificial_land,artificial,12085929.744663997,0.03537883654627062
15084135,Freyburg (Unstrut),46843268.74310584,1,Artificial Land,artificial_land,artificial,2604947.995067228,0.05560986807630949
12062124,Elsterwerda,40441722.63077532,1,Artificial Land,artificial_land,artificial,5620897.918452278,0.13898759876699443
12062128,Falkenberg/Elster,82069829.47278139,1,Artificial Land,artificial_land,artificial,4462457.478317728,0.054373909474220494
12067397,Ragow-Merz,43897070.919061154,1,Artificial Land,artificial_land,artificial,381508.19481355,0.008690971557464214
12066064,Frauendorf,20849051.531904455,1,Artificial Land,artificial_land,artificial,478987.4913890624,0.02297406626177154
12061265,Krausnick-Groß Wasserburg,54774429.42453899,1,Artificial Land,artificial_land,artificial,1248857.2658719956,0.02280000502045406
15084170,Goseck,14467892.210808836,1,Artificial Land,artificial_land,artificial,531923.2649679903,0.036765774669692046
01058119,Oldenbüttel,8000288.08312802,1,Artificial Land,artificial_land,artificial,197543.14847788613,0.02469200439100301
14522420,Niederwiesa,16599271.8798012,1,Artificial Land,artificial_land,artificial,1540072.9310012842,0.09277954732914036
16075134,Remptendorf,97383600.17456956,1,Artificial Land,artificial_land,artificial,1968009.3869160938,0.02020883786785707
16075135,Saalburg-Ebersdorf,71996977.28873697,1,Artificial Land,artificial_land,artificial,3124523.69931067,0.04339798442898606
16075136,Rosenthal am Rennsteig,56292295.44415217,1,Artificial Land,artificial_land,artificial,2091535.9071884006,0.03715492307936567
01058124,Osterrönfeld,17906363.46134805,1,Artificial Land,artificial_land,artificial,2335050.3829001095,0.13040338357592565
16075125,Wilhelmsdorf,9420791.17988135,1,Artificial Land,artificial_land,artificial,165735.38730411348,0.017592512575594615
16075127,Ziegenrück,8250127.516421139,1,Artificial Land,artificial_land,artificial,281886.00545908575,0.034167472550941415
16076003,Bad Köstritz,20159072.262280148,1,Artificial Land,artificial_land,artificial,1802398.3416509763,0.08940879412508793
14522440,Oederan,77683163.59427962,1,Artificial Land,artificial_land,artificial,2816362.8643287704,0.03625448210422985
12073572,Templin,379582812.2804865,1,Artificial Land,artificial_land,artificial,11946703.275559448,0.031473246124568005
01058140,Schacht-Audorf,6278333.662421584,1,Artificial Land,artificial_land,artificial,1738990.1312911743,0.2769827512831545
01058148,Schülp b.Rendsburg,11012699.40867108,1,Artificial Land,artificial_land,artificial,533395.2528631224,0.0484345602353536
03360002,Bad Bevensen,48140251.44442914,1,Artificial Land,artificial_land,artificial,3785478.857833623,0.07863438067421404
03360004,Bienenbüttel,99488670.05538411,1,Artificial Land,artificial_land,artificial,2885428.2002507625,0.029002580883275255
03360008,Emmendorf,11000591.927796615,1,Artificial Land,artificial_land,artificial,483965.9206973004,0.04399453446449561
12062500,Uebigau-Wahrenbrück,135901487.06611395,1,Artificial Land,artificial_land,artificial,4481944.692312465,0.03297936460498088
01058132,Rade b.Rendsburg,6537224.4244546015,1,Artificial Land,artificial_land,artificial,216801.1826437841,0.033164102770094475
01058135,Rendsburg,23814387.481500052,1,Artificial Land,artificial_land,artificial,8296875.746247789,0.3483976126907789
03359001,Agathenburg,11100004.708568253,1,Artificial Land,artificial_land,artificial,857663.1823429263,0.07726692058796009
03359004,Balje,58446108.6453896,1,Artificial Land,artificial_land,artificial,903529.9446609562,0.01545919763697098
03359007,Bliedersdorf,12401586.096952744,1,Artificial Land,artificial_land,artificial,667667.6004875095,0.05383727494756219
03359009,Burweg,16255046.295608832,1,Artificial Land,artificial_land,artificial,619293.1773657119,0.03809851821418736
03360025,Uelzen,136860915.81507882,1,Artificial Land,artificial_land,artificial,14063221.558396336,0.10275557104555706
15091241,Oranienbaum-Wörlitz,115899933.39697148,1,Artificial Land,artificial_land,artificial,5489320.504954626,0.04736258549996772
02000000,Hamburg,742109107.0919194,1,Artificial Land,artificial_land,artificial,253998037.2797342,0.3422650858915728
15089365,Wolmirsleben,16869354.158058494,1,Artificial Land,artificial_land,artificial,911760.2448577794,0.054048319592735046
01058158,Tackesdorf,7595935.643578419,1,Artificial Land,artificial_land,artificial,34683.88698299417,0.004566111221902705
03360012,Jelmstorf,13955288.939884534,1,Artificial Land,artificial_land,artificial,349098.5154432137,0.025015498922812136
12065144,Hohen Neuendorf,49014227.56596513,1,Artificial Land,artificial_land,artificial,9204687.29981604,0.18779623299026874
13071110,Neustrelitz,139943510.287917,1,Artificial Land,artificial_land,artificial,8233641.355368695,0.058835463955627276
15084565,Wetterzeube,41934541.89197438,1,Artificial Land,artificial_land,artificial,899531.4539522573,0.021450847281687214
13071119,Priepert,22199734.212614417,1,Artificial Land,artificial_land,artificial,264405.14869285794,0.011910284427757547
03359020,Grünendeich,2588844.4192941617,1,Artificial Land,artificial_land,artificial,804631.1043230909,0.31080705287901017
03359021,Guderhandviertel,9223870.486279769,1,Artificial Land,artificial_land,artificial,727248.5277716665,0.07884418247778163
03359022,Hammah,29370105.30183487,1,Artificial Land,artificial_land,artificial,1343925.5639309045,0.04575828210758727
03359023,Harsefeld,52010606.29360163,1,Artificial Land,artificial_land,artificial,4603649.603052367,0.08851366925170243
03359025,Himmelpforten,18215753.037146464,1,Artificial Land,artificial_land,artificial,1752783.526618389,0.09622350078220901
03359026,Hollern-Twielenfleth,17708013.179927923,1,Artificial Land,artificial_land,artificial,1584992.8214956776,0.0895070951998314
03359027,Horneburg,16902118.424427122,1,Artificial Land,artificial_land,artificial,1922468.2976671995,0.11374126304125451
03359028,Jork,53147595.539435685,1,Artificial Land,artificial_land,artificial,5167048.702683825,0.09722074254233869
03359029,Kranenburg,14241579.451314503,1,Artificial Land,artificial_land,artificial,381962.70065741875,0.026820248552007583
12069590,Schwielowsee,58307568.467751876,1,Artificial Land,artificial_land,artificial,5263179.275619914,0.0902657993452568
15084550,Weißenfels,113730963.2180518,1,Artificial Land,artificial_land,artificial,16596378.126711402,0.1459266470371119
12065136,Hennigsdorf,30730259.606725983,1,Artificial Land,artificial_land,artificial,7098001.322773049,0.23097759060972908
14729250,Machern,39068604.93483402,1,Artificial Land,artificial_land,artificial,2994149.864328471,0.07663825901443572
15088020,Bad Dürrenberg,36456820.25492409,1,Artificial Land,artificial_land,artificial,4729605.480203751,0.12973170581339824
03359010,Buxtehude,76262592.45658633,1,Artificial Land,artificial_land,artificial,10071153.39931383,0.13205889119291336
03359012,Dollern,11986902.817578904,1,Artificial Land,artificial_land,artificial,910492.8007520494,0.07595730228302204
03359013,Drochtersen,106914216.90756306,1,Artificial Land,artificial_land,artificial,5072280.533552067,0.04744252616971894
03359015,Engelschoff,19629177.4223999,1,Artificial Land,artificial_land,artificial,324456.7703300105,0.016529310594531364
03359016,Estorf,29452008.467342824,1,Artificial Land,artificial_land,artificial,647114.8357544607,0.021971840612228496
12068264,Kyritz,157576666.42114767,1,Artificial Land,artificial_land,artificial,4839319.023370504,0.03071088590259097
03359018,Freiburg (Elbe),26092407.30783692,1,Artificial Land,artificial_land,artificial,910759.5417494656,0.034905155779778
03359019,Großenwörden,12340566.848252848,1,Artificial Land,artificial_land,artificial,242885.09148887344,0.019681842372035012
13071137,Sietow,18847417.38042587,1,Artificial Land,artificial_land,artificial,339707.53780449886,0.018024089505085442
13071138,Silz,10677284.917102613,1,Artificial Land,artificial_land,artificial,306166.37855331885,0.028674553590202417
03352051,Steinau,36028682.80064326,1,Artificial Land,artificial_land,artificial,513921.55040119734,0.01426423367306733
03359040,Wischhafen,27624832.21567756,1,Artificial Land,artificial_land,artificial,1516398.1298569955,0.05489257339258748
03352052,Stinstedt,30437815.314012676,1,Artificial Land,artificial_land,artificial,410955.0764251456,0.013501464286628809
03352055,Wanna,54053527.13815224,1,Artificial Land,artificial_land,artificial,1241519.1647251328,0.02296832844139859
03352056,Wingst,55608496.481304646,1,Artificial Land,artificial_land,artificial,1333751.0444023013,0.023984662934569776
03352038,Neuenkirchen,19402083.724760316,1,Artificial Land,artificial_land,artificial,608196.5468421025,0.03134697053522873
03352039,Neuhaus (Oste),9842364.398027057,1,Artificial Land,artificial_land,artificial,599423.7132591485,0.06090241013422603
14730270,Schkeuditz,80324651.47217132,1,Artificial Land,artificial_land,artificial,12390874.546607304,0.15425992294408092
03352041,Nordleda,21315494.84257512,1,Artificial Land,artificial_land,artificial,588059.5819511596,0.027588361719690493
03359030,Krummendeich,30095423.4804926,1,Artificial Land,artificial_land,artificial,356939.9302556253,0.011860272725086869
03352042,Oberndorf,32464128.553422045,1,Artificial Land,artificial_land,artificial,708795.3538776026,0.021833185902748912
03352043,Odisheim,13582666.151718097,1,Artificial Land,artificial_land,artificial,374103.04404386494,0.027542681228055064
03359032,Mittelnkirchen,6941695.411593951,1,Artificial Land,artificial_land,artificial,558045.1060248549,0.08039031863783788
03352044,Osten,47849840.1291706,1,Artificial Land,artificial_land,artificial,842306.1025234528,0.017603112157734455
03359033,Neuenkirchen,8152226.686350301,1,Artificial Land,artificial_land,artificial,577224.1980407164,0.07080570993041606
03352045,Osterbruch,10521142.056641445,1,Artificial Land,artificial_land,artificial,355607.57225262973,0.03379933189174585
03359034,Nottensdorf,6984233.280373003,1,Artificial Land,artificial_land,artificial,605858.5753078911,0.08674661211710476
03352046,Otterndorf,33956318.90340103,1,Artificial Land,artificial_land,artificial,3659004.8764354656,0.10775622902013042
01051024,Eddelak,9422591.509592954,1,Artificial Land,artificial_land,artificial,720173.9232206979,0.07643055761119466
03359035,Oederquart,37724566.29746619,1,Artificial Land,artificial_land,artificial,797489.9336747043,0.021139803898243055
12065180,Leegebruch,6196386.074688744,1,Artificial Land,artificial_land,artificial,1939008.488738168,0.3129257062691285
03359038,Stade,100012094.83540148,1,Artificial Land,artificial_land,artificial,18031029.428551696,0.18028848868956215
03359039,Steinkirchen,8591791.077775855,1,Artificial Land,artificial_land,artificial,817419.498245506,0.09513959206479101
14729260,Markkleeberg,31294371.481885165,1,Artificial Land,artificial_land,artificial,7735015.0395447025,0.24716952836142236
13071156,Waren (Müritz),159864746.249927,1,Artificial Land,artificial_land,artificial,7826481.505563683,0.048956894432047156
13071159,Wesenberg,90112541.72905004,1,Artificial Land,artificial_land,artificial,2202339.8429963742,0.024439881516363827
01051034,Friedrichskoog,52644739.12260729,1,Artificial Land,artificial_land,artificial,2257909.968342639,0.04288956514883787
01051016,Burg (Dithmarschen),11374810.187515236,1,Artificial Land,artificial_land,artificial,1402777.9212563941,0.1233231938055595
03352061,Wurster Nordseeküste,181747830.48425624,1,Artificial Land,artificial_land,artificial,10073365.128051428,0.05542495391120515
03352062,Geestland,355996953.8423922,1,Artificial Land,artificial_land,artificial,14351826.481728679,0.04031446428635047
03352063,Cadenberge,30845858.23362863,1,Artificial Land,artificial_land,artificial,1842784.943847058,0.05974173031237061
01051021,Diekhusen-Fahrstedt,7528229.912736982,1,Artificial Land,artificial_land,artificial,437280.56898549286,0.058085442933359356
01051022,Dingen,6798996.813680679,1,Artificial Land,artificial_land,artificial,348299.58561731497,0.051228084842822694
01051046,Helse,11771771.888879798,1,Artificial Land,artificial_land,artificial,501486.34784664994,0.04260075310500868
13071176,Südmüritz,69521651.59671196,1,Artificial Land,artificial_land,artificial,671808.1166699845,0.009663293394798432
01051051,Hochdonn,5461761.440063529,1,Artificial Land,artificial_land,artificial,603979.8642686001,0.11058334767942096
15082301,Raguhn-Jeßnitz,97547663.79529916,1,Artificial Land,artificial_land,artificial,5442849.613598495,0.05579682179800996
12065193,Liebenwalde,142108984.33563513,1,Artificial Land,artificial_land,artificial,2979353.809856136,0.020965274108352316
12065198,Löwenberger Land,245462895.6625957,1,Artificial Land,artificial_land,artificial,6271010.414492164,0.025547691831648827
14626060,Boxberg/O.L.,217157658.1790037,1,Artificial Land,artificial_land,artificial,29469764.77440028,0.13570677185194302
12070052,Breese,23853680.377576068,1,Artificial Land,artificial_land,artificial,750414.7209224193,0.03145907503765564
15087101,Brücken-Hackpfüffel,16744209.004627198,1,Artificial Land,artificial_land,artificial,480012.09907874995,0.02866734994445545
01051072,Marne,4805804.876825534,1,Artificial Land,artificial_land,artificial,2287783.053527374,0.47604576385518277
01051073,Marnerdeich,1293267.715960469,1,Artificial Land,artificial_land,artificial,157940.56242774808,0.12212518759926719
01051076,Neufeld,10473403.63389396,1,Artificial Land,artificial_land,artificial,398543.16629843425,0.03805287948691975
16068005,Büchel,6463514.723747343,1,Artificial Land,artificial_land,artificial,137430.616601916,0.021262520853706363
01051077,Neufelderkoog,9758328.39693758,1,Artificial Land,artificial_land,artificial,202786.89314375175,0.020780904771291728
01051057,Kaiser-Wilhelm-Koog,13218612.582973186,1,Artificial Land,artificial_land,artificial,333076.3093173892,0.025197524114325187
16068009,Elxleben,12182387.021896468,1,Artificial Land,artificial_land,artificial,1715979.3701215698,0.14085740069144825
12062024,Bad Liebenwerda,139221533.97102642,1,Artificial Land,artificial_land,artificial,7011964.029430746,0.05036551336153224
12069537,Rosenau,49729511.31494759,1,Artificial Land,artificial_land,artificial,925324.6355958178,0.018607153199948816
03355042,Wittorf,12084300.577132616,1,Artificial Land,artificial_land,artificial,827613.0529111078,0.0684866325219697
01051062,Kronprinzenkoog,28357505.18953096,1,Artificial Land,artificial_land,artificial,722325.6140040086,0.02547211431951627
16068014,Gebesee,23929036.68319125,1,Artificial Land,artificial_land,artificial,1053200.5769234984,0.044013496693049506
01051064,Kuden,11394487.396027938,1,Artificial Land,artificial_land,artificial,353746.3281804079,0.031045392029107173
03355049,Amt Neuhaus,237864004.5582604,1,Artificial Land,artificial_land,artificial,4096115.767386475,0.017220410355881344
14524150,Langenweißbach,22731716.17384742,1,Artificial Land,artificial_land,artificial,842731.5481983334,0.037072939929097236
14628270,Pirna,53425302.548493326,1,Artificial Land,artificial_land,artificial,12543504.72622544,0.2347858435586751
12069541,Roskow,39287218.17786935,1,Artificial Land,artificial_land,artificial,951848.3602662995,0.024227939885101857
15087125,Edersleben,9134917.8716069,1,Artificial Land,artificial_land,artificial,685450.6742689528,0.07503632587649932
12070060,Cumlosen,22136539.600718543,1,Artificial Land,artificial_land,artificial,750636.543637097,0.033909389506060456
01051090,Ramhusen,4807202.395817772,1,Artificial Land,artificial_land,artificial,154386.95728371583,0.03211575976456312
03355032,Rullstorf,22705490.788275145,1,Artificial Land,artificial_land,artificial,755737.7012943102,0.03328435876332453
03355033,Scharnebeck,27037799.21691025,1,Artificial Land,artificial_land,artificial,1649655.8186674865,0.06101294729771284
16068002,Andisleben,6730100.624243133,1,Artificial Land,artificial_land,artificial,374426.39614403446,0.05563459107807061
14524180,Limbach-Oberfrohna,50092485.45446207,1,Artificial Land,artificial_land,artificial,6894446.412849842,0.13763434475850525
01051097,Sankt Michaelisdonn,23004753.334857874,1,Artificial Land,artificial_land,artificial,1756287.8698386964,0.07634456428522045
12071372,Spremberg,202891853.28971308,1,Artificial Land,artificial_land,artificial,23785582.090566926,0.11723281001629497
15090310,Klietz,66361888.75843367,1,Artificial Land,artificial_land,artificial,2511600.2154210266,0.03784702729850855
12072232,Luckenwalde,46648169.57139833,1,Artificial Land,artificial_land,artificial,9733414.879731689,0.20865588015911335
16068015,Griefstedt,5038003.124141913,1,Artificial Land,artificial_land,artificial,128650.12819033333,0.02553593656459778
15089305,Schönebeck (Elbe),86651504.83816189,1,Artificial Land,artificial_land,artificial,13360871.917850807,0.1541908815410046
12072240,Ludwigsfelde,110371846.037488,1,Artificial Land,artificial_land,artificial,12524623.390814727,0.11347661419526059
15087165,Gerbstedt,102354651.5951092,1,Artificial Land,artificial_land,artificial,4594530.930546869,0.04488834516990734
12065100,Gransee,121765707.25394532,1,Artificial Land,artificial_land,artificial,3808673.5460387804,0.031278704258627596
15089310,Staßfurt,147453642.098848,1,Artificial Land,artificial_land,artificial,15939148.130048767,0.10809599480332738
16068049,Schwerstedt,12696792.66930464,1,Artificial Land,artificial_land,artificial,289608.50788188825,0.02280957998015015
14625120,Elsterheide,127662995.54836445,1,Artificial Land,artificial_land,artificial,15220386.82888375,0.11922316849534983
16068051,Sömmerda,87917087.60362361,1,Artificial Land,artificial_land,artificial,8185740.442275511,0.09310750236838061
01002000,Kiel,112723309.79272144,1,Artificial Land,artificial_land,artificial,40018455.16365601,0.35501490541080627
16068053,Straußfurt,21957904.249343578,1,Artificial Land,artificial_land,artificial,1418745.1029961617,0.06461204525193129
16068057,Walschleben,16861722.674348123,1,Artificial Land,artificial_land,artificial,896118.3803789512,0.05314512625345354
16068058,Weißensee,55402086.43048872,1,Artificial Land,artificial_land,artificial,2143353.0265029585,0.03868722578150838
12061192,Groß Köris,69088656.33213338,1,Artificial Land,artificial_land,artificial,2941860.982425771,0.042580955233565615
03352004,Belum,25542530.37904467,1,Artificial Land,artificial_land,artificial,605586.6809273711,0.023708954122423208
03352008,Bülkau,22980760.30528494,1,Artificial Land,artificial_land,artificial,707668.0733288731,0.030793936489826625
12051000,Brandenburg an der Havel,229676220.47988737,1,Artificial Land,artificial_land,artificial,29555045.915405516,0.12868134913424195
16068044,Riethnordhausen,12507221.29377836,1,Artificial Land,artificial_land,artificial,530900.7603122297,0.04244753873318952
16068045,Ringleben,6612685.463937223,1,Artificial Land,artificial_land,artificial,271652.5503513056,0.041080518925750084
03352011,Cuxhaven,161968595.94766963,1,Artificial Land,artificial_land,artificial,20925504.126042135,0.12919482325328638
14522330,Lichtenau,49149615.820938915,1,Artificial Land,artificial_land,artificial,3803611.4903278244,0.077388427697687
16075062,Bad Lobenstein,49171760.81963101,1,Artificial Land,artificial_land,artificial,2365344.6536164363,0.04810372079805838
16068059,Werningshausen,12699180.881688392,1,Artificial Land,artificial_land,artificial,279309.40124868386,0.021994284816545497
03352002,Armstorf,39634923.870285094,1,Artificial Land,artificial_land,artificial,634997.3739346317,0.01602115790641644
16075046,Hirschberg,24263319.632687926,1,Artificial Land,artificial_land,artificial,1268627.58400278,0.05228582086903166
03352029,Lamstedt,52748696.2280303,1,Artificial Land,artificial_land,artificial,2009691.3340767885,0.038099355581965116
14522360,Mittweida,41127840.98173508,1,Artificial Land,artificial_land,artificial,4797295.812709943,0.11664351199082947
16068062,Wundersleben,6943238.073568635,1,Artificial Land,artificial_land,artificial,306622.10660597385,0.044161254929917515
16068064,Kindelbrück,64497659.140878424,1,Artificial Land,artificial_land,artificial,2050696.9117417189,0.031794904482696076
16071101,Ilmtal-Weinstraße,84670578.55677061,1,Artificial Land,artificial_land,artificial,3289122.3488797005,0.038846106935178
16075079,Paska,6513323.312807415,1,Artificial Land,artificial_land,artificial,96807.84555995312,0.014863049308422305
03352036,Mittelstenahe,33789268.79522018,1,Artificial Land,artificial_land,artificial,627426.4333445344,0.018568807663375358
14625160,Großdubrau,54384025.184921,1,Artificial Land,artificial_land,artificial,2844589.9749385007,0.052305616681849014
14522350,Lunzenau,28121157.817220245,1,Artificial Land,artificial_land,artificial,1616138.6298505072,0.057470557946261026
15091145,Jessen (Elster),354368138.6270962,1,Artificial Land,artificial_land,artificial,13998691.717167525,0.039503245893949955
03352020,Hechthausen,30700812.16132706,1,Artificial Land,artificial_land,artificial,1421361.0130568785,0.046297179553032364
03352022,Hemmoor,45136113.48845031,1,Artificial Land,artificial_land,artificial,3729307.91557964,0.0826235939993796
03352024,Hollnseth,20900774.153643504,1,Artificial Land,artificial_land,artificial,604653.3576165762,0.028929711080159716
01051003,Averlak,9015229.290474849,1,Artificial Land,artificial_land,artificial,348045.42859185307,0.03860638674599045
03352025,Ihlienworth,40263231.48540739,1,Artificial Land,artificial_land,artificial,891255.95074645,0.022135728252946314
15001000,Dessau-Roßlau,246351623.04511577,1,Artificial Land,artificial_land,artificial,29972404.868521657,0.12166514065560932
14627310,Weinböhla,19129566.25464748,1,Artificial Land,artificial_land,artificial,4821753.1810129685,0.25205763250599245
14521495,Pockau-Lengefeld,83505276.29702461,1,Artificial Land,artificial_land,artificial,2803395.911993775,0.033571482381810444
12062410,Röderland,46885908.81827827,1,Artificial Land,artificial_land,artificial,3323570.744493977,0.07088634577556269
01051010,Brickeln,6016044.624081735,1,Artificial Land,artificial_land,artificial,141871.45412751863,0.023582181149325056
01051011,Brunsbüttel,49819003.98502033,1,Artificial Land,artificial_land,artificial,8027947.715175249,0.16114227650133484
01051012,Buchholz,14556561.416269422,1,Artificial Land,artificial_land,artificial,568107.9027745053,0.03902761693015966
12070008,Bad Wilsnack,79705672.07947846,1,Artificial Land,artificial_land,artificial,1694086.9069074276,0.02125428294761971
15091160,Kemberg,237161020.8747511,1,Artificial Land,artificial_land,artificial,6983114.175271696,0.029444611722090713
16064003,Bad Langensalza,128346753.40334764,1,Artificial Land,artificial_land,artificial,7473064.702306175,0.05822558424069382
16064004,Bad Tennstedt,27487298.077159584,1,Artificial Land,artificial_land,artificial,1338422.8993108503,0.04869241405807744
16064005,Ballhausen,14758485.728867829,1,Artificial Land,artificial_land,artificial,444314.83546798094,0.030105719762217487
01058075,Hörsten,8835364.60918665,1,Artificial Land,artificial_land,artificial,105136.4321155218,0.011899501239168473
12061572,Zeuthen,13420943.976093616,1,Artificial Land,artificial_land,artificial,4001632.769692411,0.29816328693573396
15083120,Burgstall,117254993.91869847,1,Artificial Land,artificial_land,artificial,3952901.2868706947,0.03371200794749546
12071301,Neuhausen/Spree,135095830.3552456,1,Artificial Land,artificial_land,artificial,8428735.204666467,0.06239078721010423
12061112,Eichwalde,2832709.8299547434,1,Artificial Land,artificial_land,artificial,1739446.2681700499,0.6140573417637486
15083125,Calvörde,122650835.84860626,1,Artificial Land,artificial_land,artificial,3454536.024935903,0.028165613393780705
14521035,Aue-Bad Schlema,36185659.69923068,1,Artificial Land,artificial_land,artificial,5593936.553423609,0.1545898734448812
14628210,Königstein/Sächs.Schw.,27282672.13891542,1,Artificial Land,artificial_land,artificial,1579649.575799884,0.05789937172417601
14730180,Löbnitz,37284402.757531345,1,Artificial Land,artificial_land,artificial,2348785.986141662,0.06299647607114248
16075098,Schleiz,108245226.3545657,1,Artificial Land,artificial_land,artificial,5048554.6495566005,0.04663997498623787
14627360,Zeithain,81605776.3716208,1,Artificial Land,artificial_land,artificial,4865213.324086798,0.059618491979432024
12062464,Schraden,16551361.52234092,1,Artificial Land,artificial_land,artificial,423929.43660204735,0.02561296459084832
16053000,Jena,114776189.22505067,1,Artificial Land,artificial_land,artificial,20102442.196371477,0.17514470842863622
16064022,Herbsleben,25017104.631884605,1,Artificial Land,artificial_land,artificial,1449179.3175802773,0.05792753953362295
03355003,Artlenburg,11787911.580612302,1,Artificial Land,artificial_land,artificial,706330.6762783603,0.05991991638621294
03355004,Bardowick,23127933.12518663,1,Artificial Land,artificial_land,artificial,3620712.4988838574,0.15655149464873075
12062453,Schönborn,38929792.26194864,1,Artificial Land,artificial_land,artificial,1414263.4320250817,0.0363285635461105
15084025,Balgstädt,32848242.337743822,1,Artificial Land,artificial_land,artificial,775750.3675051138,0.02361619107436225
01061101,Sommerland,19077815.414614964,1,Artificial Land,artificial_land,artificial,463572.18165662617,0.0242990180784272
16064019,Großvargula,15214475.91359024,1,Artificial Land,artificial_land,artificial,378851.81550667144,0.024900747002942397
12067288,Langewahl,13380797.535019713,1,Artificial Land,artificial_land,artificial,785626.0381331574,0.058712945628020076
01061102,Stördorf,7208056.0397156,1,Artificial Land,artificial_land,artificial,151451.77321916213,0.02101145889885975
01061103,Störkathen,2005973.5893690065,1,Artificial Land,artificial_land,artificial,56109.32656933747,0.02797111929424109
01061104,Süderau,9136918.75002405,1,Artificial Land,artificial_land,artificial,445692.45718586416,0.04877929522845883
01061105,Vaale,14927650.039076356,1,Artificial Land,artificial_land,artificial,619693.1271719186,0.041513106587422514
03355018,Hittbergen,14690458.487502694,1,Artificial Land,artificial_land,artificial,497371.33968395693,0.03385676084290189
01061106,Vaalermoor,6202368.1675856095,1,Artificial Land,artificial_land,artificial,61075.017705003134,0.009847048104011174
03355019,Hohnstorf (Elbe),10232542.832744556,1,Artificial Land,artificial_land,artificial,976597.7528438739,0.09544037770540488
01061109,Westermoor,9361103.215152033,1,Artificial Land,artificial_land,artificial,207363.331387576,0.022151591176981615
12062461,Schönewalde,156495738.43898296,1,Artificial Land,artificial_land,artificial,5275754.167177032,0.03371180723386935
03355021,Lüdersburg,19123323.277192023,1,Artificial Land,artificial_land,artificial,377363.05769039725,0.01973313174810312
03355022,Lüneburg,71033121.37965915,1,Artificial Land,artificial_land,artificial,20463425.757583,0.2880828740188637
01061110,Wewelsfleth,17434047.597677477,1,Artificial Land,artificial_land,artificial,744274.8469755375,0.04269088074961365
03355024,Melbeck,16191367.481679091,1,Artificial Land,artificial_land,artificial,1319983.2760958818,0.08152389089985597
03355026,Neetze,26931703.774280805,1,Artificial Land,artificial_land,artificial,1284386.180195034,0.04769049113861096
12071341,Schmogrow-Fehrow,30425558.583853245,1,Artificial Land,artificial_land,artificial,1418129.6594010005,0.046609815083348966
03355028,Radbruch,22502434.334318295,1,Artificial Land,artificial_land,artificial,1092564.481301607,0.048553168295900555
03355007,Barum,9859128.19252681,1,Artificial Land,artificial_land,artificial,736488.2008905852,0.07470114867243953
03355009,Bleckede,140428645.90070593,1,Artificial Land,artificial_land,artificial,4805789.615589761,0.034222288371190526
13071077,Klink,25077178.987248123,1,Artificial Land,artificial_land,artificial,600837.6173741049,0.023959537780530817
15085365,Wegeleben,51803398.39313342,1,Artificial Land,artificial_land,artificial,1935755.7807727326,0.037367351193494644
03355011,Brietlingen,19952780.234822452,1,Artificial Land,artificial_land,artificial,1423507.0926514433,0.07134379649844874
03355014,Deutsch Evern,11067871.539230255,1,Artificial Land,artificial_land,artificial,1240258.8575678722,0.11205938315888055
03355015,Echem,10383318.339279251,1,Artificial Land,artificial_land,artificial,548651.0268931622,0.052839661557679475
03355017,Handorf,9845690.275817502,1,Artificial Land,artificial_land,artificial,1074227.6373180419,0.10910638129217884
13071069,Jabel,79860158.60251059,1,Artificial Land,artificial_land,artificial,769770.9328402275,0.009638985776019082
01061112,Willenscharen,7589153.329741799,1,Artificial Land,artificial_land,artificial,108654.57296867257,0.014317087591689131
01061113,Wilster,2755912.6525660716,1,Artificial Land,artificial_land,artificial,1280179.6231623269,0.4645211167960394
01061114,Winseldorf,5442342.502822228,1,Artificial Land,artificial_land,artificial,144003.34865162257,0.026459810013233633
01061115,Wittenbergen,4565265.492505508,1,Artificial Land,artificial_land,artificial,100841.25291581804,0.02208880361533462
01061116,Wrist,10045281.12016296,1,Artificial Land,artificial_land,artificial,832118.6159758201,0.08283676743556591
01061117,Wulfsmoor,8798835.287076786,1,Artificial Land,artificial_land,artificial,225048.1613757831,0.025577039918717497
01061118,Kollmar,25531602.062536076,1,Artificial Land,artificial_land,artificial,896235.8011645722,0.03510299898021943
01061119,Neuendorf-Sachsenbande,19409666.285051152,1,Artificial Land,artificial_land,artificial,275388.64960330114,0.014188221763266414
14522300,Kriebstein,31209092.964952536,1,Artificial Land,artificial_land,artificial,1161357.3750302512,0.03721214763705061
01058007,Arpsdorf,12052928.258576203,1,Artificial Land,artificial_land,artificial,183190.84661987607,0.015198866423976888
16074112,Wichmar,5198804.2403446855,1,Artificial Land,artificial_land,artificial,137291.30104641887,0.026408245954134317
15090220,Hassel,20426442.347355027,1,Artificial Land,artificial_land,artificial,761701.7329593309,0.03728998520674658
12061510,Unterspreewald,26090958.937346227,1,Artificial Land,artificial_land,artificial,875975.0069093459,0.03357389082604732
13071093,Malchow,45040461.49018636,1,Artificial Land,artificial_land,artificial,3431287.9672645205,0.07618234480151022
15090225,Havelberg,150161438.5532544,1,Artificial Land,artificial_land,artificial,3864659.4563714056,0.025736697074867282
14625570,Spreetal,109091756.93335482,1,Artificial Land,artificial_land,artificial,12909015.663235914,0.11833172391862891
15091110,Gräfenhainichen,160149892.23009607,1,Artificial Land,artificial_land,artificial,6532612.949216357,0.04079061720397911
14522320,Leubsdorf,34311583.95952025,1,Artificial Land,artificial_land,artificial,1339933.4172346366,0.03905192540267009
15082241,Muldestausee,138658706.97638956,1,Artificial Land,artificial_land,artificial,7887801.885381619,0.05688645204750636
12070424,Wittenberge,50422521.378002,1,Artificial Land,artificial_land,artificial,7486230.5890076775,0.14846997699471887
14524080,Glauchau,52051737.980342254,1,Artificial Land,artificial_land,artificial,8365680.993612601,0.1607185719095867
01058024,Borgstedt,9109666.740652576,1,Artificial Land,artificial_land,artificial,778160.8897505372,0.08542144426402949
16075035,Gössitz,12742099.08847928,1,Artificial Land,artificial_land,artificial,175058.6514584264,0.013738603839355245
01058026,Bovenau,26323947.191626538,1,Artificial Land,artificial_land,artificial,526698.0919626069,0.02000832504823387
01058029,Breiholz,18562396.11933431,1,Artificial Land,artificial_land,artificial,661970.3776425698,0.03566190341951983
01058009,Aukrug,49904592.123153016,1,Artificial Land,artificial_land,artificial,1669654.2497700553,0.03345692608106553
15083557,Westheide,51253854.469688304,1,Artificial Land,artificial_land,artificial,2308863.454192053,0.04504760623530319
14522310,Leisnig,78127693.60088934,1,Artificial Land,artificial_land,artificial,3898728.2261574166,0.0499020007690722
12070416,Weisen,15519249.70929966,1,Artificial Land,artificial_land,artificial,761566.2639468445,0.04907236356216939
16075023,Eßbach,5443529.330009976,1,Artificial Land,artificial_land,artificial,132176.49286956748,0.024281396288412253
11000000,Berlin,893023743.1274061,1,Artificial Land,artificial_land,artificial,433060771.1662631,0.48493757808685617
15090245,Hohenberg-Krusemark,63950074.736398935,1,Artificial Land,artificial_land,artificial,1573974.4373629661,0.024612550397335117
12069460,Päwesin,23664940.770002447,1,Artificial Land,artificial_land,artificial,486440.04920551175,0.02055530389588469
14730120,Elsnig,37026728.72282651,1,Artificial Land,artificial_land,artificial,1235511.8585135392,0.03336810734111279
12067201,Grünheide (Mark),126594762.92223091,1,Artificial Land,artificial_land,artificial,5119814.066472257,0.04044254239503917
15089235,Nienburg (Saale),79383374.10226241,1,Artificial Land,artificial_land,artificial,5957179.528279709,0.07504316357989034
01058044,Ehndorf,14678370.184088688,1,Artificial Land,artificial_land,artificial,323501.83999527886,0.022039356954354095
15087055,Berga,25953198.57920447,1,Artificial Land,artificial_land,artificial,1619812.8421070494,0.06241284045061627
12069454,Nuthetal,48492811.13124999,1,Artificial Land,artificial_land,artificial,4110525.7207103334,0.08476567195877427
14524090,Hartenstein,36873390.54000072,1,Artificial Land,artificial_land,artificial,1462116.6479086897,0.039652351641560245
14730110,Eilenburg,46790885.02567576,1,Artificial Land,artificial_land,artificial,6503780.432353313,0.13899673897564593
15089245,Plötzkau,23962093.80644673,1,Artificial Land,artificial_land,artificial,1131613.1013644054,0.04722513443545395
15082256,Osternienburger Land,140361657.66805235,1,Artificial Land,artificial_land,artificial,6668431.892414293,0.04750892803065044
15083580,Zielitz,11433584.155043542,1,Artificial Land,artificial_land,artificial,1113012.7674980331,0.09734591991497826
01058034,Büdelsdorf,6463502.891730439,1,Artificial Land,artificial_land,artificial,3390077.574377414,0.5244954061542636
01058035,Bünsdorf,13321317.89180483,1,Artificial Land,artificial_land,artificial,360258.1473493713,0.027043731729500975
12054000,Potsdam,187155026.6169255,1,Artificial Land,artificial_land,artificial,33746986.23670354,0.18031568185330055
15083565,Wolmirstedt,54729728.17133828,1,Artificial Land,artificial_land,artificial,6081099.055113539,0.11111144268935332
15084445,Schönburg,14798621.05160239,1,Artificial Land,artificial_land,artificial,623225.4805234069,0.042113753595705745
14729100,Elstertrebnitz,11624845.86654578,1,Artificial Land,artificial_land,artificial,1663158.3751586743,0.143069284036268
14730140,Jesewitz,52617272.90102957,1,Artificial Land,artificial_land,artificial,1748714.8391437826,0.03323461560679944
12061540,Wildau,8874288.783778869,1,Artificial Land,artificial_land,artificial,3527561.7626260216,0.3975036026632331
15083115,Bülstringen,25524334.42581953,1,Artificial Land,artificial_land,artificial,1138965.2246750323,0.04462271985916681
16071015,Eberstedt,4115704.6694074017,1,Artificial Land,artificial_land,artificial,108205.77074932831,0.02629094637271636
15090285,Kamern,68271652.2899516,1,Artificial Land,artificial_land,artificial,1507869.9667337069,0.022086325966299183
12069028,Bensdorf,34343518.53523056,1,Artificial Land,artificial_land,artificial,1208802.8104002788,0.03519740731166652
14730160,Laußig,103823560.27216558,1,Artificial Land,artificial_land,artificial,2951518.684711899,0.028428216841868234
16071001,Apolda,46276500.00416577,1,Artificial Land,artificial_land,artificial,7682456.469260044,0.1660120464721506
16071003,Bad Berka,54593402.287365526,1,Artificial Land,artificial_land,artificial,2758063.277524968,0.05052008414876284
16071004,Bad Sulza,93949547.55477688,1,Artificial Land,artificial_land,artificial,4191326.759302961,0.04461252734462852
15090270,Iden,37826011.59551551,1,Artificial Land,artificial_land,artificial,680058.634327274,0.01797859741596174
16071009,Buchfart,7263662.231930096,1,Artificial Land,artificial_land,artificial,74869.54930322987,0.010307410630152
12065036,Birkenwerder,17775945.98677081,1,Artificial Land,artificial_land,artificial,2985421.2324220026,0.16794724931341537
13071001,Alt Schwerin,44381761.02719912,1,Artificial Land,artificial_land,artificial,851144.0554654583,0.01917778915856537
12069017,Beelitz,181455267.83634016,1,Artificial Land,artificial_land,artificial,9915263.3241528,0.05464301721510597
12069018,Beetzsee,21334744.806759752,1,Artificial Land,artificial_land,artificial,1566236.2728719148,0.0734124681151876
12069019,Beetzseeheide,37603644.4417689,1,Artificial Land,artificial_land,artificial,600265.2009360173,0.015962952789471182
16071031,Hetschburg,2806792.266105883,1,Artificial Land,artificial_land,artificial,82716.75819320191,0.029470210243938845
13071036,Fünfseen,51514717.33507943,1,Artificial Land,artificial_land,artificial,924078.8568337738,0.01793815252490017
16071022,Großheringen,6057917.431900784,1,Artificial Land,artificial_land,artificial,604760.6357735544,0.09982979176786164
15090610,Werben (Elbe),53294556.63491746,1,Artificial Land,artificial_land,artificial,911872.808054031,0.017110055240737124
14729170,Groitzsch,70102504.26428947,1,Artificial Land,artificial_land,artificial,5655921.64026184,0.08068073601106704
16071056,Mellingen,14402466.832059782,1,Artificial Land,artificial_land,artificial,1095040.7756806873,0.07603147352807192
12065084,Fürstenberg/Havel,214561334.25998983,1,Artificial Land,artificial_land,artificial,4213645.639420921,0.01963842019324475
14729160,Grimma,218262734.2336526,1,Artificial Land,artificial_land,artificial,13614926.793103086,0.062378613742317374
12063244,Premnitz,46200413.25616827,1,Artificial Land,artificial_land,artificial,4509431.676857371,0.09760587317377105
12063228,Paulinenaue,31721999.89801838,1,Artificial Land,artificial_land,artificial,761008.0697391002,0.02398991463922926
15090631,Wust-Fischbeck,68361806.37525818,1,Artificial Land,artificial_land,artificial,1861347.8352600185,0.027227891332223284
14522290,Königshain-Wiederau,31122770.43727965,1,Artificial Land,artificial_land,artificial,1135555.1183144127,0.0364863121874978
15090635,Zehrental,72718261.80264291,1,Artificial Land,artificial_land,artificial,1423419.4439050213,0.01957444263131834
13071043,Göhren-Lebbin,41562504.55205552,1,Artificial Land,artificial_land,artificial,863710.5742459844,0.020781004021646926
13071045,Gotthun,10031714.719820186,1,Artificial Land,artificial_land,artificial,250463.49134119405,0.024967166465204613
15088305,Querfurt,156684041.7985942,1,Artificial Land,artificial_land,artificial,6205533.5253701,0.03960539601950565
15086145,Möser,81009143.90285742,1,Artificial Land,artificial_land,artificial,5635124.515002482,0.0695615858101139
12063260,Rhinow,31837856.508433804,1,Artificial Land,artificial_land,artificial,1210348.813448146,0.03801602702517132
16071064,Niedertrebra,9012958.996060198,1,Artificial Land,artificial_land,artificial,513967.7897059717,0.05702542194307558
12060198,Schorfheide,238606548.50860944,1,Artificial Land,artificial_land,artificial,8342123.449214972,0.03496183780938422
16071069,Obertrebra,3324050.15367275,1,Artificial Land,artificial_land,artificial,158988.21251035668,0.04782966717114369
15087015,Allstedt,149497962.79355845,1,Artificial Land,artificial_land,artificial,5814419.239066657,0.03889296636834966
16071071,Oettern,3602385.033769388,1,Artificial Land,artificial_land,artificial,60061.91287905089,0.01667281878977955
12063252,Rathenow,113331297.0500876,1,Artificial Land,artificial_land,artificial,11468517.065169461,0.10119461581826655
16067067,Tonna,30540085.398235098,1,Artificial Land,artificial_land,artificial,1293511.5097441191,0.042354547895889993
14627270,Strehla,30423270.693645723,1,Artificial Land,artificial_land,artificial,1852727.5311117806,0.0608983678897728
15088330,Schkopau,99688497.68444872,1,Artificial Land,artificial_land,artificial,11456580.97652056,0.114923800063523
15085285,Schwanebeck,32944606.57600601,1,Artificial Land,artificial_land,artificial,1455003.6440758577,0.04416515464281052
12066304,Senftenberg,128211122.853599,1,Artificial Land,artificial_land,artificial,19259471.45534644,0.15021685347330074
15088319,Salzatal,110097013.90878391,1,Artificial Land,artificial_land,artificial,6175457.722545293,0.05609105554544558
12061061,Byhleguhre-Byhlen,35807579.871736184,1,Artificial Land,artificial_land,artificial,1089721.1895770286,0.030432695911883526
12063274,Seeblick,48592905.63152763,1,Artificial Land,artificial_land,artificial,771554.5352774209,0.015877925496532306
14524050,Dennheritz,13034982.459386006,1,Artificial Land,artificial_land,artificial,983442.8782218179,0.075446428968048
12068109,Dreetz,64804566.76798928,1,Artificial Land,artificial_land,artificial,1221613.8551836766,0.018850737164207113
15085287,Selke-Aue,36645534.96901242,1,Artificial Land,artificial_land,artificial,1061293.651154357,0.028961063115923683
14628160,Heidenau,10960781.690978736,1,Artificial Land,artificial_land,artificial,5023726.706918032,0.45833653552764464
12068117,Fehrbellin,269809478.4721361,1,Artificial Land,artificial_land,artificial,6586117.3889735425,0.024410252101850112
12063293,Stechow-Ferchesar,51169638.88332954,1,Artificial Land,artificial_land,artificial,683131.3566766626,0.013350325927338499
12066316,Tettau,8945355.58874562,1,Artificial Land,artificial_land,artificial,519166.04406956973,0.0580374965443236
14522220,Großweitzschen,44373569.65298103,1,Artificial Land,artificial_land,artificial,2017270.994101109,0.04546109339133567
01053111,Schnakenbek,12863118.632286277,1,Artificial Land,artificial_land,artificial,348871.80028736906,0.027121867585960448
12066320,Vetschau/Spreewald,111737275.9909628,1,Artificial Land,artificial_land,artificial,7496279.434966236,0.06708843909504764
01061068,Moordiek,6108671.251558565,1,Artificial Land,artificial_land,artificial,78270.8074118096,0.012813065917050228
14522210,Großschirma,60840797.64450919,1,Artificial Land,artificial_land,artificial,3288932.6827942077,0.054058013867788766
15088365,Teutschenthal,91010959.29253116,1,Artificial Land,artificial_land,artificial,9295403.944595488,0.10213499579449348
01061070,Moorhusen,4680819.072597697,1,Artificial Land,artificial_land,artificial,48812.98373243666,0.010428299614953306
01061071,Mühlenbarbek,8689034.400647178,1,Artificial Land,artificial_land,artificial,173340.44980138898,0.019949334046655196
01061072,Münsterdorf,5127199.219461409,1,Artificial Land,artificial_land,artificial,673229.5551753726,0.13130551912630625
01061073,Neuenbrook,14553179.083359554,1,Artificial Land,artificial_land,artificial,587450.6684133735,0.040365796713453375
01061074,Neuendorf b.Elmshorn,14969481.54662961,1,Artificial Land,artificial_land,artificial,422188.5403600748,0.02820328406464624
01061077,Nortorf,19760226.625098795,1,Artificial Land,artificial_land,artificial,469174.70475145127,0.02374338683725018
01061056,Kremperheide,3909952.916742796,1,Artificial Land,artificial_land,artificial,821094.4408154231,0.2100011069952831
01061057,Krempermoor,1590372.9546691887,1,Artificial Land,artificial_land,artificial,225766.3722051552,0.14195813097948246
01061058,Kronsmoor,6061000.773229629,1,Artificial Land,artificial_land,artificial,353261.2591623516,0.058284311845437184
01061059,Krummendiek,1777580.5175996495,1,Artificial Land,artificial_land,artificial,64115.52292808558,0.036068983820020585
01053132,Witzeeze,10490476.35354798,1,Artificial Land,artificial_land,artificial,363659.8140383157,0.03466571028638966
01061060,Kudensee,3058946.5437029824,1,Artificial Land,artificial_land,artificial,104854.76302766424,0.03427806322523479
01061061,Lägerdorf,6017422.051195726,1,Artificial Land,artificial_land,artificial,1374176.4244304963,0.22836630250281892
01061062,Landrecht,3973769.81040807,1,Artificial Land,artificial_land,artificial,149755.64833667933,0.037686040078225055
12070348,Rühstädt,28839856.53516522,1,Artificial Land,artificial_land,artificial,561681.1434885259,0.01947586468759485
01061063,Landscheide,7471946.212688744,1,Artificial Land,artificial_land,artificial,198315.71389725024,0.026541373325262105
01061065,Lohbarbek,6187044.975900173,1,Artificial Land,artificial_land,artificial,322214.87210428144,0.05207896069276616
01061089,Rade,3867472.471191589,1,Artificial Land,artificial_land,artificial,69297.14382932367,0.01791794107017208
16052000,Gera,152278976.54911166,1,Artificial Land,artificial_land,artificial,24980001.654673778,0.16404103981233056
15087412,Südharz,237698062.06504953,1,Artificial Land,artificial_land,artificial,5872528.409493929,0.024705832089984923
15091020,Bad Schmiedeberg,161264283.8893097,1,Artificial Land,artificial_land,artificial,5390911.208073199,0.03342904627148234
01061092,Rethwisch,9857483.889929311,1,Artificial Land,artificial_land,artificial,612025.5133400433,0.06208739676108485
01061093,Rosdorf,5564646.35937899,1,Artificial Land,artificial_land,artificial,109666.68818739717,0.019707755193204387
01061095,Sankt Margarethen,10907148.485725673,1,Artificial Land,artificial_land,artificial,400013.87653491204,0.036674468772329945
01061096,Sarlhusen,10855186.839878488,1,Artificial Land,artificial_land,artificial,326290.4485846856,0.03005848295360507
01061078,Nutteln,6927739.898304315,1,Artificial Land,artificial_land,artificial,147427.81246443198,0.021280794981999467
01061079,Oelixdorf,10421112.12352709,1,Artificial Land,artificial_land,artificial,392037.0327897632,0.03761950050462329
16074087,Schöps,4478794.546624605,1,Artificial Land,artificial_land,artificial,302972.73374825786,0.06764604417422763
01061080,Oeschebüttel,5524785.212854512,1,Artificial Land,artificial_land,artificial,100151.06471550104,0.01812759426058404
01061082,Oldendorf,9939945.078587117,1,Artificial Land,artificial_land,artificial,427468.5346934225,0.04300512038183049
14523100,Elsterberg,25111355.614682466,1,Artificial Land,artificial_land,artificial,1508444.140878791,0.060070199475683116
01061083,Ottenbüttel,9884525.83306927,1,Artificial Land,artificial_land,artificial,555939.049869221,0.05624337062373734
01061088,Quarnstedt,10544249.879197149,1,Artificial Land,artificial_land,artificial,313693.9573193687,0.029750239316526303
14522250,Hartha,54327358.423452094,1,Artificial Land,artificial_land,artificial,2678789.8864315157,0.04930830366445965
16074092,Silbitz,11499154.90325085,1,Artificial Land,artificial_land,artificial,517859.701829645,0.04503458786203883
15091060,Coswig (Anhalt),297144551.46010095,1,Artificial Land,artificial_land,artificial,9845297.047456836,0.03313302229194269
16074095,Sulza,4005551.924623769,1,Artificial Land,artificial_land,artificial,221881.19178079028,0.05539341293188479
03354007,Gorleben,21487097.67770413,1,Artificial Land,artificial_land,artificial,821048.3324104148,0.03821122539329112
16074079,Rothenstein,10579228.724550435,1,Artificial Land,artificial_land,artificial,565421.1503611611,0.05344634898090727
03354008,Gusborn,48491376.01329376,1,Artificial Land,artificial_land,artificial,772317.9788652501,0.015926914069287736
03354009,Hitzacker (Elbe),58662905.24018873,1,Artificial Land,artificial_land,artificial,2371881.7498674127,0.04043239488661544
12061450,Schwielochsee,132472887.78208888,1,Artificial Land,artificial_land,artificial,4650510.487773762,0.035105375640513053
14627210,Radebeul,26133003.26302892,1,Artificial Land,artificial_land,artificial,11069224.42194577,0.4235726108681013
12061476,Straupitz (Spreewald),21807438.76537854,1,Artificial Land,artificial_land,artificial,850064.810641606,0.03898049742508817
15087440,Wallhausen,35283068.20538191,1,Artificial Land,artificial_land,artificial,1806505.5103846195,0.05120035196114447
14522280,Königsfeld,28243183.274728227,1,Artificial Land,artificial_land,artificial,831283.3766994695,0.02943306243539818
03354010,Höhbeck,19520250.879640423,1,Artificial Land,artificial_land,artificial,529863.7434877906,0.027144310119519892
03354011,Jameln,36188107.745241165,1,Artificial Land,artificial_land,artificial,869150.2134473659,0.024017564542640712
03354014,Langendorf,41002820.836602144,1,Artificial Land,artificial_land,artificial,621163.9585980074,0.015149298168371642
03354016,Luckau (Wendland),22416424.025399774,1,Artificial Land,artificial_land,artificial,492595.455385742,0.021974756313834363
12063202,Mühlenberge,39770693.247935206,1,Artificial Land,artificial_land,artificial,534765.955805518,0.013446231688035302
12063208,Nauen,268850815.32388854,1,Artificial Land,artificial_land,artificial,9167338.470407065,0.03409823570504347
14627240,Röderaue,28587286.228672177,1,Artificial Land,artificial_land,artificial,1511062.9554531772,0.052857866373395984
15084355,Naumburg (Saale),130246898.55399118,1,Artificial Land,artificial_land,artificial,11484051.810503013,0.08817140321957483
03354003,Damnatz,16373217.86950717,1,Artificial Land,artificial_land,artificial,230445.7960922677,0.014074557483379048
03354004,Dannenberg (Elbe),76606140.51296881,1,Artificial Land,artificial_land,artificial,4450648.083582206,0.05809779808485126
03354005,Gartow,28379982.980693057,1,Artificial Land,artificial_land,artificial,723068.2216958916,0.025478106247907053
15085235,Quedlinburg,120983155.29039924,1,Artificial Land,artificial_land,artificial,9651426.147884995,0.07977495813130686
14730050,Cavertitz,69220466.02350149,1,Artificial Land,artificial_land,artificial,1551655.2114182631,0.02241613355927784
15083040,Barleben,29937548.52855949,1,Artificial Land,artificial_land,artificial,5206410.603893758,0.17390904933070936
14627230,Riesa,58836632.3652918,1,Artificial Land,artificial_land,artificial,10685455.474699968,0.18161228889441683
15090180,Goldbeck,26869771.03254754,1,Artificial Land,artificial_land,artificial,1215627.058990225,0.0452414372090379
12068501,Zernitz-Lohm,37687852.18660619,1,Artificial Land,artificial_land,artificial,757813.806573303,0.02010764112587506
15083025,Am Großen Bruch,50707174.69812584,1,Artificial Land,artificial_land,artificial,1420401.1260023154,0.028011837268756647
15084360,Nebra (Unstrut),25379985.68486453,1,Artificial Land,artificial_land,artificial,1718100.669937305,0.06769510003947332
12062336,Merzdorf,12885550.65448653,1,Artificial Land,artificial_land,artificial,482815.1732094653,0.03746950255799563
03354018,Lüchow (Wendland),89200599.56913269,1,Artificial Land,artificial_land,artificial,4999190.943308243,0.05604436480759017
03354019,Neu Darchau,22822226.923656836,1,Artificial Land,artificial_land,artificial,649772.9551091013,0.028471058380177883
14730080,Doberschütz,78522800.17792132,1,Artificial Land,artificial_land,artificial,3351525.260585437,0.04268219234402447
15083030,Angern,64369450.01342427,1,Artificial Land,artificial_land,artificial,3034875.699703454,0.04714776495791916
12061005,Alt Zauche-Wußwerk,33217688.632056132,1,Artificial Land,artificial_land,artificial,906132.8766060958,0.02727862515189117
12062341,Mühlberg/Elbe,89217010.01475386,1,Artificial Land,artificial_land,artificial,4868602.209063011,0.05457033595115873
03354021,Schnackenburg,23312685.213564605,1,Artificial Land,artificial_land,artificial,501234.67666858534,0.02150051236384127
03354023,Trebel,66885570.687104,1,Artificial Land,artificial_land,artificial,1152273.4945357526,0.017227534768689937
03354025,Woltersdorf,28139327.344712503,1,Artificial Land,artificial_land,artificial,766780.8480371773,0.027249437722656106
03354026,Wustrow (Wendland),30140763.21883206,1,Artificial Land,artificial_land,artificial,1246272.916018289,0.041348419314067436
14730070,Delitzsch,86307257.04627408,1,Artificial Land,artificial_land,artificial,10130391.078719735,0.11737588964608472
12062372,Plessa,52604423.31437394,1,Artificial Land,artificial_land,artificial,2334459.213659943,0.04437762200544953
15089195,Könnern,125584535.190158,1,Artificial Land,artificial_land,artificial,7483574.504928981,0.05958993671949717
01061002,Aebtissinwisch,3017954.687980104,1,Artificial Land,artificial_land,artificial,69884.97247004366,0.023156402164810894
01061004,Altenmoor,6303190.452100348,1,Artificial Land,artificial_land,artificial,102746.86240703937,0.016300770726799488
01061005,Auufer,5175700.841648946,1,Artificial Land,artificial_land,artificial,95681.07015960559,0.01848659207457636
01061006,Bahrenfleth,14412558.097565915,1,Artificial Land,artificial_land,artificial,345573.3191080233,0.023977236849188205
01061007,Beidenfleth,13763809.553679705,1,Artificial Land,artificial_land,artificial,488423.94341832714,0.035486101541396926
01061008,Bekdorf,1804980.153221052,1,Artificial Land,artificial_land,artificial,73608.1165153323,0.04078056835360542
12067173,Gosen-Neu Zittau,14508968.214323394,1,Artificial Land,artificial_land,artificial,1734019.4235331835,0.1195136275659728
14730090,Dommitzsch,30367421.9184372,1,Artificial Land,artificial_land,artificial,1416398.3867120626,0.046642036012023595
01061010,Bekmünde,2884956.648364786,1,Artificial Land,artificial_land,artificial,102236.54469806349,0.03543780970019494
14729080,Colditz,84960356.61379237,1,Artificial Land,artificial_land,artificial,4246768.054570713,0.0499852898908536
01061023,Dammfleth,16414283.396460213,1,Artificial Land,artificial_land,artificial,386033.8160667505,0.023518164439027524
01061025,Ecklak,15564303.833381224,1,Artificial Land,artificial_land,artificial,329202.76337516704,0.021151139614038895
01061026,Elskop,7139433.837334432,1,Artificial Land,artificial_land,artificial,157803.68496268123,0.02210310909213476
01061027,Engelbrechtsche Wildnis,4948062.574385632,1,Artificial Land,artificial_land,artificial,400654.260261445,0.08097194694656658
01061028,Fitzbek,10280687.149251789,1,Artificial Land,artificial_land,artificial,222781.19353461365,0.021669873842122243
01061029,Glückstadt,12678390.330867872,1,Artificial Land,artificial_land,artificial,3534908.0052640736,0.2788136279932706
15083411,Oebisfelde-Weferlingen,249748943.06491017,1,Artificial Land,artificial_land,artificial,9990584.946998173,0.04000251141964434
15083415,Oschersleben (Bode),190122971.0361817,1,Artificial Land,artificial_land,artificial,9709638.710657926,0.051070308115530746
01061030,Grevenkop,9381940.665316354,1,Artificial Land,artificial_land,artificial,279073.0541228231,0.029745770526402378
01061031,Gribbohm,13124852.1025901,1,Artificial Land,artificial_land,artificial,248099.157122331,0.018903005929748366
01061012,Blomesche Wildnis,6811958.584425703,1,Artificial Land,artificial_land,artificial,365821.8884351569,0.05370289380084338
01061014,Bokhorst,5935893.503578946,1,Artificial Land,artificial_land,artificial,148234.02173782964,0.024972486728148755
01061015,Borsfleth,13863126.116998916,1,Artificial Land,artificial_land,artificial,491105.8210429919,0.03542533025367198
01061016,Breitenberg,3040914.9994391776,1,Artificial Land,artificial_land,artificial,139721.45388868716,0.04594717508199189
01061017,Breitenburg,10201455.348516174,1,Artificial Land,artificial_land,artificial,797052.997171523,0.07813130283292925
01061018,Brokdorf,13446795.435945112,1,Artificial Land,artificial_land,artificial,736138.5530364555,0.05474453423071025
01061019,Brokstedt,12484752.215123676,1,Artificial Land,artificial_land,artificial,757933.9091027585,0.06070876666535831
09475137,Issigau,18596345.910315827,1,Artificial Land,artificial_land,artificial,530638.7682503605,0.028534571835212144
16074021,Freienorla,6875684.033086091,1,Artificial Land,artificial_land,artificial,160073.1908147741,0.02328105684387109
15081240,Kalbe (Milde),273388307.4703249,1,Artificial Land,artificial_land,artificial,6764164.240821055,0.024741966119217723
16074026,Golmsdorf,7655135.661109284,1,Artificial Land,artificial_land,artificial,323412.79362984165,0.04224782001877375
12070302,Plattenburg,201744714.0452659,1,Artificial Land,artificial_land,artificial,3213050.6265313765,0.01592631877239895
01061020,Büttel,8886535.238290718,1,Artificial Land,artificial_land,artificial,1165013.3382101841,0.13109871361228842
01061022,Dägeling,7543247.842716182,1,Artificial Land,artificial_land,artificial,930844.1108124534,0.12340097133508396
01061045,Huje,5545814.916863242,1,Artificial Land,artificial_land,artificial,157256.0154473417,0.028355799427992264
01061046,Itzehoe,28545803.234764636,1,Artificial Land,artificial_land,artificial,8917527.286812074,0.3123936367624024
09475141,Köditz,31325664.77167897,1,Artificial Land,artificial_land,artificial,1728346.2201972215,0.05517348898401644
01061047,Kaaks,8663514.743060235,1,Artificial Land,artificial_land,artificial,450119.75333001703,0.05195579007822178
01061049,Kellinghusen,18788158.45652374,1,Artificial Land,artificial_land,artificial,2635567.651784745,0.14027812560147998
16074031,Großeutersdorf,3439448.316952914,1,Artificial Land,artificial_land,artificial,120938.16042385688,0.03516208103135528
16074011,Dornburg-Camburg,30961731.808613583,1,Artificial Land,artificial_land,artificial,2490519.2940698424,0.08043863016011842
16074012,Crossen an der Elster,10711833.845222116,1,Artificial Land,artificial_land,artificial,828898.7174933216,0.07738158838815838
01061050,Kiebitzreihe,8531272.58562138,1,Artificial Land,artificial_land,artificial,762343.991934277,0.08935876614927682
01061052,Kleve,5622212.487007845,1,Artificial Land,artificial_land,artificial,256466.5647995536,0.04561666165983807
01061053,Kollmoor,3444772.431979671,1,Artificial Land,artificial_land,artificial,51788.50307591085,0.015033940296064374
01061054,Krempdorf,5458884.746939462,1,Artificial Land,artificial_land,artificial,168086.31873356618,0.03079132946116956
01061055,Krempe,3545808.7927399576,1,Artificial Land,artificial_land,artificial,724949.44409846,0.20445249207537466
01061034,Heiligenstedten,9185592.307542931,1,Artificial Land,artificial_land,artificial,828194.4776044411,0.09016233791743106
01061035,Heiligenstedtenerkamp,865796.5194304921,1,Artificial Land,artificial_land,artificial,260632.92118508078,0.301032535169489
01061037,Herzhorn,12547301.271520017,1,Artificial Land,artificial_land,artificial,512629.10352830344,0.04085572605894734
01061039,Hodorf,7386965.988380481,1,Artificial Land,artificial_land,artificial,168677.49560384423,0.022834475733226587
15091010,Annaburg,226706298.19601935,1,Artificial Land,artificial_land,artificial,6690397.038856817,0.02951129762205385
16074044,Kahla,7954908.001113277,1,Artificial Land,artificial_land,artificial,2295821.438290754,0.2886043984379778
16074048,Kleineutersdorf,5347715.600111255,1,Artificial Land,artificial_land,artificial,115291.82942808198,0.021559080184758408
01061040,Hohenaspe,14151459.028506964,1,Artificial Land,artificial_land,artificial,933676.9219423457,0.06597743173064553
01061041,Hohenfelde,17807054.12885916,1,Artificial Land,artificial_land,artificial,605819.6187853115,0.03402132741335832
01061044,Horst (Holstein),29036205.72677198,1,Artificial Land,artificial_land,artificial,2506413.1612338307,0.0863202714851571
12073384,Lychen,112161498.79904152,1,Artificial Land,artificial_land,artificial,2034686.5191424207,0.01814068589425633
16074033,Großpürschütz,3845736.107504349,1,Artificial Land,artificial_land,artificial,141620.82550021456,0.03682541431375486
15086080,Jerichow,271871166.0115402,1,Artificial Land,artificial_land,artificial,6721925.954860131,0.02472467401921837
15083440,Rogätz,24049686.691628017,1,Artificial Land,artificial_land,artificial,1514997.0121541072,0.06299445941146069
16074065,Orlamünde,7560729.246217439,1,Artificial Land,artificial_land,artificial,456027.5102576598,0.06031528115965877
09475181,Töpen,20760821.23068345,1,Artificial Land,artificial_land,artificial,789980.0959091521,0.038051485879643396
14730020,Bad Düben,45760284.73030639,1,Artificial Land,artificial_land,artificial,3572576.831092423,0.07807156035299657
12061428,Schlepzig,30568354.692797564,1,Artificial Land,artificial_land,artificial,650449.8026609032,0.02127853491618116
15090135,Eichstedt (Altmark),33096927.482174885,1,Artificial Land,artificial_land,artificial,765029.0376325153,0.02311480538622624
15084315,Lützen,97101429.97719347,1,Artificial Land,artificial_land,artificial,6231480.299821486,0.06417495912557718
14730010,Arzberg,58766112.040497184,1,Artificial Land,artificial_land,artificial,1523018.2618415137,0.02591660753040739
16074063,Neuengönna,6143386.212843794,1,Artificial Land,artificial_land,artificial,328091.60179806314,0.05340566105255304
15088295,Petersberg,102979201.83064786,1,Artificial Land,artificial_land,artificial,6207599.767244331,0.06028013090888877
12067124,Erkner,17720248.5899029,1,Artificial Land,artificial_land,artificial,3811735.2582103238,0.21510619554074836
15089130,Giersleben,19957180.33831095,1,Artificial Land,artificial_land,artificial,742777.5712588064,0.03721856287648651
12068052,Breddin,44834002.062274136,1,Artificial Land,artificial_land,artificial,714912.5496045898,0.015945766978633338
14730045,Belgern-Schildau,159176175.1877344,1,Artificial Land,artificial_land,artificial,5080516.041701772,0.03191756577710042
12066272,Ruhland,37189312.92102806,1,Artificial Land,artificial_land,artificial,2647311.7447330705,0.07118474466991814
14729030,Bennewitz,46878836.64596784,1,Artificial Land,artificial_land,artificial,2671745.069454608,0.0569925633955426
14730030,Beilrode,93254227.22893988,1,Artificial Land,artificial_land,artificial,2899540.199716819,0.031092855368351557
15089165,Güsten,36360530.25389707,1,Artificial Land,artificial_land,artificial,2806351.2352933623,0.07718125164009625
03357057,Zeven,74062264.05971542,1,Artificial Land,artificial_land,artificial,6520542.3879693085,0.08804135912874446
15090500,Schönhausen (Elbe),74543683.28672162,1,Artificial Land,artificial_land,artificial,2822039.8695608038,0.03785753192133304
14522600,Zettlitz,15613710.21278385,1,Artificial Land,artificial_land,artificial,510829.0616219647,0.032716699276493504
12067144,Fürstenwalde/Spree,70607103.70768166,1,Artificial Land,artificial_land,artificial,13688894.826697674,0.19387418698507525
12066292,Schwarzbach,16003257.327448731,1,Artificial Land,artificial_land,artificial,525629.7331284316,0.03284517160308816
12066296,Schwarzheide,33551212.206033006,1,Artificial Land,artificial_land,artificial,6470765.947927801,0.19286235943404337
14729050,Borna,62812956.61812812,1,Artificial Land,artificial_land,artificial,7553442.477716373,0.12025293640669692
15089185,Ilberstedt,14814473.70554787,1,Artificial Land,artificial_land,artificial,1377858.7619041568,0.09300760791712517
09464000,Hof,58174074.52425988,1,Artificial Land,artificial_land,artificial,14907142.792671893,0.25625062219864425
12067137,Friedland,174356380.08987343,1,Artificial Land,artificial_land,artificial,5533584.857213282,0.031737208895716636
15086005,Biederitz,39887011.59926703,1,Artificial Land,artificial_land,artificial,5097910.100467717,0.12780877523954182
15090520,Seehausen (Altmark),107495553.84168129,1,Artificial Land,artificial_land,artificial,3376168.6646483666,0.03140751913907774
12068409,Sieversdorf-Hohenofen,20011138.33276172,1,Artificial Land,artificial_land,artificial,678218.1278242321,0.03389203135505144
14729040,Böhlen,24293697.819196668,1,Artificial Land,artificial_land,artificial,2713210.859851329,0.1116837329600508
14627140,Meißen,31144025.97770278,1,Artificial Land,artificial_land,artificial,7656399.584099654,0.24583846640704604
15089175,Hecklingen,96103947.90376855,1,Artificial Land,artificial_land,artificial,4526736.398984443,0.04710250200665206
16073111,Unterwellenborn,62677817.51922716,1,Artificial Land,artificial_land,artificial,5796187.5533870105,0.0924758994936121
15003000,Magdeburg,201019439.02960783,1,Artificial Land,artificial_land,artificial,65645602.26405469,0.3265634536687064
12063112,Großderschau,20162144.17764274,1,Artificial Land,artificial_land,artificial,437020.6499983618,0.02167530626444792
12068426,Temnitztal,52423334.85008234,1,Artificial Land,artificial_land,artificial,905317.3974720003,0.017269359152007065
15090546,Tangerhütte,296949495.3478358,1,Artificial Land,artificial_land,artificial,9390533.547341846,0.03162333559901194
16073107,Drognitz,24042773.59351918,1,Artificial Land,artificial_land,artificial,455776.72073743504,0.018956911063717347
12063142,Wiesenaue,46856932.74041422,1,Artificial Land,artificial_land,artificial,589547.9671030828,0.012581872790717184
16073109,Uhlstädt-Kirchhasel,121711793.51269574,1,Artificial Land,artificial_land,artificial,3311102.3111532135,0.027204449261589696
01053082,Lanze,9041642.84146272,1,Artificial Land,artificial_land,artificial,237793.066992443,0.02629976334632278
15086015,Burg,165725038.92818782,1,Artificial Land,artificial_land,artificial,13867166.024355832,0.08367574455882174
01053083,Lauenburg/Elbe,9467987.643501751,1,Artificial Land,artificial_land,artificial,3153808.5134261483,0.33310230559824716
15090535,Stendal,269482844.1648705,1,Artificial Land,artificial_land,artificial,19116337.758245014,0.0709371233537582
12070296,Perleberg,138624646.22124013,1,Artificial Land,artificial_land,artificial,6526311.3666627705,0.04707901188254074
12063134,Havelaue,74787975.32205343,1,Artificial Land,artificial_land,artificial,957734.6290125352,0.012805997553594942
14729410,Wurzen,68968117.12620622,1,Artificial Land,artificial_land,artificial,6471912.596236739,0.09383919506449116
15088205,Leuna,87605623.53928131,1,Artificial Land,artificial_land,artificial,12895751.109567326,0.14720232090791552
09475113,Berg,38731607.487258606,1,Artificial Land,artificial_land,artificial,2328083.013752543,0.06010809167986131
12068425,Temnitzquell,65814910.209692866,1,Artificial Land,artificial_land,artificial,1089636.6452725243,0.016556075846655922
14628030,Bad Schandau,47722548.93476192,1,Artificial Land,artificial_land,artificial,1877400.706993333,0.039339908468841285
12063161,Kleßen-Görne,42058614.665302426,1,Artificial Land,artificial_land,artificial,479880.504614119,0.01140980292463155
12063165,Kotzen,42678641.5444656,1,Artificial Land,artificial_land,artificial,418454.42749939574,0.009804773824945214
15085160,Hedersleben,16502768.787722103,1,Artificial Land,artificial_land,artificial,864653.930973994,0.052394476472171624
14729400,Trebsen/Mulde,35158509.02655442,1,Artificial Land,artificial_land,artificial,2936887.1563704778,0.08353275601511753
12063148,Ketzin/Havel,93901650.97202522,1,Artificial Land,artificial_land,artificial,5150918.758647583,0.054854400378776334
14627180,Nossen,125244731.56155156,1,Artificial Land,artificial_land,artificial,6515671.239494902,0.052023515546382675
15086055,Gommern,161566566.55857658,1,Artificial Land,artificial_land,artificial,7295642.952358098,0.045155647655067514
16055000,Weimar,84348894.19407173,1,Artificial Land,artificial_land,artificial,14619514.85074803,0.17332195034010928
15086035,Elbe-Parey,109173497.3080816,1,Artificial Land,artificial_land,artificial,5982375.882123523,0.05479696107235246
15090550,Tangermünde,90718726.87506966,1,Artificial Land,artificial_land,artificial,5637579.017007995,0.062143497943612055
15087370,Sangerhausen,209561194.93619433,1,Artificial Land,artificial_land,artificial,11326139.858514505,0.05404693298281204
14729430,Zwenkau,46358871.9764821,1,Artificial Land,artificial_land,artificial,5819924.486920921,0.12554068377404382
14627170,Niederau,35384670.56995631,1,Artificial Land,artificial_land,artificial,2388383.5695892465,0.06749769126343447
12071164,Guhrow,6636164.019009794,1,Artificial Land,artificial_land,artificial,426084.4554713872,0.06420643827531025
15086040,Genthin,232345814.95029497,1,Artificial Land,artificial_land,artificial,10558281.305343125,0.04544209805372146
12069306,Kloster Lehnin,200920136.8985341,1,Artificial Land,artificial_land,artificial,11995721.007379014,0.05970392610988976
12063189,Milower Land,161322860.2203478,1,Artificial Land,artificial_land,artificial,4654334.676363937,0.028851054773059878
15085185,Huy,167754286.22719565,1,Artificial Land,artificial_land,artificial,4440340.795719282,0.026469313515516193
13076125,Siggelkow,55496241.96970108,1,Artificial Land,artificial_land,artificial,840558.8230951588,0.01514622960513386
15088216,Wettin-Löbejün,127662765.18892792,1,Artificial Land,artificial_land,artificial,6642468.873223162,0.0520313723691711
13076126,Spornitz,48802531.162101656,1,Artificial Land,artificial_land,artificial,1261473.1735971505,0.025848519401730673
12071176,Heinersbrück,24036811.57600771,1,Artificial Land,artificial_land,artificial,3024055.7321968433,0.12580935381693045
12068477,Wusterhausen/Dosse,196404815.48170736,1,Artificial Land,artificial_land,artificial,3990767.9503708244,0.020319094216620745
12062282,Kremitzaue,23560664.704395063,1,Artificial Land,artificial_land,artificial,830723.8007003869,0.03525892885973721
12065332,Velten,23497701.22505804,1,Artificial Land,artificial_land,artificial,5814308.105952699,0.24744157099726408
03357002,Alfstedt,16139641.725738715,1,Artificial Land,artificial_land,artificial,480391.8732167268,0.029764717295466432
03357008,Bremervörde,149938240.33220863,1,Artificial Land,artificial_land,artificial,8632225.048177514,0.05757187111874624
15088220,Merseburg,54399314.11881466,1,Artificial Land,artificial_land,artificial,12185985.688695008,0.224009914207362
14627190,Nünchritz,31132061.88738452,1,Artificial Land,artificial_land,artificial,3200122.415480412,0.10279185577416511
13076114,Plau am See,116229917.80461577,1,Artificial Land,artificial_land,artificial,3193952.0925694187,0.02747960381369709
13076119,Redefin,17809943.393829256,1,Artificial Land,artificial_land,artificial,486292.17760571145,0.02730453246551029
12068468,Wittstock/Dosse,420426820.7499632,1,Artificial Land,artificial_land,artificial,12242438.349912839,0.02911907077687053
14522580,Wechselburg,25794664.90650411,1,Artificial Land,artificial_land,artificial,857255.4026035346,0.03323382589813672
16077001,Altenburg,45989937.18791705,1,Artificial Land,artificial_land,artificial,8353885.697735132,0.18164594710361878
13076120,Rom,33739788.2783462,1,Artificial Land,artificial_land,artificial,646800.4213889771,0.01917025726578391
13076122,Schwanheide,26626977.937083315,1,Artificial Land,artificial_land,artificial,909522.6404750916,0.03415793721030587
12065356,Zehdenick,223552572.9576092,1,Artificial Land,artificial_land,artificial,8035420.333314578,0.035944208679889726
14522570,Waldheim,41719077.75883077,1,Artificial Land,artificial_land,artificial,3043678.989069067,0.07295652618842478
13076151,Werder,18101945.14582469,1,Artificial Land,artificial_land,artificial,313455.2381929208,0.017316108057327802
14523450,Weischlitz,121919928.49884737,1,Artificial Land,artificial_land,artificial,3674433.072832673,0.030138084217031107
13076156,Wöbbelin,23499854.895240724,1,Artificial Land,artificial_land,artificial,1430617.8725351477,0.060877732178034924
01053006,Basedow,7514836.830114216,1,Artificial Land,artificial_land,artificial,301637.4352538971,0.0401389201220105
13076136,Teldau,27728833.036026523,1,Artificial Land,artificial_land,artificial,515317.09165176837,0.018584160789682194
13076138,Tessin b.Boizenburg,10309156.297666095,1,Artificial Land,artificial_land,artificial,331980.4261479639,0.03220248258561386
15091391,Zahna-Elster,149659888.9850728,1,Artificial Land,artificial_land,artificial,7006121.72302171,0.04681362368056084
03357016,Gnarrenburg,123032508.97752988,1,Artificial Land,artificial_land,artificial,4178564.5834929068,0.03396309331752359
16077005,Fockendorf,8819688.142882936,1,Artificial Land,artificial_land,artificial,349390.43726057,0.03961482895996853
13076140,Tramm,41923138.84491094,1,Artificial Land,artificial_land,artificial,677586.5808732301,0.01616259181784721
01053012,Börnsen,8318068.951110065,1,Artificial Land,artificial_land,artificial,1229624.3941177272,0.14782570345892973
16077007,Gerstenberg,3132022.8779504225,1,Artificial Land,artificial_land,artificial,248213.69484298988,0.07925028153224074
13076143,Vielank,77435610.78714007,1,Artificial Land,artificial_land,artificial,1416371.4914538336,0.018290957830076986
13076145,Warlitz,23676572.627560373,1,Artificial Land,artificial_land,artificial,240059.05597263752,0.010139096555436416
16051000,Erfurt,270313726.8842227,1,Artificial Land,artificial_land,artificial,54666612.237741515,0.20223394818996973
14524320,Wilkau-Haßlau,12677525.147904396,1,Artificial Land,artificial_land,artificial,2968138.4601588952,0.23412601635813207
03357040,Sandbostel,31710155.172446847,1,Artificial Land,artificial_land,artificial,565274.1606182202,0.017826281755612173
03357042,Seedorf,18706735.80417411,1,Artificial Land,artificial_land,artificial,1066881.3081994657,0.057031933276216376
03357043,Selsingen,42074024.25889544,1,Artificial Land,artificial_land,artificial,1701353.9065633912,0.04043715657181723
16077036,Nobitz,100760296.6100366,1,Artificial Land,artificial_land,artificial,5253279.2423486505,0.05213640113307664
01053028,Escheburg,8661986.821033394,1,Artificial Land,artificial_land,artificial,759357.2696104,0.08766548429356846
14524310,Wildenfels,20947435.8155518,1,Artificial Land,artificial_land,artificial,1481655.639294907,0.07073207682034743
12061332,Mittenwalde,99433041.5393216,1,Artificial Land,artificial_land,artificial,7939913.06318494,0.07985185749392004
16062064,Heringen/Helme,66707462.69770858,1,Artificial Land,artificial_land,artificial,3072247.042782918,0.04605552240391914
03357035,Oerel,34129029.76315896,1,Artificial Land,artificial_land,artificial,1096884.5128908292,0.032139340628864754
14522140,Flöha,27931186.062496617,1,Artificial Land,artificial_land,artificial,2791632.222057826,0.09994678406464695
03357036,Ostereistedt,28430467.63820198,1,Artificial Land,artificial_land,artificial,719223.7518391279,0.025297640580231182
03357038,Rhade,24523659.21658419,1,Artificial Land,artificial_land,artificial,575780.7270926016,0.023478581316414164
01053032,Geesthacht,33146931.69190304,1,Artificial Land,artificial_land,artificial,8037386.473606823,0.24247754055528928
13076161,Zierzow,13267494.49789133,1,Artificial Land,artificial_land,artificial,412461.8441477653,0.031088148874930378
12070241,Legde/Quitzöbel,41819617.7754618,1,Artificial Land,artificial_land,artificial,814921.2262206388,0.01948657758174931
12070244,Lenzen (Elbe),96076567.98372813,1,Artificial Land,artificial_land,artificial,1722875.6478489249,0.017932318816183332
12070246,Lenzerwische,42129893.85059176,1,Artificial Land,artificial_land,artificial,536331.8303104003,0.01273043393397648
01053019,Buchhorst,5373355.969790967,1,Artificial Land,artificial_land,artificial,297140.8469916887,0.05529893211285758
14521240,Großolbersdorf,22676551.100191567,1,Artificial Land,artificial_land,artificial,782163.1029285709,0.03449215444944639
14627100,Klipphausen,112347451.21716762,1,Artificial Land,artificial_land,artificial,5467541.17149324,0.048666357022416853
12061328,Märkisch Buchholz,24941661.900900096,1,Artificial Land,artificial_land,artificial,654849.1611722496,0.026255233663824838
12061329,Märkische Heide,212076425.67274225,1,Artificial Land,artificial_land,artificial,6475222.5085980045,0.030532495481558144
01053022,Dalldorf,6088334.982582103,1,Artificial Land,artificial_land,artificial,177627.85808022693,0.029175112504222587
12070236,Lanz,60770781.9897092,1,Artificial Land,artificial_land,artificial,704081.6296606022,0.011585857654091565
14524330,Zwickau,103508554.81607848,1,Artificial Land,artificial_land,artificial,26767004.91521618,0.25859703058146005
14521270,Grünhainichen,28862952.942897946,1,Artificial Land,artificial_land,artificial,1108284.79102266,0.038398177525884994
15083361,Loitsche-Heinrichsberg,31181807.099593844,1,Artificial Land,artificial_land,artificial,1635019.2488935734,0.0524350382795765
12072426,Trebbin,126803367.34115852,1,Artificial Land,artificial_land,artificial,7404683.323741195,0.058395005424573945
16077048,Treben,9990578.13175702,1,Artificial Land,artificial_land,artificial,709580.5593809428,0.07102497473348428
15084246,Kaiserpfalz,41118282.15318236,1,Artificial Land,artificial_land,artificial,1253720.7624931266,0.030490591942107546
15090070,Bismark (Altmark),290854038.40629816,1,Artificial Land,artificial_land,artificial,7363956.6314497255,0.025318392248564584
12061344,Münchehofe,62439240.78617816,1,Artificial Land,artificial_land,artificial,865649.6587813793,0.013863872268174721
14522150,Frankenberg/Sa.,65535416.38795091,1,Artificial Land,artificial_land,artificial,4524876.648864176,0.06904475317709437
16077052,Windischleuba,20480388.417354092,1,Artificial Land,artificial_land,artificial,1150262.3391558786,0.056164088088349044
15084250,Karsdorf,19995011.690175444,1,Artificial Land,artificial_land,artificial,2315874.822624693,0.11582262908916423
12062224,Herzberg (Elster),149470443.50750053,1,Artificial Land,artificial_land,artificial,7166312.030151504,0.04794467629844086
14626600,Weißwasser/O.L.,63633887.4327344,1,Artificial Land,artificial_land,artificial,13856732.739350606,0.21775713064832272
12062232,Hirschfeld,20331321.413827352,1,Artificial Land,artificial_land,artificial,792720.336594185,0.03899010401040904
14522500,Rossau,53736567.17403154,1,Artificial Land,artificial_land,artificial,2037787.5582580087,0.037921803818588166
12067040,Berkenbrück,18065164.542990662,1,Artificial Land,artificial_land,artificial,844890.6644933845,0.046769054468491104
15083390,Niedere Börde,78188879.80222008,1,Artificial Land,artificial_land,artificial,5008095.239052176,0.06405124682333634
12066196,Lübbenau/Spreewald,139475729.36291802,1,Artificial Land,artificial_land,artificial,11117417.022684215,0.0797086136309531
12067036,Beeskow,77998345.07864317,1,Artificial Land,artificial_land,artificial,5596490.812455131,0.07175140455624247
15085135,Halberstadt,143084427.54699445,1,Artificial Land,artificial_land,artificial,15021266.941511594,0.10498184323082979
15084285,Laucha an der Unstrut,31292658.355307817,1,Artificial Land,artificial_land,artificial,2043077.715141149,0.06528936250616128
15089075,Egeln,29290742.118436176,1,Artificial Land,artificial_land,artificial,2210187.3521099254,0.07545685743205494
12062240,Hohenleipisch,35031725.017906845,1,Artificial Land,artificial_land,artificial,1439913.78106693,0.04110313666629041
14522510,Roßwein,44606404.11931287,1,Artificial Land,artificial_land,artificial,2959357.8132122075,0.06634378788517765
15084275,Kretzschau,27871911.810787264,1,Artificial Land,artificial_land,artificial,1696048.993539545,0.0608515485070932
15082430,Zerbst/Anhalt,470995786.36170936,1,Artificial Land,artificial_land,artificial,15593278.056758204,0.033107043647271774
14522540,Striegistal,77063893.43353254,1,Artificial Land,artificial_land,artificial,2882416.792030151,0.037402947912516644
14625310,Lauta,42056455.59038755,1,Artificial Land,artificial_land,artificial,6096159.044787967,0.14495180250475764
13076103,Neu Kaliß,34292865.865348294,1,Artificial Land,artificial_land,artificial,1250963.130458001,0.036478815604678125
13076105,Neustadt-Glewe,94112757.09683424,1,Artificial Land,artificial_land,artificial,4294340.981316816,0.04562974365843192
13076106,Nostorf,19990126.12565245,1,Artificial Land,artificial_land,artificial,410621.48056918656,0.020541215097300163
13076108,Parchim,124842063.19922496,1,Artificial Land,artificial_land,artificial,8630121.90069608,0.06912831844923929
13076109,Passow,24888183.63006653,1,Artificial Land,artificial_land,artificial,417698.36578857934,0.016782999193399265
16073035,Hohenwarte,6515428.406676106,1,Artificial Land,artificial_land,artificial,144690.91493872568,0.022207429183085877
14522530,Seelitz,31490882.602004535,1,Artificial Land,artificial_land,artificial,873087.2681663595,0.027725080913127014
16073038,Kaulsdorf,21968218.288911104,1,Artificial Land,artificial_land,artificial,1112737.9149614316,0.05065216943529318
14625340,Malschwitz,93439533.9773545,1,Artificial Land,artificial_land,artificial,4344568.91549397,0.0464960464865642
12067072,Briesen (Mark),111720735.89286152,1,Artificial Land,artificial_land,artificial,2949227.984481708,0.02639821480687321
14521670,Wolkenstein,30095422.232806846,1,Artificial Land,artificial_land,artificial,1153635.2674591087,0.03833258289367137
16062008,Görsbach,7954000.735523127,1,Artificial Land,artificial_land,artificial,517379.9749897867,0.06504650831613974
01060063,Norderstedt,58647741.420688435,1,Artificial Land,artificial_land,artificial,16249915.342170363,0.2770765753041955
14625330,Lohsa,134810705.16633087,1,Artificial Land,artificial_land,artificial,7360187.8581197085,0.05459646434634869
13076100,Muchow,19385454.226399228,1,Artificial Land,artificial_land,artificial,213272.45793767204,0.011001674526008079
13076102,Neu Gülze,13031360.020413212,1,Artificial Land,artificial_land,artificial,491781.4708023248,0.03773830743928222
15082005,Aken (Elbe),59814153.79319817,1,Artificial Land,artificial_land,artificial,4079975.4380326997,0.068210869489834
01056042,Raa-Besenbek,12670789.436255297,1,Artificial Land,artificial_land,artificial,349494.3749988425,0.027582683522371865
01056045,Seestermühe,18117780.32657661,1,Artificial Land,artificial_land,artificial,403306.5104385018,0.022260260537925805
01056049,Uetersen,11385692.035718938,1,Artificial Land,artificial_land,artificial,4536457.463725607,0.3984349347842831
01056029,Klein Nordende,10930418.524994152,1,Artificial Land,artificial_land,artificial,1049243.4552023474,0.09599298076309559
14521690,Zschopau,22981602.50064336,1,Artificial Land,artificial_land,artificial,2111028.7061980385,0.09185733267029317
15090485,Schollene,65622886.19142336,1,Artificial Land,artificial_land,artificial,2460906.185534429,0.037500730741344
15090003,Aland,92856562.3009006,1,Artificial Land,artificial_land,artificial,1292943.0811033873,0.013924089467297104
01056033,Seester,11785529.117236825,1,Artificial Land,artificial_land,artificial,409028.2591767708,0.03470597332609785
15090007,Altmärkische Höhe,99821898.40534252,1,Artificial Land,artificial_land,artificial,2076760.0824332004,0.020804654245305868
15090008,Altmärkische Wische,67544348.28100026,1,Artificial Land,artificial_land,artificial,694940.4222801725,0.010288653898754906
15091375,Wittenberg,242070715.93641967,1,Artificial Land,artificial_land,artificial,21543580.505386114,0.08899705369997987
01056036,Moorrege,10959953.688143631,1,Artificial Land,artificial_land,artificial,1734624.7444407535,0.15826934983468527
01056037,Neuendeich,8686162.934733266,1,Artificial Land,artificial_land,artificial,298498.4257951296,0.03436482000602673
12063088,Friesack,84541496.23475263,1,Artificial Land,artificial_land,artificial,1674170.7679580078,0.019802946984865444
01056038,Osterhorn,6374418.444995083,1,Artificial Land,artificial_land,artificial,302511.9144861771,0.047457178579748925
14730360,Zschepplin,68340923.94879061,1,Artificial Land,artificial_land,artificial,1867846.9586552153,0.027331309715022803
16073076,Rudolstadt,135148386.92623073,1,Artificial Land,artificial_land,artificial,10165085.606566852,0.07521425773372606
16073077,Saalfeld/Saale,145607709.22119236,1,Artificial Land,artificial_land,artificial,10855129.754273504,0.07455051530124342
12069696,Ziesar,68066575.6939797,1,Artificial Land,artificial_land,artificial,3357825.557449544,0.04933148940158208
12069216,Golzow,40231537.20454377,1,Artificial Land,artificial_land,artificial,1234614.3470656509,0.030687724925564437
14729350,Pegau,48722638.77218679,1,Artificial Land,artificial_land,artificial,3310139.573494563,0.0679384297917819
15082015,Bitterfeld-Wolfen,86439561.37782684,1,Artificial Land,artificial_land,artificial,20762896.619059213,0.24020131856413185
15083320,Hötensleben,60781460.656822056,1,Artificial Land,artificial_land,artificial,2094568.393683707,0.03446064591158545
12061316,Lübben (Spreewald),121052302.6319176,1,Artificial Land,artificial_land,artificial,8516186.80540015,0.07035129956424889
01056050,Wedel,28219950.72389341,1,Artificial Land,artificial_land,artificial,6827163.796976662,0.24192685039652476
01056051,Westerhorn,9396717.292211529,1,Artificial Land,artificial_land,artificial,575173.9050280432,0.06121008934734859
12069249,Groß Kreutz (Havel),99526644.91150458,1,Artificial Land,artificial_land,artificial,5806153.253922227,0.0583376769013448
15084207,Gutenborn,34112737.284892656,1,Artificial Land,artificial_land,artificial,1236037.4495254003,0.03623389818303435
15089015,Aschersleben,157042636.245704,1,Artificial Land,artificial_land,artificial,12773263.63178524,0.0813362787147854
14521220,Gornau/Erzgeb.,19755555.35532984,1,Artificial Land,artificial_land,artificial,1226166.0320625473,0.062066897640098005
12065256,Oranienburg,164318985.6096604,1,Artificial Land,artificial_land,artificial,20037714.78063548,0.12194400243094888
15090010,Arneburg,31235481.426069036,1,Artificial Land,artificial_land,artificial,2257389.246437792,0.07227003213575514
12063094,Gollenberg,30299023.899701424,1,Artificial Land,artificial_land,artificial,431230.0870456069,0.01423247456660993
14729370,Rötha,46138160.32048705,1,Artificial Land,artificial_land,artificial,3632002.2583187106,0.07872013606719311
15089005,Alsleben (Saale),23866835.429368444,1,Artificial Land,artificial_land,artificial,1634169.1312642423,0.06847028949859756
03353023,Marschacht,26201655.315447405,1,Artificial Land,artificial_land,artificial,1828951.251047877,0.0698028895132287
03353026,Neu Wulmstorf,56173035.8219472,1,Artificial Land,artificial_land,artificial,6580823.007875372,0.11715270345606277
03353007,Drage,30407387.635426603,1,Artificial Land,artificial_land,artificial,1845336.4438641325,0.06068710886936549
12052000,Cottbus,165456921.7163237,1,Artificial Land,artificial_land,artificial,41884458.0653361,0.2531441878094838
14729360,Regis-Breitingen,26429546.760908872,1,Artificial Land,artificial_land,artificial,4095362.052314271,0.15495392673065417
15089041,Bördeaue,25624183.390924316,1,Artificial Land,artificial_land,artificial,1570923.8997276204,0.06130630099548917
15089042,Bördeland,92592309.36093704,1,Artificial Land,artificial_land,artificial,4583189.485299817,0.04949859785259205
15089043,Börde-Hakel,39045345.92019806,1,Artificial Land,artificial_land,artificial,2009036.7935452163,0.05145393762553264
03353040,Winsen (Luhe),110031781.06794664,1,Artificial Land,artificial_land,artificial,13169522.080286676,0.11968834778884707
15089026,Barby,154093416.53524873,1,Artificial Land,artificial_land,artificial,7144594.68177381,0.04636534669954242
14729380,Thallwitz,52891027.23506981,1,Artificial Land,artificial_land,artificial,2465612.37241642,0.046616836565835804
12067024,Bad Saarow,50298082.389564335,1,Artificial Land,artificial_land,artificial,3089245.919850702,0.06141876137392561
15089030,Bernburg (Saale),114052712.15939713,1,Artificial Land,artificial_land,artificial,16506965.598005317,0.14473102204650432
03353031,Seevetal,105494795.92269228,1,Artificial Land,artificial_land,artificial,15187847.16714409,0.1439677382595622
03353032,Stelle,38492330.25085408,1,Artificial Land,artificial_land,artificial,5205959.8546221815,0.13524667955135478
03353033,Tespe,24899031.941647574,1,Artificial Land,artificial_land,artificial,1973327.634807903,0.07925318700873668
12069270,Havelsee,82133144.0596614,1,Artificial Land,artificial_land,artificial,2926221.5381416865,0.035627779401895085
03154007,Grafhorst,9595122.928886414,1,Artificial Land,artificial_land,artificial,533213.9909461337,0.055571355875064045
13076090,Ludwigslust,78675923.22125305,1,Artificial Land,artificial_land,artificial,6578916.191590317,0.08362045111423778
12066176,Lauchhammer,89364500.39881246,1,Artificial Land,artificial_land,artificial,12597505.4279055,0.14096767029061694
13076093,Malk Göhren,22563558.96337619,1,Artificial Land,artificial_land,artificial,400550.43076905224,0.017752094490909063
13076094,Malliß,25193462.8679158,1,Artificial Land,artificial_land,artificial,764663.2995511434,0.030351655251210103
13076097,Milow,33807484.17057334,1,Artificial Land,artificial_land,artificial,420948.35481219384,0.012451336298445866
03154012,Jerxheim,17106738.656320043,1,Artificial Land,artificial_land,artificial,543265.4319470098,0.031757393554749935
13076085,Lewitzrand,46856627.23741313,1,Artificial Land,artificial_land,artificial,1142262.8102233717,0.02437782822984154
13076088,Lübtheen,120328010.22909904,1,Artificial Land,artificial_land,artificial,3253280.696776388,0.027036769664704755
13076089,Lübz,74813303.50257179,1,Artificial Land,artificial_land,artificial,3237010.4059828585,0.04326784481414569
15089055,Calbe (Saale),57425951.03109665,1,Artificial Land,artificial_land,artificial,5159804.738473881,0.08985144600704657
14524260,Remse,14386253.492598357,1,Artificial Land,artificial_land,artificial,762092.2551684619,0.05297364289879599
16065016,Etzleben,6168455.4494236335,1,Artificial Land,artificial_land,artificial,222261.7750966377,0.036031998110224714
14627020,Diera-Zehren,43387391.97460426,1,Artificial Land,artificial_land,artificial,2015519.363781367,0.04645403358102514
03154027,Söllingen,39430284.66967523,1,Artificial Land,artificial_land,artificial,969235.3832899122,0.024580988735172005
16065019,Gehofen,13548591.471329546,1,Artificial Land,artificial_land,artificial,368101.83279621165,0.027169011153311363
12067426,Rietz-Neuendorf,185234224.38259536,1,Artificial Land,artificial_land,artificial,4185441.91894026,0.02259540283600812
16065003,Bad Frankenhausen/Kyffhäuser,91109138.21694888,1,Artificial Land,artificial_land,artificial,4177858.038003256,0.045855532384193445
14627010,Coswig,26126891.1611025,1,Artificial Land,artificial_land,artificial,7406246.806628216,0.28347218048102774
14628370,Stadt Wehlen,10977521.341152163,1,Artificial Land,artificial_land,artificial,657301.4093639457,0.05987703316047096
14627040,Glaubitz,14259650.79794955,1,Artificial Land,artificial_land,artificial,1377581.1255470421,0.09660693274095672
14522060,Burgstädt,25841214.814155083,1,Artificial Land,artificial_land,artificial,3531266.9361010334,0.13665251272036583
15090415,Osterburg (Altmark),231322870.27737197,1,Artificial Land,artificial_land,artificial,6921943.545260876,0.029923299572415782
16065042,Kalbsrieth,11982585.109859249,1,Artificial Land,artificial_land,artificial,476070.8326092077,0.03973022751305121
14627030,Ebersbach,84269636.69404,1,Artificial Land,artificial_land,artificial,3198815.2166256797,0.03795928571805409
15090445,Sandau (Elbe),18434549.689568777,1,Artificial Land,artificial_land,artificial,775718.5387185281,0.042079603341624874
16073002,Altenbeuthen,8067944.710577965,1,Artificial Land,artificial_land,artificial,111021.80060206194,0.013760852929061365
12069648,Wenzlow,20707044.44068362,1,Artificial Land,artificial_land,artificial,1157100.1404571428,0.05587954107944835
01056019,Haselau,13848008.610910298,1,Artificial Land,artificial_land,artificial,549331.2407689659,0.039668609126670355
16065056,Reinsdorf,11330959.869730547,1,Artificial Land,artificial_land,artificial,646566.5458340662,0.05706193943562539
14627060,Großenhain,130422644.6610693,1,Artificial Land,artificial_land,artificial,9278621.240137361,0.07114271654473663
15087250,Kelbra (Kyffhäuser),40621471.96106028,1,Artificial Land,artificial_land,artificial,1776183.7624138314,0.043725243736033995
14522080,Döbeln,91232608.068295,1,Artificial Land,artificial_land,artificial,8535097.333534315,0.09355314414715737
15090435,Rochau,39086676.02958891,1,Artificial Land,artificial_land,artificial,1024072.3179054464,0.026200035969551772
01056020,Haseldorf,17815283.524139255,1,Artificial Land,artificial_land,artificial,710095.7996057122,0.03985879869066077
12069656,Werder (Havel),117238083.591075,1,Artificial Land,artificial_land,artificial,12876015.61707882,0.10982792640990452
01056024,Heist,10018888.267545355,1,Artificial Land,artificial_land,artificial,1133445.1141875477,0.11313082688616945
12067481,Storkow (Mark),180695975.93586615,1,Artificial Land,artificial_land,artificial,8584233.89309975,0.04750650283516288
01056027,Hetlingen,16599690.141962444,1,Artificial Land,artificial_land,artificial,661940.8700356495,0.03987670037058859
01056028,Holm,15978636.194305196,1,Artificial Land,artificial_land,artificial,1574141.0958024813,0.09851535992561787
12067469,Spreenhagen,137738247.98115382,1,Artificial Land,artificial_land,artificial,5927706.026178678,0.04303602022721926
14524290,Waldenburg,25083048.223122895,1,Artificial Land,artificial_land,artificial,1318565.3906539336,0.05256798850461921
14730310,Torgau,102853060.15132137,1,Artificial Land,artificial_land,artificial,9000957.004356945,0.08751277785137741
12071041,Dissen-Striesow,19911812.74790296,1,Artificial Land,artificial_land,artificial,732190.9313523538,0.036771686265956144
12068320,Neuruppin,305934233.01816416,1,Artificial Land,artificial_land,artificial,11669880.7645763,0.038145063563002526
16065046,Mönchpfiffel-Nikolausrieth,9268732.690789605,1,Artificial Land,artificial_land,artificial,293538.5586242925,0.03166976202863025
14627050,Gröditz,29040876.612622075,1,Artificial Land,artificial_land,artificial,3371906.219788406,0.11610896822318614
12068324,Neustadt (Dosse),75664484.23327327,1,Artificial Land,artificial_land,artificial,2704466.6730722366,0.03574288122726612
12071028,Briesen,9164530.61977494,1,Artificial Land,artificial_land,artificial,535472.9904710616,0.05842885060754062
12069688,Wusterwitz,23864482.92313698,1,Artificial Land,artificial_land,artificial,1790657.512949999,0.07503441489670531
01056015,Elmshorn,21702124.601431817,1,Artificial Land,artificial_land,artificial,11153470.437355187,0.5139344945342046
01056016,Groß Nordende,5336383.998411052,1,Artificial Land,artificial_land,artificial,272257.3887911661,0.05101907750121294
12067473,Steinhöfel,161138405.97169286,1,Artificial Land,artificial_land,artificial,3620231.833073127,0.022466598271482792
12071032,Burg (Spreewald),35368051.73040276,1,Artificial Land,artificial_land,artificial,2377087.8093955107,0.0672100297611853
13076006,Barkhagen,30384060.435054645,1,Artificial Land,artificial_land,artificial,442631.3633061928,0.014567880558699814
13076008,Belsch,22625583.52322813,1,Artificial Land,artificial_land,artificial,1006758.2539056061,0.04449645477085869
13076009,Bengerstorf,33049640.00110774,1,Artificial Land,artificial_land,artificial,333520.0469834716,0.010091488045627511
12067408,Rauen,21643502.72157179,1,Artificial Land,artificial_land,artificial,1190861.9286883236,0.05502168221141985
14625240,Hoyerswerda,95962109.1018878,1,Artificial Land,artificial_land,artificial,15368793.14524282,0.160154807861976
13076010,Besitz,22187644.02126526,1,Artificial Land,artificial_land,artificial,257658.56047938892,0.011612704811400512
16065085,Kyffhäuserland,129109407.51909108,1,Artificial Land,artificial_land,artificial,2339687.4544862844,0.018121742632428398
16065086,Artern,44869652.329491064,1,Artificial Land,artificial_land,artificial,3755980.0542126917,0.08370869528097576
13076012,Blievenstorf,21448027.28281925,1,Artificial Land,artificial_land,artificial,454892.1605783413,0.02120904429018181
12071060,Drehnow,10968965.45124516,1,Artificial Land,artificial_land,artificial,647827.9613814618,0.059060078569936836
16065087,Roßleben-Wiehe,72953515.34495515,1,Artificial Land,artificial_land,artificial,4399008.152056633,0.06029878246793533
16065088,An der Schmücke,95013330.85967591,1,Artificial Land,artificial_land,artificial,4289125.989413668,0.045142360031017424
13076014,Boizenburg/Elbe,47238842.90497926,1,Artificial Land,artificial_land,artificial,4132889.147626618,0.08748921212866936
14627070,Hirschstein,34760214.33588495,1,Artificial Land,artificial_land,artificial,1257872.0545224217,0.036187120204947895
14713000,Leipzig,299088853.71073973,1,Artificial Land,artificial_land,artificial,109980896.43669064,0.36771980992329917
12062196,Gröden,22402858.92871034,1,Artificial Land,artificial_land,artificial,1178990.2513021675,0.05262677656695123
14522460,Penig,63608667.65588005,1,Artificial Land,artificial_land,artificial,4857616.228770101,0.07636720603942816
14729320,Neukieritzsch,57209117.342527494,1,Artificial Land,artificial_land,artificial,6890813.27730704,0.12044956463931707
12067493,Tauche,121952418.64925414,1,Artificial Land,artificial_land,artificial,3493676.042684935,0.028647861857771382
12071052,Drachhausen,38300791.51922781,1,Artificial Land,artificial_land,artificial,1497290.8703420395,0.03909294849925928
16076012,Caaschwitz,4097838.24899341,1,Artificial Land,artificial_land,artificial,686975.1581742581,0.16764330762518656
13076030,Dersenow,22443987.350011803,1,Artificial Land,artificial_land,artificial,387539.1744935144,0.017266948535029834
14523330,Pöhl,36654093.105269566,1,Artificial Land,artificial_land,artificial,1591966.32705817,0.043432157016846266
13076034,Dömitz,60496863.98778597,1,Artificial Land,artificial_land,artificial,2133419.109091413,0.03526495372590124
13076016,Brahlstorf,21895462.27090615,1,Artificial Land,artificial_land,artificial,678131.4113896416,0.03097132195700278
13076017,Brenz,12654634.15903614,1,Artificial Land,artificial_land,artificial,710611.1844719388,0.05615422583864436
13076018,Bresegard bei Eldena,11143815.295551412,1,Artificial Land,artificial_land,artificial,231243.55974502422,0.02075084283183841
01051103,Schmedeswurth,5887846.1293954775,1,Artificial Land,artificial_land,artificial,193678.24904354807,0.032894583993388696
16076022,Greiz,84912677.81935868,1,Artificial Land,artificial_land,artificial,6898563.048857062,0.08124302784953867
13076019,Bresegard bei Picher,16581224.118175805,1,Artificial Land,artificial_land,artificial,283307.7028909197,0.017086054737078603
14522480,Reinsberg,48765913.081287704,1,Artificial Land,artificial_land,artificial,1264949.9657318976,0.025939224466552235
14523320,Plauen,101719133.12763377,1,Artificial Land,artificial_land,artificial,17684140.878276147,0.17385265027855357
13076049,Gorlosen,53231150.54896304,1,Artificial Land,artificial_land,artificial,544858.327440962,0.010235704504259978
12071076,Forst (Lausitz),111087397.72670946,1,Artificial Land,artificial_land,artificial,12865671.140739609,0.11581575771889949
12071412,Werben,25107230.69742649,1,Artificial Land,artificial_land,artificial,1178709.6525045147,0.04694701963388313
14524200,Mülsen,49108021.31470883,1,Artificial Land,artificial_land,artificial,3781069.558774455,0.0769949482294036
16076039,Langenwetzendorf,58327544.83979913,1,Artificial Land,artificial_land,artificial,2499250.183728825,0.04284854078108719
15085090,Ditfurt,23929171.404765,1,Artificial Land,artificial_land,artificial,1022418.2426532449,0.04272685524119951
13076050,Grabow,72336024.30337732,1,Artificial Land,artificial_land,artificial,3727187.303655096,0.051526018184566945
13076053,Grebs-Niendorf,31186526.12191532,1,Artificial Land,artificial_land,artificial,535722.5636348987,0.017178013400422854
01058172,Westerrönfeld,7731811.63513024,1,Artificial Land,artificial_land,artificial,1774538.6263075164,0.2295113629313895
14612000,Dresden,328736783.09641767,1,Artificial Land,artificial_land,artificial,105385893.89509514,0.32057834508949895
13076058,Groß Laasch,27467259.64554101,1,Artificial Land,artificial_land,artificial,1221967.3369917017,0.044488141618819046
13076037,Eldena,34251458.78441228,1,Artificial Land,artificial_land,artificial,1149934.0630003875,0.03357328720619977
12061217,Heidesee,136364223.14755517,1,Artificial Land,artificial_land,artificial,5723175.302034032,0.04196977161554446
14628310,Rathen,3743511.710648861,1,Artificial Land,artificial_land,artificial,253157.34279632542,0.06762563132264005
13076040,Gallin-Kuppentin,29592968.88817017,1,Artificial Land,artificial_land,artificial,396103.9208530551,0.013385068674586352
12070125,Groß Pankow (Prignitz),250928782.20071307,1,Artificial Land,artificial_land,artificial,3544949.4826878244,0.014127313142787614
13076046,Göhlen,33994605.65105992,1,Artificial Land,artificial_land,artificial,604309.1754276983,0.017776619668151864
01051118,Trennewurth,8075378.942849048,1,Artificial Land,artificial_land,artificial,208355.62392283438,0.025801343243135176
01051119,Volsemenhusen,16715100.23053301,1,Artificial Land,artificial_land,artificial,343867.9706042566,0.020572294862828435
15084590,Zeitz,87425518.6237047,1,Artificial Land,artificial_land,artificial,11111365.528110957,0.12709522005738724
14522490,Rochlitz,23581724.78775827,1,Artificial Land,artificial_land,artificial,2048359.9544347867,0.08686217708291338
13076075,Kreien,25035627.882163573,2,Open Soil,open_soil,open_or_seasonal,300.02918366358244,1.1984088638629101e-5
13076079,Kuhstorf,15091729.821307696,2,Open Soil,open_soil,open_or_seasonal,0,0
14521150,Drebach,33008113.855999652,2,Open Soil,open_soil,open_or_seasonal,31535.19527252656,9.553770751670692e-4
15083245,Gröningen,59726899.683835134,2,Open Soil,open_soil,open_or_seasonal,24679.609568746113,4.132076116354246e-4
14628330,Reinhardtsdorf-Schöna,31817093.770008847,2,Open Soil,open_soil,open_or_seasonal,8658.04401328204,2.721192600388666e-4
13076067,Karenz,6848559.861875899,2,Open Soil,open_soil,open_or_seasonal,0,0
16076093,Mohlsdorf-Teichwolframsdorf,51148534.17445346,2,Open Soil,open_soil,open_or_seasonal,4386.752179371175,8.57649637506557e-5
16076094,Berga-Wünschendorf,62985940.27364644,2,Open Soil,open_soil,open_or_seasonal,805217.2048363581,0.012784078499710262
13076069,Karstädt,19717514.76181327,2,Open Soil,open_soil,open_or_seasonal,11.651727566812708,5.909328689525569e-7
15084130,Elsteraue,80483183.11954002,2,Open Soil,open_soil,open_or_seasonal,4880213.994711174,0.06063644360912878
14628320,Rathmannsdorf,4195836.411452889,2,Open Soil,open_soil,open_or_seasonal,191.78641788390098,4.570874530770642e-5
14522020,Augustusburg,23353480.299974073,2,Open Soil,open_soil,open_or_seasonal,100.06241451714686,4.284689615074544e-6
15002000,Halle (Saale),135858053.42722595,2,Open Soil,open_soil,open_or_seasonal,297479.0814587616,0.0021896315599583497
15083270,Haldensleben,156410219.9081429,2,Open Soil,open_soil,open_or_seasonal,243825.41000169163,0.0015588841326665624
12061260,Königs Wusterhausen,95986510.3169408,2,Open Soil,open_soil,open_or_seasonal,501527.3747363128,0.00522497768780534
15084150,Gleina,29877869.66065514,2,Open Soil,open_soil,open_or_seasonal,247485.04417244732,0.008283222565173365
12072312,Nuthe-Urstromtal,341614674.8878322,2,Open Soil,open_soil,open_or_seasonal,149417.8825886659,4.3738718963910625e-4
15084135,Freyburg (Unstrut),46843268.74310584,2,Open Soil,open_soil,open_or_seasonal,95117.0381318126,0.002030538019313852
12062124,Elsterwerda,40441722.63077532,2,Open Soil,open_soil,open_or_seasonal,18302.376132950503,4.5256173432688476e-4
12062128,Falkenberg/Elster,82069829.47278139,2,Open Soil,open_soil,open_or_seasonal,35774.40651634017,4.359020451992631e-4
12067397,Ragow-Merz,43897070.919061154,2,Open Soil,open_soil,open_or_seasonal,0,0
12066064,Frauendorf,20849051.531904455,2,Open Soil,open_soil,open_or_seasonal,0,0
12061265,Krausnick-Groß Wasserburg,54774429.42453899,2,Open Soil,open_soil,open_or_seasonal,14652.580480835373,2.675076789439089e-4
15084170,Goseck,14467892.210808836,2,Open Soil,open_soil,open_or_seasonal,30.79125314204453,2.128247342003326e-6
01058119,Oldenbüttel,8000288.08312802,2,Open Soil,open_soil,open_or_seasonal,0,0
14522420,Niederwiesa,16599271.8798012,2,Open Soil,open_soil,open_or_seasonal,400.24082016978355,2.411195039565657e-5
16075134,Remptendorf,97383600.17456956,2,Open Soil,open_soil,open_or_seasonal,1788.8969353489442,1.83695913084151e-5
16075135,Saalburg-Ebersdorf,71996977.28873697,2,Open Soil,open_soil,open_or_seasonal,25593.28371246373,3.554771974637813e-4
16075136,Rosenthal am Rennsteig,56292295.44415217,2,Open Soil,open_soil,open_or_seasonal,14449.729845023112,2.566910752353091e-4
01058124,Osterrönfeld,17906363.46134805,2,Open Soil,open_soil,open_or_seasonal,7174.106995368624,4.006456705100598e-4
16075125,Wilhelmsdorf,9420791.17988135,2,Open Soil,open_soil,open_or_seasonal,0,0
16075127,Ziegenrück,8250127.516421139,2,Open Soil,open_soil,open_or_seasonal,0,0
16076003,Bad Köstritz,20159072.262280148,2,Open Soil,open_soil,open_or_seasonal,0,0
14522440,Oederan,77683163.59427962,2,Open Soil,open_soil,open_or_seasonal,41080.22609972361,5.288176253258132e-4
12073572,Templin,379582812.2804865,2,Open Soil,open_soil,open_or_seasonal,143470.23833982,3.77968215889093e-4
01058140,Schacht-Audorf,6278333.662421584,2,Open Soil,open_soil,open_or_seasonal,847.1577480750593,1.349335339001888e-4
01058148,Schülp b.Rendsburg,11012699.40867108,2,Open Soil,open_soil,open_or_seasonal,9578.339569235268,8.69754018864218e-4
03360002,Bad Bevensen,48140251.44442914,2,Open Soil,open_soil,open_or_seasonal,11708.043539033231,2.432069461155277e-4
03360004,Bienenbüttel,99488670.05538411,2,Open Soil,open_soil,open_or_seasonal,6362.027368344374,6.394725514777424e-5
03360008,Emmendorf,11000591.927796615,2,Open Soil,open_soil,open_or_seasonal,15024.159723598159,0.0013657592084326548
12062500,Uebigau-Wahrenbrück,135901487.06611395,2,Open Soil,open_soil,open_or_seasonal,13078.57754008316,9.623572061224494e-5
01058132,Rade b.Rendsburg,6537224.4244546015,2,Open Soil,open_soil,open_or_seasonal,0,0
01058135,Rendsburg,23814387.481500052,2,Open Soil,open_soil,open_or_seasonal,11339.732033403436,4.7617147584470035e-4
03359001,Agathenburg,11100004.708568253,2,Open Soil,open_soil,open_or_seasonal,489.5368158709311,4.4102397136196764e-5
03359004,Balje,58446108.6453896,2,Open Soil,open_soil,open_or_seasonal,0,0
03359007,Bliedersdorf,12401586.096952744,2,Open Soil,open_soil,open_or_seasonal,7175.474460382393,5.785932867204394e-4
03359009,Burweg,16255046.295608832,2,Open Soil,open_soil,open_or_seasonal,32261.302209681176,0.001984694575640569
03360025,Uelzen,136860915.81507882,2,Open Soil,open_soil,open_or_seasonal,32815.7698967748,2.3977458941685148e-4
15091241,Oranienbaum-Wörlitz,115899933.39697148,2,Open Soil,open_soil,open_or_seasonal,98621.2325426139,8.509170769307009e-4
02000000,Hamburg,742109107.0919194,2,Open Soil,open_soil,open_or_seasonal,2424977.0206180485,0.0032676826054873964
15089365,Wolmirsleben,16869354.158058494,2,Open Soil,open_soil,open_or_seasonal,26402.319464050004,0.0015651055290363685
01058158,Tackesdorf,7595935.643578419,2,Open Soil,open_soil,open_or_seasonal,0,0
03360012,Jelmstorf,13955288.939884534,2,Open Soil,open_soil,open_or_seasonal,0,0
12065144,Hohen Neuendorf,49014227.56596513,2,Open Soil,open_soil,open_or_seasonal,41490.67760571992,8.465027333110627e-4
13071110,Neustrelitz,139943510.287917,2,Open Soil,open_soil,open_or_seasonal,256570.0632885691,0.0018333830755045872
15084565,Wetterzeube,41934541.89197438,2,Open Soil,open_soil,open_or_seasonal,6098.324280213241,1.4542484560634643e-4
13071119,Priepert,22199734.212614417,2,Open Soil,open_soil,open_or_seasonal,1515.2236966521514,6.825413683516829e-5
03359020,Grünendeich,2588844.4192941617,2,Open Soil,open_soil,open_or_seasonal,0,0
03359021,Guderhandviertel,9223870.486279769,2,Open Soil,open_soil,open_or_seasonal,0,0
03359022,Hammah,29370105.30183487,2,Open Soil,open_soil,open_or_seasonal,800.3918558156147,2.7251923259723926e-5
03359023,Harsefeld,52010606.29360163,2,Open Soil,open_soil,open_or_seasonal,13486.000164040111,2.5929326968255636e-4
03359025,Himmelpforten,18215753.037146464,2,Open Soil,open_soil,open_or_seasonal,0,0
03359026,Hollern-Twielenfleth,17708013.179927923,2,Open Soil,open_soil,open_or_seasonal,3416.247008644997,1.929209660018393e-4
03359027,Horneburg,16902118.424427122,2,Open Soil,open_soil,open_or_seasonal,1014.398546175189,6.001605956737171e-5
03359028,Jork,53147595.539435685,2,Open Soil,open_soil,open_or_seasonal,20396.755284311505,3.8377569252737024e-4
03359029,Kranenburg,14241579.451314503,2,Open Soil,open_soil,open_or_seasonal,200.10425889835642,1.4050706916492097e-5
12069590,Schwielowsee,58307568.467751876,2,Open Soil,open_soil,open_or_seasonal,28797.782139132738,4.93894410209541e-4
15084550,Weißenfels,113730963.2180518,2,Open Soil,open_soil,open_or_seasonal,242397.71858128897,0.0021313256453877874
12065136,Hennigsdorf,30730259.606725983,2,Open Soil,open_soil,open_or_seasonal,18028.802587709477,5.866791500766718e-4
14729250,Machern,39068604.93483402,2,Open Soil,open_soil,open_or_seasonal,74793.01728041437,0.0019144020475051068
15088020,Bad Dürrenberg,36456820.25492409,2,Open Soil,open_soil,open_or_seasonal,162168.79273939057,0.004448242924243702
03359010,Buxtehude,76262592.45658633,2,Open Soil,open_soil,open_or_seasonal,288926.54230970953,0.003788574883212703
03359012,Dollern,11986902.817578904,2,Open Soil,open_soil,open_or_seasonal,896.2909266816469,7.477251966765158e-5
03359013,Drochtersen,106914216.90756306,2,Open Soil,open_soil,open_or_seasonal,20844.89040533871,1.9496836817652592e-4
03359015,Engelschoff,19629177.4223999,2,Open Soil,open_soil,open_or_seasonal,500.2541858610275,2.5485234306872218e-5
03359016,Estorf,29452008.467342824,2,Open Soil,open_soil,open_or_seasonal,0,0
12068264,Kyritz,157576666.42114767,2,Open Soil,open_soil,open_or_seasonal,87197.86219468967,5.533678568985594e-4
03359018,Freiburg (Elbe),26092407.30783692,2,Open Soil,open_soil,open_or_seasonal,0,0
03359019,Großenwörden,12340566.848252848,2,Open Soil,open_soil,open_or_seasonal,0,0
13071137,Sietow,18847417.38042587,2,Open Soil,open_soil,open_or_seasonal,971.5615194635247,5.154878781814146e-5
13071138,Silz,10677284.917102613,2,Open Soil,open_soil,open_or_seasonal,597.1465607779368,5.5926817108855275e-5
03352051,Steinau,36028682.80064326,2,Open Soil,open_soil,open_or_seasonal,0,0
03359040,Wischhafen,27624832.21567756,2,Open Soil,open_soil,open_or_seasonal,1300.5393099364073,4.70786319997386e-5
03352052,Stinstedt,30437815.314012676,2,Open Soil,open_soil,open_or_seasonal,182.080377605016,5.982044891414777e-6
03352055,Wanna,54053527.13815224,2,Open Soil,open_soil,open_or_seasonal,0,0
03352056,Wingst,55608496.481304646,2,Open Soil,open_soil,open_or_seasonal,0,0
03352038,Neuenkirchen,19402083.724760316,2,Open Soil,open_soil,open_or_seasonal,95.64396945113413,4.929572040196712e-6
03352039,Neuhaus (Oste),9842364.398027057,2,Open Soil,open_soil,open_or_seasonal,753.374635419714,7.654407060672647e-5
14730270,Schkeuditz,80324651.47217132,2,Open Soil,open_soil,open_or_seasonal,1168380.431672068,0.014545726750857505
03352041,Nordleda,21315494.84257512,2,Open Soil,open_soil,open_or_seasonal,200.12086916335102,9.388516224527605e-6
03359030,Krummendeich,30095423.4804926,2,Open Soil,open_soil,open_or_seasonal,0,0
03352042,Oberndorf,32464128.553422045,2,Open Soil,open_soil,open_or_seasonal,100.0546783812606,3.082007213488373e-6
03352043,Odisheim,13582666.151718097,2,Open Soil,open_soil,open_or_seasonal,0,0
03359032,Mittelnkirchen,6941695.411593951,2,Open Soil,open_soil,open_or_seasonal,0,0
03352044,Osten,47849840.1291706,2,Open Soil,open_soil,open_or_seasonal,0,0
03359033,Neuenkirchen,8152226.686350301,2,Open Soil,open_soil,open_or_seasonal,0,0
03352045,Osterbruch,10521142.056641445,2,Open Soil,open_soil,open_or_seasonal,0,0
03359034,Nottensdorf,6984233.280373003,2,Open Soil,open_soil,open_or_seasonal,13957.071701158935,0.001998368488117501
03352046,Otterndorf,33956318.90340103,2,Open Soil,open_soil,open_or_seasonal,10762.214620809886,3.1694291278822783e-4
01051024,Eddelak,9422591.509592954,2,Open Soil,open_soil,open_or_seasonal,0,0
03359035,Oederquart,37724566.29746619,2,Open Soil,open_soil,open_or_seasonal,0,0
12065180,Leegebruch,6196386.074688744,2,Open Soil,open_soil,open_or_seasonal,100.0105938354991,1.614014889163e-5
03359038,Stade,100012094.83540148,2,Open Soil,open_soil,open_or_seasonal,147612.16195236324,0.0014759431066342656
03359039,Steinkirchen,8591791.077775855,2,Open Soil,open_soil,open_or_seasonal,0,0
14729260,Markkleeberg,31294371.481885165,2,Open Soil,open_soil,open_or_seasonal,26338.119789648037,8.41624820773088e-4
13071156,Waren (Müritz),159864746.249927,2,Open Soil,open_soil,open_or_seasonal,45071.45774853279,2.819349406658403e-4
13071159,Wesenberg,90112541.72905004,2,Open Soil,open_soil,open_or_seasonal,10807.530914937011,1.1993370409452042e-4
01051034,Friedrichskoog,52644739.12260729,2,Open Soil,open_soil,open_or_seasonal,307032.7832451621,0.005832164587806128
01051016,Burg (Dithmarschen),11374810.187515236,2,Open Soil,open_soil,open_or_seasonal,200.10826461582838,1.7592228909055834e-5
03352061,Wurster Nordseeküste,181747830.48425624,2,Open Soil,open_soil,open_or_seasonal,182658.07596299157,0.0010050082880016231
03352062,Geestland,355996953.8423922,2,Open Soil,open_soil,open_or_seasonal,248650.66010298784,6.984628868849002e-4
03352063,Cadenberge,30845858.23362863,2,Open Soil,open_soil,open_or_seasonal,474.9597984683061,1.5397846766685116e-5
01051021,Diekhusen-Fahrstedt,7528229.912736982,2,Open Soil,open_soil,open_or_seasonal,0,0
01051022,Dingen,6798996.813680679,2,Open Soil,open_soil,open_or_seasonal,786.3994788444415,1.1566404579894476e-4
01051046,Helse,11771771.888879798,2,Open Soil,open_soil,open_or_seasonal,0,0
13071176,Südmüritz,69521651.59671196,2,Open Soil,open_soil,open_or_seasonal,3351.8758307467265,4.821340911448159e-5
01051051,Hochdonn,5461761.440063529,2,Open Soil,open_soil,open_or_seasonal,0,0
15082301,Raguhn-Jeßnitz,97547663.79529916,2,Open Soil,open_soil,open_or_seasonal,16360.005100881808,1.6771293605977883e-4
12065193,Liebenwalde,142108984.33563513,2,Open Soil,open_soil,open_or_seasonal,8117.706950312256,5.712310863569142e-5
12065198,Löwenberger Land,245462895.6625957,2,Open Soil,open_soil,open_or_seasonal,399617.3938941712,0.0016280154799586113
14626060,Boxberg/O.L.,217157658.1790037,2,Open Soil,open_soil,open_or_seasonal,7937196.076842715,0.03655038529794819
12070052,Breese,23853680.377576068,2,Open Soil,open_soil,open_or_seasonal,100.0189424092041,4.1930193088035205e-6
15087101,Brücken-Hackpfüffel,16744209.004627198,2,Open Soil,open_soil,open_or_seasonal,1614.2250805919066,9.640497679799754e-5
01051072,Marne,4805804.876825534,2,Open Soil,open_soil,open_or_seasonal,500.2917100542545,1.0410154446069007e-4
01051073,Marnerdeich,1293267.715960469,2,Open Soil,open_soil,open_or_seasonal,0,0
01051076,Neufeld,10473403.63389396,2,Open Soil,open_soil,open_or_seasonal,100.05675066823005,9.553413022718523e-6
16068005,Büchel,6463514.723747343,2,Open Soil,open_soil,open_or_seasonal,0,0
01051077,Neufelderkoog,9758328.39693758,2,Open Soil,open_soil,open_or_seasonal,0,0
01051057,Kaiser-Wilhelm-Koog,13218612.582973186,2,Open Soil,open_soil,open_or_seasonal,0,0
16068009,Elxleben,12182387.021896468,2,Open Soil,open_soil,open_or_seasonal,185044.28304485022,0.015189493053557893
12062024,Bad Liebenwerda,139221533.97102642,2,Open Soil,open_soil,open_or_seasonal,192767.34919446683,0.0013846087145870977
12069537,Rosenau,49729511.31494759,2,Open Soil,open_soil,open_or_seasonal,2943.0876943940757,5.918191465335089e-5
03355042,Wittorf,12084300.577132616,2,Open Soil,open_soil,open_or_seasonal,2940.5399752032736,2.4333555396393575e-4
01051062,Kronprinzenkoog,28357505.18953096,2,Open Soil,open_soil,open_or_seasonal,3784.8601036285017,0.00013346943175472991
16068014,Gebesee,23929036.68319125,2,Open Soil,open_soil,open_or_seasonal,190.2221756977176,7.949428897459025e-6
01051064,Kuden,11394487.396027938,2,Open Soil,open_soil,open_or_seasonal,0,0
03355049,Amt Neuhaus,237864004.5582604,2,Open Soil,open_soil,open_or_seasonal,12465.52001127922,5.2406079828804116e-5
14524150,Langenweißbach,22731716.17384742,2,Open Soil,open_soil,open_or_seasonal,1940.496395859911,8.536515153626764e-5
14628270,Pirna,53425302.548493326,2,Open Soil,open_soil,open_or_seasonal,48375.70083200139,9.054829551613959e-4
12069541,Roskow,39287218.17786935,2,Open Soil,open_soil,open_or_seasonal,37414.5559559511,9.523340590458725e-4
15087125,Edersleben,9134917.8716069,2,Open Soil,open_soil,open_or_seasonal,19141.447141663237,0.00209541535136934
12070060,Cumlosen,22136539.600718543,2,Open Soil,open_soil,open_or_seasonal,32981.64414771296,0.0014899186929217426
01051090,Ramhusen,4807202.395817772,2,Open Soil,open_soil,open_or_seasonal,0,0
03355032,Rullstorf,22705490.788275145,2,Open Soil,open_soil,open_or_seasonal,45921.84834119799,0.002022499701478001
03355033,Scharnebeck,27037799.21691025,2,Open Soil,open_soil,open_or_seasonal,15480.59864609501,5.725539464918055e-4
16068002,Andisleben,6730100.624243133,2,Open Soil,open_soil,open_or_seasonal,600.2538061445302,8.91894251896174e-5
14524180,Limbach-Oberfrohna,50092485.45446207,2,Open Soil,open_soil,open_or_seasonal,44977.63019546869,8.978917653498513e-4
01051097,Sankt Michaelisdonn,23004753.334857874,2,Open Soil,open_soil,open_or_seasonal,1064.1906357925127,4.625959775799906e-5
12071372,Spremberg,202891853.28971308,2,Open Soil,open_soil,open_or_seasonal,3676175.4328889176,0.018118891287565095
15090310,Klietz,66361888.75843367,2,Open Soil,open_soil,open_or_seasonal,52016.045282137224,7.838240631077082e-4
12072232,Luckenwalde,46648169.57139833,2,Open Soil,open_soil,open_or_seasonal,73620.3585548299,0.0015782046590734652
16068015,Griefstedt,5038003.124141913,2,Open Soil,open_soil,open_or_seasonal,0,0
15089305,Schönebeck (Elbe),86651504.83816189,2,Open Soil,open_soil,open_or_seasonal,31742.493315908134,3.6632362444476016e-4
12072240,Ludwigsfelde,110371846.037488,2,Open Soil,open_soil,open_or_seasonal,134626.88127668135,0.001219757448207898
15087165,Gerbstedt,102354651.5951092,2,Open Soil,open_soil,open_or_seasonal,60527.97111324229,5.913553528829997e-4
12065100,Gransee,121765707.25394532,2,Open Soil,open_soil,open_or_seasonal,186883.36084230972,0.0015347782643972162
15089310,Staßfurt,147453642.098848,2,Open Soil,open_soil,open_or_seasonal,518056.23661212664,0.003513349885687049
16068049,Schwerstedt,12696792.66930464,2,Open Soil,open_soil,open_or_seasonal,937.2321036622043,7.381644546563533e-5
14625120,Elsterheide,127662995.54836445,2,Open Soil,open_soil,open_or_seasonal,1185943.6862239072,0.00928964326060028
16068051,Sömmerda,87917087.60362361,2,Open Soil,open_soil,open_or_seasonal,140214.62769016388,0.0015948506884386916
01002000,Kiel,112723309.79272144,2,Open Soil,open_soil,open_or_seasonal,113929.80353676187,0.0010107031433539255
16068053,Straußfurt,21957904.249343578,2,Open Soil,open_soil,open_or_seasonal,14670.931396096548,6.681389639694384e-4
16068057,Walschleben,16861722.674348123,2,Open Soil,open_soil,open_or_seasonal,213.57972270879213,1.2666542252750528e-5
16068058,Weißensee,55402086.43048872,2,Open Soil,open_soil,open_or_seasonal,6712.299462846887,1.2115607724031479e-4
12061192,Groß Köris,69088656.33213338,2,Open Soil,open_soil,open_or_seasonal,5189.699665072818,7.511652332799921e-5
03352004,Belum,25542530.37904467,2,Open Soil,open_soil,open_or_seasonal,0,0
03352008,Bülkau,22980760.30528494,2,Open Soil,open_soil,open_or_seasonal,200.1149597890617,8.707934686697062e-6
12051000,Brandenburg an der Havel,229676220.47988737,2,Open Soil,open_soil,open_or_seasonal,235012.0926162242,0.0010232321488275451
16068044,Riethnordhausen,12507221.29377836,2,Open Soil,open_soil,open_or_seasonal,36912.21741733173,0.002951272432965865
16068045,Ringleben,6612685.463937223,2,Open Soil,open_soil,open_or_seasonal,0,0
03352011,Cuxhaven,161968595.94766963,2,Open Soil,open_soil,open_or_seasonal,452408.51616376,0.0027931866268071405
14522330,Lichtenau,49149615.820938915,2,Open Soil,open_soil,open_or_seasonal,21468.91066207679,4.368072934749272e-4
16075062,Bad Lobenstein,49171760.81963101,2,Open Soil,open_soil,open_or_seasonal,100.0561397021338,2.0348293010932417e-6
16068059,Werningshausen,12699180.881688392,2,Open Soil,open_soil,open_or_seasonal,0,0
03352002,Armstorf,39634923.870285094,2,Open Soil,open_soil,open_or_seasonal,5630.64087901601,1.4206261370511644e-4
16075046,Hirschberg,24263319.632687926,2,Open Soil,open_soil,open_or_seasonal,14031.168249253387,5.782872443534222e-4
03352029,Lamstedt,52748696.2280303,2,Open Soil,open_soil,open_or_seasonal,8553.949024955144,1.6216417914817832e-4
14522360,Mittweida,41127840.98173508,2,Open Soil,open_soil,open_or_seasonal,48740.72434766095,0.001185102917736595
16068062,Wundersleben,6943238.073568635,2,Open Soil,open_soil,open_or_seasonal,0,0
16068064,Kindelbrück,64497659.140878424,2,Open Soil,open_soil,open_or_seasonal,3229.6506637819093,5.0073920616678105e-5
16071101,Ilmtal-Weinstraße,84670578.55677061,2,Open Soil,open_soil,open_or_seasonal,2731.9865210181333,3.226606653202882e-5
16075079,Paska,6513323.312807415,2,Open Soil,open_soil,open_or_seasonal,0,0
03352036,Mittelstenahe,33789268.79522018,2,Open Soil,open_soil,open_or_seasonal,104255.89435374166,0.003085473526686368
14625160,Großdubrau,54384025.184921,2,Open Soil,open_soil,open_or_seasonal,21532.570545860952,3.9593557984434125e-4
14522350,Lunzenau,28121157.817220245,2,Open Soil,open_soil,open_or_seasonal,58200.528573800715,0.0020696348618391915
15091145,Jessen (Elster),354368138.6270962,2,Open Soil,open_soil,open_or_seasonal,314915.0807722224,8.886664641812213e-4
03352020,Hechthausen,30700812.16132706,2,Open Soil,open_soil,open_or_seasonal,2756.99563189265,8.980204228491256e-5
03352022,Hemmoor,45136113.48845031,2,Open Soil,open_soil,open_or_seasonal,8376.892217992317,1.8559179270354867e-4
03352024,Hollnseth,20900774.153643504,2,Open Soil,open_soil,open_or_seasonal,2061.5918755611438,9.86371059945528e-5
01051003,Averlak,9015229.290474849,2,Open Soil,open_soil,open_or_seasonal,0,0
03352025,Ihlienworth,40263231.48540739,2,Open Soil,open_soil,open_or_seasonal,0,0
15001000,Dessau-Roßlau,246351623.04511577,2,Open Soil,open_soil,open_or_seasonal,159508.03552086165,6.474811635060754e-4
14627310,Weinböhla,19129566.25464748,2,Open Soil,open_soil,open_or_seasonal,1843.1726531236038,9.63520358270439e-5
14521495,Pockau-Lengefeld,83505276.29702461,2,Open Soil,open_soil,open_or_seasonal,52352.69915858738,6.269388172834866e-4
12062410,Röderland,46885908.81827827,2,Open Soil,open_soil,open_or_seasonal,182375.69258873875,0.003889776207508222
01051010,Brickeln,6016044.624081735,2,Open Soil,open_soil,open_or_seasonal,0,0
01051011,Brunsbüttel,49819003.98502033,2,Open Soil,open_soil,open_or_seasonal,39563.80607102214,7.941508843275602e-4
01051012,Buchholz,14556561.416269422,2,Open Soil,open_soil,open_or_seasonal,52246.10280577306,0.003589178880348706
12070008,Bad Wilsnack,79705672.07947846,2,Open Soil,open_soil,open_or_seasonal,218.69429078953058,2.743773248301071e-6
15091160,Kemberg,237161020.8747511,2,Open Soil,open_soil,open_or_seasonal,62317.5395206491,2.6276467899655437e-4
16064003,Bad Langensalza,128346753.40334764,2,Open Soil,open_soil,open_or_seasonal,41557.966564024806,3.237944510635425e-4
16064004,Bad Tennstedt,27487298.077159584,2,Open Soil,open_soil,open_or_seasonal,1046.142806419739,3.805913565906376e-5
16064005,Ballhausen,14758485.728867829,2,Open Soil,open_soil,open_or_seasonal,1241.093726550287,8.409356822581657e-5
01058075,Hörsten,8835364.60918665,2,Open Soil,open_soil,open_or_seasonal,0,0
12061572,Zeuthen,13420943.976093616,2,Open Soil,open_soil,open_or_seasonal,900.3344025827455,6.708428290785567e-5
15083120,Burgstall,117254993.91869847,2,Open Soil,open_soil,open_or_seasonal,138897.92052236942,0.0011845799985173986
12071301,Neuhausen/Spree,135095830.3552456,2,Open Soil,open_soil,open_or_seasonal,288532.43695033615,0.0021357612310581044
12061112,Eichwalde,2832709.8299547434,2,Open Soil,open_soil,open_or_seasonal,0,0
15083125,Calvörde,122650835.84860626,2,Open Soil,open_soil,open_or_seasonal,43758.14673152829,3.5677006543633383e-4
14521035,Aue-Bad Schlema,36185659.69923068,2,Open Soil,open_soil,open_or_seasonal,57701.38199542385,0.001594592511924015
14628210,Königstein/Sächs.Schw.,27282672.13891542,2,Open Soil,open_soil,open_or_seasonal,45574.42942757629,0.001670453289748327
14730180,Löbnitz,37284402.757531345,2,Open Soil,open_soil,open_or_seasonal,238240.92277695413,0.006389828055615833
16075098,Schleiz,108245226.3545657,2,Open Soil,open_soil,open_or_seasonal,3526.714927367795,3.25807894365315e-5
14627360,Zeithain,81605776.3716208,2,Open Soil,open_soil,open_or_seasonal,229433.49819643848,0.0028114860050057217
12062464,Schraden,16551361.52234092,2,Open Soil,open_soil,open_or_seasonal,0,0
16053000,Jena,114776189.22505067,2,Open Soil,open_soil,open_or_seasonal,90111.2400035297,7.851039541558705e-4
16064022,Herbsleben,25017104.631884605,2,Open Soil,open_soil,open_or_seasonal,57332.17376324913,0.002291718990141592
03355003,Artlenburg,11787911.580612302,2,Open Soil,open_soil,open_or_seasonal,0,0
03355004,Bardowick,23127933.12518663,2,Open Soil,open_soil,open_or_seasonal,9035.653357968868,3.9068140283270365e-4
12062453,Schönborn,38929792.26194864,2,Open Soil,open_soil,open_or_seasonal,2128.1423687121264,5.4666162983670696e-5
15084025,Balgstädt,32848242.337743822,2,Open Soil,open_soil,open_or_seasonal,413.6595890292065,1.259305093940739e-5
01061101,Sommerland,19077815.414614964,2,Open Soil,open_soil,open_or_seasonal,0,0
16064019,Großvargula,15214475.91359024,2,Open Soil,open_soil,open_or_seasonal,100.04115996307519,6.5753931013630265e-6
12067288,Langewahl,13380797.535019713,2,Open Soil,open_soil,open_or_seasonal,0,0
01061102,Stördorf,7208056.0397156,2,Open Soil,open_soil,open_or_seasonal,0,0
01061103,Störkathen,2005973.5893690065,2,Open Soil,open_soil,open_or_seasonal,0,0
01061104,Süderau,9136918.75002405,2,Open Soil,open_soil,open_or_seasonal,0,0
01061105,Vaale,14927650.039076356,2,Open Soil,open_soil,open_or_seasonal,40926.27813406534,0.0027416423902578064
03355018,Hittbergen,14690458.487502694,2,Open Soil,open_soil,open_or_seasonal,0,0
01061106,Vaalermoor,6202368.1675856095,2,Open Soil,open_soil,open_or_seasonal,0,0
03355019,Hohnstorf (Elbe),10232542.832744556,2,Open Soil,open_soil,open_or_seasonal,0,0
01061109,Westermoor,9361103.215152033,2,Open Soil,open_soil,open_or_seasonal,0,0
12062461,Schönewalde,156495738.43898296,2,Open Soil,open_soil,open_or_seasonal,87548.76758574079,5.594322788532398e-4
03355021,Lüdersburg,19123323.277192023,2,Open Soil,open_soil,open_or_seasonal,0,0
03355022,Lüneburg,71033121.37965915,2,Open Soil,open_soil,open_or_seasonal,79428.23768760478,0.0011181859412185374
01061110,Wewelsfleth,17434047.597677477,2,Open Soil,open_soil,open_or_seasonal,646.0318495212575,3.705575804481114e-5
03355024,Melbeck,16191367.481679091,2,Open Soil,open_soil,open_or_seasonal,24781.40682636391,0.0015305320476732213
03355026,Neetze,26931703.774280805,2,Open Soil,open_soil,open_or_seasonal,2469.0581873644314,9.167849936483887e-5
12071341,Schmogrow-Fehrow,30425558.583853245,2,Open Soil,open_soil,open_or_seasonal,100.03111388435354,3.2877330290803522e-6
03355028,Radbruch,22502434.334318295,2,Open Soil,open_soil,open_or_seasonal,0,0
03355007,Barum,9859128.19252681,2,Open Soil,open_soil,open_or_seasonal,468.39679351456306,4.750894646745809e-5
03355009,Bleckede,140428645.90070593,2,Open Soil,open_soil,open_or_seasonal,44033.48870593479,3.1356486010033824e-4
13071077,Klink,25077178.987248123,2,Open Soil,open_soil,open_or_seasonal,7901.040141250688,3.1506893758936796e-4
15085365,Wegeleben,51803398.39313342,2,Open Soil,open_soil,open_or_seasonal,54540.19223821637,0.0010528303920201057
03355011,Brietlingen,19952780.234822452,2,Open Soil,open_soil,open_or_seasonal,45.873431302197595,2.2990997125371683e-6
03355014,Deutsch Evern,11067871.539230255,2,Open Soil,open_soil,open_or_seasonal,0,0
03355015,Echem,10383318.339279251,2,Open Soil,open_soil,open_or_seasonal,0,0
03355017,Handorf,9845690.275817502,2,Open Soil,open_soil,open_or_seasonal,928.4792976284953,9.430311858468474e-5
13071069,Jabel,79860158.60251059,2,Open Soil,open_soil,open_or_seasonal,41755.972603274226,5.228636323038999e-4
01061112,Willenscharen,7589153.329741799,2,Open Soil,open_soil,open_or_seasonal,0,0
01061113,Wilster,2755912.6525660716,2,Open Soil,open_soil,open_or_seasonal,0,0
01061114,Winseldorf,5442342.502822228,2,Open Soil,open_soil,open_or_seasonal,0,0
01061115,Wittenbergen,4565265.492505508,2,Open Soil,open_soil,open_or_seasonal,0,0
01061116,Wrist,10045281.12016296,2,Open Soil,open_soil,open_or_seasonal,0,0
01061117,Wulfsmoor,8798835.287076786,2,Open Soil,open_soil,open_or_seasonal,0,0
01061118,Kollmar,25531602.062536076,2,Open Soil,open_soil,open_or_seasonal,770.1577200202237,3.0164880297516404e-5
01061119,Neuendorf-Sachsenbande,19409666.285051152,2,Open Soil,open_soil,open_or_seasonal,0,0
14522300,Kriebstein,31209092.964952536,2,Open Soil,open_soil,open_or_seasonal,2227.833896483197,7.138412830469087e-5
01058007,Arpsdorf,12052928.258576203,2,Open Soil,open_soil,open_or_seasonal,0,0
16074112,Wichmar,5198804.2403446855,2,Open Soil,open_soil,open_or_seasonal,62.73926151103547,1.2068017684558132e-5
15090220,Hassel,20426442.347355027,2,Open Soil,open_soil,open_or_seasonal,16913.948929122525,8.28041841134057e-4
12061510,Unterspreewald,26090958.937346227,2,Open Soil,open_soil,open_or_seasonal,0,0
13071093,Malchow,45040461.49018636,2,Open Soil,open_soil,open_or_seasonal,65814.58171026131,0.0014612324015507991
15090225,Havelberg,150161438.5532544,2,Open Soil,open_soil,open_or_seasonal,29385.043699802685,1.9568967894098425e-4
14625570,Spreetal,109091756.93335482,2,Open Soil,open_soil,open_or_seasonal,740418.0333995321,0.006787112557476368
15091110,Gräfenhainichen,160149892.23009607,2,Open Soil,open_soil,open_or_seasonal,201120.02313203528,0.0012558236557729005
14522320,Leubsdorf,34311583.95952025,2,Open Soil,open_soil,open_or_seasonal,60664.513426070065,0.0017680475928374564
15082241,Muldestausee,138658706.97638956,2,Open Soil,open_soil,open_or_seasonal,71448.62396672898,5.152840778970704e-4
12070424,Wittenberge,50422521.378002,2,Open Soil,open_soil,open_or_seasonal,71698.93218301145,0.001421962452958407
14524080,Glauchau,52051737.980342254,2,Open Soil,open_soil,open_or_seasonal,48427.39346872712,9.30370345885782e-4
01058024,Borgstedt,9109666.740652576,2,Open Soil,open_soil,open_or_seasonal,0,0
16075035,Gössitz,12742099.08847928,2,Open Soil,open_soil,open_or_seasonal,173.2688412282049,1.35981395235629e-5
01058026,Bovenau,26323947.191626538,2,Open Soil,open_soil,open_or_seasonal,100.04431940222639,3.800506005955284e-6
01058029,Breiholz,18562396.11933431,2,Open Soil,open_soil,open_or_seasonal,0,0
01058009,Aukrug,49904592.123153016,2,Open Soil,open_soil,open_or_seasonal,5844.71869974141,1.171178533093306e-4
15083557,Westheide,51253854.469688304,2,Open Soil,open_soil,open_or_seasonal,58304.85628741856,0.0011375701767347124
14522310,Leisnig,78127693.60088934,2,Open Soil,open_soil,open_or_seasonal,84359.53860336746,0.0010797648658913846
12070416,Weisen,15519249.70929966,2,Open Soil,open_soil,open_or_seasonal,211.41389499953402,1.3622687885023698e-5
16075023,Eßbach,5443529.330009976,2,Open Soil,open_soil,open_or_seasonal,0,0
11000000,Berlin,893023743.1274061,2,Open Soil,open_soil,open_or_seasonal,2353448.1590569173,0.0026353701983499837
15090245,Hohenberg-Krusemark,63950074.736398935,2,Open Soil,open_soil,open_or_seasonal,36212.26293465335,5.662583364275906e-4
12069460,Päwesin,23664940.770002447,2,Open Soil,open_soil,open_or_seasonal,18.367909548626514,7.76165456197109e-7
14730120,Elsnig,37026728.72282651,2,Open Soil,open_soil,open_or_seasonal,26790.502298582243,7.23544942334218e-4
12067201,Grünheide (Mark),126594762.92223091,2,Open Soil,open_soil,open_or_seasonal,25772.14197379222,2.0357984310634113e-4
15089235,Nienburg (Saale),79383374.10226241,2,Open Soil,open_soil,open_or_seasonal,821625.8222658191,0.010350099520932342
01058044,Ehndorf,14678370.184088688,2,Open Soil,open_soil,open_or_seasonal,0,0
15087055,Berga,25953198.57920447,2,Open Soil,open_soil,open_or_seasonal,4735.400780401908,1.824592358414059e-4
12069454,Nuthetal,48492811.13124999,2,Open Soil,open_soil,open_or_seasonal,27938.71074322575,5.761412896358435e-4
14524090,Hartenstein,36873390.54000072,2,Open Soil,open_soil,open_or_seasonal,1139.9665488239407,3.0915696444765246e-5
14730110,Eilenburg,46790885.02567576,2,Open Soil,open_soil,open_or_seasonal,21518.827163794627,4.5989357012560266e-4
15089245,Plötzkau,23962093.80644673,2,Open Soil,open_soil,open_or_seasonal,50580.05691339349,0.0021108362784134286
15082256,Osternienburger Land,140361657.66805235,2,Open Soil,open_soil,open_or_seasonal,181534.21105291237,0.0012933319117834222
15083580,Zielitz,11433584.155043542,2,Open Soil,open_soil,open_or_seasonal,414.07137273207263,3.6215360565603475e-5
01058034,Büdelsdorf,6463502.891730439,2,Open Soil,open_soil,open_or_seasonal,1321.1407735435719,2.0440012106034193e-4
01058035,Bünsdorf,13321317.89180483,2,Open Soil,open_soil,open_or_seasonal,0,0
12054000,Potsdam,187155026.6169255,2,Open Soil,open_soil,open_or_seasonal,354508.12759732123,0.0018941950638757838
15083565,Wolmirstedt,54729728.17133828,2,Open Soil,open_soil,open_or_seasonal,163057.7101521432,0.0029793261468734245
15084445,Schönburg,14798621.05160239,2,Open Soil,open_soil,open_or_seasonal,29919.42184687131,0.0020217709300442994
14729100,Elstertrebnitz,11624845.86654578,2,Open Soil,open_soil,open_or_seasonal,1108650.2152535925,0.09536902492996392
14730140,Jesewitz,52617272.90102957,2,Open Soil,open_soil,open_or_seasonal,63921.75793625312,0.0012148436133603258
12061540,Wildau,8874288.783778869,2,Open Soil,open_soil,open_or_seasonal,34536.27071855429,0.003891722656319505
15083115,Bülstringen,25524334.42581953,2,Open Soil,open_soil,open_or_seasonal,19261.985527152596,7.546518238558981e-4
16071015,Eberstedt,4115704.6694074017,2,Open Soil,open_soil,open_or_seasonal,0,0
15090285,Kamern,68271652.2899516,2,Open Soil,open_soil,open_or_seasonal,11058.754062961487,1.6198163794241646e-4
12069028,Bensdorf,34343518.53523056,2,Open Soil,open_soil,open_or_seasonal,9566.858328344413,2.7856372137672665e-4
14730160,Laußig,103823560.27216558,2,Open Soil,open_soil,open_or_seasonal,75409.68705690489,7.263253818230094e-4
16071001,Apolda,46276500.00416577,2,Open Soil,open_soil,open_or_seasonal,18620.73221734329,4.0237987349231403e-4
16071003,Bad Berka,54593402.287365526,2,Open Soil,open_soil,open_or_seasonal,29747.855672438887,5.448983654811232e-4
16071004,Bad Sulza,93949547.55477688,2,Open Soil,open_soil,open_or_seasonal,49058.266658712,5.221767207565187e-4
15090270,Iden,37826011.59551551,2,Open Soil,open_soil,open_or_seasonal,9854.210823781026,2.605141385022284e-4
16071009,Buchfart,7263662.231930096,2,Open Soil,open_soil,open_or_seasonal,0,0
12065036,Birkenwerder,17775945.98677081,2,Open Soil,open_soil,open_or_seasonal,4612.729999384766,2.5949280014788784e-4
13071001,Alt Schwerin,44381761.02719912,2,Open Soil,open_soil,open_or_seasonal,3040.1767681612987,6.850058893107335e-5
12069017,Beelitz,181455267.83634016,2,Open Soil,open_soil,open_or_seasonal,66606.82943558502,3.6707024397693256e-4
12069018,Beetzsee,21334744.806759752,2,Open Soil,open_soil,open_or_seasonal,19762.477782143713,9.263048590992343e-4
12069019,Beetzseeheide,37603644.4417689,2,Open Soil,open_soil,open_or_seasonal,15767.276364701693,4.19301814990781e-4
16071031,Hetschburg,2806792.266105883,2,Open Soil,open_soil,open_or_seasonal,0,0
13071036,Fünfseen,51514717.33507943,2,Open Soil,open_soil,open_or_seasonal,555.7809139789999,1.0788779260185043e-5
16071022,Großheringen,6057917.431900784,2,Open Soil,open_soil,open_or_seasonal,2383.7279398259534,3.934896714295451e-4
15090610,Werben (Elbe),53294556.63491746,2,Open Soil,open_soil,open_or_seasonal,68891.05281097902,0.0012926470761901987
14729170,Groitzsch,70102504.26428947,2,Open Soil,open_soil,open_or_seasonal,2611522.666715522,0.03725291548601414
16071056,Mellingen,14402466.832059782,2,Open Soil,open_soil,open_or_seasonal,300.1404037476768,2.083951362273347e-5
12065084,Fürstenberg/Havel,214561334.25998983,2,Open Soil,open_soil,open_or_seasonal,7807.190249855716,3.638675289181195e-5
14729160,Grimma,218262734.2336526,2,Open Soil,open_soil,open_or_seasonal,178460.7755044769,8.1764198607277e-4
12063244,Premnitz,46200413.25616827,2,Open Soil,open_soil,open_or_seasonal,49732.853375497376,0.0010764590589210257
12063228,Paulinenaue,31721999.89801838,2,Open Soil,open_soil,open_or_seasonal,1128.5642871895739,3.557670672775185e-5
15090631,Wust-Fischbeck,68361806.37525818,2,Open Soil,open_soil,open_or_seasonal,51993.37641559661,7.605617693919553e-4
14522290,Königshain-Wiederau,31122770.43727965,2,Open Soil,open_soil,open_or_seasonal,1176.8339024361283,3.781263319111484e-5
15090635,Zehrental,72718261.80264291,2,Open Soil,open_soil,open_or_seasonal,2269.521454523073,3.1209786898957316e-5
13071043,Göhren-Lebbin,41562504.55205552,2,Open Soil,open_soil,open_or_seasonal,3140.6548824487,7.556462047457088e-5
13071045,Gotthun,10031714.719820186,2,Open Soil,open_soil,open_or_seasonal,3726.378212996251,3.7145974711918887e-4
15088305,Querfurt,156684041.7985942,2,Open Soil,open_soil,open_or_seasonal,37116.88251583959,2.3688999906927734e-4
15086145,Möser,81009143.90285742,2,Open Soil,open_soil,open_or_seasonal,41477.774437344204,5.12013489330075e-4
12063260,Rhinow,31837856.508433804,2,Open Soil,open_soil,open_or_seasonal,3844.841692720965,1.2076320815449595e-4
16071064,Niedertrebra,9012958.996060198,2,Open Soil,open_soil,open_or_seasonal,0,0
12060198,Schorfheide,238606548.50860944,2,Open Soil,open_soil,open_or_seasonal,23904.92380815096,1.0018553119169074e-4
16071069,Obertrebra,3324050.15367275,2,Open Soil,open_soil,open_or_seasonal,719.1745614157844,2.1635490686600109e-4
15087015,Allstedt,149497962.79355845,2,Open Soil,open_soil,open_or_seasonal,37768.59723637894,2.52636200056676e-4
16071071,Oettern,3602385.033769388,2,Open Soil,open_soil,open_or_seasonal,0,0
12063252,Rathenow,113331297.0500876,2,Open Soil,open_soil,open_or_seasonal,48215.87921770276,4.2544187239287835e-4
16067067,Tonna,30540085.398235098,2,Open Soil,open_soil,open_or_seasonal,71382.29146430371,0.0023373311021726503
14627270,Strehla,30423270.693645723,2,Open Soil,open_soil,open_or_seasonal,38697.41187530274,0.0012719675101659986
15088330,Schkopau,99688497.68444872,2,Open Soil,open_soil,open_or_seasonal,505081.9820823223,0.005066602404633433
15085285,Schwanebeck,32944606.57600601,2,Open Soil,open_soil,open_or_seasonal,28369.234297717714,8.611192315278519e-4
12066304,Senftenberg,128211122.853599,2,Open Soil,open_soil,open_or_seasonal,786013.7651509356,0.006130620711031948
15088319,Salzatal,110097013.90878391,2,Open Soil,open_soil,open_or_seasonal,9109.612152653332,8.274168235117352e-5
12061061,Byhleguhre-Byhlen,35807579.871736184,2,Open Soil,open_soil,open_or_seasonal,0,0
12063274,Seeblick,48592905.63152763,2,Open Soil,open_soil,open_or_seasonal,1005.9856298291173,2.0702314808201598e-5
14524050,Dennheritz,13034982.459386006,2,Open Soil,open_soil,open_or_seasonal,30169.813211965647,0.00231452656771636
12068109,Dreetz,64804566.76798928,2,Open Soil,open_soil,open_or_seasonal,8361.886753709401,1.290323687163328e-4
15085287,Selke-Aue,36645534.96901242,2,Open Soil,open_soil,open_or_seasonal,13215.432851230882,3.6062873314323e-4
14628160,Heidenau,10960781.690978736,2,Open Soil,open_soil,open_or_seasonal,7315.671479138051,6.674406703273007e-4
12068117,Fehrbellin,269809478.4721361,2,Open Soil,open_soil,open_or_seasonal,10289.596589060799,3.813652747608506e-5
12063293,Stechow-Ferchesar,51169638.88332954,2,Open Soil,open_soil,open_or_seasonal,15266.30073729073,2.9834685314271994e-4
12066316,Tettau,8945355.58874562,2,Open Soil,open_soil,open_or_seasonal,927.4778715837074,1.036826163456924e-4
14522220,Großweitzschen,44373569.65298103,2,Open Soil,open_soil,open_or_seasonal,47602.25960119764,0.0010727615554364063
01053111,Schnakenbek,12863118.632286277,2,Open Soil,open_soil,open_or_seasonal,0,0
12066320,Vetschau/Spreewald,111737275.9909628,2,Open Soil,open_soil,open_or_seasonal,89384.7159999476,7.999543143254803e-4
01061068,Moordiek,6108671.251558565,2,Open Soil,open_soil,open_or_seasonal,0,0
14522210,Großschirma,60840797.64450919,2,Open Soil,open_soil,open_or_seasonal,11085.4986822973,1.8220501886036258e-4
15088365,Teutschenthal,91010959.29253116,2,Open Soil,open_soil,open_or_seasonal,144207.50974534682,0.001584507084271347
01061070,Moorhusen,4680819.072597697,2,Open Soil,open_soil,open_or_seasonal,0,0
01061071,Mühlenbarbek,8689034.400647178,2,Open Soil,open_soil,open_or_seasonal,0,0
01061072,Münsterdorf,5127199.219461409,2,Open Soil,open_soil,open_or_seasonal,14376.208743866377,0.0028039106983201124
01061073,Neuenbrook,14553179.083359554,2,Open Soil,open_soil,open_or_seasonal,1276.9279975284358,8.774220328179052e-5
01061074,Neuendorf b.Elmshorn,14969481.54662961,2,Open Soil,open_soil,open_or_seasonal,0,0
01061077,Nortorf,19760226.625098795,2,Open Soil,open_soil,open_or_seasonal,44363.94742762977,0.0022451132909214783
01061056,Kremperheide,3909952.916742796,2,Open Soil,open_soil,open_or_seasonal,0,0
01061057,Krempermoor,1590372.9546691887,2,Open Soil,open_soil,open_or_seasonal,0,0
01061058,Kronsmoor,6061000.773229629,2,Open Soil,open_soil,open_or_seasonal,10986.089040870953,0.0018125866423569141
01061059,Krummendiek,1777580.5175996495,2,Open Soil,open_soil,open_or_seasonal,0,0
01053132,Witzeeze,10490476.35354798,2,Open Soil,open_soil,open_or_seasonal,0,0
01061060,Kudensee,3058946.5437029824,2,Open Soil,open_soil,open_or_seasonal,0,0
01061061,Lägerdorf,6017422.051195726,2,Open Soil,open_soil,open_or_seasonal,549004.1826096073,0.09123577803563145
01061062,Landrecht,3973769.81040807,2,Open Soil,open_soil,open_or_seasonal,0,0
12070348,Rühstädt,28839856.53516522,2,Open Soil,open_soil,open_or_seasonal,65314.676352371636,0.0022647365208884338
01061063,Landscheide,7471946.212688744,2,Open Soil,open_soil,open_or_seasonal,0,0
01061065,Lohbarbek,6187044.975900173,2,Open Soil,open_soil,open_or_seasonal,0,0
01061089,Rade,3867472.471191589,2,Open Soil,open_soil,open_or_seasonal,0,0
16052000,Gera,152278976.54911166,2,Open Soil,open_soil,open_or_seasonal,146564.5391306005,9.624738913538192e-4
15087412,Südharz,237698062.06504953,2,Open Soil,open_soil,open_or_seasonal,50101.63386885794,2.1077847010442558e-4
15091020,Bad Schmiedeberg,161264283.8893097,2,Open Soil,open_soil,open_or_seasonal,17371.209241306577,1.0771888742103622e-4
01061092,Rethwisch,9857483.889929311,2,Open Soil,open_soil,open_or_seasonal,2092.292703854887,2.1225423517987519e-4
01061093,Rosdorf,5564646.35937899,2,Open Soil,open_soil,open_or_seasonal,0,0
01061095,Sankt Margarethen,10907148.485725673,2,Open Soil,open_soil,open_or_seasonal,0,0
01061096,Sarlhusen,10855186.839878488,2,Open Soil,open_soil,open_or_seasonal,0,0
01061078,Nutteln,6927739.898304315,2,Open Soil,open_soil,open_or_seasonal,0,0
01061079,Oelixdorf,10421112.12352709,2,Open Soil,open_soil,open_or_seasonal,0,0
16074087,Schöps,4478794.546624605,2,Open Soil,open_soil,open_or_seasonal,100.04983493434156,2.233856317650093e-5
01061080,Oeschebüttel,5524785.212854512,2,Open Soil,open_soil,open_or_seasonal,0,0
01061082,Oldendorf,9939945.078587117,2,Open Soil,open_soil,open_or_seasonal,214.05897333233224,2.1535226969559778e-5
14523100,Elsterberg,25111355.614682466,2,Open Soil,open_soil,open_or_seasonal,27564.784778163143,0.0010977019799777823
01061083,Ottenbüttel,9884525.83306927,2,Open Soil,open_soil,open_or_seasonal,59039.04010535579,0.005972875290369231
01061088,Quarnstedt,10544249.879197149,2,Open Soil,open_soil,open_or_seasonal,0,0
14522250,Hartha,54327358.423452094,2,Open Soil,open_soil,open_or_seasonal,11514.03321087361,2.11938028002908e-4
16074092,Silbitz,11499154.90325085,2,Open Soil,open_soil,open_or_seasonal,27124.467227289853,0.002358822666144072
15091060,Coswig (Anhalt),297144551.46010095,2,Open Soil,open_soil,open_or_seasonal,178779.14514306825,6.016571539494434e-4
16074095,Sulza,4005551.924623769,2,Open Soil,open_soil,open_or_seasonal,1911.8369076223237,0.00047729674801354563
03354007,Gorleben,21487097.67770413,2,Open Soil,open_soil,open_or_seasonal,33457.979168446625,0.0015571195175030064
16074079,Rothenstein,10579228.724550435,2,Open Soil,open_soil,open_or_seasonal,40403.953779883566,0.0038191776387366586
03354008,Gusborn,48491376.01329376,2,Open Soil,open_soil,open_or_seasonal,1436.2404950659125,2.9618472667638296e-5
03354009,Hitzacker (Elbe),58662905.24018873,2,Open Soil,open_soil,open_or_seasonal,10917.010269884167,1.860973339998366e-4
12061450,Schwielochsee,132472887.78208888,2,Open Soil,open_soil,open_or_seasonal,6698.662130793811,5.0566287509431874e-5
14627210,Radebeul,26133003.26302892,2,Open Soil,open_soil,open_or_seasonal,2488.6532465031523,9.523028109149318e-5
12061476,Straupitz (Spreewald),21807438.76537854,2,Open Soil,open_soil,open_or_seasonal,1433.1837728378607,6.57199494290536e-5
15087440,Wallhausen,35283068.20538191,2,Open Soil,open_soil,open_or_seasonal,11524.0582880217,3.266172380740935e-4
14522280,Königsfeld,28243183.274728227,2,Open Soil,open_soil,open_or_seasonal,142097.86620301328,0.005031226998061558
03354010,Höhbeck,19520250.879640423,2,Open Soil,open_soil,open_or_seasonal,6830.736947884465,3.499307969965134e-4
03354011,Jameln,36188107.745241165,2,Open Soil,open_soil,open_or_seasonal,0,0
03354014,Langendorf,41002820.836602144,2,Open Soil,open_soil,open_or_seasonal,3059.1489864408804,7.460825679851906e-5
03354016,Luckau (Wendland),22416424.025399774,2,Open Soil,open_soil,open_or_seasonal,200.0567331336497,8.924560532356448e-6
12063202,Mühlenberge,39770693.247935206,2,Open Soil,open_soil,open_or_seasonal,3750.4924763072736,9.430291931111837e-5
12063208,Nauen,268850815.32388854,2,Open Soil,open_soil,open_or_seasonal,79773.29902638792,2.967195726383937e-4
14627240,Röderaue,28587286.228672177,2,Open Soil,open_soil,open_or_seasonal,4169.443329098649,1.4584956738274878e-4
15084355,Naumburg (Saale),130246898.55399118,2,Open Soil,open_soil,open_or_seasonal,351812.5953566285,0.0027011207119898655
03354003,Damnatz,16373217.86950717,2,Open Soil,open_soil,open_or_seasonal,1444.529094459627,8.822511897003829e-5
03354004,Dannenberg (Elbe),76606140.51296881,2,Open Soil,open_soil,open_or_seasonal,32269.124632017083,4.2123417804287085e-4
03354005,Gartow,28379982.980693057,2,Open Soil,open_soil,open_or_seasonal,1475.4702290406676,5.198982078475636e-5
15085235,Quedlinburg,120983155.29039924,2,Open Soil,open_soil,open_or_seasonal,294049.7097684992,0.0024305012467453297
14730050,Cavertitz,69220466.02350149,2,Open Soil,open_soil,open_or_seasonal,6351.5231134242495,9.175787853360888e-5
15083040,Barleben,29937548.52855949,2,Open Soil,open_soil,open_or_seasonal,41163.452553911855,0.0013749773971854509
14627230,Riesa,58836632.3652918,2,Open Soil,open_soil,open_or_seasonal,43888.24672231227,7.459340373158798e-4
15090180,Goldbeck,26869771.03254754,2,Open Soil,open_soil,open_or_seasonal,86.0340936119942,3.2018915794920802e-6
12068501,Zernitz-Lohm,37687852.18660619,2,Open Soil,open_soil,open_or_seasonal,300.0462324392429,7.961351338187314e-6
15083025,Am Großen Bruch,50707174.69812584,2,Open Soil,open_soil,open_or_seasonal,54033.01418933533,0.001065589130355007
15084360,Nebra (Unstrut),25379985.68486453,2,Open Soil,open_soil,open_or_seasonal,4460.969131263102,1.75767204389064e-4
12062336,Merzdorf,12885550.65448653,2,Open Soil,open_soil,open_or_seasonal,0,0
03354018,Lüchow (Wendland),89200599.56913269,2,Open Soil,open_soil,open_or_seasonal,2549.701999796745,2.8583911006345452e-5
03354019,Neu Darchau,22822226.923656836,2,Open Soil,open_soil,open_or_seasonal,192.55743580262464,8.437276364254593e-6
14730080,Doberschütz,78522800.17792132,2,Open Soil,open_soil,open_or_seasonal,176225.48376786467,0.0022442587804887646
15083030,Angern,64369450.01342427,2,Open Soil,open_soil,open_or_seasonal,123696.43380749985,0.0019216636740208735
12061005,Alt Zauche-Wußwerk,33217688.632056132,2,Open Soil,open_soil,open_or_seasonal,3483.980146203816,1.0488328025453474e-4
12062341,Mühlberg/Elbe,89217010.01475386,2,Open Soil,open_soil,open_or_seasonal,635253.9646197637,0.0071203234059817894
03354021,Schnackenburg,23312685.213564605,2,Open Soil,open_soil,open_or_seasonal,52397.96889327516,0.002247616197502085
03354023,Trebel,66885570.687104,2,Open Soil,open_soil,open_or_seasonal,3351.6400271716275,5.011006100031448e-5
03354025,Woltersdorf,28139327.344712503,2,Open Soil,open_soil,open_or_seasonal,7704.858514471629,2.7381104104179675e-4
03354026,Wustrow (Wendland),30140763.21883206,2,Open Soil,open_soil,open_or_seasonal,68.67634670268502,2.278520494125238e-6
14730070,Delitzsch,86307257.04627408,2,Open Soil,open_soil,open_or_seasonal,209834.0312047373,0.002431244351703052
12062372,Plessa,52604423.31437394,2,Open Soil,open_soil,open_or_seasonal,11855.416599256496,2.2536919620630178e-4
15089195,Könnern,125584535.190158,2,Open Soil,open_soil,open_or_seasonal,107221.64734375964,8.537806600263832e-4
01061002,Aebtissinwisch,3017954.687980104,2,Open Soil,open_soil,open_or_seasonal,29089.226092689354,0.009638721949188234
01061004,Altenmoor,6303190.452100348,2,Open Soil,open_soil,open_or_seasonal,0,0
01061005,Auufer,5175700.841648946,2,Open Soil,open_soil,open_or_seasonal,0,0
01061006,Bahrenfleth,14412558.097565915,2,Open Soil,open_soil,open_or_seasonal,0,0
01061007,Beidenfleth,13763809.553679705,2,Open Soil,open_soil,open_or_seasonal,0,0
01061008,Bekdorf,1804980.153221052,2,Open Soil,open_soil,open_or_seasonal,0,0
12067173,Gosen-Neu Zittau,14508968.214323394,2,Open Soil,open_soil,open_or_seasonal,2363.297033097184,1.6288525815116986e-4
14730090,Dommitzsch,30367421.9184372,2,Open Soil,open_soil,open_or_seasonal,6262.7878477021995,2.0623376803349336e-4
01061010,Bekmünde,2884956.648364786,2,Open Soil,open_soil,open_or_seasonal,0,0
14729080,Colditz,84960356.61379237,2,Open Soil,open_soil,open_or_seasonal,223614.3691610801,0.0026319848229636408
01061023,Dammfleth,16414283.396460213,2,Open Soil,open_soil,open_or_seasonal,0,0
01061025,Ecklak,15564303.833381224,2,Open Soil,open_soil,open_or_seasonal,135082.84354086115,0.008679016099078262
01061026,Elskop,7139433.837334432,2,Open Soil,open_soil,open_or_seasonal,0,0
01061027,Engelbrechtsche Wildnis,4948062.574385632,2,Open Soil,open_soil,open_or_seasonal,0,0
01061028,Fitzbek,10280687.149251789,2,Open Soil,open_soil,open_or_seasonal,0,0
01061029,Glückstadt,12678390.330867872,2,Open Soil,open_soil,open_or_seasonal,4523.589249733228,3.567952343855291e-4
15083411,Oebisfelde-Weferlingen,249748943.06491017,2,Open Soil,open_soil,open_or_seasonal,757898.499843589,0.003034641470521098
15083415,Oschersleben (Bode),190122971.0361817,2,Open Soil,open_soil,open_or_seasonal,39769.07380395058,2.0917553301006567e-4
01061030,Grevenkop,9381940.665316354,2,Open Soil,open_soil,open_or_seasonal,1110.2888284211726,1.1834319444438037e-4
01061031,Gribbohm,13124852.1025901,2,Open Soil,open_soil,open_or_seasonal,0,0
01061012,Blomesche Wildnis,6811958.584425703,2,Open Soil,open_soil,open_or_seasonal,0,0
01061014,Bokhorst,5935893.503578946,2,Open Soil,open_soil,open_or_seasonal,0,0
01061015,Borsfleth,13863126.116998916,2,Open Soil,open_soil,open_or_seasonal,912.3922839623476,6.581432472460706e-5
01061016,Breitenberg,3040914.9994391776,2,Open Soil,open_soil,open_or_seasonal,0,0
01061017,Breitenburg,10201455.348516174,2,Open Soil,open_soil,open_or_seasonal,0,0
01061018,Brokdorf,13446795.435945112,2,Open Soil,open_soil,open_or_seasonal,407.5639812522442,3.0309376177670578e-5
01061019,Brokstedt,12484752.215123676,2,Open Soil,open_soil,open_or_seasonal,0,0
09475137,Issigau,18596345.910315827,2,Open Soil,open_soil,open_or_seasonal,0,0
16074021,Freienorla,6875684.033086091,2,Open Soil,open_soil,open_or_seasonal,0,0
15081240,Kalbe (Milde),273388307.4703249,2,Open Soil,open_soil,open_or_seasonal,57700.70670890884,2.1105769753950433e-4
16074026,Golmsdorf,7655135.661109284,2,Open Soil,open_soil,open_or_seasonal,0,0
12070302,Plattenburg,201744714.0452659,2,Open Soil,open_soil,open_or_seasonal,260120.6730772467,0.001289355581424963
01061020,Büttel,8886535.238290718,2,Open Soil,open_soil,open_or_seasonal,32054.258437863286,0.003607059171919603
01061022,Dägeling,7543247.842716182,2,Open Soil,open_soil,open_or_seasonal,11791.149216962212,0.0015631395736715502
01061045,Huje,5545814.916863242,2,Open Soil,open_soil,open_or_seasonal,0,0
01061046,Itzehoe,28545803.234764636,2,Open Soil,open_soil,open_or_seasonal,15186.754551250086,5.3201356522891e-4
09475141,Köditz,31325664.77167897,2,Open Soil,open_soil,open_or_seasonal,26066.93896231216,8.321272398304812e-4
01061047,Kaaks,8663514.743060235,2,Open Soil,open_soil,open_or_seasonal,32148.076804266548,0.003710743013396293
01061049,Kellinghusen,18788158.45652374,2,Open Soil,open_soil,open_or_seasonal,0,0
16074031,Großeutersdorf,3439448.316952914,2,Open Soil,open_soil,open_or_seasonal,200.10031384373724,5.8178026068148824e-5
16074011,Dornburg-Camburg,30961731.808613583,2,Open Soil,open_soil,open_or_seasonal,72491.4386439992,0.002341323770004106
16074012,Crossen an der Elster,10711833.845222116,2,Open Soil,open_soil,open_or_seasonal,0,0
01061050,Kiebitzreihe,8531272.58562138,2,Open Soil,open_soil,open_or_seasonal,0,0
01061052,Kleve,5622212.487007845,2,Open Soil,open_soil,open_or_seasonal,0,0
01061053,Kollmoor,3444772.431979671,2,Open Soil,open_soil,open_or_seasonal,0,0
01061054,Krempdorf,5458884.746939462,2,Open Soil,open_soil,open_or_seasonal,0,0
01061055,Krempe,3545808.7927399576,2,Open Soil,open_soil,open_or_seasonal,0,0
01061034,Heiligenstedten,9185592.307542931,2,Open Soil,open_soil,open_or_seasonal,0,0
01061035,Heiligenstedtenerkamp,865796.5194304921,2,Open Soil,open_soil,open_or_seasonal,0,0
01061037,Herzhorn,12547301.271520017,2,Open Soil,open_soil,open_or_seasonal,0,0
01061039,Hodorf,7386965.988380481,2,Open Soil,open_soil,open_or_seasonal,0,0
15091010,Annaburg,226706298.19601935,2,Open Soil,open_soil,open_or_seasonal,116324.43393487213,5.131063180004525e-4
16074044,Kahla,7954908.001113277,2,Open Soil,open_soil,open_or_seasonal,613.6207608033646,7.713737993167103e-5
16074048,Kleineutersdorf,5347715.600111255,2,Open Soil,open_soil,open_or_seasonal,0,0
01061040,Hohenaspe,14151459.028506964,2,Open Soil,open_soil,open_or_seasonal,0,0
01061041,Hohenfelde,17807054.12885916,2,Open Soil,open_soil,open_or_seasonal,0,0
01061044,Horst (Holstein),29036205.72677198,2,Open Soil,open_soil,open_or_seasonal,8599.311512234908,2.9615823751745105e-4
12073384,Lychen,112161498.79904152,2,Open Soil,open_soil,open_or_seasonal,1609.5464863936695,1.4350258365194241e-5
16074033,Großpürschütz,3845736.107504349,2,Open Soil,open_soil,open_or_seasonal,0,0
15086080,Jerichow,271871166.0115402,2,Open Soil,open_soil,open_or_seasonal,113767.11662363989,4.1845966342311856e-4
15083440,Rogätz,24049686.691628017,2,Open Soil,open_soil,open_or_seasonal,356615.9266795917,0.014828298233246173
16074065,Orlamünde,7560729.246217439,2,Open Soil,open_soil,open_or_seasonal,0,0
09475181,Töpen,20760821.23068345,2,Open Soil,open_soil,open_or_seasonal,526.4814313885245,2.5359374060329144e-5
14730020,Bad Düben,45760284.73030639,2,Open Soil,open_soil,open_or_seasonal,21943.64038279026,4.7953461199198573e-4
12061428,Schlepzig,30568354.692797564,2,Open Soil,open_soil,open_or_seasonal,0,0
15090135,Eichstedt (Altmark),33096927.482174885,2,Open Soil,open_soil,open_or_seasonal,11695.26349601851,3.53364024570476e-4
15084315,Lützen,97101429.97719347,2,Open Soil,open_soil,open_or_seasonal,351437.5949145719,0.0036192834132011773
14730010,Arzberg,58766112.040497184,2,Open Soil,open_soil,open_or_seasonal,6929.719140695489,1.1792032687001732e-4
16074063,Neuengönna,6143386.212843794,2,Open Soil,open_soil,open_or_seasonal,100.04816629738343,1.628550815968817e-5
15088295,Petersberg,102979201.83064786,2,Open Soil,open_soil,open_or_seasonal,158429.63844112144,0.0015384624819841132
12067124,Erkner,17720248.5899029,2,Open Soil,open_soil,open_or_seasonal,2207.2453987200233,1.245606339844309e-4
15089130,Giersleben,19957180.33831095,2,Open Soil,open_soil,open_or_seasonal,0,0
12068052,Breddin,44834002.062274136,2,Open Soil,open_soil,open_or_seasonal,1300.215179230293,2.900064949420091e-5
14730045,Belgern-Schildau,159176175.1877344,2,Open Soil,open_soil,open_or_seasonal,322604.5993645012,0.002026714104570092
12066272,Ruhland,37189312.92102806,2,Open Soil,open_soil,open_or_seasonal,0,0
14729030,Bennewitz,46878836.64596784,2,Open Soil,open_soil,open_or_seasonal,53141.73666248662,0.0011335975989296967
14730030,Beilrode,93254227.22893988,2,Open Soil,open_soil,open_or_seasonal,9341.979270293317,1.0017754205778451e-4
15089165,Güsten,36360530.25389707,2,Open Soil,open_soil,open_or_seasonal,22404.177451875956,6.161675117340926e-4
03357057,Zeven,74062264.05971542,2,Open Soil,open_soil,open_or_seasonal,132842.15876092567,0.0017936551150234457
15090500,Schönhausen (Elbe),74543683.28672162,2,Open Soil,open_soil,open_or_seasonal,76298.87435553981,0.0010235458055120124
14522600,Zettlitz,15613710.21278385,2,Open Soil,open_soil,open_or_seasonal,378.32886252700655,2.4230554901502318e-5
12067144,Fürstenwalde/Spree,70607103.70768166,2,Open Soil,open_soil,open_or_seasonal,70313.68088921925,9.958442875708767e-4
12066292,Schwarzbach,16003257.327448731,2,Open Soil,open_soil,open_or_seasonal,0,0
12066296,Schwarzheide,33551212.206033006,2,Open Soil,open_soil,open_or_seasonal,366368.9005343276,0.010919691911115182
14729050,Borna,62812956.61812812,2,Open Soil,open_soil,open_or_seasonal,202729.40811319285,0.0032275094029674154
15089185,Ilberstedt,14814473.70554787,2,Open Soil,open_soil,open_or_seasonal,1504.5689021671872,1.0156073931966557e-4
09464000,Hof,58174074.52425988,2,Open Soil,open_soil,open_or_seasonal,3851.5920397339764,6.620805008471218e-5
12067137,Friedland,174356380.08987343,2,Open Soil,open_soil,open_or_seasonal,5856.893878740801,3.3591508815001875e-5
15086005,Biederitz,39887011.59926703,2,Open Soil,open_soil,open_or_seasonal,12274.651114501075,3.077355415296802e-4
15090520,Seehausen (Altmark),107495553.84168129,2,Open Soil,open_soil,open_or_seasonal,54834.103244112666,5.101057791178225e-4
12068409,Sieversdorf-Hohenofen,20011138.33276172,2,Open Soil,open_soil,open_or_seasonal,0,0
14729040,Böhlen,24293697.819196668,2,Open Soil,open_soil,open_or_seasonal,74848.31419366243,0.0030809765870438194
14627140,Meißen,31144025.97770278,2,Open Soil,open_soil,open_or_seasonal,41146.24703561786,0.0013211601822152362
15089175,Hecklingen,96103947.90376855,2,Open Soil,open_soil,open_or_seasonal,139325.97593214616,0.0014497424816684635
16073111,Unterwellenborn,62677817.51922716,2,Open Soil,open_soil,open_or_seasonal,76442.2321592462,0.001219605837995183
15003000,Magdeburg,201019439.02960783,2,Open Soil,open_soil,open_or_seasonal,598670.2426583024,0.0029781708950552053
12063112,Großderschau,20162144.17764274,2,Open Soil,open_soil,open_or_seasonal,1744.2051695676691,8.650891265333632e-5
12068426,Temnitztal,52423334.85008234,2,Open Soil,open_soil,open_or_seasonal,701.8699065651854,1.3388501677208408e-5
15090546,Tangerhütte,296949495.3478358,2,Open Soil,open_soil,open_or_seasonal,547122.8183536626,0.0018424776836639609
16073107,Drognitz,24042773.59351918,2,Open Soil,open_soil,open_or_seasonal,0,0
12063142,Wiesenaue,46856932.74041422,2,Open Soil,open_soil,open_or_seasonal,29395.57188285847,6.273473350402365e-4
16073109,Uhlstädt-Kirchhasel,121711793.51269574,2,Open Soil,open_soil,open_or_seasonal,24464.976582032203,2.01007444520816e-4
01053082,Lanze,9041642.84146272,2,Open Soil,open_soil,open_or_seasonal,18.823397121325968,2.0818558586506603e-6
15086015,Burg,165725038.92818782,2,Open Soil,open_soil,open_or_seasonal,296339.40969531756,0.001788139026014818
01053083,Lauenburg/Elbe,9467987.643501751,2,Open Soil,open_soil,open_or_seasonal,7361.546090548238,7.775196132201075e-4
15090535,Stendal,269482844.1648705,2,Open Soil,open_soil,open_or_seasonal,210393.66665069337,7.807312087072e-4
12070296,Perleberg,138624646.22124013,2,Open Soil,open_soil,open_or_seasonal,247592.29369463387,0.001786062582980267
12063134,Havelaue,74787975.32205343,2,Open Soil,open_soil,open_or_seasonal,1014.3846368240661,1.3563472369132916e-5
14729410,Wurzen,68968117.12620622,2,Open Soil,open_soil,open_or_seasonal,148244.2753647472,0.0021494609617001992
15088205,Leuna,87605623.53928131,2,Open Soil,open_soil,open_or_seasonal,493789.81515215454,0.005636508196654124
09475113,Berg,38731607.487258606,2,Open Soil,open_soil,open_or_seasonal,22988.33988231346,5.935291967903953e-4
12068425,Temnitzquell,65814910.209692866,2,Open Soil,open_soil,open_or_seasonal,371.83011131083424,5.649633344878029e-6
14628030,Bad Schandau,47722548.93476192,2,Open Soil,open_soil,open_or_seasonal,532.5007114355376,1.1158262149062515e-5
12063161,Kleßen-Görne,42058614.665302426,2,Open Soil,open_soil,open_or_seasonal,0,0
12063165,Kotzen,42678641.5444656,2,Open Soil,open_soil,open_or_seasonal,5531.683639703193,1.2961245811771909e-4
15085160,Hedersleben,16502768.787722103,2,Open Soil,open_soil,open_or_seasonal,2769.764026864381,1.6783632264938826e-4
14729400,Trebsen/Mulde,35158509.02655442,2,Open Soil,open_soil,open_or_seasonal,68493.39671977633,0.0019481314372018683
12063148,Ketzin/Havel,93901650.97202522,2,Open Soil,open_soil,open_or_seasonal,202011.09976273362,0.0021513050907157735
14627180,Nossen,125244731.56155156,2,Open Soil,open_soil,open_or_seasonal,69641.21875391607,5.560411035708187e-4
15086055,Gommern,161566566.55857658,2,Open Soil,open_soil,open_or_seasonal,20529.746495460822,1.2706679935553178e-4
16055000,Weimar,84348894.19407173,2,Open Soil,open_soil,open_or_seasonal,22042.178011703378,0.00026132148171365786
15086035,Elbe-Parey,109173497.3080816,2,Open Soil,open_soil,open_or_seasonal,125493.27027535114,0.0011494847501423908
15090550,Tangermünde,90718726.87506966,2,Open Soil,open_soil,open_or_seasonal,51086.295358516676,5.631284423652517e-4
15087370,Sangerhausen,209561194.93619433,2,Open Soil,open_soil,open_or_seasonal,98285.26842146378,4.690050963461483e-4
14729430,Zwenkau,46358871.9764821,2,Open Soil,open_soil,open_or_seasonal,346944.12511278153,0.0074838776337954604
14627170,Niederau,35384670.56995631,2,Open Soil,open_soil,open_or_seasonal,84669.63625760365,0.002392833814581086
12071164,Guhrow,6636164.019009794,2,Open Soil,open_soil,open_or_seasonal,0,0
15086040,Genthin,232345814.95029497,2,Open Soil,open_soil,open_or_seasonal,64682.57075093513,2.783892223958175e-4
12069306,Kloster Lehnin,200920136.8985341,2,Open Soil,open_soil,open_or_seasonal,303286.6052540888,0.0015094883466421807
12063189,Milower Land,161322860.2203478,2,Open Soil,open_soil,open_or_seasonal,44557.184889184005,2.761988277936816e-4
15085185,Huy,167754286.22719565,2,Open Soil,open_soil,open_or_seasonal,3486.741474693129,2.078481303285992e-5
13076125,Siggelkow,55496241.96970108,2,Open Soil,open_soil,open_or_seasonal,91.8927914084511,1.6558380918589264e-6
15088216,Wettin-Löbejün,127662765.18892792,2,Open Soil,open_soil,open_or_seasonal,334076.7487827615,0.0026168691261571992
13076126,Spornitz,48802531.162101656,2,Open Soil,open_soil,open_or_seasonal,0,0
12071176,Heinersbrück,24036811.57600771,2,Open Soil,open_soil,open_or_seasonal,2263925.5051362393,0.09418576577751983
12068477,Wusterhausen/Dosse,196404815.48170736,2,Open Soil,open_soil,open_or_seasonal,12681.824811352846,6.456982625527325e-5
12062282,Kremitzaue,23560664.704395063,2,Open Soil,open_soil,open_or_seasonal,174.21263736345247,7.3942157213821915e-6
12065332,Velten,23497701.22505804,2,Open Soil,open_soil,open_or_seasonal,87878.6572719893,0.0037398831668808163
03357002,Alfstedt,16139641.725738715,2,Open Soil,open_soil,open_or_seasonal,0,0
03357008,Bremervörde,149938240.33220863,2,Open Soil,open_soil,open_or_seasonal,34732.47523289741,2.316452104275925e-4
15088220,Merseburg,54399314.11881466,2,Open Soil,open_soil,open_or_seasonal,59673.77737000372,0.0010969582675191272
14627190,Nünchritz,31132061.88738452,2,Open Soil,open_soil,open_or_seasonal,1783.7538382458797,5.729636041128072e-5
13076114,Plau am See,116229917.80461577,2,Open Soil,open_soil,open_or_seasonal,15176.234409426526,1.305708091004418e-4
13076119,Redefin,17809943.393829256,2,Open Soil,open_soil,open_or_seasonal,1929.716650932035,1.0835052129366331e-4
12068468,Wittstock/Dosse,420426820.7499632,2,Open Soil,open_soil,open_or_seasonal,247678.37279332234,5.891117325757434e-4
14522580,Wechselburg,25794664.90650411,2,Open Soil,open_soil,open_or_seasonal,36188.08133833404,0.0014029289184217795
16077001,Altenburg,45989937.18791705,2,Open Soil,open_soil,open_or_seasonal,20904.150177721116,4.545374804993921e-4
13076120,Rom,33739788.2783462,2,Open Soil,open_soil,open_or_seasonal,69692.63500644786,0.0020655919483399893
13076122,Schwanheide,26626977.937083315,2,Open Soil,open_soil,open_or_seasonal,330294.1173619595,0.012404491344921265
12065356,Zehdenick,223552572.9576092,2,Open Soil,open_soil,open_or_seasonal,20736.762732688825,9.276011659512861e-5
14522570,Waldheim,41719077.75883077,2,Open Soil,open_soil,open_or_seasonal,7750.517179430444,1.857787275220837e-4
13076151,Werder,18101945.14582469,2,Open Soil,open_soil,open_or_seasonal,4102.23342785386,2.2661837690962522e-4
14523450,Weischlitz,121919928.49884737,2,Open Soil,open_soil,open_or_seasonal,8816.131727101701,7.231083413229732e-5
13076156,Wöbbelin,23499854.895240724,2,Open Soil,open_soil,open_or_seasonal,1157.796288253945,4.926823137484249e-5
01053006,Basedow,7514836.830114216,2,Open Soil,open_soil,open_or_seasonal,0,0
13076136,Teldau,27728833.036026523,2,Open Soil,open_soil,open_or_seasonal,0,0
13076138,Tessin b.Boizenburg,10309156.297666095,2,Open Soil,open_soil,open_or_seasonal,0,0
15091391,Zahna-Elster,149659888.9850728,2,Open Soil,open_soil,open_or_seasonal,32666.24403889942,2.182698668322384e-4
03357016,Gnarrenburg,123032508.97752988,2,Open Soil,open_soil,open_or_seasonal,33580.46970785969,2.729398106803843e-4
16077005,Fockendorf,8819688.142882936,2,Open Soil,open_soil,open_or_seasonal,0,0
13076140,Tramm,41923138.84491094,2,Open Soil,open_soil,open_or_seasonal,0,0
01053012,Börnsen,8318068.951110065,2,Open Soil,open_soil,open_or_seasonal,400.1401984487529,4.810493887470761e-5
16077007,Gerstenberg,3132022.8779504225,2,Open Soil,open_soil,open_or_seasonal,143.081165463848,4.568330789380424e-5
13076143,Vielank,77435610.78714007,2,Open Soil,open_soil,open_or_seasonal,51899.06764692625,6.702222287571244e-4
13076145,Warlitz,23676572.627560373,2,Open Soil,open_soil,open_or_seasonal,1404.4291349262178,5.931724819374458e-5
16051000,Erfurt,270313726.8842227,2,Open Soil,open_soil,open_or_seasonal,908460.2592312658,0.003360762583915562
14524320,Wilkau-Haßlau,12677525.147904396,2,Open Soil,open_soil,open_or_seasonal,0,0
03357040,Sandbostel,31710155.172446847,2,Open Soil,open_soil,open_or_seasonal,696.1042081052028,2.1952090878131435e-5
03357042,Seedorf,18706735.80417411,2,Open Soil,open_soil,open_or_seasonal,300.14747402591456,1.604488763662025e-5
03357043,Selsingen,42074024.25889544,2,Open Soil,open_soil,open_or_seasonal,3001.2668651956865,7.133301171116637e-5
16077036,Nobitz,100760296.6100366,2,Open Soil,open_soil,open_or_seasonal,334515.7310088073,0.0033199161005197622
01053028,Escheburg,8661986.821033394,2,Open Soil,open_soil,open_or_seasonal,0,0
14524310,Wildenfels,20947435.8155518,2,Open Soil,open_soil,open_or_seasonal,24901.63711684437,0.0011887677965031352
12061332,Mittenwalde,99433041.5393216,2,Open Soil,open_soil,open_or_seasonal,51708.52217582799,5.200335962304788e-4
16062064,Heringen/Helme,66707462.69770858,2,Open Soil,open_soil,open_or_seasonal,40439.86364707282,6.062269798857445e-4
03357035,Oerel,34129029.76315896,2,Open Soil,open_soil,open_or_seasonal,94005.2128172725,0.00275440624798387
14522140,Flöha,27931186.062496617,2,Open Soil,open_soil,open_or_seasonal,1100.668600355566,3.9406439737030746e-5
03357036,Ostereistedt,28430467.63820198,2,Open Soil,open_soil,open_or_seasonal,200.10155495793697,7.0382787052387694e-6
03357038,Rhade,24523659.21658419,2,Open Soil,open_soil,open_or_seasonal,0,0
01053032,Geesthacht,33146931.69190304,2,Open Soil,open_soil,open_or_seasonal,39168.15590924292,0.0011816525364491193
13076161,Zierzow,13267494.49789133,2,Open Soil,open_soil,open_or_seasonal,0,0
12070241,Legde/Quitzöbel,41819617.7754618,2,Open Soil,open_soil,open_or_seasonal,239.42310903749808,5.725138625680665e-6
12070244,Lenzen (Elbe),96076567.98372813,2,Open Soil,open_soil,open_or_seasonal,10631.859331234227,1.1066027392896546e-4
12070246,Lenzerwische,42129893.85059176,2,Open Soil,open_soil,open_or_seasonal,18608.2998800456,4.416887435329778e-4
01053019,Buchhorst,5373355.969790967,2,Open Soil,open_soil,open_or_seasonal,2933.608532125445,5.459546228871131e-4
14521240,Großolbersdorf,22676551.100191567,2,Open Soil,open_soil,open_or_seasonal,603.6304968605149,2.6619149190434675e-5
14627100,Klipphausen,112347451.21716762,2,Open Soil,open_soil,open_or_seasonal,132638.4334946622,0.0011806091910200268
12061328,Märkisch Buchholz,24941661.900900096,2,Open Soil,open_soil,open_or_seasonal,0,0
12061329,Märkische Heide,212076425.67274225,2,Open Soil,open_soil,open_or_seasonal,21415.621396135233,1.009806786784588e-4
01053022,Dalldorf,6088334.982582103,2,Open Soil,open_soil,open_or_seasonal,0,0
12070236,Lanz,60770781.9897092,2,Open Soil,open_soil,open_or_seasonal,22757.1888755632,3.7447582753529244e-4
14524330,Zwickau,103508554.81607848,2,Open Soil,open_soil,open_or_seasonal,772657.6860241133,0.007464674658022495
14521270,Grünhainichen,28862952.942897946,2,Open Soil,open_soil,open_or_seasonal,441.64511112836976,1.530145276549195e-5
15083361,Loitsche-Heinrichsberg,31181807.099593844,2,Open Soil,open_soil,open_or_seasonal,1646813.6390161577,0.05281328416137909
12072426,Trebbin,126803367.34115852,2,Open Soil,open_soil,open_or_seasonal,89458.66586930571,7.054912479462896e-4
16077048,Treben,9990578.13175702,2,Open Soil,open_soil,open_or_seasonal,0,0
15084246,Kaiserpfalz,41118282.15318236,2,Open Soil,open_soil,open_or_seasonal,56436.30980390319,0.0013725356909039862
15090070,Bismark (Altmark),290854038.40629816,2,Open Soil,open_soil,open_or_seasonal,39151.96481369059,1.346103531112009e-4
12061344,Münchehofe,62439240.78617816,2,Open Soil,open_soil,open_or_seasonal,0,0
14522150,Frankenberg/Sa.,65535416.38795091,2,Open Soil,open_soil,open_or_seasonal,2734.80834934261,4.173023534562331e-5
16077052,Windischleuba,20480388.417354092,2,Open Soil,open_soil,open_or_seasonal,12044.3129106638,5.880900628065253e-4
15084250,Karsdorf,19995011.690175444,2,Open Soil,open_soil,open_or_seasonal,84295.2937135983,0.004215816175542264
12062224,Herzberg (Elster),149470443.50750053,2,Open Soil,open_soil,open_or_seasonal,84678.41184887261,5.665227844501806e-4
14626600,Weißwasser/O.L.,63633887.4327344,2,Open Soil,open_soil,open_or_seasonal,9068183.100631947,0.1425055652967559
12062232,Hirschfeld,20331321.413827352,2,Open Soil,open_soil,open_or_seasonal,709.9691946941184,3.4919972993554056e-5
14522500,Rossau,53736567.17403154,2,Open Soil,open_soil,open_or_seasonal,5930.638490572791,1.1036504195301111e-4
12067040,Berkenbrück,18065164.542990662,2,Open Soil,open_soil,open_or_seasonal,0,0
15083390,Niedere Börde,78188879.80222008,2,Open Soil,open_soil,open_or_seasonal,88627.647649786,0.0011335070648661413
12066196,Lübbenau/Spreewald,139475729.36291802,2,Open Soil,open_soil,open_or_seasonal,306062.0206447273,0.0021943747635715825
12067036,Beeskow,77998345.07864317,2,Open Soil,open_soil,open_or_seasonal,79088.09282542064,0.0010139714213895014
15085135,Halberstadt,143084427.54699445,2,Open Soil,open_soil,open_or_seasonal,181829.865404585,0.001270787244439057
15084285,Laucha an der Unstrut,31292658.355307817,2,Open Soil,open_soil,open_or_seasonal,24825.479211884707,7.933323826313351e-4
15089075,Egeln,29290742.118436176,2,Open Soil,open_soil,open_or_seasonal,3269.9197127832467,1.1163662906052128e-4
12062240,Hohenleipisch,35031725.017906845,2,Open Soil,open_soil,open_or_seasonal,0,0
14522510,Roßwein,44606404.11931287,2,Open Soil,open_soil,open_or_seasonal,23876.156127205588,5.352629650070387e-4
15084275,Kretzschau,27871911.810787264,2,Open Soil,open_soil,open_or_seasonal,15229.950404938543,5.464264707899978e-4
15082430,Zerbst/Anhalt,470995786.36170936,2,Open Soil,open_soil,open_or_seasonal,183514.80933720915,3.8963153100540857e-4
14522540,Striegistal,77063893.43353254,2,Open Soil,open_soil,open_or_seasonal,195803.99689408293,0.0025408007326149892
14625310,Lauta,42056455.59038755,2,Open Soil,open_soil,open_or_seasonal,307664.1163011658,0.0073155027446365605
13076103,Neu Kaliß,34292865.865348294,2,Open Soil,open_soil,open_or_seasonal,0,0
13076105,Neustadt-Glewe,94112757.09683424,2,Open Soil,open_soil,open_or_seasonal,7444.412791015593,7.91009956637006e-5
13076106,Nostorf,19990126.12565245,2,Open Soil,open_soil,open_or_seasonal,2259.384317690654,1.1302501562465307e-4
13076108,Parchim,124842063.19922496,2,Open Soil,open_soil,open_or_seasonal,181929.77221884485,0.0014572794421742166
13076109,Passow,24888183.63006653,2,Open Soil,open_soil,open_or_seasonal,0,0
16073035,Hohenwarte,6515428.406676106,2,Open Soil,open_soil,open_or_seasonal,169.3828439949841,2.5997192114247483e-5
14522530,Seelitz,31490882.602004535,2,Open Soil,open_soil,open_or_seasonal,2997.31328469857,9.518035180467687e-5
16073038,Kaulsdorf,21968218.288911104,2,Open Soil,open_soil,open_or_seasonal,317.45605712325545,1.445069659033285e-5
14625340,Malschwitz,93439533.9773545,2,Open Soil,open_soil,open_or_seasonal,127092.91713045078,0.0013601621467980815
12067072,Briesen (Mark),111720735.89286152,2,Open Soil,open_soil,open_or_seasonal,16762.023347707218,1.50035024507731e-4
14521670,Wolkenstein,30095422.232806846,2,Open Soil,open_soil,open_or_seasonal,7957.9378596655715,2.64423532526175e-4
16062008,Görsbach,7954000.735523127,2,Open Soil,open_soil,open_or_seasonal,0,0
01060063,Norderstedt,58647741.420688435,2,Open Soil,open_soil,open_or_seasonal,56729.625786409466,9.672942966290883e-4
14625330,Lohsa,134810705.16633087,2,Open Soil,open_soil,open_or_seasonal,297303.64597193466,0.002205341523917691
13076100,Muchow,19385454.226399228,2,Open Soil,open_soil,open_or_seasonal,0,0
13076102,Neu Gülze,13031360.020413212,2,Open Soil,open_soil,open_or_seasonal,0.20960153956492014,1.6084394816549155e-8
15082005,Aken (Elbe),59814153.79319817,2,Open Soil,open_soil,open_or_seasonal,74290.66674940562,0.0012420248726791093
01056042,Raa-Besenbek,12670789.436255297,2,Open Soil,open_soil,open_or_seasonal,0,0
01056045,Seestermühe,18117780.32657661,2,Open Soil,open_soil,open_or_seasonal,660.2312811496811,3.6441068897452134e-5
01056049,Uetersen,11385692.035718938,2,Open Soil,open_soil,open_or_seasonal,1960.3264298386487,1.7217455238458554e-4
01056029,Klein Nordende,10930418.524994152,2,Open Soil,open_soil,open_or_seasonal,0,0
14521690,Zschopau,22981602.50064336,2,Open Soil,open_soil,open_or_seasonal,816.403082412823,3.5524201690894625e-5
15090485,Schollene,65622886.19142336,2,Open Soil,open_soil,open_or_seasonal,41827.53719008253,6.373925259561231e-4
15090003,Aland,92856562.3009006,2,Open Soil,open_soil,open_or_seasonal,28411.5778453004,3.059727513197507e-4
01056033,Seester,11785529.117236825,2,Open Soil,open_soil,open_or_seasonal,0,0
15090007,Altmärkische Höhe,99821898.40534252,2,Open Soil,open_soil,open_or_seasonal,49824.923971801814,4.991382128346214e-4
15090008,Altmärkische Wische,67544348.28100026,2,Open Soil,open_soil,open_or_seasonal,50960.95143951492,7.544813553830658e-4
15091375,Wittenberg,242070715.93641967,2,Open Soil,open_soil,open_or_seasonal,310446.7358165046,0.0012824629968791598
01056036,Moorrege,10959953.688143631,2,Open Soil,open_soil,open_or_seasonal,1424.5759202296642,1.2998010400087331e-4
01056037,Neuendeich,8686162.934733266,2,Open Soil,open_soil,open_or_seasonal,2165.5043861996564,2.4930506167924587e-4
12063088,Friesack,84541496.23475263,2,Open Soil,open_soil,open_or_seasonal,1628.395676154863,1.9261495817783685e-5
01056038,Osterhorn,6374418.444995083,2,Open Soil,open_soil,open_or_seasonal,300.1351225902454,4.708431446415296e-5
14730360,Zschepplin,68340923.94879061,2,Open Soil,open_soil,open_or_seasonal,68977.04653953861,0.0010093080771226427
16073076,Rudolstadt,135148386.92623073,2,Open Soil,open_soil,open_or_seasonal,21698.721706003984,1.605547960986615e-4
16073077,Saalfeld/Saale,145607709.22119236,2,Open Soil,open_soil,open_or_seasonal,23501.084508459484,1.6140000164935662e-4
12069696,Ziesar,68066575.6939797,2,Open Soil,open_soil,open_or_seasonal,21287.755421172507,3.1274902849351584e-4
12069216,Golzow,40231537.20454377,2,Open Soil,open_soil,open_or_seasonal,2345.0843289740624,5.82897023559221e-5
14729350,Pegau,48722638.77218679,2,Open Soil,open_soil,open_or_seasonal,302836.4284085306,0.006215517797065705
15082015,Bitterfeld-Wolfen,86439561.37782684,2,Open Soil,open_soil,open_or_seasonal,226392.29051429147,0.0026190818984461526
15083320,Hötensleben,60781460.656822056,2,Open Soil,open_soil,open_or_seasonal,30004.063526494974,4.936384088546471e-4
12061316,Lübben (Spreewald),121052302.6319176,2,Open Soil,open_soil,open_or_seasonal,30373.14454620427,2.5090926719964637e-4
01056050,Wedel,28219950.72389341,2,Open Soil,open_soil,open_or_seasonal,61747.2947681901,0.0021880723808603104
01056051,Westerhorn,9396717.292211529,2,Open Soil,open_soil,open_or_seasonal,2771.279408131666,2.949199515056861e-4
12069249,Groß Kreutz (Havel),99526644.91150458,2,Open Soil,open_soil,open_or_seasonal,195513.1509724723,0.001964430240226779
15084207,Gutenborn,34112737.284892656,2,Open Soil,open_soil,open_or_seasonal,19643.328419671336,5.758355964113933e-4
15089015,Aschersleben,157042636.245704,2,Open Soil,open_soil,open_or_seasonal,162916.89408191256,0.0010374054968551208
14521220,Gornau/Erzgeb.,19755555.35532984,2,Open Soil,open_soil,open_or_seasonal,323.6516449370682,1.638281683889744e-5
12065256,Oranienburg,164318985.6096604,2,Open Soil,open_soil,open_or_seasonal,315159.00971225085,0.001917970760000374
15090010,Arneburg,31235481.426069036,2,Open Soil,open_soil,open_or_seasonal,110601.57378972953,0.0035408954413432476
12063094,Gollenberg,30299023.899701424,2,Open Soil,open_soil,open_or_seasonal,400.07064024376814,1.3204076856340925e-5
14729370,Rötha,46138160.32048705,2,Open Soil,open_soil,open_or_seasonal,74152.5938880693,0.0016071857519456146
15089005,Alsleben (Saale),23866835.429368444,2,Open Soil,open_soil,open_or_seasonal,70506.13602813733,0.0029541468217180833
03353023,Marschacht,26201655.315447405,2,Open Soil,open_soil,open_or_seasonal,6326.527425703925,2.4145525729338434e-4
03353026,Neu Wulmstorf,56173035.8219472,2,Open Soil,open_soil,open_or_seasonal,339947.4692004729,0.006051790938948203
03353007,Drage,30407387.635426603,2,Open Soil,open_soil,open_or_seasonal,16430.586407674207,5.403485036159928e-4
12052000,Cottbus,165456921.7163237,2,Open Soil,open_soil,open_or_seasonal,2634733.2107271682,0.01592398301259602
14729360,Regis-Breitingen,26429546.760908872,2,Open Soil,open_soil,open_or_seasonal,1884464.833098801,0.07130144342414736
15089041,Bördeaue,25624183.390924316,2,Open Soil,open_soil,open_or_seasonal,443183.6825657743,0.01729552414625408
15089042,Bördeland,92592309.36093704,2,Open Soil,open_soil,open_or_seasonal,76885.0294079985,8.303608575987722e-4
15089043,Börde-Hakel,39045345.92019806,2,Open Soil,open_soil,open_or_seasonal,5243.231971140556,1.3428570928419525e-4
03353040,Winsen (Luhe),110031781.06794664,2,Open Soil,open_soil,open_or_seasonal,91782.90941869776,8.341490842724806e-4
15089026,Barby,154093416.53524873,2,Open Soil,open_soil,open_or_seasonal,235513.93164674408,0.0015283841253066804
14729380,Thallwitz,52891027.23506981,2,Open Soil,open_soil,open_or_seasonal,43861.94366811604,8.292889354025068e-4
12067024,Bad Saarow,50298082.389564335,2,Open Soil,open_soil,open_or_seasonal,11338.883267860834,2.2543370898397082e-4
15089030,Bernburg (Saale),114052712.15939713,2,Open Soil,open_soil,open_or_seasonal,564250.123747539,0.004947274931603183
03353031,Seevetal,105494795.92269228,2,Open Soil,open_soil,open_or_seasonal,286877.5821509853,0.0027193529277142
03353032,Stelle,38492330.25085408,2,Open Soil,open_soil,open_or_seasonal,28071.237835142085,7.29268341308571e-4
03353033,Tespe,24899031.941647574,2,Open Soil,open_soil,open_or_seasonal,1156.8234065226397,4.646057763344885e-5
12069270,Havelsee,82133144.0596614,2,Open Soil,open_soil,open_or_seasonal,64712.92479465711,7.879026857616668e-4
03154007,Grafhorst,9595122.928886414,2,Open Soil,open_soil,open_or_seasonal,100.03256522375523,1.0425355252365147e-5
13076090,Ludwigslust,78675923.22125305,2,Open Soil,open_soil,open_or_seasonal,100709.92403683787,0.0012800602765552637
12066176,Lauchhammer,89364500.39881246,2,Open Soil,open_soil,open_or_seasonal,1300846.7364325575,0.014556638605119356
13076093,Malk Göhren,22563558.96337619,2,Open Soil,open_soil,open_or_seasonal,0,0
13076094,Malliß,25193462.8679158,2,Open Soil,open_soil,open_or_seasonal,30404.668045586997,0.0012068475145712396
13076097,Milow,33807484.17057334,2,Open Soil,open_soil,open_or_seasonal,114.3056417422622,3.3810750650814754e-6
03154012,Jerxheim,17106738.656320043,2,Open Soil,open_soil,open_or_seasonal,0,0
13076085,Lewitzrand,46856627.23741313,2,Open Soil,open_soil,open_or_seasonal,643.3933798176276,1.3731107374794231e-5
13076088,Lübtheen,120328010.22909904,2,Open Soil,open_soil,open_or_seasonal,63883.93045455518,5.309148745410407e-4
13076089,Lübz,74813303.50257179,2,Open Soil,open_soil,open_or_seasonal,8069.573649173953,1.0786281679028586e-4
15089055,Calbe (Saale),57425951.03109665,2,Open Soil,open_soil,open_or_seasonal,291874.7179717999,0.00508262750082706
14524260,Remse,14386253.492598357,2,Open Soil,open_soil,open_or_seasonal,851.5867689883733,5.919447821675808e-5
16065016,Etzleben,6168455.4494236335,2,Open Soil,open_soil,open_or_seasonal,0,0
14627020,Diera-Zehren,43387391.97460426,2,Open Soil,open_soil,open_or_seasonal,42107.26166804352,9.704953386617469e-4
03154027,Söllingen,39430284.66967523,2,Open Soil,open_soil,open_or_seasonal,1159.0259908792214,2.9394309490506848e-5
16065019,Gehofen,13548591.471329546,2,Open Soil,open_soil,open_or_seasonal,800.3374878839168,5.9071637784453645e-5
12067426,Rietz-Neuendorf,185234224.38259536,2,Open Soil,open_soil,open_or_seasonal,133733.1599030019,7.219678779596386e-4
16065003,Bad Frankenhausen/Kyffhäuser,91109138.21694888,2,Open Soil,open_soil,open_or_seasonal,8831.56848013051,9.693394815238839e-5
14627010,Coswig,26126891.1611025,2,Open Soil,open_soil,open_or_seasonal,12899.014191920796,4.937064311396046e-4
14628370,Stadt Wehlen,10977521.341152163,2,Open Soil,open_soil,open_or_seasonal,1636.1998759958233,1.4905002915932325e-4
14627040,Glaubitz,14259650.79794955,2,Open Soil,open_soil,open_or_seasonal,19561.70779152855,0.0013718223586752492
14522060,Burgstädt,25841214.814155083,2,Open Soil,open_soil,open_or_seasonal,2571.1181312011845,9.949679802951055e-5
15090415,Osterburg (Altmark),231322870.27737197,2,Open Soil,open_soil,open_or_seasonal,15490.408266513561,6.696444777785915e-5
16065042,Kalbsrieth,11982585.109859249,2,Open Soil,open_soil,open_or_seasonal,15593.364633307054,0.0013013356041574754
14627030,Ebersbach,84269636.69404,2,Open Soil,open_soil,open_or_seasonal,7803.014985136706,9.259580664228231e-5
15090445,Sandau (Elbe),18434549.689568777,2,Open Soil,open_soil,open_or_seasonal,24998.32308280662,0.0013560582440997713
16073002,Altenbeuthen,8067944.710577965,2,Open Soil,open_soil,open_or_seasonal,0,0
12069648,Wenzlow,20707044.44068362,2,Open Soil,open_soil,open_or_seasonal,200.05198345989447,9.661059260917392e-6
01056019,Haselau,13848008.610910298,2,Open Soil,open_soil,open_or_seasonal,4379.617691853606,3.162633570579295e-4
16065056,Reinsdorf,11330959.869730547,2,Open Soil,open_soil,open_or_seasonal,175.8493571357576,1.5519369864288412e-5
14627060,Großenhain,130422644.6610693,2,Open Soil,open_soil,open_or_seasonal,132420.50791912407,0.0010153183771364753
15087250,Kelbra (Kyffhäuser),40621471.96106028,2,Open Soil,open_soil,open_or_seasonal,0,0
14522080,Döbeln,91232608.068295,2,Open Soil,open_soil,open_or_seasonal,25391.343383586318,2.783143430973588e-4
15090435,Rochau,39086676.02958891,2,Open Soil,open_soil,open_or_seasonal,3792.7744154369357,9.703496947567956e-5
01056020,Haseldorf,17815283.524139255,2,Open Soil,open_soil,open_or_seasonal,2049.4902099631836,1.1504112225809803e-4
12069656,Werder (Havel),117238083.591075,2,Open Soil,open_soil,open_or_seasonal,125509.73324734814,0.001070554289211384
01056024,Heist,10018888.267545355,2,Open Soil,open_soil,open_or_seasonal,3939.802510639062,3.932374935651738e-4
12067481,Storkow (Mark),180695975.93586615,2,Open Soil,open_soil,open_or_seasonal,19030.63100665521,1.0531851032150097e-4
01056027,Hetlingen,16599690.141962444,2,Open Soil,open_soil,open_or_seasonal,4506.489158191976,2.714803179849724e-4
01056028,Holm,15978636.194305196,2,Open Soil,open_soil,open_or_seasonal,6626.694459544349,4.1472215644449746e-4
12067469,Spreenhagen,137738247.98115382,2,Open Soil,open_soil,open_or_seasonal,147653.3997698921,0.001071985464706179
14524290,Waldenburg,25083048.223122895,2,Open Soil,open_soil,open_or_seasonal,1487.187799177097,5.9290552964217794e-5
14730310,Torgau,102853060.15132137,2,Open Soil,open_soil,open_or_seasonal,101493.19372997103,9.867785516604985e-4
12071041,Dissen-Striesow,19911812.74790296,2,Open Soil,open_soil,open_or_seasonal,0,0
12068320,Neuruppin,305934233.01816416,2,Open Soil,open_soil,open_or_seasonal,64251.15531784966,2.1001623350216873e-4
16065046,Mönchpfiffel-Nikolausrieth,9268732.690789605,2,Open Soil,open_soil,open_or_seasonal,0,0
14627050,Gröditz,29040876.612622075,2,Open Soil,open_soil,open_or_seasonal,19064.055232361046,6.564559151108824e-4
12068324,Neustadt (Dosse),75664484.23327327,2,Open Soil,open_soil,open_or_seasonal,14619.003063326183,1.932082563102639e-4
12071028,Briesen,9164530.61977494,2,Open Soil,open_soil,open_or_seasonal,0,0
12069688,Wusterwitz,23864482.92313698,2,Open Soil,open_soil,open_or_seasonal,2767.8060814972177,1.1598014046278738e-4
01056015,Elmshorn,21702124.601431817,2,Open Soil,open_soil,open_or_seasonal,386.1242772697433,1.7792003518598744e-5
01056016,Groß Nordende,5336383.998411052,2,Open Soil,open_soil,open_or_seasonal,0,0
12067473,Steinhöfel,161138405.97169286,2,Open Soil,open_soil,open_or_seasonal,62633.200402303744,3.8869194481982463e-4
12071032,Burg (Spreewald),35368051.73040276,2,Open Soil,open_soil,open_or_seasonal,0,0
13076006,Barkhagen,30384060.435054645,2,Open Soil,open_soil,open_or_seasonal,5308.429606730333,1.7471100079191197e-4
13076008,Belsch,22625583.52322813,2,Open Soil,open_soil,open_or_seasonal,146752.73439758553,0.006486141418051145
13076009,Bengerstorf,33049640.00110774,2,Open Soil,open_soil,open_or_seasonal,0,0
12067408,Rauen,21643502.72157179,2,Open Soil,open_soil,open_or_seasonal,0,0
14625240,Hoyerswerda,95962109.1018878,2,Open Soil,open_soil,open_or_seasonal,277329.1886110069,0.0028899863832354132
13076010,Besitz,22187644.02126526,2,Open Soil,open_soil,open_or_seasonal,0,0
16065085,Kyffhäuserland,129109407.51909108,2,Open Soil,open_soil,open_or_seasonal,27879.382240607123,2.1593610238266077e-4
16065086,Artern,44869652.329491064,2,Open Soil,open_soil,open_or_seasonal,21141.052729429444,4.71165958099797e-4
13076012,Blievenstorf,21448027.28281925,2,Open Soil,open_soil,open_or_seasonal,0,0
12071060,Drehnow,10968965.45124516,2,Open Soil,open_soil,open_or_seasonal,203.15995895339375,1.8521341858208853e-5
16065087,Roßleben-Wiehe,72953515.34495515,2,Open Soil,open_soil,open_or_seasonal,47213.79085530053,6.471763647310718e-4
16065088,An der Schmücke,95013330.85967591,2,Open Soil,open_soil,open_or_seasonal,88787.93712886432,9.344787339367587e-4
13076014,Boizenburg/Elbe,47238842.90497926,2,Open Soil,open_soil,open_or_seasonal,50889.63412256484,0.0010772836715100989
14627070,Hirschstein,34760214.33588495,2,Open Soil,open_soil,open_or_seasonal,32699.27878700743,9.407099297788306e-4
14713000,Leipzig,299088853.71073973,2,Open Soil,open_soil,open_or_seasonal,1554524.9023841762,0.005197535391564998
12062196,Gröden,22402858.92871034,2,Open Soil,open_soil,open_or_seasonal,400.1874885591242,1.786323298435204e-5
14522460,Penig,63608667.65588005,2,Open Soil,open_soil,open_or_seasonal,606956.1926395557,0.009542035936409808
14729320,Neukieritzsch,57209117.342527494,2,Open Soil,open_soil,open_or_seasonal,4299147.627634949,0.07514794542091449
12067493,Tauche,121952418.64925414,2,Open Soil,open_soil,open_or_seasonal,3861.9571674494446,3.166773738663415e-5
12071052,Drachhausen,38300791.51922781,2,Open Soil,open_soil,open_or_seasonal,0,0
16076012,Caaschwitz,4097838.24899341,2,Open Soil,open_soil,open_or_seasonal,233232.05353352678,0.05691587597212207
13076030,Dersenow,22443987.350011803,2,Open Soil,open_soil,open_or_seasonal,58375.15572965081,0.002600926244490158
14523330,Pöhl,36654093.105269566,2,Open Soil,open_soil,open_or_seasonal,12692.977206967827,3.462908540804417e-4
13076034,Dömitz,60496863.98778597,2,Open Soil,open_soil,open_or_seasonal,39092.673779075965,6.461933925528535e-4
13076016,Brahlstorf,21895462.27090615,2,Open Soil,open_soil,open_or_seasonal,53654.78952375519,0.002450498137920094
13076017,Brenz,12654634.15903614,2,Open Soil,open_soil,open_or_seasonal,5328.955279859036,4.2110701999661156e-4
13076018,Bresegard bei Eldena,11143815.295551412,2,Open Soil,open_soil,open_or_seasonal,0,0
01051103,Schmedeswurth,5887846.1293954775,2,Open Soil,open_soil,open_or_seasonal,1228.3711657512513,2.0862827233519634e-4
16076022,Greiz,84912677.81935868,2,Open Soil,open_soil,open_or_seasonal,7990.584235630535,9.410354779564866e-5
13076019,Bresegard bei Picher,16581224.118175805,2,Open Soil,open_soil,open_or_seasonal,0,0
14522480,Reinsberg,48765913.081287704,2,Open Soil,open_soil,open_or_seasonal,52113.71925397731,0.0010686505380737804
14523320,Plauen,101719133.12763377,2,Open Soil,open_soil,open_or_seasonal,37408.022667716534,3.67757977457183e-4
13076049,Gorlosen,53231150.54896304,2,Open Soil,open_soil,open_or_seasonal,0,0
12071076,Forst (Lausitz),111087397.72670946,2,Open Soil,open_soil,open_or_seasonal,4100518.677873292,0.0369125459933911
12071412,Werben,25107230.69742649,2,Open Soil,open_soil,open_or_seasonal,0,0
14524200,Mülsen,49108021.31470883,2,Open Soil,open_soil,open_or_seasonal,139289.34207818584,0.002836386772449044
16076039,Langenwetzendorf,58327544.83979913,2,Open Soil,open_soil,open_or_seasonal,2501.4159752435944,4.288567232023766e-5
15085090,Ditfurt,23929171.404765,2,Open Soil,open_soil,open_or_seasonal,12844.499947432638,5.367716136161288e-4
13076050,Grabow,72336024.30337732,2,Open Soil,open_soil,open_or_seasonal,176916.55078511703,0.002445759944493617
13076053,Grebs-Niendorf,31186526.12191532,2,Open Soil,open_soil,open_or_seasonal,0,0
01058172,Westerrönfeld,7731811.63513024,2,Open Soil,open_soil,open_or_seasonal,14843.985818523015,0.0019198586979379993
14612000,Dresden,328736783.09641767,2,Open Soil,open_soil,open_or_seasonal,577020.8694385936,0.0017552671289277502
13076058,Groß Laasch,27467259.64554101,2,Open Soil,open_soil,open_or_seasonal,32125.73587735414,0.0011696010556542498
13076037,Eldena,34251458.78441228,2,Open Soil,open_soil,open_or_seasonal,0,0
12061217,Heidesee,136364223.14755517,2,Open Soil,open_soil,open_or_seasonal,8009.278575692237,5.873445681588831e-5
14628310,Rathen,3743511.710648861,2,Open Soil,open_soil,open_or_seasonal,0,0
13076040,Gallin-Kuppentin,29592968.88817017,2,Open Soil,open_soil,open_or_seasonal,200.0140972439658,6.758838493015201e-6
12070125,Groß Pankow (Prignitz),250928782.20071307,2,Open Soil,open_soil,open_or_seasonal,61738.11017944451,2.46038376458789e-4
13076046,Göhlen,33994605.65105992,2,Open Soil,open_soil,open_or_seasonal,4349.855458845731,1.279572266110434e-4
01051118,Trennewurth,8075378.942849048,2,Open Soil,open_soil,open_or_seasonal,286.13723200095137,3.543328852131863e-5
01051119,Volsemenhusen,16715100.23053301,2,Open Soil,open_soil,open_or_seasonal,0,0
15084590,Zeitz,87425518.6237047,2,Open Soil,open_soil,open_or_seasonal,2030041.6168642566,0.023220241055725663
14522490,Rochlitz,23581724.78775827,2,Open Soil,open_soil,open_or_seasonal,46858.35815202619,0.0019870623787599825
13076075,Kreien,25035627.882163573,3,High Seasonal Vegetation,high_seasonal_vegetation,open_or_seasonal,2355383.603700746,0.0940812674955446
13076079,Kuhstorf,15091729.821307696,3,High Seasonal Vegetation,high_seasonal_vegetation,open_or_seasonal,2023973.5696777562,0.13411143676983606
14521150,Drebach,33008113.855999652,3,High Seasonal Vegetation,high_seasonal_vegetation,open_or_seasonal,2681479.8463655855,0.08123699094300693
15083245,Gröningen,59726899.683835134,3,High Seasonal Vegetation,high_seasonal_vegetation,open_or_seasonal,1593383.2593935966,0.026677816324439822
14628330,Reinhardtsdorf-Schöna,31817093.770008847,3,High Seasonal Vegetation,high_seasonal_vegetation,open_or_seasonal,5141683.508823921,0.1616012935056479
13076067,Karenz,6848559.861875899,3,High Seasonal Vegetation,high_seasonal_vegetation,open_or_seasonal,698262.5644530826,0.1019575762694466
16076093,Mohlsdorf-Teichwolframsdorf,51148534.17445346,3,High Seasonal Vegetation,high_seasonal_vegetation,open_or_seasonal,5031730.914112921,0.09837488004936921
16076094,Berga-Wünschendorf,62985940.27364644,3,High Seasonal Vegetation,high_seasonal_vegetation,open_or_seasonal,8815733.59709622,0.13996351501296483
13076069,Karstädt,19717514.76181327,3,High Seasonal Vegetation,high_seasonal_vegetation,open_or_seasonal,2819721.760810979,0.14300594141163817
15084130,Elsteraue,80483183.11954002,3,High Seasonal Vegetation,high_seasonal_vegetation,open_or_seasonal,5368640.703119999,0.06670512391571376
14628320,Rathmannsdorf,4195836.411452889,3,High Seasonal Vegetation,high_seasonal_vegetation,open_or_seasonal,677889.0047609714,0.1615623056491469
14522020,Augustusburg,23353480.299974073,3,High Seasonal Vegetation,high_seasonal_vegetation,open_or_seasonal,4770201.042257504,0.20426082027109252
15002000,Halle (Saale),135858053.42722595,3,High Seasonal Vegetation,high_seasonal_vegetation,open_or_seasonal,15479821.013329016,0.11394113652320931
15083270,Haldensleben,156410219.9081429,3,High Seasonal Vegetation,high_seasonal_vegetation,open_or_seasonal,28097647.99359366,0.1796407422104191
12061260,Königs Wusterhausen,95986510.3169408,3,High Seasonal Vegetation,high_seasonal_vegetation,open_or_seasonal,12107127.481586926,0.12613363525364168
15084150,Gleina,29877869.66065514,3,High Seasonal Vegetation,high_seasonal_vegetation,open_or_seasonal,387460.0655176493,0.012968128916764052
12072312,Nuthe-Urstromtal,341614674.8878322,3,High Seasonal Vegetation,high_seasonal_vegetation,open_or_seasonal,31441202.478489835,0.09203703701784305
15084135,Freyburg (Unstrut),46843268.74310584,3,High Seasonal Vegetation,high_seasonal_vegetation,open_or_seasonal,11595618.075863654,0.24754075424273714
12062124,Elsterwerda,40441722.63077532,3,High Seasonal Vegetation,high_seasonal_vegetation,open_or_seasonal,2931226.484256146,0.07248025785196259
12062128,Falkenberg/Elster,82069829.47278139,3,High Seasonal Vegetation,high_seasonal_vegetation,open_or_seasonal,7332820.170001996,0.08934854887731841
12067397,Ragow-Merz,43897070.919061154,3,High Seasonal Vegetation,high_seasonal_vegetation,open_or_seasonal,3471699.0066313664,0.07908725876112778
12066064,Frauendorf,20849051.531904455,3,High Seasonal Vegetation,high_seasonal_vegetation,open_or_seasonal,2599018.863084393,0.12465885362253627
12061265,Krausnick-Groß Wasserburg,54774429.42453899,3,High Seasonal Vegetation,high_seasonal_vegetation,open_or_seasonal,9633991.619161751,0.17588483751225922
15084170,Goseck,14467892.210808836,3,High Seasonal Vegetation,high_seasonal_vegetation,open_or_seasonal,1196406.2189324368,0.08269388529440468
01058119,Oldenbüttel,8000288.08312802,3,High Seasonal Vegetation,high_seasonal_vegetation,open_or_seasonal,587751.5908243463,0.07346630330273585
14522420,Niederwiesa,16599271.8798012,3,High Seasonal Vegetation,high_seasonal_vegetation,open_or_seasonal,3041759.7245650077,0.18324657530709937
16075134,Remptendorf,97383600.17456956,3,High Seasonal Vegetation,high_seasonal_vegetation,open_or_seasonal,6680557.081849601,0.068600432412378
16075135,Saalburg-Ebersdorf,71996977.28873697,3,High Seasonal Vegetation,high_seasonal_vegetation,open_or_seasonal,7672213.692319272,0.10656299724293418
16075136,Rosenthal am Rennsteig,56292295.44415217,3,High Seasonal Vegetation,high_seasonal_vegetation,open_or_seasonal,6640602.47659828,0.11796645392061601
01058124,Osterrönfeld,17906363.46134805,3,High Seasonal Vegetation,high_seasonal_vegetation,open_or_seasonal,2232737.447993617,0.12468960840726336
16075125,Wilhelmsdorf,9420791.17988135,3,High Seasonal Vegetation,high_seasonal_vegetation,open_or_seasonal,1092569.2795621247,0.11597425934834119
16075127,Ziegenrück,8250127.516421139,3,High Seasonal Vegetation,high_seasonal_vegetation,open_or_seasonal,1961444.0346029364,0.23774711732623016
16076003,Bad Köstritz,20159072.262280148,3,High Seasonal Vegetation,high_seasonal_vegetation,open_or_seasonal,3810104.3491810807,0.18900196892047494
14522440,Oederan,77683163.59427962,3,High Seasonal Vegetation,high_seasonal_vegetation,open_or_seasonal,6027468.905640595,0.07759041504952872
12073572,Templin,379582812.2804865,3,High Seasonal Vegetation,high_seasonal_vegetation,open_or_seasonal,61055061.25296734,0.16084780258135528
01058140,Schacht-Audorf,6278333.662421584,3,High Seasonal Vegetation,high_seasonal_vegetation,open_or_seasonal,715569.9260306273,0.11397449777376574
01058148,Schülp b.Rendsburg,11012699.40867108,3,High Seasonal Vegetation,high_seasonal_vegetation,open_or_seasonal,1060771.7588130175,0.09632259262227721
03360002,Bad Bevensen,48140251.44442914,3,High Seasonal Vegetation,high_seasonal_vegetation,open_or_seasonal,7878771.481401695,0.16366286517004552
03360004,Bienenbüttel,99488670.05538411,3,High Seasonal Vegetation,high_seasonal_vegetation,open_or_seasonal,12592624.842429256,0.12657345640884632
03360008,Emmendorf,11000591.927796615,3,High Seasonal Vegetation,high_seasonal_vegetation,open_or_seasonal,1412577.1563681492,0.12840919521783262
12062500,Uebigau-Wahrenbrück,135901487.06611395,3,High Seasonal Vegetation,high_seasonal_vegetation,open_or_seasonal,9370795.12752994,0.06895285202413712
01058132,Rade b.Rendsburg,6537224.4244546015,3,High Seasonal Vegetation,high_seasonal_vegetation,open_or_seasonal,552114.3231164742,0.08445699386594593
01058135,Rendsburg,23814387.481500052,3,High Seasonal Vegetation,high_seasonal_vegetation,open_or_seasonal,4661588.544442688,0.19574673285483377
03359001,Agathenburg,11100004.708568253,3,High Seasonal Vegetation,high_seasonal_vegetation,open_or_seasonal,1501105.961682554,0.1352347139568174
03359004,Balje,58446108.6453896,3,High Seasonal Vegetation,high_seasonal_vegetation,open_or_seasonal,974084.0986496564,0.01666636361643377
03359007,Bliedersdorf,12401586.096952744,3,High Seasonal Vegetation,high_seasonal_vegetation,open_or_seasonal,1816906.6440557141,0.14650598962516218
03359009,Burweg,16255046.295608832,3,High Seasonal Vegetation,high_seasonal_vegetation,open_or_seasonal,1452580.7477364,0.08936183393884291
03360025,Uelzen,136860915.81507882,3,High Seasonal Vegetation,high_seasonal_vegetation,open_or_seasonal,18111423.565004256,0.13233451973590263
15091241,Oranienbaum-Wörlitz,115899933.39697148,3,High Seasonal Vegetation,high_seasonal_vegetation,open_or_seasonal,27216054.077604137,0.23482372491436915
02000000,Hamburg,742109107.0919194,3,High Seasonal Vegetation,high_seasonal_vegetation,open_or_seasonal,151798561.6880282,0.20455019381567305
15089365,Wolmirsleben,16869354.158058494,3,High Seasonal Vegetation,high_seasonal_vegetation,open_or_seasonal,330790.48211415636,0.01960895947851908
01058158,Tackesdorf,7595935.643578419,3,High Seasonal Vegetation,high_seasonal_vegetation,open_or_seasonal,1080992.9060015082,0.14231201483590455
03360012,Jelmstorf,13955288.939884534,3,High Seasonal Vegetation,high_seasonal_vegetation,open_or_seasonal,1541664.669789282,0.11047171265534812
12065144,Hohen Neuendorf,49014227.56596513,3,High Seasonal Vegetation,high_seasonal_vegetation,open_or_seasonal,7424330.3904271005,0.1514729652820738
13071110,Neustrelitz,139943510.287917,3,High Seasonal Vegetation,high_seasonal_vegetation,open_or_seasonal,22752949.17604968,0.16258666892975757
15084565,Wetterzeube,41934541.89197438,3,High Seasonal Vegetation,high_seasonal_vegetation,open_or_seasonal,16609003.885615153,0.3960697586347988
13071119,Priepert,22199734.212614417,3,High Seasonal Vegetation,high_seasonal_vegetation,open_or_seasonal,1884454.1596680852,0.08488633880117778
03359020,Grünendeich,2588844.4192941617,3,High Seasonal Vegetation,high_seasonal_vegetation,open_or_seasonal,223876.48212708335,0.08647737981416527
03359021,Guderhandviertel,9223870.486279769,3,High Seasonal Vegetation,high_seasonal_vegetation,open_or_seasonal,1305601.8356173849,0.1415459852303248
03359022,Hammah,29370105.30183487,3,High Seasonal Vegetation,high_seasonal_vegetation,open_or_seasonal,2933021.223753277,0.09986417119076653
03359023,Harsefeld,52010606.29360163,3,High Seasonal Vegetation,high_seasonal_vegetation,open_or_seasonal,10296802.062595176,0.1979750438683483
03359025,Himmelpforten,18215753.037146464,3,High Seasonal Vegetation,high_seasonal_vegetation,open_or_seasonal,2849036.124454973,0.15640506975720836
03359026,Hollern-Twielenfleth,17708013.179927923,3,High Seasonal Vegetation,high_seasonal_vegetation,open_or_seasonal,2749964.135632911,0.15529489998064844
03359027,Horneburg,16902118.424427122,3,High Seasonal Vegetation,high_seasonal_vegetation,open_or_seasonal,3012623.183334519,0.1782393844182658
03359028,Jork,53147595.539435685,3,High Seasonal Vegetation,high_seasonal_vegetation,open_or_seasonal,5864511.102675842,0.11034386491340623
03359029,Kranenburg,14241579.451314503,3,High Seasonal Vegetation,high_seasonal_vegetation,open_or_seasonal,1124532.257412837,0.07896120379464246
12069590,Schwielowsee,58307568.467751876,3,High Seasonal Vegetation,high_seasonal_vegetation,open_or_seasonal,10604975.750317326,0.18187991763337913
15084550,Weißenfels,113730963.2180518,3,High Seasonal Vegetation,high_seasonal_vegetation,open_or_seasonal,4299064.362933007,0.03780029854042987
12065136,Hennigsdorf,30730259.606725983,3,High Seasonal Vegetation,high_seasonal_vegetation,open_or_seasonal,9122728.111569546,0.29686466135719985
14729250,Machern,39068604.93483402,3,High Seasonal Vegetation,high_seasonal_vegetation,open_or_seasonal,6464582.583167123,0.16546745382769545
15088020,Bad Dürrenberg,36456820.25492409,3,High Seasonal Vegetation,high_seasonal_vegetation,open_or_seasonal,924466.3224487347,0.02535784294912199
03359010,Buxtehude,76262592.45658633,3,High Seasonal Vegetation,high_seasonal_vegetation,open_or_seasonal,12675010.39052621,0.16620219667645914
03359012,Dollern,11986902.817578904,3,High Seasonal Vegetation,high_seasonal_vegetation,open_or_seasonal,1814925.1732552263,0.15140901706432638
03359013,Drochtersen,106914216.90756306,3,High Seasonal Vegetation,high_seasonal_vegetation,open_or_seasonal,5770264.902035873,0.05397097849975168
03359015,Engelschoff,19629177.4223999,3,High Seasonal Vegetation,high_seasonal_vegetation,open_or_seasonal,2232860.452571493,0.1137521152579454
03359016,Estorf,29452008.467342824,3,High Seasonal Vegetation,high_seasonal_vegetation,open_or_seasonal,3785412.419657979,0.12852815874528034
12068264,Kyritz,157576666.42114767,3,High Seasonal Vegetation,high_seasonal_vegetation,open_or_seasonal,10829986.487853976,0.06872836400098213
03359018,Freiburg (Elbe),26092407.30783692,3,High Seasonal Vegetation,high_seasonal_vegetation,open_or_seasonal,603094.5105900244,0.023113793352784413
03359019,Großenwörden,12340566.848252848,3,High Seasonal Vegetation,high_seasonal_vegetation,open_or_seasonal,1604160.328109445,0.1299908138609175
13071137,Sietow,18847417.38042587,3,High Seasonal Vegetation,high_seasonal_vegetation,open_or_seasonal,2125718.8636338846,0.11278568414585895
13071138,Silz,10677284.917102613,3,High Seasonal Vegetation,high_seasonal_vegetation,open_or_seasonal,974283.6962026177,0.0912482624343979
03352051,Steinau,36028682.80064326,3,High Seasonal Vegetation,high_seasonal_vegetation,open_or_seasonal,2295151.946530926,0.06370346535371946
03359040,Wischhafen,27624832.21567756,3,High Seasonal Vegetation,high_seasonal_vegetation,open_or_seasonal,2250832.954221358,0.08147861086171493
03352052,Stinstedt,30437815.314012676,3,High Seasonal Vegetation,high_seasonal_vegetation,open_or_seasonal,2768594.134186396,0.0909590292740825
03352055,Wanna,54053527.13815224,3,High Seasonal Vegetation,high_seasonal_vegetation,open_or_seasonal,3946078.3725053975,0.07300316152209359
03352056,Wingst,55608496.481304646,3,High Seasonal Vegetation,high_seasonal_vegetation,open_or_seasonal,9125033.887719048,0.16409423856275
03352038,Neuenkirchen,19402083.724760316,3,High Seasonal Vegetation,high_seasonal_vegetation,open_or_seasonal,408393.8384296684,0.021048967947112262
03352039,Neuhaus (Oste),9842364.398027057,3,High Seasonal Vegetation,high_seasonal_vegetation,open_or_seasonal,317433.59338036616,0.03225176192866798
14730270,Schkeuditz,80324651.47217132,3,High Seasonal Vegetation,high_seasonal_vegetation,open_or_seasonal,6522839.542127826,0.08120594889089161
03352041,Nordleda,21315494.84257512,3,High Seasonal Vegetation,high_seasonal_vegetation,open_or_seasonal,448414.14409522066,0.021037003710538668
03359030,Krummendeich,30095423.4804926,3,High Seasonal Vegetation,high_seasonal_vegetation,open_or_seasonal,501718.0138352817,0.016670907261381047
03352042,Oberndorf,32464128.553422045,3,High Seasonal Vegetation,high_seasonal_vegetation,open_or_seasonal,893101.6131876583,0.027510413893229745
03352043,Odisheim,13582666.151718097,3,High Seasonal Vegetation,high_seasonal_vegetation,open_or_seasonal,369611.3177716147,0.027211985750298505
03359032,Mittelnkirchen,6941695.411593951,3,High Seasonal Vegetation,high_seasonal_vegetation,open_or_seasonal,1318257.0169156566,0.1899041860456621
03352044,Osten,47849840.1291706,3,High Seasonal Vegetation,high_seasonal_vegetation,open_or_seasonal,3096397.632342876,0.06471072053708338
03359033,Neuenkirchen,8152226.686350301,3,High Seasonal Vegetation,high_seasonal_vegetation,open_or_seasonal,1048736.6257439302,0.128644193309772
03352045,Osterbruch,10521142.056641445,3,High Seasonal Vegetation,high_seasonal_vegetation,open_or_seasonal,210527.8227688157,0.020009978159730345
03359034,Nottensdorf,6984233.280373003,3,High Seasonal Vegetation,high_seasonal_vegetation,open_or_seasonal,1010007.7037286626,0.144612538439541
03352046,Otterndorf,33956318.90340103,3,High Seasonal Vegetation,high_seasonal_vegetation,open_or_seasonal,869323.7332710548,0.025601235980381377
01051024,Eddelak,9422591.509592954,3,High Seasonal Vegetation,high_seasonal_vegetation,open_or_seasonal,215739.0290296223,0.022895933545456434
03359035,Oederquart,37724566.29746619,3,High Seasonal Vegetation,high_seasonal_vegetation,open_or_seasonal,1853049.392989932,0.0491204956043297
12065180,Leegebruch,6196386.074688744,3,High Seasonal Vegetation,high_seasonal_vegetation,open_or_seasonal,218105.24571696197,0.0351987824980576
03359038,Stade,100012094.83540148,3,High Seasonal Vegetation,high_seasonal_vegetation,open_or_seasonal,12840532.39962721,0.1283897954618387
03359039,Steinkirchen,8591791.077775855,3,High Seasonal Vegetation,high_seasonal_vegetation,open_or_seasonal,1463987.77225091,0.1703937815757376
14729260,Markkleeberg,31294371.481885165,3,High Seasonal Vegetation,high_seasonal_vegetation,open_or_seasonal,4570730.715560721,0.146055999821134
13071156,Waren (Müritz),159864746.249927,3,High Seasonal Vegetation,high_seasonal_vegetation,open_or_seasonal,18741857.7691755,0.11723571462012725
13071159,Wesenberg,90112541.72905004,3,High Seasonal Vegetation,high_seasonal_vegetation,open_or_seasonal,13947879.511356639,0.1547828886382437
01051034,Friedrichskoog,52644739.12260729,3,High Seasonal Vegetation,high_seasonal_vegetation,open_or_seasonal,55855.76291423726,0.0010609942008479069
01051016,Burg (Dithmarschen),11374810.187515236,3,High Seasonal Vegetation,high_seasonal_vegetation,open_or_seasonal,1777538.4094252682,0.15626972055993152
03352061,Wurster Nordseeküste,181747830.48425624,3,High Seasonal Vegetation,high_seasonal_vegetation,open_or_seasonal,9246549.159299122,0.0508757058318784
03352062,Geestland,355996953.8423922,3,High Seasonal Vegetation,high_seasonal_vegetation,open_or_seasonal,43695109.23200238,0.12274012111729242
03352063,Cadenberge,30845858.23362863,3,High Seasonal Vegetation,high_seasonal_vegetation,open_or_seasonal,1060475.1836822224,0.03437982421011311
01051021,Diekhusen-Fahrstedt,7528229.912736982,3,High Seasonal Vegetation,high_seasonal_vegetation,open_or_seasonal,23196.713957856624,0.0030812972274678004
01051022,Dingen,6798996.813680679,3,High Seasonal Vegetation,high_seasonal_vegetation,open_or_seasonal,380936.67055730417,0.056028364330278566
01051046,Helse,11771771.888879798,3,High Seasonal Vegetation,high_seasonal_vegetation,open_or_seasonal,118560.86144765017,0.010071624099312412
13071176,Südmüritz,69521651.59671196,3,High Seasonal Vegetation,high_seasonal_vegetation,open_or_seasonal,4613938.467208499,0.0663669283056376
01051051,Hochdonn,5461761.440063529,3,High Seasonal Vegetation,high_seasonal_vegetation,open_or_seasonal,782297.8467942543,0.14323178618822188
15082301,Raguhn-Jeßnitz,97547663.79529916,3,High Seasonal Vegetation,high_seasonal_vegetation,open_or_seasonal,26784102.020529952,0.27457451033102737
12065193,Liebenwalde,142108984.33563513,3,High Seasonal Vegetation,high_seasonal_vegetation,open_or_seasonal,21765173.001513246,0.15315831791541015
12065198,Löwenberger Land,245462895.6625957,3,High Seasonal Vegetation,high_seasonal_vegetation,open_or_seasonal,29696416.267391164,0.12098128390129793
14626060,Boxberg/O.L.,217157658.1790037,3,High Seasonal Vegetation,high_seasonal_vegetation,open_or_seasonal,14535025.206959583,0.06693305374926414
12070052,Breese,23853680.377576068,3,High Seasonal Vegetation,high_seasonal_vegetation,open_or_seasonal,1439008.9879765713,0.060326497429274206
15087101,Brücken-Hackpfüffel,16744209.004627198,3,High Seasonal Vegetation,high_seasonal_vegetation,open_or_seasonal,1056528.2591003876,0.06309812895959553
01051072,Marne,4805804.876825534,3,High Seasonal Vegetation,high_seasonal_vegetation,open_or_seasonal,174016.81886435932,0.036209713736714555
01051073,Marnerdeich,1293267.715960469,3,High Seasonal Vegetation,high_seasonal_vegetation,open_or_seasonal,1301.7511388840976,0.0010065596804272874
01051076,Neufeld,10473403.63389396,3,High Seasonal Vegetation,high_seasonal_vegetation,open_or_seasonal,16892.624241995552,0.0016129068288104312
16068005,Büchel,6463514.723747343,3,High Seasonal Vegetation,high_seasonal_vegetation,open_or_seasonal,40895.10980306512,0.006327069953567835
01051077,Neufelderkoog,9758328.39693758,3,High Seasonal Vegetation,high_seasonal_vegetation,open_or_seasonal,5665.96585729418,5.806287334081017e-4
01051057,Kaiser-Wilhelm-Koog,13218612.582973186,3,High Seasonal Vegetation,high_seasonal_vegetation,open_or_seasonal,3363.3004394870195,2.544367208264554e-4
16068009,Elxleben,12182387.021896468,3,High Seasonal Vegetation,high_seasonal_vegetation,open_or_seasonal,85412.943825857,0.007011182921075883
12062024,Bad Liebenwerda,139221533.97102642,3,High Seasonal Vegetation,high_seasonal_vegetation,open_or_seasonal,9274595.76654016,0.06661753754609764
12069537,Rosenau,49729511.31494759,3,High Seasonal Vegetation,high_seasonal_vegetation,open_or_seasonal,2391956.6781681613,0.04809934010852007
03355042,Wittorf,12084300.577132616,3,High Seasonal Vegetation,high_seasonal_vegetation,open_or_seasonal,392122.28322094225,0.032448901839049235
01051062,Kronprinzenkoog,28357505.18953096,3,High Seasonal Vegetation,high_seasonal_vegetation,open_or_seasonal,26355.495808902775,9.294010750505905e-4
16068014,Gebesee,23929036.68319125,3,High Seasonal Vegetation,high_seasonal_vegetation,open_or_seasonal,400126.5966439965,0.016721383394637947
01051064,Kuden,11394487.396027938,3,High Seasonal Vegetation,high_seasonal_vegetation,open_or_seasonal,1237455.6488831784,0.10860125654398015
03355049,Amt Neuhaus,237864004.5582604,3,High Seasonal Vegetation,high_seasonal_vegetation,open_or_seasonal,19094366.487409193,0.0802743001105591
14524150,Langenweißbach,22731716.17384742,3,High Seasonal Vegetation,high_seasonal_vegetation,open_or_seasonal,4869201.465838529,0.2142029853179537
14628270,Pirna,53425302.548493326,3,High Seasonal Vegetation,high_seasonal_vegetation,open_or_seasonal,10604122.561489034,0.19848502592687867
12069541,Roskow,39287218.17786935,3,High Seasonal Vegetation,high_seasonal_vegetation,open_or_seasonal,1632346.8948501484,0.04154905769759122
15087125,Edersleben,9134917.8716069,3,High Seasonal Vegetation,high_seasonal_vegetation,open_or_seasonal,176448.26888722138,0.019315802437114064
12070060,Cumlosen,22136539.600718543,3,High Seasonal Vegetation,high_seasonal_vegetation,open_or_seasonal,1826311.793224994,0.08250213566196736
01051090,Ramhusen,4807202.395817772,3,High Seasonal Vegetation,high_seasonal_vegetation,open_or_seasonal,41470.16910697656,0.008626674246762583
03355032,Rullstorf,22705490.788275145,3,High Seasonal Vegetation,high_seasonal_vegetation,open_or_seasonal,3043006.6791468733,0.13402074007218762
03355033,Scharnebeck,27037799.21691025,3,High Seasonal Vegetation,high_seasonal_vegetation,open_or_seasonal,7732166.863592351,0.2859761921287004
16068002,Andisleben,6730100.624243133,3,High Seasonal Vegetation,high_seasonal_vegetation,open_or_seasonal,36114.48284802345,0.005366113356155783
14524180,Limbach-Oberfrohna,50092485.45446207,3,High Seasonal Vegetation,high_seasonal_vegetation,open_or_seasonal,6560374.666044028,0.13096524571550586
01051097,Sankt Michaelisdonn,23004753.334857874,3,High Seasonal Vegetation,high_seasonal_vegetation,open_or_seasonal,1501812.012529123,0.06528268269903627
12071372,Spremberg,202891853.28971308,3,High Seasonal Vegetation,high_seasonal_vegetation,open_or_seasonal,24458639.2660858,0.1205501298820552
15090310,Klietz,66361888.75843367,3,High Seasonal Vegetation,high_seasonal_vegetation,open_or_seasonal,1497047.7393800826,0.022558847666761576
12072232,Luckenwalde,46648169.57139833,3,High Seasonal Vegetation,high_seasonal_vegetation,open_or_seasonal,5071160.1824399065,0.10871080749863371
16068015,Griefstedt,5038003.124141913,3,High Seasonal Vegetation,high_seasonal_vegetation,open_or_seasonal,21887.046890298683,0.0043443893048451705
15089305,Schönebeck (Elbe),86651504.83816189,3,High Seasonal Vegetation,high_seasonal_vegetation,open_or_seasonal,11344058.168251805,0.1309158818353932
12072240,Ludwigsfelde,110371846.037488,3,High Seasonal Vegetation,high_seasonal_vegetation,open_or_seasonal,12904833.541175913,0.11692142520469181
15087165,Gerbstedt,102354651.5951092,3,High Seasonal Vegetation,high_seasonal_vegetation,open_or_seasonal,2497696.9927618983,0.024402378923062504
12065100,Gransee,121765707.25394532,3,High Seasonal Vegetation,high_seasonal_vegetation,open_or_seasonal,23188100.221795544,0.19043210723883205
15089310,Staßfurt,147453642.098848,3,High Seasonal Vegetation,high_seasonal_vegetation,open_or_seasonal,4182096.633896172,0.028362111470211327
16068049,Schwerstedt,12696792.66930464,3,High Seasonal Vegetation,high_seasonal_vegetation,open_or_seasonal,110848.42107450447,0.008730426963849547
14625120,Elsterheide,127662995.54836445,3,High Seasonal Vegetation,high_seasonal_vegetation,open_or_seasonal,10931468.654417634,0.08562754310646192
16068051,Sömmerda,87917087.60362361,3,High Seasonal Vegetation,high_seasonal_vegetation,open_or_seasonal,1667568.5958040846,0.018967514066461792
01002000,Kiel,112723309.79272144,3,High Seasonal Vegetation,high_seasonal_vegetation,open_or_seasonal,24919448.55514809,0.2210673959181169
16068053,Straußfurt,21957904.249343578,3,High Seasonal Vegetation,high_seasonal_vegetation,open_or_seasonal,485064.8513492781,0.022090671579633056
16068057,Walschleben,16861722.674348123,3,High Seasonal Vegetation,high_seasonal_vegetation,open_or_seasonal,68336.70324828786,0.004052771153225586
16068058,Weißensee,55402086.43048872,3,High Seasonal Vegetation,high_seasonal_vegetation,open_or_seasonal,639658.6735798648,0.01154575061685492
12061192,Groß Köris,69088656.33213338,3,High Seasonal Vegetation,high_seasonal_vegetation,open_or_seasonal,5634034.398910631,0.08154789364879024
03352004,Belum,25542530.37904467,3,High Seasonal Vegetation,high_seasonal_vegetation,open_or_seasonal,333361.40454081085,0.01305122866034853
03352008,Bülkau,22980760.30528494,3,High Seasonal Vegetation,high_seasonal_vegetation,open_or_seasonal,800186.8623927551,0.03481986025539521
12051000,Brandenburg an der Havel,229676220.47988737,3,High Seasonal Vegetation,high_seasonal_vegetation,open_or_seasonal,26437266.154322937,0.11510667538452478
16068044,Riethnordhausen,12507221.29377836,3,High Seasonal Vegetation,high_seasonal_vegetation,open_or_seasonal,267940.64759200095,0.02142287573701813
16068045,Ringleben,6612685.463937223,3,High Seasonal Vegetation,high_seasonal_vegetation,open_or_seasonal,88258.79631724859,0.013346891637077639
03352011,Cuxhaven,161968595.94766963,3,High Seasonal Vegetation,high_seasonal_vegetation,open_or_seasonal,13965793.776713919,0.08622531852548825
14522330,Lichtenau,49149615.820938915,3,High Seasonal Vegetation,high_seasonal_vegetation,open_or_seasonal,5240937.022827202,0.1066323090280278
16075062,Bad Lobenstein,49171760.81963101,3,High Seasonal Vegetation,high_seasonal_vegetation,open_or_seasonal,5211365.625100839,0.10598289624438846
16068059,Werningshausen,12699180.881688392,3,High Seasonal Vegetation,high_seasonal_vegetation,open_or_seasonal,426189.8846195618,0.03356042319501938
03352002,Armstorf,39634923.870285094,3,High Seasonal Vegetation,high_seasonal_vegetation,open_or_seasonal,3343715.230690708,0.0843628523580322
16075046,Hirschberg,24263319.632687926,3,High Seasonal Vegetation,high_seasonal_vegetation,open_or_seasonal,2056335.6196169371,0.08475079464586574
03352029,Lamstedt,52748696.2280303,3,High Seasonal Vegetation,high_seasonal_vegetation,open_or_seasonal,5512539.029316968,0.10450569252909121
14522360,Mittweida,41127840.98173508,3,High Seasonal Vegetation,high_seasonal_vegetation,open_or_seasonal,5002677.311556771,0.12163724601489453
16068062,Wundersleben,6943238.073568635,3,High Seasonal Vegetation,high_seasonal_vegetation,open_or_seasonal,187711.3834947926,0.02703513569689741
16068064,Kindelbrück,64497659.140878424,3,High Seasonal Vegetation,high_seasonal_vegetation,open_or_seasonal,4274770.677269099,0.06627791976034308
16071101,Ilmtal-Weinstraße,84670578.55677061,3,High Seasonal Vegetation,high_seasonal_vegetation,open_or_seasonal,3786617.677666982,0.044721764539828915
16075079,Paska,6513323.312807415,3,High Seasonal Vegetation,high_seasonal_vegetation,open_or_seasonal,1661234.7910551806,0.25505179326636934
03352036,Mittelstenahe,33789268.79522018,3,High Seasonal Vegetation,high_seasonal_vegetation,open_or_seasonal,3401266.236030351,0.10066113761276459
14625160,Großdubrau,54384025.184921,3,High Seasonal Vegetation,high_seasonal_vegetation,open_or_seasonal,8526409.821530279,0.15678151428729456
14522350,Lunzenau,28121157.817220245,3,High Seasonal Vegetation,high_seasonal_vegetation,open_or_seasonal,4495239.048502475,0.15985255933344875
15091145,Jessen (Elster),354368138.6270962,3,High Seasonal Vegetation,high_seasonal_vegetation,open_or_seasonal,20716829.07784202,0.05846131979614135
03352020,Hechthausen,30700812.16132706,3,High Seasonal Vegetation,high_seasonal_vegetation,open_or_seasonal,4462497.241051786,0.14535437100498164
03352022,Hemmoor,45136113.48845031,3,High Seasonal Vegetation,high_seasonal_vegetation,open_or_seasonal,4223252.406214021,0.09356703711972657
03352024,Hollnseth,20900774.153643504,3,High Seasonal Vegetation,high_seasonal_vegetation,open_or_seasonal,1532603.0637049424,0.07332757401417943
01051003,Averlak,9015229.290474849,3,High Seasonal Vegetation,high_seasonal_vegetation,open_or_seasonal,572833.3783600781,0.06354063328875198
03352025,Ihlienworth,40263231.48540739,3,High Seasonal Vegetation,high_seasonal_vegetation,open_or_seasonal,1110487.0220952085,0.02758067301422844
15001000,Dessau-Roßlau,246351623.04511577,3,High Seasonal Vegetation,high_seasonal_vegetation,open_or_seasonal,59566386.91215579,0.24179417280009988
14627310,Weinböhla,19129566.25464748,3,High Seasonal Vegetation,high_seasonal_vegetation,open_or_seasonal,3801687.733220043,0.19873360862515285
14521495,Pockau-Lengefeld,83505276.29702461,3,High Seasonal Vegetation,high_seasonal_vegetation,open_or_seasonal,10107950.952825041,0.12104565604778676
12062410,Röderland,46885908.81827827,3,High Seasonal Vegetation,high_seasonal_vegetation,open_or_seasonal,1441097.3823279354,0.030736257836301763
01051010,Brickeln,6016044.624081735,3,High Seasonal Vegetation,high_seasonal_vegetation,open_or_seasonal,912698.9776891372,0.151710805806805
01051011,Brunsbüttel,49819003.98502033,3,High Seasonal Vegetation,high_seasonal_vegetation,open_or_seasonal,1428384.2095247712,0.02867147263631084
01051012,Buchholz,14556561.416269422,3,High Seasonal Vegetation,high_seasonal_vegetation,open_or_seasonal,1414855.0789938937,0.09719706725604535
12070008,Bad Wilsnack,79705672.07947846,3,High Seasonal Vegetation,high_seasonal_vegetation,open_or_seasonal,7753141.412353021,0.09727214149354366
15091160,Kemberg,237161020.8747511,3,High Seasonal Vegetation,high_seasonal_vegetation,open_or_seasonal,24713584.35331866,0.10420592836952891
16064003,Bad Langensalza,128346753.40334764,3,High Seasonal Vegetation,high_seasonal_vegetation,open_or_seasonal,6256901.415031536,0.048749978079837726
16064004,Bad Tennstedt,27487298.077159584,3,High Seasonal Vegetation,high_seasonal_vegetation,open_or_seasonal,446882.16700495617,0.0162577698888597
16064005,Ballhausen,14758485.728867829,3,High Seasonal Vegetation,high_seasonal_vegetation,open_or_seasonal,301810.49927033583,0.0204499638252175
01058075,Hörsten,8835364.60918665,3,High Seasonal Vegetation,high_seasonal_vegetation,open_or_seasonal,959186.346698463,0.10856216909273222
12061572,Zeuthen,13420943.976093616,3,High Seasonal Vegetation,high_seasonal_vegetation,open_or_seasonal,2704826.704088417,0.20153773899261151
15083120,Burgstall,117254993.91869847,3,High Seasonal Vegetation,high_seasonal_vegetation,open_or_seasonal,8734797.273026893,0.07449403203315477
12071301,Neuhausen/Spree,135095830.3552456,3,High Seasonal Vegetation,high_seasonal_vegetation,open_or_seasonal,10535478.845264884,0.0779852258767793
12061112,Eichwalde,2832709.8299547434,3,High Seasonal Vegetation,high_seasonal_vegetation,open_or_seasonal,405900.6881035843,0.14329059892098767
15083125,Calvörde,122650835.84860626,3,High Seasonal Vegetation,high_seasonal_vegetation,open_or_seasonal,11861196.656170942,0.09670701853847763
14521035,Aue-Bad Schlema,36185659.69923068,3,High Seasonal Vegetation,high_seasonal_vegetation,open_or_seasonal,10930105.881284649,0.30205628340436275
14628210,Königstein/Sächs.Schw.,27282672.13891542,3,High Seasonal Vegetation,high_seasonal_vegetation,open_or_seasonal,6540306.705190015,0.23972383173791328
14730180,Löbnitz,37284402.757531345,3,High Seasonal Vegetation,high_seasonal_vegetation,open_or_seasonal,2878035.216876405,0.0771913991915842
16075098,Schleiz,108245226.3545657,3,High Seasonal Vegetation,high_seasonal_vegetation,open_or_seasonal,10753630.50467162,0.09934507845590589
14627360,Zeithain,81605776.3716208,3,High Seasonal Vegetation,high_seasonal_vegetation,open_or_seasonal,14385515.859835926,0.17628060781293697
12062464,Schraden,16551361.52234092,3,High Seasonal Vegetation,high_seasonal_vegetation,open_or_seasonal,2216431.449403142,0.13391233382289533
16053000,Jena,114776189.22505067,3,High Seasonal Vegetation,high_seasonal_vegetation,open_or_seasonal,32775515.819723066,0.28556023719743423
16064022,Herbsleben,25017104.631884605,3,High Seasonal Vegetation,high_seasonal_vegetation,open_or_seasonal,351224.0199041045,0.014039355276008449
03355003,Artlenburg,11787911.580612302,3,High Seasonal Vegetation,high_seasonal_vegetation,open_or_seasonal,760599.3789391584,0.06452367527002187
03355004,Bardowick,23127933.12518663,3,High Seasonal Vegetation,high_seasonal_vegetation,open_or_seasonal,1497690.3128463742,0.06475677289188325
12062453,Schönborn,38929792.26194864,3,High Seasonal Vegetation,high_seasonal_vegetation,open_or_seasonal,4313438.439788877,0.11080044842687191
15084025,Balgstädt,32848242.337743822,3,High Seasonal Vegetation,high_seasonal_vegetation,open_or_seasonal,3133957.878825279,0.09540717115400259
01061101,Sommerland,19077815.414614964,3,High Seasonal Vegetation,high_seasonal_vegetation,open_or_seasonal,232722.80790868064,0.012198608847551718
16064019,Großvargula,15214475.91359024,3,High Seasonal Vegetation,high_seasonal_vegetation,open_or_seasonal,552539.2636027599,0.036316680688896257
12067288,Langewahl,13380797.535019713,3,High Seasonal Vegetation,high_seasonal_vegetation,open_or_seasonal,1444311.7093116813,0.10793913483345696
01061102,Stördorf,7208056.0397156,3,High Seasonal Vegetation,high_seasonal_vegetation,open_or_seasonal,70815.22056869378,0.009824454773729514
01061103,Störkathen,2005973.5893690065,3,High Seasonal Vegetation,high_seasonal_vegetation,open_or_seasonal,261975.06159353154,0.1305974629885021
01061104,Süderau,9136918.75002405,3,High Seasonal Vegetation,high_seasonal_vegetation,open_or_seasonal,98183.3819024302,0.010745786910075321
01061105,Vaale,14927650.039076356,3,High Seasonal Vegetation,high_seasonal_vegetation,open_or_seasonal,2245059.8441490238,0.1503960662443247
03355018,Hittbergen,14690458.487502694,3,High Seasonal Vegetation,high_seasonal_vegetation,open_or_seasonal,1190078.3689488228,0.08101029453650023
01061106,Vaalermoor,6202368.1675856095,3,High Seasonal Vegetation,high_seasonal_vegetation,open_or_seasonal,206861.5564791714,0.03335202794962367
03355019,Hohnstorf (Elbe),10232542.832744556,3,High Seasonal Vegetation,high_seasonal_vegetation,open_or_seasonal,613921.900021575,0.05999700270562268
01061109,Westermoor,9361103.215152033,3,High Seasonal Vegetation,high_seasonal_vegetation,open_or_seasonal,888813.8088735149,0.09494754928402739
12062461,Schönewalde,156495738.43898296,3,High Seasonal Vegetation,high_seasonal_vegetation,open_or_seasonal,3540489.5401557446,0.022623552407698096
03355021,Lüdersburg,19123323.277192023,3,High Seasonal Vegetation,high_seasonal_vegetation,open_or_seasonal,5080226.535131886,0.2656560505459301
03355022,Lüneburg,71033121.37965915,3,High Seasonal Vegetation,high_seasonal_vegetation,open_or_seasonal,14352812.860443605,0.20205803407864376
01061110,Wewelsfleth,17434047.597677477,3,High Seasonal Vegetation,high_seasonal_vegetation,open_or_seasonal,148273.4088716819,0.008504818404386744
03355024,Melbeck,16191367.481679091,3,High Seasonal Vegetation,high_seasonal_vegetation,open_or_seasonal,1714800.5301083834,0.1059083201001225
03355026,Neetze,26931703.774280805,3,High Seasonal Vegetation,high_seasonal_vegetation,open_or_seasonal,2809714.0239851945,0.10432737741116886
12071341,Schmogrow-Fehrow,30425558.583853245,3,High Seasonal Vegetation,high_seasonal_vegetation,open_or_seasonal,1122609.767806737,0.036896932055094714
03355028,Radbruch,22502434.334318295,3,High Seasonal Vegetation,high_seasonal_vegetation,open_or_seasonal,6314938.8698680345,0.28063358728425075
03355007,Barum,9859128.19252681,3,High Seasonal Vegetation,high_seasonal_vegetation,open_or_seasonal,1061705.5163041346,0.10768756583456378
03355009,Bleckede,140428645.90070593,3,High Seasonal Vegetation,high_seasonal_vegetation,open_or_seasonal,16380597.52456696,0.11664712295345586
13071077,Klink,25077178.987248123,3,High Seasonal Vegetation,high_seasonal_vegetation,open_or_seasonal,3936142.8685094174,0.1569611506346454
15085365,Wegeleben,51803398.39313342,3,High Seasonal Vegetation,high_seasonal_vegetation,open_or_seasonal,1384605.8929002956,0.026728089968009246
03355011,Brietlingen,19952780.234822452,3,High Seasonal Vegetation,high_seasonal_vegetation,open_or_seasonal,2234539.6682695393,0.11199139377928517
03355014,Deutsch Evern,11067871.539230255,3,High Seasonal Vegetation,high_seasonal_vegetation,open_or_seasonal,1419504.3677683221,0.12825450338277466
03355015,Echem,10383318.339279251,3,High Seasonal Vegetation,high_seasonal_vegetation,open_or_seasonal,987644.3810293046,0.09511837629913801
03355017,Handorf,9845690.275817502,3,High Seasonal Vegetation,high_seasonal_vegetation,open_or_seasonal,824860.7894781235,0.08377886835462475
13071069,Jabel,79860158.60251059,3,High Seasonal Vegetation,high_seasonal_vegetation,open_or_seasonal,10281077.159638895,0.12873850164524575
01061112,Willenscharen,7589153.329741799,3,High Seasonal Vegetation,high_seasonal_vegetation,open_or_seasonal,1203956.6786040335,0.1586417649365104
01061113,Wilster,2755912.6525660716,3,High Seasonal Vegetation,high_seasonal_vegetation,open_or_seasonal,80983.0902933268,0.029385216624308548
01061114,Winseldorf,5442342.502822228,3,High Seasonal Vegetation,high_seasonal_vegetation,open_or_seasonal,675973.5060447055,0.12420635152862336
01061115,Wittenbergen,4565265.492505508,3,High Seasonal Vegetation,high_seasonal_vegetation,open_or_seasonal,216175.73430882234,0.04735228097110752
01061116,Wrist,10045281.12016296,3,High Seasonal Vegetation,high_seasonal_vegetation,open_or_seasonal,802424.7851900717,0.07988076944700322
01061117,Wulfsmoor,8798835.287076786,3,High Seasonal Vegetation,high_seasonal_vegetation,open_or_seasonal,1014083.7791072618,0.11525204711999651
01061118,Kollmar,25531602.062536076,3,High Seasonal Vegetation,high_seasonal_vegetation,open_or_seasonal,421328.12355610135,0.016502220366905188
01061119,Neuendorf-Sachsenbande,19409666.285051152,3,High Seasonal Vegetation,high_seasonal_vegetation,open_or_seasonal,221623.75885815738,0.011418215831399767
14522300,Kriebstein,31209092.964952536,3,High Seasonal Vegetation,high_seasonal_vegetation,open_or_seasonal,3149161.2408709787,0.10090524721136407
01058007,Arpsdorf,12052928.258576203,3,High Seasonal Vegetation,high_seasonal_vegetation,open_or_seasonal,1915768.2046899109,0.15894628787214055
16074112,Wichmar,5198804.2403446855,3,High Seasonal Vegetation,high_seasonal_vegetation,open_or_seasonal,894768.4124027377,0.1721104259819973
15090220,Hassel,20426442.347355027,3,High Seasonal Vegetation,high_seasonal_vegetation,open_or_seasonal,665948.8517204432,0.03260229267514494
12061510,Unterspreewald,26090958.937346227,3,High Seasonal Vegetation,high_seasonal_vegetation,open_or_seasonal,1636784.5619286117,0.06273378321813007
13071093,Malchow,45040461.49018636,3,High Seasonal Vegetation,high_seasonal_vegetation,open_or_seasonal,8906060.663976714,0.19773466721510413
15090225,Havelberg,150161438.5532544,3,High Seasonal Vegetation,high_seasonal_vegetation,open_or_seasonal,16185824.033924526,0.10778948437007856
14625570,Spreetal,109091756.93335482,3,High Seasonal Vegetation,high_seasonal_vegetation,open_or_seasonal,10530946.734087573,0.09653292815259201
15091110,Gräfenhainichen,160149892.23009607,3,High Seasonal Vegetation,high_seasonal_vegetation,open_or_seasonal,51069497.78014773,0.3188856206457723
14522320,Leubsdorf,34311583.95952025,3,High Seasonal Vegetation,high_seasonal_vegetation,open_or_seasonal,4349303.948309817,0.12675905470994847
15082241,Muldestausee,138658706.97638956,3,High Seasonal Vegetation,high_seasonal_vegetation,open_or_seasonal,22666124.12022655,0.16346700913694573
12070424,Wittenberge,50422521.378002,3,High Seasonal Vegetation,high_seasonal_vegetation,open_or_seasonal,5301351.600286663,0.10513856616855936
14524080,Glauchau,52051737.980342254,3,High Seasonal Vegetation,high_seasonal_vegetation,open_or_seasonal,5827509.980047869,0.11195610763753312
01058024,Borgstedt,9109666.740652576,3,High Seasonal Vegetation,high_seasonal_vegetation,open_or_seasonal,562105.2721303295,0.06170426296956531
16075035,Gössitz,12742099.08847928,3,High Seasonal Vegetation,high_seasonal_vegetation,open_or_seasonal,1642810.3036384985,0.12892776082112242
01058026,Bovenau,26323947.191626538,3,High Seasonal Vegetation,high_seasonal_vegetation,open_or_seasonal,2505209.213426012,0.09516844853050387
01058029,Breiholz,18562396.11933431,3,High Seasonal Vegetation,high_seasonal_vegetation,open_or_seasonal,1632900.597273286,0.08796820123736512
01058009,Aukrug,49904592.123153016,3,High Seasonal Vegetation,high_seasonal_vegetation,open_or_seasonal,10963515.434252564,0.2196895108810255
15083557,Westheide,51253854.469688304,3,High Seasonal Vegetation,high_seasonal_vegetation,open_or_seasonal,8283304.232750279,0.16161329364309668
14522310,Leisnig,78127693.60088934,3,High Seasonal Vegetation,high_seasonal_vegetation,open_or_seasonal,7359848.325024929,0.0942028106272057
12070416,Weisen,15519249.70929966,3,High Seasonal Vegetation,high_seasonal_vegetation,open_or_seasonal,1857710.3064270527,0.11970361591088066
16075023,Eßbach,5443529.330009976,3,High Seasonal Vegetation,high_seasonal_vegetation,open_or_seasonal,722534.1076699464,0.13273265630932538
11000000,Berlin,893023743.1274061,3,High Seasonal Vegetation,high_seasonal_vegetation,open_or_seasonal,150717913.16964117,0.16877257108732718
15090245,Hohenberg-Krusemark,63950074.736398935,3,High Seasonal Vegetation,high_seasonal_vegetation,open_or_seasonal,3130278.8001987305,0.048948790335299586
12069460,Päwesin,23664940.770002447,3,High Seasonal Vegetation,high_seasonal_vegetation,open_or_seasonal,3212526.0364492396,0.13575043638061501
14730120,Elsnig,37026728.72282651,3,High Seasonal Vegetation,high_seasonal_vegetation,open_or_seasonal,2040110.7661779723,0.05509832589991321
12067201,Grünheide (Mark),126594762.92223091,3,High Seasonal Vegetation,high_seasonal_vegetation,open_or_seasonal,13096430.996689744,0.10345160174386582
15089235,Nienburg (Saale),79383374.10226241,3,High Seasonal Vegetation,high_seasonal_vegetation,open_or_seasonal,2862813.009245538,0.03606313087117758
01058044,Ehndorf,14678370.184088688,3,High Seasonal Vegetation,high_seasonal_vegetation,open_or_seasonal,2165077.390382957,0.1475012118668253
15087055,Berga,25953198.57920447,3,High Seasonal Vegetation,high_seasonal_vegetation,open_or_seasonal,1787325.859869688,0.0688672671468641
12069454,Nuthetal,48492811.13124999,3,High Seasonal Vegetation,high_seasonal_vegetation,open_or_seasonal,5372247.976924391,0.11078442044500035
14524090,Hartenstein,36873390.54000072,3,High Seasonal Vegetation,high_seasonal_vegetation,open_or_seasonal,5802933.445460186,0.1573745554850751
14730110,Eilenburg,46790885.02567576,3,High Seasonal Vegetation,high_seasonal_vegetation,open_or_seasonal,2584187.393459676,0.05522843588108333
15089245,Plötzkau,23962093.80644673,3,High Seasonal Vegetation,high_seasonal_vegetation,open_or_seasonal,2246236.6651496496,0.09374125163241473
15082256,Osternienburger Land,140361657.66805235,3,High Seasonal Vegetation,high_seasonal_vegetation,open_or_seasonal,5234215.926151013,0.0372909241249462
15083580,Zielitz,11433584.155043542,3,High Seasonal Vegetation,high_seasonal_vegetation,open_or_seasonal,753392.415339454,0.06589293480707187
01058034,Büdelsdorf,6463502.891730439,3,High Seasonal Vegetation,high_seasonal_vegetation,open_or_seasonal,889860.8339945162,0.13767470192254816
01058035,Bünsdorf,13321317.89180483,3,High Seasonal Vegetation,high_seasonal_vegetation,open_or_seasonal,1251124.7164366469,0.09391898959233823
12054000,Potsdam,187155026.6169255,3,High Seasonal Vegetation,high_seasonal_vegetation,open_or_seasonal,41970162.3239299,0.22425346026017073
15083565,Wolmirstedt,54729728.17133828,3,High Seasonal Vegetation,high_seasonal_vegetation,open_or_seasonal,5710077.906101043,0.10433229063782169
15084445,Schönburg,14798621.05160239,3,High Seasonal Vegetation,high_seasonal_vegetation,open_or_seasonal,2238730.5104159703,0.15127967008612342
14729100,Elstertrebnitz,11624845.86654578,3,High Seasonal Vegetation,high_seasonal_vegetation,open_or_seasonal,341324.12863731117,0.029361604666052456
14730140,Jesewitz,52617272.90102957,3,High Seasonal Vegetation,high_seasonal_vegetation,open_or_seasonal,1868961.4104852849,0.03551992164247483
12061540,Wildau,8874288.783778869,3,High Seasonal Vegetation,high_seasonal_vegetation,open_or_seasonal,1564341.0186257346,0.1762779031357602
15083115,Bülstringen,25524334.42581953,3,High Seasonal Vegetation,high_seasonal_vegetation,open_or_seasonal,2655556.0446850243,0.10404016811497173
16071015,Eberstedt,4115704.6694074017,3,High Seasonal Vegetation,high_seasonal_vegetation,open_or_seasonal,140193.38128824695,0.034063032347856154
15090285,Kamern,68271652.2899516,3,High Seasonal Vegetation,high_seasonal_vegetation,open_or_seasonal,3285317.812297961,0.048121258269026884
12069028,Bensdorf,34343518.53523056,3,High Seasonal Vegetation,high_seasonal_vegetation,open_or_seasonal,2427537.409420974,0.07068400423010639
14730160,Laußig,103823560.27216558,3,High Seasonal Vegetation,high_seasonal_vegetation,open_or_seasonal,19832728.6476077,0.19102339195089926
16071001,Apolda,46276500.00416577,3,High Seasonal Vegetation,high_seasonal_vegetation,open_or_seasonal,2714655.5213867296,0.05866164297521115
16071003,Bad Berka,54593402.287365526,3,High Seasonal Vegetation,high_seasonal_vegetation,open_or_seasonal,10133366.44899386,0.18561522133488667
16071004,Bad Sulza,93949547.55477688,3,High Seasonal Vegetation,high_seasonal_vegetation,open_or_seasonal,4687542.429461711,0.04989425230311684
15090270,Iden,37826011.59551551,3,High Seasonal Vegetation,high_seasonal_vegetation,open_or_seasonal,2914954.699515898,0.07706217432295934
16071009,Buchfart,7263662.231930096,3,High Seasonal Vegetation,high_seasonal_vegetation,open_or_seasonal,5089620.431271183,0.7006961872342972
12065036,Birkenwerder,17775945.98677081,3,High Seasonal Vegetation,high_seasonal_vegetation,open_or_seasonal,3078263.1339562824,0.17317014443266104
13071001,Alt Schwerin,44381761.02719912,3,High Seasonal Vegetation,high_seasonal_vegetation,open_or_seasonal,5447405.481077352,0.12273973260635014
12069017,Beelitz,181455267.83634016,3,High Seasonal Vegetation,high_seasonal_vegetation,open_or_seasonal,5712706.220151238,0.03148272457597481
12069018,Beetzsee,21334744.806759752,3,High Seasonal Vegetation,high_seasonal_vegetation,open_or_seasonal,1616642.501175015,0.07577510374826672
12069019,Beetzseeheide,37603644.4417689,3,High Seasonal Vegetation,high_seasonal_vegetation,open_or_seasonal,2625138.037993964,0.06981073449035291
16071031,Hetschburg,2806792.266105883,3,High Seasonal Vegetation,high_seasonal_vegetation,open_or_seasonal,781498.433357502,0.27843116243217586
13071036,Fünfseen,51514717.33507943,3,High Seasonal Vegetation,high_seasonal_vegetation,open_or_seasonal,6743497.741877215,0.13090429474772963
16071022,Großheringen,6057917.431900784,3,High Seasonal Vegetation,high_seasonal_vegetation,open_or_seasonal,591291.5064075285,0.09760639907269252
15090610,Werben (Elbe),53294556.63491746,3,High Seasonal Vegetation,high_seasonal_vegetation,open_or_seasonal,2791825.0767928963,0.05238480724997254
14729170,Groitzsch,70102504.26428947,3,High Seasonal Vegetation,high_seasonal_vegetation,open_or_seasonal,4810838.186249609,0.06862576789143711
16071056,Mellingen,14402466.832059782,3,High Seasonal Vegetation,high_seasonal_vegetation,open_or_seasonal,1066387.8130229474,0.0740420252625874
12065084,Fürstenberg/Havel,214561334.25998983,3,High Seasonal Vegetation,high_seasonal_vegetation,open_or_seasonal,45373982.9760624,0.21147325137846834
14729160,Grimma,218262734.2336526,3,High Seasonal Vegetation,high_seasonal_vegetation,open_or_seasonal,31376174.708588634,0.1437541539958906
12063244,Premnitz,46200413.25616827,3,High Seasonal Vegetation,high_seasonal_vegetation,open_or_seasonal,6300414.634666973,0.13637139130624112
12063228,Paulinenaue,31721999.89801838,3,High Seasonal Vegetation,high_seasonal_vegetation,open_or_seasonal,4733924.730615664,0.14923159781333284
15090631,Wust-Fischbeck,68361806.37525818,3,High Seasonal Vegetation,high_seasonal_vegetation,open_or_seasonal,2329965.088261421,0.03408284847640733
14522290,Königshain-Wiederau,31122770.43727965,3,High Seasonal Vegetation,high_seasonal_vegetation,open_or_seasonal,2437039.136812053,0.07830405528078906
15090635,Zehrental,72718261.80264291,3,High Seasonal Vegetation,high_seasonal_vegetation,open_or_seasonal,4207680.316423745,0.057862773560833636
13071043,Göhren-Lebbin,41562504.55205552,3,High Seasonal Vegetation,high_seasonal_vegetation,open_or_seasonal,6655621.822586722,0.16013524435830853
13071045,Gotthun,10031714.719820186,3,High Seasonal Vegetation,high_seasonal_vegetation,open_or_seasonal,823532.3242957036,0.08209287716970334
15088305,Querfurt,156684041.7985942,3,High Seasonal Vegetation,high_seasonal_vegetation,open_or_seasonal,41356271.22333229,0.26394692623830024
15086145,Möser,81009143.90285742,3,High Seasonal Vegetation,high_seasonal_vegetation,open_or_seasonal,8659034.012698585,0.10688958795913354
12063260,Rhinow,31837856.508433804,3,High Seasonal Vegetation,high_seasonal_vegetation,open_or_seasonal,2208065.3705086955,0.0693534556864336
16071064,Niedertrebra,9012958.996060198,3,High Seasonal Vegetation,high_seasonal_vegetation,open_or_seasonal,211637.33883512672,0.0234814492030463
12060198,Schorfheide,238606548.50860944,3,High Seasonal Vegetation,high_seasonal_vegetation,open_or_seasonal,43802667.95947481,0.18357697319398722
16071069,Obertrebra,3324050.15367275,3,High Seasonal Vegetation,high_seasonal_vegetation,open_or_seasonal,122732.52722892797,0.03692258586812252
15087015,Allstedt,149497962.79355845,3,High Seasonal Vegetation,high_seasonal_vegetation,open_or_seasonal,39317542.94989454,0.2629971821367766
16071071,Oettern,3602385.033769388,3,High Seasonal Vegetation,high_seasonal_vegetation,open_or_seasonal,1250202.2080827213,0.34704846826841296
12063252,Rathenow,113331297.0500876,3,High Seasonal Vegetation,high_seasonal_vegetation,open_or_seasonal,17398932.941306688,0.1535227549157679
16067067,Tonna,30540085.398235098,3,High Seasonal Vegetation,high_seasonal_vegetation,open_or_seasonal,3194075.9712288654,0.10458634707725638
14627270,Strehla,30423270.693645723,3,High Seasonal Vegetation,high_seasonal_vegetation,open_or_seasonal,667539.879557134,0.021941752623479697
15088330,Schkopau,99688497.68444872,3,High Seasonal Vegetation,high_seasonal_vegetation,open_or_seasonal,10097812.81169626,0.10129366021403596
15085285,Schwanebeck,32944606.57600601,3,High Seasonal Vegetation,high_seasonal_vegetation,open_or_seasonal,638438.3233269965,0.019379145471173406
12066304,Senftenberg,128211122.853599,3,High Seasonal Vegetation,high_seasonal_vegetation,open_or_seasonal,15793966.110719034,0.12318717564585843
15088319,Salzatal,110097013.90878391,3,High Seasonal Vegetation,high_seasonal_vegetation,open_or_seasonal,4456972.802054468,0.040482231477659315
12061061,Byhleguhre-Byhlen,35807579.871736184,3,High Seasonal Vegetation,high_seasonal_vegetation,open_or_seasonal,3227282.7506904183,0.09012848012210378
12063274,Seeblick,48592905.63152763,3,High Seasonal Vegetation,high_seasonal_vegetation,open_or_seasonal,3577810.6620770823,0.0736282511938483
14524050,Dennheritz,13034982.459386006,3,High Seasonal Vegetation,high_seasonal_vegetation,open_or_seasonal,1097767.1719407004,0.08421700415486474
12068109,Dreetz,64804566.76798928,3,High Seasonal Vegetation,high_seasonal_vegetation,open_or_seasonal,2675291.94056227,0.041282460079399085
15085287,Selke-Aue,36645534.96901242,3,High Seasonal Vegetation,high_seasonal_vegetation,open_or_seasonal,8230577.940836386,0.22459974858591064
14628160,Heidenau,10960781.690978736,3,High Seasonal Vegetation,high_seasonal_vegetation,open_or_seasonal,1039755.8645530891,0.09486147009103005
12068117,Fehrbellin,269809478.4721361,3,High Seasonal Vegetation,high_seasonal_vegetation,open_or_seasonal,17060267.720437225,0.06323079462235824
12063293,Stechow-Ferchesar,51169638.88332954,3,High Seasonal Vegetation,high_seasonal_vegetation,open_or_seasonal,7835123.2837556405,0.15312055067694116
12066316,Tettau,8945355.58874562,3,High Seasonal Vegetation,high_seasonal_vegetation,open_or_seasonal,1602375.6897404562,0.17912934526118177
14522220,Großweitzschen,44373569.65298103,3,High Seasonal Vegetation,high_seasonal_vegetation,open_or_seasonal,3423496.6142311036,0.07715170631987035
01053111,Schnakenbek,12863118.632286277,3,High Seasonal Vegetation,high_seasonal_vegetation,open_or_seasonal,4367436.278680327,0.33953167995497713
12066320,Vetschau/Spreewald,111737275.9909628,3,High Seasonal Vegetation,high_seasonal_vegetation,open_or_seasonal,12009495.600451086,0.107479759945306
01061068,Moordiek,6108671.251558565,3,High Seasonal Vegetation,high_seasonal_vegetation,open_or_seasonal,535769.6406568659,0.08770641250667562
14522210,Großschirma,60840797.64450919,3,High Seasonal Vegetation,high_seasonal_vegetation,open_or_seasonal,9585538.493637025,0.15755116409954084
15088365,Teutschenthal,91010959.29253116,3,High Seasonal Vegetation,high_seasonal_vegetation,open_or_seasonal,1679370.5674042332,0.01845239936441425
01061070,Moorhusen,4680819.072597697,3,High Seasonal Vegetation,high_seasonal_vegetation,open_or_seasonal,86176.21592150575,0.018410499227794516
01061071,Mühlenbarbek,8689034.400647178,3,High Seasonal Vegetation,high_seasonal_vegetation,open_or_seasonal,1419085.6058740583,0.16331913771320342
01061072,Münsterdorf,5127199.219461409,3,High Seasonal Vegetation,high_seasonal_vegetation,open_or_seasonal,689814.5989887911,0.13454023716699917
01061073,Neuenbrook,14553179.083359554,3,High Seasonal Vegetation,high_seasonal_vegetation,open_or_seasonal,97876.95802409196,0.006725469223147729
01061074,Neuendorf b.Elmshorn,14969481.54662961,3,High Seasonal Vegetation,high_seasonal_vegetation,open_or_seasonal,238386.57120668012,0.01592483817586542
01061077,Nortorf,19760226.625098795,3,High Seasonal Vegetation,high_seasonal_vegetation,open_or_seasonal,140595.7460744329,0.007115087733652445
01061056,Kremperheide,3909952.916742796,3,High Seasonal Vegetation,high_seasonal_vegetation,open_or_seasonal,1039153.544332389,0.26577137025937914
01061057,Krempermoor,1590372.9546691887,3,High Seasonal Vegetation,high_seasonal_vegetation,open_or_seasonal,362580.513488732,0.2279845821222179
01061058,Kronsmoor,6061000.773229629,3,High Seasonal Vegetation,high_seasonal_vegetation,open_or_seasonal,613545.8091575187,0.10122846574569702
01061059,Krummendiek,1777580.5175996495,3,High Seasonal Vegetation,high_seasonal_vegetation,open_or_seasonal,30424.101200495672,0.017115456036601237
01053132,Witzeeze,10490476.35354798,3,High Seasonal Vegetation,high_seasonal_vegetation,open_or_seasonal,1807395.6031033592,0.17228918327355847
01061060,Kudensee,3058946.5437029824,3,High Seasonal Vegetation,high_seasonal_vegetation,open_or_seasonal,226363.03720430774,0.07400032461184687
01061061,Lägerdorf,6017422.051195726,3,High Seasonal Vegetation,high_seasonal_vegetation,open_or_seasonal,697754.5377670372,0.11595572519770088
01061062,Landrecht,3973769.81040807,3,High Seasonal Vegetation,high_seasonal_vegetation,open_or_seasonal,12364.82763263976,0.003111611447712419
12070348,Rühstädt,28839856.53516522,3,High Seasonal Vegetation,high_seasonal_vegetation,open_or_seasonal,1810689.6506374257,0.06278428078966353
01061063,Landscheide,7471946.212688744,3,High Seasonal Vegetation,high_seasonal_vegetation,open_or_seasonal,138592.37050182777,0.018548362977569663
01061065,Lohbarbek,6187044.975900173,3,High Seasonal Vegetation,high_seasonal_vegetation,open_or_seasonal,346842.14368389326,0.056059418516418665
01061089,Rade,3867472.471191589,3,High Seasonal Vegetation,high_seasonal_vegetation,open_or_seasonal,390912.0951543982,0.10107689144945771
16052000,Gera,152278976.54911166,3,High Seasonal Vegetation,high_seasonal_vegetation,open_or_seasonal,23218722.581137005,0.15247490564561753
15087412,Südharz,237698062.06504953,3,High Seasonal Vegetation,high_seasonal_vegetation,open_or_seasonal,90308896.98210514,0.3799311454099731
15091020,Bad Schmiedeberg,161264283.8893097,3,High Seasonal Vegetation,high_seasonal_vegetation,open_or_seasonal,25423725.23537913,0.15765254786875027
01061092,Rethwisch,9857483.889929311,3,High Seasonal Vegetation,high_seasonal_vegetation,open_or_seasonal,722506.7125358477,0.07329524659674883
01061093,Rosdorf,5564646.35937899,3,High Seasonal Vegetation,high_seasonal_vegetation,open_or_seasonal,1819824.629007857,0.3270332940278613
01061095,Sankt Margarethen,10907148.485725673,3,High Seasonal Vegetation,high_seasonal_vegetation,open_or_seasonal,57093.99694704549,0.0052345484268198185
01061096,Sarlhusen,10855186.839878488,3,High Seasonal Vegetation,high_seasonal_vegetation,open_or_seasonal,1430993.505607041,0.13182578307634726
01061078,Nutteln,6927739.898304315,3,High Seasonal Vegetation,high_seasonal_vegetation,open_or_seasonal,880587.6412734508,0.12711037859388888
01061079,Oelixdorf,10421112.12352709,3,High Seasonal Vegetation,high_seasonal_vegetation,open_or_seasonal,3194139.505603283,0.30650658660432945
16074087,Schöps,4478794.546624605,3,High Seasonal Vegetation,high_seasonal_vegetation,open_or_seasonal,314517.0761385381,0.07022359986920375
01061080,Oeschebüttel,5524785.212854512,3,High Seasonal Vegetation,high_seasonal_vegetation,open_or_seasonal,1517924.9388751218,0.2747482264728351
01061082,Oldendorf,9939945.078587117,3,High Seasonal Vegetation,high_seasonal_vegetation,open_or_seasonal,610994.3892944577,0.06146858805192772
14523100,Elsterberg,25111355.614682466,3,High Seasonal Vegetation,high_seasonal_vegetation,open_or_seasonal,4023007.6395902345,0.16020670892168024
01061083,Ottenbüttel,9884525.83306927,3,High Seasonal Vegetation,high_seasonal_vegetation,open_or_seasonal,1537255.547653822,0.1555214254699848
01061088,Quarnstedt,10544249.879197149,3,High Seasonal Vegetation,high_seasonal_vegetation,open_or_seasonal,688178.9795096609,0.06526580718343708
14522250,Hartha,54327358.423452094,3,High Seasonal Vegetation,high_seasonal_vegetation,open_or_seasonal,6119307.029951419,0.11263766926149366
16074092,Silbitz,11499154.90325085,3,High Seasonal Vegetation,high_seasonal_vegetation,open_or_seasonal,2520844.7090433785,0.21921999749135712
15091060,Coswig (Anhalt),297144551.46010095,3,High Seasonal Vegetation,high_seasonal_vegetation,open_or_seasonal,39774506.91006784,0.13385575039025596
16074095,Sulza,4005551.924623769,3,High Seasonal Vegetation,high_seasonal_vegetation,open_or_seasonal,565778.2362637193,0.14124850879741407
03354007,Gorleben,21487097.67770413,3,High Seasonal Vegetation,high_seasonal_vegetation,open_or_seasonal,701702.0237719114,0.032656901099306
16074079,Rothenstein,10579228.724550435,3,High Seasonal Vegetation,high_seasonal_vegetation,open_or_seasonal,1418260.4178360223,0.13406085214367
03354008,Gusborn,48491376.01329376,3,High Seasonal Vegetation,high_seasonal_vegetation,open_or_seasonal,6717412.094034612,0.13852797438029094
03354009,Hitzacker (Elbe),58662905.24018873,3,High Seasonal Vegetation,high_seasonal_vegetation,open_or_seasonal,6830269.919859982,0.11643252054930117
12061450,Schwielochsee,132472887.78208888,3,High Seasonal Vegetation,high_seasonal_vegetation,open_or_seasonal,5959803.255453564,0.04498885285309954
14627210,Radebeul,26133003.26302892,3,High Seasonal Vegetation,high_seasonal_vegetation,open_or_seasonal,5641352.85686292,0.21587082051315157
12061476,Straupitz (Spreewald),21807438.76537854,3,High Seasonal Vegetation,high_seasonal_vegetation,open_or_seasonal,4212859.5419527115,0.19318451778211762
15087440,Wallhausen,35283068.20538191,3,High Seasonal Vegetation,high_seasonal_vegetation,open_or_seasonal,2716631.946256667,0.07699534321797687
14522280,Königsfeld,28243183.274728227,3,High Seasonal Vegetation,high_seasonal_vegetation,open_or_seasonal,2847963.401250931,0.10083719577740607
03354010,Höhbeck,19520250.879640423,3,High Seasonal Vegetation,high_seasonal_vegetation,open_or_seasonal,2288051.9295376623,0.1172142685893497
03354011,Jameln,36188107.745241165,3,High Seasonal Vegetation,high_seasonal_vegetation,open_or_seasonal,4286521.489088935,0.11845110883568163
03354014,Langendorf,41002820.836602144,3,High Seasonal Vegetation,high_seasonal_vegetation,open_or_seasonal,6136888.679550746,0.14966991427264212
03354016,Luckau (Wendland),22416424.025399774,3,High Seasonal Vegetation,high_seasonal_vegetation,open_or_seasonal,2958319.569124703,0.13197107468045158
12063202,Mühlenberge,39770693.247935206,3,High Seasonal Vegetation,high_seasonal_vegetation,open_or_seasonal,3418411.8461766085,0.08595303644484709
12063208,Nauen,268850815.32388854,3,High Seasonal Vegetation,high_seasonal_vegetation,open_or_seasonal,24352030.964124426,0.0905782299182808
14627240,Röderaue,28587286.228672177,3,High Seasonal Vegetation,high_seasonal_vegetation,open_or_seasonal,3483674.9353864384,0.12186098769642635
15084355,Naumburg (Saale),130246898.55399118,3,High Seasonal Vegetation,high_seasonal_vegetation,open_or_seasonal,16899591.789839678,0.12975043534594644
03354003,Damnatz,16373217.86950717,3,High Seasonal Vegetation,high_seasonal_vegetation,open_or_seasonal,1713006.028912035,0.10462244151177329
03354004,Dannenberg (Elbe),76606140.51296881,3,High Seasonal Vegetation,high_seasonal_vegetation,open_or_seasonal,8105159.467134253,0.10580299977078357
03354005,Gartow,28379982.980693057,3,High Seasonal Vegetation,high_seasonal_vegetation,open_or_seasonal,6106720.591627746,0.2151770350173274
15085235,Quedlinburg,120983155.29039924,3,High Seasonal Vegetation,high_seasonal_vegetation,open_or_seasonal,23011698.951687317,0.19020580920088995
14730050,Cavertitz,69220466.02350149,3,High Seasonal Vegetation,high_seasonal_vegetation,open_or_seasonal,7982015.197078323,0.1153129364134633
15083040,Barleben,29937548.52855949,3,High Seasonal Vegetation,high_seasonal_vegetation,open_or_seasonal,302120.4011617675,0.010091688064356839
14627230,Riesa,58836632.3652918,3,High Seasonal Vegetation,high_seasonal_vegetation,open_or_seasonal,2239093.1579595516,0.03805610667955922
15090180,Goldbeck,26869771.03254754,3,High Seasonal Vegetation,high_seasonal_vegetation,open_or_seasonal,575575.8159138856,0.02142094233764354
12068501,Zernitz-Lohm,37687852.18660619,3,High Seasonal Vegetation,high_seasonal_vegetation,open_or_seasonal,3849060.1726481523,0.10212999545821988
15083025,Am Großen Bruch,50707174.69812584,3,High Seasonal Vegetation,high_seasonal_vegetation,open_or_seasonal,1008934.5862669223,0.01989727474018017
15084360,Nebra (Unstrut),25379985.68486453,3,High Seasonal Vegetation,high_seasonal_vegetation,open_or_seasonal,3864214.689320178,0.15225440775660562
12062336,Merzdorf,12885550.65448653,3,High Seasonal Vegetation,high_seasonal_vegetation,open_or_seasonal,685709.9618019166,0.053215417810892236
03354018,Lüchow (Wendland),89200599.56913269,3,High Seasonal Vegetation,high_seasonal_vegetation,open_or_seasonal,11661776.400829514,0.13073652483458195
03354019,Neu Darchau,22822226.923656836,3,High Seasonal Vegetation,high_seasonal_vegetation,open_or_seasonal,5870950.937585081,0.2572470669590718
14730080,Doberschütz,78522800.17792132,3,High Seasonal Vegetation,high_seasonal_vegetation,open_or_seasonal,6838399.014552928,0.08708806867633481
15083030,Angern,64369450.01342427,3,High Seasonal Vegetation,high_seasonal_vegetation,open_or_seasonal,3842257.7341573737,0.05969070317295036
12061005,Alt Zauche-Wußwerk,33217688.632056132,3,High Seasonal Vegetation,high_seasonal_vegetation,open_or_seasonal,10555041.63432907,0.3177536447898159
12062341,Mühlberg/Elbe,89217010.01475386,3,High Seasonal Vegetation,high_seasonal_vegetation,open_or_seasonal,4858629.34358779,0.05445855384286377
03354021,Schnackenburg,23312685.213564605,3,High Seasonal Vegetation,high_seasonal_vegetation,open_or_seasonal,2402979.153519568,0.10307603484996153
03354023,Trebel,66885570.687104,3,High Seasonal Vegetation,high_seasonal_vegetation,open_or_seasonal,8044223.341523297,0.12026844144239736
03354025,Woltersdorf,28139327.344712503,3,High Seasonal Vegetation,high_seasonal_vegetation,open_or_seasonal,2370812.9741222486,0.08425265270485345
03354026,Wustrow (Wendland),30140763.21883206,3,High Seasonal Vegetation,high_seasonal_vegetation,open_or_seasonal,5212734.764048571,0.17294634267229286
14730070,Delitzsch,86307257.04627408,3,High Seasonal Vegetation,high_seasonal_vegetation,open_or_seasonal,4841988.78028375,0.05610175721014622
12062372,Plessa,52604423.31437394,3,High Seasonal Vegetation,high_seasonal_vegetation,open_or_seasonal,8276057.612820868,0.1573262682372087
15089195,Könnern,125584535.190158,3,High Seasonal Vegetation,high_seasonal_vegetation,open_or_seasonal,4255525.591922081,0.03388574545009412
01061002,Aebtissinwisch,3017954.687980104,3,High Seasonal Vegetation,high_seasonal_vegetation,open_or_seasonal,113376.60828944232,0.03756736598498253
01061004,Altenmoor,6303190.452100348,3,High Seasonal Vegetation,high_seasonal_vegetation,open_or_seasonal,337116.79607782135,0.053483517377376305
01061005,Auufer,5175700.841648946,3,High Seasonal Vegetation,high_seasonal_vegetation,open_or_seasonal,598504.8256895692,0.11563744582634906
01061006,Bahrenfleth,14412558.097565915,3,High Seasonal Vegetation,high_seasonal_vegetation,open_or_seasonal,200720.04472890752,0.01392674661709127
01061007,Beidenfleth,13763809.553679705,3,High Seasonal Vegetation,high_seasonal_vegetation,open_or_seasonal,79666.21222568268,0.0057880931812504055
01061008,Bekdorf,1804980.153221052,3,High Seasonal Vegetation,high_seasonal_vegetation,open_or_seasonal,23545.0163053472,0.013044473792872609
12067173,Gosen-Neu Zittau,14508968.214323394,3,High Seasonal Vegetation,high_seasonal_vegetation,open_or_seasonal,1345265.1617087224,0.09271956088377556
14730090,Dommitzsch,30367421.9184372,3,High Seasonal Vegetation,high_seasonal_vegetation,open_or_seasonal,2032174.6736205781,0.06691956528541426
01061010,Bekmünde,2884956.648364786,3,High Seasonal Vegetation,high_seasonal_vegetation,open_or_seasonal,34773.23291093076,0.012053294780231958
14729080,Colditz,84960356.61379237,3,High Seasonal Vegetation,high_seasonal_vegetation,open_or_seasonal,17941461.641910236,0.21117450958295106
01061023,Dammfleth,16414283.396460213,3,High Seasonal Vegetation,high_seasonal_vegetation,open_or_seasonal,59754.60834057478,0.0036404031109552445
01061025,Ecklak,15564303.833381224,3,High Seasonal Vegetation,high_seasonal_vegetation,open_or_seasonal,391574.152488688,0.02515847523156592
01061026,Elskop,7139433.837334432,3,High Seasonal Vegetation,high_seasonal_vegetation,open_or_seasonal,70431.18552331557,0.009865093945546199
01061027,Engelbrechtsche Wildnis,4948062.574385632,3,High Seasonal Vegetation,high_seasonal_vegetation,open_or_seasonal,68650.65726077827,0.01387425001780665
01061028,Fitzbek,10280687.149251789,3,High Seasonal Vegetation,high_seasonal_vegetation,open_or_seasonal,1489285.8106090599,0.14486247747724212
01061029,Glückstadt,12678390.330867872,3,High Seasonal Vegetation,high_seasonal_vegetation,open_or_seasonal,1259579.5986697723,0.0993485423463493
15083411,Oebisfelde-Weferlingen,249748943.06491017,3,High Seasonal Vegetation,high_seasonal_vegetation,open_or_seasonal,31498896.627868097,0.12612224196553048
15083415,Oschersleben (Bode),190122971.0361817,3,High Seasonal Vegetation,high_seasonal_vegetation,open_or_seasonal,14983047.295163285,0.0788071384194386
01061030,Grevenkop,9381940.665316354,3,High Seasonal Vegetation,high_seasonal_vegetation,open_or_seasonal,42025.049769211735,0.004479355739753516
01061031,Gribbohm,13124852.1025901,3,High Seasonal Vegetation,high_seasonal_vegetation,open_or_seasonal,1829291.3003971467,0.1393761458109039
01061012,Blomesche Wildnis,6811958.584425703,3,High Seasonal Vegetation,high_seasonal_vegetation,open_or_seasonal,56566.49023553616,0.008303997966879173
01061014,Bokhorst,5935893.503578946,3,High Seasonal Vegetation,high_seasonal_vegetation,open_or_seasonal,476010.4628148984,0.08019188055309551
01061015,Borsfleth,13863126.116998916,3,High Seasonal Vegetation,high_seasonal_vegetation,open_or_seasonal,217578.69634461982,0.01569477868904515
01061016,Breitenberg,3040914.9994391776,3,High Seasonal Vegetation,high_seasonal_vegetation,open_or_seasonal,134649.35018205244,0.044279221946974916
01061017,Breitenburg,10201455.348516174,3,High Seasonal Vegetation,high_seasonal_vegetation,open_or_seasonal,3322737.2037494867,0.32571207638847205
01061018,Brokdorf,13446795.435945112,3,High Seasonal Vegetation,high_seasonal_vegetation,open_or_seasonal,128066.44911249442,0.009523938229189937
01061019,Brokstedt,12484752.215123676,3,High Seasonal Vegetation,high_seasonal_vegetation,open_or_seasonal,2308492.1305992794,0.18490492168541697
09475137,Issigau,18596345.910315827,3,High Seasonal Vegetation,high_seasonal_vegetation,open_or_seasonal,3157988.0653067306,0.16981766635965406
16074021,Freienorla,6875684.033086091,3,High Seasonal Vegetation,high_seasonal_vegetation,open_or_seasonal,677196.9253221588,0.09849157146597455
15081240,Kalbe (Milde),273388307.4703249,3,High Seasonal Vegetation,high_seasonal_vegetation,open_or_seasonal,17815352.619774267,0.06516501303446581
16074026,Golmsdorf,7655135.661109284,3,High Seasonal Vegetation,high_seasonal_vegetation,open_or_seasonal,2068441.6542969544,0.2702031349758239
12070302,Plattenburg,201744714.0452659,3,High Seasonal Vegetation,high_seasonal_vegetation,open_or_seasonal,16597311.644450778,0.08226887987125553
01061020,Büttel,8886535.238290718,3,High Seasonal Vegetation,high_seasonal_vegetation,open_or_seasonal,350685.7860616,0.039462600063807626
01061022,Dägeling,7543247.842716182,3,High Seasonal Vegetation,high_seasonal_vegetation,open_or_seasonal,1554073.0736183592,0.20602174368683698
01061045,Huje,5545814.916863242,3,High Seasonal Vegetation,high_seasonal_vegetation,open_or_seasonal,373575.457249337,0.06736168856147733
01061046,Itzehoe,28545803.234764636,3,High Seasonal Vegetation,high_seasonal_vegetation,open_or_seasonal,8736827.129307413,0.3060634537922979
09475141,Köditz,31325664.77167897,3,High Seasonal Vegetation,high_seasonal_vegetation,open_or_seasonal,2857212.731989237,0.09120996323029024
01061047,Kaaks,8663514.743060235,3,High Seasonal Vegetation,high_seasonal_vegetation,open_or_seasonal,719691.5210880437,0.08307154110455467
01061049,Kellinghusen,18788158.45652374,3,High Seasonal Vegetation,high_seasonal_vegetation,open_or_seasonal,3811680.9259393583,0.2028767712790842
16074031,Großeutersdorf,3439448.316952914,3,High Seasonal Vegetation,high_seasonal_vegetation,open_or_seasonal,721108.2186413362,0.20965810565811394
16074011,Dornburg-Camburg,30961731.808613583,3,High Seasonal Vegetation,high_seasonal_vegetation,open_or_seasonal,4235063.722265499,0.13678381262534223
16074012,Crossen an der Elster,10711833.845222116,3,High Seasonal Vegetation,high_seasonal_vegetation,open_or_seasonal,1792748.0498680589,0.16736145050155837
01061050,Kiebitzreihe,8531272.58562138,3,High Seasonal Vegetation,high_seasonal_vegetation,open_or_seasonal,699661.6391184736,0.08201140358563674
01061052,Kleve,5622212.487007845,3,High Seasonal Vegetation,high_seasonal_vegetation,open_or_seasonal,1445154.3752410726,0.25704371341008975
01061053,Kollmoor,3444772.431979671,3,High Seasonal Vegetation,high_seasonal_vegetation,open_or_seasonal,175937.72799157415,0.051073831861358915
01061054,Krempdorf,5458884.746939462,3,High Seasonal Vegetation,high_seasonal_vegetation,open_or_seasonal,62793.42101531678,0.011502976143711787
01061055,Krempe,3545808.7927399576,3,High Seasonal Vegetation,high_seasonal_vegetation,open_or_seasonal,121888.2992747119,0.03437531643676843
01061034,Heiligenstedten,9185592.307542931,3,High Seasonal Vegetation,high_seasonal_vegetation,open_or_seasonal,742684.6136118883,0.08085320888910104
01061035,Heiligenstedtenerkamp,865796.5194304921,3,High Seasonal Vegetation,high_seasonal_vegetation,open_or_seasonal,67262.74224334586,0.07768885729361708
01061037,Herzhorn,12547301.271520017,3,High Seasonal Vegetation,high_seasonal_vegetation,open_or_seasonal,238276.20494950682,0.018990235413438937
01061039,Hodorf,7386965.988380481,3,High Seasonal Vegetation,high_seasonal_vegetation,open_or_seasonal,187864.01320788567,0.025431823228019627
15091010,Annaburg,226706298.19601935,3,High Seasonal Vegetation,high_seasonal_vegetation,open_or_seasonal,14588457.757488394,0.06434959184448695
16074044,Kahla,7954908.001113277,3,High Seasonal Vegetation,high_seasonal_vegetation,open_or_seasonal,1298259.7934707343,0.16320236428743673
16074048,Kleineutersdorf,5347715.600111255,3,High Seasonal Vegetation,high_seasonal_vegetation,open_or_seasonal,956642.3692527144,0.17888804132231942
01061040,Hohenaspe,14151459.028506964,3,High Seasonal Vegetation,high_seasonal_vegetation,open_or_seasonal,907911.5755700085,0.06415674692913956
01061041,Hohenfelde,17807054.12885916,3,High Seasonal Vegetation,high_seasonal_vegetation,open_or_seasonal,1309834.9335679018,0.07355708159751738
01061044,Horst (Holstein),29036205.72677198,3,High Seasonal Vegetation,high_seasonal_vegetation,open_or_seasonal,3158133.8017387222,0.10876537490664138
12073384,Lychen,112161498.79904152,3,High Seasonal Vegetation,high_seasonal_vegetation,open_or_seasonal,14550908.332016103,0.12973175722345506
16074033,Großpürschütz,3845736.107504349,3,High Seasonal Vegetation,high_seasonal_vegetation,open_or_seasonal,525697.4954725765,0.13669619567675495
15086080,Jerichow,271871166.0115402,3,High Seasonal Vegetation,high_seasonal_vegetation,open_or_seasonal,15711021.147845957,0.0577884789267394
15083440,Rogätz,24049686.691628017,3,High Seasonal Vegetation,high_seasonal_vegetation,open_or_seasonal,4504529.25542439,0.18730095377884778
16074065,Orlamünde,7560729.246217439,3,High Seasonal Vegetation,high_seasonal_vegetation,open_or_seasonal,1245207.2332833377,0.16469406491527297
09475181,Töpen,20760821.23068345,3,High Seasonal Vegetation,high_seasonal_vegetation,open_or_seasonal,774876.6041315724,0.03732398615264524
14730020,Bad Düben,45760284.73030639,3,High Seasonal Vegetation,high_seasonal_vegetation,open_or_seasonal,4332990.237856229,0.09468888280291995
12061428,Schlepzig,30568354.692797564,3,High Seasonal Vegetation,high_seasonal_vegetation,open_or_seasonal,8728445.863503518,0.2855386215981095
15090135,Eichstedt (Altmark),33096927.482174885,3,High Seasonal Vegetation,high_seasonal_vegetation,open_or_seasonal,1773657.3021997858,0.0535897872439981
15084315,Lützen,97101429.97719347,3,High Seasonal Vegetation,high_seasonal_vegetation,open_or_seasonal,3139723.512923183,0.03233447245484047
14730010,Arzberg,58766112.040497184,3,High Seasonal Vegetation,high_seasonal_vegetation,open_or_seasonal,1246889.92787891,0.021217839407508314
16074063,Neuengönna,6143386.212843794,3,High Seasonal Vegetation,high_seasonal_vegetation,open_or_seasonal,1413900.8583720159,0.23015008488576147
15088295,Petersberg,102979201.83064786,3,High Seasonal Vegetation,high_seasonal_vegetation,open_or_seasonal,6262072.788800932,0.06080910200779264
12067124,Erkner,17720248.5899029,3,High Seasonal Vegetation,high_seasonal_vegetation,open_or_seasonal,2906764.8258392955,0.16403634582731458
15089130,Giersleben,19957180.33831095,3,High Seasonal Vegetation,high_seasonal_vegetation,open_or_seasonal,462869.0579671575,0.023193108952300614
12068052,Breddin,44834002.062274136,3,High Seasonal Vegetation,high_seasonal_vegetation,open_or_seasonal,2900135.6649250197,0.06468607600313597
14730045,Belgern-Schildau,159176175.1877344,3,High Seasonal Vegetation,high_seasonal_vegetation,open_or_seasonal,19659897.640570953,0.1235103030801175
12066272,Ruhland,37189312.92102806,3,High Seasonal Vegetation,high_seasonal_vegetation,open_or_seasonal,3470031.7683498925,0.09330722984096386
14729030,Bennewitz,46878836.64596784,3,High Seasonal Vegetation,high_seasonal_vegetation,open_or_seasonal,10937936.663741449,0.23332355165605942
14730030,Beilrode,93254227.22893988,3,High Seasonal Vegetation,high_seasonal_vegetation,open_or_seasonal,2485647.2379595106,0.02665452614665099
15089165,Güsten,36360530.25389707,3,High Seasonal Vegetation,high_seasonal_vegetation,open_or_seasonal,1329035.304864735,0.03655159304840696
03357057,Zeven,74062264.05971542,3,High Seasonal Vegetation,high_seasonal_vegetation,open_or_seasonal,13954177.003848873,0.1884114289646588
15090500,Schönhausen (Elbe),74543683.28672162,3,High Seasonal Vegetation,high_seasonal_vegetation,open_or_seasonal,3116052.375973294,0.04180169584574785
14522600,Zettlitz,15613710.21278385,3,High Seasonal Vegetation,high_seasonal_vegetation,open_or_seasonal,1375610.6731772735,0.08810274140037395
12067144,Fürstenwalde/Spree,70607103.70768166,3,High Seasonal Vegetation,high_seasonal_vegetation,open_or_seasonal,10004762.838539604,0.14169626444330619
12066292,Schwarzbach,16003257.327448731,3,High Seasonal Vegetation,high_seasonal_vegetation,open_or_seasonal,1339840.4062800657,0.08372298081978448
12066296,Schwarzheide,33551212.206033006,3,High Seasonal Vegetation,high_seasonal_vegetation,open_or_seasonal,7016598.288517326,0.20913099191258544
14729050,Borna,62812956.61812812,3,High Seasonal Vegetation,high_seasonal_vegetation,open_or_seasonal,9451748.489277484,0.15047450395846618
15089185,Ilberstedt,14814473.70554787,3,High Seasonal Vegetation,high_seasonal_vegetation,open_or_seasonal,386652.46890975675,0.026099642592430358
09464000,Hof,58174074.52425988,3,High Seasonal Vegetation,high_seasonal_vegetation,open_or_seasonal,4626225.488332322,0.07952383473506025
12067137,Friedland,174356380.08987343,3,High Seasonal Vegetation,high_seasonal_vegetation,open_or_seasonal,7159661.744133282,0.04106337686319695
15086005,Biederitz,39887011.59926703,3,High Seasonal Vegetation,high_seasonal_vegetation,open_or_seasonal,2179502.464502483,0.054641909160788926
15090520,Seehausen (Altmark),107495553.84168129,3,High Seasonal Vegetation,high_seasonal_vegetation,open_or_seasonal,6863546.57181546,0.06384958564820313
12068409,Sieversdorf-Hohenofen,20011138.33276172,3,High Seasonal Vegetation,high_seasonal_vegetation,open_or_seasonal,1280819.4114672216,0.06400532494297423
14729040,Böhlen,24293697.819196668,3,High Seasonal Vegetation,high_seasonal_vegetation,open_or_seasonal,4101709.696815862,0.1688384258066603
14627140,Meißen,31144025.97770278,3,High Seasonal Vegetation,high_seasonal_vegetation,open_or_seasonal,4937765.732406369,0.15854616021517282
15089175,Hecklingen,96103947.90376855,3,High Seasonal Vegetation,high_seasonal_vegetation,open_or_seasonal,7521735.488936363,0.07826666492897957
16073111,Unterwellenborn,62677817.51922716,3,High Seasonal Vegetation,high_seasonal_vegetation,open_or_seasonal,5220736.715512543,0.08329480703298292
15003000,Magdeburg,201019439.02960783,3,High Seasonal Vegetation,high_seasonal_vegetation,open_or_seasonal,17744751.921784848,0.0882738107689737
12063112,Großderschau,20162144.17764274,3,High Seasonal Vegetation,high_seasonal_vegetation,open_or_seasonal,420234.84546141844,0.020842765618520154
12068426,Temnitztal,52423334.85008234,3,High Seasonal Vegetation,high_seasonal_vegetation,open_or_seasonal,1071476.5507895874,0.020438923884826158
15090546,Tangerhütte,296949495.3478358,3,High Seasonal Vegetation,high_seasonal_vegetation,open_or_seasonal,28191277.54025865,0.09493627024769453
16073107,Drognitz,24042773.59351918,3,High Seasonal Vegetation,high_seasonal_vegetation,open_or_seasonal,1592245.3536367617,0.06622552707753973
12063142,Wiesenaue,46856932.74041422,3,High Seasonal Vegetation,high_seasonal_vegetation,open_or_seasonal,2996760.301097051,0.06395553711761286
16073109,Uhlstädt-Kirchhasel,121711793.51269574,3,High Seasonal Vegetation,high_seasonal_vegetation,open_or_seasonal,19012114.118456315,0.15620601397573822
01053082,Lanze,9041642.84146272,3,High Seasonal Vegetation,high_seasonal_vegetation,open_or_seasonal,520828.4945726933,0.05760330326080827
15086015,Burg,165725038.92818782,3,High Seasonal Vegetation,high_seasonal_vegetation,open_or_seasonal,14958313.52898923,0.09025982812090927
01053083,Lauenburg/Elbe,9467987.643501751,3,High Seasonal Vegetation,high_seasonal_vegetation,open_or_seasonal,927977.185059792,0.09801208239817454
15090535,Stendal,269482844.1648705,3,High Seasonal Vegetation,high_seasonal_vegetation,open_or_seasonal,20859010.819998395,0.07740385435162167
12070296,Perleberg,138624646.22124013,3,High Seasonal Vegetation,high_seasonal_vegetation,open_or_seasonal,14796569.927209742,0.10673837827939289
12063134,Havelaue,74787975.32205343,3,High Seasonal Vegetation,high_seasonal_vegetation,open_or_seasonal,2581304.312840718,0.03451496449429277
14729410,Wurzen,68968117.12620622,3,High Seasonal Vegetation,high_seasonal_vegetation,open_or_seasonal,4507313.143197612,0.06535357685565903
15088205,Leuna,87605623.53928131,3,High Seasonal Vegetation,high_seasonal_vegetation,open_or_seasonal,4909278.946257057,0.056038399681680194
09475113,Berg,38731607.487258606,3,High Seasonal Vegetation,high_seasonal_vegetation,open_or_seasonal,2690402.920051209,0.0694627229436904
12068425,Temnitzquell,65814910.209692866,3,High Seasonal Vegetation,high_seasonal_vegetation,open_or_seasonal,6124806.991504182,0.09306108558060683
14628030,Bad Schandau,47722548.93476192,3,High Seasonal Vegetation,high_seasonal_vegetation,open_or_seasonal,10780869.060271824,0.22590723464938092
12063161,Kleßen-Görne,42058614.665302426,3,High Seasonal Vegetation,high_seasonal_vegetation,open_or_seasonal,6568185.154762877,0.15616741557066804
12063165,Kotzen,42678641.5444656,3,High Seasonal Vegetation,high_seasonal_vegetation,open_or_seasonal,6765880.133828725,0.15853082218607067
15085160,Hedersleben,16502768.787722103,3,High Seasonal Vegetation,high_seasonal_vegetation,open_or_seasonal,417161.81807624124,0.025278292596973517
14729400,Trebsen/Mulde,35158509.02655442,3,High Seasonal Vegetation,high_seasonal_vegetation,open_or_seasonal,7398215.550380224,0.21042461000813548
12063148,Ketzin/Havel,93901650.97202522,3,High Seasonal Vegetation,high_seasonal_vegetation,open_or_seasonal,4656163.367054286,0.04958553251040741
14627180,Nossen,125244731.56155156,3,High Seasonal Vegetation,high_seasonal_vegetation,open_or_seasonal,12322812.230438927,0.09838986500109091
15086055,Gommern,161566566.55857658,3,High Seasonal Vegetation,high_seasonal_vegetation,open_or_seasonal,8445927.051731953,0.05227521529752784
16055000,Weimar,84348894.19407173,3,High Seasonal Vegetation,high_seasonal_vegetation,open_or_seasonal,19207286.07969752,0.22771236378635845
15086035,Elbe-Parey,109173497.3080816,3,High Seasonal Vegetation,high_seasonal_vegetation,open_or_seasonal,11152535.308870224,0.10215423691519548
15090550,Tangermünde,90718726.87506966,3,High Seasonal Vegetation,high_seasonal_vegetation,open_or_seasonal,4779150.963489664,0.05268097479003553
15087370,Sangerhausen,209561194.93619433,3,High Seasonal Vegetation,high_seasonal_vegetation,open_or_seasonal,68233458.04414168,0.32560158890541213
14729430,Zwenkau,46358871.9764821,3,High Seasonal Vegetation,high_seasonal_vegetation,open_or_seasonal,4787124.485350701,0.10326231595495278
14627170,Niederau,35384670.56995631,3,High Seasonal Vegetation,high_seasonal_vegetation,open_or_seasonal,3546686.07257016,0.10023227616485167
12071164,Guhrow,6636164.019009794,3,High Seasonal Vegetation,high_seasonal_vegetation,open_or_seasonal,618613.000842053,0.09321846160974762
15086040,Genthin,232345814.95029497,3,High Seasonal Vegetation,high_seasonal_vegetation,open_or_seasonal,20582595.209335092,0.08858603807319819
12069306,Kloster Lehnin,200920136.8985341,3,High Seasonal Vegetation,high_seasonal_vegetation,open_or_seasonal,19485607.839379776,0.09698185627466563
12063189,Milower Land,161322860.2203478,3,High Seasonal Vegetation,high_seasonal_vegetation,open_or_seasonal,9461196.9037089,0.0586475896273227
15085185,Huy,167754286.22719565,3,High Seasonal Vegetation,high_seasonal_vegetation,open_or_seasonal,19342603.738060106,0.11530318642269279
13076125,Siggelkow,55496241.96970108,3,High Seasonal Vegetation,high_seasonal_vegetation,open_or_seasonal,3497278.9482061947,0.06301830221432977
15088216,Wettin-Löbejün,127662765.18892792,3,High Seasonal Vegetation,high_seasonal_vegetation,open_or_seasonal,3350485.804821183,0.02624481617535704
13076126,Spornitz,48802531.162101656,3,High Seasonal Vegetation,high_seasonal_vegetation,open_or_seasonal,8281198.281148016,0.16968788470502338
12071176,Heinersbrück,24036811.57600771,3,High Seasonal Vegetation,high_seasonal_vegetation,open_or_seasonal,504515.8777154957,0.020989301185814394
12068477,Wusterhausen/Dosse,196404815.48170736,3,High Seasonal Vegetation,high_seasonal_vegetation,open_or_seasonal,12519438.013892196,0.06374302983960302
12062282,Kremitzaue,23560664.704395063,3,High Seasonal Vegetation,high_seasonal_vegetation,open_or_seasonal,512623.6057082857,0.02175760370685381
12065332,Velten,23497701.22505804,3,High Seasonal Vegetation,high_seasonal_vegetation,open_or_seasonal,2427972.387135163,0.10332808149530659
03357002,Alfstedt,16139641.725738715,3,High Seasonal Vegetation,high_seasonal_vegetation,open_or_seasonal,1294393.4208233785,0.08019963781222868
03357008,Bremervörde,149938240.33220863,3,High Seasonal Vegetation,high_seasonal_vegetation,open_or_seasonal,24010923.55160144,0.16013875778721934
15088220,Merseburg,54399314.11881466,3,High Seasonal Vegetation,high_seasonal_vegetation,open_or_seasonal,2905078.423513363,0.05340285021183027
14627190,Nünchritz,31132061.88738452,3,High Seasonal Vegetation,high_seasonal_vegetation,open_or_seasonal,2612564.7960844804,0.08391878461295094
13076114,Plau am See,116229917.80461577,3,High Seasonal Vegetation,high_seasonal_vegetation,open_or_seasonal,15620866.153732505,0.13439625914552752
13076119,Redefin,17809943.393829256,3,High Seasonal Vegetation,high_seasonal_vegetation,open_or_seasonal,3951886.597048141,0.22189214809168797
12068468,Wittstock/Dosse,420426820.7499632,3,High Seasonal Vegetation,high_seasonal_vegetation,open_or_seasonal,45339391.39089701,0.10784133921337362
14522580,Wechselburg,25794664.90650411,3,High Seasonal Vegetation,high_seasonal_vegetation,open_or_seasonal,3558160.128638852,0.13794170777313194
16077001,Altenburg,45989937.18791705,3,High Seasonal Vegetation,high_seasonal_vegetation,open_or_seasonal,2931435.0773468874,0.06374079323850575
13076120,Rom,33739788.2783462,3,High Seasonal Vegetation,high_seasonal_vegetation,open_or_seasonal,3897905.92108464,0.11552846416603835
13076122,Schwanheide,26626977.937083315,3,High Seasonal Vegetation,high_seasonal_vegetation,open_or_seasonal,2974732.6269208407,0.11171874757810721
12065356,Zehdenick,223552572.9576092,3,High Seasonal Vegetation,high_seasonal_vegetation,open_or_seasonal,29042934.019212615,0.1299154540472224
14522570,Waldheim,41719077.75883077,3,High Seasonal Vegetation,high_seasonal_vegetation,open_or_seasonal,5447794.869998769,0.13058282116137196
13076151,Werder,18101945.14582469,3,High Seasonal Vegetation,high_seasonal_vegetation,open_or_seasonal,976511.6118252393,0.0539451204806284
14523450,Weischlitz,121919928.49884737,3,High Seasonal Vegetation,high_seasonal_vegetation,open_or_seasonal,15975809.58503259,0.13103526045115443
13076156,Wöbbelin,23499854.895240724,3,High Seasonal Vegetation,high_seasonal_vegetation,open_or_seasonal,1393945.6966949508,0.05931720442143061
01053006,Basedow,7514836.830114216,3,High Seasonal Vegetation,high_seasonal_vegetation,open_or_seasonal,942298.8117560325,0.1253917860172236
13076136,Teldau,27728833.036026523,3,High Seasonal Vegetation,high_seasonal_vegetation,open_or_seasonal,1509017.5372013,0.05442052087950178
13076138,Tessin b.Boizenburg,10309156.297666095,3,High Seasonal Vegetation,high_seasonal_vegetation,open_or_seasonal,991099.7034302404,0.09613780942040978
15091391,Zahna-Elster,149659888.9850728,3,High Seasonal Vegetation,high_seasonal_vegetation,open_or_seasonal,5543362.013464641,0.03703973089287498
03357016,Gnarrenburg,123032508.97752988,3,High Seasonal Vegetation,high_seasonal_vegetation,open_or_seasonal,19299760.751251705,0.1568671639036194
16077005,Fockendorf,8819688.142882936,3,High Seasonal Vegetation,high_seasonal_vegetation,open_or_seasonal,4866273.280194031,0.5517511732113657
13076140,Tramm,41923138.84491094,3,High Seasonal Vegetation,high_seasonal_vegetation,open_or_seasonal,10352754.431891738,0.24694607124219328
01053012,Börnsen,8318068.951110065,3,High Seasonal Vegetation,high_seasonal_vegetation,open_or_seasonal,2015046.407692048,0.2422493032379992
16077007,Gerstenberg,3132022.8779504225,3,High Seasonal Vegetation,high_seasonal_vegetation,open_or_seasonal,70534.7652971207,0.022520514072131632
13076143,Vielank,77435610.78714007,3,High Seasonal Vegetation,high_seasonal_vegetation,open_or_seasonal,4267726.445584469,0.05511322765072347
13076145,Warlitz,23676572.627560373,3,High Seasonal Vegetation,high_seasonal_vegetation,open_or_seasonal,5452682.660275233,0.23029864778351053
16051000,Erfurt,270313726.8842227,3,High Seasonal Vegetation,high_seasonal_vegetation,open_or_seasonal,25774995.733752504,0.09535215259265069
14524320,Wilkau-Haßlau,12677525.147904396,3,High Seasonal Vegetation,high_seasonal_vegetation,open_or_seasonal,1797588.1656585124,0.1417933030845263
03357040,Sandbostel,31710155.172446847,3,High Seasonal Vegetation,high_seasonal_vegetation,open_or_seasonal,4231138.869878457,0.1334316671384478
03357042,Seedorf,18706735.80417411,3,High Seasonal Vegetation,high_seasonal_vegetation,open_or_seasonal,3675163.502785448,0.19646204133408426
03357043,Selsingen,42074024.25889544,3,High Seasonal Vegetation,high_seasonal_vegetation,open_or_seasonal,6392386.855796502,0.15193190973276108
16077036,Nobitz,100760296.6100366,3,High Seasonal Vegetation,high_seasonal_vegetation,open_or_seasonal,4697034.982258735,0.04661593048338516
01053028,Escheburg,8661986.821033394,3,High Seasonal Vegetation,high_seasonal_vegetation,open_or_seasonal,1712840.7203139726,0.19774224501875043
14524310,Wildenfels,20947435.8155518,3,High Seasonal Vegetation,high_seasonal_vegetation,open_or_seasonal,2339073.1440906296,0.11166393656420967
12061332,Mittenwalde,99433041.5393216,3,High Seasonal Vegetation,high_seasonal_vegetation,open_or_seasonal,8950356.790663723,0.09001390938166395
16062064,Heringen/Helme,66707462.69770858,3,High Seasonal Vegetation,high_seasonal_vegetation,open_or_seasonal,11363637.414245367,0.17035031696139916
03357035,Oerel,34129029.76315896,3,High Seasonal Vegetation,high_seasonal_vegetation,open_or_seasonal,3609939.4590039663,0.10577328110571615
14522140,Flöha,27931186.062496617,3,High Seasonal Vegetation,high_seasonal_vegetation,open_or_seasonal,6154680.054678111,0.22035154686617622
03357036,Ostereistedt,28430467.63820198,3,High Seasonal Vegetation,high_seasonal_vegetation,open_or_seasonal,4147099.2577421465,0.14586813381042296
03357038,Rhade,24523659.21658419,3,High Seasonal Vegetation,high_seasonal_vegetation,open_or_seasonal,3589408.279839793,0.14636511819624562
01053032,Geesthacht,33146931.69190304,3,High Seasonal Vegetation,high_seasonal_vegetation,open_or_seasonal,7813400.588499355,0.23572017648945684
13076161,Zierzow,13267494.49789133,3,High Seasonal Vegetation,high_seasonal_vegetation,open_or_seasonal,529158.4020542757,0.039883822988460826
12070241,Legde/Quitzöbel,41819617.7754618,3,High Seasonal Vegetation,high_seasonal_vegetation,open_or_seasonal,2039700.1542700718,0.048773763672868675
12070244,Lenzen (Elbe),96076567.98372813,3,High Seasonal Vegetation,high_seasonal_vegetation,open_or_seasonal,5133281.23270714,0.05342906538435606
12070246,Lenzerwische,42129893.85059176,3,High Seasonal Vegetation,high_seasonal_vegetation,open_or_seasonal,1060758.0600736374,0.02517827516574049
01053019,Buchhorst,5373355.969790967,3,High Seasonal Vegetation,high_seasonal_vegetation,open_or_seasonal,1102982.4895699045,0.20526882934443155
14521240,Großolbersdorf,22676551.100191567,3,High Seasonal Vegetation,high_seasonal_vegetation,open_or_seasonal,1745421.611032393,0.07697032954088191
14627100,Klipphausen,112347451.21716762,3,High Seasonal Vegetation,high_seasonal_vegetation,open_or_seasonal,14471054.503807543,0.1288062554782395
12061328,Märkisch Buchholz,24941661.900900096,3,High Seasonal Vegetation,high_seasonal_vegetation,open_or_seasonal,2606464.955821475,0.10450245722108088
12061329,Märkische Heide,212076425.67274225,3,High Seasonal Vegetation,high_seasonal_vegetation,open_or_seasonal,10273155.077642204,0.04844081582879389
01053022,Dalldorf,6088334.982582103,3,High Seasonal Vegetation,high_seasonal_vegetation,open_or_seasonal,773646.2228513109,0.12707024581673104
12070236,Lanz,60770781.9897092,3,High Seasonal Vegetation,high_seasonal_vegetation,open_or_seasonal,10736598.726685105,0.17667369704907235
14524330,Zwickau,103508554.81607848,3,High Seasonal Vegetation,high_seasonal_vegetation,open_or_seasonal,13038509.280319477,0.12596552336652025
14521270,Grünhainichen,28862952.942897946,3,High Seasonal Vegetation,high_seasonal_vegetation,open_or_seasonal,4316356.626692979,0.14954660513192802
15083361,Loitsche-Heinrichsberg,31181807.099593844,3,High Seasonal Vegetation,high_seasonal_vegetation,open_or_seasonal,4031504.4094083607,0.1292902748237729
12072426,Trebbin,126803367.34115852,3,High Seasonal Vegetation,high_seasonal_vegetation,open_or_seasonal,9460032.86476156,0.0746039562128487
16077048,Treben,9990578.13175702,3,High Seasonal Vegetation,high_seasonal_vegetation,open_or_seasonal,485461.2303268255,0.048591905685987424
15084246,Kaiserpfalz,41118282.15318236,3,High Seasonal Vegetation,high_seasonal_vegetation,open_or_seasonal,8433292.328946041,0.2050983622693329
15090070,Bismark (Altmark),290854038.40629816,3,High Seasonal Vegetation,high_seasonal_vegetation,open_or_seasonal,16287939.06856732,0.05600038822845728
12061344,Münchehofe,62439240.78617816,3,High Seasonal Vegetation,high_seasonal_vegetation,open_or_seasonal,2017026.608300231,0.03230382981765418
14522150,Frankenberg/Sa.,65535416.38795091,3,High Seasonal Vegetation,high_seasonal_vegetation,open_or_seasonal,9655741.07990288,0.14733622844087318
16077052,Windischleuba,20480388.417354092,3,High Seasonal Vegetation,high_seasonal_vegetation,open_or_seasonal,2803677.8282931433,0.1368957351373982
15084250,Karsdorf,19995011.690175444,3,High Seasonal Vegetation,high_seasonal_vegetation,open_or_seasonal,1090264.2621170704,0.054526812937687456
12062224,Herzberg (Elster),149470443.50750053,3,High Seasonal Vegetation,high_seasonal_vegetation,open_or_seasonal,10778124.19328827,0.07210873227085472
14626600,Weißwasser/O.L.,63633887.4327344,3,High Seasonal Vegetation,high_seasonal_vegetation,open_or_seasonal,5441360.312994271,0.0855104179945973
12062232,Hirschfeld,20331321.413827352,3,High Seasonal Vegetation,high_seasonal_vegetation,open_or_seasonal,983906.1683455787,0.048393616347849534
14522500,Rossau,53736567.17403154,3,High Seasonal Vegetation,high_seasonal_vegetation,open_or_seasonal,9640099.185825175,0.17939551580592591
12067040,Berkenbrück,18065164.542990662,3,High Seasonal Vegetation,high_seasonal_vegetation,open_or_seasonal,2503243.946224976,0.13856745894939784
15083390,Niedere Börde,78188879.80222008,3,High Seasonal Vegetation,high_seasonal_vegetation,open_or_seasonal,1759937.8609950503,0.0225088000422418
12066196,Lübbenau/Spreewald,139475729.36291802,3,High Seasonal Vegetation,high_seasonal_vegetation,open_or_seasonal,34128599.83478062,0.24469203345033222
12067036,Beeskow,77998345.07864317,3,High Seasonal Vegetation,high_seasonal_vegetation,open_or_seasonal,6549139.8924334645,0.08396511343708872
15085135,Halberstadt,143084427.54699445,3,High Seasonal Vegetation,high_seasonal_vegetation,open_or_seasonal,11496976.686152441,0.08035099893995376
15084285,Laucha an der Unstrut,31292658.355307817,3,High Seasonal Vegetation,high_seasonal_vegetation,open_or_seasonal,2768320.4946319587,0.08846549446836625
15089075,Egeln,29290742.118436176,3,High Seasonal Vegetation,high_seasonal_vegetation,open_or_seasonal,1205599.5139608737,0.0411597462804483
12062240,Hohenleipisch,35031725.017906845,3,High Seasonal Vegetation,high_seasonal_vegetation,open_or_seasonal,7329856.908740693,0.209234826574882
14522510,Roßwein,44606404.11931287,3,High Seasonal Vegetation,high_seasonal_vegetation,open_or_seasonal,5190435.330280092,0.11636076551691446
15084275,Kretzschau,27871911.810787264,3,High Seasonal Vegetation,high_seasonal_vegetation,open_or_seasonal,1398693.5575408137,0.050182906972297374
15082430,Zerbst/Anhalt,470995786.36170936,3,High Seasonal Vegetation,high_seasonal_vegetation,open_or_seasonal,63271897.47880263,0.1343364406029142
14522540,Striegistal,77063893.43353254,3,High Seasonal Vegetation,high_seasonal_vegetation,open_or_seasonal,9149849.770441843,0.11873069686433078
14625310,Lauta,42056455.59038755,3,High Seasonal Vegetation,high_seasonal_vegetation,open_or_seasonal,8241855.5998825515,0.19597123638175334
13076103,Neu Kaliß,34292865.865348294,3,High Seasonal Vegetation,high_seasonal_vegetation,open_or_seasonal,1543343.5577351188,0.0450047996511896
13076105,Neustadt-Glewe,94112757.09683424,3,High Seasonal Vegetation,high_seasonal_vegetation,open_or_seasonal,14249548.983012397,0.15140932454407632
13076106,Nostorf,19990126.12565245,3,High Seasonal Vegetation,high_seasonal_vegetation,open_or_seasonal,1264284.7015078543,0.06324545896113448
13076108,Parchim,124842063.19922496,3,High Seasonal Vegetation,high_seasonal_vegetation,open_or_seasonal,23479008.361369852,0.1880696918946435
13076109,Passow,24888183.63006653,3,High Seasonal Vegetation,high_seasonal_vegetation,open_or_seasonal,1906534.5718317127,0.0766040061488656
16073035,Hohenwarte,6515428.406676106,3,High Seasonal Vegetation,high_seasonal_vegetation,open_or_seasonal,1257445.1969411154,0.19299501405811784
14522530,Seelitz,31490882.602004535,3,High Seasonal Vegetation,high_seasonal_vegetation,open_or_seasonal,3096216.3797362833,0.0983210416445805
16073038,Kaulsdorf,21968218.288911104,3,High Seasonal Vegetation,high_seasonal_vegetation,open_or_seasonal,4920205.685603664,0.2239692641841253
14625340,Malschwitz,93439533.9773545,3,High Seasonal Vegetation,high_seasonal_vegetation,open_or_seasonal,9318498.313950256,0.099727576939849
12067072,Briesen (Mark),111720735.89286152,3,High Seasonal Vegetation,high_seasonal_vegetation,open_or_seasonal,17411375.471323747,0.15584730383463452
14521670,Wolkenstein,30095422.232806846,3,High Seasonal Vegetation,high_seasonal_vegetation,open_or_seasonal,2743359.549815627,0.09115537667469926
16062008,Görsbach,7954000.735523127,3,High Seasonal Vegetation,high_seasonal_vegetation,open_or_seasonal,160288.62412906508,0.020151949875137024
01060063,Norderstedt,58647741.420688435,3,High Seasonal Vegetation,high_seasonal_vegetation,open_or_seasonal,12851135.758247351,0.21912413755313032
14625330,Lohsa,134810705.16633087,3,High Seasonal Vegetation,high_seasonal_vegetation,open_or_seasonal,13185932.93719974,0.09781072594294939
13076100,Muchow,19385454.226399228,3,High Seasonal Vegetation,high_seasonal_vegetation,open_or_seasonal,1573729.6942143673,0.08118095536143036
13076102,Neu Gülze,13031360.020413212,3,High Seasonal Vegetation,high_seasonal_vegetation,open_or_seasonal,1295297.878088387,0.0993985183479962
15082005,Aken (Elbe),59814153.79319817,3,High Seasonal Vegetation,high_seasonal_vegetation,open_or_seasonal,12199554.780107334,0.2039576589562088
01056042,Raa-Besenbek,12670789.436255297,3,High Seasonal Vegetation,high_seasonal_vegetation,open_or_seasonal,282587.43735907314,0.022302275543345195
01056045,Seestermühe,18117780.32657661,3,High Seasonal Vegetation,high_seasonal_vegetation,open_or_seasonal,1769718.744853652,0.0976785628787919
01056049,Uetersen,11385692.035718938,3,High Seasonal Vegetation,high_seasonal_vegetation,open_or_seasonal,1335032.0823683853,0.11725524264841808
01056029,Klein Nordende,10930418.524994152,3,High Seasonal Vegetation,high_seasonal_vegetation,open_or_seasonal,2257766.1454764144,0.20655806914562974
14521690,Zschopau,22981602.50064336,3,High Seasonal Vegetation,high_seasonal_vegetation,open_or_seasonal,3953202.3208955033,0.1720159558405396
15090485,Schollene,65622886.19142336,3,High Seasonal Vegetation,high_seasonal_vegetation,open_or_seasonal,4989446.738282244,0.07603211360938807
15090003,Aland,92856562.3009006,3,High Seasonal Vegetation,high_seasonal_vegetation,open_or_seasonal,7579179.397592443,0.08162244228934733
01056033,Seester,11785529.117236825,3,High Seasonal Vegetation,high_seasonal_vegetation,open_or_seasonal,229132.310551192,0.019441834835915554
15090007,Altmärkische Höhe,99821898.40534252,3,High Seasonal Vegetation,high_seasonal_vegetation,open_or_seasonal,6789534.476498606,0.06801648320620625
15090008,Altmärkische Wische,67544348.28100026,3,High Seasonal Vegetation,high_seasonal_vegetation,open_or_seasonal,4875739.778832842,0.07218575503236223
15091375,Wittenberg,242070715.93641967,3,High Seasonal Vegetation,high_seasonal_vegetation,open_or_seasonal,24775427.953700084,0.10234789391132877
01056036,Moorrege,10959953.688143631,3,High Seasonal Vegetation,high_seasonal_vegetation,open_or_seasonal,1078254.6919653558,0.09838131826522233
01056037,Neuendeich,8686162.934733266,3,High Seasonal Vegetation,high_seasonal_vegetation,open_or_seasonal,168631.90720764504,0.01941385494086675
12063088,Friesack,84541496.23475263,3,High Seasonal Vegetation,high_seasonal_vegetation,open_or_seasonal,9039609.04091018,0.10692511303335855
01056038,Osterhorn,6374418.444995083,3,High Seasonal Vegetation,high_seasonal_vegetation,open_or_seasonal,392918.5027179494,0.06163989799358904
14730360,Zschepplin,68340923.94879061,3,High Seasonal Vegetation,high_seasonal_vegetation,open_or_seasonal,6136309.878978418,0.08978968273206978
16073076,Rudolstadt,135148386.92623073,3,High Seasonal Vegetation,high_seasonal_vegetation,open_or_seasonal,19101168.11724233,0.14133478431872437
16073077,Saalfeld/Saale,145607709.22119236,3,High Seasonal Vegetation,high_seasonal_vegetation,open_or_seasonal,19766117.537912354,0.1357491141343738
12069696,Ziesar,68066575.6939797,3,High Seasonal Vegetation,high_seasonal_vegetation,open_or_seasonal,2415902.071277839,0.03549322184414691
12069216,Golzow,40231537.20454377,3,High Seasonal Vegetation,high_seasonal_vegetation,open_or_seasonal,1711464.9581435136,0.04254038192580471
14729350,Pegau,48722638.77218679,3,High Seasonal Vegetation,high_seasonal_vegetation,open_or_seasonal,1364667.3921869737,0.02800889743611323
15082015,Bitterfeld-Wolfen,86439561.37782684,3,High Seasonal Vegetation,high_seasonal_vegetation,open_or_seasonal,9362826.93207257,0.10831645583146479
15083320,Hötensleben,60781460.656822056,3,High Seasonal Vegetation,high_seasonal_vegetation,open_or_seasonal,2260729.100585135,0.03719438585639506
12061316,Lübben (Spreewald),121052302.6319176,3,High Seasonal Vegetation,high_seasonal_vegetation,open_or_seasonal,10427191.995039372,0.08613790707265784
01056050,Wedel,28219950.72389341,3,High Seasonal Vegetation,high_seasonal_vegetation,open_or_seasonal,4996208.306893835,0.17704525269293328
01056051,Westerhorn,9396717.292211529,3,High Seasonal Vegetation,high_seasonal_vegetation,open_or_seasonal,1369809.4131166695,0.14577531392287776
12069249,Groß Kreutz (Havel),99526644.91150458,3,High Seasonal Vegetation,high_seasonal_vegetation,open_or_seasonal,7671642.408619108,0.07708129230559765
15084207,Gutenborn,34112737.284892656,3,High Seasonal Vegetation,high_seasonal_vegetation,open_or_seasonal,3603054.522864114,0.10562197025624741
15089015,Aschersleben,157042636.245704,3,High Seasonal Vegetation,high_seasonal_vegetation,open_or_seasonal,6271167.9138391325,0.039932900158575146
14521220,Gornau/Erzgeb.,19755555.35532984,3,High Seasonal Vegetation,high_seasonal_vegetation,open_or_seasonal,2318149.5839880025,0.11734165617179626
12065256,Oranienburg,164318985.6096604,3,High Seasonal Vegetation,high_seasonal_vegetation,open_or_seasonal,22353243.619108267,0.1360356719351249
15090010,Arneburg,31235481.426069036,3,High Seasonal Vegetation,high_seasonal_vegetation,open_or_seasonal,822804.6281017786,0.026341986437739627
12063094,Gollenberg,30299023.899701424,3,High Seasonal Vegetation,high_seasonal_vegetation,open_or_seasonal,2013077.1155028567,0.06644032897451506
14729370,Rötha,46138160.32048705,3,High Seasonal Vegetation,high_seasonal_vegetation,open_or_seasonal,6191956.867267605,0.13420467622152127
15089005,Alsleben (Saale),23866835.429368444,3,High Seasonal Vegetation,high_seasonal_vegetation,open_or_seasonal,1008075.3311397142,0.04223749454019634
03353023,Marschacht,26201655.315447405,3,High Seasonal Vegetation,high_seasonal_vegetation,open_or_seasonal,964417.7720681817,0.03680751313065328
03353026,Neu Wulmstorf,56173035.8219472,3,High Seasonal Vegetation,high_seasonal_vegetation,open_or_seasonal,7187727.958968125,0.12795690768345172
03353007,Drage,30407387.635426603,3,High Seasonal Vegetation,high_seasonal_vegetation,open_or_seasonal,2062895.9082016659,0.06784193147188536
12052000,Cottbus,165456921.7163237,3,High Seasonal Vegetation,high_seasonal_vegetation,open_or_seasonal,15352679.682419568,0.09278958851139377
14729360,Regis-Breitingen,26429546.760908872,3,High Seasonal Vegetation,high_seasonal_vegetation,open_or_seasonal,4960368.877342173,0.1876827068665022
15089041,Bördeaue,25624183.390924316,3,High Seasonal Vegetation,high_seasonal_vegetation,open_or_seasonal,1584385.561738045,0.06183165088879318
15089042,Bördeland,92592309.36093704,3,High Seasonal Vegetation,high_seasonal_vegetation,open_or_seasonal,1363354.1840099664,0.014724270227405517
15089043,Börde-Hakel,39045345.92019806,3,High Seasonal Vegetation,high_seasonal_vegetation,open_or_seasonal,726461.4173798108,0.018605582823227444
03353040,Winsen (Luhe),110031781.06794664,3,High Seasonal Vegetation,high_seasonal_vegetation,open_or_seasonal,10425111.04559,0.09474636277270021
15089026,Barby,154093416.53524873,3,High Seasonal Vegetation,high_seasonal_vegetation,open_or_seasonal,13483672.332548643,0.08750323430893794
14729380,Thallwitz,52891027.23506981,3,High Seasonal Vegetation,high_seasonal_vegetation,open_or_seasonal,4662407.013722675,0.08815119042783932
12067024,Bad Saarow,50298082.389564335,3,High Seasonal Vegetation,high_seasonal_vegetation,open_or_seasonal,7247343.21595531,0.14408786322754447
15089030,Bernburg (Saale),114052712.15939713,3,High Seasonal Vegetation,high_seasonal_vegetation,open_or_seasonal,5440869.4271249985,0.04770486667183311
03353031,Seevetal,105494795.92269228,3,High Seasonal Vegetation,high_seasonal_vegetation,open_or_seasonal,15557058.379402824,0.1474675432407415
03353032,Stelle,38492330.25085408,3,High Seasonal Vegetation,high_seasonal_vegetation,open_or_seasonal,5179478.601010673,0.13455871773041717
03353033,Tespe,24899031.941647574,3,High Seasonal Vegetation,high_seasonal_vegetation,open_or_seasonal,1924643.4681579836,0.07729792357664768
12069270,Havelsee,82133144.0596614,3,High Seasonal Vegetation,high_seasonal_vegetation,open_or_seasonal,8603198.952731745,0.10474698188203282
03154007,Grafhorst,9595122.928886414,3,High Seasonal Vegetation,high_seasonal_vegetation,open_or_seasonal,562719.5965708867,0.05864641867972342
13076090,Ludwigslust,78675923.22125305,3,High Seasonal Vegetation,high_seasonal_vegetation,open_or_seasonal,15009240.27217653,0.19077297930101725
12066176,Lauchhammer,89364500.39881246,3,High Seasonal Vegetation,high_seasonal_vegetation,open_or_seasonal,27452058.651432335,0.30719198931253844
13076093,Malk Göhren,22563558.96337619,3,High Seasonal Vegetation,high_seasonal_vegetation,open_or_seasonal,1068592.9067461512,0.047359235680888234
13076094,Malliß,25193462.8679158,3,High Seasonal Vegetation,high_seasonal_vegetation,open_or_seasonal,2170941.2594462517,0.08617081624816941
13076097,Milow,33807484.17057334,3,High Seasonal Vegetation,high_seasonal_vegetation,open_or_seasonal,1177812.288883481,0.03483880323483729
03154012,Jerxheim,17106738.656320043,3,High Seasonal Vegetation,high_seasonal_vegetation,open_or_seasonal,163755.4542382177,0.009572570057222372
13076085,Lewitzrand,46856627.23741313,3,High Seasonal Vegetation,high_seasonal_vegetation,open_or_seasonal,4134492.861894611,0.08823709911825205
13076088,Lübtheen,120328010.22909904,3,High Seasonal Vegetation,high_seasonal_vegetation,open_or_seasonal,13960953.929619554,0.11602414020674434
13076089,Lübz,74813303.50257179,3,High Seasonal Vegetation,high_seasonal_vegetation,open_or_seasonal,10438930.837735463,0.13953308233978215
15089055,Calbe (Saale),57425951.03109665,3,High Seasonal Vegetation,high_seasonal_vegetation,open_or_seasonal,1503293.5352614997,0.02617794757021008
14524260,Remse,14386253.492598357,3,High Seasonal Vegetation,high_seasonal_vegetation,open_or_seasonal,2522554.365745124,0.17534477388730593
16065016,Etzleben,6168455.4494236335,3,High Seasonal Vegetation,high_seasonal_vegetation,open_or_seasonal,56773.097761918914,0.009203778519179168
14627020,Diera-Zehren,43387391.97460426,3,High Seasonal Vegetation,high_seasonal_vegetation,open_or_seasonal,4966496.695948121,0.11446866174521708
03154027,Söllingen,39430284.66967523,3,High Seasonal Vegetation,high_seasonal_vegetation,open_or_seasonal,817462.029959086,0.020731831809162007
16065019,Gehofen,13548591.471329546,3,High Seasonal Vegetation,high_seasonal_vegetation,open_or_seasonal,2211333.5688050445,0.1632150156335065
12067426,Rietz-Neuendorf,185234224.38259536,3,High Seasonal Vegetation,high_seasonal_vegetation,open_or_seasonal,18686948.080115505,0.10088280468904176
16065003,Bad Frankenhausen/Kyffhäuser,91109138.21694888,3,High Seasonal Vegetation,high_seasonal_vegetation,open_or_seasonal,21631946.90546113,0.23742894871808778
14627010,Coswig,26126891.1611025,3,High Seasonal Vegetation,high_seasonal_vegetation,open_or_seasonal,5520398.052975722,0.21129180731592148
14628370,Stadt Wehlen,10977521.341152163,3,High Seasonal Vegetation,high_seasonal_vegetation,open_or_seasonal,1816025.078869484,0.16543125013673443
14627040,Glaubitz,14259650.79794955,3,High Seasonal Vegetation,high_seasonal_vegetation,open_or_seasonal,1034995.9856804198,0.07258214105981094
14522060,Burgstädt,25841214.814155083,3,High Seasonal Vegetation,high_seasonal_vegetation,open_or_seasonal,3191470.069900698,0.12350309739124576
15090415,Osterburg (Altmark),231322870.27737197,3,High Seasonal Vegetation,high_seasonal_vegetation,open_or_seasonal,17894048.779318254,0.07735529460559634
16065042,Kalbsrieth,11982585.109859249,3,High Seasonal Vegetation,high_seasonal_vegetation,open_or_seasonal,161100.50903333453,0.01344455370492477
14627030,Ebersbach,84269636.69404,3,High Seasonal Vegetation,high_seasonal_vegetation,open_or_seasonal,4476977.917227863,0.05312682115246973
15090445,Sandau (Elbe),18434549.689568777,3,High Seasonal Vegetation,high_seasonal_vegetation,open_or_seasonal,1306640.2402764957,0.0708799651892696
16073002,Altenbeuthen,8067944.710577965,3,High Seasonal Vegetation,high_seasonal_vegetation,open_or_seasonal,564359.6160001468,0.06995085319067806
12069648,Wenzlow,20707044.44068362,3,High Seasonal Vegetation,high_seasonal_vegetation,open_or_seasonal,290702.4898914728,0.014038820978252346
01056019,Haselau,13848008.610910298,3,High Seasonal Vegetation,high_seasonal_vegetation,open_or_seasonal,1222074.9702129671,0.08824914863572099
16065056,Reinsdorf,11330959.869730547,3,High Seasonal Vegetation,high_seasonal_vegetation,open_or_seasonal,405166.90835823404,0.03575750977996086
14627060,Großenhain,130422644.6610693,3,High Seasonal Vegetation,high_seasonal_vegetation,open_or_seasonal,7444880.795326844,0.05708273141273844
15087250,Kelbra (Kyffhäuser),40621471.96106028,3,High Seasonal Vegetation,high_seasonal_vegetation,open_or_seasonal,3188065.08047133,0.07848226385118214
14522080,Döbeln,91232608.068295,3,High Seasonal Vegetation,high_seasonal_vegetation,open_or_seasonal,6979117.99156402,0.07649806510342863
15090435,Rochau,39086676.02958891,3,High Seasonal Vegetation,high_seasonal_vegetation,open_or_seasonal,1431731.6336053433,0.03662965949116552
01056020,Haseldorf,17815283.524139255,3,High Seasonal Vegetation,high_seasonal_vegetation,open_or_seasonal,1210839.8407851043,0.06796635255029465
12069656,Werder (Havel),117238083.591075,3,High Seasonal Vegetation,high_seasonal_vegetation,open_or_seasonal,12488466.408995828,0.10652226671117762
01056024,Heist,10018888.267545355,3,High Seasonal Vegetation,high_seasonal_vegetation,open_or_seasonal,2046712.736465982,0.20428541389127897
12067481,Storkow (Mark),180695975.93586615,3,High Seasonal Vegetation,high_seasonal_vegetation,open_or_seasonal,15720981.85898105,0.08700239049352626
01056027,Hetlingen,16599690.141962444,3,High Seasonal Vegetation,high_seasonal_vegetation,open_or_seasonal,788926.8254396087,0.047526599514365414
01056028,Holm,15978636.194305196,3,High Seasonal Vegetation,high_seasonal_vegetation,open_or_seasonal,3108197.8314407454,0.19452209773375467
12067469,Spreenhagen,137738247.98115382,3,High Seasonal Vegetation,high_seasonal_vegetation,open_or_seasonal,8390472.476983363,0.06091606797649552
14524290,Waldenburg,25083048.223122895,3,High Seasonal Vegetation,high_seasonal_vegetation,open_or_seasonal,3875585.1493791793,0.1545101342908737
14730310,Torgau,102853060.15132137,3,High Seasonal Vegetation,high_seasonal_vegetation,open_or_seasonal,6807128.943877146,0.0661830472896211
12071041,Dissen-Striesow,19911812.74790296,3,High Seasonal Vegetation,high_seasonal_vegetation,open_or_seasonal,1012227.543359083,0.050835529450511084
12068320,Neuruppin,305934233.01816416,3,High Seasonal Vegetation,high_seasonal_vegetation,open_or_seasonal,43062939.49813251,0.14075881300794393
16065046,Mönchpfiffel-Nikolausrieth,9268732.690789605,3,High Seasonal Vegetation,high_seasonal_vegetation,open_or_seasonal,425777.82272055786,0.0459370052977853
14627050,Gröditz,29040876.612622075,3,High Seasonal Vegetation,high_seasonal_vegetation,open_or_seasonal,2092976.9991429015,0.07207003518045417
12068324,Neustadt (Dosse),75664484.23327327,3,High Seasonal Vegetation,high_seasonal_vegetation,open_or_seasonal,8254194.81382216,0.10908942150949597
12071028,Briesen,9164530.61977494,3,High Seasonal Vegetation,high_seasonal_vegetation,open_or_seasonal,576769.8687314856,0.06293501464078798
12069688,Wusterwitz,23864482.92313698,3,High Seasonal Vegetation,high_seasonal_vegetation,open_or_seasonal,2755661.260355081,0.11547123267788993
01056015,Elmshorn,21702124.601431817,3,High Seasonal Vegetation,high_seasonal_vegetation,open_or_seasonal,3512660.1819262584,0.1618578939360853
01056016,Groß Nordende,5336383.998411052,3,High Seasonal Vegetation,high_seasonal_vegetation,open_or_seasonal,292527.51141499425,0.05481755276646068
12067473,Steinhöfel,161138405.97169286,3,High Seasonal Vegetation,high_seasonal_vegetation,open_or_seasonal,12719160.503261901,0.07893314090184231
12071032,Burg (Spreewald),35368051.73040276,3,High Seasonal Vegetation,high_seasonal_vegetation,open_or_seasonal,12403313.235062122,0.35069257785551416
13076006,Barkhagen,30384060.435054645,3,High Seasonal Vegetation,high_seasonal_vegetation,open_or_seasonal,2316424.602877279,0.07623815150804458
13076008,Belsch,22625583.52322813,3,High Seasonal Vegetation,high_seasonal_vegetation,open_or_seasonal,690044.0001414234,0.030498395740070204
13076009,Bengerstorf,33049640.00110774,3,High Seasonal Vegetation,high_seasonal_vegetation,open_or_seasonal,8627835.63267735,0.26105687179612747
12067408,Rauen,21643502.72157179,3,High Seasonal Vegetation,high_seasonal_vegetation,open_or_seasonal,5801105.41882909,0.268029879149238
14625240,Hoyerswerda,95962109.1018878,3,High Seasonal Vegetation,high_seasonal_vegetation,open_or_seasonal,8914032.173932603,0.09289116566277347
13076010,Besitz,22187644.02126526,3,High Seasonal Vegetation,high_seasonal_vegetation,open_or_seasonal,1649086.9975985605,0.07432456533095759
16065085,Kyffhäuserland,129109407.51909108,3,High Seasonal Vegetation,high_seasonal_vegetation,open_or_seasonal,57924013.86177958,0.44864286015110477
16065086,Artern,44869652.329491064,3,High Seasonal Vegetation,high_seasonal_vegetation,open_or_seasonal,379857.52098844934,0.008465800407791078
13076012,Blievenstorf,21448027.28281925,3,High Seasonal Vegetation,high_seasonal_vegetation,open_or_seasonal,1680371.7925715998,0.0783462166666324
12071060,Drehnow,10968965.45124516,3,High Seasonal Vegetation,high_seasonal_vegetation,open_or_seasonal,188534.70888372802,0.017188011916139837
16065087,Roßleben-Wiehe,72953515.34495515,3,High Seasonal Vegetation,high_seasonal_vegetation,open_or_seasonal,11349507.920308322,0.15557177562510918
16065088,An der Schmücke,95013330.85967591,3,High Seasonal Vegetation,high_seasonal_vegetation,open_or_seasonal,20925417.957007922,0.22023665276941432
13076014,Boizenburg/Elbe,47238842.90497926,3,High Seasonal Vegetation,high_seasonal_vegetation,open_or_seasonal,6241439.514623417,0.1321251565619007
14627070,Hirschstein,34760214.33588495,3,High Seasonal Vegetation,high_seasonal_vegetation,open_or_seasonal,891430.4977078892,0.025645138119520013
14713000,Leipzig,299088853.71073973,3,High Seasonal Vegetation,high_seasonal_vegetation,open_or_seasonal,30268210.268698566,0.10120139849133966
12062196,Gröden,22402858.92871034,3,High Seasonal Vegetation,high_seasonal_vegetation,open_or_seasonal,1042154.4446727112,0.046518814763286315
14522460,Penig,63608667.65588005,3,High Seasonal Vegetation,high_seasonal_vegetation,open_or_seasonal,5579178.036869134,0.087710971514955
14729320,Neukieritzsch,57209117.342527494,3,High Seasonal Vegetation,high_seasonal_vegetation,open_or_seasonal,7725415.519550921,0.13503818758986666
12067493,Tauche,121952418.64925414,3,High Seasonal Vegetation,high_seasonal_vegetation,open_or_seasonal,7988260.880961074,0.06550309513693216
12071052,Drachhausen,38300791.51922781,3,High Seasonal Vegetation,high_seasonal_vegetation,open_or_seasonal,1505687.3791749289,0.03931217396431721
16076012,Caaschwitz,4097838.24899341,3,High Seasonal Vegetation,high_seasonal_vegetation,open_or_seasonal,275290.45478508266,0.06717943414499214
13076030,Dersenow,22443987.350011803,3,High Seasonal Vegetation,high_seasonal_vegetation,open_or_seasonal,2942312.4386022827,0.131095798296319
14523330,Pöhl,36654093.105269566,3,High Seasonal Vegetation,high_seasonal_vegetation,open_or_seasonal,7427089.294268251,0.20262646446981655
13076034,Dömitz,60496863.98778597,3,High Seasonal Vegetation,high_seasonal_vegetation,open_or_seasonal,3828772.446003398,0.06328877554341343
13076016,Brahlstorf,21895462.27090615,3,High Seasonal Vegetation,high_seasonal_vegetation,open_or_seasonal,2966777.5497047775,0.13549736986585195
13076017,Brenz,12654634.15903614,3,High Seasonal Vegetation,high_seasonal_vegetation,open_or_seasonal,211727.56113595635,0.016731227349213458
13076018,Bresegard bei Eldena,11143815.295551412,3,High Seasonal Vegetation,high_seasonal_vegetation,open_or_seasonal,895352.2189499617,0.08034521348423501
01051103,Schmedeswurth,5887846.1293954775,3,High Seasonal Vegetation,high_seasonal_vegetation,open_or_seasonal,29376.73555330749,0.0049893857461121675
16076022,Greiz,84912677.81935868,3,High Seasonal Vegetation,high_seasonal_vegetation,open_or_seasonal,11142217.2588994,0.13121971353445128
13076019,Bresegard bei Picher,16581224.118175805,3,High Seasonal Vegetation,high_seasonal_vegetation,open_or_seasonal,1341526.3846827743,0.08090635378435276
14522480,Reinsberg,48765913.081287704,3,High Seasonal Vegetation,high_seasonal_vegetation,open_or_seasonal,4932963.360288765,0.10115597245284895
14523320,Plauen,101719133.12763377,3,High Seasonal Vegetation,high_seasonal_vegetation,open_or_seasonal,15268718.522430947,0.1501066520422689
13076049,Gorlosen,53231150.54896304,3,High Seasonal Vegetation,high_seasonal_vegetation,open_or_seasonal,1669824.5596269772,0.03136931181096753
12071076,Forst (Lausitz),111087397.72670946,3,High Seasonal Vegetation,high_seasonal_vegetation,open_or_seasonal,6661048.891228087,0.05996223718927326
12071412,Werben,25107230.69742649,3,High Seasonal Vegetation,high_seasonal_vegetation,open_or_seasonal,2624962.720073447,0.10455006972722435
14524200,Mülsen,49108021.31470883,3,High Seasonal Vegetation,high_seasonal_vegetation,open_or_seasonal,5458265.956255014,0.11114815482537381
16076039,Langenwetzendorf,58327544.83979913,3,High Seasonal Vegetation,high_seasonal_vegetation,open_or_seasonal,3759613.5381535753,0.0644569139414256
15085090,Ditfurt,23929171.404765,3,High Seasonal Vegetation,high_seasonal_vegetation,open_or_seasonal,580607.4041785405,0.02426358164925529
13076050,Grabow,72336024.30337732,3,High Seasonal Vegetation,high_seasonal_vegetation,open_or_seasonal,5111375.016109316,0.07066154195414731
13076053,Grebs-Niendorf,31186526.12191532,3,High Seasonal Vegetation,high_seasonal_vegetation,open_or_seasonal,1904441.0811316038,0.06106614996767208
01058172,Westerrönfeld,7731811.63513024,3,High Seasonal Vegetation,high_seasonal_vegetation,open_or_seasonal,870955.6562115937,0.11264574168547016
14612000,Dresden,328736783.09641767,3,High Seasonal Vegetation,high_seasonal_vegetation,open_or_seasonal,52156475.374784715,0.15865725424309257
13076058,Groß Laasch,27467259.64554101,3,High Seasonal Vegetation,high_seasonal_vegetation,open_or_seasonal,1259803.2832136853,0.045865634193988467
13076037,Eldena,34251458.78441228,3,High Seasonal Vegetation,high_seasonal_vegetation,open_or_seasonal,2811932.460389182,0.08209672113787114
12061217,Heidesee,136364223.14755517,3,High Seasonal Vegetation,high_seasonal_vegetation,open_or_seasonal,12705224.158940358,0.09317124290872437
14628310,Rathen,3743511.710648861,3,High Seasonal Vegetation,high_seasonal_vegetation,open_or_seasonal,735437.9241069036,0.19645669119048398
13076040,Gallin-Kuppentin,29592968.88817017,3,High Seasonal Vegetation,high_seasonal_vegetation,open_or_seasonal,2941774.301969073,0.09940788006387054
12070125,Groß Pankow (Prignitz),250928782.20071307,3,High Seasonal Vegetation,high_seasonal_vegetation,open_or_seasonal,27744359.01102878,0.1105666666362594
13076046,Göhlen,33994605.65105992,3,High Seasonal Vegetation,high_seasonal_vegetation,open_or_seasonal,1748692.3120806995,0.051440288204260345
01051118,Trennewurth,8075378.942849048,3,High Seasonal Vegetation,high_seasonal_vegetation,open_or_seasonal,16936.202648286704,0.0020972641368469944
01051119,Volsemenhusen,16715100.23053301,3,High Seasonal Vegetation,high_seasonal_vegetation,open_or_seasonal,133410.54793034215,0.007981438704546012
15084590,Zeitz,87425518.6237047,3,High Seasonal Vegetation,high_seasonal_vegetation,open_or_seasonal,8743660.628256854,0.10001268240559322
14522490,Rochlitz,23581724.78775827,3,High Seasonal Vegetation,high_seasonal_vegetation,open_or_seasonal,5159717.738308803,0.21880154164920596
13076075,Kreien,25035627.882163573,4,High Perennial Vegetation,high_perennial_vegetation,perennial_vegetation,3951811.8586056563,0.15784752342564942
13076079,Kuhstorf,15091729.821307696,4,High Perennial Vegetation,high_perennial_vegetation,perennial_vegetation,2946029.1793937515,0.19520818450077967
14521150,Drebach,33008113.855999652,4,High Perennial Vegetation,high_perennial_vegetation,perennial_vegetation,6878741.362488705,0.20839546883829002
15083245,Gröningen,59726899.683835134,4,High Perennial Vegetation,high_perennial_vegetation,perennial_vegetation,22606.39765488545,3.7849608425270044e-4
14628330,Reinhardtsdorf-Schöna,31817093.770008847,4,High Perennial Vegetation,high_perennial_vegetation,perennial_vegetation,16730264.667926481,0.5258262991856477
13076067,Karenz,6848559.861875899,4,High Perennial Vegetation,high_perennial_vegetation,perennial_vegetation,460965.48699089815,0.06730838253411052
16076093,Mohlsdorf-Teichwolframsdorf,51148534.17445346,4,High Perennial Vegetation,high_perennial_vegetation,perennial_vegetation,12968310.861992924,0.25354218007033424
16076094,Berga-Wünschendorf,62985940.27364644,4,High Perennial Vegetation,high_perennial_vegetation,perennial_vegetation,7218743.609907454,0.11460880918098804
13076069,Karstädt,19717514.76181327,4,High Perennial Vegetation,high_perennial_vegetation,perennial_vegetation,2848231.458550727,0.14445184867145988
15084130,Elsteraue,80483183.11954002,4,High Perennial Vegetation,high_perennial_vegetation,perennial_vegetation,439268.97909193404,0.005457897688259879
14628320,Rathmannsdorf,4195836.411452889,4,High Perennial Vegetation,high_perennial_vegetation,perennial_vegetation,520325.08142158296,0.12400985891664217
14522020,Augustusburg,23353480.299974073,4,High Perennial Vegetation,high_perennial_vegetation,perennial_vegetation,6670464.739589914,0.2856304351175152
15002000,Halle (Saale),135858053.42722595,4,High Perennial Vegetation,high_perennial_vegetation,perennial_vegetation,1288496.8542845305,0.009484140408170428
15083270,Haldensleben,156410219.9081429,4,High Perennial Vegetation,high_perennial_vegetation,perennial_vegetation,35676242.10423453,0.22809406012718728
12061260,Königs Wusterhausen,95986510.3169408,4,High Perennial Vegetation,high_perennial_vegetation,perennial_vegetation,41787382.893180124,0.43534641227398607
15084150,Gleina,29877869.66065514,4,High Perennial Vegetation,high_perennial_vegetation,perennial_vegetation,82964.8781592854,0.002776800324172316
12072312,Nuthe-Urstromtal,341614674.8878322,4,High Perennial Vegetation,high_perennial_vegetation,perennial_vegetation,157384377.71511066,0.4607073093882374
15084135,Freyburg (Unstrut),46843268.74310584,4,High Perennial Vegetation,high_perennial_vegetation,perennial_vegetation,274964.55693056004,0.0058698840689043064
12062124,Elsterwerda,40441722.63077532,4,High Perennial Vegetation,high_perennial_vegetation,perennial_vegetation,8695978.458826698,0.2150249270590971
12062128,Falkenberg/Elster,82069829.47278139,4,High Perennial Vegetation,high_perennial_vegetation,perennial_vegetation,20414505.482576646,0.24874555745661875
12067397,Ragow-Merz,43897070.919061154,4,High Perennial Vegetation,high_perennial_vegetation,perennial_vegetation,27517300.39711413,0.6268596018137844
12066064,Frauendorf,20849051.531904455,4,High Perennial Vegetation,high_perennial_vegetation,perennial_vegetation,11942371.082977558,0.5728016483005298
12061265,Krausnick-Groß Wasserburg,54774429.42453899,4,High Perennial Vegetation,high_perennial_vegetation,perennial_vegetation,33922822.70905744,0.6193185956558771
15084170,Goseck,14467892.210808836,4,High Perennial Vegetation,high_perennial_vegetation,perennial_vegetation,33694.451442105266,0.0023289122528112587
01058119,Oldenbüttel,8000288.08312802,4,High Perennial Vegetation,high_perennial_vegetation,perennial_vegetation,33730.758556547305,0.0042161929928102
14522420,Niederwiesa,16599271.8798012,4,High Perennial Vegetation,high_perennial_vegetation,perennial_vegetation,1488755.7099789528,0.08968801286944056
16075134,Remptendorf,97383600.17456956,4,High Perennial Vegetation,high_perennial_vegetation,perennial_vegetation,41478336.59661379,0.4259273278278872
16075135,Saalburg-Ebersdorf,71996977.28873697,4,High Perennial Vegetation,high_perennial_vegetation,perennial_vegetation,19147094.894893657,0.2659430383876544
16075136,Rosenthal am Rennsteig,56292295.44415217,4,High Perennial Vegetation,high_perennial_vegetation,perennial_vegetation,22352217.4549088,0.3970741871253861
01058124,Osterrönfeld,17906363.46134805,4,High Perennial Vegetation,high_perennial_vegetation,perennial_vegetation,405231.97778528923,0.022630612779641526
16075125,Wilhelmsdorf,9420791.17988135,4,High Perennial Vegetation,high_perennial_vegetation,perennial_vegetation,2124158.148083341,0.22547555799979993
16075127,Ziegenrück,8250127.516421139,4,High Perennial Vegetation,high_perennial_vegetation,perennial_vegetation,2516596.168533729,0.3050372450031433
16076003,Bad Köstritz,20159072.262280148,4,High Perennial Vegetation,high_perennial_vegetation,perennial_vegetation,2090672.5508353412,0.10370876812358179
14522440,Oederan,77683163.59427962,4,High Perennial Vegetation,high_perennial_vegetation,perennial_vegetation,5904911.19059139,0.07601275382438483
12073572,Templin,379582812.2804865,4,High Perennial Vegetation,high_perennial_vegetation,perennial_vegetation,153487516.89581123,0.4043584480911484
01058140,Schacht-Audorf,6278333.662421584,4,High Perennial Vegetation,high_perennial_vegetation,perennial_vegetation,18887.09945394922,0.003008298136015978
01058148,Schülp b.Rendsburg,11012699.40867108,4,High Perennial Vegetation,high_perennial_vegetation,perennial_vegetation,485237.20634487324,0.04406160454745651
03360002,Bad Bevensen,48140251.44442914,4,High Perennial Vegetation,high_perennial_vegetation,perennial_vegetation,7484245.1342065,0.15546751231339045
03360004,Bienenbüttel,99488670.05538411,4,High Perennial Vegetation,high_perennial_vegetation,perennial_vegetation,25139790.460539185,0.2526899841614545
03360008,Emmendorf,11000591.927796615,4,High Perennial Vegetation,high_perennial_vegetation,perennial_vegetation,288472.9906954319,0.026223406212033912
12062500,Uebigau-Wahrenbrück,135901487.06611395,4,High Perennial Vegetation,high_perennial_vegetation,perennial_vegetation,28289788.58949313,0.2081639369827542
01058132,Rade b.Rendsburg,6537224.4244546015,4,High Perennial Vegetation,high_perennial_vegetation,perennial_vegetation,53251.99103595445,0.008145963420920378
01058135,Rendsburg,23814387.481500052,4,High Perennial Vegetation,high_perennial_vegetation,perennial_vegetation,655918.7568888383,0.027542961472277278
03359001,Agathenburg,11100004.708568253,4,High Perennial Vegetation,high_perennial_vegetation,perennial_vegetation,184618.5894888575,0.01663229830401313
03359004,Balje,58446108.6453896,4,High Perennial Vegetation,high_perennial_vegetation,perennial_vegetation,12544.850734217398,2.1463962314977788e-4
03359007,Bliedersdorf,12401586.096952744,4,High Perennial Vegetation,high_perennial_vegetation,perennial_vegetation,893958.2419799994,0.0720841862477299
03359009,Burweg,16255046.295608832,4,High Perennial Vegetation,high_perennial_vegetation,perennial_vegetation,104585.08983539997,0.006434007503482336
03360025,Uelzen,136860915.81507882,4,High Perennial Vegetation,high_perennial_vegetation,perennial_vegetation,20371318.473093837,0.14884686655625465
15091241,Oranienbaum-Wörlitz,115899933.39697148,4,High Perennial Vegetation,high_perennial_vegetation,perennial_vegetation,11604225.076694516,0.10012279331471764
02000000,Hamburg,742109107.0919194,4,High Perennial Vegetation,high_perennial_vegetation,perennial_vegetation,60346687.43687244,0.08131781009042077
15089365,Wolmirsleben,16869354.158058494,4,High Perennial Vegetation,high_perennial_vegetation,perennial_vegetation,1421.2835645268337,8.425239942264691e-5
01058158,Tackesdorf,7595935.643578419,4,High Perennial Vegetation,high_perennial_vegetation,perennial_vegetation,116463.4463727483,0.015332337165232059
03360012,Jelmstorf,13955288.939884534,4,High Perennial Vegetation,high_perennial_vegetation,perennial_vegetation,2940156.994672038,0.2106840644674151
12065144,Hohen Neuendorf,49014227.56596513,4,High Perennial Vegetation,high_perennial_vegetation,perennial_vegetation,20227852.08756632,0.4126934788545416
13071110,Neustrelitz,139943510.287917,4,High Perennial Vegetation,high_perennial_vegetation,perennial_vegetation,59838396.14114517,0.4275896468370334
15084565,Wetterzeube,41934541.89197438,4,High Perennial Vegetation,high_perennial_vegetation,perennial_vegetation,2095430.319309809,0.049969076202328606
13071119,Priepert,22199734.212614417,4,High Perennial Vegetation,high_perennial_vegetation,perennial_vegetation,9765311.376355698,0.43988415729801017
03359020,Grünendeich,2588844.4192941617,4,High Perennial Vegetation,high_perennial_vegetation,perennial_vegetation,2224.9907004204238,8.594532308847894e-4
03359021,Guderhandviertel,9223870.486279769,4,High Perennial Vegetation,high_perennial_vegetation,perennial_vegetation,1392.0115527674252,1.50914039267789e-4
03359022,Hammah,29370105.30183487,4,High Perennial Vegetation,high_perennial_vegetation,perennial_vegetation,591636.0771174467,0.020144159206691194
03359023,Harsefeld,52010606.29360163,4,High Perennial Vegetation,high_perennial_vegetation,perennial_vegetation,3557340.0085124527,0.06839643415097198
03359025,Himmelpforten,18215753.037146464,4,High Perennial Vegetation,high_perennial_vegetation,perennial_vegetation,409748.4448950741,0.02249418094654088
03359026,Hollern-Twielenfleth,17708013.179927923,4,High Perennial Vegetation,high_perennial_vegetation,perennial_vegetation,8313.445648099545,4.6947365374241175e-4
03359027,Horneburg,16902118.424427122,4,High Perennial Vegetation,high_perennial_vegetation,perennial_vegetation,3124775.4799511996,0.18487478323635698
03359028,Jork,53147595.539435685,4,High Perennial Vegetation,high_perennial_vegetation,perennial_vegetation,67008.42349339633,0.0012607987776921323
03359029,Kranenburg,14241579.451314503,4,High Perennial Vegetation,high_perennial_vegetation,perennial_vegetation,49756.12699539005,0.0034937225302490967
12069590,Schwielowsee,58307568.467751876,4,High Perennial Vegetation,high_perennial_vegetation,perennial_vegetation,27825534.90296597,0.4772199498999074
15084550,Weißenfels,113730963.2180518,4,High Perennial Vegetation,high_perennial_vegetation,perennial_vegetation,55218.12552741288,4.8551532463103636e-4
12065136,Hennigsdorf,30730259.606725983,4,High Perennial Vegetation,high_perennial_vegetation,perennial_vegetation,7114872.986200546,0.2315266150450386
14729250,Machern,39068604.93483402,4,High Perennial Vegetation,high_perennial_vegetation,perennial_vegetation,794823.8308450489,0.02034431053196821
15088020,Bad Dürrenberg,36456820.25492409,4,High Perennial Vegetation,high_perennial_vegetation,perennial_vegetation,2009.7408922784512,5.5126609458130204e-5
03359010,Buxtehude,76262592.45658633,4,High Perennial Vegetation,high_perennial_vegetation,perennial_vegetation,4584326.01417682,0.06011238100496675
03359012,Dollern,11986902.817578904,4,High Perennial Vegetation,high_perennial_vegetation,perennial_vegetation,1668484.3184940214,0.13919227876338278
03359013,Drochtersen,106914216.90756306,4,High Perennial Vegetation,high_perennial_vegetation,perennial_vegetation,390515.8168753633,0.0036526088687812144
03359015,Engelschoff,19629177.4223999,4,High Perennial Vegetation,high_perennial_vegetation,perennial_vegetation,87566.43369358897,0.004461034296509147
03359016,Estorf,29452008.467342824,4,High Perennial Vegetation,high_perennial_vegetation,perennial_vegetation,2453131.812124774,0.08329251347475579
12068264,Kyritz,157576666.42114767,4,High Perennial Vegetation,high_perennial_vegetation,perennial_vegetation,32527625.317733034,0.20642412392960513
03359018,Freiburg (Elbe),26092407.30783692,4,High Perennial Vegetation,high_perennial_vegetation,perennial_vegetation,12690.86497689115,4.8638152958310657e-4
03359019,Großenwörden,12340566.848252848,4,High Perennial Vegetation,high_perennial_vegetation,perennial_vegetation,300121.20416857215,0.02431988804558542
13071137,Sietow,18847417.38042587,4,High Perennial Vegetation,high_perennial_vegetation,perennial_vegetation,178736.9395961034,0.009483365067392842
13071138,Silz,10677284.917102613,4,High Perennial Vegetation,high_perennial_vegetation,perennial_vegetation,1579427.2053390576,0.14792404788310648
03352051,Steinau,36028682.80064326,4,High Perennial Vegetation,high_perennial_vegetation,perennial_vegetation,277090.9675515683,0.007690843683761347
03359040,Wischhafen,27624832.21567756,4,High Perennial Vegetation,high_perennial_vegetation,perennial_vegetation,51865.82585308385,0.0018775073617876715
03352052,Stinstedt,30437815.314012676,4,High Perennial Vegetation,high_perennial_vegetation,perennial_vegetation,311366.53174701805,0.010229595275968248
03352055,Wanna,54053527.13815224,4,High Perennial Vegetation,high_perennial_vegetation,perennial_vegetation,1480658.2539096465,0.027392444717350615
03352056,Wingst,55608496.481304646,4,High Perennial Vegetation,high_perennial_vegetation,perennial_vegetation,7187899.268842806,0.12925901118832353
03352038,Neuenkirchen,19402083.724760316,4,High Perennial Vegetation,high_perennial_vegetation,perennial_vegetation,6785.563188358597,3.497337339957501e-4
03352039,Neuhaus (Oste),9842364.398027057,4,High Perennial Vegetation,high_perennial_vegetation,perennial_vegetation,4287.507242081294,4.356176086043657e-4
14730270,Schkeuditz,80324651.47217132,4,High Perennial Vegetation,high_perennial_vegetation,perennial_vegetation,45574.473543056236,5.673784163115308e-4
03352041,Nordleda,21315494.84257512,4,High Perennial Vegetation,high_perennial_vegetation,perennial_vegetation,19279.38095751574,9.044772875273583e-4
03359030,Krummendeich,30095423.4804926,4,High Perennial Vegetation,high_perennial_vegetation,perennial_vegetation,8592.994781670372,2.8552496651991694e-4
03352042,Oberndorf,32464128.553422045,4,High Perennial Vegetation,high_perennial_vegetation,perennial_vegetation,8236.22880884136,2.537024456174161e-4
03352043,Odisheim,13582666.151718097,4,High Perennial Vegetation,high_perennial_vegetation,perennial_vegetation,5375.416170658984,3.9575559839398965e-4
03359032,Mittelnkirchen,6941695.411593951,4,High Perennial Vegetation,high_perennial_vegetation,perennial_vegetation,396.7295633058918,5.715168122232474e-5
03352044,Osten,47849840.1291706,4,High Perennial Vegetation,high_perennial_vegetation,perennial_vegetation,482734.54492357303,0.010088529943264838
03359033,Neuenkirchen,8152226.686350301,4,High Perennial Vegetation,high_perennial_vegetation,perennial_vegetation,4450.5699422975185,5.459330454769297e-4
03352045,Osterbruch,10521142.056641445,4,High Perennial Vegetation,high_perennial_vegetation,perennial_vegetation,346.5491752638287,3.293836100664285e-5
03359034,Nottensdorf,6984233.280373003,4,High Perennial Vegetation,high_perennial_vegetation,perennial_vegetation,175078.38803421296,0.025067660401065905
03352046,Otterndorf,33956318.90340103,4,High Perennial Vegetation,high_perennial_vegetation,perennial_vegetation,11245.169867069853,3.311657514779539e-4
01051024,Eddelak,9422591.509592954,4,High Perennial Vegetation,high_perennial_vegetation,perennial_vegetation,7868.53039696186,8.350707328181493e-4
03359035,Oederquart,37724566.29746619,4,High Perennial Vegetation,high_perennial_vegetation,perennial_vegetation,14259.131810937808,3.7798000641018736e-4
12065180,Leegebruch,6196386.074688744,4,High Perennial Vegetation,high_perennial_vegetation,perennial_vegetation,15428.882495128379,0.0024899808225560577
03359038,Stade,100012094.83540148,4,High Perennial Vegetation,high_perennial_vegetation,perennial_vegetation,1308987.4532512466,0.013088291525195628
03359039,Steinkirchen,8591791.077775855,4,High Perennial Vegetation,high_perennial_vegetation,perennial_vegetation,2135.937562814028,2.486021300423607e-4
14729260,Markkleeberg,31294371.481885165,4,High Perennial Vegetation,high_perennial_vegetation,perennial_vegetation,714996.0487244237,0.02284743277679506
13071156,Waren (Müritz),159864746.249927,4,High Perennial Vegetation,high_perennial_vegetation,perennial_vegetation,16117177.8857701,0.10081758651512236
13071159,Wesenberg,90112541.72905004,4,High Perennial Vegetation,high_perennial_vegetation,perennial_vegetation,31244636.111043453,0.3467290513787712
01051034,Friedrichskoog,52644739.12260729,4,High Perennial Vegetation,high_perennial_vegetation,perennial_vegetation,400.24184251435327,7.602694004850277e-6
01051016,Burg (Dithmarschen),11374810.187515236,4,High Perennial Vegetation,high_perennial_vegetation,perennial_vegetation,157133.2381087639,0.01381414155650968
03352061,Wurster Nordseeküste,181747830.48425624,4,High Perennial Vegetation,high_perennial_vegetation,perennial_vegetation,4390002.8806939665,0.024154361947524027
03352062,Geestland,355996953.8423922,4,High Perennial Vegetation,high_perennial_vegetation,perennial_vegetation,30549964.31842063,0.08581524080103725
03352063,Cadenberge,30845858.23362863,4,High Perennial Vegetation,high_perennial_vegetation,perennial_vegetation,50586.11094824976,0.0016399644504979279
01051021,Diekhusen-Fahrstedt,7528229.912736982,4,High Perennial Vegetation,high_perennial_vegetation,perennial_vegetation,0,0
01051022,Dingen,6798996.813680679,4,High Perennial Vegetation,high_perennial_vegetation,perennial_vegetation,139075.7035931864,0.020455327073156386
01051046,Helse,11771771.888879798,4,High Perennial Vegetation,high_perennial_vegetation,perennial_vegetation,0,0
13071176,Südmüritz,69521651.59671196,4,High Perennial Vegetation,high_perennial_vegetation,perennial_vegetation,1130992.5297589772,0.016268205714095374
01051051,Hochdonn,5461761.440063529,4,High Perennial Vegetation,high_perennial_vegetation,perennial_vegetation,265082.8193043562,0.048534309345681134
15082301,Raguhn-Jeßnitz,97547663.79529916,4,High Perennial Vegetation,high_perennial_vegetation,perennial_vegetation,8588227.019980824,0.08804133985210512
12065193,Liebenwalde,142108984.33563513,4,High Perennial Vegetation,high_perennial_vegetation,perennial_vegetation,27948790.43885344,0.19667152340518856
12065198,Löwenberger Land,245462895.6625957,4,High Perennial Vegetation,high_perennial_vegetation,perennial_vegetation,58988591.080762275,0.24031571420002246
14626060,Boxberg/O.L.,217157658.1790037,4,High Perennial Vegetation,high_perennial_vegetation,perennial_vegetation,81254145.7469948,0.3741712193268209
12070052,Breese,23853680.377576068,4,High Perennial Vegetation,high_perennial_vegetation,perennial_vegetation,8771539.727195218,0.3677226989023047
15087101,Brücken-Hackpfüffel,16744209.004627198,4,High Perennial Vegetation,high_perennial_vegetation,perennial_vegetation,109263.23607595806,0.006525434318561335
01051072,Marne,4805804.876825534,4,High Perennial Vegetation,high_perennial_vegetation,perennial_vegetation,841.950648048216,1.7519451364083783e-4
01051073,Marnerdeich,1293267.715960469,4,High Perennial Vegetation,high_perennial_vegetation,perennial_vegetation,0,0
01051076,Neufeld,10473403.63389396,4,High Perennial Vegetation,high_perennial_vegetation,perennial_vegetation,0,0
16068005,Büchel,6463514.723747343,4,High Perennial Vegetation,high_perennial_vegetation,perennial_vegetation,0,0
01051077,Neufelderkoog,9758328.39693758,4,High Perennial Vegetation,high_perennial_vegetation,perennial_vegetation,600.34893251209,6.152169798881694e-5
01051057,Kaiser-Wilhelm-Koog,13218612.582973186,4,High Perennial Vegetation,high_perennial_vegetation,perennial_vegetation,0,0
16068009,Elxleben,12182387.021896468,4,High Perennial Vegetation,high_perennial_vegetation,perennial_vegetation,273.02692023094824,2.24116111021767e-5
12062024,Bad Liebenwerda,139221533.97102642,4,High Perennial Vegetation,high_perennial_vegetation,perennial_vegetation,32773818.02713332,0.23540767790961076
12069537,Rosenau,49729511.31494759,4,High Perennial Vegetation,high_perennial_vegetation,perennial_vegetation,8844998.0325269,0.17786215465721436
03355042,Wittorf,12084300.577132616,4,High Perennial Vegetation,high_perennial_vegetation,perennial_vegetation,176099.63197707455,0.014572596142660644
01051062,Kronprinzenkoog,28357505.18953096,4,High Perennial Vegetation,high_perennial_vegetation,perennial_vegetation,1268.3963231167386,4.472876984908411e-5
16068014,Gebesee,23929036.68319125,4,High Perennial Vegetation,high_perennial_vegetation,perennial_vegetation,3071.2251899347866,1.2834721391405374e-4
01051064,Kuden,11394487.396027938,4,High Perennial Vegetation,high_perennial_vegetation,perennial_vegetation,198850.16649716243,0.017451435908076095
03355049,Amt Neuhaus,237864004.5582604,4,High Perennial Vegetation,high_perennial_vegetation,perennial_vegetation,49875394.68079495,0.2096802951477212
14524150,Langenweißbach,22731716.17384742,4,High Perennial Vegetation,high_perennial_vegetation,perennial_vegetation,2724750.5780172623,0.11986559031350466
14628270,Pirna,53425302.548493326,4,High Perennial Vegetation,high_perennial_vegetation,perennial_vegetation,2905335.605861983,0.054381266315241816
12069541,Roskow,39287218.17786935,4,High Perennial Vegetation,high_perennial_vegetation,perennial_vegetation,221143.68703109017,0.005628896554341975
15087125,Edersleben,9134917.8716069,4,High Perennial Vegetation,high_perennial_vegetation,perennial_vegetation,100.04098997183064,1.0951493092540819e-5
12070060,Cumlosen,22136539.600718543,4,High Perennial Vegetation,high_perennial_vegetation,perennial_vegetation,2510329.663753457,0.11340208131138856
01051090,Ramhusen,4807202.395817772,4,High Perennial Vegetation,high_perennial_vegetation,perennial_vegetation,0,0
03355032,Rullstorf,22705490.788275145,4,High Perennial Vegetation,high_perennial_vegetation,perennial_vegetation,5711534.630695629,0.25154860927494244
03355033,Scharnebeck,27037799.21691025,4,High Perennial Vegetation,high_perennial_vegetation,perennial_vegetation,2747889.468321667,0.10163140299536859
16068002,Andisleben,6730100.624243133,4,High Perennial Vegetation,high_perennial_vegetation,perennial_vegetation,0,0
14524180,Limbach-Oberfrohna,50092485.45446207,4,High Perennial Vegetation,high_perennial_vegetation,perennial_vegetation,1424166.386255121,0.028430739128522543
01051097,Sankt Michaelisdonn,23004753.334857874,4,High Perennial Vegetation,high_perennial_vegetation,perennial_vegetation,689376.0392657439,0.029966678156951556
12071372,Spremberg,202891853.28971308,4,High Perennial Vegetation,high_perennial_vegetation,perennial_vegetation,68083300.85393964,0.3355644879280698
15090310,Klietz,66361888.75843367,4,High Perennial Vegetation,high_perennial_vegetation,perennial_vegetation,27588524.785188507,0.4157284444632747
12072232,Luckenwalde,46648169.57139833,4,High Perennial Vegetation,high_perennial_vegetation,perennial_vegetation,11103301.238418583,0.23802222767656922
16068015,Griefstedt,5038003.124141913,4,High Perennial Vegetation,high_perennial_vegetation,perennial_vegetation,16.59011197513961,3.292993586216818e-6
15089305,Schönebeck (Elbe),86651504.83816189,4,High Perennial Vegetation,high_perennial_vegetation,perennial_vegetation,3926220.5620435234,0.045310471749757664
12072240,Ludwigsfelde,110371846.037488,4,High Perennial Vegetation,high_perennial_vegetation,perennial_vegetation,19839078.742918596,0.1797476390508157
15087165,Gerbstedt,102354651.5951092,4,High Perennial Vegetation,high_perennial_vegetation,perennial_vegetation,75822.23083397481,7.407795312899861e-4
12065100,Gransee,121765707.25394532,4,High Perennial Vegetation,high_perennial_vegetation,perennial_vegetation,17386416.27883652,0.14278581934876564
15089310,Staßfurt,147453642.098848,4,High Perennial Vegetation,high_perennial_vegetation,perennial_vegetation,66250.77375110495,4.492989987096599e-4
16068049,Schwerstedt,12696792.66930464,4,High Perennial Vegetation,high_perennial_vegetation,perennial_vegetation,2070.343805548095,1.630603774883473e-4
14625120,Elsterheide,127662995.54836445,4,High Perennial Vegetation,high_perennial_vegetation,perennial_vegetation,32068903.484900024,0.2511996788666211
16068051,Sömmerda,87917087.60362361,4,High Perennial Vegetation,high_perennial_vegetation,perennial_vegetation,53162.044310993355,6.046838647644445e-4
01002000,Kiel,112723309.79272144,4,High Perennial Vegetation,high_perennial_vegetation,perennial_vegetation,1752124.612474855,0.015543587352932658
16068053,Straußfurt,21957904.249343578,4,High Perennial Vegetation,high_perennial_vegetation,perennial_vegetation,2725.1967360783296,1.241100564576785e-4
16068057,Walschleben,16861722.674348123,4,High Perennial Vegetation,high_perennial_vegetation,perennial_vegetation,683.3375063264618,4.0525960456343454e-5
16068058,Weißensee,55402086.43048872,4,High Perennial Vegetation,high_perennial_vegetation,perennial_vegetation,78806.72791616846,0.001422450542815654
12061192,Groß Köris,69088656.33213338,4,High Perennial Vegetation,high_perennial_vegetation,perennial_vegetation,47964331.381968416,0.6942432220911501
03352004,Belum,25542530.37904467,4,High Perennial Vegetation,high_perennial_vegetation,perennial_vegetation,6655.000431145119,2.6054585557447134e-4
03352008,Bülkau,22980760.30528494,4,High Perennial Vegetation,high_perennial_vegetation,perennial_vegetation,31700.728254447742,0.00137944645143692
12051000,Brandenburg an der Havel,229676220.47988737,4,High Perennial Vegetation,high_perennial_vegetation,perennial_vegetation,51345641.715598114,0.22355662945130372
16068044,Riethnordhausen,12507221.29377836,4,High Perennial Vegetation,high_perennial_vegetation,perennial_vegetation,4842.658251206771,3.8718897966694816e-4
16068045,Ringleben,6612685.463937223,4,High Perennial Vegetation,high_perennial_vegetation,perennial_vegetation,3272.748273733174,4.949196951195324e-4
03352011,Cuxhaven,161968595.94766963,4,High Perennial Vegetation,high_perennial_vegetation,perennial_vegetation,9966722.946544033,0.06153490982760743
14522330,Lichtenau,49149615.820938915,4,High Perennial Vegetation,high_perennial_vegetation,perennial_vegetation,1218975.2524459998,0.024801318018170287
16075062,Bad Lobenstein,49171760.81963101,4,High Perennial Vegetation,high_perennial_vegetation,perennial_vegetation,19836063.96160836,0.4034035721106237
16068059,Werningshausen,12699180.881688392,4,High Perennial Vegetation,high_perennial_vegetation,perennial_vegetation,2522.9708865549633,1.9867193876992224e-4
03352002,Armstorf,39634923.870285094,4,High Perennial Vegetation,high_perennial_vegetation,perennial_vegetation,3921501.7618797044,0.09894056501063987
16075046,Hirschberg,24263319.632687926,4,High Perennial Vegetation,high_perennial_vegetation,perennial_vegetation,4994635.376325638,0.2058512788825807
03352029,Lamstedt,52748696.2280303,4,High Perennial Vegetation,high_perennial_vegetation,perennial_vegetation,5665243.2238446465,0.10740063032750702
14522360,Mittweida,41127840.98173508,4,High Perennial Vegetation,high_perennial_vegetation,perennial_vegetation,1153470.6282927694,0.02804598055135029
16068062,Wundersleben,6943238.073568635,4,High Perennial Vegetation,high_perennial_vegetation,perennial_vegetation,500.21269330035375,7.204314298317847e-5
16068064,Kindelbrück,64497659.140878424,4,High Perennial Vegetation,high_perennial_vegetation,perennial_vegetation,48074.88092606494,7.453740425068424e-4
16071101,Ilmtal-Weinstraße,84670578.55677061,4,High Perennial Vegetation,high_perennial_vegetation,perennial_vegetation,30758.918313134418,3.6327752611860247e-4
16075079,Paska,6513323.312807415,4,High Perennial Vegetation,high_perennial_vegetation,perennial_vegetation,1941997.3883745233,0.29815768312251506
03352036,Mittelstenahe,33789268.79522018,4,High Perennial Vegetation,high_perennial_vegetation,perennial_vegetation,745670.0574263241,0.022068250779425164
14625160,Großdubrau,54384025.184921,4,High Perennial Vegetation,high_perennial_vegetation,perennial_vegetation,10874653.411685595,0.19996043644634084
14522350,Lunzenau,28121157.817220245,4,High Perennial Vegetation,high_perennial_vegetation,perennial_vegetation,1277106.0983222765,0.0454144209361191
15091145,Jessen (Elster),354368138.6270962,4,High Perennial Vegetation,high_perennial_vegetation,perennial_vegetation,81658844.48121332,0.2304350633710426
03352020,Hechthausen,30700812.16132706,4,High Perennial Vegetation,high_perennial_vegetation,perennial_vegetation,2375546.0836626524,0.07737730426086448
03352022,Hemmoor,45136113.48845031,4,High Perennial Vegetation,high_perennial_vegetation,perennial_vegetation,726728.6930571619,0.016100825633627525
03352024,Hollnseth,20900774.153643504,4,High Perennial Vegetation,high_perennial_vegetation,perennial_vegetation,532742.4787825448,0.02548912661637823
01051003,Averlak,9015229.290474849,4,High Perennial Vegetation,high_perennial_vegetation,perennial_vegetation,4595.6157154232615,5.097613790343432e-4
03352025,Ihlienworth,40263231.48540739,4,High Perennial Vegetation,high_perennial_vegetation,perennial_vegetation,70078.28514594628,0.0017405032472702735
15001000,Dessau-Roßlau,246351623.04511577,4,High Perennial Vegetation,high_perennial_vegetation,perennial_vegetation,33879445.558830276,0.13752475076093063
14627310,Weinböhla,19129566.25464748,4,High Perennial Vegetation,high_perennial_vegetation,perennial_vegetation,4887212.101821031,0.2554795041750461
14521495,Pockau-Lengefeld,83505276.29702461,4,High Perennial Vegetation,high_perennial_vegetation,perennial_vegetation,29643403.875943728,0.3549883934340082
12062410,Röderland,46885908.81827827,4,High Perennial Vegetation,high_perennial_vegetation,perennial_vegetation,5237258.816586142,0.1117021925902057
01051010,Brickeln,6016044.624081735,4,High Perennial Vegetation,high_perennial_vegetation,perennial_vegetation,222608.83113568573,0.03700252325998394
01051011,Brunsbüttel,49819003.98502033,4,High Perennial Vegetation,high_perennial_vegetation,perennial_vegetation,13167.329117812198,2.643033393797149e-4
01051012,Buchholz,14556561.416269422,4,High Perennial Vegetation,high_perennial_vegetation,perennial_vegetation,252331.7640965815,0.017334572147963325
12070008,Bad Wilsnack,79705672.07947846,4,High Perennial Vegetation,high_perennial_vegetation,perennial_vegetation,31735193.446538884,0.3981547688964238
15091160,Kemberg,237161020.8747511,4,High Perennial Vegetation,high_perennial_vegetation,perennial_vegetation,60745218.42382393,0.25613491711146136
16064003,Bad Langensalza,128346753.40334764,4,High Perennial Vegetation,high_perennial_vegetation,perennial_vegetation,209676.94560907228,0.0016336754927499656
16064004,Bad Tennstedt,27487298.077159584,4,High Perennial Vegetation,high_perennial_vegetation,perennial_vegetation,5056.199143315046,1.8394674984502992e-4
16064005,Ballhausen,14758485.728867829,4,High Perennial Vegetation,high_perennial_vegetation,perennial_vegetation,2446.9906733437683,1.6580228610835163e-4
01058075,Hörsten,8835364.60918665,4,High Perennial Vegetation,high_perennial_vegetation,perennial_vegetation,4571.398753046151,5.173978613506225e-4
12061572,Zeuthen,13420943.976093616,4,High Perennial Vegetation,high_perennial_vegetation,perennial_vegetation,3990264.2986080376,0.29731621752656096
15083120,Burgstall,117254993.91869847,4,High Perennial Vegetation,high_perennial_vegetation,perennial_vegetation,48756781.71490467,0.41581838082488276
12071301,Neuhausen/Spree,135095830.3552456,4,High Perennial Vegetation,high_perennial_vegetation,perennial_vegetation,55464958.044373214,0.4105601031395532
12061112,Eichwalde,2832709.8299547434,4,High Perennial Vegetation,high_perennial_vegetation,perennial_vegetation,508975.76859321375,0.17967804651609706
15083125,Calvörde,122650835.84860626,4,High Perennial Vegetation,high_perennial_vegetation,perennial_vegetation,27477212.428498,0.22402792641718663
14521035,Aue-Bad Schlema,36185659.69923068,4,High Perennial Vegetation,high_perennial_vegetation,perennial_vegetation,6199035.802078651,0.17131194659995228
14628210,Königstein/Sächs.Schw.,27282672.13891542,4,High Perennial Vegetation,high_perennial_vegetation,perennial_vegetation,12036640.67664587,0.4411826164005784
14730180,Löbnitz,37284402.757531345,4,High Perennial Vegetation,high_perennial_vegetation,perennial_vegetation,1093793.3618321458,0.029336486062156452
16075098,Schleiz,108245226.3545657,4,High Perennial Vegetation,high_perennial_vegetation,perennial_vegetation,43320442.8047862,0.40020649652379775
14627360,Zeithain,81605776.3716208,4,High Perennial Vegetation,high_perennial_vegetation,perennial_vegetation,14182699.892186057,0.17379529394586127
12062464,Schraden,16551361.52234092,4,High Perennial Vegetation,high_perennial_vegetation,perennial_vegetation,1526026.0666774681,0.09219942810249465
16053000,Jena,114776189.22505067,4,High Perennial Vegetation,high_perennial_vegetation,perennial_vegetation,9417954.852455353,0.08205495334915529
16064022,Herbsleben,25017104.631884605,4,High Perennial Vegetation,high_perennial_vegetation,perennial_vegetation,35021.702130381665,0.0013999102872098987
03355003,Artlenburg,11787911.580612302,4,High Perennial Vegetation,high_perennial_vegetation,perennial_vegetation,93897.96390967109,0.007965614881613637
03355004,Bardowick,23127933.12518663,4,High Perennial Vegetation,high_perennial_vegetation,perennial_vegetation,4153917.293783715,0.1796060750997262
12062453,Schönborn,38929792.26194864,4,High Perennial Vegetation,high_perennial_vegetation,perennial_vegetation,13818068.932366455,0.3549484374174975
15084025,Balgstädt,32848242.337743822,4,High Perennial Vegetation,high_perennial_vegetation,perennial_vegetation,215009.51728061042,0.00654554100855365
01061101,Sommerland,19077815.414614964,4,High Perennial Vegetation,high_perennial_vegetation,perennial_vegetation,1092.4736587925117,5.726408580070437e-5
16064019,Großvargula,15214475.91359024,4,High Perennial Vegetation,high_perennial_vegetation,perennial_vegetation,103030.30169541852,0.006771860054895964
12067288,Langewahl,13380797.535019713,4,High Perennial Vegetation,high_perennial_vegetation,perennial_vegetation,9019187.256118521,0.6740395878880798
01061102,Stördorf,7208056.0397156,4,High Perennial Vegetation,high_perennial_vegetation,perennial_vegetation,372.58035404908856,5.1689436374552527e-5
01061103,Störkathen,2005973.5893690065,4,High Perennial Vegetation,high_perennial_vegetation,perennial_vegetation,85521.06613788295,0.04263319646435835
01061104,Süderau,9136918.75002405,4,High Perennial Vegetation,high_perennial_vegetation,perennial_vegetation,254.7580012646941,2.7882266246925255e-5
01061105,Vaale,14927650.039076356,4,High Perennial Vegetation,high_perennial_vegetation,perennial_vegetation,769451.0090122019,0.051545354225078784
03355018,Hittbergen,14690458.487502694,4,High Perennial Vegetation,high_perennial_vegetation,perennial_vegetation,32061.35602227261,0.0021824612247158585
01061106,Vaalermoor,6202368.1675856095,4,High Perennial Vegetation,high_perennial_vegetation,perennial_vegetation,0,0
03355019,Hohnstorf (Elbe),10232542.832744556,4,High Perennial Vegetation,high_perennial_vegetation,perennial_vegetation,96895.14803433494,0.00946931272295939
01061109,Westermoor,9361103.215152033,4,High Perennial Vegetation,high_perennial_vegetation,perennial_vegetation,46871.918895426665,0.005007093482268097
12062461,Schönewalde,156495738.43898296,4,High Perennial Vegetation,high_perennial_vegetation,perennial_vegetation,50211216.185446166,0.3208471788835535
03355021,Lüdersburg,19123323.277192023,4,High Perennial Vegetation,high_perennial_vegetation,perennial_vegetation,889541.4431872927,0.04651604903046479
03355022,Lüneburg,71033121.37965915,4,High Perennial Vegetation,high_perennial_vegetation,perennial_vegetation,10652258.504022101,0.14996185296557238
01061110,Wewelsfleth,17434047.597677477,4,High Perennial Vegetation,high_perennial_vegetation,perennial_vegetation,2814.7530620099874,1.6145149577227047e-4
03355024,Melbeck,16191367.481679091,4,High Perennial Vegetation,high_perennial_vegetation,perennial_vegetation,4237395.411907899,0.2617070742605657
03355026,Neetze,26931703.774280805,4,High Perennial Vegetation,high_perennial_vegetation,perennial_vegetation,6461660.185426065,0.23992764214185403
12071341,Schmogrow-Fehrow,30425558.583853245,4,High Perennial Vegetation,high_perennial_vegetation,perennial_vegetation,16534590.68307198,0.5434441125378989
03355028,Radbruch,22502434.334318295,4,High Perennial Vegetation,high_perennial_vegetation,perennial_vegetation,6720932.365643027,0.2986757906184836
03355007,Barum,9859128.19252681,4,High Perennial Vegetation,high_perennial_vegetation,perennial_vegetation,722402.4887588433,0.07327245113887679
03355009,Bleckede,140428645.90070593,4,High Perennial Vegetation,high_perennial_vegetation,perennial_vegetation,22104531.58101196,0.15740756765996017
13071077,Klink,25077178.987248123,4,High Perennial Vegetation,high_perennial_vegetation,perennial_vegetation,1438598.842778872,0.05736685308624256
15085365,Wegeleben,51803398.39313342,4,High Perennial Vegetation,high_perennial_vegetation,perennial_vegetation,15843.75072402149,3.05843848385854e-4
03355011,Brietlingen,19952780.234822452,4,High Perennial Vegetation,high_perennial_vegetation,perennial_vegetation,1591658.9754556792,0.07977128784678575
03355014,Deutsch Evern,11067871.539230255,4,High Perennial Vegetation,high_perennial_vegetation,perennial_vegetation,5304217.340740473,0.4792445703710588
03355015,Echem,10383318.339279251,4,High Perennial Vegetation,high_perennial_vegetation,perennial_vegetation,99974.49055702845,0.009628375755256685
03355017,Handorf,9845690.275817502,4,High Perennial Vegetation,high_perennial_vegetation,perennial_vegetation,49701.389815082955,0.005048035071462389
13071069,Jabel,79860158.60251059,4,High Perennial Vegetation,high_perennial_vegetation,perennial_vegetation,21201108.21021971,0.2654779126566023
01061112,Willenscharen,7589153.329741799,4,High Perennial Vegetation,high_perennial_vegetation,perennial_vegetation,450867.8798496941,0.059409509896545164
01061113,Wilster,2755912.6525660716,4,High Perennial Vegetation,high_perennial_vegetation,perennial_vegetation,200.10255000075085,7.260845143783216e-5
01061114,Winseldorf,5442342.502822228,4,High Perennial Vegetation,high_perennial_vegetation,perennial_vegetation,121647.11071811052,0.022351976314432278
01061115,Wittenbergen,4565265.492505508,4,High Perennial Vegetation,high_perennial_vegetation,perennial_vegetation,9469.917588723496,0.002074341044188915
01061116,Wrist,10045281.12016296,4,High Perennial Vegetation,high_perennial_vegetation,perennial_vegetation,150497.69710810907,0.014981929854210752
01061117,Wulfsmoor,8798835.287076786,4,High Perennial Vegetation,high_perennial_vegetation,perennial_vegetation,12737.326220930032,0.0014476150314619335
01061118,Kollmar,25531602.062536076,4,High Perennial Vegetation,high_perennial_vegetation,perennial_vegetation,2720.733869672514,1.0656338223541392e-4
01061119,Neuendorf-Sachsenbande,19409666.285051152,4,High Perennial Vegetation,high_perennial_vegetation,perennial_vegetation,712.4037109638483,3.670355278145736e-5
14522300,Kriebstein,31209092.964952536,4,High Perennial Vegetation,high_perennial_vegetation,perennial_vegetation,1303326.163595306,0.041761103568723604
01058007,Arpsdorf,12052928.258576203,4,High Perennial Vegetation,high_perennial_vegetation,perennial_vegetation,352056.48760272545,0.029209207924408027
16074112,Wichmar,5198804.2403446855,4,High Perennial Vegetation,high_perennial_vegetation,perennial_vegetation,5801.323285029505,0.0011158956977085316
15090220,Hassel,20426442.347355027,4,High Perennial Vegetation,high_perennial_vegetation,perennial_vegetation,1566114.1559135297,0.07667092141066466
12061510,Unterspreewald,26090958.937346227,4,High Perennial Vegetation,high_perennial_vegetation,perennial_vegetation,6752995.409836831,0.25882511355957444
13071093,Malchow,45040461.49018636,4,High Perennial Vegetation,high_perennial_vegetation,perennial_vegetation,10800651.245992562,0.2397988583741723
15090225,Havelberg,150161438.5532544,4,High Perennial Vegetation,high_perennial_vegetation,perennial_vegetation,31746421.514737945,0.2114152729262723
14625570,Spreetal,109091756.93335482,4,High Perennial Vegetation,high_perennial_vegetation,perennial_vegetation,55771318.22219156,0.5112331104563911
15091110,Gräfenhainichen,160149892.23009607,4,High Perennial Vegetation,high_perennial_vegetation,perennial_vegetation,49574937.54494481,0.30955336188249066
14522320,Leubsdorf,34311583.95952025,4,High Perennial Vegetation,high_perennial_vegetation,perennial_vegetation,6826140.70846543,0.19894565976664616
15082241,Muldestausee,138658706.97638956,4,High Perennial Vegetation,high_perennial_vegetation,perennial_vegetation,37471755.1046139,0.27024451562926005
12070424,Wittenberge,50422521.378002,4,High Perennial Vegetation,high_perennial_vegetation,perennial_vegetation,3262664.0147200124,0.06470648284842466
14524080,Glauchau,52051737.980342254,4,High Perennial Vegetation,high_perennial_vegetation,perennial_vegetation,6473956.032247208,0.12437540576824059
01058024,Borgstedt,9109666.740652576,4,High Perennial Vegetation,high_perennial_vegetation,perennial_vegetation,8371.363691787079,9.189538904238106e-4
16075035,Gössitz,12742099.08847928,4,High Perennial Vegetation,high_perennial_vegetation,perennial_vegetation,4979688.906052144,0.39080601017728
01058026,Bovenau,26323947.191626538,4,High Perennial Vegetation,high_perennial_vegetation,perennial_vegetation,178683.6381064959,0.006787874052692748
01058029,Breiholz,18562396.11933431,4,High Perennial Vegetation,high_perennial_vegetation,perennial_vegetation,91635.53304545747,0.004936621999463275
01058009,Aukrug,49904592.123153016,4,High Perennial Vegetation,high_perennial_vegetation,perennial_vegetation,6155544.421103419,0.12334625250343607
15083557,Westheide,51253854.469688304,4,High Perennial Vegetation,high_perennial_vegetation,perennial_vegetation,16392330.731666565,0.31982630187083866
14522310,Leisnig,78127693.60088934,4,High Perennial Vegetation,high_perennial_vegetation,perennial_vegetation,301130.36356293655,0.0038543357634649123
12070416,Weisen,15519249.70929966,4,High Perennial Vegetation,high_perennial_vegetation,perennial_vegetation,4452392.360586586,0.2868948205607235
16075023,Eßbach,5443529.330009976,4,High Perennial Vegetation,high_perennial_vegetation,perennial_vegetation,1655025.4883593179,0.30403537632014277
11000000,Berlin,893023743.1274061,4,High Perennial Vegetation,high_perennial_vegetation,perennial_vegetation,109241973.08630353,0.12232818435905592
15090245,Hohenberg-Krusemark,63950074.736398935,4,High Perennial Vegetation,high_perennial_vegetation,perennial_vegetation,2898007.9049842292,0.04531672428734081
12069460,Päwesin,23664940.770002447,4,High Perennial Vegetation,high_perennial_vegetation,perennial_vegetation,5915012.04254977,0.24994831383848667
14730120,Elsnig,37026728.72282651,4,High Perennial Vegetation,high_perennial_vegetation,perennial_vegetation,1139432.1246625446,0.030773232309882645
12067201,Grünheide (Mark),126594762.92223091,4,High Perennial Vegetation,high_perennial_vegetation,perennial_vegetation,90232387.44967817,0.7127655628622591
15089235,Nienburg (Saale),79383374.10226241,4,High Perennial Vegetation,high_perennial_vegetation,perennial_vegetation,17984.01186885704,2.2654632751802496e-4
01058044,Ehndorf,14678370.184088688,4,High Perennial Vegetation,high_perennial_vegetation,perennial_vegetation,385058.14841193164,0.02623303156840489
15087055,Berga,25953198.57920447,4,High Perennial Vegetation,high_perennial_vegetation,perennial_vegetation,90500.3242907516,0.0034870585995233293
12069454,Nuthetal,48492811.13124999,4,High Perennial Vegetation,high_perennial_vegetation,perennial_vegetation,10414799.874118889,0.2147699758203403
14524090,Hartenstein,36873390.54000072,4,High Perennial Vegetation,high_perennial_vegetation,perennial_vegetation,8372101.879865662,0.2270499608866589
14730110,Eilenburg,46790885.02567576,4,High Perennial Vegetation,high_perennial_vegetation,perennial_vegetation,143414.58949602308,0.0030650112605762124
15089245,Plötzkau,23962093.80644673,4,High Perennial Vegetation,high_perennial_vegetation,perennial_vegetation,1576.5073199017424,6.579171806253429e-5
15082256,Osternienburger Land,140361657.66805235,4,High Perennial Vegetation,high_perennial_vegetation,perennial_vegetation,1768311.9480254939,0.012598254946571342
15083580,Zielitz,11433584.155043542,4,High Perennial Vegetation,high_perennial_vegetation,perennial_vegetation,2747226.230243801,0.240276906435499
01058034,Büdelsdorf,6463502.891730439,4,High Perennial Vegetation,high_perennial_vegetation,perennial_vegetation,22766.22972564187,0.0035222742384426768
01058035,Bünsdorf,13321317.89180483,4,High Perennial Vegetation,high_perennial_vegetation,perennial_vegetation,47063.03628189321,0.0035329114329480885
12054000,Potsdam,187155026.6169255,4,High Perennial Vegetation,high_perennial_vegetation,perennial_vegetation,21513908.65234882,0.11495234213711038
15083565,Wolmirstedt,54729728.17133828,4,High Perennial Vegetation,high_perennial_vegetation,perennial_vegetation,810482.4927892722,0.014808816339302016
15084445,Schönburg,14798621.05160239,4,High Perennial Vegetation,high_perennial_vegetation,perennial_vegetation,38327.44433517881,0.002589933494582505
14729100,Elstertrebnitz,11624845.86654578,4,High Perennial Vegetation,high_perennial_vegetation,perennial_vegetation,927.2860614555157,7.976760054290944e-5
14730140,Jesewitz,52617272.90102957,4,High Perennial Vegetation,high_perennial_vegetation,perennial_vegetation,73859.51063115487,0.001403712251869854
12061540,Wildau,8874288.783778869,4,High Perennial Vegetation,high_perennial_vegetation,perennial_vegetation,978528.1991213108,0.11026553484600846
15083115,Bülstringen,25524334.42581953,4,High Perennial Vegetation,high_perennial_vegetation,perennial_vegetation,6396649.486656685,0.25060984470513975
16071015,Eberstedt,4115704.6694074017,4,High Perennial Vegetation,high_perennial_vegetation,perennial_vegetation,2914.558260865322,7.0815534519025e-4
15090285,Kamern,68271652.2899516,4,High Perennial Vegetation,high_perennial_vegetation,perennial_vegetation,23538035.101941008,0.3447702569431647
12069028,Bensdorf,34343518.53523056,4,High Perennial Vegetation,high_perennial_vegetation,perennial_vegetation,10406105.697724232,0.30300057016724574
14730160,Laußig,103823560.27216558,4,High Perennial Vegetation,high_perennial_vegetation,perennial_vegetation,30209570.07981079,0.2909702768872373
16071001,Apolda,46276500.00416577,4,High Perennial Vegetation,high_perennial_vegetation,perennial_vegetation,66489.99219912378,0.001436798206284797
16071003,Bad Berka,54593402.287365526,4,High Perennial Vegetation,high_perennial_vegetation,perennial_vegetation,18193459.97161599,0.33325382206169035
16071004,Bad Sulza,93949547.55477688,4,High Perennial Vegetation,high_perennial_vegetation,perennial_vegetation,142430.84018337535,0.001516035402941474
15090270,Iden,37826011.59551551,4,High Perennial Vegetation,high_perennial_vegetation,perennial_vegetation,507683.66974005767,0.013421549043258011
16071009,Buchfart,7263662.231930096,4,High Perennial Vegetation,high_perennial_vegetation,perennial_vegetation,1165940.181888526,0.16051685013149533
12065036,Birkenwerder,17775945.98677081,4,High Perennial Vegetation,high_perennial_vegetation,perennial_vegetation,10145036.69513523,0.5707171197912818
13071001,Alt Schwerin,44381761.02719912,4,High Perennial Vegetation,high_perennial_vegetation,perennial_vegetation,9462950.771641005,0.21321710884436712
12069017,Beelitz,181455267.83634016,4,High Perennial Vegetation,high_perennial_vegetation,perennial_vegetation,85488036.38455805,0.4711245774449614
12069018,Beetzsee,21334744.806759752,4,High Perennial Vegetation,high_perennial_vegetation,perennial_vegetation,2723209.4269245155,0.12764199673303275
12069019,Beetzseeheide,37603644.4417689,4,High Perennial Vegetation,high_perennial_vegetation,perennial_vegetation,7349091.338647455,0.19543561396097886
16071031,Hetschburg,2806792.266105883,4,High Perennial Vegetation,high_perennial_vegetation,perennial_vegetation,252114.36725664436,0.08982295209414463
13071036,Fünfseen,51514717.33507943,4,High Perennial Vegetation,high_perennial_vegetation,perennial_vegetation,13093595.039834496,0.2541719282795771
16071022,Großheringen,6057917.431900784,4,High Perennial Vegetation,high_perennial_vegetation,perennial_vegetation,12216.796098884559,0.0020166659972206506
15090610,Werben (Elbe),53294556.63491746,4,High Perennial Vegetation,high_perennial_vegetation,perennial_vegetation,100653.10169098775,0.0018886188017378492
14729170,Groitzsch,70102504.26428947,4,High Perennial Vegetation,high_perennial_vegetation,perennial_vegetation,102497.36929352893,0.001462107101154467
16071056,Mellingen,14402466.832059782,4,High Perennial Vegetation,high_perennial_vegetation,perennial_vegetation,131992.82573817056,0.009164598487000542
12065084,Fürstenberg/Havel,214561334.25998983,4,High Perennial Vegetation,high_perennial_vegetation,perennial_vegetation,103215971.67814846,0.4810557877733872
14729160,Grimma,218262734.2336526,4,High Perennial Vegetation,high_perennial_vegetation,perennial_vegetation,5018119.552877502,0.022991187984961057
12063244,Premnitz,46200413.25616827,4,High Perennial Vegetation,high_perennial_vegetation,perennial_vegetation,19984857.398086272,0.4325688016528309
12063228,Paulinenaue,31721999.89801838,4,High Perennial Vegetation,high_perennial_vegetation,perennial_vegetation,596522.3130130939,0.01880468806918941
15090631,Wust-Fischbeck,68361806.37525818,4,High Perennial Vegetation,high_perennial_vegetation,perennial_vegetation,11531017.172158152,0.16867630894451482
14522290,Königshain-Wiederau,31122770.43727965,4,High Perennial Vegetation,high_perennial_vegetation,perennial_vegetation,1167697.7929462502,0.037519082541172234
15090635,Zehrental,72718261.80264291,4,High Perennial Vegetation,high_perennial_vegetation,perennial_vegetation,25909116.96409033,0.356294503221317
13071043,Göhren-Lebbin,41562504.55205552,4,High Perennial Vegetation,high_perennial_vegetation,perennial_vegetation,3463199.0246569244,0.08332508018902937
13071045,Gotthun,10031714.719820186,4,High Perennial Vegetation,high_perennial_vegetation,perennial_vegetation,457653.673711479,0.04562068265430919
15088305,Querfurt,156684041.7985942,4,High Perennial Vegetation,high_perennial_vegetation,perennial_vegetation,2412127.0711163776,0.015394848405921193
15086145,Möser,81009143.90285742,4,High Perennial Vegetation,high_perennial_vegetation,perennial_vegetation,20467560.136464242,0.25265740569988043
12063260,Rhinow,31837856.508433804,4,High Perennial Vegetation,high_perennial_vegetation,perennial_vegetation,5338339.909614803,0.16767271716928195
16071064,Niedertrebra,9012958.996060198,4,High Perennial Vegetation,high_perennial_vegetation,perennial_vegetation,3422.0549326753053,3.7968162666347153e-4
12060198,Schorfheide,238606548.50860944,4,High Perennial Vegetation,high_perennial_vegetation,perennial_vegetation,120987066.51972173,0.5070567730682222
16071069,Obertrebra,3324050.15367275,4,High Perennial Vegetation,high_perennial_vegetation,perennial_vegetation,39121.41034877347,0.011769199783447351
15087015,Allstedt,149497962.79355845,4,High Perennial Vegetation,high_perennial_vegetation,perennial_vegetation,2027914.3965691123,0.013564829638310568
16071071,Oettern,3602385.033769388,4,High Perennial Vegetation,high_perennial_vegetation,perennial_vegetation,241084.0369585649,0.0669234506302355
12063252,Rathenow,113331297.0500876,4,High Perennial Vegetation,high_perennial_vegetation,perennial_vegetation,30138914.72623795,0.26593637865909037
16067067,Tonna,30540085.398235098,4,High Perennial Vegetation,high_perennial_vegetation,perennial_vegetation,136076.49579500838,0.0044556684770394326
14627270,Strehla,30423270.693645723,4,High Perennial Vegetation,high_perennial_vegetation,perennial_vegetation,89560.98784355291,0.0029438316723211103
15088330,Schkopau,99688497.68444872,4,High Perennial Vegetation,high_perennial_vegetation,perennial_vegetation,190512.57012155966,0.001911078755791897
15085285,Schwanebeck,32944606.57600601,4,High Perennial Vegetation,high_perennial_vegetation,perennial_vegetation,20309.858890870724,6.164850942752694e-4
12066304,Senftenberg,128211122.853599,4,High Perennial Vegetation,high_perennial_vegetation,perennial_vegetation,32024781.841814425,0.24978161901274903
15088319,Salzatal,110097013.90878391,4,High Perennial Vegetation,high_perennial_vegetation,perennial_vegetation,39408.70449122419,3.579452620202266e-4
12061061,Byhleguhre-Byhlen,35807579.871736184,4,High Perennial Vegetation,high_perennial_vegetation,perennial_vegetation,17513219.27947864,0.48909251455170977
12063274,Seeblick,48592905.63152763,4,High Perennial Vegetation,high_perennial_vegetation,perennial_vegetation,6261788.43106732,0.12886219397023668
14524050,Dennheritz,13034982.459386006,4,High Perennial Vegetation,high_perennial_vegetation,perennial_vegetation,386916.8977833274,0.029682962672859057
12068109,Dreetz,64804566.76798928,4,High Perennial Vegetation,high_perennial_vegetation,perennial_vegetation,18714796.56131727,0.288788236611769
15085287,Selke-Aue,36645534.96901242,4,High Perennial Vegetation,high_perennial_vegetation,perennial_vegetation,15843.840212798066,4.3235390685920314e-4
14628160,Heidenau,10960781.690978736,4,High Perennial Vegetation,high_perennial_vegetation,perennial_vegetation,119225.86698024967,0.010877496728027933
12068117,Fehrbellin,269809478.4721361,4,High Perennial Vegetation,high_perennial_vegetation,perennial_vegetation,2806514.991884257,0.010401839875221778
12063293,Stechow-Ferchesar,51169638.88332954,4,High Perennial Vegetation,high_perennial_vegetation,perennial_vegetation,23851824.178734742,0.46613235307598355
12066316,Tettau,8945355.58874562,4,High Perennial Vegetation,high_perennial_vegetation,perennial_vegetation,1421416.0465814022,0.15889989307632688
14522220,Großweitzschen,44373569.65298103,4,High Perennial Vegetation,high_perennial_vegetation,perennial_vegetation,51698.35987700892,0.001165071015951853
01053111,Schnakenbek,12863118.632286277,4,High Perennial Vegetation,high_perennial_vegetation,perennial_vegetation,2630438.577998963,0.20449462165392715
12066320,Vetschau/Spreewald,111737275.9909628,4,High Perennial Vegetation,high_perennial_vegetation,perennial_vegetation,22386608.248917893,0.20035040276736743
01061068,Moordiek,6108671.251558565,4,High Perennial Vegetation,high_perennial_vegetation,perennial_vegetation,9795.470508519455,0.0016035353852149501
14522210,Großschirma,60840797.64450919,4,High Perennial Vegetation,high_perennial_vegetation,perennial_vegetation,9926148.447526628,0.16314954490775732
15088365,Teutschenthal,91010959.29253116,4,High Perennial Vegetation,high_perennial_vegetation,perennial_vegetation,16655.098743915205,1.830010239797792e-4
01061070,Moorhusen,4680819.072597697,4,High Perennial Vegetation,high_perennial_vegetation,perennial_vegetation,745.5596331828212,1.592797375030906e-4
01061071,Mühlenbarbek,8689034.400647178,4,High Perennial Vegetation,high_perennial_vegetation,perennial_vegetation,327395.9930606012,0.037679214739467025
01061072,Münsterdorf,5127199.219461409,4,High Perennial Vegetation,high_perennial_vegetation,perennial_vegetation,805107.9909323321,0.15702685939652358
01061073,Neuenbrook,14553179.083359554,4,High Perennial Vegetation,high_perennial_vegetation,perennial_vegetation,14538.29267787013,9.989771028443917e-4
01061074,Neuendorf b.Elmshorn,14969481.54662961,4,High Perennial Vegetation,high_perennial_vegetation,perennial_vegetation,1994.37997645479,1.3322972944936935e-4
01061077,Nortorf,19760226.625098795,4,High Perennial Vegetation,high_perennial_vegetation,perennial_vegetation,861.4037181778626,4.359280561508013e-5
01061056,Kremperheide,3909952.916742796,4,High Perennial Vegetation,high_perennial_vegetation,perennial_vegetation,408391.95126790693,0.10444932713105909
01061057,Krempermoor,1590372.9546691887,4,High Perennial Vegetation,high_perennial_vegetation,perennial_vegetation,39524.124405714785,0.02485211050004063
01061058,Kronsmoor,6061000.773229629,4,High Perennial Vegetation,high_perennial_vegetation,perennial_vegetation,47387.60960289441,0.007818446387962384
01061059,Krummendiek,1777580.5175996495,4,High Perennial Vegetation,high_perennial_vegetation,perennial_vegetation,0,0
01053132,Witzeeze,10490476.35354798,4,High Perennial Vegetation,high_perennial_vegetation,perennial_vegetation,131369.64694810688,0.012522753259309946
01061060,Kudensee,3058946.5437029824,4,High Perennial Vegetation,high_perennial_vegetation,perennial_vegetation,1697.7988509022928,5.550273032385314e-4
01061061,Lägerdorf,6017422.051195726,4,High Perennial Vegetation,high_perennial_vegetation,perennial_vegetation,27860.33979190704,0.004629946105636864
01061062,Landrecht,3973769.81040807,4,High Perennial Vegetation,high_perennial_vegetation,perennial_vegetation,94.09470080197713,2.3678951044301796e-5
12070348,Rühstädt,28839856.53516522,4,High Perennial Vegetation,high_perennial_vegetation,perennial_vegetation,94989.75337690259,0.0032936971534889225
01061063,Landscheide,7471946.212688744,4,High Perennial Vegetation,high_perennial_vegetation,perennial_vegetation,4539.746998767892,6.075722267725327e-4
01061065,Lohbarbek,6187044.975900173,4,High Perennial Vegetation,high_perennial_vegetation,perennial_vegetation,25667.126579196192,0.004148527557044597
01061089,Rade,3867472.471191589,4,High Perennial Vegetation,high_perennial_vegetation,perennial_vegetation,120706.33784893664,0.031210652111441244
16052000,Gera,152278976.54911166,4,High Perennial Vegetation,high_perennial_vegetation,perennial_vegetation,7951069.803426919,0.05221383794146141
15087412,Südharz,237698062.06504953,4,High Perennial Vegetation,high_perennial_vegetation,perennial_vegetation,47049050.4418838,0.19793619701034057
15091020,Bad Schmiedeberg,161264283.8893097,4,High Perennial Vegetation,high_perennial_vegetation,perennial_vegetation,40332251.33840274,0.250100334467652
01061092,Rethwisch,9857483.889929311,4,High Perennial Vegetation,high_perennial_vegetation,perennial_vegetation,141783.446846947,0.014383330313306119
01061093,Rosdorf,5564646.35937899,4,High Perennial Vegetation,high_perennial_vegetation,perennial_vegetation,1813614.740946249,0.32591734026178926
01061095,Sankt Margarethen,10907148.485725673,4,High Perennial Vegetation,high_perennial_vegetation,perennial_vegetation,0,0
01061096,Sarlhusen,10855186.839878488,4,High Perennial Vegetation,high_perennial_vegetation,perennial_vegetation,989607.2876334074,0.09116446379328141
01061078,Nutteln,6927739.898304315,4,High Perennial Vegetation,high_perennial_vegetation,perennial_vegetation,348004.7007346623,0.050233511338935014
01061079,Oelixdorf,10421112.12352709,4,High Perennial Vegetation,high_perennial_vegetation,perennial_vegetation,537314.056063686,0.05156014537552339
16074087,Schöps,4478794.546624605,4,High Perennial Vegetation,high_perennial_vegetation,perennial_vegetation,1602775.6986864496,0.3578587233688503
01061080,Oeschebüttel,5524785.212854512,4,High Perennial Vegetation,high_perennial_vegetation,perennial_vegetation,584638.7184280831,0.10582107645882863
01061082,Oldendorf,9939945.078587117,4,High Perennial Vegetation,high_perennial_vegetation,perennial_vegetation,14133.157003004791,0.0014218546371499374
14523100,Elsterberg,25111355.614682466,4,High Perennial Vegetation,high_perennial_vegetation,perennial_vegetation,3731046.683613893,0.14858005839526925
01061083,Ottenbüttel,9884525.83306927,4,High Perennial Vegetation,high_perennial_vegetation,perennial_vegetation,54834.632405450895,0.005547522797906841
01061088,Quarnstedt,10544249.879197149,4,High Perennial Vegetation,high_perennial_vegetation,perennial_vegetation,18495.446614959506,0.0017540789365632684
14522250,Hartha,54327358.423452094,4,High Perennial Vegetation,high_perennial_vegetation,perennial_vegetation,477830.77478083054,0.008795398647149389
16074092,Silbitz,11499154.90325085,4,High Perennial Vegetation,high_perennial_vegetation,perennial_vegetation,3058492.1761318957,0.26597538704929086
15091060,Coswig (Anhalt),297144551.46010095,4,High Perennial Vegetation,high_perennial_vegetation,perennial_vegetation,113531980.62728685,0.38207660234527757
16074095,Sulza,4005551.924623769,4,High Perennial Vegetation,high_perennial_vegetation,perennial_vegetation,801397.1253674522,0.20007158575100117
03354007,Gorleben,21487097.67770413,4,High Perennial Vegetation,high_perennial_vegetation,perennial_vegetation,12818023.689693462,0.596545139876846
16074079,Rothenstein,10579228.724550435,4,High Perennial Vegetation,high_perennial_vegetation,perennial_vegetation,2189909.848962421,0.20700089826779705
03354008,Gusborn,48491376.01329376,4,High Perennial Vegetation,high_perennial_vegetation,perennial_vegetation,11183581.115276715,0.23063031068062023
03354009,Hitzacker (Elbe),58662905.24018873,4,High Perennial Vegetation,high_perennial_vegetation,perennial_vegetation,21674501.27696369,0.36947541531091677
12061450,Schwielochsee,132472887.78208888,4,High Perennial Vegetation,high_perennial_vegetation,perennial_vegetation,71001838.55986442,0.5359726035161158
14627210,Radebeul,26133003.26302892,4,High Perennial Vegetation,high_perennial_vegetation,perennial_vegetation,476124.4375049168,0.018219277467374107
12061476,Straupitz (Spreewald),21807438.76537854,4,High Perennial Vegetation,high_perennial_vegetation,perennial_vegetation,1820811.8988891477,0.08349499079093443
15087440,Wallhausen,35283068.20538191,4,High Perennial Vegetation,high_perennial_vegetation,perennial_vegetation,129670.57076883255,0.003675150075215206
14522280,Königsfeld,28243183.274728227,4,High Perennial Vegetation,high_perennial_vegetation,perennial_vegetation,140760.73592358438,0.004983883528792449
03354010,Höhbeck,19520250.879640423,4,High Perennial Vegetation,high_perennial_vegetation,perennial_vegetation,3671588.1750497506,0.18809123907721947
03354011,Jameln,36188107.745241165,4,High Perennial Vegetation,high_perennial_vegetation,perennial_vegetation,6179989.374435294,0.17077404040966968
03354014,Langendorf,41002820.836602144,4,High Perennial Vegetation,high_perennial_vegetation,perennial_vegetation,12968401.92603192,0.316280725604502
03354016,Luckau (Wendland),22416424.025399774,4,High Perennial Vegetation,high_perennial_vegetation,perennial_vegetation,571872.5505826678,0.025511319286907048
12063202,Mühlenberge,39770693.247935206,4,High Perennial Vegetation,high_perennial_vegetation,perennial_vegetation,6786884.516556181,0.17065039510993535
12063208,Nauen,268850815.32388854,4,High Perennial Vegetation,high_perennial_vegetation,perennial_vegetation,29610465.709608223,0.11013716165947296
14627240,Röderaue,28587286.228672177,4,High Perennial Vegetation,high_perennial_vegetation,perennial_vegetation,3752577.8885268965,0.13126737034462457
15084355,Naumburg (Saale),130246898.55399118,4,High Perennial Vegetation,high_perennial_vegetation,perennial_vegetation,304379.9375148369,0.0023369457614275738
03354003,Damnatz,16373217.86950717,4,High Perennial Vegetation,high_perennial_vegetation,perennial_vegetation,210613.37969409407,0.012863285725057873
03354004,Dannenberg (Elbe),76606140.51296881,4,High Perennial Vegetation,high_perennial_vegetation,perennial_vegetation,5687767.024986642,0.07424688134528522
03354005,Gartow,28379982.980693057,4,High Perennial Vegetation,high_perennial_vegetation,perennial_vegetation,5933517.80353701,0.20907404375730565
15085235,Quedlinburg,120983155.29039924,4,High Perennial Vegetation,high_perennial_vegetation,perennial_vegetation,19215570.551906474,0.15882847910341572
14730050,Cavertitz,69220466.02350149,4,High Perennial Vegetation,high_perennial_vegetation,perennial_vegetation,10516422.987259882,0.15192649791882915
15083040,Barleben,29937548.52855949,4,High Perennial Vegetation,high_perennial_vegetation,perennial_vegetation,3972.3220808860015,1.3268695254377725e-4
14627230,Riesa,58836632.3652918,4,High Perennial Vegetation,high_perennial_vegetation,perennial_vegetation,118859.85026360248,0.002020167461754981
15090180,Goldbeck,26869771.03254754,4,High Perennial Vegetation,high_perennial_vegetation,perennial_vegetation,1272499.9240728514,0.04735804866113163
12068501,Zernitz-Lohm,37687852.18660619,4,High Perennial Vegetation,high_perennial_vegetation,perennial_vegetation,1164869.6998782966,0.030908359916893256
15083025,Am Großen Bruch,50707174.69812584,4,High Perennial Vegetation,high_perennial_vegetation,perennial_vegetation,13340.194953583592,2.630829864412985e-4
15084360,Nebra (Unstrut),25379985.68486453,4,High Perennial Vegetation,high_perennial_vegetation,perennial_vegetation,457745.05342437956,0.01803567027610098
12062336,Merzdorf,12885550.65448653,4,High Perennial Vegetation,high_perennial_vegetation,perennial_vegetation,5234325.247313781,0.4062166520987039
03354018,Lüchow (Wendland),89200599.56913269,4,High Perennial Vegetation,high_perennial_vegetation,perennial_vegetation,5201948.236443019,0.05831741335338648
03354019,Neu Darchau,22822226.923656836,4,High Perennial Vegetation,high_perennial_vegetation,perennial_vegetation,5352280.952144594,0.23452053868575726
14730080,Doberschütz,78522800.17792132,4,High Perennial Vegetation,high_perennial_vegetation,perennial_vegetation,14902448.719448755,0.18978498838148866
15083030,Angern,64369450.01342427,4,High Perennial Vegetation,high_perennial_vegetation,perennial_vegetation,20157970.35402172,0.3131605186904311
12061005,Alt Zauche-Wußwerk,33217688.632056132,4,High Perennial Vegetation,high_perennial_vegetation,perennial_vegetation,4463153.378782523,0.1343607446086853
12062341,Mühlberg/Elbe,89217010.01475386,4,High Perennial Vegetation,high_perennial_vegetation,perennial_vegetation,10148274.559791014,0.11374820292803792
03354021,Schnackenburg,23312685.213564605,4,High Perennial Vegetation,high_perennial_vegetation,perennial_vegetation,1686985.3657551196,0.07236340860355026
03354023,Trebel,66885570.687104,4,High Perennial Vegetation,high_perennial_vegetation,perennial_vegetation,20555651.877671316,0.3073256558403648
03354025,Woltersdorf,28139327.344712503,4,High Perennial Vegetation,high_perennial_vegetation,perennial_vegetation,3966456.2894583717,0.14095775072618022
03354026,Wustrow (Wendland),30140763.21883206,4,High Perennial Vegetation,high_perennial_vegetation,perennial_vegetation,379931.26877667714,0.012605230531763531
14730070,Delitzsch,86307257.04627408,4,High Perennial Vegetation,high_perennial_vegetation,perennial_vegetation,2194602.084213627,0.025427781617911687
12062372,Plessa,52604423.31437394,4,High Perennial Vegetation,high_perennial_vegetation,perennial_vegetation,9164810.475898257,0.17422128974074336
15089195,Könnern,125584535.190158,4,High Perennial Vegetation,high_perennial_vegetation,perennial_vegetation,128560.33711904498,0.0010236956080968177
01061002,Aebtissinwisch,3017954.687980104,4,High Perennial Vegetation,high_perennial_vegetation,perennial_vegetation,1590.8503453570333,5.271286383765352e-4
01061004,Altenmoor,6303190.452100348,4,High Perennial Vegetation,high_perennial_vegetation,perennial_vegetation,256.8228808492479,4.074490256972474e-5
01061005,Auufer,5175700.841648946,4,High Perennial Vegetation,high_perennial_vegetation,perennial_vegetation,15473.555433840054,0.0029896541371410247
01061006,Bahrenfleth,14412558.097565915,4,High Perennial Vegetation,high_perennial_vegetation,perennial_vegetation,2810.9729888172797,1.9503636826914263e-4
01061007,Beidenfleth,13763809.553679705,4,High Perennial Vegetation,high_perennial_vegetation,perennial_vegetation,389.9705140010383,2.8333036175786164e-5
01061008,Bekdorf,1804980.153221052,4,High Perennial Vegetation,high_perennial_vegetation,perennial_vegetation,0,0
12067173,Gosen-Neu Zittau,14508968.214323394,4,High Perennial Vegetation,high_perennial_vegetation,perennial_vegetation,7388276.177144927,0.5092213359356008
14730090,Dommitzsch,30367421.9184372,4,High Perennial Vegetation,high_perennial_vegetation,perennial_vegetation,2907068.1480025863,0.09572983033629194
01061010,Bekmünde,2884956.648364786,4,High Perennial Vegetation,high_perennial_vegetation,perennial_vegetation,0,0
14729080,Colditz,84960356.61379237,4,High Perennial Vegetation,high_perennial_vegetation,perennial_vegetation,7740541.116914988,0.09110768157555492
01061023,Dammfleth,16414283.396460213,4,High Perennial Vegetation,high_perennial_vegetation,perennial_vegetation,0,0
01061025,Ecklak,15564303.833381224,4,High Perennial Vegetation,high_perennial_vegetation,perennial_vegetation,22276.098989617225,0.0014312300266100572
01061026,Elskop,7139433.837334432,4,High Perennial Vegetation,high_perennial_vegetation,perennial_vegetation,289.6506008472019,4.057052806239681e-5
01061027,Engelbrechtsche Wildnis,4948062.574385632,4,High Perennial Vegetation,high_perennial_vegetation,perennial_vegetation,2661.0031294597843,5.377868790978626e-4
01061028,Fitzbek,10280687.149251789,4,High Perennial Vegetation,high_perennial_vegetation,perennial_vegetation,1051298.7113313575,0.1022595762393051
01061029,Glückstadt,12678390.330867872,4,High Perennial Vegetation,high_perennial_vegetation,perennial_vegetation,8428.812763676062,6.648172633677769e-4
15083411,Oebisfelde-Weferlingen,249748943.06491017,4,High Perennial Vegetation,high_perennial_vegetation,perennial_vegetation,8027477.7301495485,0.03214218899842629
15083415,Oschersleben (Bode),190122971.0361817,4,High Perennial Vegetation,high_perennial_vegetation,perennial_vegetation,1505915.093138357,0.007920742480148657
01061030,Grevenkop,9381940.665316354,4,High Perennial Vegetation,high_perennial_vegetation,perennial_vegetation,1572.2618176120734,1.6758385857464358e-4
01061031,Gribbohm,13124852.1025901,4,High Perennial Vegetation,high_perennial_vegetation,perennial_vegetation,237027.61880788783,0.01805945064791336
01061012,Blomesche Wildnis,6811958.584425703,4,High Perennial Vegetation,high_perennial_vegetation,perennial_vegetation,423.6823572908815,6.219684868013639e-5
01061014,Bokhorst,5935893.503578946,4,High Perennial Vegetation,high_perennial_vegetation,perennial_vegetation,935857.1119761959,0.15766069782281922
01061015,Borsfleth,13863126.116998916,4,High Perennial Vegetation,high_perennial_vegetation,perennial_vegetation,2811.936033038788,2.028356381747694e-4
01061016,Breitenberg,3040914.9994391776,4,High Perennial Vegetation,high_perennial_vegetation,perennial_vegetation,5676.274592222644,0.0018666337576911864
01061017,Breitenburg,10201455.348516174,4,High Perennial Vegetation,high_perennial_vegetation,perennial_vegetation,1579605.4234703593,0.15484118388070156
01061018,Brokdorf,13446795.435945112,4,High Perennial Vegetation,high_perennial_vegetation,perennial_vegetation,2383.609259982539,1.7726225339985668e-4
01061019,Brokstedt,12484752.215123676,4,High Perennial Vegetation,high_perennial_vegetation,perennial_vegetation,840484.324467773,0.06732086548338813
09475137,Issigau,18596345.910315827,4,High Perennial Vegetation,high_perennial_vegetation,perennial_vegetation,4586639.2850515805,0.24664196434995678
16074021,Freienorla,6875684.033086091,4,High Perennial Vegetation,high_perennial_vegetation,perennial_vegetation,3803392.078429694,0.5531656283400467
15081240,Kalbe (Milde),273388307.4703249,4,High Perennial Vegetation,high_perennial_vegetation,perennial_vegetation,37871053.83477674,0.1385247752005176
16074026,Golmsdorf,7655135.661109284,4,High Perennial Vegetation,high_perennial_vegetation,perennial_vegetation,56726.22983143789,0.007410218752833684
12070302,Plattenburg,201744714.0452659,4,High Perennial Vegetation,high_perennial_vegetation,perennial_vegetation,50075733.820387065,0.24821336240389158
01061020,Büttel,8886535.238290718,4,High Perennial Vegetation,high_perennial_vegetation,perennial_vegetation,0,0
01061022,Dägeling,7543247.842716182,4,High Perennial Vegetation,high_perennial_vegetation,perennial_vegetation,607134.0076147367,0.08048708199359908
01061045,Huje,5545814.916863242,4,High Perennial Vegetation,high_perennial_vegetation,perennial_vegetation,13817.86216291509,0.0024915837203471954
01061046,Itzehoe,28545803.234764636,4,High Perennial Vegetation,high_perennial_vegetation,perennial_vegetation,1773729.185317329,0.06213625066809067
09475141,Köditz,31325664.77167897,4,High Perennial Vegetation,high_perennial_vegetation,perennial_vegetation,5152989.810264261,0.16449738091186486
01061047,Kaaks,8663514.743060235,4,High Perennial Vegetation,high_perennial_vegetation,perennial_vegetation,410444.8320336628,0.047376249040545916
01061049,Kellinghusen,18788158.45652374,4,High Perennial Vegetation,high_perennial_vegetation,perennial_vegetation,668043.7912225771,0.03555664025127566
16074031,Großeutersdorf,3439448.316952914,4,High Perennial Vegetation,high_perennial_vegetation,perennial_vegetation,576642.7974757203,0.16765560762563844
16074011,Dornburg-Camburg,30961731.808613583,4,High Perennial Vegetation,high_perennial_vegetation,perennial_vegetation,30494.595558040437,9.849124637646015e-4
16074012,Crossen an der Elster,10711833.845222116,4,High Perennial Vegetation,high_perennial_vegetation,perennial_vegetation,90574.86316994892,0.008455588882229418
01061050,Kiebitzreihe,8531272.58562138,4,High Perennial Vegetation,high_perennial_vegetation,perennial_vegetation,56857.570731812506,0.006664606031653513
01061052,Kleve,5622212.487007845,4,High Perennial Vegetation,high_perennial_vegetation,perennial_vegetation,246138.2887416635,0.04377961333024232
01061053,Kollmoor,3444772.431979671,4,High Perennial Vegetation,high_perennial_vegetation,perennial_vegetation,7146.772164810525,0.002074671783384935
01061054,Krempdorf,5458884.746939462,4,High Perennial Vegetation,high_perennial_vegetation,perennial_vegetation,577.0930305958678,1.0571628773064252e-4
01061055,Krempe,3545808.7927399576,4,High Perennial Vegetation,high_perennial_vegetation,perennial_vegetation,2519.8766190331517,7.106634244329808e-4
01061034,Heiligenstedten,9185592.307542931,4,High Perennial Vegetation,high_perennial_vegetation,perennial_vegetation,319025.6551967468,0.03473109240160513
01061035,Heiligenstedtenerkamp,865796.5194304921,4,High Perennial Vegetation,high_perennial_vegetation,perennial_vegetation,842.2114869433233,9.727591507266827e-4
01061037,Herzhorn,12547301.271520017,4,High Perennial Vegetation,high_perennial_vegetation,perennial_vegetation,590.1536856702713,4.703431223173128e-5
01061039,Hodorf,7386965.988380481,4,High Perennial Vegetation,high_perennial_vegetation,perennial_vegetation,9824.756602601157,0.001330012432445914
15091010,Annaburg,226706298.19601935,4,High Perennial Vegetation,high_perennial_vegetation,perennial_vegetation,76850049.74112067,0.33898506725504834
16074044,Kahla,7954908.001113277,4,High Perennial Vegetation,high_perennial_vegetation,perennial_vegetation,300141.70723078196,0.037730380689352735
16074048,Kleineutersdorf,5347715.600111255,4,High Perennial Vegetation,high_perennial_vegetation,perennial_vegetation,2333975.497199781,0.43644345954957364
01061040,Hohenaspe,14151459.028506964,4,High Perennial Vegetation,high_perennial_vegetation,perennial_vegetation,380305.98145245196,0.026873976788284265
01061041,Hohenfelde,17807054.12885916,4,High Perennial Vegetation,high_perennial_vegetation,perennial_vegetation,82193.70165483694,0.004615794452021629
01061044,Horst (Holstein),29036205.72677198,4,High Perennial Vegetation,high_perennial_vegetation,perennial_vegetation,167987.90425697883,0.005785463356945791
12073384,Lychen,112161498.79904152,4,High Perennial Vegetation,high_perennial_vegetation,perennial_vegetation,53413781.55282018,0.47622207374850656
16074033,Großpürschütz,3845736.107504349,4,High Perennial Vegetation,high_perennial_vegetation,perennial_vegetation,1815083.0886601366,0.4719728649915129
15086080,Jerichow,271871166.0115402,4,High Perennial Vegetation,high_perennial_vegetation,perennial_vegetation,76336299.12141763,0.28078115175397955
15083440,Rogätz,24049686.691628017,4,High Perennial Vegetation,high_perennial_vegetation,perennial_vegetation,2709083.8460939787,0.11264528643681014
16074065,Orlamünde,7560729.246217439,4,High Perennial Vegetation,high_perennial_vegetation,perennial_vegetation,470079.8111563007,0.062173871838021075
09475181,Töpen,20760821.23068345,4,High Perennial Vegetation,high_perennial_vegetation,perennial_vegetation,3505101.727739325,0.1688325181741347
14730020,Bad Düben,45760284.73030639,4,High Perennial Vegetation,high_perennial_vegetation,perennial_vegetation,9776411.597303433,0.2136440289854371
12061428,Schlepzig,30568354.692797564,4,High Perennial Vegetation,high_perennial_vegetation,perennial_vegetation,7922145.06215576,0.2591616441830399
15090135,Eichstedt (Altmark),33096927.482174885,4,High Perennial Vegetation,high_perennial_vegetation,perennial_vegetation,1664070.9144226443,0.0502787128901578
15084315,Lützen,97101429.97719347,4,High Perennial Vegetation,high_perennial_vegetation,perennial_vegetation,16236.026500158478,1.6720687330734353e-4
14730010,Arzberg,58766112.040497184,4,High Perennial Vegetation,high_perennial_vegetation,perennial_vegetation,5141553.604963764,0.08749181163151633
16074063,Neuengönna,6143386.212843794,4,High Perennial Vegetation,high_perennial_vegetation,perennial_vegetation,33267.32867067705,0.0054151452502084335
15088295,Petersberg,102979201.83064786,4,High Perennial Vegetation,high_perennial_vegetation,perennial_vegetation,77402.1929134214,7.516293730913884e-4
12067124,Erkner,17720248.5899029,4,High Perennial Vegetation,high_perennial_vegetation,perennial_vegetation,6773152.640965746,0.38222672817497194
15089130,Giersleben,19957180.33831095,4,High Perennial Vegetation,high_perennial_vegetation,perennial_vegetation,262.90028464621975,1.3173217868936187e-5
12068052,Breddin,44834002.062274136,4,High Perennial Vegetation,high_perennial_vegetation,perennial_vegetation,11867380.307011118,0.2646959843229566
14730045,Belgern-Schildau,159176175.1877344,4,High Perennial Vegetation,high_perennial_vegetation,perennial_vegetation,43601155.85727998,0.2739175998283426
12066272,Ruhland,37189312.92102806,4,High Perennial Vegetation,high_perennial_vegetation,perennial_vegetation,22265115.597547222,0.5986966106318623
14729030,Bennewitz,46878836.64596784,4,High Perennial Vegetation,high_perennial_vegetation,perennial_vegetation,3461275.913457167,0.0738345095804522
14730030,Beilrode,93254227.22893988,4,High Perennial Vegetation,high_perennial_vegetation,perennial_vegetation,24007774.680860996,0.2574443582264825
15089165,Güsten,36360530.25389707,4,High Perennial Vegetation,high_perennial_vegetation,perennial_vegetation,37501.45998818348,0.00103137824796062
03357057,Zeven,74062264.05971542,4,High Perennial Vegetation,high_perennial_vegetation,perennial_vegetation,6695407.245915766,0.09040241114580765
15090500,Schönhausen (Elbe),74543683.28672162,4,High Perennial Vegetation,high_perennial_vegetation,perennial_vegetation,20969861.771669284,0.28130970790659365
14522600,Zettlitz,15613710.21278385,4,High Perennial Vegetation,high_perennial_vegetation,perennial_vegetation,126698.92686445074,0.008114594490213798
12067144,Fürstenwalde/Spree,70607103.70768166,4,High Perennial Vegetation,high_perennial_vegetation,perennial_vegetation,20813466.662079044,0.2947786493020341
12066292,Schwarzbach,16003257.327448731,4,High Perennial Vegetation,high_perennial_vegetation,perennial_vegetation,5346356.223527519,0.33407925112579845
12066296,Schwarzheide,33551212.206033006,4,High Perennial Vegetation,high_perennial_vegetation,perennial_vegetation,8675548.773958242,0.25857631374637036
14729050,Borna,62812956.61812812,4,High Perennial Vegetation,high_perennial_vegetation,perennial_vegetation,253302.68787677793,0.004032650292466468
15089185,Ilberstedt,14814473.70554787,4,High Perennial Vegetation,high_perennial_vegetation,perennial_vegetation,1441.7436879733928,9.731993971770152e-5
09464000,Hof,58174074.52425988,4,High Perennial Vegetation,high_perennial_vegetation,perennial_vegetation,4695579.612608773,0.08071601741856008
12067137,Friedland,174356380.08987343,4,High Perennial Vegetation,high_perennial_vegetation,perennial_vegetation,74762564.10492995,0.4287916740780749
15086005,Biederitz,39887011.59926703,4,High Perennial Vegetation,high_perennial_vegetation,perennial_vegetation,377121.40056175913,0.00945474191826116
15090520,Seehausen (Altmark),107495553.84168129,4,High Perennial Vegetation,high_perennial_vegetation,perennial_vegetation,11954039.024432959,0.11120496241210856
12068409,Sieversdorf-Hohenofen,20011138.33276172,4,High Perennial Vegetation,high_perennial_vegetation,perennial_vegetation,740085.9962022244,0.036983702970588866
14729040,Böhlen,24293697.819196668,4,High Perennial Vegetation,high_perennial_vegetation,perennial_vegetation,106602.81337920536,0.004388085098142974
14627140,Meißen,31144025.97770278,4,High Perennial Vegetation,high_perennial_vegetation,perennial_vegetation,297203.6516016108,0.009542878361788886
15089175,Hecklingen,96103947.90376855,4,High Perennial Vegetation,high_perennial_vegetation,perennial_vegetation,31503.152234552173,3.278028938633938e-4
16073111,Unterwellenborn,62677817.51922716,4,High Perennial Vegetation,high_perennial_vegetation,perennial_vegetation,25152295.616241097,0.40129501331990913
15003000,Magdeburg,201019439.02960783,4,High Perennial Vegetation,high_perennial_vegetation,perennial_vegetation,1307762.748347525,0.006505653158025711
12063112,Großderschau,20162144.17764274,4,High Perennial Vegetation,high_perennial_vegetation,perennial_vegetation,63322.213995276245,0.0031406488038852806
12068426,Temnitztal,52423334.85008234,4,High Perennial Vegetation,high_perennial_vegetation,perennial_vegetation,4165.080275218772,7.94508836023092e-5
15090546,Tangerhütte,296949495.3478358,4,High Perennial Vegetation,high_perennial_vegetation,perennial_vegetation,82905860.59150954,0.27919178813352297
16073107,Drognitz,24042773.59351918,4,High Perennial Vegetation,high_perennial_vegetation,perennial_vegetation,8788802.779330015,0.3655486229633286
12063142,Wiesenaue,46856932.74041422,4,High Perennial Vegetation,high_perennial_vegetation,perennial_vegetation,5396153.840983991,0.1151623361878699
16073109,Uhlstädt-Kirchhasel,121711793.51269574,4,High Perennial Vegetation,high_perennial_vegetation,perennial_vegetation,46647429.59499288,0.383261377132916
01053082,Lanze,9041642.84146272,4,High Perennial Vegetation,high_perennial_vegetation,perennial_vegetation,15753.753585400453,0.0017423552181421794
15086015,Burg,165725038.92818782,4,High Perennial Vegetation,high_perennial_vegetation,perennial_vegetation,28895841.07504047,0.17436014051902957
01053083,Lauenburg/Elbe,9467987.643501751,4,High Perennial Vegetation,high_perennial_vegetation,perennial_vegetation,40184.135228429805,0.0042442107807364685
15090535,Stendal,269482844.1648705,4,High Perennial Vegetation,high_perennial_vegetation,perennial_vegetation,29431791.6725719,0.10921582694357135
12070296,Perleberg,138624646.22124013,4,High Perennial Vegetation,high_perennial_vegetation,perennial_vegetation,36373499.791351125,0.26238840482449477
12063134,Havelaue,74787975.32205343,4,High Perennial Vegetation,high_perennial_vegetation,perennial_vegetation,4045959.0426507164,0.054099058374396804
14729410,Wurzen,68968117.12620622,4,High Perennial Vegetation,high_perennial_vegetation,perennial_vegetation,1040034.6185441733,0.015079933480581932
15088205,Leuna,87605623.53928131,4,High Perennial Vegetation,high_perennial_vegetation,perennial_vegetation,53319.92025041842,6.086358169291543e-4
09475113,Berg,38731607.487258606,4,High Perennial Vegetation,high_perennial_vegetation,perennial_vegetation,8484208.589397632,0.219051290143035
12068425,Temnitzquell,65814910.209692866,4,High Perennial Vegetation,high_perennial_vegetation,perennial_vegetation,33163103.60792637,0.5038843554183302
14628030,Bad Schandau,47722548.93476192,4,High Perennial Vegetation,high_perennial_vegetation,perennial_vegetation,25696475.132395964,0.5384556295918681
12063161,Kleßen-Görne,42058614.665302426,4,High Perennial Vegetation,high_perennial_vegetation,perennial_vegetation,8443674.71723503,0.20075969654323647
12063165,Kotzen,42678641.5444656,4,High Perennial Vegetation,high_perennial_vegetation,perennial_vegetation,6031077.009410703,0.14131370613394767
15085160,Hedersleben,16502768.787722103,4,High Perennial Vegetation,high_perennial_vegetation,perennial_vegetation,1612.3241148322409,9.770021840406526e-5
14729400,Trebsen/Mulde,35158509.02655442,4,High Perennial Vegetation,high_perennial_vegetation,perennial_vegetation,688212.0478611666,0.019574551564213824
12063148,Ketzin/Havel,93901650.97202522,4,High Perennial Vegetation,high_perennial_vegetation,perennial_vegetation,658242.3252011681,0.007009912162218201
14627180,Nossen,125244731.56155156,4,High Perennial Vegetation,high_perennial_vegetation,perennial_vegetation,4134601.0642503956,0.03301217554383471
15086055,Gommern,161566566.55857658,4,High Perennial Vegetation,high_perennial_vegetation,perennial_vegetation,15716019.82742411,0.0972727227060693
16055000,Weimar,84348894.19407173,4,High Perennial Vegetation,high_perennial_vegetation,perennial_vegetation,986751.6339310389,0.011698453706585647
15086035,Elbe-Parey,109173497.3080816,4,High Perennial Vegetation,high_perennial_vegetation,perennial_vegetation,18760120.087578714,0.1718376762689821
15090550,Tangermünde,90718726.87506966,4,High Perennial Vegetation,high_perennial_vegetation,perennial_vegetation,8540307.59985633,0.09414051424704556
15087370,Sangerhausen,209561194.93619433,4,High Perennial Vegetation,high_perennial_vegetation,perennial_vegetation,22353635.552433304,0.10666877309627566
14729430,Zwenkau,46358871.9764821,4,High Perennial Vegetation,high_perennial_vegetation,perennial_vegetation,137978.17613099725,0.00297630572635576
14627170,Niederau,35384670.56995631,4,High Perennial Vegetation,high_perennial_vegetation,perennial_vegetation,2135866.885251628,0.06036136131404614
12071164,Guhrow,6636164.019009794,4,High Perennial Vegetation,high_perennial_vegetation,perennial_vegetation,498571.31620332785,0.07512944447652779
15086040,Genthin,232345814.95029497,4,High Perennial Vegetation,high_perennial_vegetation,perennial_vegetation,64651481.48889787,0.278255416404761
12069306,Kloster Lehnin,200920136.8985341,4,High Perennial Vegetation,high_perennial_vegetation,perennial_vegetation,68725248.09351535,0.3420525645382276
12063189,Milower Land,161322860.2203478,4,High Perennial Vegetation,high_perennial_vegetation,perennial_vegetation,54218101.20111532,0.336084428003941
15085185,Huy,167754286.22719565,4,High Perennial Vegetation,high_perennial_vegetation,perennial_vegetation,360385.83750865544,0.0021482958534995164
13076125,Siggelkow,55496241.96970108,4,High Perennial Vegetation,high_perennial_vegetation,perennial_vegetation,11111006.802235935,0.20021187755924336
15088216,Wettin-Löbejün,127662765.18892792,4,High Perennial Vegetation,high_perennial_vegetation,perennial_vegetation,27353.77212900346,2.142658596539301e-4
13076126,Spornitz,48802531.162101656,4,High Perennial Vegetation,high_perennial_vegetation,perennial_vegetation,4545663.581900322,0.0931440126906845
12071176,Heinersbrück,24036811.57600771,4,High Perennial Vegetation,high_perennial_vegetation,perennial_vegetation,1368856.1942108339,0.056948326523354485
12068477,Wusterhausen/Dosse,196404815.48170736,4,High Perennial Vegetation,high_perennial_vegetation,perennial_vegetation,29104339.830363292,0.14818546968403631
12062282,Kremitzaue,23560664.704395063,4,High Perennial Vegetation,high_perennial_vegetation,perennial_vegetation,5278632.1943512065,0.2240442814572425
12065332,Velten,23497701.22505804,4,High Perennial Vegetation,high_perennial_vegetation,perennial_vegetation,5926379.6306749275,0.2522110385995977
03357002,Alfstedt,16139641.725738715,4,High Perennial Vegetation,high_perennial_vegetation,perennial_vegetation,467547.161296982,0.028968868655328363
03357008,Bremervörde,149938240.33220863,4,High Perennial Vegetation,high_perennial_vegetation,perennial_vegetation,13761507.094045619,0.09178116979067596
15088220,Merseburg,54399314.11881466,4,High Perennial Vegetation,high_perennial_vegetation,perennial_vegetation,14796.025928627894,2.719892000165956e-4
14627190,Nünchritz,31132061.88738452,4,High Perennial Vegetation,high_perennial_vegetation,perennial_vegetation,189505.66518238414,0.006087154325591795
13076114,Plau am See,116229917.80461577,4,High Perennial Vegetation,high_perennial_vegetation,perennial_vegetation,19783968.2484195,0.17021407759813312
13076119,Redefin,17809943.393829256,4,High Perennial Vegetation,high_perennial_vegetation,perennial_vegetation,4073408.801450116,0.22871542662294259
12068468,Wittstock/Dosse,420426820.7499632,4,High Perennial Vegetation,high_perennial_vegetation,perennial_vegetation,134579520.98487973,0.3201021303655531
14522580,Wechselburg,25794664.90650411,4,High Perennial Vegetation,high_perennial_vegetation,perennial_vegetation,925328.4376266854,0.035872861344803296
16077001,Altenburg,45989937.18791705,4,High Perennial Vegetation,high_perennial_vegetation,perennial_vegetation,42679.4230989614,9.280165555471682e-4
13076120,Rom,33739788.2783462,4,High Perennial Vegetation,high_perennial_vegetation,perennial_vegetation,2786881.6191149135,0.08259926221598436
13076122,Schwanheide,26626977.937083315,4,High Perennial Vegetation,high_perennial_vegetation,perennial_vegetation,6188630.259949912,0.23241955112491475
12065356,Zehdenick,223552572.9576092,4,High Perennial Vegetation,high_perennial_vegetation,perennial_vegetation,57458307.37999983,0.25702369075794657
14522570,Waldheim,41719077.75883077,4,High Perennial Vegetation,high_perennial_vegetation,perennial_vegetation,713351.9192040804,0.017098937884672764
13076151,Werder,18101945.14582469,4,High Perennial Vegetation,high_perennial_vegetation,perennial_vegetation,227555.4442101889,0.01257077305102075
14523450,Weischlitz,121919928.49884737,4,High Perennial Vegetation,high_perennial_vegetation,perennial_vegetation,16273724.356228538,0.13347878855081832
13076156,Wöbbelin,23499854.895240724,4,High Perennial Vegetation,high_perennial_vegetation,perennial_vegetation,6027666.398248548,0.2564980262694853
01053006,Basedow,7514836.830114216,4,High Perennial Vegetation,high_perennial_vegetation,perennial_vegetation,96793.41998062332,0.01288030893668149
13076136,Teldau,27728833.036026523,4,High Perennial Vegetation,high_perennial_vegetation,perennial_vegetation,871600.8264903732,0.031433015062622756
13076138,Tessin b.Boizenburg,10309156.297666095,4,High Perennial Vegetation,high_perennial_vegetation,perennial_vegetation,1811976.93004081,0.17576384310431167
15091391,Zahna-Elster,149659888.9850728,4,High Perennial Vegetation,high_perennial_vegetation,perennial_vegetation,29256562.21240783,0.19548699662155908
03357016,Gnarrenburg,123032508.97752988,4,High Perennial Vegetation,high_perennial_vegetation,perennial_vegetation,8270181.767738842,0.06721948399222902
16077005,Fockendorf,8819688.142882936,4,High Perennial Vegetation,high_perennial_vegetation,perennial_vegetation,58785.05053710607,0.006665207384293149
13076140,Tramm,41923138.84491094,4,High Perennial Vegetation,high_perennial_vegetation,perennial_vegetation,7472194.730182349,0.17823557434057447
01053012,Börnsen,8318068.951110065,4,High Perennial Vegetation,high_perennial_vegetation,perennial_vegetation,227934.978065092,0.027402391036284158
16077007,Gerstenberg,3132022.8779504225,4,High Perennial Vegetation,high_perennial_vegetation,perennial_vegetation,300.1566873789561,9.583476847888702e-5
13076143,Vielank,77435610.78714007,4,High Perennial Vegetation,high_perennial_vegetation,perennial_vegetation,33292642.99444959,0.4299396964268355
13076145,Warlitz,23676572.627560373,4,High Perennial Vegetation,high_perennial_vegetation,perennial_vegetation,1418559.5682074274,0.05991405895277991
16051000,Erfurt,270313726.8842227,4,High Perennial Vegetation,high_perennial_vegetation,perennial_vegetation,896105.3504258221,0.003315056770349034
14524320,Wilkau-Haßlau,12677525.147904396,4,High Perennial Vegetation,high_perennial_vegetation,perennial_vegetation,613582.154113473,0.04839920622952963
03357040,Sandbostel,31710155.172446847,4,High Perennial Vegetation,high_perennial_vegetation,perennial_vegetation,3997333.8077611397,0.12605847514850538
03357042,Seedorf,18706735.80417411,4,High Perennial Vegetation,high_perennial_vegetation,perennial_vegetation,2895560.4255666486,0.15478704868010967
03357043,Selsingen,42074024.25889544,4,High Perennial Vegetation,high_perennial_vegetation,perennial_vegetation,4032794.360089954,0.09584997943802169
16077036,Nobitz,100760296.6100366,4,High Perennial Vegetation,high_perennial_vegetation,perennial_vegetation,135862.82133340416,0.001348376552117762
01053028,Escheburg,8661986.821033394,4,High Perennial Vegetation,high_perennial_vegetation,perennial_vegetation,267092.66638173943,0.030835034952162936
14524310,Wildenfels,20947435.8155518,4,High Perennial Vegetation,high_perennial_vegetation,perennial_vegetation,443428.5210848355,0.021168630136373313
12061332,Mittenwalde,99433041.5393216,4,High Perennial Vegetation,high_perennial_vegetation,perennial_vegetation,18744566.1149876,0.18851445982948142
16062064,Heringen/Helme,66707462.69770858,4,High Perennial Vegetation,high_perennial_vegetation,perennial_vegetation,1861617.6389473255,0.027907187047173848
03357035,Oerel,34129029.76315896,4,High Perennial Vegetation,high_perennial_vegetation,perennial_vegetation,4407450.620346401,0.12914081211602688
14522140,Flöha,27931186.062496617,4,High Perennial Vegetation,high_perennial_vegetation,perennial_vegetation,8751402.09650986,0.31332010308937164
03357036,Ostereistedt,28430467.63820198,4,High Perennial Vegetation,high_perennial_vegetation,perennial_vegetation,2364316.2297959602,0.08316135562325509
03357038,Rhade,24523659.21658419,4,High Perennial Vegetation,high_perennial_vegetation,perennial_vegetation,3529002.46256352,0.14390195326874475
01053032,Geesthacht,33146931.69190304,4,High Perennial Vegetation,high_perennial_vegetation,perennial_vegetation,3913223.847040566,0.11805689538366738
13076161,Zierzow,13267494.49789133,4,High Perennial Vegetation,high_perennial_vegetation,perennial_vegetation,2254885.654956076,0.16995565027854026
12070241,Legde/Quitzöbel,41819617.7754618,4,High Perennial Vegetation,high_perennial_vegetation,perennial_vegetation,13713832.608629333,0.3279282149889974
12070244,Lenzen (Elbe),96076567.98372813,4,High Perennial Vegetation,high_perennial_vegetation,perennial_vegetation,28297463.39606927,0.29453033127559086
12070246,Lenzerwische,42129893.85059176,4,High Perennial Vegetation,high_perennial_vegetation,perennial_vegetation,14598.20720441949,3.465047231353146e-4
01053019,Buchhorst,5373355.969790967,4,High Perennial Vegetation,high_perennial_vegetation,perennial_vegetation,116734.61973159965,0.02172471364039201
14521240,Großolbersdorf,22676551.100191567,4,High Perennial Vegetation,high_perennial_vegetation,perennial_vegetation,4586625.050347959,0.20226290277048398
14627100,Klipphausen,112347451.21716762,4,High Perennial Vegetation,high_perennial_vegetation,perennial_vegetation,757548.6932417561,0.006742909474442945
12061328,Märkisch Buchholz,24941661.900900096,4,High Perennial Vegetation,high_perennial_vegetation,perennial_vegetation,15583702.26955871,0.6248060907680063
12061329,Märkische Heide,212076425.67274225,4,High Perennial Vegetation,high_perennial_vegetation,perennial_vegetation,87962215.59842253,0.4147665885983863
01053022,Dalldorf,6088334.982582103,4,High Perennial Vegetation,high_perennial_vegetation,perennial_vegetation,36550.416737109284,0.00600335179349938
12070236,Lanz,60770781.9897092,4,High Perennial Vegetation,high_perennial_vegetation,perennial_vegetation,19024277.03116584,0.3130497322609304
14524330,Zwickau,103508554.81607848,4,High Perennial Vegetation,high_perennial_vegetation,perennial_vegetation,3698768.930974469,0.03573394428650569
14521270,Grünhainichen,28862952.942897946,4,High Perennial Vegetation,high_perennial_vegetation,perennial_vegetation,12848891.382130984,0.4451689821048819
15083361,Loitsche-Heinrichsberg,31181807.099593844,4,High Perennial Vegetation,high_perennial_vegetation,perennial_vegetation,3299975.1271364586,0.10583014373081162
12072426,Trebbin,126803367.34115852,4,High Perennial Vegetation,high_perennial_vegetation,perennial_vegetation,22927365.524261713,0.1808103838644656
16077048,Treben,9990578.13175702,4,High Perennial Vegetation,high_perennial_vegetation,perennial_vegetation,96.71771888811975,9.680893098737043e-6
15084246,Kaiserpfalz,41118282.15318236,4,High Perennial Vegetation,high_perennial_vegetation,perennial_vegetation,441527.17950190994,0.010737977278745287
15090070,Bismark (Altmark),290854038.40629816,4,High Perennial Vegetation,high_perennial_vegetation,perennial_vegetation,33567321.2193779,0.11540950713047081
12061344,Münchehofe,62439240.78617816,4,High Perennial Vegetation,high_perennial_vegetation,perennial_vegetation,44980345.86324374,0.720385855063132
14522150,Frankenberg/Sa.,65535416.38795091,4,High Perennial Vegetation,high_perennial_vegetation,perennial_vegetation,5271656.356011146,0.08043980868000362
16077052,Windischleuba,20480388.417354092,4,High Perennial Vegetation,high_perennial_vegetation,perennial_vegetation,39013.72627415172,0.0019049309748975939
15084250,Karsdorf,19995011.690175444,4,High Perennial Vegetation,high_perennial_vegetation,perennial_vegetation,134816.27013107098,0.00674249518930329
12062224,Herzberg (Elster),149470443.50750053,4,High Perennial Vegetation,high_perennial_vegetation,perennial_vegetation,36896331.42157589,0.24684700570734847
14626600,Weißwasser/O.L.,63633887.4327344,4,High Perennial Vegetation,high_perennial_vegetation,perennial_vegetation,17635411.550884012,0.27713867975653556
12062232,Hirschfeld,20331321.413827352,4,High Perennial Vegetation,high_perennial_vegetation,perennial_vegetation,921100.8487707544,0.04530452448330844
14522500,Rossau,53736567.17403154,4,High Perennial Vegetation,high_perennial_vegetation,perennial_vegetation,6726862.977604146,0.12518222378847704
12067040,Berkenbrück,18065164.542990662,4,High Perennial Vegetation,high_perennial_vegetation,perennial_vegetation,10847138.466892729,0.6004450411220555
15083390,Niedere Börde,78188879.80222008,4,High Perennial Vegetation,high_perennial_vegetation,perennial_vegetation,2768010.0745905014,0.03540158244487226
12066196,Lübbenau/Spreewald,139475729.36291802,4,High Perennial Vegetation,high_perennial_vegetation,perennial_vegetation,14258479.698692797,0.1022291101385246
12067036,Beeskow,77998345.07864317,4,High Perennial Vegetation,high_perennial_vegetation,perennial_vegetation,17076608.637808733,0.2189355251139104
15085135,Halberstadt,143084427.54699445,4,High Perennial Vegetation,high_perennial_vegetation,perennial_vegetation,2343752.9275424853,0.016380209696633174
15084285,Laucha an der Unstrut,31292658.355307817,4,High Perennial Vegetation,high_perennial_vegetation,perennial_vegetation,488595.31178239005,0.015613736175262183
15089075,Egeln,29290742.118436176,4,High Perennial Vegetation,high_perennial_vegetation,perennial_vegetation,24114.27625463151,8.232729699072221e-4
12062240,Hohenleipisch,35031725.017906845,4,High Perennial Vegetation,high_perennial_vegetation,perennial_vegetation,13600644.538542978,0.38823793380402655
14522510,Roßwein,44606404.11931287,4,High Perennial Vegetation,high_perennial_vegetation,perennial_vegetation,340935.65927509527,0.007643199805193066
15084275,Kretzschau,27871911.810787264,4,High Perennial Vegetation,high_perennial_vegetation,perennial_vegetation,23415.816771937585,8.401223759209428e-4
15082430,Zerbst/Anhalt,470995786.36170936,4,High Perennial Vegetation,high_perennial_vegetation,perennial_vegetation,66382434.827467166,0.14094061295165733
14522540,Striegistal,77063893.43353254,4,High Perennial Vegetation,high_perennial_vegetation,perennial_vegetation,3846594.8898469293,0.049914359610763896
14625310,Lauta,42056455.59038755,4,High Perennial Vegetation,high_perennial_vegetation,perennial_vegetation,17181711.963266954,0.408539229520664
13076103,Neu Kaliß,34292865.865348294,4,High Perennial Vegetation,high_perennial_vegetation,perennial_vegetation,17512673.39908779,0.5106797859313273
13076105,Neustadt-Glewe,94112757.09683424,4,High Perennial Vegetation,high_perennial_vegetation,perennial_vegetation,21403716.849974442,0.2274263076572264
13076106,Nostorf,19990126.12565245,4,High Perennial Vegetation,high_perennial_vegetation,perennial_vegetation,1658463.244042407,0.0829641210674591
13076108,Parchim,124842063.19922496,4,High Perennial Vegetation,high_perennial_vegetation,perennial_vegetation,25153372.30330057,0.20148154923681785
13076109,Passow,24888183.63006653,4,High Perennial Vegetation,high_perennial_vegetation,perennial_vegetation,1191870.1236559742,0.0478889958934616
16073035,Hohenwarte,6515428.406676106,4,High Perennial Vegetation,high_perennial_vegetation,perennial_vegetation,2652001.0751017635,0.407034029010949
14522530,Seelitz,31490882.602004535,4,High Perennial Vegetation,high_perennial_vegetation,perennial_vegetation,155802.63465953185,0.004947547410107023
16073038,Kaulsdorf,21968218.288911104,4,High Perennial Vegetation,high_perennial_vegetation,perennial_vegetation,5669233.458343164,0.2580652369611978
14625340,Malschwitz,93439533.9773545,4,High Perennial Vegetation,high_perennial_vegetation,perennial_vegetation,21900782.701881245,0.23438454548787668
12067072,Briesen (Mark),111720735.89286152,4,High Perennial Vegetation,high_perennial_vegetation,perennial_vegetation,49231987.558929496,0.44067009732322404
14521670,Wolkenstein,30095422.232806846,4,High Perennial Vegetation,high_perennial_vegetation,perennial_vegetation,4094345.310507633,0.13604545165823959
16062008,Görsbach,7954000.735523127,4,High Perennial Vegetation,high_perennial_vegetation,perennial_vegetation,7863.539379070973,9.88626936373271e-4
01060063,Norderstedt,58647741.420688435,4,High Perennial Vegetation,high_perennial_vegetation,perennial_vegetation,6826099.284843351,0.1163915117528361
14625330,Lohsa,134810705.16633087,4,High Perennial Vegetation,high_perennial_vegetation,perennial_vegetation,55486821.75759087,0.41159062026365517
13076100,Muchow,19385454.226399228,4,High Perennial Vegetation,high_perennial_vegetation,perennial_vegetation,4940549.9431360075,0.25485861127813747
13076102,Neu Gülze,13031360.020413212,4,High Perennial Vegetation,high_perennial_vegetation,perennial_vegetation,1313025.6557804092,0.10075891186519259
15082005,Aken (Elbe),59814153.79319817,4,High Perennial Vegetation,high_perennial_vegetation,perennial_vegetation,6701477.006583658,0.11203831504084112
01056042,Raa-Besenbek,12670789.436255297,4,High Perennial Vegetation,high_perennial_vegetation,perennial_vegetation,796.628420685809,6.28712539730471e-5
01056045,Seestermühe,18117780.32657661,4,High Perennial Vegetation,high_perennial_vegetation,perennial_vegetation,20599.65677839024,0.0011369856796515528
01056049,Uetersen,11385692.035718938,4,High Perennial Vegetation,high_perennial_vegetation,perennial_vegetation,197277.08022469093,0.01732675357859651
01056029,Klein Nordende,10930418.524994152,4,High Perennial Vegetation,high_perennial_vegetation,perennial_vegetation,301745.1195908993,0.027605998699950125
14521690,Zschopau,22981602.50064336,4,High Perennial Vegetation,high_perennial_vegetation,perennial_vegetation,4169454.748382764,0.18142576211846156
15090485,Schollene,65622886.19142336,4,High Perennial Vegetation,high_perennial_vegetation,perennial_vegetation,21897497.9226959,0.33368690701625703
15090003,Aland,92856562.3009006,4,High Perennial Vegetation,high_perennial_vegetation,perennial_vegetation,4338678.14233149,0.04672451827660876
01056033,Seester,11785529.117236825,4,High Perennial Vegetation,high_perennial_vegetation,perennial_vegetation,15951.157504536557,0.0013534528102949004
15090007,Altmärkische Höhe,99821898.40534252,4,High Perennial Vegetation,high_perennial_vegetation,perennial_vegetation,19885702.55464974,0.19921182498353937
15090008,Altmärkische Wische,67544348.28100026,4,High Perennial Vegetation,high_perennial_vegetation,perennial_vegetation,291373.04337234085,0.004313803460804166
15091375,Wittenberg,242070715.93641967,4,High Perennial Vegetation,high_perennial_vegetation,perennial_vegetation,52246074.46172094,0.21582980105467806
01056036,Moorrege,10959953.688143631,4,High Perennial Vegetation,high_perennial_vegetation,perennial_vegetation,225980.19897991742,0.020618718418890816
01056037,Neuendeich,8686162.934733266,4,High Perennial Vegetation,high_perennial_vegetation,perennial_vegetation,1358.7791919715776,1.5643031361272787e-4
12063088,Friesack,84541496.23475263,4,High Perennial Vegetation,high_perennial_vegetation,perennial_vegetation,19693046.207168877,0.23293940945267563
01056038,Osterhorn,6374418.444995083,4,High Perennial Vegetation,high_perennial_vegetation,perennial_vegetation,776.9750000832357,1.2188955067631038e-4
14730360,Zschepplin,68340923.94879061,4,High Perennial Vegetation,high_perennial_vegetation,perennial_vegetation,3297617.1195404516,0.04825245151808937
16073076,Rudolstadt,135148386.92623073,4,High Perennial Vegetation,high_perennial_vegetation,perennial_vegetation,40880634.857470706,0.30248703508229774
16073077,Saalfeld/Saale,145607709.22119236,4,High Perennial Vegetation,high_perennial_vegetation,perennial_vegetation,63691050.31410528,0.4374153721308282
12069696,Ziesar,68066575.6939797,4,High Perennial Vegetation,high_perennial_vegetation,perennial_vegetation,19620422.222990196,0.2882534051837952
12069216,Golzow,40231537.20454377,4,High Perennial Vegetation,high_perennial_vegetation,perennial_vegetation,10694851.619474493,0.26583253742207524
14729350,Pegau,48722638.77218679,4,High Perennial Vegetation,high_perennial_vegetation,perennial_vegetation,74778.57018154334,0.0015347807931993724
15082015,Bitterfeld-Wolfen,86439561.37782684,4,High Perennial Vegetation,high_perennial_vegetation,perennial_vegetation,1957563.395813242,0.02264661417307225
15083320,Hötensleben,60781460.656822056,4,High Perennial Vegetation,high_perennial_vegetation,perennial_vegetation,40229.07391422912,6.618642177976986e-4
12061316,Lübben (Spreewald),121052302.6319176,4,High Perennial Vegetation,high_perennial_vegetation,perennial_vegetation,38507727.96326995,0.3181081823809661
01056050,Wedel,28219950.72389341,4,High Perennial Vegetation,high_perennial_vegetation,perennial_vegetation,2021652.854388665,0.07163913481524833
01056051,Westerhorn,9396717.292211529,4,High Perennial Vegetation,high_perennial_vegetation,perennial_vegetation,26061.125309708066,0.002773428687836425
12069249,Groß Kreutz (Havel),99526644.91150458,4,High Perennial Vegetation,high_perennial_vegetation,perennial_vegetation,7516378.635563933,0.07552127013069937
15084207,Gutenborn,34112737.284892656,4,High Perennial Vegetation,high_perennial_vegetation,perennial_vegetation,445154.2764156629,0.013049503260261856
15089015,Aschersleben,157042636.245704,4,High Perennial Vegetation,high_perennial_vegetation,perennial_vegetation,152355.31157264364,9.701525344637828e-4
14521220,Gornau/Erzgeb.,19755555.35532984,4,High Perennial Vegetation,high_perennial_vegetation,perennial_vegetation,1733418.9565611826,0.08774336764435854
12065256,Oranienburg,164318985.6096604,4,High Perennial Vegetation,high_perennial_vegetation,perennial_vegetation,62710263.65501616,0.3816373587163223
15090010,Arneburg,31235481.426069036,4,High Perennial Vegetation,high_perennial_vegetation,perennial_vegetation,893846.3543448821,0.028616378347185667
12063094,Gollenberg,30299023.899701424,4,High Perennial Vegetation,high_perennial_vegetation,perennial_vegetation,7136824.431564622,0.23554634813285025
14729370,Rötha,46138160.32048705,4,High Perennial Vegetation,high_perennial_vegetation,perennial_vegetation,440832.2512557238,0.009554612671887959
15089005,Alsleben (Saale),23866835.429368444,4,High Perennial Vegetation,high_perennial_vegetation,perennial_vegetation,20628.908514029583,8.643336304504555e-4
03353023,Marschacht,26201655.315447405,4,High Perennial Vegetation,high_perennial_vegetation,perennial_vegetation,24717.376952927007,9.433517331385804e-4
03353026,Neu Wulmstorf,56173035.8219472,4,High Perennial Vegetation,high_perennial_vegetation,perennial_vegetation,13904530.579197299,0.24753033863561813
03353007,Drage,30407387.635426603,4,High Perennial Vegetation,high_perennial_vegetation,perennial_vegetation,110997.77451256217,0.0036503554939801034
12052000,Cottbus,165456921.7163237,4,High Perennial Vegetation,high_perennial_vegetation,perennial_vegetation,27366781.67548084,0.16540125001479994
14729360,Regis-Breitingen,26429546.760908872,4,High Perennial Vegetation,high_perennial_vegetation,perennial_vegetation,712338.3388222214,0.026952347888001587
15089041,Bördeaue,25624183.390924316,4,High Perennial Vegetation,high_perennial_vegetation,perennial_vegetation,13270.558503494285,5.178919578055514e-4
15089042,Bördeland,92592309.36093704,4,High Perennial Vegetation,high_perennial_vegetation,perennial_vegetation,29381.06009442229,3.1731641965955336e-4
15089043,Börde-Hakel,39045345.92019806,4,High Perennial Vegetation,high_perennial_vegetation,perennial_vegetation,10634.601703703644,2.723654113716634e-4
03353040,Winsen (Luhe),110031781.06794664,4,High Perennial Vegetation,high_perennial_vegetation,perennial_vegetation,6568613.382898575,0.059697419410509545
15089026,Barby,154093416.53524873,4,High Perennial Vegetation,high_perennial_vegetation,perennial_vegetation,208000.15667436956,0.0013498315590062195
14729380,Thallwitz,52891027.23506981,4,High Perennial Vegetation,high_perennial_vegetation,perennial_vegetation,687407.8044062468,0.012996680918128502
12067024,Bad Saarow,50298082.389564335,4,High Perennial Vegetation,high_perennial_vegetation,perennial_vegetation,16281290.971590992,0.32369605754530667
15089030,Bernburg (Saale),114052712.15939713,4,High Perennial Vegetation,high_perennial_vegetation,perennial_vegetation,37027.83833333892,3.246554828226248e-4
03353031,Seevetal,105494795.92269228,4,High Perennial Vegetation,high_perennial_vegetation,perennial_vegetation,12668452.481114376,0.12008604187829278
03353032,Stelle,38492330.25085408,4,High Perennial Vegetation,high_perennial_vegetation,perennial_vegetation,5272129.791809148,0.1369657216762596
03353033,Tespe,24899031.941647574,4,High Perennial Vegetation,high_perennial_vegetation,perennial_vegetation,491200.1845660023,0.01972768201258428
12069270,Havelsee,82133144.0596614,4,High Perennial Vegetation,high_perennial_vegetation,perennial_vegetation,25663084.60364657,0.31245710726725545
03154007,Grafhorst,9595122.928886414,4,High Perennial Vegetation,high_perennial_vegetation,perennial_vegetation,1969.3749869574622,2.0524749933412506e-4
13076090,Ludwigslust,78675923.22125305,4,High Perennial Vegetation,high_perennial_vegetation,perennial_vegetation,10992483.687902367,0.1397185217260078
12066176,Lauchhammer,89364500.39881246,4,High Perennial Vegetation,high_perennial_vegetation,perennial_vegetation,13757757.481954223,0.15395103671543656
13076093,Malk Göhren,22563558.96337619,4,High Perennial Vegetation,high_perennial_vegetation,perennial_vegetation,6443003.453555904,0.2855490777857252
13076094,Malliß,25193462.8679158,4,High Perennial Vegetation,high_perennial_vegetation,perennial_vegetation,12883290.551173318,0.5113743441589507
13076097,Milow,33807484.17057334,4,High Perennial Vegetation,high_perennial_vegetation,perennial_vegetation,11948753.489293044,0.35343515740498255
03154012,Jerxheim,17106738.656320043,4,High Perennial Vegetation,high_perennial_vegetation,perennial_vegetation,527.8123495164891,3.085406050331459e-5
13076085,Lewitzrand,46856627.23741313,4,High Perennial Vegetation,high_perennial_vegetation,perennial_vegetation,5106465.713551323,0.10898065043559123
13076088,Lübtheen,120328010.22909904,4,High Perennial Vegetation,high_perennial_vegetation,perennial_vegetation,27464692.05197305,0.22824853498102005
13076089,Lübz,74813303.50257179,4,High Perennial Vegetation,high_perennial_vegetation,perennial_vegetation,4356269.510286191,0.05822854099921465
15089055,Calbe (Saale),57425951.03109665,4,High Perennial Vegetation,high_perennial_vegetation,perennial_vegetation,29668.109726585088,5.166324491608253e-4
14524260,Remse,14386253.492598357,4,High Perennial Vegetation,high_perennial_vegetation,perennial_vegetation,473976.60290708527,0.03294649320276078
16065016,Etzleben,6168455.4494236335,4,High Perennial Vegetation,high_perennial_vegetation,perennial_vegetation,381.0881164115485,6.178015218496172e-5
14627020,Diera-Zehren,43387391.97460426,4,High Perennial Vegetation,high_perennial_vegetation,perennial_vegetation,881693.3290778409,0.020321418019177518
03154027,Söllingen,39430284.66967523,4,High Perennial Vegetation,high_perennial_vegetation,perennial_vegetation,59501.32626402152,0.001509026038297471
16065019,Gehofen,13548591.471329546,4,High Perennial Vegetation,high_perennial_vegetation,perennial_vegetation,254052.7128752173,0.018751226901543492
12067426,Rietz-Neuendorf,185234224.38259536,4,High Perennial Vegetation,high_perennial_vegetation,perennial_vegetation,66869052.82165106,0.3609972889434037
16065003,Bad Frankenhausen/Kyffhäuser,91109138.21694888,4,High Perennial Vegetation,high_perennial_vegetation,perennial_vegetation,4360938.251562255,0.04786499287456763
14627010,Coswig,26126891.1611025,4,High Perennial Vegetation,high_perennial_vegetation,perennial_vegetation,3320043.191582175,0.12707379424173618
14628370,Stadt Wehlen,10977521.341152163,4,High Perennial Vegetation,high_perennial_vegetation,perennial_vegetation,411199.44910307263,0.03745831470730847
14627040,Glaubitz,14259650.79794955,4,High Perennial Vegetation,high_perennial_vegetation,perennial_vegetation,624155.6954886727,0.04377075598361935
14522060,Burgstädt,25841214.814155083,4,High Perennial Vegetation,high_perennial_vegetation,perennial_vegetation,1272926.786974088,0.04925955672474093
15090415,Osterburg (Altmark),231322870.27737197,4,High Perennial Vegetation,high_perennial_vegetation,perennial_vegetation,16613439.684190443,0.07181927002837978
16065042,Kalbsrieth,11982585.109859249,4,High Perennial Vegetation,high_perennial_vegetation,perennial_vegetation,2744.2054037532794,2.2901614122443014e-4
14627030,Ebersbach,84269636.69404,4,High Perennial Vegetation,high_perennial_vegetation,perennial_vegetation,10536658.26090638,0.12503505027750508
15090445,Sandau (Elbe),18434549.689568777,4,High Perennial Vegetation,high_perennial_vegetation,perennial_vegetation,1388761.5887435065,0.07533471726349462
16073002,Altenbeuthen,8067944.710577965,4,High Perennial Vegetation,high_perennial_vegetation,perennial_vegetation,2743842.58655412,0.34009189266711753
12069648,Wenzlow,20707044.44068362,4,High Perennial Vegetation,high_perennial_vegetation,perennial_vegetation,8409873.17891672,0.4061358540571654
01056019,Haselau,13848008.610910298,4,High Perennial Vegetation,high_perennial_vegetation,perennial_vegetation,24004.149251185027,0.0017334008033669988
16065056,Reinsdorf,11330959.869730547,4,High Perennial Vegetation,high_perennial_vegetation,perennial_vegetation,109682.51170957492,0.00967989587559833
14627060,Großenhain,130422644.6610693,4,High Perennial Vegetation,high_perennial_vegetation,perennial_vegetation,6960914.428605437,0.053371977287340236
15087250,Kelbra (Kyffhäuser),40621471.96106028,4,High Perennial Vegetation,high_perennial_vegetation,perennial_vegetation,901753.3287117591,0.02219893285935525
14522080,Döbeln,91232608.068295,4,High Perennial Vegetation,high_perennial_vegetation,perennial_vegetation,266702.73936759145,0.002923326922408519
15090435,Rochau,39086676.02958891,4,High Perennial Vegetation,high_perennial_vegetation,perennial_vegetation,3550491.051306189,0.09083635171787031
01056020,Haseldorf,17815283.524139255,4,High Perennial Vegetation,high_perennial_vegetation,perennial_vegetation,29416.33849172109,0.0016511855369499284
12069656,Werder (Havel),117238083.591075,4,High Perennial Vegetation,high_perennial_vegetation,perennial_vegetation,13432946.849261377,0.11457835575098047
01056024,Heist,10018888.267545355,4,High Perennial Vegetation,high_perennial_vegetation,perennial_vegetation,943270.8035316421,0.09414924873323745
12067481,Storkow (Mark),180695975.93586615,4,High Perennial Vegetation,high_perennial_vegetation,perennial_vegetation,87980554.17688718,0.4868982484043466
01056027,Hetlingen,16599690.141962444,4,High Perennial Vegetation,high_perennial_vegetation,perennial_vegetation,7360.451944438308,4.4340899628191147e-4
01056028,Holm,15978636.194305196,4,High Perennial Vegetation,high_perennial_vegetation,perennial_vegetation,1219202.5525200786,0.07630204090600697
12067469,Spreenhagen,137738247.98115382,4,High Perennial Vegetation,high_perennial_vegetation,perennial_vegetation,93247509.63701329,0.6769906761829291
14524290,Waldenburg,25083048.223122895,4,High Perennial Vegetation,high_perennial_vegetation,perennial_vegetation,1670001.72296698,0.0665788985497976
14730310,Torgau,102853060.15132137,4,High Perennial Vegetation,high_perennial_vegetation,perennial_vegetation,11680657.417513825,0.11356645490497604
12071041,Dissen-Striesow,19911812.74790296,4,High Perennial Vegetation,high_perennial_vegetation,perennial_vegetation,3422650.0016609496,0.17189042730533968
12068320,Neuruppin,305934233.01816416,4,High Perennial Vegetation,high_perennial_vegetation,perennial_vegetation,107562476.78747827,0.3515869267925044
16065046,Mönchpfiffel-Nikolausrieth,9268732.690789605,4,High Perennial Vegetation,high_perennial_vegetation,perennial_vegetation,1000.61475828054,1.079559408671756e-4
14627050,Gröditz,29040876.612622075,4,High Perennial Vegetation,high_perennial_vegetation,perennial_vegetation,1488708.8600575582,0.05126253177256084
12068324,Neustadt (Dosse),75664484.23327327,4,High Perennial Vegetation,high_perennial_vegetation,perennial_vegetation,8972861.778942375,0.11858749676108386
12071028,Briesen,9164530.61977494,4,High Perennial Vegetation,high_perennial_vegetation,perennial_vegetation,3139073.369843952,0.3425241837340318
12069688,Wusterwitz,23864482.92313698,4,High Perennial Vegetation,high_perennial_vegetation,perennial_vegetation,7091297.058351359,0.2971485735178548
01056015,Elmshorn,21702124.601431817,4,High Perennial Vegetation,high_perennial_vegetation,perennial_vegetation,483242.23745525087,0.022267047412646804
01056016,Groß Nordende,5336383.998411052,4,High Perennial Vegetation,high_perennial_vegetation,perennial_vegetation,23106.40849638488,0.0043299748487487
12067473,Steinhöfel,161138405.97169286,4,High Perennial Vegetation,high_perennial_vegetation,perennial_vegetation,23764623.86943706,0.14747957649284296
12071032,Burg (Spreewald),35368051.73040276,4,High Perennial Vegetation,high_perennial_vegetation,perennial_vegetation,92538.8265999879,0.0026164524782245928
13076006,Barkhagen,30384060.435054645,4,High Perennial Vegetation,high_perennial_vegetation,perennial_vegetation,168534.6801414426,0.005546812299879481
13076008,Belsch,22625583.52322813,4,High Perennial Vegetation,high_perennial_vegetation,perennial_vegetation,10028803.075906232,0.44325058249261723
13076009,Bengerstorf,33049640.00110774,4,High Perennial Vegetation,high_perennial_vegetation,perennial_vegetation,5848542.057242184,0.17696235290448414
12067408,Rauen,21643502.72157179,4,High Perennial Vegetation,high_perennial_vegetation,perennial_vegetation,10255728.510877129,0.47384790913050234
14625240,Hoyerswerda,95962109.1018878,4,High Perennial Vegetation,high_perennial_vegetation,perennial_vegetation,45281943.31571454,0.4718731563896373
13076010,Besitz,22187644.02126526,4,High Perennial Vegetation,high_perennial_vegetation,perennial_vegetation,3149674.0889362087,0.14195622058464039
16065085,Kyffhäuserland,129109407.51909108,4,High Perennial Vegetation,high_perennial_vegetation,perennial_vegetation,4969872.917433854,0.038493499528289385
16065086,Artern,44869652.329491064,4,High Perennial Vegetation,high_perennial_vegetation,perennial_vegetation,4306.398022748626,9.597573859332535e-5
13076012,Blievenstorf,21448027.28281925,4,High Perennial Vegetation,high_perennial_vegetation,perennial_vegetation,8267567.693496442,0.38546984225999675
12071060,Drehnow,10968965.45124516,4,High Perennial Vegetation,high_perennial_vegetation,perennial_vegetation,1870898.157897613,0.17056286358211065
16065087,Roßleben-Wiehe,72953515.34495515,4,High Perennial Vegetation,high_perennial_vegetation,perennial_vegetation,1109835.0360899668,0.015212906887929886
16065088,An der Schmücke,95013330.85967591,4,High Perennial Vegetation,high_perennial_vegetation,perennial_vegetation,1716695.4081263742,0.018067942599146868
13076014,Boizenburg/Elbe,47238842.90497926,4,High Perennial Vegetation,high_perennial_vegetation,perennial_vegetation,3702095.8782313317,0.07836974088628891
14627070,Hirschstein,34760214.33588495,4,High Perennial Vegetation,high_perennial_vegetation,perennial_vegetation,2418.842959035882,6.958653751852078e-5
14713000,Leipzig,299088853.71073973,4,High Perennial Vegetation,high_perennial_vegetation,perennial_vegetation,433635.0720471152,0.001449853669460047
12062196,Gröden,22402858.92871034,4,High Perennial Vegetation,high_perennial_vegetation,perennial_vegetation,3372968.724325065,0.150559744854816
14522460,Penig,63608667.65588005,4,High Perennial Vegetation,high_perennial_vegetation,perennial_vegetation,1771657.388714557,0.027852452409460007
14729320,Neukieritzsch,57209117.342527494,4,High Perennial Vegetation,high_perennial_vegetation,perennial_vegetation,39518.56216185857,6.907738486026543e-4
12067493,Tauche,121952418.64925414,4,High Perennial Vegetation,high_perennial_vegetation,perennial_vegetation,27860821.117606353,0.2284564867691269
12071052,Drachhausen,38300791.51922781,4,High Perennial Vegetation,high_perennial_vegetation,perennial_vegetation,21437374.477937423,0.5597110040709056
16076012,Caaschwitz,4097838.24899341,4,High Perennial Vegetation,high_perennial_vegetation,perennial_vegetation,101317.47597537917,0.02472461571665664
13076030,Dersenow,22443987.350011803,4,High Perennial Vegetation,high_perennial_vegetation,perennial_vegetation,1804153.6789638544,0.0803847217888806
14523330,Pöhl,36654093.105269566,4,High Perennial Vegetation,high_perennial_vegetation,perennial_vegetation,4317632.246227433,0.11779400008144547
13076034,Dömitz,60496863.98778597,4,High Perennial Vegetation,high_perennial_vegetation,perennial_vegetation,14391600.191383954,0.2378900201221926
13076016,Brahlstorf,21895462.27090615,4,High Perennial Vegetation,high_perennial_vegetation,perennial_vegetation,2786654.1422365904,0.12727085218654596
13076017,Brenz,12654634.15903614,4,High Perennial Vegetation,high_perennial_vegetation,perennial_vegetation,598801.2542736857,0.04731873294386049
13076018,Bresegard bei Eldena,11143815.295551412,4,High Perennial Vegetation,high_perennial_vegetation,perennial_vegetation,934001.0110847268,0.08381339660731617
01051103,Schmedeswurth,5887846.1293954775,4,High Perennial Vegetation,high_perennial_vegetation,perennial_vegetation,0,0
16076022,Greiz,84912677.81935868,4,High Perennial Vegetation,high_perennial_vegetation,perennial_vegetation,26303270.714221753,0.3097684749758892
13076019,Bresegard bei Picher,16581224.118175805,4,High Perennial Vegetation,high_perennial_vegetation,perennial_vegetation,2885059.180535344,0.1739955482160593
14522480,Reinsberg,48765913.081287704,4,High Perennial Vegetation,high_perennial_vegetation,perennial_vegetation,2234330.321821198,0.045817461022349806
14523320,Plauen,101719133.12763377,4,High Perennial Vegetation,high_perennial_vegetation,perennial_vegetation,7639851.446645139,0.07510731965301856
13076049,Gorlosen,53231150.54896304,4,High Perennial Vegetation,high_perennial_vegetation,perennial_vegetation,27552046.24875984,0.517592536787589
12071076,Forst (Lausitz),111087397.72670946,4,High Perennial Vegetation,high_perennial_vegetation,perennial_vegetation,27288759.84561884,0.24565126561658243
12071412,Werben,25107230.69742649,4,High Perennial Vegetation,high_perennial_vegetation,perennial_vegetation,2079053.1393758692,0.08280694770486868
14524200,Mülsen,49108021.31470883,4,High Perennial Vegetation,high_perennial_vegetation,perennial_vegetation,2586468.016484352,0.05266895198055258
16076039,Langenwetzendorf,58327544.83979913,4,High Perennial Vegetation,high_perennial_vegetation,perennial_vegetation,11445847.332071848,0.19623399825088997
15085090,Ditfurt,23929171.404765,4,High Perennial Vegetation,high_perennial_vegetation,perennial_vegetation,11822.686018052083,4.940700126247514e-4
13076050,Grabow,72336024.30337732,4,High Perennial Vegetation,high_perennial_vegetation,perennial_vegetation,33334756.087160006,0.46083201846087124
13076053,Grebs-Niendorf,31186526.12191532,4,High Perennial Vegetation,high_perennial_vegetation,perennial_vegetation,8836241.453082697,0.28333522683930207
01058172,Westerrönfeld,7731811.63513024,4,High Perennial Vegetation,high_perennial_vegetation,perennial_vegetation,84374.90967278508,0.010912695970168163
14612000,Dresden,328736783.09641767,4,High Perennial Vegetation,high_perennial_vegetation,perennial_vegetation,43396703.65179281,0.13201048949567856
13076058,Groß Laasch,27467259.64554101,4,High Perennial Vegetation,high_perennial_vegetation,perennial_vegetation,14921848.887010818,0.5432594688940222
13076037,Eldena,34251458.78441228,4,High Perennial Vegetation,high_perennial_vegetation,perennial_vegetation,8304599.155682027,0.24245972143707414
12061217,Heidesee,136364223.14755517,4,High Perennial Vegetation,high_perennial_vegetation,perennial_vegetation,68659626.036946,0.503501757661551
14628310,Rathen,3743511.710648861,4,High Perennial Vegetation,high_perennial_vegetation,perennial_vegetation,990641.3152632859,0.26462888107049054
13076040,Gallin-Kuppentin,29592968.88817017,4,High Perennial Vegetation,high_perennial_vegetation,perennial_vegetation,738652.9293545639,0.02496041989385666
12070125,Groß Pankow (Prignitz),250928782.20071307,4,High Perennial Vegetation,high_perennial_vegetation,perennial_vegetation,44236071.126296096,0.17628934687497316
13076046,Göhlen,33994605.65105992,4,High Perennial Vegetation,high_perennial_vegetation,perennial_vegetation,13631168.084916329,0.4009803268446305
01051118,Trennewurth,8075378.942849048,4,High Perennial Vegetation,high_perennial_vegetation,perennial_vegetation,100.0584403672201,1.239055666308073e-5
01051119,Volsemenhusen,16715100.23053301,4,High Perennial Vegetation,high_perennial_vegetation,perennial_vegetation,0,0
15084590,Zeitz,87425518.6237047,4,High Perennial Vegetation,high_perennial_vegetation,perennial_vegetation,1330024.6370112232,0.01521323130762187
14522490,Rochlitz,23581724.78775827,4,High Perennial Vegetation,high_perennial_vegetation,perennial_vegetation,856981.5692588525,0.036340919800053315
13076075,Kreien,25035627.882163573,5,Low Seasonal Vegetation,low_seasonal_vegetation,open_or_seasonal,13611092.575890733,0.5436689121580947
13076079,Kuhstorf,15091729.821307696,5,Low Seasonal Vegetation,low_seasonal_vegetation,open_or_seasonal,7215131.923813515,0.4780851505588592
14521150,Drebach,33008113.855999652,5,Low Seasonal Vegetation,low_seasonal_vegetation,open_or_seasonal,10500974.34097402,0.31813312286746526
15083245,Gröningen,59726899.683835134,5,Low Seasonal Vegetation,low_seasonal_vegetation,open_or_seasonal,50697523.19509555,0.8488222804709993
14628330,Reinhardtsdorf-Schöna,31817093.770008847,5,Low Seasonal Vegetation,low_seasonal_vegetation,open_or_seasonal,5153260.923442822,0.1619651675509202
13076067,Karenz,6848559.861875899,5,Low Seasonal Vegetation,low_seasonal_vegetation,open_or_seasonal,3801377.014385463,0.5550622453556567
16076093,Mohlsdorf-Teichwolframsdorf,51148534.17445346,5,Low Seasonal Vegetation,low_seasonal_vegetation,open_or_seasonal,21147323.15205992,0.4134492511541439
16076094,Berga-Wünschendorf,62985940.27364644,5,Low Seasonal Vegetation,low_seasonal_vegetation,open_or_seasonal,28956393.988317482,0.4597278989964202
13076069,Karstädt,19717514.76181327,5,Low Seasonal Vegetation,low_seasonal_vegetation,open_or_seasonal,9310884.020630065,0.47221387345743837
15084130,Elsteraue,80483183.11954002,5,Low Seasonal Vegetation,low_seasonal_vegetation,open_or_seasonal,46718658.72920319,0.580477273864938
14628320,Rathmannsdorf,4195836.411452889,5,Low Seasonal Vegetation,low_seasonal_vegetation,open_or_seasonal,1398075.2890244084,0.3332053855122292
14522020,Augustusburg,23353480.299974073,5,Low Seasonal Vegetation,low_seasonal_vegetation,open_or_seasonal,6493859.61340444,0.27806817356519015
15002000,Halle (Saale),135858053.42722595,5,Low Seasonal Vegetation,low_seasonal_vegetation,open_or_seasonal,32740487.99104319,0.24099040995446797
15083270,Haldensleben,156410219.9081429,5,Low Seasonal Vegetation,low_seasonal_vegetation,open_or_seasonal,56706109.958273575,0.36254734499814734
12061260,Königs Wusterhausen,95986510.3169408,5,Low Seasonal Vegetation,low_seasonal_vegetation,open_or_seasonal,6443150.9842097135,0.06712558840752597
15084150,Gleina,29877869.66065514,5,Low Seasonal Vegetation,low_seasonal_vegetation,open_or_seasonal,25876615.766233016,0.8660796790444801
12072312,Nuthe-Urstromtal,341614674.8878322,5,Low Seasonal Vegetation,low_seasonal_vegetation,open_or_seasonal,77154934.24715184,0.2258536881428918
15084135,Freyburg (Unstrut),46843268.74310584,5,Low Seasonal Vegetation,low_seasonal_vegetation,open_or_seasonal,22370188.680158824,0.47755396411039647
12062124,Elsterwerda,40441722.63077532,5,Low Seasonal Vegetation,low_seasonal_vegetation,open_or_seasonal,16149985.07383211,0.3993396923587598
12062128,Falkenberg/Elster,82069829.47278139,5,Low Seasonal Vegetation,low_seasonal_vegetation,open_or_seasonal,35755545.10292984,0.43567222367372205
12067397,Ragow-Merz,43897070.919061154,5,Low Seasonal Vegetation,low_seasonal_vegetation,open_or_seasonal,10014647.848578794,0.22813931861294634
12066064,Frauendorf,20849051.531904455,5,Low Seasonal Vegetation,low_seasonal_vegetation,open_or_seasonal,2121791.9806704004,0.10176923287965922
12061265,Krausnick-Groß Wasserburg,54774429.42453899,5,Low Seasonal Vegetation,low_seasonal_vegetation,open_or_seasonal,2792460.4555101143,0.05098109619484397
15084170,Goseck,14467892.210808836,5,Low Seasonal Vegetation,low_seasonal_vegetation,open_or_seasonal,10906113.329728777,0.753814942136555
01058119,Oldenbüttel,8000288.08312802,5,Low Seasonal Vegetation,low_seasonal_vegetation,open_or_seasonal,1049086.9197736937,0.1311311428879837
14522420,Niederwiesa,16599271.8798012,5,Low Seasonal Vegetation,low_seasonal_vegetation,open_or_seasonal,6423883.806913377,0.38699792698318713
16075134,Remptendorf,97383600.17456956,5,Low Seasonal Vegetation,low_seasonal_vegetation,open_or_seasonal,32928262.064594727,0.3381294386895496
16075135,Saalburg-Ebersdorf,71996977.28873697,5,Low Seasonal Vegetation,low_seasonal_vegetation,open_or_seasonal,23777588.729192134,0.33025815283653365
16075136,Rosenthal am Rennsteig,56292295.44415217,5,Low Seasonal Vegetation,low_seasonal_vegetation,open_or_seasonal,12349885.773070196,0.219388562424543
01058124,Osterrönfeld,17906363.46134805,5,Low Seasonal Vegetation,low_seasonal_vegetation,open_or_seasonal,3537668.859116018,0.19756489734793367
16075125,Wilhelmsdorf,9420791.17988135,5,Low Seasonal Vegetation,low_seasonal_vegetation,open_or_seasonal,4171395.2063942505,0.44278608099312394
16075127,Ziegenrück,8250127.516421139,5,Low Seasonal Vegetation,low_seasonal_vegetation,open_or_seasonal,2500977.702589087,0.30314412687696224
16076003,Bad Köstritz,20159072.262280148,5,Low Seasonal Vegetation,low_seasonal_vegetation,open_or_seasonal,7017694.8988028085,0.34811596523386107
14522440,Oederan,77683163.59427962,5,Low Seasonal Vegetation,low_seasonal_vegetation,open_or_seasonal,45575450.46247274,0.5866837594372739
12073572,Templin,379582812.2804865,5,Low Seasonal Vegetation,low_seasonal_vegetation,open_or_seasonal,86702607.32552534,0.22841552494072853
01058140,Schacht-Audorf,6278333.662421584,5,Low Seasonal Vegetation,low_seasonal_vegetation,open_or_seasonal,1432304.7739353224,0.22813454189417443
01058148,Schülp b.Rendsburg,11012699.40867108,5,Low Seasonal Vegetation,low_seasonal_vegetation,open_or_seasonal,3694687.414939227,0.33549334979851875
03360002,Bad Bevensen,48140251.44442914,5,Low Seasonal Vegetation,low_seasonal_vegetation,open_or_seasonal,22787435.409098066,0.4733551388987409
03360004,Bienenbüttel,99488670.05538411,5,Low Seasonal Vegetation,low_seasonal_vegetation,open_or_seasonal,44573767.50149037,0.4480285793013084
03360008,Emmendorf,11000591.927796615,5,Low Seasonal Vegetation,low_seasonal_vegetation,open_or_seasonal,6751676.147264862,0.6137557134725206
12062500,Uebigau-Wahrenbrück,135901487.06611395,5,Low Seasonal Vegetation,low_seasonal_vegetation,open_or_seasonal,58921542.77397267,0.433560691983512
01058132,Rade b.Rendsburg,6537224.4244546015,5,Low Seasonal Vegetation,low_seasonal_vegetation,open_or_seasonal,4163309.3736330657,0.6368619315039669
01058135,Rendsburg,23814387.481500052,5,Low Seasonal Vegetation,low_seasonal_vegetation,open_or_seasonal,2374199.832220067,0.09969602762466337
03359001,Agathenburg,11100004.708568253,5,Low Seasonal Vegetation,low_seasonal_vegetation,open_or_seasonal,5703431.637608667,0.5138224520937461
03359004,Balje,58446108.6453896,5,Low Seasonal Vegetation,low_seasonal_vegetation,open_or_seasonal,29567862.322485466,0.5058995886600889
03359007,Bliedersdorf,12401586.096952744,5,Low Seasonal Vegetation,low_seasonal_vegetation,open_or_seasonal,5799006.548617358,0.46760200697572557
03359009,Burweg,16255046.295608832,5,Low Seasonal Vegetation,low_seasonal_vegetation,open_or_seasonal,5294144.068103677,0.3256923402016915
03360025,Uelzen,136860915.81507882,5,Low Seasonal Vegetation,low_seasonal_vegetation,open_or_seasonal,66048963.13150228,0.482599160893714
15091241,Oranienbaum-Wörlitz,115899933.39697148,5,Low Seasonal Vegetation,low_seasonal_vegetation,open_or_seasonal,37398004.63786365,0.3226749450301313
02000000,Hamburg,742109107.0919194,5,Low Seasonal Vegetation,low_seasonal_vegetation,open_or_seasonal,57087344.12598884,0.07692580993877746
15089365,Wolmirsleben,16869354.158058494,5,Low Seasonal Vegetation,low_seasonal_vegetation,open_or_seasonal,13864838.69784983,0.8218950511052371
01058158,Tackesdorf,7595935.643578419,5,Low Seasonal Vegetation,low_seasonal_vegetation,open_or_seasonal,116121.46780737424,0.015287315908941774
03360012,Jelmstorf,13955288.939884534,5,Low Seasonal Vegetation,low_seasonal_vegetation,open_or_seasonal,7473988.794972106,0.5355667537353007
12065144,Hohen Neuendorf,49014227.56596513,5,Low Seasonal Vegetation,low_seasonal_vegetation,open_or_seasonal,5665589.420449496,0.1155907111424849
13071110,Neustrelitz,139943510.287917,5,Low Seasonal Vegetation,low_seasonal_vegetation,open_or_seasonal,11272248.462171424,0.08054856162304436
15084565,Wetterzeube,41934541.89197438,5,Low Seasonal Vegetation,low_seasonal_vegetation,open_or_seasonal,13122813.507242143,0.31293565912910676
13071119,Priepert,22199734.212614417,5,Low Seasonal Vegetation,low_seasonal_vegetation,open_or_seasonal,3013954.1263183476,0.13576532482112993
03359020,Grünendeich,2588844.4192941617,5,Low Seasonal Vegetation,low_seasonal_vegetation,open_or_seasonal,59110.667142783226,0.022832838737717392
03359021,Guderhandviertel,9223870.486279769,5,Low Seasonal Vegetation,low_seasonal_vegetation,open_or_seasonal,2015861.095680798,0.21854828715118355
03359022,Hammah,29370105.30183487,5,Low Seasonal Vegetation,low_seasonal_vegetation,open_or_seasonal,9631152.244390205,0.32792365384500366
03359023,Harsefeld,52010606.29360163,5,Low Seasonal Vegetation,low_seasonal_vegetation,open_or_seasonal,22818450.14040612,0.43872686297089475
03359025,Himmelpforten,18215753.037146464,5,Low Seasonal Vegetation,low_seasonal_vegetation,open_or_seasonal,4968130.327125481,0.2727381249072835
03359026,Hollern-Twielenfleth,17708013.179927923,5,Low Seasonal Vegetation,low_seasonal_vegetation,open_or_seasonal,1580631.5210891147,0.08926080554766949
03359027,Horneburg,16902118.424427122,5,Low Seasonal Vegetation,low_seasonal_vegetation,open_or_seasonal,5345847.783316199,0.3162827078285242
03359028,Jork,53147595.539435685,5,Low Seasonal Vegetation,low_seasonal_vegetation,open_or_seasonal,3608337.406358095,0.06789276861416425
03359029,Kranenburg,14241579.451314503,5,Low Seasonal Vegetation,low_seasonal_vegetation,open_or_seasonal,5153045.604790172,0.36183104706932934
12069590,Schwielowsee,58307568.467751876,5,Low Seasonal Vegetation,low_seasonal_vegetation,open_or_seasonal,2549097.073762839,0.04371811654558475
15084550,Weißenfels,113730963.2180518,5,Low Seasonal Vegetation,low_seasonal_vegetation,open_or_seasonal,73613239.9796045,0.6472576851254551
12065136,Hennigsdorf,30730259.606725983,5,Low Seasonal Vegetation,low_seasonal_vegetation,open_or_seasonal,1218212.8225926415,0.039642125975597325
14729250,Machern,39068604.93483402,5,Low Seasonal Vegetation,low_seasonal_vegetation,open_or_seasonal,22273918.07888572,0.5701232003558447
15088020,Bad Dürrenberg,36456820.25492409,5,Low Seasonal Vegetation,low_seasonal_vegetation,open_or_seasonal,26076765.760065362,0.7152781174475377
03359010,Buxtehude,76262592.45658633,5,Low Seasonal Vegetation,low_seasonal_vegetation,open_or_seasonal,19929269.669806156,0.2613243141603297
03359012,Dollern,11986902.817578904,5,Low Seasonal Vegetation,low_seasonal_vegetation,open_or_seasonal,6192296.037503017,0.5165884909337847
03359013,Drochtersen,106914216.90756306,5,Low Seasonal Vegetation,low_seasonal_vegetation,open_or_seasonal,22792377.542495757,0.21318378604598315
03359015,Engelschoff,19629177.4223999,5,Low Seasonal Vegetation,low_seasonal_vegetation,open_or_seasonal,2130406.573747377,0.10853264647331866
03359016,Estorf,29452008.467342824,5,Low Seasonal Vegetation,low_seasonal_vegetation,open_or_seasonal,10516223.506589267,0.35706303419849744
12068264,Kyritz,157576666.42114767,5,Low Seasonal Vegetation,low_seasonal_vegetation,open_or_seasonal,73554140.68635777,0.4667832005645627
03359018,Freiburg (Elbe),26092407.30783692,5,Low Seasonal Vegetation,low_seasonal_vegetation,open_or_seasonal,10386518.276284095,0.39806669249580806
03359019,Großenwörden,12340566.848252848,5,Low Seasonal Vegetation,low_seasonal_vegetation,open_or_seasonal,2258340.8560381727,0.18300138752199246
13071137,Sietow,18847417.38042587,5,Low Seasonal Vegetation,low_seasonal_vegetation,open_or_seasonal,11231830.644230807,0.5959347329940128
13071138,Silz,10677284.917102613,5,Low Seasonal Vegetation,low_seasonal_vegetation,open_or_seasonal,4741759.763016427,0.4440978956570872
03352051,Steinau,36028682.80064326,5,Low Seasonal Vegetation,low_seasonal_vegetation,open_or_seasonal,4549148.662045759,0.12626463995970838
03359040,Wischhafen,27624832.21567756,5,Low Seasonal Vegetation,low_seasonal_vegetation,open_or_seasonal,8470450.820218299,0.30662451645267097
03352052,Stinstedt,30437815.314012676,5,Low Seasonal Vegetation,low_seasonal_vegetation,open_or_seasonal,10267235.012395352,0.33731839511059186
03352055,Wanna,54053527.13815224,5,Low Seasonal Vegetation,low_seasonal_vegetation,open_or_seasonal,11164462.864565648,0.20654457637946644
03352056,Wingst,55608496.481304646,5,Low Seasonal Vegetation,low_seasonal_vegetation,open_or_seasonal,12749293.076767629,0.22926879673961137
03352038,Neuenkirchen,19402083.724760316,5,Low Seasonal Vegetation,low_seasonal_vegetation,open_or_seasonal,8996654.665402664,0.46369528103424384
03352039,Neuhaus (Oste),9842364.398027057,5,Low Seasonal Vegetation,low_seasonal_vegetation,open_or_seasonal,4531389.599506784,0.4603964470585056
14730270,Schkeuditz,80324651.47217132,5,Low Seasonal Vegetation,low_seasonal_vegetation,open_or_seasonal,36278803.56490605,0.45165217526620627
03352041,Nordleda,21315494.84257512,5,Low Seasonal Vegetation,low_seasonal_vegetation,open_or_seasonal,5871589.889317468,0.27546111092807835
03359030,Krummendeich,30095423.4804926,5,Low Seasonal Vegetation,low_seasonal_vegetation,open_or_seasonal,19847867.591454793,0.6594978669869817
03352042,Oberndorf,32464128.553422045,5,Low Seasonal Vegetation,low_seasonal_vegetation,open_or_seasonal,13022561.140784085,0.4011369385552589
03352043,Odisheim,13582666.151718097,5,Low Seasonal Vegetation,low_seasonal_vegetation,open_or_seasonal,3024696.3747272594,0.22268797163542592
03359032,Mittelnkirchen,6941695.411593951,5,Low Seasonal Vegetation,low_seasonal_vegetation,open_or_seasonal,510050.4478285973,0.07347635088925338
03352044,Osten,47849840.1291706,5,Low Seasonal Vegetation,low_seasonal_vegetation,open_or_seasonal,16763607.57231158,0.35033779688831224
03359033,Neuenkirchen,8152226.686350301,5,Low Seasonal Vegetation,low_seasonal_vegetation,open_or_seasonal,661770.872056976,0.08117670147286428
03352045,Osterbruch,10521142.056641445,5,Low Seasonal Vegetation,low_seasonal_vegetation,open_or_seasonal,6621986.16154032,0.6293980373889361
03359034,Nottensdorf,6984233.280373003,5,Low Seasonal Vegetation,low_seasonal_vegetation,open_or_seasonal,1987341.9816571043,0.2845469075670633
03352046,Otterndorf,33956318.90340103,5,Low Seasonal Vegetation,low_seasonal_vegetation,open_or_seasonal,16387223.087820102,0.48259716061798363
01051024,Eddelak,9422591.509592954,5,Low Seasonal Vegetation,low_seasonal_vegetation,open_or_seasonal,2183766.9710712284,0.2317586376155624
03359035,Oederquart,37724566.29746619,5,Low Seasonal Vegetation,low_seasonal_vegetation,open_or_seasonal,18091831.317144085,0.47957692010257097
12065180,Leegebruch,6196386.074688744,5,Low Seasonal Vegetation,low_seasonal_vegetation,open_or_seasonal,1222707.530770518,0.19732591159306304
03359038,Stade,100012094.83540148,5,Low Seasonal Vegetation,low_seasonal_vegetation,open_or_seasonal,19779383.077353366,0.19776991082834533
03359039,Steinkirchen,8591791.077775855,5,Low Seasonal Vegetation,low_seasonal_vegetation,open_or_seasonal,965124.752205288,0.11233103126794472
14729260,Markkleeberg,31294371.481885165,5,Low Seasonal Vegetation,low_seasonal_vegetation,open_or_seasonal,7730398.278552633,0.24702200148123746
13071156,Waren (Müritz),159864746.249927,5,Low Seasonal Vegetation,low_seasonal_vegetation,open_or_seasonal,27733925.051492874,0.1734836835641963
13071159,Wesenberg,90112541.72905004,5,Low Seasonal Vegetation,low_seasonal_vegetation,open_or_seasonal,20754841.009399712,0.2303213360888795
01051034,Friedrichskoog,52644739.12260729,5,Low Seasonal Vegetation,low_seasonal_vegetation,open_or_seasonal,37284697.01114219,0.7082321544857078
01051016,Burg (Dithmarschen),11374810.187515236,5,Low Seasonal Vegetation,low_seasonal_vegetation,open_or_seasonal,543821.3562913637,0.04780926866702805
03352061,Wurster Nordseeküste,181747830.48425624,5,Low Seasonal Vegetation,low_seasonal_vegetation,open_or_seasonal,80364763.0628056,0.44217728953725877
03352062,Geestland,355996953.8423922,5,Low Seasonal Vegetation,low_seasonal_vegetation,open_or_seasonal,111933320.28394105,0.3144221293912993
03352063,Cadenberge,30845858.23362863,5,Low Seasonal Vegetation,low_seasonal_vegetation,open_or_seasonal,14561030.379907683,0.472057877904432
01051021,Diekhusen-Fahrstedt,7528229.912736982,5,Low Seasonal Vegetation,low_seasonal_vegetation,open_or_seasonal,5006955.849932593,0.6650907195941698
01051022,Dingen,6798996.813680679,5,Low Seasonal Vegetation,low_seasonal_vegetation,open_or_seasonal,2347529.908824066,0.34527592425112735
01051046,Helse,11771771.888879798,5,Low Seasonal Vegetation,low_seasonal_vegetation,open_or_seasonal,8519425.257825874,0.723716475161547
13071176,Südmüritz,69521651.59671196,5,Low Seasonal Vegetation,low_seasonal_vegetation,open_or_seasonal,23463439.452954467,0.33749830324894314
01051051,Hochdonn,5461761.440063529,5,Low Seasonal Vegetation,low_seasonal_vegetation,open_or_seasonal,424583.46332137164,0.0777374603377831
15082301,Raguhn-Jeßnitz,97547663.79529916,5,Low Seasonal Vegetation,low_seasonal_vegetation,open_or_seasonal,40557451.31931604,0.41577060629995843
12065193,Liebenwalde,142108984.33563513,5,Low Seasonal Vegetation,low_seasonal_vegetation,open_or_seasonal,41641008.657463774,0.29302164709808504
12065198,Löwenberger Land,245462895.6625957,5,Low Seasonal Vegetation,low_seasonal_vegetation,open_or_seasonal,81677025.62830707,0.3327469327200365
14626060,Boxberg/O.L.,217157658.1790037,5,Low Seasonal Vegetation,low_seasonal_vegetation,open_or_seasonal,44621255.81717633,0.2054786195032316
12070052,Breese,23853680.377576068,5,Low Seasonal Vegetation,low_seasonal_vegetation,open_or_seasonal,3250971.715065332,0.13628805549526213
15087101,Brücken-Hackpfüffel,16744209.004627198,5,Low Seasonal Vegetation,low_seasonal_vegetation,open_or_seasonal,12319617.417740818,0.7357539203157545
01051072,Marne,4805804.876825534,5,Low Seasonal Vegetation,low_seasonal_vegetation,open_or_seasonal,567729.4870326391,0.11813411105605516
01051073,Marnerdeich,1293267.715960469,5,Low Seasonal Vegetation,low_seasonal_vegetation,open_or_seasonal,708716.4213681758,0.5480044175090495
01051076,Neufeld,10473403.63389396,5,Low Seasonal Vegetation,low_seasonal_vegetation,open_or_seasonal,8840216.516399669,0.8440633843033624
16068005,Büchel,6463514.723747343,5,Low Seasonal Vegetation,low_seasonal_vegetation,open_or_seasonal,5714517.666095566,0.884119230842019
01051077,Neufelderkoog,9758328.39693758,5,Low Seasonal Vegetation,low_seasonal_vegetation,open_or_seasonal,6046152.880761356,0.6195889946334249
01051057,Kaiser-Wilhelm-Koog,13218612.582973186,5,Low Seasonal Vegetation,low_seasonal_vegetation,open_or_seasonal,9490903.601809166,0.7179954433367948
16068009,Elxleben,12182387.021896468,5,Low Seasonal Vegetation,low_seasonal_vegetation,open_or_seasonal,9194626.974637665,0.7547475677887558
12062024,Bad Liebenwerda,139221533.97102642,5,Low Seasonal Vegetation,low_seasonal_vegetation,open_or_seasonal,60744646.507772535,0.43631645748432984
12069537,Rosenau,49729511.31494759,5,Low Seasonal Vegetation,low_seasonal_vegetation,open_or_seasonal,19775432.04915922,0.39765989100349686
03355042,Wittorf,12084300.577132616,5,Low Seasonal Vegetation,low_seasonal_vegetation,open_or_seasonal,6890235.865816064,0.5701807747859737
01051062,Kronprinzenkoog,28357505.18953096,5,Low Seasonal Vegetation,low_seasonal_vegetation,open_or_seasonal,23164351.23511925,0.8168684473580234
16068014,Gebesee,23929036.68319125,5,Low Seasonal Vegetation,low_seasonal_vegetation,open_or_seasonal,19317262.256848007,0.8072728757366674
01051064,Kuden,11394487.396027938,5,Low Seasonal Vegetation,low_seasonal_vegetation,open_or_seasonal,4090650.201051838,0.3590025649137862
03355049,Amt Neuhaus,237864004.5582604,5,Low Seasonal Vegetation,low_seasonal_vegetation,open_or_seasonal,75667813.62999353,0.3181137632426435
14524150,Langenweißbach,22731716.17384742,5,Low Seasonal Vegetation,low_seasonal_vegetation,open_or_seasonal,8459005.784612061,0.37212350004369893
14628270,Pirna,53425302.548493326,5,Low Seasonal Vegetation,low_seasonal_vegetation,open_or_seasonal,11950280.430779008,0.22368203567835526
12069541,Roskow,39287218.17786935,5,Low Seasonal Vegetation,low_seasonal_vegetation,open_or_seasonal,26226137.620830216,0.6675488578013778
15087125,Edersleben,9134917.8716069,5,Low Seasonal Vegetation,low_seasonal_vegetation,open_or_seasonal,6769361.409393296,0.74104239409024
12070060,Cumlosen,22136539.600718543,5,Low Seasonal Vegetation,low_seasonal_vegetation,open_or_seasonal,6009163.013105218,0.2714590049526152
01051090,Ramhusen,4807202.395817772,5,Low Seasonal Vegetation,low_seasonal_vegetation,open_or_seasonal,3418837.482473768,0.7111906678712195
03355032,Rullstorf,22705490.788275145,5,Low Seasonal Vegetation,low_seasonal_vegetation,open_or_seasonal,9342331.838471185,0.411456943414562
03355033,Scharnebeck,27037799.21691025,5,Low Seasonal Vegetation,low_seasonal_vegetation,open_or_seasonal,9731143.525380038,0.3599088611951038
16068002,Andisleben,6730100.624243133,5,Low Seasonal Vegetation,low_seasonal_vegetation,open_or_seasonal,5991122.174994393,0.8901980088400469
14524180,Limbach-Oberfrohna,50092485.45446207,5,Low Seasonal Vegetation,low_seasonal_vegetation,open_or_seasonal,22568497.480771437,0.45053658799358126
01051097,Sankt Michaelisdonn,23004753.334857874,5,Low Seasonal Vegetation,low_seasonal_vegetation,open_or_seasonal,10092665.21930813,0.43872086226698437
12071372,Spremberg,202891853.28971308,5,Low Seasonal Vegetation,low_seasonal_vegetation,open_or_seasonal,52677005.2845141,0.259630953290646
15090310,Klietz,66361888.75843367,5,Low Seasonal Vegetation,low_seasonal_vegetation,open_or_seasonal,19217920.407836884,0.2895927281062288
12072232,Luckenwalde,46648169.57139833,5,Low Seasonal Vegetation,low_seasonal_vegetation,open_or_seasonal,10747241.204780005,0.2303893443949733
16068015,Griefstedt,5038003.124141913,5,Low Seasonal Vegetation,low_seasonal_vegetation,open_or_seasonal,4656480.209724784,0.9242710047977369
15089305,Schönebeck (Elbe),86651504.83816189,5,Low Seasonal Vegetation,low_seasonal_vegetation,open_or_seasonal,40582999.51540127,0.468347313658288
12072240,Ludwigsfelde,110371846.037488,5,Low Seasonal Vegetation,low_seasonal_vegetation,open_or_seasonal,27481582.317359306,0.24899087316184906
15087165,Gerbstedt,102354651.5951092,5,Low Seasonal Vegetation,low_seasonal_vegetation,open_or_seasonal,85336411.53943613,0.8337326170285528
12065100,Gransee,121765707.25394532,5,Low Seasonal Vegetation,low_seasonal_vegetation,open_or_seasonal,47545598.558027856,0.3904678881293759
15089310,Staßfurt,147453642.098848,5,Low Seasonal Vegetation,low_seasonal_vegetation,open_or_seasonal,114915511.73232871,0.7793331524174438
16068049,Schwerstedt,12696792.66930464,5,Low Seasonal Vegetation,low_seasonal_vegetation,open_or_seasonal,10899191.939585702,0.8584208802538961
14625120,Elsterheide,127662995.54836445,5,Low Seasonal Vegetation,low_seasonal_vegetation,open_or_seasonal,28211652.135250192,0.22098535299183356
16068051,Sömmerda,87917087.60362361,5,Low Seasonal Vegetation,low_seasonal_vegetation,open_or_seasonal,68581226.74940503,0.7800670906957837
01002000,Kiel,112723309.79272144,5,Low Seasonal Vegetation,low_seasonal_vegetation,open_or_seasonal,14498898.642016843,0.12862378392435245
16068053,Straußfurt,21957904.249343578,5,Low Seasonal Vegetation,low_seasonal_vegetation,open_or_seasonal,15629184.42452671,0.7117794233479243
16068057,Walschleben,16861722.674348123,5,Low Seasonal Vegetation,low_seasonal_vegetation,open_or_seasonal,14327722.36389503,0.849718776699602
16068058,Weißensee,55402086.43048872,5,Low Seasonal Vegetation,low_seasonal_vegetation,open_or_seasonal,48107509.04947004,0.8683338868442985
12061192,Groß Köris,69088656.33213338,5,Low Seasonal Vegetation,low_seasonal_vegetation,open_or_seasonal,1473213.6902998425,0.021323524996890778
03352004,Belum,25542530.37904467,5,Low Seasonal Vegetation,low_seasonal_vegetation,open_or_seasonal,11928770.574915636,0.4670160081204057
03352008,Bülkau,22980760.30528494,5,Low Seasonal Vegetation,low_seasonal_vegetation,open_or_seasonal,7725216.190429858,0.3361601656257331
12051000,Brandenburg an der Havel,229676220.47988737,5,Low Seasonal Vegetation,low_seasonal_vegetation,open_or_seasonal,49317108.29314819,0.2147244855828114
16068044,Riethnordhausen,12507221.29377836,5,Low Seasonal Vegetation,low_seasonal_vegetation,open_or_seasonal,10871521.65177012,0.8692195809454568
16068045,Ringleben,6612685.463937223,5,Low Seasonal Vegetation,low_seasonal_vegetation,open_or_seasonal,5446508.330247526,0.8236454553827591
03352011,Cuxhaven,161968595.94766963,5,Low Seasonal Vegetation,low_seasonal_vegetation,open_or_seasonal,51509865.6094905,0.3180237829939132
14522330,Lichtenau,49149615.820938915,5,Low Seasonal Vegetation,low_seasonal_vegetation,open_or_seasonal,27667676.331050344,0.5629276214863769
16075062,Bad Lobenstein,49171760.81963101,5,Low Seasonal Vegetation,low_seasonal_vegetation,open_or_seasonal,12088683.33689771,0.2458460534134768
16068059,Werningshausen,12699180.881688392,5,Low Seasonal Vegetation,low_seasonal_vegetation,open_or_seasonal,9986178.829076877,0.7863640121447886
03352002,Armstorf,39634923.870285094,5,Low Seasonal Vegetation,low_seasonal_vegetation,open_or_seasonal,15579184.2054248,0.39306709043800514
16075046,Hirschberg,24263319.632687926,5,Low Seasonal Vegetation,low_seasonal_vegetation,open_or_seasonal,10300666.652278945,0.4245365765367788
03352029,Lamstedt,52748696.2280303,5,Low Seasonal Vegetation,low_seasonal_vegetation,open_or_seasonal,20085182.44791403,0.38077116372860986
14522360,Mittweida,41127840.98173508,5,Low Seasonal Vegetation,low_seasonal_vegetation,open_or_seasonal,21466161.841472134,0.52193748392981
16068062,Wundersleben,6943238.073568635,5,Low Seasonal Vegetation,low_seasonal_vegetation,open_or_seasonal,5854749.299263094,0.8432303828887596
16068064,Kindelbrück,64497659.140878424,5,Low Seasonal Vegetation,low_seasonal_vegetation,open_or_seasonal,51237181.91440681,0.7944037442117468
16071101,Ilmtal-Weinstraße,84670578.55677061,5,Low Seasonal Vegetation,low_seasonal_vegetation,open_or_seasonal,69920337.94597335,0.8257926086933799
16075079,Paska,6513323.312807415,5,Low Seasonal Vegetation,low_seasonal_vegetation,open_or_seasonal,1738399.277509071,0.2668989690855335
03352036,Mittelstenahe,33789268.79522018,5,Low Seasonal Vegetation,low_seasonal_vegetation,open_or_seasonal,16694614.752935877,0.4940803796055359
14625160,Großdubrau,54384025.184921,5,Low Seasonal Vegetation,low_seasonal_vegetation,open_or_seasonal,21836903.86423346,0.4015315856077559
14522350,Lunzenau,28121157.817220245,5,Low Seasonal Vegetation,low_seasonal_vegetation,open_or_seasonal,14953577.089674236,0.5317553845708756
15091145,Jessen (Elster),354368138.6270962,5,Low Seasonal Vegetation,low_seasonal_vegetation,open_or_seasonal,163129934.51965225,0.4603402979501916
03352020,Hechthausen,30700812.16132706,5,Low Seasonal Vegetation,low_seasonal_vegetation,open_or_seasonal,5178437.266207796,0.16867427607439409
03352022,Hemmoor,45136113.48845031,5,Low Seasonal Vegetation,low_seasonal_vegetation,open_or_seasonal,12229010.997742774,0.2709362869905049
03352024,Hollnseth,20900774.153643504,5,Low Seasonal Vegetation,low_seasonal_vegetation,open_or_seasonal,8048777.44059007,0.3850947042163496
01051003,Averlak,9015229.290474849,5,Low Seasonal Vegetation,low_seasonal_vegetation,open_or_seasonal,3076972.2845793827,0.3413082668713036
03352025,Ihlienworth,40263231.48540739,5,Low Seasonal Vegetation,low_seasonal_vegetation,open_or_seasonal,12486310.448064273,0.3101169475825528
15001000,Dessau-Roßlau,246351623.04511577,5,Low Seasonal Vegetation,low_seasonal_vegetation,open_or_seasonal,70695077.33343016,0.28696818173787053
14627310,Weinböhla,19129566.25464748,5,Low Seasonal Vegetation,low_seasonal_vegetation,open_or_seasonal,2012028.404248346,0.10517898720048234
14521495,Pockau-Lengefeld,83505276.29702461,5,Low Seasonal Vegetation,low_seasonal_vegetation,open_or_seasonal,14624877.27006437,0.17513716400439563
12062410,Röderland,46885908.81827827,5,Low Seasonal Vegetation,low_seasonal_vegetation,open_or_seasonal,26749661.113948625,0.5705266633014563
01051010,Brickeln,6016044.624081735,5,Low Seasonal Vegetation,low_seasonal_vegetation,open_or_seasonal,1855566.867725316,0.30843635372943107
01051011,Brunsbüttel,49819003.98502033,5,Low Seasonal Vegetation,low_seasonal_vegetation,open_or_seasonal,19307691.25197139,0.38755674958449315
01051012,Buchholz,14556561.416269422,5,Low Seasonal Vegetation,low_seasonal_vegetation,open_or_seasonal,3594176.910686643,0.24691112192674444
12070008,Bad Wilsnack,79705672.07947846,5,Low Seasonal Vegetation,low_seasonal_vegetation,open_or_seasonal,17384489.695315707,0.2181085641932832
15091160,Kemberg,237161020.8747511,5,Low Seasonal Vegetation,low_seasonal_vegetation,open_or_seasonal,97496601.85837603,0.4110987610812558
16064003,Bad Langensalza,128346753.40334764,5,Low Seasonal Vegetation,low_seasonal_vegetation,open_or_seasonal,96487429.55275854,0.7517714861826952
16064004,Bad Tennstedt,27487298.077159584,5,Low Seasonal Vegetation,low_seasonal_vegetation,open_or_seasonal,24301635.586853158,0.8841041967324706
16064005,Ballhausen,14758485.728867829,5,Low Seasonal Vegetation,low_seasonal_vegetation,open_or_seasonal,13333599.677881332,0.9034530996496885
01058075,Hörsten,8835364.60918665,5,Low Seasonal Vegetation,low_seasonal_vegetation,open_or_seasonal,1182792.7982594303,0.13387028725782418
12061572,Zeuthen,13420943.976093616,5,Low Seasonal Vegetation,low_seasonal_vegetation,open_or_seasonal,278126.6183918359,0.020723327575709705
15083120,Burgstall,117254993.91869847,5,Low Seasonal Vegetation,low_seasonal_vegetation,open_or_seasonal,23198309.236492645,0.19784495705639404
12071301,Neuhausen/Spree,135095830.3552456,5,Low Seasonal Vegetation,low_seasonal_vegetation,open_or_seasonal,38448929.45225074,0.2846048567979198
12061112,Eichwalde,2832709.8299547434,5,Low Seasonal Vegetation,low_seasonal_vegetation,open_or_seasonal,52296.675020484945,0.018461712692019874
15083125,Calvörde,122650835.84860626,5,Low Seasonal Vegetation,low_seasonal_vegetation,open_or_seasonal,45277138.223361686,0.3691547465624238
14521035,Aue-Bad Schlema,36185659.69923068,5,Low Seasonal Vegetation,low_seasonal_vegetation,open_or_seasonal,5432301.9975943165,0.15012306097903777
14628210,Königstein/Sächs.Schw.,27282672.13891542,5,Low Seasonal Vegetation,low_seasonal_vegetation,open_or_seasonal,2396341.709477786,0.08783383450405122
14730180,Löbnitz,37284402.757531345,5,Low Seasonal Vegetation,low_seasonal_vegetation,open_or_seasonal,17217451.666689776,0.4617869777520279
16075098,Schleiz,108245226.3545657,5,Low Seasonal Vegetation,low_seasonal_vegetation,open_or_seasonal,29052172.36908758,0.26839218086093625
14627360,Zeithain,81605776.3716208,5,Low Seasonal Vegetation,low_seasonal_vegetation,open_or_seasonal,25630630.10724661,0.3140786258870752
12062464,Schraden,16551361.52234092,5,Low Seasonal Vegetation,low_seasonal_vegetation,open_or_seasonal,9739681.072654912,0.5884519566265503
16053000,Jena,114776189.22505067,5,Low Seasonal Vegetation,low_seasonal_vegetation,open_or_seasonal,22001996.95928116,0.19169478537173004
16064022,Herbsleben,25017104.631884605,5,Low Seasonal Vegetation,low_seasonal_vegetation,open_or_seasonal,21558339.694067266,0.8617439952100172
03355003,Artlenburg,11787911.580612302,5,Low Seasonal Vegetation,low_seasonal_vegetation,open_or_seasonal,5661124.875116712,0.48024833206482664
03355004,Bardowick,23127933.12518663,5,Low Seasonal Vegetation,low_seasonal_vegetation,open_or_seasonal,9546305.83993675,0.41276087181092264
12062453,Schönborn,38929792.26194864,5,Low Seasonal Vegetation,low_seasonal_vegetation,open_or_seasonal,10666584.965490824,0.2739954247307074
15084025,Balgstädt,32848242.337743822,5,Low Seasonal Vegetation,low_seasonal_vegetation,open_or_seasonal,24244271.500799544,0.7380690647469438
01061101,Sommerland,19077815.414614964,5,Low Seasonal Vegetation,low_seasonal_vegetation,open_or_seasonal,10085207.689617265,0.5286353531804946
16064019,Großvargula,15214475.91359024,5,Low Seasonal Vegetation,low_seasonal_vegetation,open_or_seasonal,12762012.96997531,0.8388072676611699
12067288,Langewahl,13380797.535019713,5,Low Seasonal Vegetation,low_seasonal_vegetation,open_or_seasonal,627806.5139201818,0.04691846747378925
01061102,Stördorf,7208056.0397156,5,Low Seasonal Vegetation,low_seasonal_vegetation,open_or_seasonal,3949232.926048249,0.5478915402833174
01061103,Störkathen,2005973.5893690065,5,Low Seasonal Vegetation,low_seasonal_vegetation,open_or_seasonal,529886.6794582072,0.26415436487620303
01061104,Süderau,9136918.75002405,5,Low Seasonal Vegetation,low_seasonal_vegetation,open_or_seasonal,6458482.383459726,0.7068556216988059
01061105,Vaale,14927650.039076356,5,Low Seasonal Vegetation,low_seasonal_vegetation,open_or_seasonal,4208906.709620484,0.28195373676384156
03355018,Hittbergen,14690458.487502694,5,Low Seasonal Vegetation,low_seasonal_vegetation,open_or_seasonal,6358491.450475599,0.43283138207597976
01061106,Vaalermoor,6202368.1675856095,5,Low Seasonal Vegetation,low_seasonal_vegetation,open_or_seasonal,12958.20138202415,0.0020892344717208843
03355019,Hohnstorf (Elbe),10232542.832744556,5,Low Seasonal Vegetation,low_seasonal_vegetation,open_or_seasonal,3735987.2402884657,0.3651083900995903
01061109,Westermoor,9361103.215152033,5,Low Seasonal Vegetation,low_seasonal_vegetation,open_or_seasonal,1288092.6313634894,0.1376005158535761
12062461,Schönewalde,156495738.43898296,5,Low Seasonal Vegetation,low_seasonal_vegetation,open_or_seasonal,62017304.37125577,0.39628749632333315
03355021,Lüdersburg,19123323.277192023,5,Low Seasonal Vegetation,low_seasonal_vegetation,open_or_seasonal,7037974.712075774,0.36803094368382167
03355022,Lüneburg,71033121.37965915,5,Low Seasonal Vegetation,low_seasonal_vegetation,open_or_seasonal,16789033.205545425,0.23635499721054196
01061110,Wewelsfleth,17434047.597677477,5,Low Seasonal Vegetation,low_seasonal_vegetation,open_or_seasonal,3849057.839881707,0.22077821104460388
03355024,Melbeck,16191367.481679091,5,Low Seasonal Vegetation,low_seasonal_vegetation,open_or_seasonal,6755224.2043343065,0.4172114685172824
03355026,Neetze,26931703.774280805,5,Low Seasonal Vegetation,low_seasonal_vegetation,open_or_seasonal,11771372.228824334,0.4370823445661741
12071341,Schmogrow-Fehrow,30425558.583853245,5,Low Seasonal Vegetation,low_seasonal_vegetation,open_or_seasonal,4923796.7739185095,0.16183094092910275
03355028,Radbruch,22502434.334318295,5,Low Seasonal Vegetation,low_seasonal_vegetation,open_or_seasonal,4821797.395602387,0.21427892306961208
03355007,Barum,9859128.19252681,5,Low Seasonal Vegetation,low_seasonal_vegetation,open_or_seasonal,3999232.9365362697,0.40563758361187313
03355009,Bleckede,140428645.90070593,5,Low Seasonal Vegetation,low_seasonal_vegetation,open_or_seasonal,45377630.44715431,0.32313656630456905
13071077,Klink,25077178.987248123,5,Low Seasonal Vegetation,low_seasonal_vegetation,open_or_seasonal,6288437.339371306,0.25076334712804055
15085365,Wegeleben,51803398.39313342,5,Low Seasonal Vegetation,low_seasonal_vegetation,open_or_seasonal,45177124.82619956,0.8720880526669815
03355011,Brietlingen,19952780.234822452,5,Low Seasonal Vegetation,low_seasonal_vegetation,open_or_seasonal,8458513.28252559,0.42392654973282506
03355014,Deutsch Evern,11067871.539230255,5,Low Seasonal Vegetation,low_seasonal_vegetation,open_or_seasonal,2061688.2564284543,0.1862768508941187
03355015,Echem,10383318.339279251,5,Low Seasonal Vegetation,low_seasonal_vegetation,open_or_seasonal,2793121.8435127796,0.2690008870234312
03355017,Handorf,9845690.275817502,5,Low Seasonal Vegetation,low_seasonal_vegetation,open_or_seasonal,4795941.420245673,0.487110734330657
13071069,Jabel,79860158.60251059,5,Low Seasonal Vegetation,low_seasonal_vegetation,open_or_seasonal,15681190.265602,0.19635811573643713
01061112,Willenscharen,7589153.329741799,5,Low Seasonal Vegetation,low_seasonal_vegetation,open_or_seasonal,3970137.0519939596,0.52313306629806
01061113,Wilster,2755912.6525660716,5,Low Seasonal Vegetation,low_seasonal_vegetation,open_or_seasonal,287479.1590490936,0.10431359599928447
01061114,Winseldorf,5442342.502822228,5,Low Seasonal Vegetation,low_seasonal_vegetation,open_or_seasonal,1934163.3513019357,0.35539169949317584
01061115,Wittenbergen,4565265.492505508,5,Low Seasonal Vegetation,low_seasonal_vegetation,open_or_seasonal,2569976.1033556634,0.562941215045351
01061116,Wrist,10045281.12016296,5,Low Seasonal Vegetation,low_seasonal_vegetation,open_or_seasonal,2475345.6442136085,0.24641875270619126
01061117,Wulfsmoor,8798835.287076786,5,Low Seasonal Vegetation,low_seasonal_vegetation,open_or_seasonal,2730683.1672719065,0.310345980823459
01061118,Kollmar,25531602.062536076,5,Low Seasonal Vegetation,low_seasonal_vegetation,open_or_seasonal,16547847.025311103,0.648131949760907
01061119,Neuendorf-Sachsenbande,19409666.285051152,5,Low Seasonal Vegetation,low_seasonal_vegetation,open_or_seasonal,1736553.1728063182,0.08946847139477966
14522300,Kriebstein,31209092.964952536,5,Low Seasonal Vegetation,low_seasonal_vegetation,open_or_seasonal,21929721.981294315,0.702670917284304
01058007,Arpsdorf,12052928.258576203,5,Low Seasonal Vegetation,low_seasonal_vegetation,open_or_seasonal,6958039.834835495,0.5772904049175382
16074112,Wichmar,5198804.2403446855,5,Low Seasonal Vegetation,low_seasonal_vegetation,open_or_seasonal,2708823.2267953614,0.5210473604245125
15090220,Hassel,20426442.347355027,5,Low Seasonal Vegetation,low_seasonal_vegetation,open_or_seasonal,14309565.051574389,0.7005412302464555
12061510,Unterspreewald,26090958.937346227,5,Low Seasonal Vegetation,low_seasonal_vegetation,open_or_seasonal,4214958.4633091455,0.1615486220123521
13071093,Malchow,45040461.49018636,5,Low Seasonal Vegetation,low_seasonal_vegetation,open_or_seasonal,8909589.416511388,0.19781301349349303
15090225,Havelberg,150161438.5532544,5,Low Seasonal Vegetation,low_seasonal_vegetation,open_or_seasonal,38536631.92922199,0.25663467465753576
14625570,Spreetal,109091756.93335482,5,Low Seasonal Vegetation,low_seasonal_vegetation,open_or_seasonal,9359569.443651363,0.08579538644124332
15091110,Gräfenhainichen,160149892.23009607,5,Low Seasonal Vegetation,low_seasonal_vegetation,open_or_seasonal,24222154.83538098,0.15124677574293768
14522320,Leubsdorf,34311583.95952025,5,Low Seasonal Vegetation,low_seasonal_vegetation,open_or_seasonal,14072040.401454693,0.41012505916533765
15082241,Muldestausee,138658706.97638956,5,Low Seasonal Vegetation,low_seasonal_vegetation,open_or_seasonal,36198517.484904915,0.2610619864720699
12070424,Wittenberge,50422521.378002,5,Low Seasonal Vegetation,low_seasonal_vegetation,open_or_seasonal,12659324.393929057,0.25106488227802076
14524080,Glauchau,52051737.980342254,5,Low Seasonal Vegetation,low_seasonal_vegetation,open_or_seasonal,20232669.413476378,0.388703051973354
01058024,Borgstedt,9109666.740652576,5,Low Seasonal Vegetation,low_seasonal_vegetation,open_or_seasonal,4847604.228392404,0.5321384817250892
16075035,Gössitz,12742099.08847928,5,Low Seasonal Vegetation,low_seasonal_vegetation,open_or_seasonal,4020030.889954478,0.31549204428877603
01058026,Bovenau,26323947.191626538,5,Low Seasonal Vegetation,low_seasonal_vegetation,open_or_seasonal,17128650.781421892,0.6506870210889344
01058029,Breiholz,18562396.11933431,5,Low Seasonal Vegetation,low_seasonal_vegetation,open_or_seasonal,3688536.309936266,0.1987101388324723
01058009,Aukrug,49904592.123153016,5,Low Seasonal Vegetation,low_seasonal_vegetation,open_or_seasonal,13888326.192609021,0.27829755943773343
15083557,Westheide,51253854.469688304,5,Low Seasonal Vegetation,low_seasonal_vegetation,open_or_seasonal,11243796.47498111,0.2193746517470355
14522310,Leisnig,78127693.60088934,5,Low Seasonal Vegetation,low_seasonal_vegetation,open_or_seasonal,49848915.035515435,0.6380441139113314
12070416,Weisen,15519249.70929966,5,Low Seasonal Vegetation,low_seasonal_vegetation,open_or_seasonal,4360211.49312418,0.28095504452843445
16075023,Eßbach,5443529.330009976,5,Low Seasonal Vegetation,low_seasonal_vegetation,open_or_seasonal,1807380.6388633638,0.33202367972913105
11000000,Berlin,893023743.1274061,5,Low Seasonal Vegetation,low_seasonal_vegetation,open_or_seasonal,76824501.6499977,0.08602738979923995
15090245,Hohenberg-Krusemark,63950074.736398935,5,Low Seasonal Vegetation,low_seasonal_vegetation,open_or_seasonal,43158079.53123974,0.6748714479089598
12069460,Päwesin,23664940.770002447,5,Low Seasonal Vegetation,low_seasonal_vegetation,open_or_seasonal,8875196.465204217,0.3750356509006931
14730120,Elsnig,37026728.72282651,5,Low Seasonal Vegetation,low_seasonal_vegetation,open_or_seasonal,24881002.583040267,0.6719740965855685
12067201,Grünheide (Mark),126594762.92223091,5,Low Seasonal Vegetation,low_seasonal_vegetation,open_or_seasonal,3294263.535628394,0.026022115446056093
15089235,Nienburg (Saale),79383374.10226241,5,Low Seasonal Vegetation,low_seasonal_vegetation,open_or_seasonal,60871154.73607581,0.7667997918261955
01058044,Ehndorf,14678370.184088688,5,Low Seasonal Vegetation,low_seasonal_vegetation,open_or_seasonal,6864760.834338486,0.467678682867657
15087055,Berga,25953198.57920447,5,Low Seasonal Vegetation,low_seasonal_vegetation,open_or_seasonal,12961055.519003099,0.4994010845887955
12069454,Nuthetal,48492811.13124999,5,Low Seasonal Vegetation,low_seasonal_vegetation,open_or_seasonal,7385612.097616766,0.15230323681642147
14524090,Hartenstein,36873390.54000072,5,Low Seasonal Vegetation,low_seasonal_vegetation,open_or_seasonal,13090796.224499451,0.3550201387176042
14730110,Eilenburg,46790885.02567576,5,Low Seasonal Vegetation,low_seasonal_vegetation,open_or_seasonal,25004282.524050437,0.5343836200219281
15089245,Plötzkau,23962093.80644673,5,Low Seasonal Vegetation,low_seasonal_vegetation,open_or_seasonal,17920926.56725832,0.7478865040765719
15082256,Osternienburger Land,140361657.66805235,5,Low Seasonal Vegetation,low_seasonal_vegetation,open_or_seasonal,105186187.98724645,0.7493940277907378
15083580,Zielitz,11433584.155043542,5,Low Seasonal Vegetation,low_seasonal_vegetation,open_or_seasonal,4897599.231739884,0.4283520517561829
01058034,Büdelsdorf,6463502.891730439,5,Low Seasonal Vegetation,low_seasonal_vegetation,open_or_seasonal,206080.95455811798,0.0318837877866169
01058035,Bünsdorf,13321317.89180483,5,Low Seasonal Vegetation,low_seasonal_vegetation,open_or_seasonal,7493147.903306931,0.5624929878684644
12054000,Potsdam,187155026.6169255,5,Low Seasonal Vegetation,low_seasonal_vegetation,open_or_seasonal,31789189.627527576,0.16985485349850976
15083565,Wolmirstedt,54729728.17133828,5,Low Seasonal Vegetation,low_seasonal_vegetation,open_or_seasonal,26006949.450463682,0.4751887195391445
15084445,Schönburg,14798621.05160239,5,Low Seasonal Vegetation,low_seasonal_vegetation,open_or_seasonal,9229885.588959007,0.623699029576786
14729100,Elstertrebnitz,11624845.86654578,5,Low Seasonal Vegetation,low_seasonal_vegetation,open_or_seasonal,7115754.976786505,0.6121160709119052
14730140,Jesewitz,52617272.90102957,5,Low Seasonal Vegetation,low_seasonal_vegetation,open_or_seasonal,43745560.64226203,0.8313916368213383
12061540,Wildau,8874288.783778869,5,Low Seasonal Vegetation,low_seasonal_vegetation,open_or_seasonal,1537609.942645546,0.17326570952436346
15083115,Bülstringen,25524334.42581953,5,Low Seasonal Vegetation,low_seasonal_vegetation,open_or_seasonal,10772857.538060943,0.4220622312158508
16071015,Eberstedt,4115704.6694074017,5,Low Seasonal Vegetation,low_seasonal_vegetation,open_or_seasonal,3186457.5361200925,0.7742191901682035
15090285,Kamern,68271652.2899516,5,Low Seasonal Vegetation,low_seasonal_vegetation,open_or_seasonal,19843394.90856761,0.2906535032181756
12069028,Bensdorf,34343518.53523056,5,Low Seasonal Vegetation,low_seasonal_vegetation,open_or_seasonal,14615881.898377653,0.42557904727741463
14730160,Laußig,103823560.27216558,5,Low Seasonal Vegetation,low_seasonal_vegetation,open_or_seasonal,37626287.05631153,0.3624060565605444
16071001,Apolda,46276500.00416577,5,Low Seasonal Vegetation,low_seasonal_vegetation,open_or_seasonal,30590018.91706819,0.6610270637216407
16071003,Bad Berka,54593402.287365526,5,Low Seasonal Vegetation,low_seasonal_vegetation,open_or_seasonal,14686216.261731425,0.26901082633441653
16071004,Bad Sulza,93949547.55477688,5,Low Seasonal Vegetation,low_seasonal_vegetation,open_or_seasonal,74140344.83674708,0.7891506320828194
15090270,Iden,37826011.59551551,5,Low Seasonal Vegetation,low_seasonal_vegetation,open_or_seasonal,24513836.57648923,0.6480682351240934
16071009,Buchfart,7263662.231930096,5,Low Seasonal Vegetation,low_seasonal_vegetation,open_or_seasonal,309768.5353728238,0.04264632983773976
12065036,Birkenwerder,17775945.98677081,5,Low Seasonal Vegetation,low_seasonal_vegetation,open_or_seasonal,483631.25188607717,0.027207061286415056
13071001,Alt Schwerin,44381761.02719912,5,Low Seasonal Vegetation,low_seasonal_vegetation,open_or_seasonal,8107305.92048536,0.18267201960546003
12069017,Beelitz,181455267.83634016,5,Low Seasonal Vegetation,low_seasonal_vegetation,open_or_seasonal,44701762.65839645,0.24635141867975024
12069018,Beetzsee,21334744.806759752,5,Low Seasonal Vegetation,low_seasonal_vegetation,open_or_seasonal,10023706.957188046,0.4698301783301439
12069019,Beetzseeheide,37603644.4417689,5,Low Seasonal Vegetation,low_seasonal_vegetation,open_or_seasonal,18636135.670026034,0.49559386986772014
16071031,Hetschburg,2806792.266105883,5,Low Seasonal Vegetation,low_seasonal_vegetation,open_or_seasonal,718755.9081561908,0.2560773438190301
13071036,Fünfseen,51514717.33507943,5,Low Seasonal Vegetation,low_seasonal_vegetation,open_or_seasonal,23141827.180214915,0.4492274902662869
16071022,Großheringen,6057917.431900784,5,Low Seasonal Vegetation,low_seasonal_vegetation,open_or_seasonal,2885482.6421784326,0.4763159410168882
15090610,Werben (Elbe),53294556.63491746,5,Low Seasonal Vegetation,low_seasonal_vegetation,open_or_seasonal,30847639.841308787,0.5788140813821513
14729170,Groitzsch,70102504.26428947,5,Low Seasonal Vegetation,low_seasonal_vegetation,open_or_seasonal,39572722.80579553,0.5644979907793972
16071056,Mellingen,14402466.832059782,5,Low Seasonal Vegetation,low_seasonal_vegetation,open_or_seasonal,9739244.084953258,0.6762205529454006
12065084,Fürstenberg/Havel,214561334.25998983,5,Low Seasonal Vegetation,low_seasonal_vegetation,open_or_seasonal,28510402.443431366,0.1328776339957158
14729160,Grimma,218262734.2336526,5,Low Seasonal Vegetation,low_seasonal_vegetation,open_or_seasonal,134925652.5874796,0.6181799795609645
12063244,Premnitz,46200413.25616827,5,Low Seasonal Vegetation,low_seasonal_vegetation,open_or_seasonal,5526220.409766647,0.11961409044385193
12063228,Paulinenaue,31721999.89801838,5,Low Seasonal Vegetation,low_seasonal_vegetation,open_or_seasonal,13145784.440689342,0.4144059164917448
15090631,Wust-Fischbeck,68361806.37525818,5,Low Seasonal Vegetation,low_seasonal_vegetation,open_or_seasonal,31470728.887469705,0.46035543172627075
14522290,Königshain-Wiederau,31122770.43727965,5,Low Seasonal Vegetation,low_seasonal_vegetation,open_or_seasonal,21199166.374023307,0.6811465070805652
15090635,Zehrental,72718261.80264291,5,Low Seasonal Vegetation,low_seasonal_vegetation,open_or_seasonal,26559984.864921555,0.3652450458318882
13071043,Göhren-Lebbin,41562504.55205552,5,Low Seasonal Vegetation,low_seasonal_vegetation,open_or_seasonal,16648053.406935776,0.4005546245675521
13071045,Gotthun,10031714.719820186,5,Low Seasonal Vegetation,low_seasonal_vegetation,open_or_seasonal,5969652.416087141,0.5950779685044856
15088305,Querfurt,156684041.7985942,5,Low Seasonal Vegetation,low_seasonal_vegetation,open_or_seasonal,93236935.00933707,0.5950633768382506
15086145,Möser,81009143.90285742,5,Low Seasonal Vegetation,low_seasonal_vegetation,open_or_seasonal,29750472.427944053,0.36724832524609197
12063260,Rhinow,31837856.508433804,5,Low Seasonal Vegetation,low_seasonal_vegetation,open_or_seasonal,11256287.48425171,0.35355041823465516
16071064,Niedertrebra,9012958.996060198,5,Low Seasonal Vegetation,low_seasonal_vegetation,open_or_seasonal,7052437.651480882,0.7824775031777786
12060198,Schorfheide,238606548.50860944,5,Low Seasonal Vegetation,low_seasonal_vegetation,open_or_seasonal,37476803.47507932,0.15706527632759867
16071069,Obertrebra,3324050.15367275,5,Low Seasonal Vegetation,low_seasonal_vegetation,open_or_seasonal,2425103.520275043,0.7295628549995073
15087015,Allstedt,149497962.79355845,5,Low Seasonal Vegetation,low_seasonal_vegetation,open_or_seasonal,90634970.43231633,0.6062622442385657
16071071,Oettern,3602385.033769388,5,Low Seasonal Vegetation,low_seasonal_vegetation,open_or_seasonal,1028248.1766816243,0.28543538989937106
12063252,Rathenow,113331297.0500876,5,Low Seasonal Vegetation,low_seasonal_vegetation,open_or_seasonal,23593826.33357234,0.2081845610850538
16067067,Tonna,30540085.398235098,5,Low Seasonal Vegetation,low_seasonal_vegetation,open_or_seasonal,24129399.80242933,0.7900894672620582
14627270,Strehla,30423270.693645723,5,Low Seasonal Vegetation,low_seasonal_vegetation,open_or_seasonal,22205243.356531527,0.729876928096668
15088330,Schkopau,99688497.68444872,5,Low Seasonal Vegetation,low_seasonal_vegetation,open_or_seasonal,45687732.742469974,0.45830495798109716
15085285,Schwanebeck,32944606.57600601,5,Low Seasonal Vegetation,low_seasonal_vegetation,open_or_seasonal,28363158.13947211,0.8609347959289145
12066304,Senftenberg,128211122.853599,5,Low Seasonal Vegetation,low_seasonal_vegetation,open_or_seasonal,20161434.041618317,0.15725183270284704
15088319,Salzatal,110097013.90878391,5,Low Seasonal Vegetation,low_seasonal_vegetation,open_or_seasonal,83408371.79518703,0.7575897731821446
12061061,Byhleguhre-Byhlen,35807579.871736184,5,Low Seasonal Vegetation,low_seasonal_vegetation,open_or_seasonal,2845006.848249663,0.07945264266506037
12063274,Seeblick,48592905.63152763,5,Low Seasonal Vegetation,low_seasonal_vegetation,open_or_seasonal,15351795.27045365,0.3159266784098877
14524050,Dennheritz,13034982.459386006,5,Low Seasonal Vegetation,low_seasonal_vegetation,open_or_seasonal,9020303.86562824,0.6920073650834149
12068109,Dreetz,64804566.76798928,5,Low Seasonal Vegetation,low_seasonal_vegetation,open_or_seasonal,17863415.01347578,0.2756505583538528
15085287,Selke-Aue,36645534.96901242,5,Low Seasonal Vegetation,low_seasonal_vegetation,open_or_seasonal,25743852.32272298,0.7025099331880968
14628160,Heidenau,10960781.690978736,5,Low Seasonal Vegetation,low_seasonal_vegetation,open_or_seasonal,2591984.820298924,0.23647809922464338
12068117,Fehrbellin,269809478.4721361,5,Low Seasonal Vegetation,low_seasonal_vegetation,open_or_seasonal,126851189.0758041,0.47015097391733907
12063293,Stechow-Ferchesar,51169638.88332954,5,Low Seasonal Vegetation,low_seasonal_vegetation,open_or_seasonal,8425900.028183715,0.16466600531216125
12066316,Tettau,8945355.58874562,5,Low Seasonal Vegetation,low_seasonal_vegetation,open_or_seasonal,3063232.343333416,0.34243829805797177
14522220,Großweitzschen,44373569.65298103,5,Low Seasonal Vegetation,low_seasonal_vegetation,open_or_seasonal,34318537.78224003,0.7734004284673208
01053111,Schnakenbek,12863118.632286277,5,Low Seasonal Vegetation,low_seasonal_vegetation,open_or_seasonal,3440195.4435781213,0.2674464522890484
12066320,Vetschau/Spreewald,111737275.9909628,5,Low Seasonal Vegetation,low_seasonal_vegetation,open_or_seasonal,40482156.80705535,0.3622976884663763
01061068,Moordiek,6108671.251558565,5,Low Seasonal Vegetation,low_seasonal_vegetation,open_or_seasonal,1768307.3417639225,0.2894749560000887
14522210,Großschirma,60840797.64450919,5,Low Seasonal Vegetation,low_seasonal_vegetation,open_or_seasonal,28409563.19609735,0.46694922315275206
15088365,Teutschenthal,91010959.29253116,5,Low Seasonal Vegetation,low_seasonal_vegetation,open_or_seasonal,68315765.88969707,0.7506323020957699
01061070,Moorhusen,4680819.072597697,5,Low Seasonal Vegetation,low_seasonal_vegetation,open_or_seasonal,298841.11365977133,0.0638437651669208
01061071,Mühlenbarbek,8689034.400647178,5,Low Seasonal Vegetation,low_seasonal_vegetation,open_or_seasonal,2633004.072377301,0.303026084484277
01061072,Münsterdorf,5127199.219461409,5,Low Seasonal Vegetation,low_seasonal_vegetation,open_or_seasonal,1080460.1747859395,0.21073106944719758
01061073,Neuenbrook,14553179.083359554,5,Low Seasonal Vegetation,low_seasonal_vegetation,open_or_seasonal,6531579.061133913,0.44880771573836215
01061074,Neuendorf b.Elmshorn,14969481.54662961,5,Low Seasonal Vegetation,low_seasonal_vegetation,open_or_seasonal,6067468.938660229,0.40532258380226427
01061077,Nortorf,19760226.625098795,5,Low Seasonal Vegetation,low_seasonal_vegetation,open_or_seasonal,2639036.6091977498,0.1335529525681518
01061056,Kremperheide,3909952.916742796,5,Low Seasonal Vegetation,low_seasonal_vegetation,open_or_seasonal,782438.1004714016,0.2001144558853704
01061057,Krempermoor,1590372.9546691887,5,Low Seasonal Vegetation,low_seasonal_vegetation,open_or_seasonal,52955.014332314546,0.033297230172861965
01061058,Kronsmoor,6061000.773229629,5,Low Seasonal Vegetation,low_seasonal_vegetation,open_or_seasonal,1103837.06071096,0.18212125390024922
01061059,Krummendiek,1777580.5175996495,5,Low Seasonal Vegetation,low_seasonal_vegetation,open_or_seasonal,464191.0083829075,0.26113641761202827
01053132,Witzeeze,10490476.35354798,5,Low Seasonal Vegetation,low_seasonal_vegetation,open_or_seasonal,5634806.126827445,0.5371353918472634
01061060,Kudensee,3058946.5437029824,5,Low Seasonal Vegetation,low_seasonal_vegetation,open_or_seasonal,14269.300731029309,0.004664776100910781
01061061,Lägerdorf,6017422.051195726,5,Low Seasonal Vegetation,low_seasonal_vegetation,open_or_seasonal,1624208.939950609,0.26991773655428764
01061062,Landrecht,3973769.81040807,5,Low Seasonal Vegetation,low_seasonal_vegetation,open_or_seasonal,1632958.2544239245,0.4109342846550627
12070348,Rühstädt,28839856.53516522,5,Low Seasonal Vegetation,low_seasonal_vegetation,open_or_seasonal,10452911.237953566,0.36244671415782
01061063,Landscheide,7471946.212688744,5,Low Seasonal Vegetation,low_seasonal_vegetation,open_or_seasonal,420427.68152208655,0.05626749304058463
01061065,Lohbarbek,6187044.975900173,5,Low Seasonal Vegetation,low_seasonal_vegetation,open_or_seasonal,2452591.622317297,0.39640759552753396
01061089,Rade,3867472.471191589,5,Low Seasonal Vegetation,low_seasonal_vegetation,open_or_seasonal,953055.0117578951,0.24642838930518718
16052000,Gera,152278976.54911166,5,Low Seasonal Vegetation,low_seasonal_vegetation,open_or_seasonal,65011196.82588455,0.42692168215957055
15087412,Südharz,237698062.06504953,5,Low Seasonal Vegetation,low_seasonal_vegetation,open_or_seasonal,56730886.25179954,0.23866785349000577
15091020,Bad Schmiedeberg,161264283.8893097,5,Low Seasonal Vegetation,low_seasonal_vegetation,open_or_seasonal,60639414.890234716,0.376025077765248
01061092,Rethwisch,9857483.889929311,5,Low Seasonal Vegetation,low_seasonal_vegetation,open_or_seasonal,2792561.3991494523,0.2832935290923897
01061093,Rosdorf,5564646.35937899,5,Low Seasonal Vegetation,low_seasonal_vegetation,open_or_seasonal,793357.2033317342,0.14257100129904252
01061095,Sankt Margarethen,10907148.485725673,5,Low Seasonal Vegetation,low_seasonal_vegetation,open_or_seasonal,766451.1783082437,0.07027053673206231
01061096,Sarlhusen,10855186.839878488,5,Low Seasonal Vegetation,low_seasonal_vegetation,open_or_seasonal,5462820.398329238,0.5032451747638816
01061078,Nutteln,6927739.898304315,5,Low Seasonal Vegetation,low_seasonal_vegetation,open_or_seasonal,1710627.2854601908,0.24692429429674412
01061079,Oelixdorf,10421112.12352709,5,Low Seasonal Vegetation,low_seasonal_vegetation,open_or_seasonal,2067544.3636712083,0.1983995891382306
16074087,Schöps,4478794.546624605,5,Low Seasonal Vegetation,low_seasonal_vegetation,open_or_seasonal,1533489.2726672918,0.3423888407256791
01061080,Oeschebüttel,5524785.212854512,5,Low Seasonal Vegetation,low_seasonal_vegetation,open_or_seasonal,1654757.0725838034,0.2995151863521648
01061082,Oldendorf,9939945.078587117,5,Low Seasonal Vegetation,low_seasonal_vegetation,open_or_seasonal,3755105.8374049994,0.37777933456537344
14523100,Elsterberg,25111355.614682466,5,Low Seasonal Vegetation,low_seasonal_vegetation,open_or_seasonal,9799915.133782348,0.39025830720394855
01061083,Ottenbüttel,9884525.83306927,5,Low Seasonal Vegetation,low_seasonal_vegetation,open_or_seasonal,4010035.406175284,0.4056881912088764
01061088,Quarnstedt,10544249.879197149,5,Low Seasonal Vegetation,low_seasonal_vegetation,open_or_seasonal,6767864.73076715,0.6418535987201456
14522250,Hartha,54327358.423452094,5,Low Seasonal Vegetation,low_seasonal_vegetation,open_or_seasonal,36480954.785219915,0.6715024592374028
16074092,Silbitz,11499154.90325085,5,Low Seasonal Vegetation,low_seasonal_vegetation,open_or_seasonal,2345270.585704569,0.20395156039176
15091060,Coswig (Anhalt),297144551.46010095,5,Low Seasonal Vegetation,low_seasonal_vegetation,open_or_seasonal,90250169.79134877,0.30372480110397415
16074095,Sulza,4005551.924623769,5,Low Seasonal Vegetation,low_seasonal_vegetation,open_or_seasonal,1473580.2364568966,0.36788444244055235
03354007,Gorleben,21487097.67770413,5,Low Seasonal Vegetation,low_seasonal_vegetation,open_or_seasonal,3164315.0935112573,0.14726582160952695
16074079,Rothenstein,10579228.724550435,5,Low Seasonal Vegetation,low_seasonal_vegetation,open_or_seasonal,2835323.663737254,0.26800854179071937
03354008,Gusborn,48491376.01329376,5,Low Seasonal Vegetation,low_seasonal_vegetation,open_or_seasonal,21403054.905161276,0.4413785844991014
03354009,Hitzacker (Elbe),58662905.24018873,5,Low Seasonal Vegetation,low_seasonal_vegetation,open_or_seasonal,16305275.35283286,0.2779486506178432
12061450,Schwielochsee,132472887.78208888,5,Low Seasonal Vegetation,low_seasonal_vegetation,open_or_seasonal,18733290.053918883,0.14141225701016036
14627210,Radebeul,26133003.26302892,5,Low Seasonal Vegetation,low_seasonal_vegetation,open_or_seasonal,2696881.1555895978,0.10319828641375291
12061476,Straupitz (Spreewald),21807438.76537854,5,Low Seasonal Vegetation,low_seasonal_vegetation,open_or_seasonal,3458099.8953994815,0.15857432560533227
15087440,Wallhausen,35283068.20538191,5,Low Seasonal Vegetation,low_seasonal_vegetation,open_or_seasonal,23143607.94832774,0.6559409123268233
14522280,Königsfeld,28243183.274728227,5,Low Seasonal Vegetation,low_seasonal_vegetation,open_or_seasonal,18753902.506470636,0.6640151828512715
03354010,Höhbeck,19520250.879640423,5,Low Seasonal Vegetation,low_seasonal_vegetation,open_or_seasonal,3803594.6239720806,0.19485377761918118
03354011,Jameln,36188107.745241165,5,Low Seasonal Vegetation,low_seasonal_vegetation,open_or_seasonal,19579107.0985807,0.5410370510780688
03354014,Langendorf,41002820.836602144,5,Low Seasonal Vegetation,low_seasonal_vegetation,open_or_seasonal,9709125.547269166,0.2367916487004739
03354016,Luckau (Wendland),22416424.025399774,5,Low Seasonal Vegetation,low_seasonal_vegetation,open_or_seasonal,12221867.286115358,0.5452193120663185
12063202,Mühlenberge,39770693.247935206,5,Low Seasonal Vegetation,low_seasonal_vegetation,open_or_seasonal,17758603.20644886,0.44652485929122804
12063208,Nauen,268850815.32388854,5,Low Seasonal Vegetation,low_seasonal_vegetation,open_or_seasonal,132320385.63022667,0.49217029701330217
14627240,Röderaue,28587286.228672177,5,Low Seasonal Vegetation,low_seasonal_vegetation,open_or_seasonal,13901251.303542113,0.48627390485213606
15084355,Naumburg (Saale),130246898.55399118,5,Low Seasonal Vegetation,low_seasonal_vegetation,open_or_seasonal,75621153.20449132,0.5805984944289796
03354003,Damnatz,16373217.86950717,5,Low Seasonal Vegetation,low_seasonal_vegetation,open_or_seasonal,6398089.087474071,0.3907655256569705
03354004,Dannenberg (Elbe),76606140.51296881,5,Low Seasonal Vegetation,low_seasonal_vegetation,open_or_seasonal,36112776.67685731,0.47140838103890254
03354005,Gartow,28379982.980693057,5,Low Seasonal Vegetation,low_seasonal_vegetation,open_or_seasonal,6104938.061811581,0.2151142256133409
15085235,Quedlinburg,120983155.29039924,5,Low Seasonal Vegetation,low_seasonal_vegetation,open_or_seasonal,58636699.37803865,0.4846682931792558
14730050,Cavertitz,69220466.02350149,5,Low Seasonal Vegetation,low_seasonal_vegetation,open_or_seasonal,40421284.56383984,0.5839499050774398
15083040,Barleben,29937548.52855949,5,Low Seasonal Vegetation,low_seasonal_vegetation,open_or_seasonal,19194330.67847534,0.6411457057068164
14627230,Riesa,58836632.3652918,5,Low Seasonal Vegetation,low_seasonal_vegetation,open_or_seasonal,35666381.88687346,0.6061934623558324
15090180,Goldbeck,26869771.03254754,5,Low Seasonal Vegetation,low_seasonal_vegetation,open_or_seasonal,19486983.89031685,0.7252381818480006
12068501,Zernitz-Lohm,37687852.18660619,5,Low Seasonal Vegetation,low_seasonal_vegetation,open_or_seasonal,18362324.421725817,0.48722130225960625
15083025,Am Großen Bruch,50707174.69812584,5,Low Seasonal Vegetation,low_seasonal_vegetation,open_or_seasonal,37481786.211988024,0.739181120524417
15084360,Nebra (Unstrut),25379985.68486453,5,Low Seasonal Vegetation,low_seasonal_vegetation,open_or_seasonal,14216094.775485694,0.5601301337204271
12062336,Merzdorf,12885550.65448653,5,Low Seasonal Vegetation,low_seasonal_vegetation,open_or_seasonal,2945525.6870696694,0.22859137075714242
03354018,Lüchow (Wendland),89200599.56913269,5,Low Seasonal Vegetation,low_seasonal_vegetation,open_or_seasonal,53889988.88363148,0.6041437966105306
03354019,Neu Darchau,22822226.923656836,5,Low Seasonal Vegetation,low_seasonal_vegetation,open_or_seasonal,5900094.627568566,0.25852405408574325
14730080,Doberschütz,78522800.17792132,5,Low Seasonal Vegetation,low_seasonal_vegetation,open_or_seasonal,41018425.73478346,0.5223759932381631
15083030,Angern,64369450.01342427,5,Low Seasonal Vegetation,low_seasonal_vegetation,open_or_seasonal,23334426.0910298,0.3625077748242901
12061005,Alt Zauche-Wußwerk,33217688.632056132,5,Low Seasonal Vegetation,low_seasonal_vegetation,open_or_seasonal,3191968.117020415,0.09609242088987684
12062341,Mühlberg/Elbe,89217010.01475386,5,Low Seasonal Vegetation,low_seasonal_vegetation,open_or_seasonal,55597496.78620543,0.6231714868836251
03354021,Schnackenburg,23312685.213564605,5,Low Seasonal Vegetation,low_seasonal_vegetation,open_or_seasonal,8514637.004313974,0.3652362190932724
03354023,Trebel,66885570.687104,5,Low Seasonal Vegetation,low_seasonal_vegetation,open_or_seasonal,26312596.183866885,0.3933971993295728
03354025,Woltersdorf,28139327.344712503,5,Low Seasonal Vegetation,low_seasonal_vegetation,open_or_seasonal,18577572.587330315,0.6601995975152944
03354026,Wustrow (Wendland),30140763.21883206,5,Low Seasonal Vegetation,low_seasonal_vegetation,open_or_seasonal,17838738.325525176,0.5918475984171319
14730070,Delitzsch,86307257.04627408,5,Low Seasonal Vegetation,low_seasonal_vegetation,open_or_seasonal,51758400.6787372,0.5996992889136387
12062372,Plessa,52604423.31437394,5,Low Seasonal Vegetation,low_seasonal_vegetation,open_or_seasonal,21470658.643830933,0.40815310369468805
15089195,Könnern,125584535.190158,5,Low Seasonal Vegetation,low_seasonal_vegetation,open_or_seasonal,100298516.10217868,0.7986534006779445
01061002,Aebtissinwisch,3017954.687980104,5,Low Seasonal Vegetation,low_seasonal_vegetation,open_or_seasonal,171056.03403798578,0.056679457355429154
01061004,Altenmoor,6303190.452100348,5,Low Seasonal Vegetation,low_seasonal_vegetation,open_or_seasonal,310705.95535028074,0.04929344237833515
01061005,Auufer,5175700.841648946,5,Low Seasonal Vegetation,low_seasonal_vegetation,open_or_seasonal,800823.858204867,0.15472761712976624
01061006,Bahrenfleth,14412558.097565915,5,Low Seasonal Vegetation,low_seasonal_vegetation,open_or_seasonal,8881082.988559918,0.6162044883662819
01061007,Beidenfleth,13763809.553679705,5,Low Seasonal Vegetation,low_seasonal_vegetation,open_or_seasonal,3621137.420766013,0.26309121807035724
01061008,Bekdorf,1804980.153221052,5,Low Seasonal Vegetation,low_seasonal_vegetation,open_or_seasonal,536796.0121872228,0.2973971825835819
12067173,Gosen-Neu Zittau,14508968.214323394,5,Low Seasonal Vegetation,low_seasonal_vegetation,open_or_seasonal,96506.96820422845,0.006651539019084475
14730090,Dommitzsch,30367421.9184372,5,Low Seasonal Vegetation,low_seasonal_vegetation,open_or_seasonal,18957392.76326744,0.6242674407522785
01061010,Bekmünde,2884956.648364786,5,Low Seasonal Vegetation,low_seasonal_vegetation,open_or_seasonal,559868.4443549112,0.19406476858924332
14729080,Colditz,84960356.61379237,5,Low Seasonal Vegetation,low_seasonal_vegetation,open_or_seasonal,38301507.40157911,0.4508162268631684
01061023,Dammfleth,16414283.396460213,5,Low Seasonal Vegetation,low_seasonal_vegetation,open_or_seasonal,2930495.3937735693,0.1785332519850083
01061025,Ecklak,15564303.833381224,5,Low Seasonal Vegetation,low_seasonal_vegetation,open_or_seasonal,1628349.5771560855,0.10462077806934839
01061026,Elskop,7139433.837334432,5,Low Seasonal Vegetation,low_seasonal_vegetation,open_or_seasonal,5782431.378879556,0.8099285616516724
01061027,Engelbrechtsche Wildnis,4948062.574385632,5,Low Seasonal Vegetation,low_seasonal_vegetation,open_or_seasonal,2992093.891296284,0.6047000914631303
01061028,Fitzbek,10280687.149251789,5,Low Seasonal Vegetation,low_seasonal_vegetation,open_or_seasonal,3990346.4510657988,0.38814005261858486
01061029,Glückstadt,12678390.330867872,5,Low Seasonal Vegetation,low_seasonal_vegetation,open_or_seasonal,2384396.696625843,0.1880677778803348
15083411,Oebisfelde-Weferlingen,249748943.06491017,5,Low Seasonal Vegetation,low_seasonal_vegetation,open_or_seasonal,126485299.19700643,0.5064497877139472
15083415,Oschersleben (Bode),190122971.0361817,5,Low Seasonal Vegetation,low_seasonal_vegetation,open_or_seasonal,150848524.45862958,0.7934260843731612
01061030,Grevenkop,9381940.665316354,5,Low Seasonal Vegetation,low_seasonal_vegetation,open_or_seasonal,7982632.420795753,0.8508508746283552
01061031,Gribbohm,13124852.1025901,5,Low Seasonal Vegetation,low_seasonal_vegetation,open_or_seasonal,4443732.270985488,0.33857389296665275
01061012,Blomesche Wildnis,6811958.584425703,5,Low Seasonal Vegetation,low_seasonal_vegetation,open_or_seasonal,4640920.732952522,0.6812902156456351
01061014,Bokhorst,5935893.503578946,5,Low Seasonal Vegetation,low_seasonal_vegetation,open_or_seasonal,2718549.17948563,0.45798483039605187
01061015,Borsfleth,13863126.116998916,5,Low Seasonal Vegetation,low_seasonal_vegetation,open_or_seasonal,5182934.296866205,0.37386475843359085
01061016,Breitenberg,3040914.9994391776,5,Low Seasonal Vegetation,low_seasonal_vegetation,open_or_seasonal,770812.0223876451,0.2534802921258248
01061017,Breitenburg,10201455.348516174,5,Low Seasonal Vegetation,low_seasonal_vegetation,open_or_seasonal,437195.98701583495,0.042856236887752114
01061018,Brokdorf,13446795.435945112,5,Low Seasonal Vegetation,low_seasonal_vegetation,open_or_seasonal,423755.41246666905,0.031513486948266736
01061019,Brokstedt,12484752.215123676,5,Low Seasonal Vegetation,low_seasonal_vegetation,open_or_seasonal,4171525.733875234,0.3341296376568824
09475137,Issigau,18596345.910315827,5,Low Seasonal Vegetation,low_seasonal_vegetation,open_or_seasonal,6060729.291099109,0.32590968786707075
16074021,Freienorla,6875684.033086091,5,Low Seasonal Vegetation,low_seasonal_vegetation,open_or_seasonal,1360476.7435736195,0.19786783933452237
15081240,Kalbe (Milde),273388307.4703249,5,Low Seasonal Vegetation,low_seasonal_vegetation,open_or_seasonal,139644354.86783653,0.5107912483894153
16074026,Golmsdorf,7655135.661109284,5,Low Seasonal Vegetation,low_seasonal_vegetation,open_or_seasonal,3033086.357823989,0.3962158859225851
12070302,Plattenburg,201744714.0452659,5,Low Seasonal Vegetation,low_seasonal_vegetation,open_or_seasonal,88981205.67734315,0.4410584242488665
01061020,Büttel,8886535.238290718,5,Low Seasonal Vegetation,low_seasonal_vegetation,open_or_seasonal,429380.84983000107,0.048318139557908334
01061022,Dägeling,7543247.842716182,5,Low Seasonal Vegetation,low_seasonal_vegetation,open_or_seasonal,1336838.652487007,0.17722321742057948
01061045,Huje,5545814.916863242,5,Low Seasonal Vegetation,low_seasonal_vegetation,open_or_seasonal,1731625.6305061127,0.3122400686760629
01061046,Itzehoe,28545803.234764636,5,Low Seasonal Vegetation,low_seasonal_vegetation,open_or_seasonal,2088945.9051496706,0.07317873972471156
09475141,Köditz,31325664.77167897,5,Low Seasonal Vegetation,low_seasonal_vegetation,open_or_seasonal,14080588.569771223,0.44949049517063266
01061047,Kaaks,8663514.743060235,5,Low Seasonal Vegetation,low_seasonal_vegetation,open_or_seasonal,4416684.663128456,0.5098028680180141
01061049,Kellinghusen,18788158.45652374,5,Low Seasonal Vegetation,low_seasonal_vegetation,open_or_seasonal,3159303.320865544,0.16815396400750238
16074031,Großeutersdorf,3439448.316952914,5,Low Seasonal Vegetation,low_seasonal_vegetation,open_or_seasonal,1190138.0634200992,0.34602586047127165
16074011,Dornburg-Camburg,30961731.808613583,5,Low Seasonal Vegetation,low_seasonal_vegetation,open_or_seasonal,13959496.67208332,0.45086291549750374
16074012,Crossen an der Elster,10711833.845222116,5,Low Seasonal Vegetation,low_seasonal_vegetation,open_or_seasonal,5409344.272688252,0.5049876940633302
01061050,Kiebitzreihe,8531272.58562138,5,Low Seasonal Vegetation,low_seasonal_vegetation,open_or_seasonal,702548.5528604838,0.08234979550935463
01061052,Kleve,5622212.487007845,5,Low Seasonal Vegetation,low_seasonal_vegetation,open_or_seasonal,810289.6086365838,0.1441229072200759
01061053,Kollmoor,3444772.431979671,5,Low Seasonal Vegetation,low_seasonal_vegetation,open_or_seasonal,14760.86355106371,0.0042850039712437
01061054,Krempdorf,5458884.746939462,5,Low Seasonal Vegetation,low_seasonal_vegetation,open_or_seasonal,3926694.3984630676,0.7193217260475373
01061055,Krempe,3545808.7927399576,5,Low Seasonal Vegetation,low_seasonal_vegetation,open_or_seasonal,1992568.2527075722,0.5619502824820546
01061034,Heiligenstedten,9185592.307542931,5,Low Seasonal Vegetation,low_seasonal_vegetation,open_or_seasonal,2274513.4047943787,0.2476175001721573
01061035,Heiligenstedtenerkamp,865796.5194304921,5,Low Seasonal Vegetation,low_seasonal_vegetation,open_or_seasonal,73912.31651960473,0.08536915413823001
01061037,Herzhorn,12547301.271520017,5,Low Seasonal Vegetation,low_seasonal_vegetation,open_or_seasonal,4238194.719836014,0.3377773935703536
01061039,Hodorf,7386965.988380481,5,Low Seasonal Vegetation,low_seasonal_vegetation,open_or_seasonal,3893137.662541264,0.5270279663755154
15091010,Annaburg,226706298.19601935,5,Low Seasonal Vegetation,low_seasonal_vegetation,open_or_seasonal,101433817.33073997,0.4474239054577841
16074044,Kahla,7954908.001113277,5,Low Seasonal Vegetation,low_seasonal_vegetation,open_or_seasonal,1467201.4716602615,0.18443977874476097
16074048,Kleineutersdorf,5347715.600111255,5,Low Seasonal Vegetation,low_seasonal_vegetation,open_or_seasonal,901548.727486838,0.16858576538140546
01061040,Hohenaspe,14151459.028506964,5,Low Seasonal Vegetation,low_seasonal_vegetation,open_or_seasonal,4433796.957384624,0.3133102352522874
01061041,Hohenfelde,17807054.12885916,5,Low Seasonal Vegetation,low_seasonal_vegetation,open_or_seasonal,6227716.103036608,0.34973309217629683
01061044,Horst (Holstein),29036205.72677198,5,Low Seasonal Vegetation,low_seasonal_vegetation,open_or_seasonal,9546161.803881347,0.3287675357348632
12073384,Lychen,112161498.79904152,5,Low Seasonal Vegetation,low_seasonal_vegetation,open_or_seasonal,16434876.88264146,0.1465286846076089
16074033,Großpürschütz,3845736.107504349,5,Low Seasonal Vegetation,low_seasonal_vegetation,open_or_seasonal,861449.6317226236,0.22400123348079973
15086080,Jerichow,271871166.0115402,5,Low Seasonal Vegetation,low_seasonal_vegetation,open_or_seasonal,103598568.80622125,0.381057580787452
15083440,Rogätz,24049686.691628017,5,Low Seasonal Vegetation,low_seasonal_vegetation,open_or_seasonal,9725427.964547515,0.40438896727636175
16074065,Orlamünde,7560729.246217439,5,Low Seasonal Vegetation,low_seasonal_vegetation,open_or_seasonal,2665177.016443474,0.35250263958028083
09475181,Töpen,20760821.23068345,5,Low Seasonal Vegetation,low_seasonal_vegetation,open_or_seasonal,12373424.535675932,0.5959987997675464
14730020,Bad Düben,45760284.73030639,5,Low Seasonal Vegetation,low_seasonal_vegetation,open_or_seasonal,20319583.147282194,0.444044071557641
12061428,Schlepzig,30568354.692797564,5,Low Seasonal Vegetation,low_seasonal_vegetation,open_or_seasonal,4994249.122378993,0.16337971646068752
15090135,Eichstedt (Altmark),33096927.482174885,5,Low Seasonal Vegetation,low_seasonal_vegetation,open_or_seasonal,23788868.518097386,0.718763653541841
15084315,Lützen,97101429.97719347,5,Low Seasonal Vegetation,low_seasonal_vegetation,open_or_seasonal,78372353.23985979,0.8071184251176049
14730010,Arzberg,58766112.040497184,5,Low Seasonal Vegetation,low_seasonal_vegetation,open_or_seasonal,43070421.7027078,0.7329125614610492
16074063,Neuengönna,6143386.212843794,5,Low Seasonal Vegetation,low_seasonal_vegetation,open_or_seasonal,2586395.0284004877,0.4210047909723124
15088295,Petersberg,102979201.83064786,5,Low Seasonal Vegetation,low_seasonal_vegetation,open_or_seasonal,74682505.38554473,0.725219306985523
12067124,Erkner,17720248.5899029,5,Low Seasonal Vegetation,low_seasonal_vegetation,open_or_seasonal,162048.05553981263,0.009144795837240599
15089130,Giersleben,19957180.33831095,5,Low Seasonal Vegetation,low_seasonal_vegetation,open_or_seasonal,18053034.87919603,0.9045884525350701
12068052,Breddin,44834002.062274136,5,Low Seasonal Vegetation,low_seasonal_vegetation,open_or_seasonal,13268881.169430388,0.2959557603401097
14730045,Belgern-Schildau,159176175.1877344,5,Low Seasonal Vegetation,low_seasonal_vegetation,open_or_seasonal,70234981.23676594,0.44124053837786914
12066272,Ruhland,37189312.92102806,5,Low Seasonal Vegetation,low_seasonal_vegetation,open_or_seasonal,4649750.684507419,0.12502921724800936
14729030,Bennewitz,46878836.64596784,5,Low Seasonal Vegetation,low_seasonal_vegetation,open_or_seasonal,21372109.24701662,0.4559010158127481
14730030,Beilrode,93254227.22893988,5,Low Seasonal Vegetation,low_seasonal_vegetation,open_or_seasonal,53010965.603634305,0.5684564354760236
15089165,Güsten,36360530.25389707,5,Low Seasonal Vegetation,low_seasonal_vegetation,open_or_seasonal,29834900.181255985,0.8205298430173009
03357057,Zeven,74062264.05971542,5,Low Seasonal Vegetation,low_seasonal_vegetation,open_or_seasonal,31657537.092366267,0.4274449005075137
15090500,Schönhausen (Elbe),74543683.28672162,5,Low Seasonal Vegetation,low_seasonal_vegetation,open_or_seasonal,28349013.835069835,0.3803006852509475
14522600,Zettlitz,15613710.21278385,5,Low Seasonal Vegetation,low_seasonal_vegetation,open_or_seasonal,10031440.097211342,0.6424763852090722
12067144,Fürstenwalde/Spree,70607103.70768166,5,Low Seasonal Vegetation,low_seasonal_vegetation,open_or_seasonal,18279145.011066914,0.25888535361461434
12066292,Schwarzbach,16003257.327448731,5,Low Seasonal Vegetation,low_seasonal_vegetation,open_or_seasonal,4823014.106210893,0.30137702640939706
12066296,Schwarzheide,33551212.206033006,5,Low Seasonal Vegetation,low_seasonal_vegetation,open_or_seasonal,6107350.244063256,0.18203068808837447
14729050,Borna,62812956.61812812,5,Low Seasonal Vegetation,low_seasonal_vegetation,open_or_seasonal,27455064.898852162,0.4370923831171561
15089185,Ilberstedt,14814473.70554787,5,Low Seasonal Vegetation,low_seasonal_vegetation,open_or_seasonal,11880507.906803051,0.8019527485714137
09464000,Hof,58174074.52425988,5,Low Seasonal Vegetation,low_seasonal_vegetation,open_or_seasonal,19360331.653085668,0.3327999940078459
12067137,Friedland,174356380.08987343,5,Low Seasonal Vegetation,low_seasonal_vegetation,open_or_seasonal,64137434.11251857,0.36785252182603473
15086005,Biederitz,39887011.59926703,5,Low Seasonal Vegetation,low_seasonal_vegetation,open_or_seasonal,24818121.6557943,0.6222106059269269
15090520,Seehausen (Altmark),107495553.84168129,5,Low Seasonal Vegetation,low_seasonal_vegetation,open_or_seasonal,43541987.44065107,0.40505849669633226
12068409,Sieversdorf-Hohenofen,20011138.33276172,5,Low Seasonal Vegetation,low_seasonal_vegetation,open_or_seasonal,8110990.071092433,0.4053237720021819
14729040,Böhlen,24293697.819196668,5,Low Seasonal Vegetation,low_seasonal_vegetation,open_or_seasonal,11012950.281779606,0.45332540001700644
14627140,Meißen,31144025.97770278,5,Low Seasonal Vegetation,low_seasonal_vegetation,open_or_seasonal,10084710.759284893,0.32380883468646376
15089175,Hecklingen,96103947.90376855,5,Low Seasonal Vegetation,low_seasonal_vegetation,open_or_seasonal,75140982.02759631,0.7818719591294728
16073111,Unterwellenborn,62677817.51922716,5,Low Seasonal Vegetation,low_seasonal_vegetation,open_or_seasonal,16615200.134415448,0.26508900264943874
15003000,Magdeburg,201019439.02960783,5,Low Seasonal Vegetation,low_seasonal_vegetation,open_or_seasonal,80171122.37259348,0.3988227345554636
12063112,Großderschau,20162144.17764274,5,Low Seasonal Vegetation,low_seasonal_vegetation,open_or_seasonal,8204486.993670534,0.4069253211058906
12068426,Temnitztal,52423334.85008234,5,Low Seasonal Vegetation,low_seasonal_vegetation,open_or_seasonal,37563240.34399951,0.7165366425356382
15090546,Tangerhütte,296949495.3478358,5,Low Seasonal Vegetation,low_seasonal_vegetation,open_or_seasonal,103880834.7097762,0.3498266080166056
16073107,Drognitz,24042773.59351918,5,Low Seasonal Vegetation,low_seasonal_vegetation,open_or_seasonal,10016088.27220277,0.4165945427736608
12063142,Wiesenaue,46856932.74041422,5,Low Seasonal Vegetation,low_seasonal_vegetation,open_or_seasonal,18412602.616316695,0.39295364718646597
16073109,Uhlstädt-Kirchhasel,121711793.51269574,5,Low Seasonal Vegetation,low_seasonal_vegetation,open_or_seasonal,28415975.58187815,0.23346936859421175
01053082,Lanze,9041642.84146272,5,Low Seasonal Vegetation,low_seasonal_vegetation,open_or_seasonal,3865924.0345185497,0.4275687618173089
15086015,Burg,165725038.92818782,5,Low Seasonal Vegetation,low_seasonal_vegetation,open_or_seasonal,71655578.60388255,0.4323762967099524
01053083,Lauenburg/Elbe,9467987.643501751,5,Low Seasonal Vegetation,low_seasonal_vegetation,open_or_seasonal,1433601.9337925445,0.15141569547531902
15090535,Stendal,269482844.1648705,5,Low Seasonal Vegetation,low_seasonal_vegetation,open_or_seasonal,140451886.04886672,0.5211904545691146
12070296,Perleberg,138624646.22124013,5,Low Seasonal Vegetation,low_seasonal_vegetation,open_or_seasonal,57061148.32694241,0.4116234009057436
12063134,Havelaue,74787975.32205343,5,Low Seasonal Vegetation,low_seasonal_vegetation,open_or_seasonal,26481385.425147105,0.35408613899644226
14729410,Wurzen,68968117.12620622,5,Low Seasonal Vegetation,low_seasonal_vegetation,open_or_seasonal,45076650.774545476,0.6535867971001551
15088205,Leuna,87605623.53928131,5,Low Seasonal Vegetation,low_seasonal_vegetation,open_or_seasonal,53866905.2841612,0.6148795374991872
09475113,Berg,38731607.487258606,5,Low Seasonal Vegetation,low_seasonal_vegetation,open_or_seasonal,16477719.490859432,0.4254334007768732
12068425,Temnitzquell,65814910.209692866,5,Low Seasonal Vegetation,low_seasonal_vegetation,open_or_seasonal,10142409.16962175,0.15410503694842131
14628030,Bad Schandau,47722548.93476192,5,Low Seasonal Vegetation,low_seasonal_vegetation,open_or_seasonal,3206105.187996799,0.06718218660909409
12063161,Kleßen-Görne,42058614.665302426,5,Low Seasonal Vegetation,low_seasonal_vegetation,open_or_seasonal,12563304.348598799,0.2987094189520058
12063165,Kotzen,42678641.5444656,5,Low Seasonal Vegetation,low_seasonal_vegetation,open_or_seasonal,14858413.164999845,0.3481463473836042
15085160,Hedersleben,16502768.787722103,5,Low Seasonal Vegetation,low_seasonal_vegetation,open_or_seasonal,14104728.93852644,0.8546886355833949
14729400,Trebsen/Mulde,35158509.02655442,5,Low Seasonal Vegetation,low_seasonal_vegetation,open_or_seasonal,18661287.257240314,0.5307758427169329
12063148,Ketzin/Havel,93901650.97202522,5,Low Seasonal Vegetation,low_seasonal_vegetation,open_or_seasonal,56111658.59015213,0.5975577426947336
14627180,Nossen,125244731.56155156,5,Low Seasonal Vegetation,low_seasonal_vegetation,open_or_seasonal,88949310.64123575,0.7102040104379288
15086055,Gommern,161566566.55857658,5,Low Seasonal Vegetation,low_seasonal_vegetation,open_or_seasonal,107718465.51789486,0.6667125990997718
16055000,Weimar,84348894.19407173,5,Low Seasonal Vegetation,low_seasonal_vegetation,open_or_seasonal,31957853.59467548,0.3788769716547341
15086035,Elbe-Parey,109173497.3080816,5,Low Seasonal Vegetation,low_seasonal_vegetation,open_or_seasonal,46425802.64259301,0.42524791993776617
15090550,Tangermünde,90718726.87506966,5,Low Seasonal Vegetation,low_seasonal_vegetation,open_or_seasonal,43769760.65972636,0.4824776776244056
15087370,Sangerhausen,209561194.93619433,5,Low Seasonal Vegetation,low_seasonal_vegetation,open_or_seasonal,76677652.44977248,0.36589623605228405
14729430,Zwenkau,46358871.9764821,5,Low Seasonal Vegetation,low_seasonal_vegetation,open_or_seasonal,20728583.94711189,0.44713305271162596
14627170,Niederau,35384670.56995631,5,Low Seasonal Vegetation,low_seasonal_vegetation,open_or_seasonal,21529559.221916582,0.6084431160480115
12071164,Guhrow,6636164.019009794,5,Low Seasonal Vegetation,low_seasonal_vegetation,open_or_seasonal,2254220.4585040873,0.3396872729556868
15086040,Genthin,232345814.95029497,5,Low Seasonal Vegetation,low_seasonal_vegetation,open_or_seasonal,70521012.3984528,0.3035174634565256
12069306,Kloster Lehnin,200920136.8985341,5,Low Seasonal Vegetation,low_seasonal_vegetation,open_or_seasonal,63300148.40155147,0.31505129042151925
12063189,Milower Land,161322860.2203478,5,Low Seasonal Vegetation,low_seasonal_vegetation,open_or_seasonal,56067803.209752426,0.34755026741511086
15085185,Huy,167754286.22719565,5,Low Seasonal Vegetation,low_seasonal_vegetation,open_or_seasonal,125987318.560965,0.751022947874702
13076125,Siggelkow,55496241.96970108,5,Low Seasonal Vegetation,low_seasonal_vegetation,open_or_seasonal,27275283.6754225,0.4914798319193182
15088216,Wettin-Löbejün,127662765.18892792,5,Low Seasonal Vegetation,low_seasonal_vegetation,open_or_seasonal,100848106.86652704,0.7899570929493974
13076126,Spornitz,48802531.162101656,5,Low Seasonal Vegetation,low_seasonal_vegetation,open_or_seasonal,23048479.369631574,0.47228040883933126
12071176,Heinersbrück,24036811.57600771,5,Low Seasonal Vegetation,low_seasonal_vegetation,open_or_seasonal,14784098.299147587,0.6150607060507269
12068477,Wusterhausen/Dosse,196404815.48170736,5,Low Seasonal Vegetation,low_seasonal_vegetation,open_or_seasonal,109135684.3125874,0.5556670494301196
12062282,Kremitzaue,23560664.704395063,5,Low Seasonal Vegetation,low_seasonal_vegetation,open_or_seasonal,10174051.5330001,0.43182362045592915
12065332,Velten,23497701.22505804,5,Low Seasonal Vegetation,low_seasonal_vegetation,open_or_seasonal,3577908.274824623,0.15226631067251495
03357002,Alfstedt,16139641.725738715,5,Low Seasonal Vegetation,low_seasonal_vegetation,open_or_seasonal,8826445.006568683,0.5468798599471201
03357008,Bremervörde,149938240.33220863,5,Low Seasonal Vegetation,low_seasonal_vegetation,open_or_seasonal,48084111.05694313,0.3206927795764858
15088220,Merseburg,54399314.11881466,5,Low Seasonal Vegetation,low_seasonal_vegetation,open_or_seasonal,30292465.719338033,0.5568538171855556
14627190,Nünchritz,31132061.88738452,5,Low Seasonal Vegetation,low_seasonal_vegetation,open_or_seasonal,17655751.151147045,0.5671243753469986
13076114,Plau am See,116229917.80461577,5,Low Seasonal Vegetation,low_seasonal_vegetation,open_or_seasonal,36937505.825731784,0.3177968850311353
13076119,Redefin,17809943.393829256,5,Low Seasonal Vegetation,low_seasonal_vegetation,open_or_seasonal,4570863.610522068,0.25664672309434566
12068468,Wittstock/Dosse,420426820.7499632,5,Low Seasonal Vegetation,low_seasonal_vegetation,open_or_seasonal,144535838.45841485,0.3437835821239706
14522580,Wechselburg,25794664.90650411,5,Low Seasonal Vegetation,low_seasonal_vegetation,open_or_seasonal,15141022.159280606,0.5869827041429333
16077001,Altenburg,45989937.18791705,5,Low Seasonal Vegetation,low_seasonal_vegetation,open_or_seasonal,29277822.131081626,0.6366136577106218
13076120,Rom,33739788.2783462,5,Low Seasonal Vegetation,low_seasonal_vegetation,open_or_seasonal,19896478.676972788,0.5897037205103659
13076122,Schwanheide,26626977.937083315,5,Low Seasonal Vegetation,low_seasonal_vegetation,open_or_seasonal,10209111.31762383,0.38341231745288035
12065356,Zehdenick,223552572.9576092,5,Low Seasonal Vegetation,low_seasonal_vegetation,open_or_seasonal,69346230.21268448,0.3102009934183766
14522570,Waldheim,41719077.75883077,5,Low Seasonal Vegetation,low_seasonal_vegetation,open_or_seasonal,27156902.78691981,0.6509468628215648
13076151,Werder,18101945.14582469,5,Low Seasonal Vegetation,low_seasonal_vegetation,open_or_seasonal,13280048.902406132,0.7336255189939765
14523450,Weischlitz,121919928.49884737,5,Low Seasonal Vegetation,low_seasonal_vegetation,open_or_seasonal,54814131.67807996,0.44959123871695983
13076156,Wöbbelin,23499854.895240724,5,Low Seasonal Vegetation,low_seasonal_vegetation,open_or_seasonal,9798798.298866488,0.4169727150464651
01053006,Basedow,7514836.830114216,5,Low Seasonal Vegetation,low_seasonal_vegetation,open_or_seasonal,4584907.523478378,0.6101140486650717
13076136,Teldau,27728833.036026523,5,Low Seasonal Vegetation,low_seasonal_vegetation,open_or_seasonal,11918914.33775237,0.4298382958369287
13076138,Tessin b.Boizenburg,10309156.297666095,5,Low Seasonal Vegetation,low_seasonal_vegetation,open_or_seasonal,4059791.6156036733,0.39380444901420064
15091391,Zahna-Elster,149659888.9850728,5,Low Seasonal Vegetation,low_seasonal_vegetation,open_or_seasonal,71091829.58769903,0.4750226000420847
03357016,Gnarrenburg,123032508.97752988,5,Low Seasonal Vegetation,low_seasonal_vegetation,open_or_seasonal,28902090.167559974,0.23491425484006445
16077005,Fockendorf,8819688.142882936,5,Low Seasonal Vegetation,low_seasonal_vegetation,open_or_seasonal,2496985.6361064757,0.28311495776882123
13076140,Tramm,41923138.84491094,5,Low Seasonal Vegetation,low_seasonal_vegetation,open_or_seasonal,10731151.838322485,0.2559720510914259
01053012,Börnsen,8318068.951110065,5,Low Seasonal Vegetation,low_seasonal_vegetation,open_or_seasonal,2660498.2867234387,0.3198456639829115
16077007,Gerstenberg,3132022.8779504225,5,Low Seasonal Vegetation,low_seasonal_vegetation,open_or_seasonal,2364745.3588552405,0.755021738667093
13076143,Vielank,77435610.78714007,5,Low Seasonal Vegetation,low_seasonal_vegetation,open_or_seasonal,22092952.831583153,0.28530740065205484
13076145,Warlitz,23676572.627560373,5,Low Seasonal Vegetation,low_seasonal_vegetation,open_or_seasonal,10596622.924962377,0.44755730027527424
16051000,Erfurt,270313726.8842227,5,Low Seasonal Vegetation,low_seasonal_vegetation,open_or_seasonal,151097744.36904255,0.5589717773887184
14524320,Wilkau-Haßlau,12677525.147904396,5,Low Seasonal Vegetation,low_seasonal_vegetation,open_or_seasonal,4526205.890283004,0.3570259839737876
03357040,Sandbostel,31710155.172446847,5,Low Seasonal Vegetation,low_seasonal_vegetation,open_or_seasonal,11672246.923491716,0.3680917630334968
03357042,Seedorf,18706735.80417411,5,Low Seasonal Vegetation,low_seasonal_vegetation,open_or_seasonal,8001233.058704961,0.42771935961802665
03357043,Selsingen,42074024.25889544,5,Low Seasonal Vegetation,low_seasonal_vegetation,open_or_seasonal,18969243.45989298,0.4508540315318765
16077036,Nobitz,100760296.6100366,5,Low Seasonal Vegetation,low_seasonal_vegetation,open_or_seasonal,75698525.68381536,0.7512733510182534
01053028,Escheburg,8661986.821033394,5,Low Seasonal Vegetation,low_seasonal_vegetation,open_or_seasonal,1803997.087745669,0.20826597003878242
14524310,Wildenfels,20947435.8155518,5,Low Seasonal Vegetation,low_seasonal_vegetation,open_or_seasonal,11634569.259244198,0.5554173485332491
12061332,Mittenwalde,99433041.5393216,5,Low Seasonal Vegetation,low_seasonal_vegetation,open_or_seasonal,40664792.71542738,0.40896659788231615
16062064,Heringen/Helme,66707462.69770858,5,Low Seasonal Vegetation,low_seasonal_vegetation,open_or_seasonal,35856576.43282849,0.5375197164268726
03357035,Oerel,34129029.76315896,5,Low Seasonal Vegetation,low_seasonal_vegetation,open_or_seasonal,12713760.838909622,0.3725204298844048
14522140,Flöha,27931186.062496617,5,Low Seasonal Vegetation,low_seasonal_vegetation,open_or_seasonal,6640526.486854778,0.23774595436070847
03357036,Ostereistedt,28430467.63820198,5,Low Seasonal Vegetation,low_seasonal_vegetation,open_or_seasonal,14494038.870769236,0.5098065587670325
03357038,Rhade,24523659.21658419,5,Low Seasonal Vegetation,low_seasonal_vegetation,open_or_seasonal,10407984.530820573,0.4244058539103392
01053032,Geesthacht,33146931.69190304,5,Low Seasonal Vegetation,low_seasonal_vegetation,open_or_seasonal,5756824.671893031,0.17367594459125393
13076161,Zierzow,13267494.49789133,5,Low Seasonal Vegetation,low_seasonal_vegetation,open_or_seasonal,8011529.048787049,0.6038464195376423
12070241,Legde/Quitzöbel,41819617.7754618,5,Low Seasonal Vegetation,low_seasonal_vegetation,open_or_seasonal,15089338.728862358,0.360819623217987
12070244,Lenzen (Elbe),96076567.98372813,5,Low Seasonal Vegetation,low_seasonal_vegetation,open_or_seasonal,19783596.145678446,0.20591489226622944
12070246,Lenzerwische,42129893.85059176,5,Low Seasonal Vegetation,low_seasonal_vegetation,open_or_seasonal,9299908.980229322,0.22074370785766162
01053019,Buchhorst,5373355.969790967,5,Low Seasonal Vegetation,low_seasonal_vegetation,open_or_seasonal,1483197.248990612,0.27602810186579
14521240,Großolbersdorf,22676551.100191567,5,Low Seasonal Vegetation,low_seasonal_vegetation,open_or_seasonal,8333680.623442984,0.36750212087465906
14627100,Klipphausen,112347451.21716762,5,Low Seasonal Vegetation,low_seasonal_vegetation,open_or_seasonal,72163035.73753753,0.6423201857783706
12061328,Märkisch Buchholz,24941661.900900096,5,Low Seasonal Vegetation,low_seasonal_vegetation,open_or_seasonal,936254.0520170307,0.037537757336981746
12061329,Märkische Heide,212076425.67274225,5,Low Seasonal Vegetation,low_seasonal_vegetation,open_or_seasonal,59306937.61856642,0.27964889275380234
01053022,Dalldorf,6088334.982582103,5,Low Seasonal Vegetation,low_seasonal_vegetation,open_or_seasonal,2628618.2078094827,0.4317466458940911
12070236,Lanz,60770781.9897092,5,Low Seasonal Vegetation,low_seasonal_vegetation,open_or_seasonal,11607477.20540076,0.19100424291670867
14524330,Zwickau,103508554.81607848,5,Low Seasonal Vegetation,low_seasonal_vegetation,open_or_seasonal,40566853.89100209,0.3919178850780423
14521270,Grünhainichen,28862952.942897946,5,Low Seasonal Vegetation,low_seasonal_vegetation,open_or_seasonal,4199165.56157242,0.1454863461087987
15083361,Loitsche-Heinrichsberg,31181807.099593844,5,Low Seasonal Vegetation,low_seasonal_vegetation,open_or_seasonal,14889297.99765694,0.4774995224010246
12072426,Trebbin,126803367.34115852,5,Low Seasonal Vegetation,low_seasonal_vegetation,open_or_seasonal,42544494.070480965,0.33551549113058643
16077048,Treben,9990578.13175702,5,Low Seasonal Vegetation,low_seasonal_vegetation,open_or_seasonal,6412627.028722175,0.641867461937801
15084246,Kaiserpfalz,41118282.15318236,5,Low Seasonal Vegetation,low_seasonal_vegetation,open_or_seasonal,25996962.926539347,0.632248274129986
15090070,Bismark (Altmark),290854038.40629816,5,Low Seasonal Vegetation,low_seasonal_vegetation,open_or_seasonal,176605139.19229037,0.6071950733776236
12061344,Münchehofe,62439240.78617816,5,Low Seasonal Vegetation,low_seasonal_vegetation,open_or_seasonal,5858700.306804488,0.0938304219115585
14522150,Frankenberg/Sa.,65535416.38795091,5,Low Seasonal Vegetation,low_seasonal_vegetation,open_or_seasonal,32127250.46995148,0.4902273036577253
16077052,Windischleuba,20480388.417354092,5,Low Seasonal Vegetation,low_seasonal_vegetation,open_or_seasonal,11843437.03228269,0.5782818563268621
15084250,Karsdorf,19995011.690175444,5,Low Seasonal Vegetation,low_seasonal_vegetation,open_or_seasonal,12030548.869993107,0.60167751119167
12062224,Herzberg (Elster),149470443.50750053,5,Low Seasonal Vegetation,low_seasonal_vegetation,open_or_seasonal,64449544.58243504,0.4311858790945577
14626600,Weißwasser/O.L.,63633887.4327344,5,Low Seasonal Vegetation,low_seasonal_vegetation,open_or_seasonal,12015532.44631881,0.18882285730256687
12062232,Hirschfeld,20331321.413827352,5,Low Seasonal Vegetation,low_seasonal_vegetation,open_or_seasonal,12391243.063633755,0.6094657012901512
14522500,Rossau,53736567.17403154,5,Low Seasonal Vegetation,low_seasonal_vegetation,open_or_seasonal,27464491.726045944,0.5110950172365736
12067040,Berkenbrück,18065164.542990662,5,Low Seasonal Vegetation,low_seasonal_vegetation,open_or_seasonal,1103903.4974506935,0.06110675022215679
15083390,Niedere Börde,78188879.80222008,5,Low Seasonal Vegetation,low_seasonal_vegetation,open_or_seasonal,59308762.508018695,0.7585319377645655
12066196,Lübbenau/Spreewald,139475729.36291802,5,Low Seasonal Vegetation,low_seasonal_vegetation,open_or_seasonal,38861498.4884458,0.27862552621845466
12067036,Beeskow,77998345.07864317,5,Low Seasonal Vegetation,low_seasonal_vegetation,open_or_seasonal,33959438.99372747,0.43538666056936565
15085135,Halberstadt,143084427.54699445,5,Low Seasonal Vegetation,low_seasonal_vegetation,open_or_seasonal,101572758.33427425,0.7098798945183175
15084285,Laucha an der Unstrut,31292658.355307817,5,Low Seasonal Vegetation,low_seasonal_vegetation,open_or_seasonal,19678010.98511487,0.6288379453635364
15089075,Egeln,29290742.118436176,5,Low Seasonal Vegetation,low_seasonal_vegetation,open_or_seasonal,23634576.67152226,0.8068957958100416
12062240,Hohenleipisch,35031725.017906845,5,Low Seasonal Vegetation,low_seasonal_vegetation,open_or_seasonal,4971483.5227798615,0.1419137516133914
14522510,Roßwein,44606404.11931287,5,Low Seasonal Vegetation,low_seasonal_vegetation,open_or_seasonal,28841258.470516127,0.6465721467565901
15084275,Kretzschau,27871911.810787264,5,Low Seasonal Vegetation,low_seasonal_vegetation,open_or_seasonal,20237062.712027147,0.7260737207196098
15082430,Zerbst/Anhalt,470995786.36170936,5,Low Seasonal Vegetation,low_seasonal_vegetation,open_or_seasonal,249990181.11274722,0.5307694640834068
14522540,Striegistal,77063893.43353254,5,Low Seasonal Vegetation,low_seasonal_vegetation,open_or_seasonal,49574132.65986237,0.6432861155999076
14625310,Lauta,42056455.59038755,5,Low Seasonal Vegetation,low_seasonal_vegetation,open_or_seasonal,4257972.600841858,0.10124420950525995
13076103,Neu Kaliß,34292865.865348294,5,Low Seasonal Vegetation,low_seasonal_vegetation,open_or_seasonal,10877040.193662675,0.317180845612951
13076105,Neustadt-Glewe,94112757.09683424,5,Low Seasonal Vegetation,low_seasonal_vegetation,open_or_seasonal,10998544.91345707,0.11686561155721405
13076106,Nostorf,19990126.12565245,5,Low Seasonal Vegetation,low_seasonal_vegetation,open_or_seasonal,10032553.544251658,0.5018754499691387
13076108,Parchim,124842063.19922496,5,Low Seasonal Vegetation,low_seasonal_vegetation,open_or_seasonal,42983784.936248116,0.3443053073198086
13076109,Passow,24888183.63006653,5,Low Seasonal Vegetation,low_seasonal_vegetation,open_or_seasonal,16664598.45041458,0.6695787325469051
16073035,Hohenwarte,6515428.406676106,5,Low Seasonal Vegetation,low_seasonal_vegetation,open_or_seasonal,88060.73057894851,0.013515723768634478
14522530,Seelitz,31490882.602004535,5,Low Seasonal Vegetation,low_seasonal_vegetation,open_or_seasonal,18531476.664513104,0.5884711742989855
16073038,Kaulsdorf,21968218.288911104,5,Low Seasonal Vegetation,low_seasonal_vegetation,open_or_seasonal,4524770.170085964,0.20596891885264684
14625340,Malschwitz,93439533.9773545,5,Low Seasonal Vegetation,low_seasonal_vegetation,open_or_seasonal,39346082.39807442,0.4210860298983311
12067072,Briesen (Mark),111720735.89286152,5,Low Seasonal Vegetation,low_seasonal_vegetation,open_or_seasonal,25277508.224751186,0.22625619159000107
14521670,Wolkenstein,30095422.232806846,5,Low Seasonal Vegetation,low_seasonal_vegetation,open_or_seasonal,13517619.57747167,0.4491586618358253
16062008,Görsbach,7954000.735523127,5,Low Seasonal Vegetation,low_seasonal_vegetation,open_or_seasonal,5722747.572405022,0.719480392659109
01060063,Norderstedt,58647741.420688435,5,Low Seasonal Vegetation,low_seasonal_vegetation,open_or_seasonal,5661678.374652561,0.0965370232084566
14625330,Lohsa,134810705.16633087,5,Low Seasonal Vegetation,low_seasonal_vegetation,open_or_seasonal,20309547.32992484,0.1506523336174728
13076100,Muchow,19385454.226399228,5,Low Seasonal Vegetation,low_seasonal_vegetation,open_or_seasonal,9133480.537071332,0.4711512266054258
13076102,Neu Gülze,13031360.020413212,5,Low Seasonal Vegetation,low_seasonal_vegetation,open_or_seasonal,6669744.963117248,0.5118226303831146
15082005,Aken (Elbe),59814153.79319817,5,Low Seasonal Vegetation,low_seasonal_vegetation,open_or_seasonal,23799532.586598568,0.39789131965125213
01056042,Raa-Besenbek,12670789.436255297,5,Low Seasonal Vegetation,low_seasonal_vegetation,open_or_seasonal,4467598.148344467,0.3525903552276861
01056045,Seestermühe,18117780.32657661,5,Low Seasonal Vegetation,low_seasonal_vegetation,open_or_seasonal,10333565.49291116,0.5703549389962003
01056049,Uetersen,11385692.035718938,5,Low Seasonal Vegetation,low_seasonal_vegetation,open_or_seasonal,2305419.4447218836,0.20248391028752344
01056029,Klein Nordende,10930418.524994152,5,Low Seasonal Vegetation,low_seasonal_vegetation,open_or_seasonal,2117258.4460502523,0.19370332812131594
14521690,Zschopau,22981602.50064336,5,Low Seasonal Vegetation,low_seasonal_vegetation,open_or_seasonal,6821988.475483965,0.29684563882318415
15090485,Schollene,65622886.19142336,5,Low Seasonal Vegetation,low_seasonal_vegetation,open_or_seasonal,10906561.631031908,0.1662005782436517
15090003,Aland,92856562.3009006,5,Low Seasonal Vegetation,low_seasonal_vegetation,open_or_seasonal,42835606.48939378,0.46130941559720356
01056033,Seester,11785529.117236825,5,Low Seasonal Vegetation,low_seasonal_vegetation,open_or_seasonal,5726916.558906267,0.48592782741764345
15090007,Altmärkische Höhe,99821898.40534252,5,Low Seasonal Vegetation,low_seasonal_vegetation,open_or_seasonal,54116089.55151768,0.5421264313344432
15090008,Altmärkische Wische,67544348.28100026,5,Low Seasonal Vegetation,low_seasonal_vegetation,open_or_seasonal,43556184.347745985,0.644853129184726
15091375,Wittenberg,242070715.93641967,5,Low Seasonal Vegetation,low_seasonal_vegetation,open_or_seasonal,90946441.2434326,0.3757019550738217
01056036,Moorrege,10959953.688143631,5,Low Seasonal Vegetation,low_seasonal_vegetation,open_or_seasonal,3813147.6218279433,0.347916399131592
01056037,Neuendeich,8686162.934733266,5,Low Seasonal Vegetation,low_seasonal_vegetation,open_or_seasonal,5474072.454482967,0.6302060525014852
12063088,Friesack,84541496.23475263,5,Low Seasonal Vegetation,low_seasonal_vegetation,open_or_seasonal,24692567.074644424,0.29207629595386797
01056038,Osterhorn,6374418.444995083,5,Low Seasonal Vegetation,low_seasonal_vegetation,open_or_seasonal,3071965.9080823706,0.481920968099348
14730360,Zschepplin,68340923.94879061,5,Low Seasonal Vegetation,low_seasonal_vegetation,open_or_seasonal,45027293.576254636,0.6588628156387614
16073076,Rudolstadt,135148386.92623073,5,Low Seasonal Vegetation,low_seasonal_vegetation,open_or_seasonal,32796751.61581423,0.24267216473487013
16073077,Saalfeld/Saale,145607709.22119236,5,Low Seasonal Vegetation,low_seasonal_vegetation,open_or_seasonal,25046674.753804244,0.17201475723895837
12069696,Ziesar,68066575.6939797,5,Low Seasonal Vegetation,low_seasonal_vegetation,open_or_seasonal,26799327.03024235,0.39372227494929907
12069216,Golzow,40231537.20454377,5,Low Seasonal Vegetation,low_seasonal_vegetation,open_or_seasonal,18671393.7069698,0.4640984412810616
14729350,Pegau,48722638.77218679,5,Low Seasonal Vegetation,low_seasonal_vegetation,open_or_seasonal,36431254.67085487,0.7477274546068216
15082015,Bitterfeld-Wolfen,86439561.37782684,5,Low Seasonal Vegetation,low_seasonal_vegetation,open_or_seasonal,31472335.381706867,0.3640964262201825
15083320,Hötensleben,60781460.656822056,5,Low Seasonal Vegetation,low_seasonal_vegetation,open_or_seasonal,50128421.16398638,0.8247320913693773
12061316,Lübben (Spreewald),121052302.6319176,5,Low Seasonal Vegetation,low_seasonal_vegetation,open_or_seasonal,26160265.61822169,0.21610712931059992
01056050,Wedel,28219950.72389341,5,Low Seasonal Vegetation,low_seasonal_vegetation,open_or_seasonal,2905837.816431047,0.10297104501925007
01056051,Westerhorn,9396717.292211529,5,Low Seasonal Vegetation,low_seasonal_vegetation,open_or_seasonal,1442693.6953732762,0.15353166967884127
12069249,Groß Kreutz (Havel),99526644.91150458,5,Low Seasonal Vegetation,low_seasonal_vegetation,open_or_seasonal,45052354.92783499,0.45266626809226695
15084207,Gutenborn,34112737.284892656,5,Low Seasonal Vegetation,low_seasonal_vegetation,open_or_seasonal,23210594.044871546,0.680408430757936
15089015,Aschersleben,157042636.245704,5,Low Seasonal Vegetation,low_seasonal_vegetation,open_or_seasonal,126227985.78080128,0.8037816277059239
14521220,Gornau/Erzgeb.,19755555.35532984,5,Low Seasonal Vegetation,low_seasonal_vegetation,open_or_seasonal,7808354.1572209345,0.39524852714982384
12065256,Oranienburg,164318985.6096604,5,Low Seasonal Vegetation,low_seasonal_vegetation,open_or_seasonal,28225309.724756017,0.17177144576467393
15090010,Arneburg,31235481.426069036,5,Low Seasonal Vegetation,low_seasonal_vegetation,open_or_seasonal,19448734.89169954,0.6226487956567139
12063094,Gollenberg,30299023.899701424,5,Low Seasonal Vegetation,low_seasonal_vegetation,open_or_seasonal,11207674.80415084,0.3699021737878917
14729370,Rötha,46138160.32048705,5,Low Seasonal Vegetation,low_seasonal_vegetation,open_or_seasonal,26486230.68243239,0.5740634324917269
15089005,Alsleben (Saale),23866835.429368444,5,Low Seasonal Vegetation,low_seasonal_vegetation,open_or_seasonal,18936230.51209381,0.793411869291751
03353023,Marschacht,26201655.315447405,5,Low Seasonal Vegetation,low_seasonal_vegetation,open_or_seasonal,9603749.997170582,0.3665321859076824
03353026,Neu Wulmstorf,56173035.8219472,5,Low Seasonal Vegetation,low_seasonal_vegetation,open_or_seasonal,18255350.211277697,0.3249842196377288
03353007,Drage,30407387.635426603,5,Low Seasonal Vegetation,low_seasonal_vegetation,open_or_seasonal,13372105.096354183,0.4397650089735036
12052000,Cottbus,165456921.7163237,5,Low Seasonal Vegetation,low_seasonal_vegetation,open_or_seasonal,46876485.75291872,0.28331535040455164
14729360,Regis-Breitingen,26429546.760908872,5,Low Seasonal Vegetation,low_seasonal_vegetation,open_or_seasonal,7376543.460524899,0.2791021551468797
15089041,Bördeaue,25624183.390924316,5,Low Seasonal Vegetation,low_seasonal_vegetation,open_or_seasonal,16895230.10715436,0.6593470648176201
15089042,Bördeland,92592309.36093704,5,Low Seasonal Vegetation,low_seasonal_vegetation,open_or_seasonal,83304563.56037672,0.8996920385217365
15089043,Börde-Hakel,39045345.92019806,5,Low Seasonal Vegetation,low_seasonal_vegetation,open_or_seasonal,33017791.11738061,0.8456268049171154
03353040,Winsen (Luhe),110031781.06794664,5,Low Seasonal Vegetation,low_seasonal_vegetation,open_or_seasonal,40223072.54896517,0.3655586791249583
15089026,Barby,154093416.53524873,5,Low Seasonal Vegetation,low_seasonal_vegetation,open_or_seasonal,106087605.84613335,0.6884629352212844
14729380,Thallwitz,52891027.23506981,5,Low Seasonal Vegetation,low_seasonal_vegetation,open_or_seasonal,37290399.7000688,0.7050420770679059
12067024,Bad Saarow,50298082.389564335,5,Low Seasonal Vegetation,low_seasonal_vegetation,open_or_seasonal,6927223.06086092,0.13772340279712442
15089030,Bernburg (Saale),114052712.15939713,5,Low Seasonal Vegetation,low_seasonal_vegetation,open_or_seasonal,78659952.51619405,0.6896806838425809
03353031,Seevetal,105494795.92269228,5,Low Seasonal Vegetation,low_seasonal_vegetation,open_or_seasonal,24500661.699374866,0.23224521631691875
03353032,Stelle,38492330.25085408,5,Low Seasonal Vegetation,low_seasonal_vegetation,open_or_seasonal,8170345.361468625,0.212259047665407
03353033,Tespe,24899031.941647574,5,Low Seasonal Vegetation,low_seasonal_vegetation,open_or_seasonal,13095601.525422545,0.5259482198389439
12069270,Havelsee,82133144.0596614,5,Low Seasonal Vegetation,low_seasonal_vegetation,open_or_seasonal,22790599.352092728,0.27748358610913115
03154007,Grafhorst,9595122.928886414,5,Low Seasonal Vegetation,low_seasonal_vegetation,open_or_seasonal,4136986.9880602085,0.43115518359912636
13076090,Ludwigslust,78675923.22125305,5,Low Seasonal Vegetation,low_seasonal_vegetation,open_or_seasonal,23555197.19813273,0.2993952435981033
12066176,Lauchhammer,89364500.39881246,5,Low Seasonal Vegetation,low_seasonal_vegetation,open_or_seasonal,19722170.253576063,0.22069356585177244
13076093,Malk Göhren,22563558.96337619,5,Low Seasonal Vegetation,low_seasonal_vegetation,open_or_seasonal,9536119.641757598,0.4226336659582849
13076094,Malliß,25193462.8679158,5,Low Seasonal Vegetation,low_seasonal_vegetation,open_or_seasonal,4589751.656906397,0.18218026164047121
13076097,Milow,33807484.17057334,5,Low Seasonal Vegetation,low_seasonal_vegetation,open_or_seasonal,10127193.26391442,0.29955477351755494
03154012,Jerxheim,17106738.656320043,5,Low Seasonal Vegetation,low_seasonal_vegetation,open_or_seasonal,15795922.387386428,0.9233742740057973
13076085,Lewitzrand,46856627.23741313,5,Low Seasonal Vegetation,low_seasonal_vegetation,open_or_seasonal,18579014.12016997,0.39650771332801726
13076088,Lübtheen,120328010.22909904,5,Low Seasonal Vegetation,low_seasonal_vegetation,open_or_seasonal,47417073.7307558,0.3940651361264585
13076089,Lübz,74813303.50257179,5,Low Seasonal Vegetation,low_seasonal_vegetation,open_or_seasonal,44733140.7428729,0.5979302964657235
15089055,Calbe (Saale),57425951.03109665,5,Low Seasonal Vegetation,low_seasonal_vegetation,open_or_seasonal,42689195.48699683,0.7433781194826057
14524260,Remse,14386253.492598357,5,Low Seasonal Vegetation,low_seasonal_vegetation,open_or_seasonal,8570084.268936703,0.59571341999124106
16065016,Etzleben,6168455.4494236335,5,Low Seasonal Vegetation,low_seasonal_vegetation,open_or_seasonal,5050826.551858334,0.8188154382034601
14627020,Diera-Zehren,43387391.97460426,5,Low Seasonal Vegetation,low_seasonal_vegetation,open_or_seasonal,24824540.615204412,0.5721602402314213
03154027,Söllingen,39430284.66967523,5,Low Seasonal Vegetation,low_seasonal_vegetation,open_or_seasonal,35736647.79494646,0.9063248742515561
16065019,Gehofen,13548591.471329546,5,Low Seasonal Vegetation,low_seasonal_vegetation,open_or_seasonal,9701266.741845058,0.716035077326976
12067426,Rietz-Neuendorf,185234224.38259536,5,Low Seasonal Vegetation,low_seasonal_vegetation,open_or_seasonal,77426912.3242668,0.41799463669491227
16065003,Bad Frankenhausen/Kyffhäuser,91109138.21694888,5,Low Seasonal Vegetation,low_seasonal_vegetation,open_or_seasonal,47114420.02382328,0.5171206856510324
14627010,Coswig,26126891.1611025,5,Low Seasonal Vegetation,low_seasonal_vegetation,open_or_seasonal,4499823.650798308,0.17222958610160277
14628370,Stadt Wehlen,10977521.341152163,5,Low Seasonal Vegetation,low_seasonal_vegetation,open_or_seasonal,4981554.968615263,0.4537959721326687
14627040,Glaubitz,14259650.79794955,5,Low Seasonal Vegetation,low_seasonal_vegetation,open_or_seasonal,9270723.121296732,0.6501367566890071
14522060,Burgstädt,25841214.814155083,5,Low Seasonal Vegetation,low_seasonal_vegetation,open_or_seasonal,12519118.084584102,0.4844632179492771
15090415,Osterburg (Altmark),231322870.27737197,5,Low Seasonal Vegetation,low_seasonal_vegetation,open_or_seasonal,141487622.90831393,0.611645630795868
16065042,Kalbsrieth,11982585.109859249,5,Low Seasonal Vegetation,low_seasonal_vegetation,open_or_seasonal,9899551.211666713,0.8261615603732604
14627030,Ebersbach,84269636.69404,5,Low Seasonal Vegetation,low_seasonal_vegetation,open_or_seasonal,53482117.02315886,0.6346546528655131
15090445,Sandau (Elbe),18434549.689568777,5,Low Seasonal Vegetation,low_seasonal_vegetation,open_or_seasonal,6995320.67140929,0.37946794411623763
16073002,Altenbeuthen,8067944.710577965,5,Low Seasonal Vegetation,low_seasonal_vegetation,open_or_seasonal,2935311.6606919672,0.36382396830799424
12069648,Wenzlow,20707044.44068362,5,Low Seasonal Vegetation,low_seasonal_vegetation,open_or_seasonal,7110116.349145947,0.34336702997442425
01056019,Haselau,13848008.610910298,5,Low Seasonal Vegetation,low_seasonal_vegetation,open_or_seasonal,6729649.1962402705,0.485965122157582
16065056,Reinsdorf,11330959.869730547,5,Low Seasonal Vegetation,low_seasonal_vegetation,open_or_seasonal,8601140.817863474,0.7590831594806461
14627060,Großenhain,130422644.6610693,5,Low Seasonal Vegetation,low_seasonal_vegetation,open_or_seasonal,80993617.57956958,0.621008857702959
15087250,Kelbra (Kyffhäuser),40621471.96106028,5,Low Seasonal Vegetation,low_seasonal_vegetation,open_or_seasonal,27423354.939988893,0.6750950572711129
14522080,Döbeln,91232608.068295,5,Low Seasonal Vegetation,low_seasonal_vegetation,open_or_seasonal,63731850.70438789,0.6985643845310159
15090435,Rochau,39086676.02958891,5,Low Seasonal Vegetation,low_seasonal_vegetation,open_or_seasonal,25921630.09100904,0.6631832819804419
01056020,Haseldorf,17815283.524139255,5,Low Seasonal Vegetation,low_seasonal_vegetation,open_or_seasonal,6529456.094998283,0.3665086826236044
12069656,Werder (Havel),117238083.591075,5,Low Seasonal Vegetation,low_seasonal_vegetation,open_or_seasonal,34065224.00269212,0.2905644903025812
01056024,Heist,10018888.267545355,5,Low Seasonal Vegetation,low_seasonal_vegetation,open_or_seasonal,1810317.2547004297,0.18069043254676007
12067481,Storkow (Mark),180695975.93586615,5,Low Seasonal Vegetation,low_seasonal_vegetation,open_or_seasonal,31921405.02377512,0.17665808471077896
01056027,Hetlingen,16599690.141962444,5,Low Seasonal Vegetation,low_seasonal_vegetation,open_or_seasonal,2144123.07773708,0.1291664518674924
01056028,Holm,15978636.194305196,5,Low Seasonal Vegetation,low_seasonal_vegetation,open_or_seasonal,2418027.489861288,0.15132877802944633
12067469,Spreenhagen,137738247.98115382,5,Low Seasonal Vegetation,low_seasonal_vegetation,open_or_seasonal,6874795.740342831,0.04991203127023572
14524290,Waldenburg,25083048.223122895,5,Low Seasonal Vegetation,low_seasonal_vegetation,open_or_seasonal,13299335.726667084,0.5302121021482168
14730310,Torgau,102853060.15132137,5,Low Seasonal Vegetation,low_seasonal_vegetation,open_or_seasonal,51840722.69865765,0.5040270325684777
12071041,Dissen-Striesow,19911812.74790296,5,Low Seasonal Vegetation,low_seasonal_vegetation,open_or_seasonal,6406146.872631747,0.3217259500045479
12068320,Neuruppin,305934233.01816416,5,Low Seasonal Vegetation,low_seasonal_vegetation,open_or_seasonal,79749351.91517854,0.26067482258660346
16065046,Mönchpfiffel-Nikolausrieth,9268732.690789605,5,Low Seasonal Vegetation,low_seasonal_vegetation,open_or_seasonal,4717037.106484247,0.5089193165718972
14627050,Gröditz,29040876.612622075,5,Low Seasonal Vegetation,low_seasonal_vegetation,open_or_seasonal,15776165.54908285,0.5432399909796811
12068324,Neustadt (Dosse),75664484.23327327,5,Low Seasonal Vegetation,low_seasonal_vegetation,open_or_seasonal,29888154.164281193,0.39500902526654574
12071028,Briesen,9164530.61977494,5,Low Seasonal Vegetation,low_seasonal_vegetation,open_or_seasonal,2429928.957847228,0.2651449439869842
12069688,Wusterwitz,23864482.92313698,5,Low Seasonal Vegetation,low_seasonal_vegetation,open_or_seasonal,6005846.336151629,0.251664632981797
01056015,Elmshorn,21702124.601431817,5,Low Seasonal Vegetation,low_seasonal_vegetation,open_or_seasonal,1849897.677080822,0.08524039517120703
01056016,Groß Nordende,5336383.998411052,5,Low Seasonal Vegetation,low_seasonal_vegetation,open_or_seasonal,2602059.291944648,0.4876072060630252
12067473,Steinhöfel,161138405.97169286,5,Low Seasonal Vegetation,low_seasonal_vegetation,open_or_seasonal,99958660.33277042,0.6203279704177422
12071032,Burg (Spreewald),35368051.73040276,5,Low Seasonal Vegetation,low_seasonal_vegetation,open_or_seasonal,4835194.820620245,0.13671080492295987
13076006,Barkhagen,30384060.435054645,5,Low Seasonal Vegetation,low_seasonal_vegetation,open_or_seasonal,22578476.20111196,0.7431026623111492
13076008,Belsch,22625583.52322813,5,Low Seasonal Vegetation,low_seasonal_vegetation,open_or_seasonal,6020690.58073352,0.2661010079387562
13076009,Bengerstorf,33049640.00110774,5,Low Seasonal Vegetation,low_seasonal_vegetation,open_or_seasonal,9949876.78147586,0.3010585525634278
12067408,Rauen,21643502.72157179,5,Low Seasonal Vegetation,low_seasonal_vegetation,open_or_seasonal,2769255.0865691113,0.12794856369570126
14625240,Hoyerswerda,95962109.1018878,5,Low Seasonal Vegetation,low_seasonal_vegetation,open_or_seasonal,12977608.349045455,0.13523679784139045
13076010,Besitz,22187644.02126526,5,Low Seasonal Vegetation,low_seasonal_vegetation,open_or_seasonal,9473918.505980752,0.4269907384894351
16065085,Kyffhäuserland,129109407.51909108,5,Low Seasonal Vegetation,low_seasonal_vegetation,open_or_seasonal,48814369.986487344,0.3780853070623013
16065086,Artern,44869652.329491064,5,Low Seasonal Vegetation,low_seasonal_vegetation,open_or_seasonal,30819703.823974837,0.6868719106102423
13076012,Blievenstorf,21448027.28281925,5,Low Seasonal Vegetation,low_seasonal_vegetation,open_or_seasonal,7662357.61014244,0.3572523248457588
12071060,Drehnow,10968965.45124516,5,Low Seasonal Vegetation,low_seasonal_vegetation,open_or_seasonal,5940575.9913718365,0.5415803357004358
16065087,Roßleben-Wiehe,72953515.34495515,5,Low Seasonal Vegetation,low_seasonal_vegetation,open_or_seasonal,44655650.03779843,0.6121110110547461
16065088,An der Schmücke,95013330.85967591,5,Low Seasonal Vegetation,low_seasonal_vegetation,open_or_seasonal,54839383.75393796,0.5771756790100288
13076014,Boizenburg/Elbe,47238842.90497926,5,Low Seasonal Vegetation,low_seasonal_vegetation,open_or_seasonal,15006873.682818042,0.3176808058784231
14627070,Hirschstein,34760214.33588495,5,Low Seasonal Vegetation,low_seasonal_vegetation,open_or_seasonal,28387468.474624187,0.8166655188117808
14713000,Leipzig,299088853.71073973,5,Low Seasonal Vegetation,low_seasonal_vegetation,open_or_seasonal,106030982.548977,0.354513320150418
12062196,Gröden,22402858.92871034,5,Low Seasonal Vegetation,low_seasonal_vegetation,open_or_seasonal,12276610.568717122,0.5479930310583733
14522460,Penig,63608667.65588005,5,Low Seasonal Vegetation,low_seasonal_vegetation,open_or_seasonal,39397965.036246076,0.6193804474790644
14729320,Neukieritzsch,57209117.342527494,5,Low Seasonal Vegetation,low_seasonal_vegetation,open_or_seasonal,21811744.02234565,0.38126342505430466
12067493,Tauche,121952418.64925414,5,Low Seasonal Vegetation,low_seasonal_vegetation,open_or_seasonal,57928201.42450237,0.4750065809773643
12071052,Drachhausen,38300791.51922781,5,Low Seasonal Vegetation,low_seasonal_vegetation,open_or_seasonal,6808847.805798028,0.17777303120171398
16076012,Caaschwitz,4097838.24899341,5,Low Seasonal Vegetation,low_seasonal_vegetation,open_or_seasonal,1997420.8257294428,0.4874328131961011
13076030,Dersenow,22443987.350011803,5,Low Seasonal Vegetation,low_seasonal_vegetation,open_or_seasonal,11592875.035598809,0.5165247535925346
14523330,Pöhl,36654093.105269566,5,Low Seasonal Vegetation,low_seasonal_vegetation,open_or_seasonal,13107407.67784599,0.3575973804672201
13076034,Dömitz,60496863.98778597,5,Low Seasonal Vegetation,low_seasonal_vegetation,open_or_seasonal,20589690.695662215,0.34034310769925485
13076016,Brahlstorf,21895462.27090615,5,Low Seasonal Vegetation,low_seasonal_vegetation,open_or_seasonal,10262958.672204431,0.46872537081993726
13076017,Brenz,12654634.15903614,5,Low Seasonal Vegetation,low_seasonal_vegetation,open_or_seasonal,5563418.485693931,0.4396348733417416
13076018,Bresegard bei Eldena,11143815.295551412,5,Low Seasonal Vegetation,low_seasonal_vegetation,open_or_seasonal,5714176.984191771,0.5127666631797871
01051103,Schmedeswurth,5887846.1293954775,5,Low Seasonal Vegetation,low_seasonal_vegetation,open_or_seasonal,5129068.653341568,0.8711281749932865
16076022,Greiz,84912677.81935868,5,Low Seasonal Vegetation,low_seasonal_vegetation,open_or_seasonal,24678565.899209335,0.2906346441188672
13076019,Bresegard bei Picher,16581224.118175805,5,Low Seasonal Vegetation,low_seasonal_vegetation,open_or_seasonal,8677300.321071867,0.5233208512971059
14522480,Reinsberg,48765913.081287704,5,Low Seasonal Vegetation,low_seasonal_vegetation,open_or_seasonal,33799641.05115909,0.6930997271561101
14523320,Plauen,101719133.12763377,5,Low Seasonal Vegetation,low_seasonal_vegetation,open_or_seasonal,35142692.55004902,0.3454875348372577
13076049,Gorlosen,53231150.54896304,5,Low Seasonal Vegetation,low_seasonal_vegetation,open_or_seasonal,12585805.77802529,0.23643685413954416
12071076,Forst (Lausitz),111087397.72670946,5,Low Seasonal Vegetation,low_seasonal_vegetation,open_or_seasonal,44693760.04269506,0.4023297057749788
12071412,Werben,25107230.69742649,5,Low Seasonal Vegetation,low_seasonal_vegetation,open_or_seasonal,10750204.515163973,0.4281716548000603
14524200,Mülsen,49108021.31470883,5,Low Seasonal Vegetation,low_seasonal_vegetation,open_or_seasonal,25913858.063798867,0.5276909427429354
16076039,Langenwetzendorf,58327544.83979913,5,Low Seasonal Vegetation,low_seasonal_vegetation,open_or_seasonal,31085463.315099675,0.532946541817904
15085090,Ditfurt,23929171.404765,5,Low Seasonal Vegetation,low_seasonal_vegetation,open_or_seasonal,20129738.221883543,0.8412216988790143
13076050,Grabow,72336024.30337732,5,Low Seasonal Vegetation,low_seasonal_vegetation,open_or_seasonal,13616219.81146552,0.1882356673952537
13076053,Grebs-Niendorf,31186526.12191532,5,Low Seasonal Vegetation,low_seasonal_vegetation,open_or_seasonal,11686806.537223602,0.37473896552431585
01058172,Westerrönfeld,7731811.63513024,5,Low Seasonal Vegetation,low_seasonal_vegetation,open_or_seasonal,1798328.1019372449,0.23258819366037914
14612000,Dresden,328736783.09641767,5,Low Seasonal Vegetation,low_seasonal_vegetation,open_or_seasonal,64042422.756189406,0.19481368088160042
13076058,Groß Laasch,27467259.64554101,5,Low Seasonal Vegetation,low_seasonal_vegetation,open_or_seasonal,6457227.81921792,0.2350881705181746
13076037,Eldena,34251458.78441228,5,Low Seasonal Vegetation,low_seasonal_vegetation,open_or_seasonal,12193107.630911492,0.35598798018087724
12061217,Heidesee,136364223.14755517,5,Low Seasonal Vegetation,low_seasonal_vegetation,open_or_seasonal,20435162.88276508,0.14985721629237658
14628310,Rathen,3743511.710648861,5,Low Seasonal Vegetation,low_seasonal_vegetation,open_or_seasonal,377627.13536468387,0.10087510459509955
13076040,Gallin-Kuppentin,29592968.88817017,5,Low Seasonal Vegetation,low_seasonal_vegetation,open_or_seasonal,18605172.49840545,0.6287024653968697
12070125,Groß Pankow (Prignitz),250928782.20071307,5,Low Seasonal Vegetation,low_seasonal_vegetation,open_or_seasonal,132655094.43200025,0.5286563512905108
13076046,Göhlen,33994605.65105992,5,Low Seasonal Vegetation,low_seasonal_vegetation,open_or_seasonal,11196882.126759226,0.3293723198818786
01051118,Trennewurth,8075378.942849048,5,Low Seasonal Vegetation,low_seasonal_vegetation,open_or_seasonal,6788733.315380584,0.8406705571869391
01051119,Volsemenhusen,16715100.23053301,5,Low Seasonal Vegetation,low_seasonal_vegetation,open_or_seasonal,12630663.929309776,0.7556439240632068
15084590,Zeitz,87425518.6237047,5,Low Seasonal Vegetation,low_seasonal_vegetation,open_or_seasonal,50961810.06647903,0.5829168744863603
14522490,Rochlitz,23581724.78775827,5,Low Seasonal Vegetation,low_seasonal_vegetation,open_or_seasonal,11119282.494984794,0.4715211713757693
13076075,Kreien,25035627.882163573,6,Low Perennial Vegetation,low_perennial_vegetation,perennial_vegetation,4656751.398589919,0.1860049774069211
13076079,Kuhstorf,15091729.821307696,6,Low Perennial Vegetation,low_perennial_vegetation,perennial_vegetation,2483944.4096554173,0.16458977460280189
14521150,Drebach,33008113.855999652,6,Low Perennial Vegetation,low_perennial_vegetation,perennial_vegetation,10822298.190927418,0.3278678157176898
15083245,Gröningen,59726899.683835134,6,Low Perennial Vegetation,low_perennial_vegetation,perennial_vegetation,4572808.632450036,0.07656196214195343
14628330,Reinhardtsdorf-Schöna,31817093.770008847,6,Low Perennial Vegetation,low_perennial_vegetation,perennial_vegetation,3637563.1014785115,0.11432732127493428
13076067,Karenz,6848559.861875899,6,Low Perennial Vegetation,low_perennial_vegetation,perennial_vegetation,1742724.3983220905,0.2544658195985657
16076093,Mohlsdorf-Teichwolframsdorf,51148534.17445346,6,Low Perennial Vegetation,low_perennial_vegetation,perennial_vegetation,9815724.079069141,0.1919062635419899
16076094,Berga-Wünschendorf,62985940.27364644,6,Low Perennial Vegetation,low_perennial_vegetation,perennial_vegetation,13266579.053509207,0.21062762571887803
13076069,Karstädt,19717514.76181327,6,Low Perennial Vegetation,low_perennial_vegetation,perennial_vegetation,4369538.491706038,0.22160695931966448
15084130,Elsteraue,80483183.11954002,6,Low Perennial Vegetation,low_perennial_vegetation,perennial_vegetation,13868318.00478191,0.17231323945256466
14628320,Rathmannsdorf,4195836.411452889,6,Low Perennial Vegetation,low_perennial_vegetation,perennial_vegetation,1148063.5391607054,0.2736197092972856
14522020,Augustusburg,23353480.299974073,6,Low Perennial Vegetation,low_perennial_vegetation,perennial_vegetation,4008813.50703966,0.1716580764642652
15002000,Halle (Saale),135858053.42722595,6,Low Perennial Vegetation,low_perennial_vegetation,perennial_vegetation,30278416.78693639,0.22286803044145925
15083270,Haldensleben,156410219.9081429,6,Low Perennial Vegetation,low_perennial_vegetation,perennial_vegetation,23433271.251504976,0.14981931017849692
12061260,Königs Wusterhausen,95986510.3169408,6,Low Perennial Vegetation,low_perennial_vegetation,perennial_vegetation,11736831.415455021,0.12227584247724829
15084150,Gleina,29877869.66065514,6,Low Perennial Vegetation,low_perennial_vegetation,perennial_vegetation,2462507.651127475,0.08241911753066664
12072312,Nuthe-Urstromtal,341614674.8878322,6,Low Perennial Vegetation,low_perennial_vegetation,perennial_vegetation,62245434.06261702,0.1822094852425618
15084135,Freyburg (Unstrut),46843268.74310584,6,Low Perennial Vegetation,low_perennial_vegetation,perennial_vegetation,9804013.6168708,0.20929396858782842
12062124,Elsterwerda,40441722.63077532,6,Low Perennial Vegetation,low_perennial_vegetation,perennial_vegetation,6947433.171829261,0.17178875477827463
12062128,Falkenberg/Elster,82069829.47278139,6,Low Perennial Vegetation,low_perennial_vegetation,perennial_vegetation,13330543.28558693,0.16242927969051074
12067397,Ragow-Merz,43897070.919061154,6,Low Perennial Vegetation,low_perennial_vegetation,perennial_vegetation,2344306.3690836946,0.05340461948830716
12066064,Frauendorf,20849051.531904455,6,Low Perennial Vegetation,low_perennial_vegetation,perennial_vegetation,3392036.2856176016,0.16269499264400142
12061265,Krausnick-Groß Wasserburg,54774429.42453899,6,Low Perennial Vegetation,low_perennial_vegetation,perennial_vegetation,6662117.398874485,0.12162823910475734
15084170,Goseck,14467892.210808836,6,Low Perennial Vegetation,low_perennial_vegetation,perennial_vegetation,1778013.44597556,0.12289374430417872
01058119,Oldenbüttel,8000288.08312802,6,Low Perennial Vegetation,low_perennial_vegetation,perennial_vegetation,5394024.717600985,0.6742288104570334
14522420,Niederwiesa,16599271.8798012,6,Low Perennial Vegetation,low_perennial_vegetation,perennial_vegetation,3873283.4136190447,0.2333405610599248
16075134,Remptendorf,97383600.17456956,6,Low Perennial Vegetation,low_perennial_vegetation,perennial_vegetation,13840732.25138169,0.14212590442919376
16075135,Saalburg-Ebersdorf,71996977.28873697,6,Low Perennial Vegetation,low_perennial_vegetation,perennial_vegetation,11662103.764815765,0.16198046368038502
16075136,Rosenthal am Rennsteig,56292295.44415217,6,Low Perennial Vegetation,low_perennial_vegetation,perennial_vegetation,12182002.914746195,0.2164062207559472
01058124,Osterrönfeld,17906363.46134805,6,Low Perennial Vegetation,low_perennial_vegetation,perennial_vegetation,9029707.432846172,0.5042736596036003
16075125,Wilhelmsdorf,9420791.17988135,6,Low Perennial Vegetation,low_perennial_vegetation,perennial_vegetation,794325.051956042,0.08431617226081495
16075127,Ziegenrück,8250127.516421139,6,Low Perennial Vegetation,low_perennial_vegetation,perennial_vegetation,708444.7045208468,0.08587075813201082
16076003,Bad Köstritz,20159072.262280148,6,Low Perennial Vegetation,low_perennial_vegetation,perennial_vegetation,5312581.816265361,0.2635330508837844
14522440,Oederan,77683163.59427962,6,Low Perennial Vegetation,low_perennial_vegetation,perennial_vegetation,17160946.154498644,0.22090946558415306
12073572,Templin,379582812.2804865,6,Low Perennial Vegetation,low_perennial_vegetation,perennial_vegetation,47270214.93962092,0.12453202149914883
01058140,Schacht-Audorf,6278333.662421584,6,Low Perennial Vegetation,low_perennial_vegetation,perennial_vegetation,1567535.6461370974,0.24967383551458003
01058148,Schülp b.Rendsburg,11012699.40867108,6,Low Perennial Vegetation,low_perennial_vegetation,perennial_vegetation,4048117.6636887193,0.36758632134291697
03360002,Bad Bevensen,48140251.44442914,6,Low Perennial Vegetation,low_perennial_vegetation,perennial_vegetation,5606664.647837229,0.1164652131970956
03360004,Bienenbüttel,99488670.05538411,6,Low Perennial Vegetation,low_perennial_vegetation,perennial_vegetation,13686302.88480545,0.13756644728677603
03360008,Emmendorf,11000591.927796615,6,Low Perennial Vegetation,low_perennial_vegetation,perennial_vegetation,1771798.706020591,0.161063942526907
12062500,Uebigau-Wahrenbrück,135901487.06611395,6,Low Perennial Vegetation,low_perennial_vegetation,perennial_vegetation,34178250.94988279,0.2514928400544698
01058132,Rade b.Rendsburg,6537224.4244546015,6,Low Perennial Vegetation,low_perennial_vegetation,perennial_vegetation,721815.6417801597,0.11041622482470922
01058135,Rendsburg,23814387.481500052,6,Low Perennial Vegetation,low_perennial_vegetation,perennial_vegetation,6528487.656799721,0.274140481751685
03359001,Agathenburg,11100004.708568253,6,Low Perennial Vegetation,low_perennial_vegetation,perennial_vegetation,2803024.2041412303,0.25252459595603016
03359004,Balje,58446108.6453896,6,Low Perennial Vegetation,low_perennial_vegetation,perennial_vegetation,25944551.127564706,0.4439055350113765
03359007,Bliedersdorf,12401586.096952744,6,Low Perennial Vegetation,low_perennial_vegetation,perennial_vegetation,3221588.2722212872,0.2597722780808561
03359009,Burweg,16255046.295608832,6,Low Perennial Vegetation,low_perennial_vegetation,perennial_vegetation,8354322.840805423,0.5139525713354798
03360025,Uelzen,136860915.81507882,6,Low Perennial Vegetation,low_perennial_vegetation,perennial_vegetation,17373899.181822643,0.126945659236254
15091241,Oranienbaum-Wörlitz,115899933.39697148,6,Low Perennial Vegetation,low_perennial_vegetation,perennial_vegetation,31159388.991866395,0.26884734165585467
02000000,Hamburg,742109107.0919194,6,Low Perennial Vegetation,low_perennial_vegetation,perennial_vegetation,173700678.61151928,0.23406353183320291
15089365,Wolmirsleben,16869354.158058494,6,Low Perennial Vegetation,low_perennial_vegetation,perennial_vegetation,1392496.346652123,0.08254591928090661
01058158,Tackesdorf,7595935.643578419,6,Low Perennial Vegetation,low_perennial_vegetation,perennial_vegetation,5708205.094693677,0.7514814978085518
03360012,Jelmstorf,13955288.939884534,6,Low Perennial Vegetation,low_perennial_vegetation,perennial_vegetation,1640545.25058053,0.1175572399573766
12065144,Hohen Neuendorf,49014227.56596513,6,Low Perennial Vegetation,low_perennial_vegetation,perennial_vegetation,5804212.271959317,0.11841892773170395
13071110,Neustrelitz,139943510.287917,6,Low Perennial Vegetation,low_perennial_vegetation,perennial_vegetation,26618904.369360697,0.1902117812722826
15084565,Wetterzeube,41934541.89197438,6,Low Perennial Vegetation,low_perennial_vegetation,perennial_vegetation,9076414.776320178,0.2164424449825041
13071119,Priepert,22199734.212614417,6,Low Perennial Vegetation,low_perennial_vegetation,perennial_vegetation,1851490.9421870245,0.0834014914077198
03359020,Grünendeich,2588844.4192941617,6,Low Perennial Vegetation,low_perennial_vegetation,perennial_vegetation,1319738.6921251654,0.5097790667872529
03359021,Guderhandviertel,9223870.486279769,6,Low Perennial Vegetation,low_perennial_vegetation,perennial_vegetation,5133803.726857802,0.55657803678989
03359022,Hammah,29370105.30183487,6,Low Perennial Vegetation,low_perennial_vegetation,perennial_vegetation,14670637.88934297,0.4995092029318136
03359023,Harsefeld,52010606.29360163,6,Low Perennial Vegetation,low_perennial_vegetation,perennial_vegetation,10644837.047399657,0.20466665947536147
03359025,Himmelpforten,18215753.037146464,6,Low Perennial Vegetation,low_perennial_vegetation,perennial_vegetation,8170706.408928853,0.4485516680132161
03359026,Hollern-Twielenfleth,17708013.179927923,6,Low Perennial Vegetation,low_perennial_vegetation,perennial_vegetation,11378681.19209166,0.6425724374877597
03359027,Horneburg,16902118.424427122,6,Low Perennial Vegetation,low_perennial_vegetation,perennial_vegetation,3368414.609563955,0.1992894928895946
03359028,Jork,53147595.539435685,6,Low Perennial Vegetation,low_perennial_vegetation,perennial_vegetation,37342410.31208112,0.7026171162225567
03359029,Kranenburg,14241579.451314503,6,Low Perennial Vegetation,low_perennial_vegetation,perennial_vegetation,6650389.169688254,0.46696991667412424
12069590,Schwielowsee,58307568.467751876,6,Low Perennial Vegetation,low_perennial_vegetation,perennial_vegetation,3914767.9936484746,0.06713996307037932
15084550,Weißenfels,113730963.2180518,6,Low Perennial Vegetation,low_perennial_vegetation,perennial_vegetation,17261306.370927107,0.15177314851218396
12065136,Hennigsdorf,30730259.606725983,6,Low Perennial Vegetation,low_perennial_vegetation,perennial_vegetation,4227650.301897471,0.137572879500574
14729250,Machern,39068604.93483402,6,Low Perennial Vegetation,low_perennial_vegetation,perennial_vegetation,5919761.745615115,0.15152221983583006
15088020,Bad Dürrenberg,36456820.25492409,6,Low Perennial Vegetation,low_perennial_vegetation,perennial_vegetation,4297416.881314007,0.11787689796488958
03359010,Buxtehude,76262592.45658633,6,Low Perennial Vegetation,low_perennial_vegetation,perennial_vegetation,28546008.591064155,0.37431206665724637
03359012,Dollern,11986902.817578904,6,Low Perennial Vegetation,low_perennial_vegetation,perennial_vegetation,1356480.5569901231,0.11316355672800081
03359013,Drochtersen,106914216.90756306,6,Low Perennial Vegetation,low_perennial_vegetation,perennial_vegetation,71843323.32768352,0.6719716554609246
03359015,Engelschoff,19629177.4223999,6,Low Perennial Vegetation,low_perennial_vegetation,perennial_vegetation,14805576.037151909,0.7542637023727992
03359016,Estorf,29452008.467342824,6,Low Perennial Vegetation,low_perennial_vegetation,perennial_vegetation,11028484.37207216,0.3744561048969152
12068264,Kyritz,157576666.42114767,6,Low Perennial Vegetation,low_perennial_vegetation,perennial_vegetation,30200701.03231192,0.1916571895968147
03359018,Freiburg (Elbe),26092407.30783692,6,Low Perennial Vegetation,low_perennial_vegetation,perennial_vegetation,13926892.2013652,0.5337526751386494
03359019,Großenwörden,12340566.848252848,6,Low Perennial Vegetation,low_perennial_vegetation,perennial_vegetation,7678848.089018175,0.6222443574466218
13071137,Sietow,18847417.38042587,6,Low Perennial Vegetation,low_perennial_vegetation,perennial_vegetation,2405507.8707443667,0.1276306361869306
13071138,Silz,10677284.917102613,6,Low Perennial Vegetation,low_perennial_vegetation,perennial_vegetation,2413470.2150852946,0.22603782083397037
03352051,Steinau,36028682.80064326,6,Low Perennial Vegetation,low_perennial_vegetation,perennial_vegetation,28384039.336442545,0.7878178476160048
03359040,Wischhafen,27624832.21567756,6,Low Perennial Vegetation,low_perennial_vegetation,perennial_vegetation,14993554.64789878,0.5427564059335602
03352052,Stinstedt,30437815.314012676,6,Low Perennial Vegetation,low_perennial_vegetation,perennial_vegetation,16587119.139086228,0.5449510409326258
03352055,Wanna,54053527.13815224,6,Low Perennial Vegetation,low_perennial_vegetation,perennial_vegetation,36204363.26704205,0.6697872494890007
03352056,Wingst,55608496.481304646,6,Low Perennial Vegetation,low_perennial_vegetation,perennial_vegetation,23928385.554791063,0.4303008904913603
03352038,Neuenkirchen,19402083.724760316,6,Low Perennial Vegetation,low_perennial_vegetation,perennial_vegetation,9390940.23453803,0.4840170967076909
03352039,Neuhaus (Oste),9842364.398027057,6,Low Perennial Vegetation,low_perennial_vegetation,perennial_vegetation,4237410.738548319,0.4305277235414821
14730270,Schkeuditz,80324651.47217132,6,Low Perennial Vegetation,low_perennial_vegetation,perennial_vegetation,21526687.949954994,0.2679960330411514
03352041,Nordleda,21315494.84257512,6,Low Perennial Vegetation,low_perennial_vegetation,perennial_vegetation,14404931.144300152,0.6757962341802192
03359030,Krummendeich,30095423.4804926,6,Low Perennial Vegetation,low_perennial_vegetation,perennial_vegetation,9352748.670970215,0.31076979784094166
03352042,Oberndorf,32464128.553422045,6,Low Perennial Vegetation,low_perennial_vegetation,perennial_vegetation,17252670.27449602,0.5314379607050137
03352043,Odisheim,13582666.151718097,6,Low Perennial Vegetation,low_perennial_vegetation,perennial_vegetation,9748430.814803205,0.7177111405016834
03359032,Mittelnkirchen,6941695.411593951,6,Low Perennial Vegetation,low_perennial_vegetation,perennial_vegetation,4537122.502781588,0.6536043767065507
03352044,Osten,47849840.1291706,6,Low Perennial Vegetation,low_perennial_vegetation,perennial_vegetation,26462823.44171254,0.5530389102717204
03359033,Neuenkirchen,8152226.686350301,6,Low Perennial Vegetation,low_perennial_vegetation,perennial_vegetation,5813965.747518922,0.7131751816044994
03352045,Osterbruch,10521142.056641445,6,Low Perennial Vegetation,low_perennial_vegetation,perennial_vegetation,3257318.357849037,0.30959741255397866
03359034,Nottensdorf,6984233.280373003,6,Low Perennial Vegetation,low_perennial_vegetation,perennial_vegetation,3127799.9727729126,0.44783727106633353
03352046,Otterndorf,33956318.90340103,6,Low Perennial Vegetation,low_perennial_vegetation,perennial_vegetation,12102794.73568384,0.35642246057689236
01051024,Eddelak,9422591.509592954,6,Low Perennial Vegetation,low_perennial_vegetation,perennial_vegetation,6302564.564629219,0.6688780425441029
03359035,Oederquart,37724566.29746619,6,Low Perennial Vegetation,low_perennial_vegetation,perennial_vegetation,16958034.849435557,0.44952232759199573
12065180,Leegebruch,6196386.074688744,6,Low Perennial Vegetation,low_perennial_vegetation,perennial_vegetation,2746620.1147009805,0.44326161759359844
03359038,Stade,100012094.83540148,6,Low Perennial Vegetation,low_perennial_vegetation,perennial_vegetation,46967218.66775978,0.4696153874694634
03359039,Steinkirchen,8591791.077775855,6,Low Perennial Vegetation,low_perennial_vegetation,perennial_vegetation,5199403.751503055,0.6051594719234046
14729260,Markkleeberg,31294371.481885165,6,Low Perennial Vegetation,low_perennial_vegetation,perennial_vegetation,5666481.261474428,0.1810703009247042
13071156,Waren (Müritz),159864746.249927,6,Low Perennial Vegetation,low_perennial_vegetation,perennial_vegetation,15113860.587079424,0.09454154803743245
13071159,Wesenberg,90112541.72905004,6,Low Perennial Vegetation,low_perennial_vegetation,perennial_vegetation,15017766.164984493,0.16665567163935782
01051034,Friedrichskoog,52644739.12260729,6,Low Perennial Vegetation,low_perennial_vegetation,perennial_vegetation,12610415.931543874,0.2395380078183077
01051016,Burg (Dithmarschen),11374810.187515236,6,Low Perennial Vegetation,low_perennial_vegetation,perennial_vegetation,6705454.975072402,0.5895003841411063
03352061,Wurster Nordseeküste,181747830.48425624,6,Low Perennial Vegetation,low_perennial_vegetation,perennial_vegetation,76378748.07414486,0.42024572106659125
03352062,Geestland,355996953.8423922,6,Low Perennial Vegetation,low_perennial_vegetation,perennial_vegetation,149630927.59045267,0.4203151908336205
03352063,Cadenberge,30845858.23362863,6,Low Perennial Vegetation,low_perennial_vegetation,perennial_vegetation,12041296.608873129,0.3903699653182456
01051021,Diekhusen-Fahrstedt,7528229.912736982,6,Low Perennial Vegetation,low_perennial_vegetation,perennial_vegetation,2066821.5175355582,0.2745428263340777
01051022,Dingen,6798996.813680679,6,Low Perennial Vegetation,low_perennial_vegetation,perennial_vegetation,3584552.197569914,0.5272178081268132
01051046,Helse,11771771.888879798,6,Low Perennial Vegetation,low_perennial_vegetation,perennial_vegetation,2636906.330433948,0.22400249982119522
13071176,Südmüritz,69521651.59671196,6,Low Perennial Vegetation,low_perennial_vegetation,perennial_vegetation,6320434.742097704,0.09091318455381214
01051051,Hochdonn,5461761.440063529,6,Low Perennial Vegetation,low_perennial_vegetation,perennial_vegetation,3007389.427202578,0.550626287911908
15082301,Raguhn-Jeßnitz,97547663.79529916,6,Low Perennial Vegetation,low_perennial_vegetation,perennial_vegetation,15003185.91818636,0.1538036415681886
12065193,Liebenwalde,142108984.33563513,6,Low Perennial Vegetation,low_perennial_vegetation,perennial_vegetation,45334723.18061613,0.31901377237025286
12065198,Löwenberger Land,245462895.6625957,6,Low Perennial Vegetation,low_perennial_vegetation,perennial_vegetation,65729414.51936537,0.26777739398020717
14626060,Boxberg/O.L.,217157658.1790037,6,Low Perennial Vegetation,low_perennial_vegetation,perennial_vegetation,21050399.679238643,0.09693602268397432
12070052,Breese,23853680.377576068,6,Low Perennial Vegetation,low_perennial_vegetation,perennial_vegetation,9626205.465738013,0.40355221137226444
15087101,Brücken-Hackpfüffel,16744209.004627198,6,Low Perennial Vegetation,low_perennial_vegetation,perennial_vegetation,2770873.395137432,0.16548248975939753
01051072,Marne,4805804.876825534,6,Low Perennial Vegetation,low_perennial_vegetation,perennial_vegetation,1775155.989927376,0.3693774581834359
01051073,Marnerdeich,1293267.715960469,6,Low Perennial Vegetation,low_perennial_vegetation,perennial_vegetation,424772.3335319576,0.3284488805293439
01051076,Neufeld,10473403.63389396,6,Low Perennial Vegetation,low_perennial_vegetation,perennial_vegetation,1206509.390675873,0.11519744992653347
16068005,Büchel,6463514.723747343,6,Low Perennial Vegetation,low_perennial_vegetation,perennial_vegetation,572223.0563264012,0.08853125285288191
01051077,Neufelderkoog,9758328.39693758,6,Low Perennial Vegetation,low_perennial_vegetation,perennial_vegetation,3392865.2275326704,0.3476891829749694
01051057,Kaiser-Wilhelm-Koog,13218612.582973186,6,Low Perennial Vegetation,low_perennial_vegetation,perennial_vegetation,3401843.5103589743,0.2573525390055586
16068009,Elxleben,12182387.021896468,6,Low Perennial Vegetation,low_perennial_vegetation,perennial_vegetation,712809.4114360396,0.05851147317474358
12062024,Bad Liebenwerda,139221533.97102642,6,Low Perennial Vegetation,low_perennial_vegetation,perennial_vegetation,26823837.82549244,0.19267017867418978
12069537,Rosenau,49729511.31494759,6,Low Perennial Vegetation,low_perennial_vegetation,perennial_vegetation,17765262.424803056,0.35723782428288636
03355042,Wittorf,12084300.577132616,6,Low Perennial Vegetation,low_perennial_vegetation,perennial_vegetation,3775479.846497498,0.31242849533566885
01051062,Kronprinzenkoog,28357505.18953096,6,Low Perennial Vegetation,low_perennial_vegetation,perennial_vegetation,4317397.9174233405,0.15224886281665004
16068014,Gebesee,23929036.68319125,6,Low Perennial Vegetation,low_perennial_vegetation,perennial_vegetation,3143622.3355818726,0.13137270744334156
01051064,Kuden,11394487.396027938,6,Low Perennial Vegetation,low_perennial_vegetation,perennial_vegetation,5074183.238780042,0.4453191321751672
03355049,Amt Neuhaus,237864004.5582604,6,Low Perennial Vegetation,low_perennial_vegetation,perennial_vegetation,82292490.84668975,0.3459644556120038
14524150,Langenweißbach,22731716.17384742,6,Low Perennial Vegetation,low_perennial_vegetation,perennial_vegetation,5752316.772717471,0.25305246329511394
14628270,Pirna,53425302.548493326,6,Low Perennial Vegetation,low_perennial_vegetation,perennial_vegetation,13234030.347604867,0.2477109106793086
12069541,Roskow,39287218.17786935,6,Low Perennial Vegetation,low_perennial_vegetation,perennial_vegetation,8908595.133517206,0.2267555593573549
15087125,Edersleben,9134917.8716069,6,Low Perennial Vegetation,low_perennial_vegetation,perennial_vegetation,1484140.917674094,0.16246899408774024
12070060,Cumlosen,22136539.600718543,6,Low Perennial Vegetation,low_perennial_vegetation,perennial_vegetation,9918409.68161335,0.4480560132935774
01051090,Ramhusen,4807202.395817772,6,Low Perennial Vegetation,low_perennial_vegetation,perennial_vegetation,1196351.717594949,0.24886651717343244
03355032,Rullstorf,22705490.788275145,6,Low Perennial Vegetation,low_perennial_vegetation,perennial_vegetation,3816795.8089120733,0.16810012364423424
03355033,Scharnebeck,27037799.21691025,6,Low Perennial Vegetation,low_perennial_vegetation,perennial_vegetation,4658723.902360872,0.1723041089619146
16068002,Andisleben,6730100.624243133,6,Low Perennial Vegetation,low_perennial_vegetation,perennial_vegetation,330239.0687860647,0.049068964525802075
14524180,Limbach-Oberfrohna,50092485.45446207,6,Low Perennial Vegetation,low_perennial_vegetation,perennial_vegetation,12132026.450671628,0.24219254326480918
01051097,Sankt Michaelisdonn,23004753.334857874,6,Low Perennial Vegetation,low_perennial_vegetation,perennial_vegetation,8895330.589625686,0.3866735913289306
12071372,Spremberg,202891853.28971308,6,Low Perennial Vegetation,low_perennial_vegetation,perennial_vegetation,25943544.29242587,0.12786883195049037
15090310,Klietz,66361888.75843367,6,Low Perennial Vegetation,low_perennial_vegetation,perennial_vegetation,14012022.040348329,0.21114561840387033
12072232,Luckenwalde,46648169.57139833,6,Low Perennial Vegetation,low_perennial_vegetation,perennial_vegetation,9824366.57324092,0.2106056178303852
16068015,Griefstedt,5038003.124141913,6,Low Perennial Vegetation,low_perennial_vegetation,perennial_vegetation,231338.7737833855,0.04591874361387733
15089305,Schönebeck (Elbe),86651504.83816189,6,Low Perennial Vegetation,low_perennial_vegetation,perennial_vegetation,14115801.364649693,0.16290313008427987
12072240,Ludwigsfelde,110371846.037488,6,Low Perennial Vegetation,low_perennial_vegetation,perennial_vegetation,35777836.79545846,0.32415727452185994
15087165,Gerbstedt,102354651.5951092,6,Low Perennial Vegetation,low_perennial_vegetation,perennial_vegetation,9644058.32681324,0.09422198382309828
12065100,Gransee,121765707.25394532,6,Low Perennial Vegetation,low_perennial_vegetation,perennial_vegetation,26219248.62265615,0.21532539180325438
15089310,Staßfurt,147453642.098848,6,Low Perennial Vegetation,low_perennial_vegetation,perennial_vegetation,9912630.084844926,0.06722540009015057
16068049,Schwerstedt,12696792.66930464,6,Low Perennial Vegetation,low_perennial_vegetation,perennial_vegetation,1310099.9158562438,0.10318353224932936
14625120,Elsterheide,127662995.54836445,6,Low Perennial Vegetation,low_perennial_vegetation,perennial_vegetation,11693612.594812084,0.09159751065360221
16068051,Sömmerda,87917087.60362361,6,Low Perennial Vegetation,low_perennial_vegetation,perennial_vegetation,8207959.624532093,0.09336023119348408
01002000,Kiel,112723309.79272144,6,Low Perennial Vegetation,low_perennial_vegetation,perennial_vegetation,28143366.91054323,0.24966767709619234
16068053,Straußfurt,21957904.249343578,6,Low Perennial Vegetation,low_perennial_vegetation,perennial_vegetation,2233020.3473956464,0.1016955134715282
16068057,Walschleben,16861722.674348123,6,Low Perennial Vegetation,low_perennial_vegetation,perennial_vegetation,1574077.2418775477,0.09335210122226742
16068058,Weißensee,55402086.43048872,6,Low Perennial Vegetation,low_perennial_vegetation,perennial_vegetation,4391423.291776477,0.07926458324428377
12061192,Groß Köris,69088656.33213338,6,Low Perennial Vegetation,low_perennial_vegetation,perennial_vegetation,6467284.331657242,0.0936084832880052
03352004,Belum,25542530.37904467,6,Low Perennial Vegetation,low_perennial_vegetation,perennial_vegetation,12475626.19341475,0.48842561830326214
03352008,Bülkau,22980760.30528494,6,Low Perennial Vegetation,low_perennial_vegetation,perennial_vegetation,13717221.882273866,0.5969002635269332
12051000,Brandenburg an der Havel,229676220.47988737,6,Low Perennial Vegetation,low_perennial_vegetation,perennial_vegetation,38294705.11153905,0.16673343470876428
16068044,Riethnordhausen,12507221.29377836,6,Low Perennial Vegetation,low_perennial_vegetation,perennial_vegetation,575827.3094425222,0.046039587524445896
16068045,Ringleben,6612685.463937223,6,Low Perennial Vegetation,low_perennial_vegetation,perennial_vegetation,805217.9502125868,0.12176867546534663
03352011,Cuxhaven,161968595.94766963,6,Low Perennial Vegetation,low_perennial_vegetation,perennial_vegetation,63190213.035493575,0.390138672659172
14522330,Lichtenau,49149615.820938915,6,Low Perennial Vegetation,low_perennial_vegetation,perennial_vegetation,11004827.700105539,0.22390465350122266
16075062,Bad Lobenstein,49171760.81963101,6,Low Perennial Vegetation,low_perennial_vegetation,perennial_vegetation,8587567.230301445,0.17464428946935334
16068059,Werningshausen,12699180.881688392,6,Low Perennial Vegetation,low_perennial_vegetation,perennial_vegetation,2007765.9802005868,0.15810200664955398
03352002,Armstorf,39634923.870285094,6,Low Perennial Vegetation,low_perennial_vegetation,perennial_vegetation,15977924.680784,0.40312742199469426
16075046,Hirschberg,24263319.632687926,6,Low Perennial Vegetation,low_perennial_vegetation,perennial_vegetation,5543551.67659024,0.2284745764599284
03352029,Lamstedt,52748696.2280303,6,Low Perennial Vegetation,low_perennial_vegetation,perennial_vegetation,19348161.386237483,0.3667988551337123
14522360,Mittweida,41127840.98173508,6,Low Perennial Vegetation,low_perennial_vegetation,perennial_vegetation,7538029.380036254,0.1832828857557561
16068062,Wundersleben,6943238.073568635,6,Low Perennial Vegetation,low_perennial_vegetation,perennial_vegetation,593103.9029955532,0.08542180128510472
16068064,Kindelbrück,64497659.140878424,6,Low Perennial Vegetation,low_perennial_vegetation,perennial_vegetation,6861427.592811949,0.10638258324732279
16071101,Ilmtal-Weinstraße,84670578.55677061,6,Low Perennial Vegetation,low_perennial_vegetation,perennial_vegetation,7601718.72531328,0.08977993129238415
16075079,Paska,6513323.312807415,6,Low Perennial Vegetation,low_perennial_vegetation,perennial_vegetation,677938.3496030293,0.1040848606839417
03352036,Mittelstenahe,33789268.79522018,6,Low Perennial Vegetation,low_perennial_vegetation,perennial_vegetation,12231907.74967537,0.36200569547115186
14625160,Großdubrau,54384025.184921,6,Low Perennial Vegetation,low_perennial_vegetation,perennial_vegetation,7437180.369271139,0.13675303260438396
14522350,Lunzenau,28121157.817220245,6,Low Perennial Vegetation,low_perennial_vegetation,perennial_vegetation,5280525.668301634,0.18777767624731498
15091145,Jessen (Elster),354368138.6270962,6,Low Perennial Vegetation,low_perennial_vegetation,perennial_vegetation,71964006.92781785,0.20307696737811418
03352020,Hechthausen,30700812.16132706,6,Low Perennial Vegetation,low_perennial_vegetation,perennial_vegetation,16520882.287724083,0.538125252221665
03352022,Hemmoor,45136113.48845031,6,Low Perennial Vegetation,low_perennial_vegetation,perennial_vegetation,23335103.19681868,0.5169940739977491
03352024,Hollnseth,20900774.153643504,6,Low Perennial Vegetation,low_perennial_vegetation,perennial_vegetation,10170511.466630211,0.48660931848102135
01051003,Averlak,9015229.290474849,6,Low Perennial Vegetation,low_perennial_vegetation,perennial_vegetation,4527864.434022869,0.5022461756803944
03352025,Ihlienworth,40263231.48540739,6,Low Perennial Vegetation,low_perennial_vegetation,perennial_vegetation,25713986.53310152,0.6386468642592944
15001000,Dessau-Roßlau,246351623.04511577,6,Low Perennial Vegetation,low_perennial_vegetation,perennial_vegetation,46828048.38917927,0.19008621826941802
14627310,Weinböhla,19129566.25464748,6,Low Perennial Vegetation,low_perennial_vegetation,perennial_vegetation,3516955.558390353,0.18384920554776915
14521495,Pockau-Lengefeld,83505276.29702461,6,Low Perennial Vegetation,low_perennial_vegetation,perennial_vegetation,24256428.746183716,0.290477797593348
12062410,Röderland,46885908.81827827,6,Low Perennial Vegetation,low_perennial_vegetation,perennial_vegetation,9672296.3843536191,0.206294313753025
01051010,Brickeln,6016044.624081735,6,Low Perennial Vegetation,low_perennial_vegetation,perennial_vegetation,2859738.810588485,0.4753519944219138
01051011,Brunsbüttel,49819003.98502033,6,Low Perennial Vegetation,low_perennial_vegetation,perennial_vegetation,18542650.378682435,0.3722003431513378
01051012,Buchholz,14556561.416269422,6,Low Perennial Vegetation,low_perennial_vegetation,perennial_vegetation,8358741.186012514,0.5742249798548031
12070008,Bad Wilsnack,79705672.07947846,6,Low Perennial Vegetation,low_perennial_vegetation,perennial_vegetation,20837205.622665852,0.2614268856787011
15091160,Kemberg,237161020.8747511,6,Low Perennial Vegetation,low_perennial_vegetation,perennial_vegetation,42955947.75515962,0.181125665578263
16064003,Bad Langensalza,128346753.40334764,6,Low Perennial Vegetation,low_perennial_vegetation,perennial_vegetation,17914773.27217363,0.13958103962220178
16064004,Bad Tennstedt,27487298.077159584,6,Low Perennial Vegetation,low_perennial_vegetation,perennial_vegetation,1394632.2296246607,0.05073733423015202
16064005,Ballhausen,14758485.728867829,6,Low Perennial Vegetation,low_perennial_vegetation,perennial_vegetation,673608.4624144092,0.04564211225930994
01058075,Hörsten,8835364.60918665,6,Low Perennial Vegetation,low_perennial_vegetation,perennial_vegetation,6027560.03471026,0.6822084091971768
12061572,Zeuthen,13420943.976093616,6,Low Perennial Vegetation,low_perennial_vegetation,perennial_vegetation,1165360.4112013737,0.08683147871544657
15083120,Burgstall,117254993.91869847,6,Low Perennial Vegetation,low_perennial_vegetation,perennial_vegetation,32474073.63415012,0.27695258469474476
12071301,Neuhausen/Spree,135095830.3552456,6,Low Perennial Vegetation,low_perennial_vegetation,perennial_vegetation,16835699.313686665,0.12462042144021625
12061112,Eichwalde,2832709.8299547434,6,Low Perennial Vegetation,low_perennial_vegetation,perennial_vegetation,83249.7371877285,0.029388727467740152
15083125,Calvörde,122650835.84860626,6,Low Perennial Vegetation,low_perennial_vegetation,perennial_vegetation,33366865.061225634,0.27204759617302515
14521035,Aue-Bad Schlema,36185659.69923068,6,Low Perennial Vegetation,low_perennial_vegetation,perennial_vegetation,7811713.73136277,0.2158787153887055
14628210,Königstein/Sächs.Schw.,27282672.13891542,6,Low Perennial Vegetation,low_perennial_vegetation,perennial_vegetation,3729420.9175251317,0.13669558826701456
14730180,Löbnitz,37284402.757531345,6,Low Perennial Vegetation,low_perennial_vegetation,perennial_vegetation,7267211.3073491845,0.1949129064667994
16075098,Schleiz,108245226.3545657,6,Low Perennial Vegetation,low_perennial_vegetation,perennial_vegetation,17751222.19659659,0.16399080859650175
14627360,Zeithain,81605776.3716208,6,Low Perennial Vegetation,low_perennial_vegetation,perennial_vegetation,20151673.46654679,0.24693930212463155
12062464,Schraden,16551361.52234092,6,Low Perennial Vegetation,low_perennial_vegetation,perennial_vegetation,2615447.945073129,0.15802010859002835
16053000,Jena,114776189.22505067,6,Low Perennial Vegetation,low_perennial_vegetation,perennial_vegetation,29829246.679579865,0.2598905476909616
16064022,Herbsleben,25017104.631884605,6,Low Perennial Vegetation,low_perennial_vegetation,perennial_vegetation,1218603.0983856467,0.04871079672555401
03355003,Artlenburg,11787911.580612302,6,Low Perennial Vegetation,low_perennial_vegetation,perennial_vegetation,3522840.6145911566,0.29885197140307773
03355004,Bardowick,23127933.12518663,6,Low Perennial Vegetation,low_perennial_vegetation,perennial_vegetation,4226747.109394006,0.182755073119397
12062453,Schönborn,38929792.26194864,6,Low Perennial Vegetation,low_perennial_vegetation,perennial_vegetation,7941280.9849182535,0.20398981149150244
15084025,Balgstädt,32848242.337743822,6,Low Perennial Vegetation,low_perennial_vegetation,perennial_vegetation,4434883.197283643,0.13501127858484535
01061101,Sommerland,19077815.414614964,6,Low Perennial Vegetation,low_perennial_vegetation,perennial_vegetation,8302145.321022883,0.4351727459666503
16064019,Großvargula,15214475.91359024,6,Low Perennial Vegetation,low_perennial_vegetation,perennial_vegetation,1424344.1810393506,0.09361769601061734
12067288,Langewahl,13380797.535019713,6,Low Perennial Vegetation,low_perennial_vegetation,perennial_vegetation,1274267.4114887996,0.09523105092606293
01061102,Stördorf,7208056.0397156,6,Low Perennial Vegetation,low_perennial_vegetation,perennial_vegetation,2885568.97818962,0.40032554717810886
01061103,Störkathen,2005973.5893690065,6,Low Perennial Vegetation,low_perennial_vegetation,perennial_vegetation,1073965.0808872571,0.5353834599712156
01061104,Süderau,9136918.75002405,6,Low Perennial Vegetation,low_perennial_vegetation,perennial_vegetation,2140217.1549745766,0.23423839190525175
01061105,Vaale,14927650.039076356,6,Low Perennial Vegetation,low_perennial_vegetation,perennial_vegetation,7043099.007503431,0.47181565678901866
03355018,Hittbergen,14690458.487502694,6,Low Perennial Vegetation,low_perennial_vegetation,perennial_vegetation,5846700.205849786,0.39799303819030746
01061106,Vaalermoor,6202368.1675856095,6,Low Perennial Vegetation,low_perennial_vegetation,perennial_vegetation,5926365.382425557,0.9555004189202313
03355019,Hohnstorf (Elbe),10232542.832744556,6,Low Perennial Vegetation,low_perennial_vegetation,perennial_vegetation,3814616.0758849164,0.3727925832548669
01061109,Westermoor,9361103.215152033,6,Low Perennial Vegetation,low_perennial_vegetation,perennial_vegetation,6848798.002800523,0.7316229556912639
12062461,Schönewalde,156495738.43898296,6,Low Perennial Vegetation,low_perennial_vegetation,perennial_vegetation,34986619.94548856,0.22356276467636654
03355021,Lüdersburg,19123323.277192023,6,Low Perennial Vegetation,low_perennial_vegetation,perennial_vegetation,5638648.174419621,0.29485712774330997
03355022,Lüneburg,71033121.37965915,6,Low Perennial Vegetation,low_perennial_vegetation,perennial_vegetation,8062607.246832206,0.1135048987040712
01061110,Wewelsfleth,17434047.597677477,6,Low Perennial Vegetation,low_perennial_vegetation,perennial_vegetation,12090740.533399692,0.693513107937734
03355024,Melbeck,16191367.481679091,6,Low Perennial Vegetation,low_perennial_vegetation,perennial_vegetation,2135551.9916369566,0.13189447982410277
03355026,Neetze,26931703.774280805,6,Low Perennial Vegetation,low_perennial_vegetation,perennial_vegetation,4615386.090552129,0.1713737136437585
12071341,Schmogrow-Fehrow,30425558.583853245,6,Low Perennial Vegetation,low_perennial_vegetation,perennial_vegetation,6303792.926291251,0.20718741806885527
03355028,Radbruch,22502434.334318295,6,Low Perennial Vegetation,low_perennial_vegetation,perennial_vegetation,3544519.761423154,0.15751716942097385
03355007,Barum,9859128.19252681,6,Low Perennial Vegetation,low_perennial_vegetation,perennial_vegetation,3212869.980743661,0.32587769608057304
03355009,Bleckede,140428645.90070593,6,Low Perennial Vegetation,low_perennial_vegetation,perennial_vegetation,45907359.66488017,0.3269087967802543
13071077,Klink,25077178.987248123,6,Low Perennial Vegetation,low_perennial_vegetation,perennial_vegetation,3157293.087691315,0.12590304074061978
15085365,Wegeleben,51803398.39313342,6,Low Perennial Vegetation,low_perennial_vegetation,perennial_vegetation,2295173.1218328048,0.04430545471968557
03355011,Brietlingen,19952780.234822452,6,Low Perennial Vegetation,low_perennial_vegetation,perennial_vegetation,5963263.624491114,0.2988688069687536
03355014,Deutsch Evern,11067871.539230255,6,Low Perennial Vegetation,low_perennial_vegetation,perennial_vegetation,1032985.8206707983,0.09333193080615029
03355015,Echem,10383318.339279251,6,Low Perennial Vegetation,low_perennial_vegetation,perennial_vegetation,5875688.480558449,0.5658777173701008
03355017,Handorf,9845690.275817502,6,Low Perennial Vegetation,low_perennial_vegetation,perennial_vegetation,3010366.396092984,0.3057547324525226
13071069,Jabel,79860158.60251059,6,Low Perennial Vegetation,low_perennial_vegetation,perennial_vegetation,10452542.911280805,0.1308855766654113
01061112,Willenscharen,7589153.329741799,6,Low Perennial Vegetation,low_perennial_vegetation,perennial_vegetation,1825625.9042993172,0.24055725651828797
01061113,Wilster,2755912.6525660716,6,Low Perennial Vegetation,low_perennial_vegetation,perennial_vegetation,1105653.895078981,0.40119337383552056
01061114,Winseldorf,5442342.502822228,6,Low Perennial Vegetation,low_perennial_vegetation,perennial_vegetation,2535980.7658879887,0.4659722839150437
01061115,Wittenbergen,4565265.492505508,6,Low Perennial Vegetation,low_perennial_vegetation,perennial_vegetation,1571721.7772142824,0.3442782856319032
01061116,Wrist,10045281.12016296,6,Low Perennial Vegetation,low_perennial_vegetation,perennial_vegetation,5787113.864078213,0.5761027287192866
01061117,Wulfsmoor,8798835.287076786,6,Low Perennial Vegetation,low_perennial_vegetation,perennial_vegetation,4822537.489002608,0.548088165269518
01061118,Kollmar,25531602.062536076,6,Low Perennial Vegetation,low_perennial_vegetation,perennial_vegetation,7545115.493426129,0.29552064437419273
01061119,Neuendorf-Sachsenbande,19409666.285051152,6,Low Perennial Vegetation,low_perennial_vegetation,perennial_vegetation,17190569.429821152,0.8856705302069467
14522300,Kriebstein,31209092.964952536,6,Low Perennial Vegetation,low_perennial_vegetation,perennial_vegetation,3042990.5385501096,0.09750333154402642
01058007,Arpsdorf,12052928.258576203,6,Low Perennial Vegetation,low_perennial_vegetation,perennial_vegetation,2651799.3823465207,0.22001287367322092
16074112,Wichmar,5198804.2403446855,6,Low Perennial Vegetation,low_perennial_vegetation,perennial_vegetation,1346507.39273945,0.25900328815808144
15090220,Hassel,20426442.347355027,6,Low Perennial Vegetation,low_perennial_vegetation,perennial_vegetation,2900265.978135496,0.14198585974081995
12061510,Unterspreewald,26090958.937346227,6,Low Perennial Vegetation,low_perennial_vegetation,perennial_vegetation,12472739.776748022,0.4780483464291042
13071093,Malchow,45040461.49018636,6,Low Perennial Vegetation,low_perennial_vegetation,perennial_vegetation,6110403.328133157,0.1356647584409081
15090225,Havelberg,150161438.5532544,6,Low Perennial Vegetation,low_perennial_vegetation,perennial_vegetation,55472748.50234604,0.3694207316925294
14625570,Spreetal,109091756.93335482,6,Low Perennial Vegetation,low_perennial_vegetation,perennial_vegetation,7862811.259928285,0.07207520972214014
15091110,Gräfenhainichen,160149892.23009607,6,Low Perennial Vegetation,low_perennial_vegetation,perennial_vegetation,19190829.94337903,0.11983042683417182
14522320,Leubsdorf,34311583.95952025,6,Low Perennial Vegetation,low_perennial_vegetation,perennial_vegetation,7518631.226824575,0.21912807160680267
15082241,Muldestausee,138658706.97638956,6,Low Perennial Vegetation,low_perennial_vegetation,perennial_vegetation,16499841.918970872,0.11899607517456817
12070424,Wittenberge,50422521.378002,6,Low Perennial Vegetation,low_perennial_vegetation,perennial_vegetation,19040311.66370001,0.3776152231849078
14524080,Glauchau,52051737.980342254,6,Low Perennial Vegetation,low_perennial_vegetation,perennial_vegetation,10600519.14385337,0.2036535100491119
01058024,Borgstedt,9109666.740652576,6,Low Perennial Vegetation,low_perennial_vegetation,perennial_vegetation,2595764.6088642622,0.28494616573408404
16075035,Gössitz,12742099.08847928,6,Low Perennial Vegetation,low_perennial_vegetation,perennial_vegetation,1150881.801406758,0.09032120951306392
01058026,Bovenau,26323947.191626538,6,Low Perennial Vegetation,low_perennial_vegetation,perennial_vegetation,5238389.142797999,0.19899709966232929
01058029,Breiholz,18562396.11933431,6,Low Perennial Vegetation,low_perennial_vegetation,perennial_vegetation,11135001.712945545,0.599868769169703
01058009,Aukrug,49904592.123153016,6,Low Perennial Vegetation,low_perennial_vegetation,perennial_vegetation,17042276.18192984,0.3414971540068585
15083557,Westheide,51253854.469688304,6,Low Perennial Vegetation,low_perennial_vegetation,perennial_vegetation,12928072.420265296,0.2522361011484707
14522310,Leisnig,78127693.60088934,6,Low Perennial Vegetation,low_perennial_vegetation,perennial_vegetation,15785329.979558332,0.20204525760349137
12070416,Weisen,15519249.70929966,6,Low Perennial Vegetation,low_perennial_vegetation,perennial_vegetation,4085900.36440337,0.263279503902496
16075023,Eßbach,5443529.330009976,6,Low Perennial Vegetation,low_perennial_vegetation,perennial_vegetation,1076975.7728780217,0.19784513090444722
11000000,Berlin,893023743.1274061,6,Low Perennial Vegetation,low_perennial_vegetation,perennial_vegetation,67789894.75392067,0.07591051780607497
15090245,Hohenberg-Krusemark,63950074.736398935,6,Low Perennial Vegetation,low_perennial_vegetation,perennial_vegetation,12147592.744655335,0.18995431662476542
12069460,Päwesin,23664940.770002447,6,Low Perennial Vegetation,low_perennial_vegetation,perennial_vegetation,4274289.9697720595,0.18061697307056548
14730120,Elsnig,37026728.72282651,6,Low Perennial Vegetation,low_perennial_vegetation,perennial_vegetation,7025726.99791243,0.18974744030198806
12067201,Grünheide (Mark),126594762.92223091,6,Low Perennial Vegetation,low_perennial_vegetation,perennial_vegetation,10696635.297233196,0.08449508534412518
15089235,Nienburg (Saale),79383374.10226241,6,Low Perennial Vegetation,low_perennial_vegetation,perennial_vegetation,7845706.391749028,0.09883311814942655
01058044,Ehndorf,14678370.184088688,6,Low Perennial Vegetation,low_perennial_vegetation,perennial_vegetation,4818973.886346541,0.32830442521270486
15087055,Berga,25953198.57920447,6,Low Perennial Vegetation,low_perennial_vegetation,perennial_vegetation,5983344.750554932,0.2305436353941055
12069454,Nuthetal,48492811.13124999,6,Low Perennial Vegetation,low_perennial_vegetation,perennial_vegetation,21033622.659033228,0.4337472332157422
14524090,Hartenstein,36873390.54000072,6,Low Perennial Vegetation,low_perennial_vegetation,perennial_vegetation,8028370.431989294,0.21772802322802443
14730110,Eilenburg,46790885.02567576,6,Low Perennial Vegetation,low_perennial_vegetation,perennial_vegetation,12043860.066166723,0.2573975691966041
15089245,Plötzkau,23962093.80644673,6,Low Perennial Vegetation,low_perennial_vegetation,perennial_vegetation,2140965.034247736,0.08934799485977028
15082256,Osternienburger Land,140361657.66805235,6,Low Perennial Vegetation,low_perennial_vegetation,perennial_vegetation,18934565.654666867,0.13489841862259908
15083580,Zielitz,11433584.155043542,6,Low Perennial Vegetation,low_perennial_vegetation,perennial_vegetation,1875826.6529535116,0.16406287193207508
01058034,Büdelsdorf,6463502.891730439,6,Low Perennial Vegetation,low_perennial_vegetation,perennial_vegetation,1357987.6215584248,0.2101008763059218
01058035,Bünsdorf,13321317.89180483,6,Low Perennial Vegetation,low_perennial_vegetation,perennial_vegetation,3407308.6663823654,0.2557786469819563
12054000,Potsdam,187155026.6169255,6,Low Perennial Vegetation,low_perennial_vegetation,perennial_vegetation,39445199.05328356,0.21076216741974646
15083565,Wolmirstedt,54729728.17133828,6,Low Perennial Vegetation,low_perennial_vegetation,perennial_vegetation,14681163.590803796,0.26824842880349364
15084445,Schönburg,14798621.05160239,6,Low Perennial Vegetation,low_perennial_vegetation,perennial_vegetation,2430614.6663251054,0.16424602385922432
14729100,Elstertrebnitz,11624845.86654578,6,Low Perennial Vegetation,low_perennial_vegetation,perennial_vegetation,1305534.633181001,0.11230554350299779
14730140,Jesewitz,52617272.90102957,6,Low Perennial Vegetation,low_perennial_vegetation,perennial_vegetation,4842411.583225174,0.09203083543180782
12061540,Wildau,8874288.783778869,6,Low Perennial Vegetation,low_perennial_vegetation,perennial_vegetation,1046104.0169382542,0.11788032172791203
15083115,Bülstringen,25524334.42581953,6,Low Perennial Vegetation,low_perennial_vegetation,perennial_vegetation,4088239.7287756316,0.160170277530924
16071015,Eberstedt,4115704.6694074017,6,Low Perennial Vegetation,low_perennial_vegetation,perennial_vegetation,675160.8162074703,0.16404501062139695
15090285,Kamern,68271652.2899516,6,Low Perennial Vegetation,low_perennial_vegetation,perennial_vegetation,19126506.642949462,0.2801529771349119
12069028,Bensdorf,34343518.53523056,6,Low Perennial Vegetation,low_perennial_vegetation,perennial_vegetation,5305203.726347852,0.15447467098939272
14730160,Laußig,103823560.27216558,6,Low Perennial Vegetation,low_perennial_vegetation,perennial_vegetation,11634888.452415854,0.11206404810156652
16071001,Apolda,46276500.00416577,6,Low Perennial Vegetation,low_perennial_vegetation,perennial_vegetation,5164186.960197133,0.11159415599131865
16071003,Bad Berka,54593402.287365526,6,Low Perennial Vegetation,low_perennial_vegetation,perennial_vegetation,8705028.202789096,0.15945201870673095
16071004,Bad Sulza,93949547.55477688,6,Low Perennial Vegetation,low_perennial_vegetation,perennial_vegetation,10668817.788980111,0.11355901190220957
15090270,Iden,37826011.59551551,6,Low Perennial Vegetation,low_perennial_vegetation,perennial_vegetation,8660178.83235761,0.22894771262070682
16071009,Buchfart,7263662.231930096,6,Low Perennial Vegetation,low_perennial_vegetation,perennial_vegetation,624276.3160421827,0.08594511915737861
12065036,Birkenwerder,17775945.98677081,6,Low Perennial Vegetation,low_perennial_vegetation,perennial_vegetation,945866.0826198177,0.05321044985868819
13071001,Alt Schwerin,44381761.02719912,6,Low Perennial Vegetation,low_perennial_vegetation,perennial_vegetation,3016476.3758460125,0.06796657694581748
12069017,Beelitz,181455267.83634016,6,Low Perennial Vegetation,low_perennial_vegetation,perennial_vegetation,34346464.01163309,0.18928336675577354
12069018,Beetzsee,21334744.806759752,6,Low Perennial Vegetation,low_perennial_vegetation,perennial_vegetation,4693249.023867073,0.21998149339850798
12069019,Beetzseeheide,37603644.4417689,6,Low Perennial Vegetation,low_perennial_vegetation,perennial_vegetation,7843947.47779095,0.208595405956933
16071031,Hetschburg,2806792.266105883,6,Low Perennial Vegetation,low_perennial_vegetation,perennial_vegetation,972138.5988913222,0.3463521724178249
13071036,Fünfseen,51514717.33507943,6,Low Perennial Vegetation,low_perennial_vegetation,perennial_vegetation,6235840.739499839,0.12104969340972166
16071022,Großheringen,6057917.431900784,6,Low Perennial Vegetation,low_perennial_vegetation,perennial_vegetation,1887146.9898388279,0.3115174498584574
15090610,Werben (Elbe),53294556.63491746,6,Low Perennial Vegetation,low_perennial_vegetation,perennial_vegetation,15513381.05103589,0.2910875337101848
14729170,Groitzsch,70102504.26428947,6,Low Perennial Vegetation,low_perennial_vegetation,perennial_vegetation,14884960.232576435,0.2123313623213729
16071056,Mellingen,14402466.832059782,6,Low Perennial Vegetation,low_perennial_vegetation,perennial_vegetation,2356715.9888065387,0.1636328009838222
12065084,Fürstenberg/Havel,214561334.25998983,6,Low Perennial Vegetation,low_perennial_vegetation,perennial_vegetation,19547081.11160906,0.09110253335730718
14729160,Grimma,218262734.2336526,6,Low Perennial Vegetation,low_perennial_vegetation,perennial_vegetation,30258561.001314115,0.13863365685193882
12063244,Premnitz,46200413.25616827,6,Low Perennial Vegetation,low_perennial_vegetation,perennial_vegetation,8948203.718741348,0.19368233069964289
12063228,Paulinenaue,31721999.89801838,6,Low Perennial Vegetation,low_perennial_vegetation,perennial_vegetation,12459535.416852426,0.39277269582334096
15090631,Wust-Fischbeck,68361806.37525818,6,Low Perennial Vegetation,low_perennial_vegetation,perennial_vegetation,20918129.204487108,0.30599146385426546
14522290,Königshain-Wiederau,31122770.43727965,6,Low Perennial Vegetation,low_perennial_vegetation,perennial_vegetation,5130801.8054105565,0.16485684703906536
15090635,Zehrental,72718261.80264291,6,Low Perennial Vegetation,low_perennial_vegetation,perennial_vegetation,14583979.304265134,0.20055456418699885
13071043,Göhren-Lebbin,41562504.55205552,6,Low Perennial Vegetation,low_perennial_vegetation,perennial_vegetation,9838600.523377523,0.236718182155145
13071045,Gotthun,10031714.719820186,6,Low Perennial Vegetation,low_perennial_vegetation,perennial_vegetation,1025086.4412532646,0.10218456862892515
15088305,Querfurt,156684041.7985942,6,Low Perennial Vegetation,low_perennial_vegetation,perennial_vegetation,13257769.035361711,0.08461467347391763
15086145,Möser,81009143.90285742,6,Low Perennial Vegetation,low_perennial_vegetation,perennial_vegetation,14595775.697216248,0.18017442221977875
12063260,Rhinow,31837856.508433804,6,Low Perennial Vegetation,low_perennial_vegetation,perennial_vegetation,11761855.442464497,0.3694298778986204
16071064,Niedertrebra,9012958.996060198,6,Low Perennial Vegetation,low_perennial_vegetation,perennial_vegetation,1225591.6988098684,0.13598105786852097
12060198,Schorfheide,238606548.50860944,6,Low Perennial Vegetation,low_perennial_vegetation,perennial_vegetation,23119040.11290595,0.09689189277247252
16071069,Obertrebra,3324050.15367275,6,Low Perennial Vegetation,low_perennial_vegetation,perennial_vegetation,577382.5806225194,0.17369851654752205
15087015,Allstedt,149497962.79355845,6,Low Perennial Vegetation,low_perennial_vegetation,perennial_vegetation,11447592.176876575,0.07657356637484446
16071071,Oettern,3602385.033769388,6,Low Perennial Vegetation,low_perennial_vegetation,perennial_vegetation,1016159.1164490207,0.28207954089398196
12063252,Rathenow,113331297.0500876,6,Low Perennial Vegetation,low_perennial_vegetation,perennial_vegetation,27796749.09603048,0.24526984001379162
16067067,Tonna,30540085.398235098,6,Low Perennial Vegetation,low_perennial_vegetation,perennial_vegetation,1717380.7975464542,0.056233660618568576
14627270,Strehla,30423270.693645723,6,Low Perennial Vegetation,low_perennial_vegetation,perennial_vegetation,4699579.692890662,0.15447319061169276
15088330,Schkopau,99688497.68444872,6,Low Perennial Vegetation,low_perennial_vegetation,perennial_vegetation,23318005.879118606,0.23390868977611431
15085285,Schwanebeck,32944606.57600601,6,Low Perennial Vegetation,low_perennial_vegetation,perennial_vegetation,2443598.7391397324,0.07417295251355156
12066304,Senftenberg,128211122.853599,6,Low Perennial Vegetation,low_perennial_vegetation,perennial_vegetation,11617761.957504487,0.09061430630141593
15088319,Salzatal,110097013.90878391,6,Low Perennial Vegetation,low_perennial_vegetation,perennial_vegetation,15126791.391315704,0.13739511049635142
12061061,Byhleguhre-Byhlen,35807579.871736184,6,Low Perennial Vegetation,low_perennial_vegetation,perennial_vegetation,9597917.184728706,0.26804149342426187
12063274,Seeblick,48592905.63152763,6,Low Perennial Vegetation,low_perennial_vegetation,perennial_vegetation,18213255.393951125,0.3748130546475113
14524050,Dennheritz,13034982.459386006,6,Low Perennial Vegetation,low_perennial_vegetation,perennial_vegetation,1504175.0084588127,0.11539524607305568
12068109,Dreetz,64804566.76798928,6,Low Perennial Vegetation,low_perennial_vegetation,perennial_vegetation,23478204.262167547,0.36229243451658705
15085287,Selke-Aue,36645534.96901242,6,Low Perennial Vegetation,low_perennial_vegetation,perennial_vegetation,1568807.145906227,0.04281032183682992
14628160,Heidenau,10960781.690978736,6,Low Perennial Vegetation,low_perennial_vegetation,perennial_vegetation,1954426.1461018757,0.1783108359607659
12068117,Fehrbellin,269809478.4721361,6,Low Perennial Vegetation,low_perennial_vegetation,perennial_vegetation,111858117.90030022,0.41458186915346673
12063293,Stechow-Ferchesar,51169638.88332954,6,Low Perennial Vegetation,low_perennial_vegetation,perennial_vegetation,9445432.459675236,0.18459056318946282
12066316,Tettau,8945355.58874562,6,Low Perennial Vegetation,low_perennial_vegetation,perennial_vegetation,2321649.1497368184,0.25953682072267137
14522220,Großweitzschen,44373569.65298103,6,Low Perennial Vegetation,low_perennial_vegetation,perennial_vegetation,4311549.985262963,0.09716482173917941
01053111,Schnakenbek,12863118.632286277,6,Low Perennial Vegetation,low_perennial_vegetation,perennial_vegetation,856416.0013774806,0.06657918859800348
12066320,Vetschau/Spreewald,111737275.9909628,6,Low Perennial Vegetation,low_perennial_vegetation,perennial_vegetation,23175382.57765165,0.2074095897910206
01061068,Moordiek,6108671.251558565,6,Low Perennial Vegetation,low_perennial_vegetation,perennial_vegetation,3721131.8039222797,0.609155682256247
14522210,Großschirma,60840797.64450919,6,Low Perennial Vegetation,low_perennial_vegetation,perennial_vegetation,9476189.414773399,0.15575386552527576
15088365,Teutschenthal,91010959.29253116,6,Low Perennial Vegetation,low_perennial_vegetation,perennial_vegetation,10992678.84298399,0.12078412235663698
01061070,Moorhusen,4680819.072597697,6,Low Perennial Vegetation,low_perennial_vegetation,perennial_vegetation,4249831.896029982,0.9079248375373474
01061071,Mühlenbarbek,8689034.400647178,6,Low Perennial Vegetation,low_perennial_vegetation,perennial_vegetation,4060111.623257546,0.46726844848895294
01061072,Münsterdorf,5127199.219461409,6,Low Perennial Vegetation,low_perennial_vegetation,perennial_vegetation,1763806.293598408,0.3440097055139762
01061073,Neuenbrook,14553179.083359554,6,Low Perennial Vegetation,low_perennial_vegetation,perennial_vegetation,7323201.115324681,0.503202844778994
01061074,Neuendorf b.Elmshorn,14969481.54662961,6,Low Perennial Vegetation,low_perennial_vegetation,perennial_vegetation,8138002.094365424,0.5436395421588733
01061077,Nortorf,19760226.625098795,6,Low Perennial Vegetation,low_perennial_vegetation,perennial_vegetation,16480586.700294793,0.8340282231055837
01061056,Kremperheide,3909952.916742796,6,Low Perennial Vegetation,low_perennial_vegetation,perennial_vegetation,796058.221797065,0.20359790482086543
01061057,Krempermoor,1590372.9546691887,6,Low Perennial Vegetation,low_perennial_vegetation,perennial_vegetation,882664.4883509729,0.5550047149378082
01061058,Kronsmoor,6061000.773229629,6,Low Perennial Vegetation,low_perennial_vegetation,perennial_vegetation,3881733.358733085,0.6404442936021418
01061059,Krummendiek,1777580.5175996495,6,Low Perennial Vegetation,low_perennial_vegetation,perennial_vegetation,1220240.8035564548,0.6864616209926757
01053132,Witzeeze,10490476.35354798,6,Low Perennial Vegetation,low_perennial_vegetation,perennial_vegetation,2058436.2247340283,0.1962195190533789
01061060,Kudensee,3058946.5437029824,6,Low Perennial Vegetation,low_perennial_vegetation,perennial_vegetation,2412873.2355631366,0.7887922201616028
01061061,Lägerdorf,6017422.051195726,6,Low Perennial Vegetation,low_perennial_vegetation,perennial_vegetation,1593998.913105593,0.264897309768865
01061062,Landrecht,3973769.81040807,6,Low Perennial Vegetation,low_perennial_vegetation,perennial_vegetation,2172221.0473872214,0.5466398787614106
12070348,Rühstädt,28839856.53516522,6,Low Perennial Vegetation,low_perennial_vegetation,perennial_vegetation,13953460.272087412,0.48382557850360935
01061063,Landscheide,7471946.212688744,6,Low Perennial Vegetation,low_perennial_vegetation,perennial_vegetation,6695640.592997218,0.8961039603880959
01061065,Lohbarbek,6187044.975900173,6,Low Perennial Vegetation,low_perennial_vegetation,perennial_vegetation,2948758.3359488905,0.47660205274649164
01061089,Rade,3867472.471191589,6,Low Perennial Vegetation,low_perennial_vegetation,perennial_vegetation,2333187.168592131,0.6032847514679953
16052000,Gera,152278976.54911166,6,Low Perennial Vegetation,low_perennial_vegetation,perennial_vegetation,30518072.177924767,0.2004089656334297
15087412,Südharz,237698062.06504953,6,Low Perennial Vegetation,low_perennial_vegetation,perennial_vegetation,37149702.08258915,0.156289461343705
15091020,Bad Schmiedeberg,161264283.8893097,6,Low Perennial Vegetation,low_perennial_vegetation,perennial_vegetation,28150090.313904542,0.1745587406894542
01061092,Rethwisch,9857483.889929311,6,Low Perennial Vegetation,low_perennial_vegetation,perennial_vegetation,5542018.883442638,0.562214348542281
01061093,Rosdorf,5564646.35937899,6,Low Perennial Vegetation,low_perennial_vegetation,perennial_vegetation,1014515.7676017373,0.18231450879026864
01061095,Sankt Margarethen,10907148.485725673,6,Low Perennial Vegetation,low_perennial_vegetation,perennial_vegetation,9628442.658066858,0.8827644246952103
01061096,Sarlhusen,10855186.839878488,6,Low Perennial Vegetation,low_perennial_vegetation,perennial_vegetation,2532702.1874371585,0.2333172357874873
01061078,Nutteln,6927739.898304315,6,Low Perennial Vegetation,low_perennial_vegetation,perennial_vegetation,3843745.3532211147,0.5548339587867521
01061079,Oelixdorf,10421112.12352709,6,Low Perennial Vegetation,low_perennial_vegetation,perennial_vegetation,4011223.2878336185,0.3849131686029682
16074087,Schöps,4478794.546624605,6,Low Perennial Vegetation,low_perennial_vegetation,perennial_vegetation,673458.8809160872,0.15036610273262752
01061080,Oeschebüttel,5524785.212854512,6,Low Perennial Vegetation,low_perennial_vegetation,perennial_vegetation,1596689.8158506695,0.2890048670373018
01061082,Oldendorf,9939945.078587117,6,Low Perennial Vegetation,low_perennial_vegetation,perennial_vegetation,5051627.931045915,0.5082148735336839
14523100,Elsterberg,25111355.614682466,6,Low Perennial Vegetation,low_perennial_vegetation,perennial_vegetation,5891998.380418742,0.23463481903675978
01061083,Ottenbüttel,9884525.83306927,6,Low Perennial Vegetation,low_perennial_vegetation,perennial_vegetation,3666386.8559864373,0.37092187505042695
01061088,Quarnstedt,10544249.879197149,6,Low Perennial Vegetation,low_perennial_vegetation,perennial_vegetation,2761612.2424346046,0.2619069420844261
14522250,Hartha,54327358.423452094,6,Low Perennial Vegetation,low_perennial_vegetation,perennial_vegetation,8335623.65887245,0.1534332590570816
16074092,Silbitz,11499154.90325085,6,Low Perennial Vegetation,low_perennial_vegetation,perennial_vegetation,2979144.158585887,0.2590750523539493
15091060,Coswig (Anhalt),297144551.46010095,6,Low Perennial Vegetation,low_perennial_vegetation,perennial_vegetation,41262131.805801295,0.13886215178117362
16074095,Sulza,4005551.924623769,6,Low Perennial Vegetation,low_perennial_vegetation,perennial_vegetation,938408.7139191629,0.23427700640962362
03354007,Gorleben,21487097.67770413,6,Low Perennial Vegetation,low_perennial_vegetation,perennial_vegetation,3314173.015520869,0.1542401428630255
16074079,Rothenstein,10579228.724550435,6,Low Perennial Vegetation,low_perennial_vegetation,perennial_vegetation,3455208.2928690463,0.3266030428901494
03354008,Gusborn,48491376.01329376,6,Low Perennial Vegetation,low_perennial_vegetation,perennial_vegetation,8030084.115982114,0.1655981903623583
03354009,Hitzacker (Elbe),58662905.24018873,6,Low Perennial Vegetation,low_perennial_vegetation,perennial_vegetation,9566443.903747085,0.16307484030288555
12061450,Schwielochsee,132472887.78208888,6,Low Perennial Vegetation,low_perennial_vegetation,perennial_vegetation,19450501.77206654,0.1468262834585566
14627210,Radebeul,26133003.26302892,6,Low Perennial Vegetation,low_perennial_vegetation,perennial_vegetation,5826442.224602361,0.22295341128454185
12061476,Straupitz (Spreewald),21807438.76537854,6,Low Perennial Vegetation,low_perennial_vegetation,perennial_vegetation,11346863.485775748,0.5203207771372956
15087440,Wallhausen,35283068.20538191,6,Low Perennial Vegetation,low_perennial_vegetation,perennial_vegetation,7346795.840032774,0.20822440376407314
14522280,Königsfeld,28243183.274728227,6,Low Perennial Vegetation,low_perennial_vegetation,perennial_vegetation,5142499.268697683,0.18207930808207265
03354010,Höhbeck,19520250.879640423,6,Low Perennial Vegetation,low_perennial_vegetation,perennial_vegetation,7907153.171339489,0.40507436200969277
03354011,Jameln,36188107.745241165,6,Low Perennial Vegetation,low_perennial_vegetation,perennial_vegetation,5267861.6653499,0.14556886208129072
03354014,Langendorf,41002820.836602144,6,Low Perennial Vegetation,low_perennial_vegetation,perennial_vegetation,9940907.122321475,0.242444468929013
03354016,Luckau (Wendland),22416424.025399774,6,Low Perennial Vegetation,low_perennial_vegetation,perennial_vegetation,6179204.816465633,0.2756552432031109
12063202,Mühlenberge,39770693.247935206,6,Low Perennial Vegetation,low_perennial_vegetation,perennial_vegetation,11132890.100659056,0.279926981188266
12063208,Nauen,268850815.32388854,6,Low Perennial Vegetation,low_perennial_vegetation,perennial_vegetation,72313691.30052565,0.2689733010978906
14627240,Röderaue,28587286.228672177,6,Low Perennial Vegetation,low_perennial_vegetation,perennial_vegetation,4709850.450226554,0.164753324696582
15084355,Naumburg (Saale),130246898.55399118,6,Low Perennial Vegetation,low_perennial_vegetation,perennial_vegetation,24629060.625646688,0.1890951792256091
03354003,Damnatz,16373217.86950717,6,Low Perennial Vegetation,low_perennial_vegetation,perennial_vegetation,6402920.433815437,0.3910606018221978
03354004,Dannenberg (Elbe),76606140.51296881,6,Low Perennial Vegetation,low_perennial_vegetation,perennial_vegetation,21171125.652020186,0.27636329816715
03354005,Gartow,28379982.980693057,6,Low Perennial Vegetation,low_perennial_vegetation,perennial_vegetation,8335055.912436818,0.2936948876293255
15085235,Quedlinburg,120983155.29039924,6,Low Perennial Vegetation,low_perennial_vegetation,perennial_vegetation,10081394.772448583,0.08332891259324432
14730050,Cavertitz,69220466.02350149,6,Low Perennial Vegetation,low_perennial_vegetation,perennial_vegetation,8331432.822501429,0.12036083114021179
15083040,Barleben,29937548.52855949,6,Low Perennial Vegetation,low_perennial_vegetation,perennial_vegetation,3797162.370898249,0.12683611576531972
14627230,Riesa,58836632.3652918,6,Low Perennial Vegetation,low_perennial_vegetation,perennial_vegetation,9230356.112076279,0.15688110860541604
15090180,Goldbeck,26869771.03254754,6,Low Perennial Vegetation,low_perennial_vegetation,perennial_vegetation,4315026.332425268,0.16059036480803826
12068501,Zernitz-Lohm,37687852.18660619,6,Low Perennial Vegetation,low_perennial_vegetation,perennial_vegetation,13524310.434270637,0.35885065477615663
15083025,Am Großen Bruch,50707174.69812584,6,Low Perennial Vegetation,low_perennial_vegetation,perennial_vegetation,10648552.764638593,0.21000090870833252
15084360,Nebra (Unstrut),25379985.68486453,6,Low Perennial Vegetation,low_perennial_vegetation,perennial_vegetation,4946044.658224048,0.19487972608170714
12062336,Merzdorf,12885550.65448653,6,Low Perennial Vegetation,low_perennial_vegetation,perennial_vegetation,3515581.478141671,0.2728312954881447
03354018,Lüchow (Wendland),89200599.56913269,6,Low Perennial Vegetation,low_perennial_vegetation,perennial_vegetation,13213922.126166338,0.14813714470523506
03354019,Neu Darchau,22822226.923656836,6,Low Perennial Vegetation,low_perennial_vegetation,perennial_vegetation,3557207.139705608,0.15586590877414833
14730080,Doberschütz,78522800.17792132,6,Low Perennial Vegetation,low_perennial_vegetation,perennial_vegetation,10351239.327485858,0.13182463315153617
15083030,Angern,64369450.01342427,6,Low Perennial Vegetation,low_perennial_vegetation,perennial_vegetation,13132505.495441157,0.20401767442012272
12061005,Alt Zauche-Wußwerk,33217688.632056132,6,Low Perennial Vegetation,low_perennial_vegetation,perennial_vegetation,13983001.198167887,0.4209504566393534
12062341,Mühlberg/Elbe,89217010.01475386,6,Low Perennial Vegetation,low_perennial_vegetation,perennial_vegetation,9000503.627427066,0.1008832690754672
03354021,Schnackenburg,23312685.213564605,6,Low Perennial Vegetation,low_perennial_vegetation,perennial_vegetation,8636533.13895755,0.3704649661692485
03354023,Trebel,66885570.687104,6,Low Perennial Vegetation,low_perennial_vegetation,perennial_vegetation,10687516.988746941,0.15978808103086975
03354025,Woltersdorf,28139327.344712503,6,Low Perennial Vegetation,low_perennial_vegetation,perennial_vegetation,2455360.293232243,0.08725724901500233
03354026,Wustrow (Wendland),30140763.21883206,6,Low Perennial Vegetation,low_perennial_vegetation,perennial_vegetation,5337248.306645968,0.1770774106778834
14730070,Delitzsch,86307257.04627408,6,Low Perennial Vegetation,low_perennial_vegetation,perennial_vegetation,13325671.753224764,0.15439804495327822
12062372,Plessa,52604423.31437394,6,Low Perennial Vegetation,low_perennial_vegetation,perennial_vegetation,10616819.988501126,0.20182371214399614
15089195,Könnern,125584535.190158,6,Low Perennial Vegetation,low_perennial_vegetation,perennial_vegetation,11183615.5168265,0.08905248962296557
01061002,Aebtissinwisch,3017954.687980104,6,Low Perennial Vegetation,low_perennial_vegetation,perennial_vegetation,2615460.208931799,0.8666333591251857
01061004,Altenmoor,6303190.452100348,6,Low Perennial Vegetation,low_perennial_vegetation,perennial_vegetation,5557178.058575057,0.8816452716771862
01061005,Auufer,5175700.841648946,6,Low Perennial Vegetation,low_perennial_vegetation,perennial_vegetation,3661152.6877806317,0.7073733200186686
01061006,Bahrenfleth,14412558.097565915,6,Low Perennial Vegetation,low_perennial_vegetation,perennial_vegetation,4629632.750352962,0.3212221396793428
01061007,Beidenfleth,13763809.553679705,6,Low Perennial Vegetation,low_perennial_vegetation,perennial_vegetation,9092106.419411732,0.660580661476894
01061008,Bekdorf,1804980.153221052,6,Low Perennial Vegetation,low_perennial_vegetation,perennial_vegetation,1172442.942786443,0.6495600190917205
12067173,Gosen-Neu Zittau,14508968.214323394,6,Low Perennial Vegetation,low_perennial_vegetation,perennial_vegetation,3803440.412683063,0.2621440998766728
14730090,Dommitzsch,30367421.9184372,6,Low Perennial Vegetation,low_perennial_vegetation,perennial_vegetation,4532576.807985564,0.14925787312994346
01061010,Bekmünde,2884956.648364786,6,Low Perennial Vegetation,low_perennial_vegetation,perennial_vegetation,2149402.562110385,0.7450380799755454
14729080,Colditz,84960356.61379237,6,Low Perennial Vegetation,low_perennial_vegetation,perennial_vegetation,15450036.849339858,0.18184995290888073
01061023,Dammfleth,16414283.396460213,6,Low Perennial Vegetation,low_perennial_vegetation,perennial_vegetation,13047452.985930102,0.7948841061647457
01061025,Ecklak,15564303.833381224,6,Low Perennial Vegetation,low_perennial_vegetation,perennial_vegetation,12943895.592087138,0.8316398684228961
01061026,Elskop,7139433.837334432,6,Low Perennial Vegetation,low_perennial_vegetation,perennial_vegetation,1134003.195145826,0.1588365717762875
01061027,Engelbrechtsche Wildnis,4948062.574385632,6,Low Perennial Vegetation,low_perennial_vegetation,perennial_vegetation,1484623.9409561362,0.30004146443933605
01061028,Fitzbek,10280687.149251789,6,Low Perennial Vegetation,low_perennial_vegetation,perennial_vegetation,3509657.2459762413,0.341383527679049
01061029,Glückstadt,12678390.330867872,6,Low Perennial Vegetation,low_perennial_vegetation,perennial_vegetation,4283389.265165835,0.337849612875314
15083411,Oebisfelde-Weferlingen,249748943.06491017,6,Low Perennial Vegetation,low_perennial_vegetation,perennial_vegetation,71486014.8519711,0.2862315010213748
15083415,Oschersleben (Bode),190122971.0361817,6,Low Perennial Vegetation,low_perennial_vegetation,perennial_vegetation,12987018.722638808,0.06830851975360352
01061030,Grevenkop,9381940.665316354,6,Low Perennial Vegetation,low_perennial_vegetation,perennial_vegetation,1080066.298479206,0.11512184280508735
01061031,Gribbohm,13124852.1025901,6,Low Perennial Vegetation,low_perennial_vegetation,perennial_vegetation,6230518.87030034,0.474711548869247
01061012,Blomesche Wildnis,6811958.584425703,6,Low Perennial Vegetation,low_perennial_vegetation,perennial_vegetation,1749187.0846165968,0.25678181435450786
01061014,Bokhorst,5935893.503578946,6,Low Perennial Vegetation,low_perennial_vegetation,perennial_vegetation,1661065.6759675504,0.2798341437503956
01061015,Borsfleth,13863126.116998916,6,Low Perennial Vegetation,low_perennial_vegetation,perennial_vegetation,7476653.549665594,0.5393194497810813
01061016,Breitenberg,3040914.9994391776,6,Low Perennial Vegetation,low_perennial_vegetation,perennial_vegetation,1907864.8963788252,0.6273982984498693
01061017,Breitenburg,10201455.348516174,6,Low Perennial Vegetation,low_perennial_vegetation,perennial_vegetation,1574889.480264051,0.1543789024664135
01061018,Brokdorf,13446795.435945112,6,Low Perennial Vegetation,low_perennial_vegetation,perennial_vegetation,12089732.072416201,0.899079050470174
01061019,Brokstedt,12484752.215123676,6,Low Perennial Vegetation,low_perennial_vegetation,perennial_vegetation,4414143.033847713,0.3535627265794306
09475137,Issigau,18596345.910315827,6,Low Perennial Vegetation,low_perennial_vegetation,perennial_vegetation,4208433.621330792,0.2263043310565801
16074021,Freienorla,6875684.033086091,6,Low Perennial Vegetation,low_perennial_vegetation,perennial_vegetation,856847.9582874633,0.12462003113643291
15081240,Kalbe (Milde),273388307.4703249,6,Low Perennial Vegetation,low_perennial_vegetation,perennial_vegetation,71186332.07501328,0.26038543028304256
16074026,Golmsdorf,7655135.661109284,6,Low Perennial Vegetation,low_perennial_vegetation,perennial_vegetation,2159634.5067004445,0.28211577198718096
12070302,Plattenburg,201744714.0452659,6,Low Perennial Vegetation,low_perennial_vegetation,perennial_vegetation,41957812.582018994,0.20797478030876598
01061020,Büttel,8886535.238290718,6,Low Perennial Vegetation,low_perennial_vegetation,perennial_vegetation,6854667.944043554,0.771354387310348
01061022,Dägeling,7543247.842716182,6,Low Perennial Vegetation,low_perennial_vegetation,perennial_vegetation,3069309.146156489,0.40689490921609284
01061045,Huje,5545814.916863242,6,Low Perennial Vegetation,low_perennial_vegetation,perennial_vegetation,3201422.6950592855,0.5772682181160917
01061046,Itzehoe,28545803.234764636,6,Low Perennial Vegetation,low_perennial_vegetation,perennial_vegetation,6586810.599748165,0.23074532342205695
09475141,Köditz,31325664.77167897,6,Low Perennial Vegetation,low_perennial_vegetation,perennial_vegetation,7306703.562845161,0.2332497527538836
01061047,Kaaks,8663514.743060235,6,Low Perennial Vegetation,low_perennial_vegetation,perennial_vegetation,2631399.282256346,0.30373345695108156
01061049,Kellinghusen,18788158.45652374,6,Low Perennial Vegetation,low_perennial_vegetation,perennial_vegetation,8368922.444902581,0.4454360156834143
16074031,Großeutersdorf,3439448.316952914,6,Low Perennial Vegetation,low_perennial_vegetation,perennial_vegetation,796105.932205685,0.23146326353610494
16074011,Dornburg-Camburg,30961731.808613583,6,Low Perennial Vegetation,low_perennial_vegetation,perennial_vegetation,9757104.005133197,0.3151343104915973
16074012,Crossen an der Elster,10711833.845222116,6,Low Perennial Vegetation,low_perennial_vegetation,perennial_vegetation,2539769.6073661116,0.23709942144957236
01061050,Kiebitzreihe,8531272.58562138,6,Low Perennial Vegetation,low_perennial_vegetation,perennial_vegetation,6316369.012690674,0.7403782904951709
01061052,Kleve,5622212.487007845,6,Low Perennial Vegetation,low_perennial_vegetation,perennial_vegetation,2866864.00099531,0.5099174048686769
01061053,Kollmoor,3444772.431979671,6,Low Perennial Vegetation,low_perennial_vegetation,perennial_vegetation,3069220.406993882,0.8909791481436224
01061054,Krempdorf,5458884.746939462,6,Low Perennial Vegetation,low_perennial_vegetation,perennial_vegetation,1304639.4729481474,0.23899377499764893
01061055,Krempe,3545808.7927399576,6,Low Perennial Vegetation,low_perennial_vegetation,perennial_vegetation,699416.0859193715,0.19725149515998316
01061034,Heiligenstedten,9185592.307542931,6,Low Perennial Vegetation,low_perennial_vegetation,perennial_vegetation,4724399.15238982,0.5143271107852551
01061035,Heiligenstedtenerkamp,865796.5194304921,6,Low Perennial Vegetation,low_perennial_vegetation,perennial_vegetation,463819.3656559682,0.5357140566481621
01061037,Herzhorn,12547301.271520017,6,Low Perennial Vegetation,low_perennial_vegetation,perennial_vegetation,7567211.938700311,0.6030947830890488
01061039,Hodorf,7386965.988380481,6,Low Perennial Vegetation,low_perennial_vegetation,perennial_vegetation,2783893.0243465267,0.3768655532901496
15091010,Annaburg,226706298.19601935,6,Low Perennial Vegetation,low_perennial_vegetation,perennial_vegetation,24349869.228522528,0.10740711406027482
16074044,Kahla,7954908.001113277,6,Low Perennial Vegetation,low_perennial_vegetation,perennial_vegetation,2469372.6222609086,0.3104212672120562
16074048,Kleineutersdorf,5347715.600111255,6,Low Perennial Vegetation,low_perennial_vegetation,perennial_vegetation,991641.4178719029,0.1854327140828642
01061040,Hohenaspe,14151459.028506964,6,Low Perennial Vegetation,low_perennial_vegetation,perennial_vegetation,7500182.1752753025,0.5299935618063688
01061041,Hohenfelde,17807054.12885916,6,Low Perennial Vegetation,low_perennial_vegetation,perennial_vegetation,9271112.673082529,0.5206426962030299
01061044,Horst (Holstein),29036205.72677198,6,Low Perennial Vegetation,low_perennial_vegetation,perennial_vegetation,13640223.678024372,0.4697660502332026
12073384,Lychen,112161498.79904152,6,Low Perennial Vegetation,low_perennial_vegetation,perennial_vegetation,15815643.384960247,0.14100777498789452
16074033,Großpürschütz,3845736.107504349,6,Low Perennial Vegetation,low_perennial_vegetation,perennial_vegetation,455311.72727228235,0.11839390809572532
15086080,Jerichow,271871166.0115402,6,Low Perennial Vegetation,low_perennial_vegetation,perennial_vegetation,66342534.36738115,0.24402195841748475
15083440,Rogätz,24049686.691628017,6,Low Perennial Vegetation,low_perennial_vegetation,perennial_vegetation,4216334.82494238,0.1753176612654225
16074065,Orlamünde,7560729.246217439,6,Low Perennial Vegetation,low_perennial_vegetation,perennial_vegetation,2665678.913675319,0.3525690216997167
09475181,Töpen,20760821.23068345,6,Low Perennial Vegetation,low_perennial_vegetation,perennial_vegetation,3276217.544934592,0.157807704643808
14730020,Bad Düben,45760284.73030639,6,Low Perennial Vegetation,low_perennial_vegetation,perennial_vegetation,7323293.287092993,0.1600360078669458
12061428,Schlepzig,30568354.692797564,6,Low Perennial Vegetation,low_perennial_vegetation,perennial_vegetation,6717062.454240859,0.2197390903679718
15090135,Eichstedt (Altmark),33096927.482174885,6,Low Perennial Vegetation,low_perennial_vegetation,perennial_vegetation,5089092.72394791,0.15376329801878916
15084315,Lützen,97101429.97719347,6,Low Perennial Vegetation,low_perennial_vegetation,perennial_vegetation,8720134.028625652,0.08980438321736126
14730010,Arzberg,58766112.040497184,6,Low Perennial Vegetation,low_perennial_vegetation,perennial_vegetation,7012374.063655957,0.1193268334448186
16074063,Neuengönna,6143386.212843794,6,Low Perennial Vegetation,low_perennial_vegetation,perennial_vegetation,1694353.1527085102,0.27580117772282925
15088295,Petersberg,102979201.83064786,6,Low Perennial Vegetation,low_perennial_vegetation,perennial_vegetation,15316233.787566628,0.14873133132993785
12067124,Erkner,17720248.5899029,6,Low Perennial Vegetation,low_perennial_vegetation,perennial_vegetation,2808154.0902890745,0.15847148396604194
15089130,Giersleben,19957180.33831095,6,Low Perennial Vegetation,low_perennial_vegetation,perennial_vegetation,698626.9712179609,0.03500629644944564
12068052,Breddin,44834002.062274136,6,Low Perennial Vegetation,low_perennial_vegetation,perennial_vegetation,16064985.035059353,0.3583214590735218
14730045,Belgern-Schildau,159176175.1877344,6,Low Perennial Vegetation,low_perennial_vegetation,perennial_vegetation,17965514.357221093,0.11286559898824267
12066272,Ruhland,37189312.92102806,6,Low Perennial Vegetation,low_perennial_vegetation,perennial_vegetation,4063826.980809048,0.10927405379708498
14729030,Bennewitz,46878836.64596784,6,Low Perennial Vegetation,low_perennial_vegetation,perennial_vegetation,7438471.839043795,0.1586744119786854
14730030,Beilrode,93254227.22893988,6,Low Perennial Vegetation,low_perennial_vegetation,perennial_vegetation,9993491.016411196,0.10716394648659835
15089165,Güsten,36360530.25389707,6,Low Perennial Vegetation,low_perennial_vegetation,perennial_vegetation,2306675.864762713,0.06343900511504469
03357057,Zeven,74062264.05971542,6,Low Perennial Vegetation,low_perennial_vegetation,perennial_vegetation,15016001.734140351,0.20274834863316019
15090500,Schönhausen (Elbe),74543683.28672162,6,Low Perennial Vegetation,low_perennial_vegetation,perennial_vegetation,18253679.344477218,0.24487224858834852
14522600,Zettlitz,15613710.21278385,6,Low Perennial Vegetation,low_perennial_vegetation,perennial_vegetation,3514971.8439820902,0.2251208582764767
12067144,Fürstenwalde/Spree,70607103.70768166,6,Low Perennial Vegetation,low_perennial_vegetation,perennial_vegetation,6354226.855553498,0.08999415812126271
12066292,Schwarzbach,16003257.327448731,6,Low Perennial Vegetation,low_perennial_vegetation,perennial_vegetation,3933853.5322462833,0.24581580185547297
12066296,Schwarzheide,33551212.206033006,6,Low Perennial Vegetation,low_perennial_vegetation,perennial_vegetation,3480435.586491495,0.10373501753434891
14729050,Borna,62812956.61812812,6,Low Perennial Vegetation,low_perennial_vegetation,perennial_vegetation,10059501.626358895,0.16015010545540334
15089185,Ilberstedt,14814473.70554787,6,Low Perennial Vegetation,low_perennial_vegetation,perennial_vegetation,1166058.1474840837,0.07871073726010305
09464000,Hof,58174074.52425988,6,Low Perennial Vegetation,low_perennial_vegetation,perennial_vegetation,13730647.202119017,0.23602691257929737
12067137,Friedland,174356380.08987343,6,Low Perennial Vegetation,low_perennial_vegetation,perennial_vegetation,17692439.861268584,0.10147285606726218
15086005,Biederitz,39887011.59926703,6,Low Perennial Vegetation,low_perennial_vegetation,perennial_vegetation,6734029.403774853,0.16882762417575045
15090520,Seehausen (Altmark),107495553.84168129,6,Low Perennial Vegetation,low_perennial_vegetation,perennial_vegetation,37835489.846405126,0.3519726025332078
12068409,Sieversdorf-Hohenofen,20011138.33276172,6,Low Perennial Vegetation,low_perennial_vegetation,perennial_vegetation,9173845.51213542,0.4584369644337642
14729040,Böhlen,24293697.819196668,6,Low Perennial Vegetation,low_perennial_vegetation,perennial_vegetation,4847179.830631319,0.19952416740777604
14627140,Meißen,31144025.97770278,6,Low Perennial Vegetation,low_perennial_vegetation,perennial_vegetation,7350927.616024493,0.2360301016088064
15089175,Hecklingen,96103947.90376855,6,Low Perennial Vegetation,low_perennial_vegetation,perennial_vegetation,8461367.3471854,0.08804391007597308
16073111,Unterwellenborn,62677817.51922716,6,Low Perennial Vegetation,low_perennial_vegetation,perennial_vegetation,9323427.262697352,0.14875162588163318
15003000,Magdeburg,201019439.02960783,6,Low Perennial Vegetation,low_perennial_vegetation,perennial_vegetation,26298835.333572727,0.13082732426538715
12063112,Großderschau,20162144.17764274,6,Low Perennial Vegetation,low_perennial_vegetation,perennial_vegetation,11022638.599788973,0.5466997211542451
12068426,Temnitztal,52423334.85008234,6,Low Perennial Vegetation,low_perennial_vegetation,perennial_vegetation,12795301.951024154,0.24407645922594445
15090546,Tangerhütte,296949495.3478358,6,Low Perennial Vegetation,low_perennial_vegetation,perennial_vegetation,67564056.10725158,0.22752709523250586
16073107,Drognitz,24042773.59351918,6,Low Perennial Vegetation,low_perennial_vegetation,perennial_vegetation,1744630.9542579632,0.07256363112483141
12063142,Wiesenaue,46856932.74041422,6,Low Perennial Vegetation,low_perennial_vegetation,perennial_vegetation,19399389.87169984,0.41401322573058263
16073109,Uhlstädt-Kirchhasel,121711793.51269574,6,Low Perennial Vegetation,low_perennial_vegetation,perennial_vegetation,23668058.30005381,0.19445985978002203
01053082,Lanze,9041642.84146272,6,Low Perennial Vegetation,low_perennial_vegetation,perennial_vegetation,4037049.4867977365,0.44649512899191657
15086015,Burg,165725038.92818782,6,Low Perennial Vegetation,low_perennial_vegetation,perennial_vegetation,29489826.91202259,0.17794430523441399
01053083,Lauenburg/Elbe,9467987.643501751,6,Low Perennial Vegetation,low_perennial_vegetation,perennial_vegetation,2935305.5794648477,0.3100242300674592
15090535,Stendal,269482844.1648705,6,Low Perennial Vegetation,low_perennial_vegetation,perennial_vegetation,58951804.0291222,0.21875902420361606
12070296,Perleberg,138624646.22124013,6,Low Perennial Vegetation,low_perennial_vegetation,perennial_vegetation,23450742.883707166,0.16916719734152175
12063134,Havelaue,74787975.32205343,6,Low Perennial Vegetation,low_perennial_vegetation,perennial_vegetation,34960157.7178,0.46745693498525515
14729410,Wurzen,68968117.12620622,6,Low Perennial Vegetation,low_perennial_vegetation,perennial_vegetation,10683681.337680822,0.15490753964082457
15088205,Leuna,87605623.53928131,6,Low Perennial Vegetation,low_perennial_vegetation,perennial_vegetation,13566938.623452626,0.15486378699615527
09475113,Berg,38731607.487258606,6,Low Perennial Vegetation,low_perennial_vegetation,perennial_vegetation,8597031.360509597,0.22196422813945252
12068425,Temnitzquell,65814910.209692866,6,Low Perennial Vegetation,low_perennial_vegetation,perennial_vegetation,14761870.329379378,0.22429370916630573
14628030,Bad Schandau,47722548.93476192,6,Low Perennial Vegetation,low_perennial_vegetation,perennial_vegetation,4404650.609989349,0.0922970526157484
12063161,Kleßen-Görne,42058614.665302426,6,Low Perennial Vegetation,low_perennial_vegetation,perennial_vegetation,13298401.570517847,0.31618734179299496
12063165,Kotzen,42678641.5444656,6,Low Perennial Vegetation,low_perennial_vegetation,perennial_vegetation,14467654.24382398,0.3389905048582806
15085160,Hedersleben,16502768.787722103,6,Low Perennial Vegetation,low_perennial_vegetation,perennial_vegetation,1114422.8987938247,0.0675294499443599
14729400,Trebsen/Mulde,35158509.02655442,6,Low Perennial Vegetation,low_perennial_vegetation,perennial_vegetation,4742301.94769746,0.13488347711547458
12063148,Ketzin/Havel,93901650.97202522,6,Low Perennial Vegetation,low_perennial_vegetation,perennial_vegetation,18746641.40569055,0.1996412332651688
14627180,Nossen,125244731.56155156,6,Low Perennial Vegetation,low_perennial_vegetation,perennial_vegetation,12974310.004616175,0.10359166284164174
15086055,Gommern,161566566.55857658,6,Low Perennial Vegetation,low_perennial_vegetation,perennial_vegetation,21393563.829105306,0.13241330978800608
16055000,Weimar,84348894.19407173,6,Low Perennial Vegetation,low_perennial_vegetation,perennial_vegetation,17501898.757631116,0.20749411032422518
15086035,Elbe-Parey,109173497.3080816,6,Low Perennial Vegetation,low_perennial_vegetation,perennial_vegetation,22426022.45101295,0.20541636023372917
15090550,Tangermünde,90718726.87506966,6,Low Perennial Vegetation,low_perennial_vegetation,perennial_vegetation,24216897.55174163,0.26694485676690705
15087370,Sangerhausen,209561194.93619433,6,Low Perennial Vegetation,low_perennial_vegetation,perennial_vegetation,30567285.814780273,0.1458632922191877
14729430,Zwenkau,46358871.9764821,6,Low Perennial Vegetation,low_perennial_vegetation,perennial_vegetation,6070137.485005776,0.1309379893472206
14627170,Niederau,35384670.56995631,6,Low Perennial Vegetation,low_perennial_vegetation,perennial_vegetation,5466937.956424745,0.1545001795513818
12071164,Guhrow,6636164.019009794,6,Low Perennial Vegetation,low_perennial_vegetation,perennial_vegetation,2821477.8583282335,0.4251669865672242
15086040,Genthin,232345814.95029497,6,Low Perennial Vegetation,low_perennial_vegetation,perennial_vegetation,64829829.518279135,0.2790230137441812
12069306,Kloster Lehnin,200920136.8985341,6,Low Perennial Vegetation,low_perennial_vegetation,perennial_vegetation,29622541.97154371,0.14743441065095073
12063189,Milower Land,161322860.2203478,6,Low Perennial Vegetation,low_perennial_vegetation,perennial_vegetation,34648295.44496711,0.21477610425231536
15085185,Huy,167754286.22719565,6,Low Perennial Vegetation,low_perennial_vegetation,perennial_vegetation,17660274.70385474,0.1052746555753383
13076125,Siggelkow,55496241.96970108,6,Low Perennial Vegetation,low_perennial_vegetation,perennial_vegetation,12322154.449962435,0.22203583544791883
15088216,Wettin-Löbejün,127662765.18892792,6,Low Perennial Vegetation,low_perennial_vegetation,perennial_vegetation,15123446.935454605,0.11846404010655293
13076126,Spornitz,48802531.162101656,6,Low Perennial Vegetation,low_perennial_vegetation,perennial_vegetation,11617763.197712287,0.238056570449654
12071176,Heinersbrück,24036811.57600771,6,Low Perennial Vegetation,low_perennial_vegetation,perennial_vegetation,2025197.507439229,0.08425399937239078
12068477,Wusterhausen/Dosse,196404815.48170736,6,Low Perennial Vegetation,low_perennial_vegetation,perennial_vegetation,39957399.05765523,0.20344409051099238
12062282,Kremitzaue,23560664.704395063,6,Low Perennial Vegetation,low_perennial_vegetation,perennial_vegetation,6731950.302838021,0.2857283691823103
12065332,Velten,23497701.22505804,6,Low Perennial Vegetation,low_perennial_vegetation,perennial_vegetation,5278984.202654304,0.22465960189436635
03357002,Alfstedt,16139641.725738715,6,Low Perennial Vegetation,low_perennial_vegetation,perennial_vegetation,5063199.528037225,0.31371201505437885
03357008,Bremervörde,149938240.33220863,6,Low Perennial Vegetation,low_perennial_vegetation,perennial_vegetation,54200560.25029742,0.3614859033306559
15088220,Merseburg,54399314.11881466,6,Low Perennial Vegetation,low_perennial_vegetation,perennial_vegetation,8181735.715062106,0.15040144986372822
14627190,Nünchritz,31132061.88738452,6,Low Perennial Vegetation,low_perennial_vegetation,perennial_vegetation,6614625.146057775,0.21246987012890992
13076114,Plau am See,116229917.80461577,6,Low Perennial Vegetation,low_perennial_vegetation,perennial_vegetation,11950000.076683288,0.10281346061666685
13076119,Redefin,17809943.393829256,6,Low Perennial Vegetation,low_perennial_vegetation,perennial_vegetation,4728990.998284376,0.26552532446132676
12068468,Wittstock/Dosse,420426820.7499632,6,Low Perennial Vegetation,low_perennial_vegetation,perennial_vegetation,80624700.13986374,0.19176868877214892
14522580,Wechselburg,25794664.90650411,6,Low Perennial Vegetation,low_perennial_vegetation,perennial_vegetation,5021805.066858199,0.19468386525121922
16077001,Altenburg,45989937.18791705,6,Low Perennial Vegetation,low_perennial_vegetation,perennial_vegetation,5204080.308425852,0.11315693446507079
13076120,Rom,33739788.2783462,6,Low Perennial Vegetation,low_perennial_vegetation,perennial_vegetation,6368515.1038131835,0.18875385498196565
13076122,Schwanheide,26626977.937083315,6,Low Perennial Vegetation,low_perennial_vegetation,perennial_vegetation,5124416.530310364,0.19245205154031408
12065356,Zehdenick,223552572.9576092,6,Low Perennial Vegetation,low_perennial_vegetation,perennial_vegetation,51675220.16351215,0.23115466523085368
14522570,Waldheim,41719077.75883077,6,Low Perennial Vegetation,low_perennial_vegetation,perennial_vegetation,5049958.3140918575,0.12104673893523261
13076151,Werder,18101945.14582469,6,Low Perennial Vegetation,low_perennial_vegetation,perennial_vegetation,3296582.7109235255,0.18211207051878067
14523450,Weischlitz,121919928.49884737,6,Low Perennial Vegetation,low_perennial_vegetation,perennial_vegetation,30218501.084830478,0.24785530517364243
13076156,Wöbbelin,23499854.895240724,6,Low Perennial Vegetation,low_perennial_vegetation,perennial_vegetation,4751770.75602482,0.20220425943937065
01053006,Basedow,7514836.830114216,6,Low Perennial Vegetation,low_perennial_vegetation,perennial_vegetation,1200271.94642736,0.15972029380831113
13076136,Teldau,27728833.036026523,6,Low Perennial Vegetation,low_perennial_vegetation,perennial_vegetation,12602915.942594124,0.4545058180493878
13076138,Tessin b.Boizenburg,10309156.297666095,6,Low Perennial Vegetation,low_perennial_vegetation,perennial_vegetation,3117605.838516936,0.30241134662229685
15091391,Zahna-Elster,149659888.9850728,6,Low Perennial Vegetation,low_perennial_vegetation,perennial_vegetation,35444777.64443877,0.2368355200903167
03357016,Gnarrenburg,123032508.97752988,6,Low Perennial Vegetation,low_perennial_vegetation,perennial_vegetation,61692127.40503958,0.501429483294588
16077005,Fockendorf,8819688.142882936,6,Low Perennial Vegetation,low_perennial_vegetation,perennial_vegetation,699276.5826435774,0.07928586264219104
13076140,Tramm,41923138.84491094,6,Low Perennial Vegetation,low_perennial_vegetation,perennial_vegetation,11550879.594399048,0.2755251613465773
01053012,Börnsen,8318068.951110065,6,Low Perennial Vegetation,low_perennial_vegetation,perennial_vegetation,2187275.188004265,0.2629546834559923
16077007,Gerstenberg,3132022.8779504225,6,Low Perennial Vegetation,low_perennial_vegetation,perennial_vegetation,433291.80114628846,0.13834247642208541
13076143,Vielank,77435610.78714007,6,Low Perennial Vegetation,low_perennial_vegetation,perennial_vegetation,16305264.57428149,0.21056545442771074
13076145,Warlitz,23676572.627560373,6,Low Perennial Vegetation,low_perennial_vegetation,perennial_vegetation,5970900.350508043,0.2521860086944215
16051000,Erfurt,270313726.8842227,6,Low Perennial Vegetation,low_perennial_vegetation,perennial_vegetation,33744820.551441096,0.12483576376383669
14524320,Wilkau-Haßlau,12677525.147904396,6,Low Perennial Vegetation,low_perennial_vegetation,perennial_vegetation,2689327.1976554478,0.21213345398884856
03357040,Sandbostel,31710155.172446847,6,Low Perennial Vegetation,low_perennial_vegetation,perennial_vegetation,11178385.380564274,0.35251752379557083
03357042,Seedorf,18706735.80417411,6,Low Perennial Vegetation,low_perennial_vegetation,perennial_vegetation,3047254.407931497,0.16289610543660699
03357043,Selsingen,42074024.25889544,6,Low Perennial Vegetation,low_perennial_vegetation,perennial_vegetation,10870200.734005852,0.2583589500998977
16077036,Nobitz,100760296.6100366,6,Low Perennial Vegetation,low_perennial_vegetation,perennial_vegetation,14014295.001251154,0.13908548776398907
01053028,Escheburg,8661986.821033394,6,Low Perennial Vegetation,low_perennial_vegetation,perennial_vegetation,4104537.2012083363,0.47385632026609986
14524310,Wildenfels,20947435.8155518,6,Low Perennial Vegetation,low_perennial_vegetation,perennial_vegetation,4943924.495984741,0.2360157367000629
12061332,Mittenwalde,99433041.5393216,6,Low Perennial Vegetation,low_perennial_vegetation,perennial_vegetation,21048127.102208063,0.21168141672388058
16062064,Heringen/Helme,66707462.69770858,6,Low Perennial Vegetation,low_perennial_vegetation,perennial_vegetation,12205725.535883054,0.1829739138961783
03357035,Oerel,34129029.76315896,6,Low Perennial Vegetation,low_perennial_vegetation,perennial_vegetation,12222710.995543113,0.3581323899437974
14522140,Flöha,27931186.062496617,6,Low Perennial Vegetation,low_perennial_vegetation,perennial_vegetation,3389507.8602627553,0.12135209198344317
03357036,Ostereistedt,28430467.63820198,6,Low Perennial Vegetation,low_perennial_vegetation,perennial_vegetation,6623794.079571348,0.23298224158194866
03357038,Rhade,24523659.21658419,6,Low Perennial Vegetation,low_perennial_vegetation,perennial_vegetation,6428837.023607825,0.26214835913477
01053032,Geesthacht,33146931.69190304,6,Low Perennial Vegetation,low_perennial_vegetation,perennial_vegetation,4980700.74098722,0.15026129076688807
13076161,Zierzow,13267494.49789133,6,Low Perennial Vegetation,low_perennial_vegetation,perennial_vegetation,2036291.1225754307,0.1534797035641559
12070241,Legde/Quitzöbel,41819617.7754618,6,Low Perennial Vegetation,low_perennial_vegetation,perennial_vegetation,9269865.615373535,0.22166308800681456
12070244,Lenzen (Elbe),96076567.98372813,6,Low Perennial Vegetation,low_perennial_vegetation,perennial_vegetation,37517696.3502838,0.39049788244557126
12070246,Lenzerwische,42129893.85059176,6,Low Perennial Vegetation,low_perennial_vegetation,perennial_vegetation,28858874.557077564,0.6849975615752047
01053019,Buchhorst,5373355.969790967,6,Low Perennial Vegetation,low_perennial_vegetation,perennial_vegetation,1981503.3716987078,0.3687645826628143
14521240,Großolbersdorf,22676551.100191567,6,Low Perennial Vegetation,low_perennial_vegetation,perennial_vegetation,7169288.20375506,0.3161542587353372
14627100,Klipphausen,112347451.21716762,6,Low Perennial Vegetation,low_perennial_vegetation,perennial_vegetation,18526296.932266038,0.16490180001017296
12061328,Märkisch Buchholz,24941661.900900096,6,Low Perennial Vegetation,low_perennial_vegetation,perennial_vegetation,3468471.8551940043,0.13906338194203627
12061329,Märkische Heide,212076425.67274225,6,Low Perennial Vegetation,low_perennial_vegetation,perennial_vegetation,42906118.58553928,0.20231441778327708
01053022,Dalldorf,6088334.982582103,6,Low Perennial Vegetation,low_perennial_vegetation,perennial_vegetation,2121145.978279268,0.3483950840989495
12070236,Lanz,60770781.9897092,6,Low Perennial Vegetation,low_perennial_vegetation,perennial_vegetation,17750024.307142325,0.2920815517915843
14524330,Zwickau,103508554.81607848,6,Low Perennial Vegetation,low_perennial_vegetation,perennial_vegetation,18031867.59113417,0.17420654382794254
14521270,Grünhainichen,28862952.942897946,6,Low Perennial Vegetation,low_perennial_vegetation,perennial_vegetation,6297419.177094566,0.2181834682526521
15083361,Loitsche-Heinrichsberg,31181807.099593844,6,Low Perennial Vegetation,low_perennial_vegetation,perennial_vegetation,5237481.272607563,0.16796593141248004
12072426,Trebbin,126803367.34115852,6,Low Perennial Vegetation,low_perennial_vegetation,perennial_vegetation,39617294.61452969,0.31243093496043534
16077048,Treben,9990578.13175702,6,Low Perennial Vegetation,low_perennial_vegetation,perennial_vegetation,2367230.2691912465,0.23694627457709772
15084246,Kaiserpfalz,41118282.15318236,6,Low Perennial Vegetation,low_perennial_vegetation,perennial_vegetation,4855788.193311995,0.11809316778415511
15090070,Bismark (Altmark),290854038.40629816,6,Low Perennial Vegetation,low_perennial_vegetation,perennial_vegetation,56893672.888909325,0.19560901818881998
12061344,Münchehofe,62439240.78617816,6,Low Perennial Vegetation,low_perennial_vegetation,perennial_vegetation,8488319.43813703,0.13594526985369823
14522150,Frankenberg/Sa.,65535416.38795091,6,Low Perennial Vegetation,low_perennial_vegetation,perennial_vegetation,13642155.32063045,0.20816462414571069
16077052,Windischleuba,20480388.417354092,6,Low Perennial Vegetation,low_perennial_vegetation,perennial_vegetation,4116153.3144390634,0.20098023682750243
15084250,Karsdorf,19995011.690175444,6,Low Perennial Vegetation,low_perennial_vegetation,perennial_vegetation,4204201.122855657,0.2102624988672246
12062224,Herzberg (Elster),149470443.50750053,6,Low Perennial Vegetation,low_perennial_vegetation,perennial_vegetation,29726932.892253075,0.19888167984703517
14626600,Weißwasser/O.L.,63633887.4327344,6,Low Perennial Vegetation,low_perennial_vegetation,perennial_vegetation,3698640.0814668657,0.0581237486924965
12062232,Hirschfeld,20331321.413827352,6,Low Perennial Vegetation,low_perennial_vegetation,perennial_vegetation,5197439.288751502,0.2556370627841591
14522500,Rossau,53736567.17403154,6,Low Perennial Vegetation,low_perennial_vegetation,perennial_vegetation,7472327.084171906,0.13905479038085902
12067040,Berkenbrück,18065164.542990662,6,Low Perennial Vegetation,low_perennial_vegetation,perennial_vegetation,1433641.2239061024,0.07935943348284416
15083390,Niedere Börde,78188879.80222008,6,Low Perennial Vegetation,low_perennial_vegetation,perennial_vegetation,8777751.066503135,0.11226342017824767
12066196,Lübbenau/Spreewald,139475729.36291802,6,Low Perennial Vegetation,low_perennial_vegetation,perennial_vegetation,35630743.668088965,0.2554619633884632
12067036,Beeskow,77998345.07864317,6,Low Perennial Vegetation,low_perennial_vegetation,perennial_vegetation,13570648.172310453,0.1739863603340252
15085135,Halberstadt,143084427.54699445,6,Low Perennial Vegetation,low_perennial_vegetation,perennial_vegetation,11821097.104518881,0.08261623788959407
15084285,Laucha an der Unstrut,31292658.355307817,6,Low Perennial Vegetation,low_perennial_vegetation,perennial_vegetation,6151622.321851962,0.19658356448992875
15089075,Egeln,29290742.118436176,6,Low Perennial Vegetation,low_perennial_vegetation,perennial_vegetation,2077387.1011163795,0.07092299309852006
12062240,Hohenleipisch,35031725.017906845,6,Low Perennial Vegetation,low_perennial_vegetation,perennial_vegetation,7502937.066658798,0.2141754955778966
14522510,Roßwein,44606404.11931287,6,Low Perennial Vegetation,low_perennial_vegetation,perennial_vegetation,7092013.204484019,0.15899091945439844
15084275,Kretzschau,27871911.810787264,6,Low Perennial Vegetation,low_perennial_vegetation,perennial_vegetation,4201462.006119756,0.15074179462973417
15082430,Zerbst/Anhalt,470995786.36170936,6,Low Perennial Vegetation,low_perennial_vegetation,perennial_vegetation,71907905.46774352,0.15267207807358302
14522540,Striegistal,77063893.43353254,6,Low Perennial Vegetation,low_perennial_vegetation,perennial_vegetation,11219563.915731672,0.14558781571824586
14625310,Lauta,42056455.59038755,6,Low Perennial Vegetation,low_perennial_vegetation,perennial_vegetation,4431327.569746485,0.10536616810759754
13076103,Neu Kaliß,34292865.865348294,6,Low Perennial Vegetation,low_perennial_vegetation,perennial_vegetation,3059519.5396385645,0.08921737692183081
13076105,Neustadt-Glewe,94112757.09683424,6,Low Perennial Vegetation,low_perennial_vegetation,perennial_vegetation,34602157.9392346,0.36766703055603656
13076106,Nostorf,19990126.12565245,6,Low Perennial Vegetation,low_perennial_vegetation,perennial_vegetation,6114551.509871642,0.3058785858296865
13076108,Parchim,124842063.19922496,6,Low Perennial Vegetation,low_perennial_vegetation,perennial_vegetation,23104046.249212645,0.18506620010230718
13076109,Passow,24888183.63006653,6,Low Perennial Vegetation,low_perennial_vegetation,perennial_vegetation,4016383.3413794655,0.16137711779526634
16073035,Hohenwarte,6515428.406676106,6,Low Perennial Vegetation,low_perennial_vegetation,perennial_vegetation,360002.9857502545,0.05525392396014565
14522530,Seelitz,31490882.602004535,6,Low Perennial Vegetation,low_perennial_vegetation,perennial_vegetation,8615275.453593388,0.2735799933738595
16073038,Kaulsdorf,21968218.288911104,6,Low Perennial Vegetation,low_perennial_vegetation,perennial_vegetation,5050317.629940656,0.22989199959333545
14625340,Malschwitz,93439533.9773545,6,Low Perennial Vegetation,low_perennial_vegetation,perennial_vegetation,14427680.768629003,0.15440660023117858
12067072,Briesen (Mark),111720735.89286152,6,Low Perennial Vegetation,low_perennial_vegetation,perennial_vegetation,15161288.133740239,0.13570701994193524
14521670,Wolkenstein,30095422.232806846,6,Low Perennial Vegetation,low_perennial_vegetation,perennial_vegetation,8511859.435751762,0.2828290419023606
16062008,Görsbach,7954000.735523127,6,Low Perennial Vegetation,low_perennial_vegetation,perennial_vegetation,1548541.6942930825,0.19468714497060408
01060063,Norderstedt,58647741.420688435,6,Low Perennial Vegetation,low_perennial_vegetation,perennial_vegetation,16638674.283280715,0.2837052865161368
14625330,Lohsa,134810705.16633087,6,Low Perennial Vegetation,low_perennial_vegetation,perennial_vegetation,15451579.150570907,0.11461685577199959
13076100,Muchow,19385454.226399228,6,Low Perennial Vegetation,low_perennial_vegetation,perennial_vegetation,3492917.512108483,0.18018239197881714
13076102,Neu Gülze,13031360.020413212,6,Low Perennial Vegetation,low_perennial_vegetation,perennial_vegetation,3266991.915045525,0.25070229891031215
15082005,Aken (Elbe),59814153.79319817,6,Low Perennial Vegetation,low_perennial_vegetation,perennial_vegetation,11531649.018050585,0.19279130919280713
01056042,Raa-Besenbek,12670789.436255297,6,Low Perennial Vegetation,low_perennial_vegetation,perennial_vegetation,7571892.071663488,0.5975864495070696
01056045,Seestermühe,18117780.32657661,6,Low Perennial Vegetation,low_perennial_vegetation,perennial_vegetation,5035803.670797386,0.27794815810910717
01056049,Uetersen,11385692.035718938,6,Low Perennial Vegetation,low_perennial_vegetation,perennial_vegetation,2975571.56645341,0.26134305733182606
01056029,Klein Nordende,10930418.524994152,6,Low Perennial Vegetation,low_perennial_vegetation,perennial_vegetation,5163113.512453527,0.4723619228895254
14521690,Zschopau,22981602.50064336,6,Low Perennial Vegetation,low_perennial_vegetation,perennial_vegetation,5758042.486909381,0.2505500861721104
15090485,Schollene,65622886.19142336,6,Low Perennial Vegetation,low_perennial_vegetation,perennial_vegetation,23873395.646788027,0.36379679456872444
15090003,Aland,92856562.3009006,6,Low Perennial Vegetation,low_perennial_vegetation,perennial_vegetation,33534073.704628747,0.36113843624710096
01056033,Seester,11785529.117236825,6,Low Perennial Vegetation,low_perennial_vegetation,perennial_vegetation,5381678.942791943,0.45663447854208045
15090007,Altmärkische Höhe,99821898.40534252,6,Low Perennial Vegetation,low_perennial_vegetation,perennial_vegetation,16764926.96641459,0.16794838842212725
15090008,Altmärkische Wische,67544348.28100026,6,Low Perennial Vegetation,low_perennial_vegetation,perennial_vegetation,16714743.614236865,0.24746324510675016
15091375,Wittenberg,242070715.93641967,6,Low Perennial Vegetation,low_perennial_vegetation,perennial_vegetation,49090270.923750706,0.20279310008173132
01056036,Moorrege,10959953.688143631,6,Low Perennial Vegetation,low_perennial_vegetation,perennial_vegetation,3964740.496380812,0.3617479242334599
01056037,Neuendeich,8686162.934733266,6,Low Perennial Vegetation,low_perennial_vegetation,perennial_vegetation,2690841.2155092987,0.30978479631661765
12063088,Friesack,84541496.23475263,6,Low Perennial Vegetation,low_perennial_vegetation,perennial_vegetation,29376535.58791019,0.34748066803003097
01056038,Osterhorn,6374418.444995083,6,Low Perennial Vegetation,low_perennial_vegetation,perennial_vegetation,2608032.306351015,0.4091404304338898
14730360,Zschepplin,68340923.94879061,6,Low Perennial Vegetation,low_perennial_vegetation,perennial_vegetation,10968888.1943737,0.16050248607398013
16073076,Rudolstadt,135148386.92623073,6,Low Perennial Vegetation,low_perennial_vegetation,perennial_vegetation,31742877.533269152,0.23487426121183122
16073077,Saalfeld/Saale,145607709.22119236,6,Low Perennial Vegetation,low_perennial_vegetation,perennial_vegetation,25830205.430667505,0.17739586433180468
12069696,Ziesar,68066575.6939797,6,Low Perennial Vegetation,low_perennial_vegetation,perennial_vegetation,15800391.20116192,0.2321314248596675
12069216,Golzow,40231537.20454377,6,Low Perennial Vegetation,low_perennial_vegetation,perennial_vegetation,7889962.210756216,0.19611386387356633
14729350,Pegau,48722638.77218679,6,Low Perennial Vegetation,low_perennial_vegetation,perennial_vegetation,6533125.38411149,0.1340880861288841
15082015,Bitterfeld-Wolfen,86439561.37782684,6,Low Perennial Vegetation,low_perennial_vegetation,perennial_vegetation,15319643.233491827,0.1772295345938852
15083320,Hötensleben,60781460.656822056,6,Low Perennial Vegetation,low_perennial_vegetation,perennial_vegetation,6059840.0150288595,0.09969882180428825
12061316,Lübben (Spreewald),121052302.6319176,6,Low Perennial Vegetation,low_perennial_vegetation,perennial_vegetation,35812503.91831472,0.2958432275940211
01056050,Wedel,28219950.72389341,6,Low Perennial Vegetation,low_perennial_vegetation,perennial_vegetation,10906966.198709913,0.38649841402717783
01056051,Westerhorn,9396717.292211529,6,Low Perennial Vegetation,low_perennial_vegetation,perennial_vegetation,5974017.594555283,0.6357558079891207
12069249,Groß Kreutz (Havel),99526644.91150458,6,Low Perennial Vegetation,low_perennial_vegetation,perennial_vegetation,29631710.397563446,0.29772640707331055
15084207,Gutenborn,34112737.284892656,6,Low Perennial Vegetation,low_perennial_vegetation,perennial_vegetation,5541670.521071007,0.16245165185044297
15089015,Aschersleben,157042636.245704,6,Low Perennial Vegetation,low_perennial_vegetation,perennial_vegetation,9297993.830939407,0.05920681194113461
14521220,Gornau/Erzgeb.,19755555.35532984,6,Low Perennial Vegetation,low_perennial_vegetation,perennial_vegetation,6621838.105004852,0.33518865888112576
12065256,Oranienburg,164318985.6096604,6,Low Perennial Vegetation,low_perennial_vegetation,perennial_vegetation,27972504.807314686,0.1702329448026374
15090010,Arneburg,31235481.426069036,6,Low Perennial Vegetation,low_perennial_vegetation,perennial_vegetation,6172634.838924636,0.19761612618440305
12063094,Gollenberg,30299023.899701424,6,Low Perennial Vegetation,low_perennial_vegetation,perennial_vegetation,9486822.146263858,0.31310652705077224
14729370,Rötha,46138160.32048705,6,Low Perennial Vegetation,low_perennial_vegetation,perennial_vegetation,7409400.113732312,0.16059158107442492
15089005,Alsleben (Saale),23866835.429368444,6,Low Perennial Vegetation,low_perennial_vegetation,perennial_vegetation,1840330.7228120423,0.07710828393057473
03353023,Marschacht,26201655.315447405,6,Low Perennial Vegetation,low_perennial_vegetation,perennial_vegetation,12465627.37003834,0.47575724586717716
03353026,Neu Wulmstorf,56173035.8219472,6,Low Perennial Vegetation,low_perennial_vegetation,perennial_vegetation,9883462.575253114,0.1759467408274127
03353007,Drage,30407387.635426603,6,Low Perennial Vegetation,low_perennial_vegetation,perennial_vegetation,11174501.945791436,0.3674929947869776
12052000,Cottbus,165456921.7163237,6,Low Perennial Vegetation,low_perennial_vegetation,perennial_vegetation,29409554.003672328,0.1777474988571048
14729360,Regis-Breitingen,26429546.760908872,6,Low Perennial Vegetation,low_perennial_vegetation,perennial_vegetation,4549676.425464153,0.17214356593482866
15089041,Bördeaue,25624183.390924316,6,Low Perennial Vegetation,low_perennial_vegetation,perennial_vegetation,4418749.274910988,0.17244449149845065
15089042,Bördeland,92592309.36093704,6,Low Perennial Vegetation,low_perennial_vegetation,perennial_vegetation,3098292.607134897,0.03346166251299925
15089043,Börde-Hakel,39045345.92019806,6,Low Perennial Vegetation,low_perennial_vegetation,perennial_vegetation,3152194.0188608635,0.08073161972500906
03353040,Winsen (Luhe),110031781.06794664,6,Low Perennial Vegetation,low_perennial_vegetation,perennial_vegetation,36412321.46828376,0.33092549366076773
15089026,Barby,154093416.53524873,6,Low Perennial Vegetation,low_perennial_vegetation,perennial_vegetation,18950936.405953884,0.12298342675541155
14729380,Thallwitz,52891027.23506981,6,Low Perennial Vegetation,low_perennial_vegetation,perennial_vegetation,7285214.245266945,0.1377400785371101
12067024,Bad Saarow,50298082.389564335,6,Low Perennial Vegetation,low_perennial_vegetation,perennial_vegetation,4561772.929673067,0.09069476832817641
15089030,Bernburg (Saale),114052712.15939713,6,Low Perennial Vegetation,low_perennial_vegetation,perennial_vegetation,11351531.753505016,0.09952881907481874
03353031,Seevetal,105494795.92269228,6,Low Perennial Vegetation,low_perennial_vegetation,perennial_vegetation,35081628.48413627,0.33254368784072025
03353032,Stelle,38492330.25085408,6,Low Perennial Vegetation,low_perennial_vegetation,perennial_vegetation,13490921.505607832,0.3504833668860173
03353033,Tespe,24899031.941647574,6,Low Perennial Vegetation,low_perennial_vegetation,perennial_vegetation,5969720.125298305,0.23975711743688327
12069270,Havelsee,82133144.0596614,6,Low Perennial Vegetation,low_perennial_vegetation,perennial_vegetation,17413786.638733286,0.21201899474448385
03154007,Grafhorst,9595122.928886414,6,Low Perennial Vegetation,low_perennial_vegetation,perennial_vegetation,4351029.935321203,0.453462656765167
13076090,Ludwigslust,78675923.22125305,6,Low Perennial Vegetation,low_perennial_vegetation,perennial_vegetation,22394525.497568514,0.284642678225592
12066176,Lauchhammer,89364500.39881246,6,Low Perennial Vegetation,low_perennial_vegetation,perennial_vegetation,11729670.595654879,0.1312564893588411
13076093,Malk Göhren,22563558.96337619,6,Low Perennial Vegetation,low_perennial_vegetation,perennial_vegetation,5022399.852629422,0.22258899231196103
13076094,Malliß,25193462.8679158,6,Low Perennial Vegetation,low_perennial_vegetation,perennial_vegetation,4673150.727130825,0.1854906072909152
13076097,Milow,33807484.17057334,6,Low Perennial Vegetation,low_perennial_vegetation,perennial_vegetation,10134249.391676646,0.29976348847920736
03154012,Jerxheim,17106738.656320043,6,Low Perennial Vegetation,low_perennial_vegetation,perennial_vegetation,609849.0146923686,0.03564963649380715
13076085,Lewitzrand,46856627.23741313,6,Low Perennial Vegetation,low_perennial_vegetation,perennial_vegetation,17760071.2563774,0.37903008183646425
13076088,Lübtheen,120328010.22909904,6,Low Perennial Vegetation,low_perennial_vegetation,perennial_vegetation,28124134.466847394,0.2337289082841171
13076089,Lübz,74813303.50257179,6,Low Perennial Vegetation,low_perennial_vegetation,perennial_vegetation,11554291.684798554,0.15444167205370582
15089055,Calbe (Saale),57425951.03109665,6,Low Perennial Vegetation,low_perennial_vegetation,perennial_vegetation,5530541.906951403,0.09630736291953731
14524260,Remse,14386253.492598357,6,Low Perennial Vegetation,low_perennial_vegetation,perennial_vegetation,1976215.101523065,0.13736829415245713
16065016,Etzleben,6168455.4494236335,6,Low Perennial Vegetation,low_perennial_vegetation,perennial_vegetation,839639.4996644709,0.1361182724830938
14627020,Diera-Zehren,43387391.97460426,6,Low Perennial Vegetation,low_perennial_vegetation,perennial_vegetation,9485348.865397295,0.21861993620057438
03154027,Söllingen,39430284.66967523,6,Low Perennial Vegetation,low_perennial_vegetation,perennial_vegetation,1848019.5258432925,0.04686802393959267
16065019,Gehofen,13548591.471329546,6,Low Perennial Vegetation,low_perennial_vegetation,perennial_vegetation,1013627.8065343723,0.07481425716313987
12067426,Rietz-Neuendorf,185234224.38259536,6,Low Perennial Vegetation,low_perennial_vegetation,perennial_vegetation,16325671.152194947,0.08813528497020505
16065003,Bad Frankenhausen/Kyffhäuser,91109138.21694888,6,Low Perennial Vegetation,low_perennial_vegetation,perennial_vegetation,13817239.769568967,0.1516559155314079
14627010,Coswig,26126891.1611025,6,Low Perennial Vegetation,low_perennial_vegetation,perennial_vegetation,4645202.021286303,0.17779390562173128
14628370,Stadt Wehlen,10977521.341152163,6,Low Perennial Vegetation,low_perennial_vegetation,perennial_vegetation,2608653.944341833,0.23763597111513676
14627040,Glaubitz,14259650.79794955,6,Low Perennial Vegetation,low_perennial_vegetation,perennial_vegetation,1901238.5809943916,0.13332995372283435
14522060,Burgstädt,25841214.814155083,6,Low Perennial Vegetation,low_perennial_vegetation,perennial_vegetation,5264379.92168545,0.2037202956418973
15090415,Osterburg (Altmark),231322870.27737197,6,Low Perennial Vegetation,low_perennial_vegetation,perennial_vegetation,48268661.56497301,0.20866359433935597
16065042,Kalbsrieth,11982585.109859249,6,Low Perennial Vegetation,low_perennial_vegetation,perennial_vegetation,1412499.7192481854,0.117879381310297
14627030,Ebersbach,84269636.69404,6,Low Perennial Vegetation,low_perennial_vegetation,perennial_vegetation,11743501.677109515,0.13935626327365047
15090445,Sandau (Elbe),18434549.689568777,6,Low Perennial Vegetation,low_perennial_vegetation,perennial_vegetation,7078453.034876226,0.38397753967820447
16073002,Altenbeuthen,8067944.710577965,6,Low Perennial Vegetation,low_perennial_vegetation,perennial_vegetation,646160.4028895403,0.08008984023432297
12069648,Wenzlow,20707044.44068362,6,Low Perennial Vegetation,low_perennial_vegetation,perennial_vegetation,3724443.004841012,0.17986357326415503
01056019,Haselau,13848008.610910298,6,Low Perennial Vegetation,low_perennial_vegetation,perennial_vegetation,5017373.36719168,0.36231731999637046
16065056,Reinsdorf,11330959.869730547,6,Low Perennial Vegetation,low_perennial_vegetation,perennial_vegetation,1566912.6731519715,0.13828596086884148
14627060,Großenhain,130422644.6610693,6,Low Perennial Vegetation,low_perennial_vegetation,perennial_vegetation,25216993.24129769,0.19334827404266608
15087250,Kelbra (Kyffhäuser),40621471.96106028,6,Low Perennial Vegetation,low_perennial_vegetation,perennial_vegetation,5585444.650530102,0.13749980935905784
14522080,Döbeln,91232608.068295,6,Low Perennial Vegetation,low_perennial_vegetation,perennial_vegetation,11008309.09107377,0.12066200149439067
15090435,Rochau,39086676.02958891,6,Low Perennial Vegetation,low_perennial_vegetation,perennial_vegetation,7143500.043181065,0.18276048947660276
01056020,Haseldorf,17815283.524139255,6,Low Perennial Vegetation,low_perennial_vegetation,perennial_vegetation,9018586.378664296,0.5062274965449941
12069656,Werder (Havel),117238083.591075,6,Low Perennial Vegetation,low_perennial_vegetation,perennial_vegetation,28950215.068652038,0.24693524648210757
01056024,Heist,10018888.267545355,6,Low Perennial Vegetation,low_perennial_vegetation,perennial_vegetation,4043543.132688506,0.40359199790529066
12067481,Storkow (Mark),180695975.93586615,6,Low Perennial Vegetation,low_perennial_vegetation,perennial_vegetation,19327936.2907459,0.10696384460496178
01056027,Hetlingen,16599690.141962444,6,Low Perennial Vegetation,low_perennial_vegetation,perennial_vegetation,12589892.099238671,0.7584413920722903
01056028,Holm,15978636.194305196,6,Low Perennial Vegetation,low_perennial_vegetation,perennial_vegetation,7572120.798709693,0.4738903061957444
12067469,Spreenhagen,137738247.98115382,6,Low Perennial Vegetation,low_perennial_vegetation,perennial_vegetation,21048069.935822465,0.1528120928233557
14524290,Waldenburg,25083048.223122895,6,Low Perennial Vegetation,low_perennial_vegetation,perennial_vegetation,4773277.690304698,0.19029894803233827
14730310,Torgau,102853060.15132137,6,Low Perennial Vegetation,low_perennial_vegetation,perennial_vegetation,19522796.16873111,0.18981249697392008
12071041,Dissen-Striesow,19911812.74790296,6,Low Perennial Vegetation,low_perennial_vegetation,perennial_vegetation,8261591.60901075,0.41490906496601276
12068320,Neuruppin,305934233.01816416,6,Low Perennial Vegetation,low_perennial_vegetation,perennial_vegetation,49692258.90814377,0.16242791275075583
16065046,Mönchpfiffel-Nikolausrieth,9268732.690789605,6,Low Perennial Vegetation,low_perennial_vegetation,perennial_vegetation,3832634.805833491,0.41350149299720373
14627050,Gröditz,29040876.612622075,6,Low Perennial Vegetation,low_perennial_vegetation,perennial_vegetation,6033081.830812291,0.2077444806948467
12068324,Neustadt (Dosse),75664484.23327327,6,Low Perennial Vegetation,low_perennial_vegetation,perennial_vegetation,25715311.949446555,0.3398597401413107
12071028,Briesen,9164530.61977494,6,Low Perennial Vegetation,low_perennial_vegetation,perennial_vegetation,2454423.4085823656,0.267817688697148
12069688,Wusterwitz,23864482.92313698,6,Low Perennial Vegetation,low_perennial_vegetation,perennial_vegetation,5051533.810528006,0.21167581241119066
01056015,Elmshorn,21702124.601431817,6,Low Perennial Vegetation,low_perennial_vegetation,perennial_vegetation,4616103.740337269,0.21270284938059558
01056016,Groß Nordende,5336383.998411052,6,Low Perennial Vegetation,low_perennial_vegetation,perennial_vegetation,2061676.3954308885,0.3863433358702762
12067473,Steinhöfel,161138405.97169286,6,Low Perennial Vegetation,low_perennial_vegetation,perennial_vegetation,19730595.6121833,0.12244502167688917
12071032,Burg (Spreewald),35368051.73040276,6,Low Perennial Vegetation,low_perennial_vegetation,perennial_vegetation,15553354.322840914,0.439757169589047
13076006,Barkhagen,30384060.435054645,6,Low Perennial Vegetation,low_perennial_vegetation,perennial_vegetation,4814567.103508525,0.1584570012885398
13076008,Belsch,22625583.52322813,6,Low Perennial Vegetation,low_perennial_vegetation,perennial_vegetation,4736901.32107555,0.20936040461508978
13076009,Bengerstorf,33049640.00110774,6,Low Perennial Vegetation,low_perennial_vegetation,perennial_vegetation,8290421.699766313,0.25084756443605555
12067408,Rauen,21643502.72157179,6,Low Perennial Vegetation,low_perennial_vegetation,perennial_vegetation,1557893.7054492666,0.07197974031701139
14625240,Hoyerswerda,95962109.1018878,6,Low Perennial Vegetation,low_perennial_vegetation,perennial_vegetation,9503386.814145358,0.0990327005428271
13076010,Besitz,22187644.02126526,6,Low Perennial Vegetation,low_perennial_vegetation,perennial_vegetation,7597712.494561169,0.34242988968451576
16065085,Kyffhäuserland,129109407.51909108,6,Low Perennial Vegetation,low_perennial_vegetation,perennial_vegetation,14686100.164348014,0.11374926464732182
16065086,Artern,44869652.329491064,6,Low Perennial Vegetation,low_perennial_vegetation,perennial_vegetation,9820477.233631114,0.21886680024878416
13076012,Blievenstorf,21448027.28281925,6,Low Perennial Vegetation,low_perennial_vegetation,perennial_vegetation,3364404.1566173895,0.15686310504241177
12071060,Drehnow,10968965.45124516,6,Low Perennial Vegetation,low_perennial_vegetation,perennial_vegetation,2293240.4930344196,0.2090662518017229
16065087,Roßleben-Wiehe,72953515.34495515,6,Low Perennial Vegetation,low_perennial_vegetation,perennial_vegetation,11170614.417014899,0.1531196182143588
16065088,An der Schmücke,95013330.85967591,6,Low Perennial Vegetation,low_perennial_vegetation,perennial_vegetation,12082879.391412904,0.12717035896002812
13076014,Boizenburg/Elbe,47238842.90497926,6,Low Perennial Vegetation,low_perennial_vegetation,perennial_vegetation,16700381.631723752,0.35353070915213786
14627070,Hirschstein,34760214.33588495,6,Low Perennial Vegetation,low_perennial_vegetation,perennial_vegetation,3740136.9072058466,0.1075982118828505
14713000,Leipzig,299088853.71073973,6,Low Perennial Vegetation,low_perennial_vegetation,perennial_vegetation,43291100.879483394,0.14474327726486214
12062196,Gröden,22402858.92871034,6,Low Perennial Vegetation,low_perennial_vegetation,perennial_vegetation,4428880.742858324,0.19769265864467417
14522460,Penig,63608667.65588005,6,Low Perennial Vegetation,low_perennial_vegetation,perennial_vegetation,10921559.58518398,0.17169923514620858
14729320,Neukieritzsch,57209117.342527494,6,Low Perennial Vegetation,low_perennial_vegetation,perennial_vegetation,10543887.82590234,0.18430432622781157
12067493,Tauche,121952418.64925414,6,Low Perennial Vegetation,low_perennial_vegetation,perennial_vegetation,19753197.423334476,0.16197462618717226
12071052,Drachhausen,38300791.51922781,6,Low Perennial Vegetation,low_perennial_vegetation,perennial_vegetation,6921737.747119092,0.1807204883388437
16076012,Caaschwitz,4097838.24899341,6,Low Perennial Vegetation,low_perennial_vegetation,perennial_vegetation,796423.3749366893,0.19435207700848664
13076030,Dersenow,22443987.350011803,6,Low Perennial Vegetation,low_perennial_vegetation,perennial_vegetation,5661216.254966163,0.25223754436678497
14523330,Pöhl,36654093.105269566,6,Low Perennial Vegetation,low_perennial_vegetation,perennial_vegetation,7629207.959813554,0.20814068262179272
13076034,Dömitz,60496863.98778597,6,Low Perennial Vegetation,low_perennial_vegetation,perennial_vegetation,17836149.69808553,0.294827674070619
13076016,Brahlstorf,21895462.27090615,6,Low Perennial Vegetation,low_perennial_vegetation,perennial_vegetation,5154097.156573382,0.23539567663853112
13076017,Brenz,12654634.15903614,6,Low Perennial Vegetation,low_perennial_vegetation,perennial_vegetation,5557286.8959752675,0.4391503401943108
13076018,Bresegard bei Eldena,11143815.295551412,6,Low Perennial Vegetation,low_perennial_vegetation,perennial_vegetation,3371060.456315982,0.3025050547689625
01051103,Schmedeswurth,5887846.1293954775,6,Low Perennial Vegetation,low_perennial_vegetation,perennial_vegetation,539205.6020028285,0.09157943162115045
16076022,Greiz,84912677.81935868,6,Low Perennial Vegetation,low_perennial_vegetation,perennial_vegetation,15220610.894529428,0.17925015775511655
13076019,Bresegard bei Picher,16581224.118175805,6,Low Perennial Vegetation,low_perennial_vegetation,perennial_vegetation,3397286.327506094,0.20488754649797525
14522480,Reinsberg,48765913.081287704,6,Low Perennial Vegetation,low_perennial_vegetation,perennial_vegetation,6373323.373757779,0.13069217761049837
14523320,Plauen,101719133.12763377,6,Low Perennial Vegetation,low_perennial_vegetation,perennial_vegetation,25557038.767114267,0.25125104767700046
13076049,Gorlosen,53231150.54896304,6,Low Perennial Vegetation,low_perennial_vegetation,perennial_vegetation,10884601.266670857,0.20447803878781448
12071076,Forst (Lausitz),111087397.72670946,6,Low Perennial Vegetation,low_perennial_vegetation,perennial_vegetation,13453711.406997228,0.12110924985474267
12071412,Werben,25107230.69742649,6,Low Perennial Vegetation,low_perennial_vegetation,perennial_vegetation,8414604.767415432,0.3351466702489787
14524200,Mülsen,49108021.31470883,6,Low Perennial Vegetation,low_perennial_vegetation,perennial_vegetation,11143779.77463233,0.22692381969978792
16076039,Langenwetzendorf,58327544.83979913,6,Low Perennial Vegetation,low_perennial_vegetation,perennial_vegetation,9164489.305237295,0.1571211222829323
15085090,Ditfurt,23929171.404765,6,Low Perennial Vegetation,low_perennial_vegetation,perennial_vegetation,1499621.0440010775,0.06266915885363498
13076050,Grabow,72336024.30337732,6,Low Perennial Vegetation,low_perennial_vegetation,perennial_vegetation,16117760.605566109,0.22281789413761827
13076053,Grebs-Niendorf,31186526.12191532,6,Low Perennial Vegetation,low_perennial_vegetation,perennial_vegetation,8227119.174097565,0.2638036420579791
01058172,Westerrönfeld,7731811.63513024,6,Low Perennial Vegetation,low_perennial_vegetation,perennial_vegetation,2851843.014897063,0.3688453818429094
14612000,Dresden,328736783.09641767,6,Low Perennial Vegetation,low_perennial_vegetation,perennial_vegetation,57551681.9626919,0.1750691888525664
13076058,Groß Laasch,27467259.64554101,6,Low Perennial Vegetation,low_perennial_vegetation,perennial_vegetation,3573762.9906418463,0.1301099212939506
13076037,Eldena,34251458.78441228,6,Low Perennial Vegetation,low_perennial_vegetation,perennial_vegetation,9479873.54649523,0.2767728407179401
12061217,Heidesee,136364223.14755517,6,Low Perennial Vegetation,low_perennial_vegetation,perennial_vegetation,17123367.027112093,0.12557081785728702
14628310,Rathen,3743511.710648861,6,Low Perennial Vegetation,low_perennial_vegetation,perennial_vegetation,924171.8430457334,0.24687296701031214
13076040,Gallin-Kuppentin,29592968.88817017,6,Low Perennial Vegetation,low_perennial_vegetation,perennial_vegetation,5738229.688991112,0.1939051708760785
12070125,Groß Pankow (Prignitz),250928782.20071307,6,Low Perennial Vegetation,low_perennial_vegetation,perennial_vegetation,42487176.19773705,0.16931966044354524
13076046,Göhlen,33994605.65105992,6,Low Perennial Vegetation,low_perennial_vegetation,perennial_vegetation,6815942.1722586425,0.20050069832318024
01051118,Trennewurth,8075378.942849048,6,Low Perennial Vegetation,low_perennial_vegetation,perennial_vegetation,1062070.3773983312,0.1315195713928473
01051119,Volsemenhusen,16715100.23053301,6,Low Perennial Vegetation,low_perennial_vegetation,perennial_vegetation,3620527.376745351,0.2166021936339834
15084590,Zeitz,87425518.6237047,6,Low Perennial Vegetation,low_perennial_vegetation,perennial_vegetation,11739552.837577943,0.13428061991953527
14522490,Rochlitz,23581724.78775827,6,Low Perennial Vegetation,low_perennial_vegetation,perennial_vegetation,3934319.8629224077,0.16683766341657882
13076075,Kreien,25035627.882163573,7,Water,water,water,151165.85160417698,0.006038029176487075
13076079,Kuhstorf,15091729.821307696,7,Water,water,water,300.0654939967262,1.988277669621875e-5
14521150,Drebach,33008113.855999652,7,Water,water,water,50427.35832930897,0.0015277261387700632
15083245,Gröningen,59726899.683835134,7,Water,water,water,404496.36764865124,0.006772432016224788
14628330,Reinhardtsdorf-Schöna,31817093.770008847,7,Water,water,water,299485.07474387396,0.009412709938522794
13076067,Karenz,6848559.861875899,7,Water,water,water,900.1956814974546,1.3144306243252735e-4
16076093,Mohlsdorf-Teichwolframsdorf,51148534.17445346,7,Water,water,water,97671.15553056821,0.001909559229936854
16076094,Berga-Wünschendorf,62985940.27364644,7,Water,water,water,333024.5109758376,0.005287283313212304
13076069,Karstädt,19717514.76181327,7,Water,water,water,298.84588485436154,1.5156366736092603e-5
15084130,Elsteraue,80483183.11954002,7,Water,water,water,1366119.4677820762,0.016973974125166085
14628320,Rathmannsdorf,4195836.411452889,7,Water,water,water,37854.55421846284,0.009021932817765642
14522020,Augustusburg,23353480.299974073,7,Water,water,water,71094.70626566693,0.003044287418939688
15002000,Halle (Saale),135858053.42722595,7,Water,water,water,4149250.601984581,0.0305410720771675
15083270,Haldensleben,156410219.9081429,7,Water,water,water,583113.4038798258,0.0037281029604221425
12061260,Königs Wusterhausen,95986510.3169408,7,Water,water,water,7616847.131657972,0.07935330815244425
15084150,Gleina,29877869.66065514,7,Water,water,water,16459.477532507455,5.508919383962044e-4
12072312,Nuthe-Urstromtal,341614674.8878322,7,Water,water,water,731104.2690122607,0.0021401430405538517
15084135,Freyburg (Unstrut),46843268.74310584,7,Water,water,water,92288.18398318674,0.001970148250953756
12062124,Elsterwerda,40441722.63077532,7,Water,water,water,12338.39741285834,3.0509079757816925e-4
12062128,Falkenberg/Elster,82069829.47278139,7,Water,water,water,631600.8378786693,0.007695895579850581
12067397,Ragow-Merz,43897070.919061154,7,Water,water,water,60493.882800489664,0.0013780847226009738
12066064,Frauendorf,20849051.531904455,7,Water,water,water,275222.2318428427,0.013200707544018553
12061265,Krausnick-Groß Wasserburg,54774429.42453899,7,Water,water,water,396695.4876986823,0.007242348151616936
15084170,Goseck,14467892.210808836,7,Water,water,water,19034.150511100626,0.00131561323748876
01058119,Oldenbüttel,8000288.08312802,7,Water,water,water,744389.072223931,0.09304528343095408
14522420,Niederwiesa,16599271.8798012,7,Water,water,water,211835.5160502949,0.012761735429375467
16075134,Remptendorf,97383600.17456956,7,Water,water,water,482599.42721659894,0.004955653994630437
16075135,Saalburg-Ebersdorf,71996977.28873697,7,Water,water,water,6580378.9373441655,0.09139798898715132
16075136,Rosenthal am Rennsteig,56292295.44415217,7,Water,water,water,657323.6706867042,0.011676974006839673
01058124,Osterrönfeld,17906363.46134805,7,Water,water,water,372173.19969398854,0.020784409994656174
16075125,Wilhelmsdorf,9420791.17988135,7,Water,water,water,1072655.7966803631,0.11386047904034667
16075127,Ziegenrück,8250127.516421139,7,Water,water,water,280211.30967577436,0.033964482260187966
16076003,Bad Köstritz,20159072.262280148,7,Water,water,water,119754.90898650419,0.005940497034210193
14522440,Oederan,77683163.59427962,7,Water,water,water,53374.49901632834,6.870793688976216e-4
12073572,Templin,379582812.2804865,7,Water,water,water,18436564.510991607,0.048570598864124036
01058140,Schacht-Audorf,6278333.662421584,7,Water,water,water,808879.5103393784,0.12883665536619307
01058148,Schülp b.Rendsburg,11012699.40867108,7,Water,water,water,1189281.5569492138,0.10799182950665194
03360002,Bad Bevensen,48140251.44442914,7,Water,water,water,611057.2179477501,0.012693270176478536
03360004,Bienenbüttel,99488670.05538411,7,Water,water,water,659908.5624632998,0.006633002150857348
03360008,Emmendorf,11000591.927796615,7,Water,water,water,282877.886611498,0.025714787755803756
12062500,Uebigau-Wahrenbrück,135901487.06611395,7,Water,water,water,453849.0427874055,0.003339544346314732
01058132,Rade b.Rendsburg,6537224.4244546015,7,Water,water,water,834784.284572896,0.1276970515881504
01058135,Rendsburg,23814387.481500052,7,Water,water,water,1303975.7688467545,0.054755797093657514
03359001,Agathenburg,11100004.708568253,7,Water,water,water,58208.54515421953,0.005244010852471758
03359004,Balje,58446108.6453896,7,Water,water,water,1090230.0804044763,0.01865359569136134
03359007,Bliedersdorf,12401586.096952744,7,Water,water,water,4782.254359761136,3.8561634958420417e-4
03359009,Burweg,16255046.295608832,7,Water,water,water,410752.3256075789,0.025269219055902677
03360025,Uelzen,136860915.81507882,7,Water,water,water,931495.4690993952,0.006806146689519423
15091241,Oranienbaum-Wörlitz,115899933.39697148,7,Water,water,water,2870213.445832223,0.024764582357449598
02000000,Hamburg,742109107.0919194,7,Water,water,water,43261516.42143825,0.05829535846954614
15089365,Wolmirsleben,16869354.158058494,7,Water,water,water,343069.00884802325,0.020336819396499485
01058158,Tackesdorf,7595935.643578419,7,Water,water,water,545364.6291921143,0.07179689965556303
03360012,Jelmstorf,13955288.939884534,7,Water,water,water,17397.005904505113,0.0012466245578609321
12065144,Hohen Neuendorf,49014227.56596513,7,Water,water,water,584653.5128443381,0.011928240877763301
13071110,Neustrelitz,139943510.287917,7,Water,water,water,10830624.921674062,0.07739283443291761
15084565,Wetterzeube,41934541.89197438,7,Water,water,water,111883.71974074452,0.0026680563252357197
13071119,Priepert,22199734.212614417,7,Water,water,water,5396254.445112952,0.24307743477607366
03359020,Grünendeich,2588844.4192941617,7,Water,water,water,181229.47425466034,0.07000400367978538
03359021,Guderhandviertel,9223870.486279769,7,Water,water,water,46996.08264270287,0.005095050143278588
03359022,Hammah,29370105.30183487,7,Water,water,water,221998.2844167551,0.007558647888228237
03359023,Harsefeld,52010606.29360163,7,Water,water,water,116198.94519236888,0.002234139408727941
03359025,Himmelpforten,18215753.037146464,7,Water,water,water,79746.01445042818,0.004377859882476786
03359026,Hollern-Twielenfleth,17708013.179927923,7,Water,water,water,415633.4616730096,0.023471490417916064
03359027,Horneburg,16902118.424427122,7,Water,water,water,139931.98559917678,0.008278961375453718
03359028,Jork,53147595.539435685,7,Water,water,water,1117572.9072313984,0.02102772281395413
03359029,Kranenburg,14241579.451314503,7,Water,water,water,893034.9123835634,0.06270617071908663
12069590,Schwielowsee,58307568.467751876,7,Water,water,water,8064788.466469969,0.13831460783569385
15084550,Weißenfels,113730963.2180518,7,Water,water,water,1634452.0965326042,0.01437121475353141
12065136,Hennigsdorf,30730259.606725983,7,Water,water,water,1894440.6568687102,0.06164740165273679
14729250,Machern,39068604.93483402,7,Water,water,water,516762.58308789023,0.013227054919156808
15088020,Bad Dürrenberg,36456820.25492409,7,Water,water,water,251818.17056708748,0.006907299342242425
03359010,Buxtehude,76262592.45658633,7,Water,water,water,224968.24204353,0.0029499160046466645
03359012,Dollern,11986902.817578904,7,Water,water,water,52546.60552745307,0.004383668269204034
03359013,Drochtersen,106914216.90756306,7,Water,water,water,1108597.8169312298,0.010369040236152243
03359015,Engelschoff,19629177.4223999,7,Water,water,water,63309.57184446337,0.003225278904057255
03359016,Estorf,29452008.467342824,7,Water,water,water,1045084.7483837914,0.0354843286678601
12068264,Kyritz,157576666.42114767,7,Water,water,water,5462632.782956625,0.034666508100615015
03359018,Freiburg (Elbe),26092407.30783692,7,Water,water,water,273116.2638249692,0.010467269677448965
03359019,Großenwörden,12340566.848252848,7,Water,water,water,265991.0125955025,0.02155419729630661
13071137,Sietow,18847417.38042587,7,Water,water,water,2554070.724610347,0.1355130346539095
13071138,Silz,10677284.917102613,7,Water,water,water,656436.2852174698,0.06147970109573514
03352051,Steinau,36028682.80064326,7,Water,water,water,38110.83119696481,0.0010577914104671175
03359040,Wischhafen,27624832.21567756,7,Water,water,water,362256.2813542194,0.013113429197540351
03352052,Stinstedt,30437815.314012676,7,Water,water,water,116722.06702090058,0.0038347715109226374
03352055,Wanna,54053527.13815224,7,Water,water,water,59422.30391762013,0.0010993233386185168
03352056,Wingst,55608496.481304646,7,Water,water,water,1328619.3870032758,0.023892381040187847
03352038,Neuenkirchen,19402083.724760316,7,Water,water,water,6522.668540142611,3.361839188343771e-4
03352039,Neuhaus (Oste),9842364.398027057,7,Water,water,water,159542.63916151234,0.016209787883233965
14730270,Schkeuditz,80324651.47217132,7,Water,water,water,2355350.4209516123,0.02932288379449277
03352041,Nordleda,21315494.84257512,7,Water,water,water,0,0
03359030,Krummendeich,30095423.4804926,7,Water,water,water,51505.41932301941,0.0017114037074907567
03352042,Oberndorf,32464128.553422045,7,Water,water,water,604564.5180799068,0.018622539554236074
03352043,Odisheim,13582666.151718097,7,Water,water,water,71315.11666190857,0.00525045052755624
03359032,Mittelnkirchen,6941695.411593951,7,Water,water,water,23083.060200223645,0.003325277015420548
03352044,Osten,47849840.1291706,7,Water,water,water,240013.710984824,0.005015977280946127
03359033,Neuenkirchen,8152226.686350301,7,Water,water,water,52262.90873168179,0.0064108753034540005
03352045,Osterbruch,10521142.056641445,7,Water,water,water,83773.24788210574,0.007962372091461696
03359034,Nottensdorf,6984233.280373003,7,Water,water,water,69503.6588107399,0.009951508779934103
03352046,Otterndorf,33956318.90340103,7,Water,water,water,943103.2630961252,0.02777401360197689
01051024,Eddelak,9422591.509592954,7,Water,water,water,0,0
03359035,Oederquart,37724566.29746619,7,Water,water,water,39877.12437935804,0.0010570598496724517
12065180,Leegebruch,6196386.074688744,7,Water,water,water,47170.95823206758,0.007612656419966064
03359038,Stade,100012094.83540148,7,Water,water,water,1015096.8405789334,0.010149740811344525
03359039,Steinkirchen,8591791.077775855,7,Water,water,water,150275.4821179307,0.01749058848819591
14729260,Markkleeberg,31294371.481885165,7,Water,water,water,4832545.560191163,0.15442219579289188
13071156,Waren (Müritz),159864746.249927,7,Water,water,water,74178813.17229141,0.46400982650873396
13071159,Wesenberg,90112541.72905004,7,Water,water,water,6849556.569591733,0.07601113494486646
01051034,Friedrichskoog,52644739.12260729,7,Water,water,water,170496.21282038256,0.0032386182486972602
01051016,Burg (Dithmarschen),11374810.187515236,7,Water,water,water,796901.1013114728,0.07005840872721864
03352061,Wurster Nordseeküste,181747830.48425624,7,Water,water,water,1253745.928824988,0.00689827177295298
03352062,Geestland,355996953.8423922,7,Water,water,water,5869754.370782706,0.01648821515866503
03352063,Cadenberge,30845858.23362863,7,Water,water,water,1313875.8968521445,0.04259488865249782
01051021,Diekhusen-Fahrstedt,7528229.912736982,7,Water,water,water,0,0
01051022,Dingen,6798996.813680679,7,Water,water,water,3246.217898878386,4.774554228862811e-4
01051046,Helse,11771771.888879798,7,Water,water,water,4814.542098172453,4.089904343729689e-4
13071176,Südmüritz,69521651.59671196,7,Water,water,water,33270806.218350936,0.47856754628545795
01051051,Hochdonn,5461761.440063529,7,Water,water,water,382751.8798995024,0.070078469025013
15082301,Raguhn-Jeßnitz,97547663.79529916,7,Water,water,water,1111197.0921077814,0.011391324495885367
12065193,Liebenwalde,142108984.33563513,7,Water,water,water,2239905.7188756634,0.015761886761398707
12065198,Löwenberger Land,245462895.6625957,7,Water,water,water,2420389.6183206937,0.009860511144819511
14626060,Boxberg/O.L.,217157658.1790037,7,Water,water,water,17656857.922495622,0.08130893504083113
12070052,Breese,23853680.377576068,7,Water,water,water,13513.504389015934,5.665165364469066e-4
15087101,Brücken-Hackpfüffel,16744209.004627198,7,Water,water,water,10142.39633048083,6.057256169985705e-4
01051072,Marne,4805804.876825534,7,Water,water,water,3623.5996155658177,7.540047314528883e-4
01051073,Marnerdeich,1293267.715960469,7,Water,water,water,1571.8459393166434,0.0012154064621873616
01051076,Neufeld,10473403.63389396,7,Water,water,water,19522.980176379657,0.0018640530680207451
16068005,Büchel,6463514.723747343,7,Water,water,water,0,0
01051077,Neufelderkoog,9758328.39693758,7,Water,water,water,118067.17821997935,0.012099119174656177
01051057,Kaiser-Wilhelm-Koog,13218612.582973186,7,Water,water,water,0,0
16068009,Elxleben,12182387.021896468,7,Water,water,water,292401.0379473067,0.02400194948836782
12062024,Bad Liebenwerda,139221533.97102642,7,Water,water,water,2194612.895178078,0.01576345865887961
12069537,Rosenau,49729511.31494759,7,Water,water,water,0,0
03355042,Wittorf,12084300.577132616,7,Water,water,water,27014.89786466675,0.0022355367356376114
01051062,Kronprinzenkoog,28357505.18953096,7,Water,water,water,144716.0341877128,0.0051032710113419685
16068014,Gebesee,23929036.68319125,7,Water,water,water,20147.538176214373,8.419702992208977e-4
01051064,Kuden,11394487.396027938,7,Water,water,water,448674.9440802801,0.03937649220066591
03355049,Amt Neuhaus,237864004.5582604,7,Water,water,water,6913565.0802441,0.02906520090369852
14524150,Langenweißbach,22731716.17384742,7,Water,water,water,63694.37807525345,0.002802004810729298
14628270,Pirna,53425302.548493326,7,Water,water,water,2024780.217857813,0.037899274712014056
12069541,Roskow,39287218.17786935,7,Water,water,water,1280696.569234386,0.03259830114303709
15087125,Edersleben,9134917.8716069,7,Water,water,water,1914.2970668592325,2.0955821319524283e-4
12070060,Cumlosen,22136539.600718543,7,Water,water,water,1088971.0375067147,0.04919337245787807
01051090,Ramhusen,4807202.395817772,7,Water,water,water,0,0
03355032,Rullstorf,22705490.788275145,7,Water,water,water,2310.2607065402694,1.0174898785862235e-4
03355033,Scharnebeck,27037799.21691025,7,Water,water,water,517746.70604377484,0.019148995888687587
16068002,Andisleben,6730100.624243133,7,Water,water,water,0,0
14524180,Limbach-Oberfrohna,50092485.45446207,7,Water,water,water,423745.7314247143,0.008459267444613661
01051097,Sankt Michaelisdonn,23004753.334857874,7,Water,water,water,86591.2499380043,0.003764059048040181
12071372,Spremberg,202891853.28971308,7,Water,water,water,3739310.6171597806,0.018430067824459904
15090310,Klietz,66361888.75843367,7,Water,water,water,1465601.4972298779,0.022084987703783827
12072232,Luckenwalde,46648169.57139833,7,Water,water,water,39779.7795344059,8.527618532495712e-4
16068015,Griefstedt,5038003.124141913,7,Water,water,water,884.9193883156167,1.756488367534188e-4
15089305,Schönebeck (Elbe),86651504.83816189,7,Water,water,water,3282805.727103341,0.0378851554076828
12072240,Ludwigsfelde,110371846.037488,7,Water,water,water,1568588.127490189,0.014211850066885853
15087165,Gerbstedt,102354651.5951092,7,Water,water,water,143751.3040939048,0.0014044432945026376
12065100,Gransee,121765707.25394532,7,Water,water,water,3294228.252306929,0.027053825962976064
15089310,Staßfurt,147453642.098848,7,Water,water,water,1920704.3663575135,0.013025818413287734
16068049,Schwerstedt,12696792.66930464,7,Water,water,water,88500.0049606916,0.006970264638143331
14625120,Elsterheide,127662995.54836445,7,Water,water,water,28043387.679930814,0.21966731674650958
16068051,Sömmerda,87917087.60362361,7,Water,water,water,1102918.846590805,0.0125449884277712
01002000,Kiel,112723309.79272144,7,Water,water,water,3352267.962515049,0.02973890643097055
16068053,Straußfurt,21957904.249343578,7,Water,water,water,2181686.2257639463,0.09935767097760101
16068057,Walschleben,16861722.674348123,7,Water,water,water,500.2136663127603,2.966563238960984e-5
16068058,Weißensee,55402086.43048872,7,Water,water,water,50933.95206857856,9.19350792546122e-4
12061192,Groß Köris,69088656.33213338,7,Water,water,water,4483499.228105345,0.06489486792957143
03352004,Belum,25542530.37904467,7,Water,water,water,212973.86627988497,0.008338009708490381
03352008,Bülkau,22980760.30528494,7,Water,water,water,16959.247785909138,7.3797592249413e-4
12051000,Brandenburg an der Havel,229676220.47988737,7,Water,water,water,34351887.4132852,0.14956658265061176
16068044,Riethnordhausen,12507221.29377836,7,Water,water,water,223263.65941073568,0.017850780294564453
16068045,Ringleben,6612685.463937223,7,Water,water,water,0,0
03352011,Cuxhaven,161968595.94766963,7,Water,water,water,2086043.2333830385,0.012879306764238528
14522330,Lichtenau,49149615.820938915,7,Water,water,water,137933.6592129255,0.00280640360883884
16075062,Bad Lobenstein,49171760.81963101,7,Water,water,water,1079746.1858601347,0.021958664238622586
16068059,Werningshausen,12699180.881688392,7,Water,water,water,1100.0390357303554,8.662283386454939e-5
03352002,Armstorf,39634923.870285094,7,Water,water,water,203686.92581143283,0.005139077003857702
16075046,Hirschberg,24263319.632687926,7,Water,water,water,81009.76037021998,0.0033387748089128894
03352029,Lamstedt,52748696.2280303,7,Water,water,water,161474.68577012452,0.0030612071447619583
14522360,Mittweida,41127840.98173508,7,Water,water,water,1076417.6475141102,0.02617248126377819
16068062,Wundersleben,6943238.073568635,7,Water,water,water,2646.853835769165,3.812131757148224e-4
16068064,Kindelbrück,64497659.140878424,7,Water,water,water,40361.81916694353,6.257873495654098e-4
16071101,Ilmtal-Weinstraße,84670578.55677061,7,Water,water,water,46766.52546091172,5.523350171695747e-4
16075079,Paska,6513323.312807415,7,Water,water,water,396622.33437640703,0.060894003771701656
03352036,Mittelstenahe,33789268.79522018,7,Water,water,water,11166.894072033745,3.3048640796907124e-4
14625160,Großdubrau,54384025.184921,7,Water,water,water,2690691.5899151014,0.049475771253892895
14522350,Lunzenau,28121157.817220245,7,Water,water,water,414927.83069472696,0.014755005230995225
15091145,Jessen (Elster),354368138.6270962,7,Water,water,water,2216734.5550667797,0.00625545672264702
03352020,Hechthausen,30700812.16132706,7,Water,water,water,763740.6510673315,0.024876887525125277
03352022,Hemmoor,45136113.48845031,7,Water,water,water,920351.1275930862,0.020390571018672022
03352024,Hollnseth,20900774.153643504,7,Water,water,water,26128.843072695265,0.0012501375729252777
01051003,Averlak,9015229.290474849,7,Water,water,water,492097.3682850203,0.05458511951603403
03352025,Ihlienworth,40263231.48540739,7,Water,water,water,23285.299248064086,5.78326636710801e-4
15001000,Dessau-Roßlau,246351623.04511577,7,Water,water,water,5148270.773761,0.020898059083695047
14627310,Weinböhla,19129566.25464748,7,Water,water,water,55095.0548062993,0.002880099531421111
14521495,Pockau-Lengefeld,83505276.29702461,7,Water,water,water,1901899.0440846186,0.0227757948769566
12062410,Röderland,46885908.81827827,7,Water,water,water,206487.1206956883,0.004404033661712668
01051010,Brickeln,6016044.624081735,7,Water,water,water,28338.902008020377,0.004710553823783499
01051011,Brunsbüttel,49819003.98502033,7,Water,water,water,2499374.0208939975,0.05016908851982496
01051012,Buchholz,14556561.416269422,7,Water,water,water,327672.5477451738,0.02251029885251226
12070008,Bad Wilsnack,79705672.07947846,7,Water,water,water,289267.9684612446,0.0036292017984968653
15091160,Kemberg,237161020.8747511,7,Water,water,water,4030228.1353964787,0.016993636308914834
16064003,Bad Langensalza,128346753.40334764,7,Water,water,water,24020.20607590427,1.871508662195561e-4
16064004,Bad Tennstedt,27487298.077159584,7,Water,water,water,10543.557698223529,3.835792688181542e-4
16064005,Ballhausen,14758485.728867829,7,Water,water,water,6949.872614312188,4.709068899066066e-4
01058075,Hörsten,8835364.60918665,7,Water,water,water,562864.2807138192,0.06370583508558052
12061572,Zeuthen,13420943.976093616,7,Water,water,water,1258082.9649171801,0.09374027394482616
15083120,Burgstall,117254993.91869847,7,Water,water,water,0,0
12071301,Neuhausen/Spree,135095830.3552456,7,Water,water,water,4734808.832552973,0.0350477791957191
12061112,Eichwalde,2832709.8299547434,7,Water,water,water,38223.591700199395,0.013493648836178209
15083125,Calvörde,122650835.84860626,7,Water,water,water,1194550.3950645777,0.009739439497494073
14521035,Aue-Bad Schlema,36185659.69923068,7,Water,water,water,129421.36934665708,0.0035765927835055785
14628210,Königstein/Sächs.Schw.,27282672.13891542,7,Water,water,water,891944.7485767091,0.03269271954136993
14730180,Löbnitz,37284402.757531345,7,Water,water,water,6218347.43644774,0.16678146829619392
16075098,Schleiz,108245226.3545657,7,Water,water,water,2297914.235672319,0.021228781287271934
14627360,Zeithain,81605776.3716208,7,Water,water,water,2045309.2724160342,0.025063290410987503
12062464,Schraden,16551361.52234092,7,Water,water,water,0,0
16053000,Jena,114776189.22505067,7,Water,water,water,557528.3570413942,0.004857526293613083
16064022,Herbsleben,25017104.631884605,7,Water,water,water,357225.1041823846,0.014279234525289425
03355003,Artlenburg,11787911.580612302,7,Water,water,water,1049718.5504075773,0.08905042621239712
03355004,Bardowick,23127933.12518663,7,Water,water,water,87234.13856153269,0.003771808664844916
12062453,Schönborn,38929792.26194864,7,Water,water,water,712442.7713093925,0.018300708272870992
15084025,Balgstädt,32848242.337743822,7,Water,water,water,41843.055141954785,0.0012738293486673287
01061101,Sommerland,19077815.414614964,7,Water,water,water,7725.500119744223,4.0494679038701365e-4
16064019,Großvargula,15214475.91359024,7,Water,water,water,0,0
12067288,Langewahl,13380797.535019713,7,Water,water,water,200345.4578392492,0.014972609615750684
01061102,Stördorf,7208056.0397156,7,Water,water,water,156251.86467829533,0.021677393158067118
01061103,Störkathen,2005973.5893690065,7,Water,water,water,0,0
01061104,Süderau,9136918.75002405,7,Water,water,water,1108.4780749306765,1.2131858728937024e-4
01061105,Vaale,14927650.039076356,7,Water,water,water,12261.39160745279,8.213879328196965e-4
03355018,Hittbergen,14690458.487502694,7,Water,water,water,773390.8537838454,0.05264579416917287
01061106,Vaalermoor,6202368.1675856095,7,Water,water,water,0,0
03355019,Hohnstorf (Elbe),10232542.832744556,7,Water,water,water,1000040.9270759901,0.09773141861432705
01061109,Westermoor,9361103.215152033,7,Water,water,water,88256.25429864667,0.00942797577061149
12062461,Schönewalde,156495738.43898296,7,Water,water,water,173970.77718939498,0.0011116646301344841
03355021,Lüdersburg,19123323.277192023,7,Water,water,water,109632.09468218996,0.005732899721093237
03355022,Lüneburg,71033121.37965915,7,Water,water,water,674803.9423878022,0.009499849215144265
01061110,Wewelsfleth,17434047.597677477,7,Water,water,water,611914.0602542033,0.035098794862514944
03355024,Melbeck,16191367.481679091,7,Water,water,water,13087.689111519318,8.083127707606132e-4
03355026,Neetze,26931703.774280805,7,Water,water,water,399.54011827414337,1.4835307918977467e-5
12071341,Schmogrow-Fehrow,30425558.583853245,7,Water,water,water,50080.77767139277,0.0016460101310340606
03355028,Radbruch,22502434.334318295,7,Water,water,water,21737.559696357937,9.66009249195148e-4
03355007,Barum,9859128.19252681,7,Water,water,water,131744.18762402784,0.013362660982934529
03355009,Bleckede,140428645.90070593,7,Water,water,water,5875040.089751633,0.041836478961035824
13071077,Klink,25077178.987248123,7,Water,water,water,9632766.292618515,0.38412479719177456
15085365,Wegeleben,51803398.39313342,7,Water,water,water,952929.8226730967,0.01839512179184384
03355011,Brietlingen,19952780.234822452,7,Water,water,water,292660.2033422212,0.014667640293629757
03355014,Deutsch Evern,11067871.539230255,7,Water,water,water,15551.368378916572,0.001405091152693134
03355015,Echem,10383318.339279251,7,Water,water,water,83912.72796811983,0.008081494299436508
03355017,Handorf,9845690.275817502,7,Water,water,water,95622.55271695185,0.009712122770286125
13071069,Jabel,79860158.60251059,7,Water,water,water,21389240.44436504,0.26783368351202624
01061112,Willenscharen,7589153.329741799,7,Water,water,water,35445.965504705935,0.004670608691722386
01061113,Wilster,2755912.6525660716,7,Water,water,water,3582.197910031743,0.0012998227308460974
01061114,Winseldorf,5442342.502822228,7,Water,water,water,34715.40580508656,0.006378761679751732
01061115,Wittenbergen,4565265.492505508,7,Water,water,water,100517.2923335748,0.022017841568817267
01061116,Wrist,10045281.12016296,7,Water,water,water,5236.30825859688,5.212704548493445e-4
01061117,Wulfsmoor,8798835.287076786,7,Water,water,water,314.16614775203743,3.57054243546832e-5
01061118,Kollmar,25531602.062536076,7,Water,water,water,137366.05753097194,0.00538023650825017
01061119,Neuendorf-Sachsenbande,19409666.285051152,7,Water,water,water,119.72138080204908,6.168131849554547e-6
14522300,Kriebstein,31209092.964952536,7,Water,water,water,583518.185528892,0.018697056854044953
01058007,Arpsdorf,12052928.258576203,7,Water,water,water,765.6318016310215,6.352247231590712e-5
16074112,Wichmar,5198804.2403446855,7,Water,water,water,105162.42782348307,0.020228195362191732
15090220,Hassel,20426442.347355027,7,Water,water,water,202493.906810255,0.009913322318532647
12061510,Unterspreewald,26090958.937346227,7,Water,water,water,86708.58158774304,0.0033233190775379903
13071093,Malchow,45040461.49018636,7,Water,water,water,6795676.371181149,0.1508793681579356
15090225,Havelberg,150161438.5532544,7,Water,water,water,4280153.0235833125,0.028503676208891448
14625570,Spreetal,109091756.93335482,7,Water,water,water,11627026.678000089,0.10658024955178921
15091110,Gräfenhainichen,160149892.23009607,7,Water,water,water,9260330.067839483,0.057822892909191986
14522320,Leubsdorf,34311583.95952025,7,Water,water,water,100072.74997312424,0.0029165878815500617
15082241,Muldestausee,138658706.97638956,7,Water,water,water,17779985.512592733,0.12822840988716463
12070424,Wittenberge,50422521.378002,7,Water,water,water,2599192.20992834,0.051548239534532636
14524080,Glauchau,52051737.980342254,7,Water,water,water,464410.12711368955,0.008922086853066802
01058024,Borgstedt,9109666.740652576,7,Water,water,water,324481.4226863181,0.035619461383619586
16075035,Gössitz,12742099.08847928,7,Water,water,water,773140.0608596182,0.06067603583138431
01058026,Bovenau,26323947.191626538,7,Water,water,water,765424.2142178523,0.029077106432629844
01058029,Breiholz,18562396.11933431,7,Water,water,water,1366654.2638322888,0.0736248841499941
01058009,Aukrug,49904592.123153016,7,Water,water,water,216086.22693545424,0.004329986835724522
15083557,Westheide,51253854.469688304,7,Water,water,water,43934.75877123354,8.571991165506722e-4
14522310,Leisnig,78127693.60088934,7,Water,water,water,766573.5489916531,0.00981180313484804
12070416,Weisen,15519249.70929966,7,Water,water,water,451.9991743772794,2.9125066149713812e-5
16075023,Eßbach,5443529.330009976,7,Water,water,water,48960.75019842336,0.008994302635333394
11000000,Berlin,893023743.1274061,7,Water,water,water,51791600.30671717,0.057995770779106996
15090245,Hohenberg-Krusemark,63950074.736398935,7,Water,water,water,994085.9534994997,0.015544719182848561
12069460,Päwesin,23664940.770002447,7,Water,water,water,883856.4469775818,0.037348770722382435
14730120,Elsnig,37026728.72282651,7,Water,water,water,640211.0044528749,0.01729050949235472
12067201,Grünheide (Mark),126594762.92223091,7,Water,water,water,3886771.9857261446,0.030702470592040586
15089235,Nienburg (Saale),79383374.10226241,7,Water,water,water,998776.6622155448,0.012581685693139113
01058044,Ehndorf,14678370.184088688,7,Water,water,water,131586.18890906806,0.008964632125963625
15087055,Berga,25953198.57920447,7,Water,water,water,3514877.1059040762,0.13543136485382742
12069454,Nuthetal,48492811.13124999,7,Water,water,water,92783.98633312543,0.001913355488548551
14524090,Hartenstein,36873390.54000072,7,Water,water,water,84483.71062593051,0.0022911836798485217
14730110,Eilenburg,46790885.02567576,7,Water,water,water,455070.37565812294,0.00972562018026396
15089245,Plötzkau,23962093.80644673,7,Water,water,water,469481.1302484477,0.01959265889035703
15082256,Osternienburger Land,140361657.66805235,7,Water,water,water,2356007.347099615,0.016785263057176508
15083580,Zielitz,11433584.155043542,7,Water,water,water,46004.143322119235,0.004023597736132991
01058034,Büdelsdorf,6463502.891730439,7,Water,water,water,600268.3532117928,0.0928704393371264
01058035,Bünsdorf,13321317.89180483,7,Water,water,water,772300.643294816,0.05797479270199905
12054000,Potsdam,187155026.6169255,7,Water,water,water,18140162.535270277,0.0969258633507082
15083565,Wolmirstedt,54729728.17133828,7,Water,water,water,1276590.5167572359,0.023325358254305758
15084445,Schönburg,14798621.05160239,7,Water,water,water,205053.77907338392,0.013856276092101215
14729100,Elstertrebnitz,11624845.86654578,7,Water,water,water,84256.81267542488,0.007247993964195333
14730140,Jesewitz,52617272.90102957,7,Water,water,water,236204.73502918758,0.004489110172499375
12061540,Wildau,8874288.783778869,7,Water,water,water,171114.0714591809,0.019282003958667294
15083115,Bülstringen,25524334.42581953,7,Water,water,water,457446.4012417485,0.01792197177839088
16071015,Eberstedt,4115704.6694074017,7,Water,water,water,2761.699041898491,6.710148719918073e-4
15090285,Kamern,68271652.2899516,7,Water,water,water,940321.2944327227,0.013773231830381844
12069028,Bensdorf,34343518.53523056,7,Water,water,water,354437.55307669926,0.010320362274852737
14730160,Laußig,103823560.27216558,7,Water,water,water,1410876.40521409,0.01358917380135669
16071001,Apolda,46276500.00416577,7,Water,water,water,41933.43368318501,9.061496370600672e-4
16071003,Bad Berka,54593402.287365526,7,Water,water,water,97457.68737357849,0.0017851550423728215
16071004,Bad Sulza,93949547.55477688,7,Water,water,water,70079.80040843683,7.459301532833578e-4
15090270,Iden,37826011.59551551,7,Water,water,water,533037.1463142055,0.014091814701854532
16071009,Buchfart,7263662.231930096,7,Water,water,water,173.0773310192444,2.382783305347259e-5
12065036,Birkenwerder,17775945.98677081,7,Water,water,water,110426.41012965175,0.0062121256563129265
13071001,Alt Schwerin,44381761.02719912,7,Water,water,water,17475686.70259424,0.39375829841191656
12069017,Beelitz,181455267.83634016,7,Water,water,water,1045825.5264713401,0.005763544585625373
12069018,Beetzsee,21334744.806759752,7,Water,water,water,678569.2003865715,0.03180582690501983
12069019,Beetzseeheide,37603644.4417689,7,Water,water,water,507825.5923988596,0.013504690833497606
16071031,Hetschburg,2806792.266105883,7,Water,water,water,0,0
13071036,Fünfseen,51514717.33507943,7,Water,water,water,1352222.7058997876,0.026249250230845754
16071022,Großheringen,6057917.431900784,7,Water,water,water,74278.21867847668,0.01226134550585489
15090610,Werben (Elbe),53294556.63491746,7,Water,water,water,3050154.4748813026,0.05723200768468174
14729170,Groitzsch,70102504.26428947,7,Water,water,water,2427887.896360244,0.03463339750612905
16071056,Mellingen,14402466.832059782,7,Water,water,water,14292.283294906974,9.923496760355288e-4
12065084,Fürstenberg/Havel,214561334.25998983,7,Water,water,water,13447859.53468851,0.06267606221348983
14729160,Grimma,218262734.2336526,7,Water,water,water,2689479.907584189,0.012322213029298314
12063244,Premnitz,46200413.25616827,7,Water,water,water,859322.0841681387,0.01859987873708921
12063228,Paulinenaue,31721999.89801838,7,Water,water,water,0,0
15090631,Wust-Fischbeck,68361806.37525818,7,Water,water,water,179137.02471791845,0.002620425559479548
14522290,Königshain-Wiederau,31122770.43727965,7,Water,water,water,20144.805921205803,6.472690457233794e-4
15090635,Zehrental,72718261.80264291,7,Water,water,water,36577.76304683348,5.030065645147761e-4
13071043,Göhren-Lebbin,41562504.55205552,7,Water,water,water,4067979.2929996275,0.0978761827960736
13071045,Gotthun,10031714.719820186,7,Water,water,water,1495548.8177623483,0.14908207216135383
15088305,Querfurt,156684041.7985942,7,Water,water,water,183970.4037423334,0.0011741489537193189
15086145,Möser,81009143.90285742,7,Water,water,water,1851311.6256610698,0.0228531192464036
12063260,Rhinow,31837856.508433804,7,Water,water,water,45347.05522882966,0.0014243124444265677
16071064,Niedertrebra,9012958.996060198,7,Water,water,water,5745.567289825047,6.374784676526972e-4
12060198,Schorfheide,238606548.50860944,7,Water,water,water,4487264.122674272,0.018806123095621418
16071069,Obertrebra,3324050.15367275,7,Water,water,water,0,0
15087015,Allstedt,149497962.79355845,7,Water,water,water,234534.6447106397,0.0015688149880310296
16071071,Oettern,3602385.033769388,7,Water,water,water,7080.63192094853,0.001965540011568293
12063252,Rathenow,113331297.0500876,7,Water,water,water,2836108.3300082376,0.02502493489291664
16067067,Tonna,30540085.398235098,7,Water,water,water,11550.912530940841,3.7822135663079595e-4
14627270,Strehla,30423270.693645723,7,Water,water,water,829524.2978206155,0.02726611172656962
15088330,Schkopau,99688497.68444872,7,Water,water,water,8402840.39181892,0.08429097224854411
15085285,Schwanebeck,32944606.57600601,7,Water,water,water,4905.396786067766,1.4889832649088092e-4
12066304,Senftenberg,128211122.853599,7,Water,water,water,28287406.33563095,0.22063145307549967
15088319,Salzatal,110097013.90878391,7,Water,water,water,868506.9527075551,0.007888560478371547
12061061,Byhleguhre-Byhlen,35807579.871736184,7,Water,water,water,1451306.3837815514,0.040530702967923944
12063274,Seeblick,48592905.63152763,7,Water,water,water,4392765.792621928,0.09039932343069955
14524050,Dennheritz,13034982.459386006,7,Water,water,water,3446.861317039112,2.6443160378456475e-4
12068109,Dreetz,64804566.76798928,7,Water,water,water,807588.4502264963,0.012461906475168521
15085287,Selke-Aue,36645534.96901242,7,Water,water,water,18861.81341138588,5.147097300485719e-4
14628160,Heidenau,10960781.690978736,7,Water,water,water,201689.87824037197,0.018401048750598937
12068117,Fehrbellin,269809478.4721361,7,Water,water,water,4418927.5820298465,0.016377955315184378
12063293,Stechow-Ferchesar,51169638.88332954,7,Water,water,water,885628.5590954717,0.017307696095232732
12066316,Tettau,8945355.58874562,7,Water,water,water,0,0
14522220,Großweitzschen,44373569.65298103,7,Water,water,water,151252.55823356417,0.003408618225137607
01053111,Schnakenbek,12863118.632286277,7,Water,water,water,1226976.090164612,0.09538713940528516
12066320,Vetschau/Spreewald,111737275.9909628,7,Water,water,water,5852987.612034569,0.05238169232358906
01061068,Moordiek,6108671.251558565,7,Water,water,water,0,0
14522210,Großschirma,60840797.64450919,7,Water,water,water,57180.42011884533,9.398367926230796e-4
15088365,Teutschenthal,91010959.29253116,7,Water,water,water,554046.2930784795,0.006087687651963333
01061070,Moorhusen,4680819.072597697,7,Water,water,water,80.38299157862961,1.7172847386733056e-5
01061071,Mühlenbarbek,8689034.400647178,7,Water,water,water,82638.02822935456,0.009510611239287935
01061072,Münsterdorf,5127199.219461409,7,Water,water,water,104351.885195426,0.02035260982240275
01061073,Neuenbrook,14553179.083359554,7,Water,water,water,8467.923720360615,5.81860751651372e-4
01061074,Neuendorf b.Elmshorn,14969481.54662961,7,Water,water,water,112944.20367680785,0.007544964287840505
01061077,Nortorf,19760226.625098795,7,Water,water,water,1204.5287798223676,6.095723509022991e-5
01061056,Kremperheide,3909952.916742796,7,Water,water,water,65848.74821791747,0.016841314875160458
01061057,Krempermoor,1590372.9546691887,7,Water,water,water,28115.379225659744,0.017678481731669027
01061058,Kronsmoor,6061000.773229629,7,Water,water,water,54868.46420506667,0.009052707012909651
01061059,Krummendiek,1777580.5175996495,7,Water,water,water,0,0
01053132,Witzeeze,10490476.35354798,7,Water,water,water,500293.24534193776,0.047690231451952496
01061060,Kudensee,3058946.5437029824,7,Water,water,water,301320.97720147885,0.09850481951760989
01061061,Lägerdorf,6017422.051195726,7,Water,water,water,155027.2691875821,0.025763070608746236
01061062,Landrecht,3973769.81040807,7,Water,water,water,9492.52018605466,0.002388794680857436
12070348,Rühstädt,28839856.53516522,7,Water,water,water,1897315.247405619,0.0657879572005558
01061063,Landscheide,7471946.212688744,7,Water,water,water,20356.70844650051,0.00272441849379631
01061065,Lohbarbek,6187044.975900173,7,Water,water,water,95658.5612117267,0.01546110648691527
01061089,Rade,3867472.471191589,7,Water,water,water,3186.595883133427,8.239479160795732e-4
16052000,Gera,152278976.54911166,7,Water,water,water,399384.4506084177,0.0026227156214148296
15087412,Südharz,237698062.06504953,7,Water,water,water,610741.3854024525,0.0025693999357694146
15091020,Bad Schmiedeberg,161264283.8893097,7,Water,water,water,1177222.3316165498,0.0072999569602441175
01061092,Rethwisch,9857483.889929311,7,Water,water,water,52004.40465726163,0.005275626644481846
01061093,Rosdorf,5564646.35937899,7,Water,water,water,17820.665922770684,0.0032024795057703282
01061095,Sankt Margarethen,10907148.485725673,7,Water,water,water,63795.413112118644,0.00584895430694911
01061096,Sarlhusen,10855186.839878488,7,Water,water,water,120741.82980826333,0.01112296191574487
01061078,Nutteln,6927739.898304315,7,Water,water,water,2787.118101210006,4.023127516511123e-4
01061079,Oelixdorf,10421112.12352709,7,Water,water,water,226836.85634581334,0.021767048819453544
16074087,Schöps,4478794.546624605,7,Water,water,water,51344.63876860579,0.011463941521341078
01061080,Oeschebüttel,5524785.212854512,7,Water,water,water,74752.07019723157,0.013530312458718939
01061082,Oldendorf,9939945.078587117,7,Water,water,water,88144.25254408918,0.008867680037183684
14523100,Elsterberg,25111355.614682466,7,Water,water,water,118395.39752583999,0.004714815055887101
01061083,Ottenbüttel,9884525.83306927,7,Water,water,water,8682.36080210977,8.783790895727557e-4
01061088,Quarnstedt,10544249.879197149,7,Water,water,water,2157.1360604641714,2.0457937598007857e-4
14522250,Hartha,54327358.423452094,7,Water,water,water,163931.50547926157,0.003017476097429678
16074092,Silbitz,11499154.90325085,7,Water,water,water,47343.161681668105,0.004117099219898676
15091060,Coswig (Anhalt),297144551.46010095,7,Water,water,water,2134502.5136509314,0.0071833809610927415
16074095,Sulza,4005551.924623769,7,Water,water,water,2443.473425433481,6.100216577926375e-4
03354007,Gorleben,21487097.67770413,7,Water,water,water,638236.0767495567,0.029703224061377816
16074079,Rothenstein,10579228.724550435,7,Water,water,water,74447.93895464203,0.0070371802040612086
03354008,Gusborn,48491376.01329376,7,Water,water,water,396484.8725421224,0.00817639970524712
03354009,Hitzacker (Elbe),58662905.24018873,7,Water,water,water,1925023.1348596832,0.03281499828516659
12061450,Schwielochsee,132472887.78208888,7,Water,water,water,12360753.41195794,0.09330779768529503
14627210,Radebeul,26133003.26302892,7,Water,water,water,373757.24214681576,0.01430211592540458
12061476,Straupitz (Spreewald),21807438.76537854,7,Water,water,water,68297.25022078688,0.0031318327179813295
15087440,Wallhausen,35283068.20538191,7,Water,water,water,136053.55014941932,0.0038560577939949782
14522280,Königsfeld,28243183.274728227,7,Water,water,water,359185.0537891784,0.012717583931503015
03354010,Höhbeck,19520250.879640423,7,Water,water,water,1316034.5945795646,0.06741893855227986
03354011,Jameln,36188107.745241165,7,Water,water,water,17542.436196591203,4.8475693507069544e-4
03354014,Langendorf,41002820.836602144,7,Water,water,water,1632935.4759242404,0.03982495454231192
03354016,Luckau (Wendland),22416424.025399774,7,Water,water,water,0,0
12063202,Mühlenberge,39770693.247935206,7,Water,water,water,109149.6419737181,0.002744474211029371
12063208,Nauen,268850815.32388854,7,Water,water,water,779085.8319123033,0.002897836969449868
14627240,Röderaue,28587286.228672177,7,Water,water,water,1179718.6249653746,0.041267247808298525
15084355,Naumburg (Saale),130246898.55399118,7,Water,water,water,940839.8442928154,0.007223510538355042
03354003,Damnatz,16373217.86950717,7,Water,water,water,1421360.4896006975,0.0868100883362569
03354004,Dannenberg (Elbe),76606140.51296881,7,Water,water,water,1070324.6233801802,0.013971786285186666
03354005,Gartow,28379982.980693057,7,Water,water,water,1178714.9375418173,0.04153332080374039
15085235,Quedlinburg,120983155.29039924,7,Water,water,water,124130.16920340249,0.0010260120006413238
14730050,Cavertitz,69220466.02350149,7,Water,water,water,328346.47998101055,0.004743488434035268
15083040,Barleben,29937548.52855949,7,Water,water,water,1393172.0481544365,0.046535942875395885
14627230,Riesa,58836632.3652918,7,Water,water,water,771083.3838577075,0.013105498273089058
15090180,Goldbeck,26869771.03254754,7,Water,water,water,742.6245122593336,2.7637917396459665e-5
12068501,Zernitz-Lohm,37687852.18660619,7,Water,water,water,12742.537856654308,3.3810729763960527e-4
15083025,Am Großen Bruch,50707174.69812584,7,Water,water,water,94981.93417660941,0.0018731458564209848
15084360,Nebra (Unstrut),25379985.68486453,7,Water,water,water,173449.04190192727,0.006834087459921792
12062336,Merzdorf,12885550.65448653,7,Water,water,water,399.1240813338943,3.0974545988449946e-5
03354018,Lüchow (Wendland),89200599.56913269,7,Water,water,water,256556.63735343496,0.0028761761534416277
03354019,Neu Darchau,22822226.923656836,7,Water,water,water,1500928.996309775,0.06576610605663363
14730080,Doberschütz,78522800.17792132,7,Water,water,water,1819789.230831494,0.0231752971965864
15083030,Angern,64369450.01342427,7,Water,water,water,738896.6001303769,0.011478995081925972
12061005,Alt Zauche-Wußwerk,33217688.632056132,7,Water,water,water,43972.163783183125,0.001323757479644402
12062341,Mühlberg/Elbe,89217010.01475386,7,Water,water,water,3989960.9083088874,0.0447219751889137
03354021,Schnackenburg,23312685.213564605,7,Water,water,water,1519974.791792236,0.06519947307090265
03354023,Trebel,66885570.687104,7,Water,water,water,144707.66355329106,0.00216351093467147
03354025,Woltersdorf,28139327.344712503,7,Water,water,water,1444.3448547811713,5.1328336213856574e-5
03354026,Wustrow (Wendland),30140763.21883206,7,Water,water,water,134945.8020727339,0.004477185965497359
14730070,Delitzsch,86307257.04627408,7,Water,water,water,3800572.536060054,0.04403537623750871
12062372,Plessa,52604423.31437394,7,Water,water,water,638838.4048336144,0.012144195574881523
15089195,Könnern,125584535.190158,7,Water,water,water,2116620.493143275,0.016854149198691732
01061002,Aebtissinwisch,3017954.687980104,7,Water,water,water,19886.310987874665,0.006589333851524602
01061004,Altenmoor,6303190.452100348,7,Water,water,water,0,0
01061005,Auufer,5175700.841648946,7,Water,water,water,7947.153911074591,0.0015354739684959608
01061006,Bahrenfleth,14412558.097565915,7,Water,water,water,363961.288578358,0.025253066535067505
01061007,Beidenfleth,13763809.553679705,7,Water,water,water,492861.58423337573,0.03580851524508424
01061008,Bekdorf,1804980.153221052,7,Water,water,water,0,0
12067173,Gosen-Neu Zittau,14508968.214323394,7,Water,water,water,113601.7017559597,0.00782975743539165
14730090,Dommitzsch,30367421.9184372,7,Water,water,water,486876.7691615504,0.016032864774271446
01061010,Bekmünde,2884956.648364786,7,Water,water,water,40923.877521003385,0.014185266022697197
14729080,Colditz,84960356.61379237,7,Water,water,water,976963.976613063,0.011499056919618247
01061023,Dammfleth,16414283.396460213,7,Water,water,water,3457.1917523013176,2.1062093719223046e-4
01061025,Ecklak,15564303.833381224,7,Water,water,water,126259.33860910642,0.008112109604177365
01061026,Elskop,7139433.837334432,7,Water,water,water,0,0
01061027,Engelbrechtsche Wildnis,4948062.574385632,7,Water,water,water,3226.7738780658738,6.521287533366575e-4
01061028,Fitzbek,10280687.149251789,7,Water,water,water,24916.25540698572,0.00242359825226265
01061029,Glückstadt,12678390.330867872,7,Water,water,water,1213066.5246000453,0.09567985311562871
15083411,Oebisfelde-Weferlingen,249748943.06491017,7,Water,water,water,1580613.7819620734,0.006328810695111807
15083415,Oschersleben (Bode),190122971.0361817,7,Water,water,water,88446.601411201,4.65207338856329e-4
01061030,Grevenkop,9381940.665316354,7,Water,water,water,2694.0002269311367,2.8714743815109133e-4
01061031,Gribbohm,13124852.1025901,7,Water,water,water,146535.6857427121,0.01116474948420899
01061012,Blomesche Wildnis,6811958.584425703,7,Water,water,water,4348.631872972823,6.383820187802043e-4
01061014,Bokhorst,5935893.503578946,7,Water,water,water,828.3215162580508,1.3954453794675197e-4
01061015,Borsfleth,13863126.116998916,7,Water,water,water,501940.0991097061,0.03620684792690654
01061016,Breitenberg,3040914.9994391776,7,Water,water,water,84491.4545125432,0.02778487873818426
01061017,Breitenburg,10201455.348516174,7,Water,water,water,2497780.5020026905,0.24484550651549916
01061018,Brokdorf,13446795.435945112,7,Water,water,water,76926.79016548666,0.005720826983048384
01061019,Brokstedt,12484752.215123676,7,Water,water,water,1296.951835658765,1.038828655395879e-4
09475137,Issigau,18596345.910315827,7,Water,water,water,49723.913344987806,0.0026738539702794405
16074021,Freienorla,6875684.033086091,7,Water,water,water,17707.850763121078,0.0025754311393470274
15081240,Kalbe (Milde),273388307.4703249,7,Water,water,water,95047.51328490936,3.476648806395144e-4
16074026,Golmsdorf,7655135.661109284,7,Water,water,water,13336.844741803476,0.001742208803634823
12070302,Plattenburg,201744714.0452659,7,Water,water,water,613671.9553851301,0.0030418242098151785
01061020,Büttel,8886535.238290718,7,Water,water,water,61797.915541950155,0.006954106846465022
01061022,Dägeling,7543247.842716182,7,Water,water,water,39076.32341469255,0.005180304854019208
01061045,Huje,5545814.916863242,7,Water,water,water,72449.47264457268,0.01306381004967809
01061046,Itzehoe,28545803.234764636,7,Water,water,water,448813.39127970964,0.01572257006007525
09475141,Köditz,31325664.77167897,7,Water,water,water,167529.79632052063,0.005348004504982816
01061047,Kaaks,8663514.743060235,7,Water,water,water,9759.472435108846,0.0011265026637054562
01061049,Kellinghusen,18788158.45652374,7,Water,water,water,158638.6828253198,0.008443546140640319
16074031,Großeutersdorf,3439448.316952914,7,Water,water,water,34327.52032143688,0.009980530933474941
16074011,Dornburg-Camburg,30961731.808613583,7,Water,water,water,414334.7944625188,0.013382158240491266
16074012,Crossen an der Elster,10711833.845222116,7,Water,water,water,47509.12457731055,0.0044351999166325215
01061050,Kiebitzreihe,8531272.58562138,7,Water,water,water,0,0
01061052,Kleve,5622212.487007845,7,Water,water,water,1700.8592436149338,3.0252489523392863e-4
01061053,Kollmoor,3444772.431979671,7,Water,water,water,128543.66822531856,0.03731557621396952
01061054,Krempdorf,5458884.746939462,7,Water,water,water,333.3406434093261,6.106387272532442e-5
01061055,Krempe,3545808.7927399576,7,Water,water,water,7213.8304622410005,0.002034466854786788
01061034,Heiligenstedten,9185592.307542931,7,Water,water,water,303914.6844738459,0.03308601931138184
01061035,Heiligenstedtenerkamp,865796.5194304921,7,Water,water,water,0,0
01061037,Herzhorn,12547301.271520017,7,Water,water,water,100.04844417131608,7.973702233356505e-6
01061039,Hodorf,7386965.988380481,7,Water,water,water,349327.4988125037,0.04728971263195031
15091010,Annaburg,226706298.19601935,7,Water,water,water,2430273.2156772753,0.010719919274478929
16074044,Kahla,7954908.001113277,7,Water,water,water,123392.62891821378,0.015511509234417945
16074048,Kleineutersdorf,5347715.600111255,7,Water,water,water,48549.78480937296,0.009078602610872373
01061040,Hohenaspe,14151459.028506964,7,Water,water,water,6486.970551520331,0.00045839588260495657
01061041,Hohenfelde,17807054.12885916,7,Water,water,water,323886.9965243166,0.018188690514474616
01061044,Horst (Holstein),29036205.72677198,7,Water,water,water,30706.66760593147,0.0010575303087076316
12073384,Lychen,112161498.79904152,7,Water,water,water,9770240.384899328,0.08710868247583385
16074033,Großpürschütz,3845736.107504349,7,Water,water,water,46472.35585386346,0.012084125003579931
15086080,Jerichow,271871166.0115402,7,Water,water,water,2955061.8731277343,0.010869346376372624
15083440,Rogätz,24049686.691628017,7,Water,water,water,1021279.6365369919,0.04246540296479254
16074065,Orlamünde,7560729.246217439,7,Water,water,water,58754.71364800708,0.007771037916402244
09475181,Töpen,20760821.23068345,7,Water,water,water,35981.80369101312,0.001733158977248637
14730020,Bad Düben,45760284.73030639,7,Water,water,water,381773.47655349475,0.008342899936124122
12061428,Schlepzig,30568354.692797564,7,Water,water,water,1495866.6147312634,0.048935136672034085
15090135,Eichstedt (Altmark),33096927.482174885,7,Water,water,water,0,0
15084315,Lützen,97101429.97719347,7,Water,water,water,235245.29010848395,0.002422675857232347
14730010,Arzberg,58766112.040497184,7,Water,water,water,692962.5212078079,0.011791872852338271
16074063,Neuengönna,6143386.212843794,7,Water,water,water,86990.576205065,0.01416003702049472
15088295,Petersberg,102979201.83064786,7,Water,water,water,249879.1043796383,0.00242650069079552
12067124,Erkner,17720248.5899029,7,Water,water,water,1224747.3830414799,0.06911569986322584
15089130,Giersleben,19957180.33831095,7,Water,water,water,511.38591350745446,2.562415656112345e-5
12068052,Breddin,44834002.062274136,7,Water,water,water,906.7944124063154,2.022559599178284e-5
14730045,Belgern-Schildau,159176175.1877344,7,Water,water,water,2130079.9658640614,0.013381901929430194
12066272,Ruhland,37189312.92102806,7,Water,water,water,19609.64865056773,5.272925770962493e-4
14729030,Bennewitz,46878836.64596784,7,Water,water,water,905210.462669782,0.019309576078135063
14730030,Beilrode,93254227.22893988,7,Water,water,water,741766.3457026177,0.007954238298298
15089165,Güsten,36360530.25389707,7,Water,water,water,23917.05119202477,6.577750936253569e-4
03357057,Zeven,74062264.05971542,7,Water,water,water,144463.18776836075,0.001950564023426046
15090500,Schönhausen (Elbe),74543683.28672162,7,Water,water,water,936944.192971364,0.012569062215071158
14522600,Zettlitz,15613710.21278385,7,Water,water,water,38524.30788492861,0.002467338471120498
12067144,Fürstenwalde/Spree,70607103.70768166,7,Water,water,water,1247612.0048771522,0.017669780225547178
12066292,Schwarzbach,16003257.327448731,7,Water,water,water,1212.8432346774043,7.57872731695153e-5
12066296,Schwarzheide,33551212.206033006,7,Water,water,water,1367431.1048688244,0.040756533518718586
14729050,Borna,62812956.61812812,7,Water,water,water,7794756.274451955,0.1240947201680099
15089185,Ilberstedt,14814473.70554787,7,Water,water,water,0,0
09464000,Hof,58174074.52425988,7,Water,water,water,836019.8577740758,0.014371004001540875
12067137,Friedland,174356380.08987343,7,Water,water,water,4635465.325786814,0.026586152588149774
15086005,Biederitz,39887011.59926703,7,Water,water,water,665302.6516604262,0.01667968155510181
15090520,Seehausen (Altmark),107495553.84168129,7,Water,water,water,3863872.274840473,0.035944484555437126
12068409,Sieversdorf-Hohenofen,20011138.33276172,7,Water,water,water,17742.20719472908,8.866165882068785e-4
14729040,Böhlen,24293697.819196668,7,Water,water,water,1423274.7426995179,0.05858617133102144
14627140,Meißen,31144025.97770278,7,Water,water,water,725872.6478915078,0.02330696257481895
15089175,Hecklingen,96103947.90376855,7,Water,water,water,291599.1544943608,0.003034205782954378
16073111,Unterwellenborn,62677817.51922716,7,Water,water,water,497455.75110900984,0.007936711436329279
15003000,Magdeburg,201019439.02960783,7,Water,water,water,9252019.23917196,0.04602549526471041
12063112,Großderschau,20162144.17764274,7,Water,water,water,3521.390236041278,1.746535589179078e-4
12068426,Temnitztal,52423334.85008234,7,Water,water,water,47835.41787704941,9.124833056471279e-4
15090546,Tangerhütte,296949495.3478358,7,Water,water,water,4440123.101696359,0.014952452087838576
16073107,Drognitz,24042773.59351918,7,Water,water,water,1445067.8279286334,0.06010404008954095
12063142,Wiesenaue,46856932.74041422,7,Water,water,water,0,0
16073109,Uhlstädt-Kirchhasel,121711793.51269574,7,Water,water,water,642760.3673450259,0.005281003169820019
01053082,Lanze,9041642.84146272,7,Water,water,water,368992.17726791906,0.04081030225788315
15086015,Burg,165725038.92818782,7,Water,water,water,6540022.250910276,0.039463090750844275
01053083,Lauenburg/Elbe,9467987.643501751,7,Water,water,water,974847.732969664,0.1029625058328778
15090535,Stendal,269482844.1648705,7,Water,water,water,441257.2943756296,0.001637422581549076
12070296,Perleberg,138624646.22124013,7,Water,water,water,155987.31418983577,0.0011252495024649904
12063134,Havelaue,74787975.32205343,7,Water,water,water,5731259.802462509,0.07663343977133284
14729410,Wurzen,68968117.12620622,7,Water,water,water,976938.9205200516,0.014165080347667464
15088205,Leuna,87605623.53928131,7,Water,water,water,1789972.8570386157,0.020432168446766586
09475113,Berg,38731607.487258606,7,Water,water,water,124986.60385095113,0.0032269924219403365
12068425,Temnitzquell,65814910.209692866,7,Water,water,water,490061.1402335761,0.007446050426448847
14628030,Bad Schandau,47722548.93476192,7,Water,water,water,1638198.140242627,0.0343275490687241
12063161,Kleßen-Görne,42058614.665302426,7,Water,water,water,681356.1594689724,0.016200156968819008
12063165,Kotzen,42678641.5444656,7,Water,water,water,105960.90640857772,0.0024827619290126706
15085160,Hedersleben,16502768.787722103,7,Water,water,water,780.9195583152133,4.7320517445303464e-5
14729400,Trebsen/Mulde,35158509.02655442,7,Water,water,water,632871.9232731103,0.018000533606107032
12063148,Ketzin/Havel,93901650.97202522,7,Water,water,water,8294654.050981013,0.08833342081974811
14627180,Nossen,125244731.56155156,7,Water,water,water,99081.58097907153,7.911037833186449e-4
15086055,Gommern,161566566.55857658,7,Water,water,water,950510.3488298382,0.005883088123217788
16055000,Weimar,84348894.19407173,7,Water,water,water,66163.23266715111,7.843995265061962e-4
15086035,Elbe-Parey,109173497.3080816,7,Water,water,water,4276546.809086947,0.03917202356372964
15090550,Tangermünde,90718726.87506966,7,Water,water,water,3707650.322064636,0.040869734946462656
15087370,Sangerhausen,209561194.93619433,7,Water,water,water,346737.2773767268,0.0016545872315831126
14729430,Zwenkau,46358871.9764821,7,Water,water,water,8444510.013669124,0.18215520899544388
14627170,Niederau,35384670.56995631,7,Water,water,water,173249.72209022028,0.004896180162189206
12071164,Guhrow,6636164.019009794,7,Water,water,water,1453.8426403736703,2.190787684284216e-4
15086040,Genthin,232345814.95029497,7,Water,water,water,1061007.327487722,0.004566500703766496
12069306,Kloster Lehnin,200920136.8985341,7,Water,water,water,7336539.997896762,0.03651470734166262
12063189,Milower Land,161322860.2203478,7,Water,water,water,2161728.6779853837,0.01340001457346293
15085185,Huy,167754286.22719565,7,Water,water,water,19116.43997633658,1.1395500172464445e-4
13076125,Siggelkow,55496241.96970108,7,Water,water,water,440816.65040857455,0.00794318020036824
15088216,Wettin-Löbejün,127662765.18892792,7,Water,water,water,1316714.8222507874,0.010314008319514177
13076126,Spornitz,48802531.162101656,7,Water,water,water,48355.510972838696,9.908402253199092e-4
12071176,Heinersbrück,24036811.57600771,7,Water,water,water,183.97813176703784,7.65401564118742e-6
12068477,Wusterhausen/Dosse,196404815.48170736,7,Water,water,water,1569604.4268109582,0.007991679954288835
12062282,Kremitzaue,23560664.704395063,7,Water,water,water,0,0
12065332,Velten,23497701.22505804,7,Water,water,water,356677.3423715338,0.0151792440867012
03357002,Alfstedt,16139641.725738715,7,Water,water,water,20575.405268373677,0.0012748365557310373
03357008,Bremervörde,149938240.33220863,7,Water,water,water,1333701.2985483357,0.008895004340409348
15088220,Merseburg,54399314.11881466,7,Water,water,water,745770.199242999,0.013709183862394789
14627190,Nünchritz,31132061.88738452,7,Water,water,water,810121.9128277545,0.02602210916058971
13076114,Plau am See,116229917.80461577,7,Water,water,water,28687661.31455204,0.24681821906453058
13076119,Redefin,17809943.393829256,7,Water,water,water,1400.3225102768047,7.86258821441277e-5
12068468,Wittstock/Dosse,420426820.7499632,7,Water,water,water,2614816.4282624703,0.006219432964809725
14522580,Wechselburg,25794664.90650411,7,Water,water,water,230882.38409720996,0.00895078051736943
16077001,Altenburg,45989937.18791705,7,Water,water,water,130163.3981304868,0.0028302582279822
13076120,Rom,33739788.2783462,7,Water,water,water,69117.47689897938,0.002048545068770872
13076122,Schwanheide,26626977.937083315,7,Water,water,water,903556.4222981026,0.03393387054411917
12065356,Zehdenick,223552572.9576092,7,Water,water,water,7686920.248066873,0.034385290879763185
14522570,Waldheim,41719077.75883077,7,Water,water,water,251180.54916555368,0.006020759869563169
13076151,Werder,18101945.14582469,7,Water,water,water,600.0568555989121,3.3148750079895055e-5
14523450,Weischlitz,121919928.49884737,7,Water,water,water,915443.3318802454,0.007508561915609227
13076156,Wöbbelin,23499854.895240724,7,Water,water,water,98771.69282324724,0.004203076711050281
01053006,Basedow,7514836.830114216,7,Water,water,water,392899.7297711652,0.05228320170528488
13076136,Teldau,27728833.036026523,7,Water,water,water,323362.7802377466,0.011661607966610763
13076138,Tessin b.Boizenburg,10309156.297666095,7,Water,water,water,1101.3943574680766,1.0683651752543735e-4
15091391,Zahna-Elster,149659888.9850728,7,Water,water,water,1151877.1458204556,0.007696632368445395
03357016,Gnarrenburg,123032508.97752988,7,Water,water,water,754640.5698158718,0.006133668053162242
16077005,Fockendorf,8819688.142882936,7,Water,water,water,343129.26968074194,0.03890492091351674
13076140,Tramm,41923138.84491094,7,Water,water,water,1141264.2591652663,0.02722277698211532
01053012,Börnsen,8318068.951110065,7,Water,water,water,2467.8064126713743,2.966802063286624e-4
16077007,Gerstenberg,3132022.8779504225,7,Water,water,water,12834.367328513765,0.004097788499205504
13076143,Vielank,77435610.78714007,7,Water,water,water,30412.400578628076,3.9274437522327573e-4
13076145,Warlitz,23676572.627560373,7,Water,water,water,3545.4941482216445,1.4974693356142955e-4
16051000,Erfurt,270313726.8842227,7,Water,water,water,3307580.7886888697,0.012236081485072086
14524320,Wilkau-Haßlau,12677525.147904396,7,Water,water,water,73541.00132745867,0.005800895716591424
03357040,Sandbostel,31710155.172446847,7,Water,water,water,90396.85396194382,0.0028507225357411754
03357042,Seedorf,18706735.80417411,7,Water,water,water,35203.165101177285,0.0018818443511305835
03357043,Selsingen,42074024.25889544,7,Water,water,water,138530.23037009663,0.003292535782117587
16077036,Nobitz,100760296.6100366,7,Water,water,water,557788.4491497367,0.0055357960220035335
01053028,Escheburg,8661986.821033394,7,Water,water,water,19473.47145076062,0.0022481529761133245
14524310,Wildenfels,20947435.8155518,7,Water,water,water,63577.255708678735,0.0030350853569140763
12061332,Mittenwalde,99433041.5393216,7,Water,water,water,1877810.4906728603,0.018885176009930914
16062064,Heringen/Helme,66707462.69770858,7,Water,water,water,2332486.739030233,0.03496590403385789
03357035,Oerel,34129029.76315896,7,Water,water,water,11583.093858559287,3.3939124372831756e-4
14522140,Flöha,27931186.062496617,7,Water,water,water,167965.85999437413,0.006013559883155229
03357036,Ostereistedt,28430467.63820198,7,Water,water,water,104464.20587820747,0.0036743752233550694
03357038,Rhade,24523659.21658419,7,Water,water,water,12235.16056361434,4.989125177265666e-4
01053032,Geesthacht,33146931.69190304,7,Water,water,water,2625821.6381786424,0.07921763807840061
13076161,Zierzow,13267494.49789133,7,Water,water,water,23546.805682247654,0.0017747741056904202
12070241,Legde/Quitzöbel,41819617.7754618,7,Water,water,water,883885.2194563162,0.021135659924059545
12070244,Lenzen (Elbe),96076567.98372813,7,Water,water,water,3622342.202090965,0.037702660264721966
12070246,Lenzerwische,42129893.85059176,7,Water,water,water,2349077.730998366,0.055757978867192685
01053019,Buchhorst,5373355.969790967,7,Water,water,water,391726.84399513406,0.0729017109972658
14521240,Großolbersdorf,22676551.100191567,7,Water,water,water,30653.014048420067,0.0013517493869762724
14627100,Klipphausen,112347451.21716762,7,Water,water,water,647497.265189389,0.0057633462813301995
12061328,Märkisch Buchholz,24941661.900900096,7,Water,water,water,1646168.0447924775,0.06600073609100886
12061329,Märkische Heide,212076425.67274225,7,Water,water,water,4686615.738396762,0.022098711459937262
01053022,Dalldorf,6088334.982582103,7,Water,water,water,353910.90327052935,0.05812934148384086
12070236,Lanz,60770781.9897092,7,Water,water,water,928626.0878529246,0.01528079872347498
14524330,Zwickau,103508554.81607848,7,Water,water,water,562285.1179441683,0.005432257449089858
14521270,Grünhainichen,28862952.942897946,7,Water,water,water,54445.10856012948,0.0018863318894585357
15083361,Loitsche-Heinrichsberg,31181807.099593844,7,Water,water,water,440597.742807959,0.01412996178831784
12072426,Trebbin,126803367.34115852,7,Water,water,water,4603298.460657911,0.036302651555561234
16077048,Treben,9990578.13175702,7,Water,water,water,9295.544372777034,9.304310771795395e-4
15084246,Kaiserpfalz,41118282.15318236,7,Water,water,water,83290.91696840097,0.0020256419433600935
15090070,Bismark (Altmark),290854038.40629816,7,Water,water,water,106792.71036575885,3.671694261180537e-4
12061344,Münchehofe,62439240.78617816,7,Water,water,water,112442.21708504875,0.0018008261418505185
14522150,Frankenberg/Sa.,65535416.38795091,7,Water,water,water,231431.55563482994,0.0035313967376787744
16077052,Windischleuba,20480388.417354092,7,Water,water,water,502022.40061100386,0.024512347636220334
15084250,Karsdorf,19995011.690175444,7,Water,water,water,134409.81321896327,0.0067221672736008245
12062224,Herzberg (Elster),149470443.50750053,7,Water,water,water,179517.80561629342,0.0012010254429149739
14626600,Weißwasser/O.L.,63633887.4327344,7,Water,water,water,1733185.9556277716,0.027236839136377984
12062232,Hirschfeld,20331321.413827352,7,Water,water,water,8781.929066342982,4.319408899989345e-4
14522500,Rossau,53736567.17403154,7,Water,water,water,325005.568418847,0.006048126732142792
12067040,Berkenbrück,18065164.542990662,7,Water,water,water,1291774.828398898,0.07150639703971645
15083390,Niedere Börde,78188879.80222008,7,Water,water,water,482849.2056694785,0.006175420429233066
12066196,Lübbenau/Spreewald,139475729.36291802,7,Water,water,water,4886676.077244682,0.03503603171365733
12067036,Beeskow,77998345.07864317,7,Water,water,water,980979.5699460267,0.012576927997086824
15085135,Halberstadt,143084427.54699445,7,Water,water,water,693353.4783430422,0.0048457647713991666
15084285,Laucha an der Unstrut,31292658.355307817,7,Water,water,water,136757.99219777284,0.004370290010039244
15089075,Egeln,29290742.118436176,7,Water,water,water,139041.62936296163,0.0047469479878915755
12062240,Hohenleipisch,35031725.017906845,7,Water,water,water,128620.36355140647,0.003671539539821712
14522510,Roßwein,44606404.11931287,7,Water,water,water,100525.07538541111,0.0022536018621121625
15084275,Kretzschau,27871911.810787264,7,Water,water,water,290703.8282291869,0.0104299923953073
15082430,Zerbst/Anhalt,470995786.36170936,7,Water,water,water,3510670.372895862,0.007453719278498559
14522540,Striegistal,77063893.43353254,7,Water,water,water,94113.47275727904,0.00122123952689273
14625310,Lauta,42056455.59038755,7,Water,water,water,1444036.199581051,0.03433566094217176
13076103,Neu Kaliß,34292865.865348294,7,Water,water,water,56348.50753898125,0.0016431553944845241
13076105,Neustadt-Glewe,94112757.09683424,7,Water,water,water,8564405.10255521,0.0910015322762582
13076106,Nostorf,19990126.12565245,7,Water,water,water,517530.7766387659,0.02588932022668138
13076108,Parchim,124842063.19922496,7,Water,water,water,1301640.9008073339,0.010426300779170514
13076109,Passow,24888183.63006653,7,Water,water,water,685838.220924874,0.027556780804861035
16073035,Hohenwarte,6515428.406676106,7,Water,water,water,2013289.0343790594,0.3090033239128406
14522530,Seelitz,31490882.602004535,7,Water,water,water,185476.25466770984,0.005889839831161273
16073038,Kaulsdorf,21968218.288911104,7,Water,water,water,692315.5794292265,0.031514416432154926
14625340,Malschwitz,93439533.9773545,7,Water,water,water,3704953.36158283,0.03965081164125607
12067072,Briesen (Mark),111720735.89286152,7,Water,water,water,1408585.1891714283,0.012608090860789175
14521670,Wolkenstein,30095422.232806846,7,Water,water,water,29421.61838740946,9.77611085161554e-4
16062008,Görsbach,7954000.735523127,7,Water,water,water,0,0
01060063,Norderstedt,58647741.420688435,7,Water,water,water,404221.3170384331,0.006892359488132666
14625330,Lohsa,134810705.16633087,7,Water,water,water,22360901.501019765,0.16586888610537753
13076100,Muchow,19385454.226399228,7,Water,water,water,31954.69095899983,0.0016483849481062837
13076102,Neu Gülze,13031360.020413212,7,Water,water,water,377.85138207831574,2.899554470802921e-5
15082005,Aken (Elbe),59814153.79319817,7,Water,water,water,1410611.981961921,0.023583247316997576
01056042,Raa-Besenbek,12670789.436255297,7,Water,water,water,8074.241076290657,6.372326773253446e-4
01056045,Seestermühe,18117780.32657661,7,Water,water,water,568041.9127639713,0.03135273209658702
01056049,Uetersen,11385692.035718938,7,Water,water,water,42541.40883823082,0.0037363920176982533
01056029,Klein Nordende,10930418.524994152,7,Water,water,water,49506.041409459016,0.004529199069208149
14521690,Zschopau,22981602.50064336,7,Water,water,water,138614.66546900832,0.006031549169172509
15090485,Schollene,65622886.19142336,7,Water,water,water,1431204.814614272,0.021809537764605737
15090003,Aland,92856562.3009006,7,Water,water,water,3249716.139924633,0.03499716185264286
01056033,Seester,11785529.117236825,7,Water,water,water,31786.781043499966,0.002697102584644289
15090007,Altmärkische Höhe,99821898.40534252,7,Water,water,water,143694.32172054786,0.0014395070021314808
15090008,Altmärkische Wische,67544348.28100026,7,Water,water,water,1352399.8827585352,0.020022398870920124
15091375,Wittenberg,242070715.93641967,7,Water,water,water,2979689.5779610123,0.01230916993174686
01056036,Moorrege,10959953.688143631,7,Water,water,water,150046.07564432477,0.013690393218234408
01056037,Neuendeich,8686162.934733266,7,Water,water,water,57209.0145550346,0.006586223973104802
12063088,Friesack,84541496.23475263,7,Water,water,water,9286.74552059511,1.0984836954869969e-4
01056038,Osterhorn,6374418.444995083,7,Water,water,water,2683.5810478656203,4.209922945947566e-4
14730360,Zschepplin,68340923.94879061,7,Water,water,water,926054.4715329724,0.013550511436264541
16073076,Rudolstadt,135148386.92623073,7,Water,water,water,462567.7028954915,0.0034226653637233497
16073077,Saalfeld/Saale,145607709.22119236,7,Water,water,water,416624.0220202,0.00286127722390926
12069696,Ziesar,68066575.6939797,7,Water,water,water,19657.834859641272,2.888030528819442e-4
12069216,Golzow,40231537.20454377,7,Water,water,water,0,0
14729350,Pegau,48722638.77218679,7,Water,water,water,683631.2681584177,0.014031080528189023
15082015,Bitterfeld-Wolfen,86439561.37782684,7,Water,water,water,7297193.151435049,0.08441959948800595
15083320,Hötensleben,60781460.656822056,7,Water,water,water,187535.7097196317,0.003085409723508888
12061316,Lübben (Spreewald),121052302.6319176,7,Water,water,water,1359133.544577721,0.011227655443369991
01056050,Wedel,28219950.72389341,7,Water,water,water,521444.81605326064,0.018477878333492664
01056051,Westerhorn,9396717.292211529,7,Water,water,water,13260.89153342466,0.0014112259761625426
12069249,Groß Kreutz (Havel),99526644.91150458,7,Water,water,water,3572503.3274231884,0.03589494381730366
15084207,Gutenborn,34112737.284892656,7,Water,water,water,43602.46919186167,0.0012781873476676903
15089015,Aschersleben,157042636.245704,7,Water,water,water,2168727.7634723512,0.013809802327052301
14521220,Gornau/Erzgeb.,19755555.35532984,7,Water,water,water,23554.68905019467,0.0011923071068634808
12065256,Oranienburg,164318985.6096604,7,Water,water,water,2499106.095625188,0.015208870030160804
15090010,Arneburg,31235481.426069036,7,Water,water,water,1523024.8580888503,0.048759448824045926
12063094,Gollenberg,30299023.899701424,7,Water,water,water,8047.9741857919835,2.65618265869987e-4
14729370,Rötha,46138160.32048705,7,Water,water,water,1873793.1287284777,0.040612653727687624
15089005,Alsleben (Saale),23866835.429368444,7,Water,water,water,356034.99114706763,0.014917561743814685
03353023,Marschacht,26201655.315447405,7,Water,water,water,1323635.2794340581,0.05051723883466622
03353026,Neu Wulmstorf,56173035.8219472,7,Water,water,water,62292.402405420515,0.0011089377936216586
03353007,Drage,30407387.635426603,7,Water,water,water,1843907.6408391935,0.060640120188783335
12052000,Cottbus,165456921.7163237,7,Water,water,water,1508640.53166193,0.009118026106206049
14729360,Regis-Breitingen,26429546.760908872,7,Water,water,water,2835096.593892328,0.10726996643338704
15089041,Bördeaue,25624183.390924316,7,Water,water,water,700110.89585102,0.02732227151086455
15089042,Bördeland,92592309.36093704,7,Water,water,water,133724.546383524,0.001444229518698449
15089043,Börde-Hakel,39045345.92019806,7,Water,water,water,129333.93147518499,0.0033124032692531703
03353040,Winsen (Luhe),110031781.06794664,7,Water,water,water,3212055.3592583174,0.029192069128416764
15089026,Barby,154093416.53524873,7,Water,water,water,7958198.388630013,0.05164528483804227
14729380,Thallwitz,52891027.23506981,7,Water,water,water,411269.79379831225,0.007775795164091965
12067024,Bad Saarow,50298082.389564335,7,Water,water,water,12073287.343961837,0.2400347442761905
15089030,Bernburg (Saale),114052712.15939713,7,Water,water,water,1481253.8579511552,0.012987449661705484
03353031,Seevetal,105494795.92269228,7,Water,water,water,2284620.5589595,0.021656239428470902
03353032,Stelle,38492330.25085408,7,Water,water,water,1171080.5468106281,0.030423737382972386
03353033,Tespe,24899031.941647574,7,Water,water,water,1457890.1696758447,0.05855208238988972
12069270,Havelsee,82133144.0596614,7,Water,water,water,4624870.911964953,0.05630943469795157
03154007,Grafhorst,9595122.928886414,7,Water,water,water,12687.744033475457,0.0013223117752122395
13076090,Ludwigslust,78675923.22125305,7,Water,water,water,56800.284342983185,7.21952562072249e-4
12066176,Lauchhammer,89364500.39881246,7,Water,water,water,2637398.2055422617,0.029512817659945307
13076093,Malk Göhren,22563558.96337619,7,Water,water,water,96932.97667765376,0.004295996781136767
13076094,Malliß,25193462.8679158,7,Water,water,water,86693.73913812109,0.0034411204046318968
13076097,Milow,33807484.17057334,7,Water,water,water,2240.36615793465,6.626834894401004e-5
03154012,Jerxheim,17106738.656320043,7,Water,water,water,0,0
13076085,Lewitzrand,46856627.23741313,7,Water,water,water,134753.641709516,0.0028758715608519225
13076088,Lübtheen,120328010.22909904,7,Water,water,water,83035.75294970932,6.9007833497465e-4
13076089,Lübz,74813303.50257179,7,Water,water,water,470113.69049062533,0.006283824780902298
15089055,Calbe (Saale),57425951.03109665,7,Water,water,water,2215921.771943453,0.03858746319662189
14524260,Remse,14386253.492598357,7,Water,water,water,69769.88904400097,0.004849760855381644
16065016,Etzleben,6168455.4494236335,7,Water,water,water,0,0
14627020,Diera-Zehren,43387391.97460426,7,Water,water,water,1105212.4951830716,0.0254731258295032
03154027,Söllingen,39430284.66967523,7,Water,water,water,13259.812275073642,3.362849745102501e-4
16065019,Gehofen,13548591.471329546,7,Water,water,water,1616.495260765882,1.1931094565708775e-4
12067426,Rietz-Neuendorf,185234224.38259536,7,Water,water,water,1188292.0809319236,0.00641507844942058
16065003,Bad Frankenhausen/Kyffhäuser,91109138.21694888,7,Water,water,water,20750.51127957459,2.2775444577429236e-4
14627010,Coswig,26126891.1611025,7,Water,water,water,677451.3143292095,0.025929273795031283
14628370,Stadt Wehlen,10977521.341152163,7,Water,water,water,476636.73454867984,0.043419340280567716
14627040,Glaubitz,14259650.79794955,7,Water,water,water,10077.770879957608,7.067333571314895e-4
14522060,Burgstädt,25841214.814155083,7,Water,water,water,34806.666404738295,0.0013469438900245584
15090415,Osterburg (Altmark),231322870.27737197,7,Water,water,water,112692.29668181796,4.871645269950704e-4
16065042,Kalbsrieth,11982585.109859249,7,Water,water,water,16815.64835055708,0.0014033406144322894
14627030,Ebersbach,84269636.69404,7,Water,water,water,673182.5672518865,0.007988435617635665
15090445,Sandau (Elbe),18434549.689568777,7,Water,water,water,860191.9509727035,0.04666194539373233
16073002,Altenbeuthen,8067944.710577965,7,Water,water,water,1066953.5403422383,0.13224601538770395
12069648,Wenzlow,20707044.44068362,7,Water,water,water,3230.73185282559,1.5602090689862503e-4
01056019,Haselau,13848008.610910298,7,Water,water,water,311780.79529369186,0.022514485949124273
16065056,Reinsdorf,11330959.869730547,7,Water,water,water,3404.606882979845,3.004694149588236e-4
14627060,Großenhain,130422644.6610693,7,Water,water,water,181721.94468691095,0.0013933312359916768
15087250,Kelbra (Kyffhäuser),40621471.96106028,7,Water,water,water,1758105.1664460492,0.04328019349302182
14522080,Döbeln,91232608.068295,7,Water,water,water,570462.624288155,0.0062528369665933205
15090435,Rochau,39086676.02958891,7,Water,water,water,9131.37048678629,2.3361849648902798e-4
01056020,Haseldorf,17815283.524139255,7,Water,water,water,328387.01456802967,0.01843288175139473
12069656,Werder (Havel),117238083.591075,7,Water,water,water,15192391.183400974,0.12958580282147777
01056024,Heist,10018888.267545355,7,Water,water,water,45192.396042474764,0.004510719636316193
12067481,Storkow (Mark),180695975.93586615,7,Water,water,water,16784082.49019241,0.09288575688121317
01056027,Hetlingen,16599690.141962444,7,Water,water,water,415548.0203622328,0.025033480553457246
01056028,Holm,15978636.194305196,7,Water,water,water,92279.4940928072,0.005775179619252844
12067469,Spreenhagen,137738247.98115382,7,Water,water,water,1837696.6457164898,0.013341948751721705
14524290,Waldenburg,25083048.223122895,7,Water,water,water,125168.78096015748,0.004990174234277085
14730310,Torgau,102853060.15132137,7,Water,water,water,3787754.4020147556,0.036826851786831295
12071041,Dissen-Striesow,19911812.74790296,7,Water,water,water,28392.535332581654,0.001425914139111812
12068320,Neuruppin,305934233.01816416,7,Water,water,water,13879021.073712785,0.0453660283021964
16065046,Mönchpfiffel-Nikolausrieth,9268732.690789605,7,Water,water,water,0,0
14627050,Gröditz,29040876.612622075,7,Water,water,water,215330.3040956952,0.00741473155125441
12068324,Neustadt (Dosse),75664484.23327327,7,Water,water,water,78368.54032949403,0.001035737454944967
12071028,Briesen,9164530.61977494,7,Water,water,water,6843.412884916265,7.467281379528332e-4
12069688,Wusterwitz,23864482.92313698,7,Water,water,water,1155157.7700086762,0.048404894157113
01056015,Elmshorn,21702124.601431817,7,Water,water,water,102709.12405140541,0.004732675990839583
01056016,Groß Nordende,5336383.998411052,7,Water,water,water,88800.8487045452,0.01664064069058492
12067473,Steinhöfel,161138405.97169286,7,Water,water,water,927468.1190747231,0.005755723556292664
12071032,Burg (Spreewald),35368051.73040276,7,Water,water,water,26957.642447053433,7.622032067963854e-4
13076006,Barkhagen,30384060.435054645,7,Water,water,water,48846.06183013092,0.0016076212701899555
13076008,Belsch,22625583.52322813,7,Water,water,water,1864.2092935157198,8.239386584668035e-5
13076009,Bengerstorf,33049640.00110774,7,Water,water,water,13781.675401487417,4.169992593270453e-4
12067408,Rauen,21643502.72157179,7,Water,water,water,23698.830383409164,0.0010949628019215605
14625240,Hoyerswerda,95962109.1018878,7,Water,water,water,3405848.6886519655,0.035491598929279514
13076010,Besitz,22187644.02126526,7,Water,water,water,68961.69802549973,0.0031081126936868516
16065085,Kyffhäuserland,129109407.51909108,7,Water,water,water,388712.62638729234,0.0030107227184805597
16065086,Artern,44869652.329491064,7,Water,water,water,75633.58155840992,0.0016856288745678318
13076012,Blievenstorf,21448027.28281925,7,Water,water,water,19111.742877963825,8.910722942465257e-4
12071060,Drehnow,10968965.45124516,7,Water,water,water,0,0
16065087,Roßleben-Wiehe,72953515.34495515,7,Water,water,water,230110.74854663206,0.0031542105607738147
16065088,An der Schmücke,95013330.85967591,7,Water,water,water,1091559.0236090308,0.01148848286585323
13076014,Boizenburg/Elbe,47238842.90497926,7,Water,water,water,1426766.393227011,0.03020324600449985
14627070,Hirschstein,34760214.33588495,7,Water,water,water,397564.53201589367,0.01143734409040928
14713000,Leipzig,299088853.71073973,7,Water,water,water,7362880.443763654,0.024617702573712683
12062196,Gröden,22402858.92871034,7,Water,water,water,64883.007092347,0.0028961931733273694
14522460,Penig,63608667.65588005,7,Water,water,water,419633.448503192,0.00659711111657596
14729320,Neukieritzsch,57209117.342527494,7,Water,water,water,5864318.347436439,0.10250670906745639
12067493,Tauche,121952418.64925414,7,Water,water,water,4653794.628449379,0.038160740721626035
12071052,Drachhausen,38300791.51922781,7,Water,water,water,35396.349444178355,9.241675704380322e-4
16076012,Caaschwitz,4097838.24899341,7,Water,water,water,6035.603925218455,0.0014728751010855629
13076030,Dersenow,22443987.350011803,7,Water,water,water,6582.579608817436,2.93289222906908e-4
14523330,Pöhl,36654093.105269566,7,Water,water,water,2551247.801769023,0.06960335355841182
13076034,Dömitz,60496863.98778597,7,Water,water,water,1692153.9469322215,0.027970936597207077
13076016,Brahlstorf,21895462.27090615,7,Water,water,water,1469.4216059499431,6.711078248859145e-5
13076017,Brenz,12654634.15903614,7,Water,water,water,7917.643281579681,6.256714482675128e-4
13076018,Bresegard bei Eldena,11143815.295551412,7,Water,water,water,0,0
01051103,Schmedeswurth,5887846.1293954775,7,Water,water,water,0,0
16076022,Greiz,84912677.81935868,7,Water,water,water,624316.2296595073,0.007352450136923766
13076019,Bresegard bei Picher,16581224.118175805,7,Water,water,water,600.1271460629068,3.619317499032335e-5
14522480,Reinsberg,48765913.081287704,7,Water,water,water,34648.80978565658,7.105128889497181e-4
14523320,Plauen,101719133.12763377,7,Water,water,water,347077.1401939706,0.0034121126431393175
13076049,Gorlosen,53231150.54896304,7,Water,water,water,1204.0716229411237,2.2619680591603882e-5
12071076,Forst (Lausitz),111087397.72670946,7,Water,water,water,1702890.6809569558,0.015329287712241717
12071412,Werben,25107230.69742649,7,Water,water,water,1140.990139429091,4.5444682975173494e-5
14524200,Mülsen,49108021.31470883,7,Water,water,water,47652.79557630401,9.703668423315408e-4
16076039,Langenwetzendorf,58327544.83979913,7,Water,water,water,348093.01949973236,0.005967901108400762
15085090,Ditfurt,23929171.404765,7,Water,water,water,677776.6501458526,0.028324284141777154
13076050,Grabow,72336024.30337732,7,Water,water,water,258562.94914376017,0.0035744700048671056
13076053,Grebs-Niendorf,31186526.12191532,7,Water,water,water,3473.7873373644325,1.1138744096680075e-4
01058172,Westerrönfeld,7731811.63513024,7,Water,water,water,342763.4866059663,0.04433158783235057
14612000,Dresden,328736783.09641767,7,Water,water,water,4983516.007742087,0.015159593522822892
13076058,Groß Laasch,27467259.64554101,7,Water,water,water,3058.415813263312,1.113476863994261e-4
13076037,Eldena,34251458.78441228,7,Water,water,water,317145.4070897532,0.00925932553956169
12061217,Heidesee,136364223.14755517,7,Water,water,water,11464161.794510394,0.08407015806561965
14628310,Rathen,3743511.710648861,7,Water,water,water,453796.46443279367,0.12122213031734777
13076040,Gallin-Kuppentin,29592968.88817017,7,Water,water,water,1164900.6235134925,0.03936410124700814
12070125,Groß Pankow (Prignitz),250928782.20071307,7,Water,water,water,139811.6172361843,5.571764865313526e-4
13076046,Göhlen,33994605.65105992,7,Water,water,water,660.6873610665374,1.943506472315668e-5
01051118,Trennewurth,8075378.942849048,7,Water,water,water,5360.235320392876,6.637750820522794e-4
01051119,Volsemenhusen,16715100.23053301,7,Water,water,water,0,0
15084590,Zeitz,87425518.6237047,7,Water,water,water,1473247.6433765749,0.01685146015224342
14522490,Rochlitz,23581724.78775827,7,Water,water,water,394565.07066399616,0.016731815599375605
