AGS,previous_rp100_area_m2,previous_rp100_share,projected_rp100_area_m2,projected_rp100_share,rp100_area_change_pct,rp100_share_change_pp
13076075,767188.9648559431,0.03064388752169146,767335.758877916,0.030649750926542492,0.019134011136419906,5.863404851032955e-4
13076079,2545242.3830032498,0.16865146760112784,2544591.542094502,0.1686083419345241,-0.02557088130756626,-0.004312566660374939
14521150,823119.8601926013,0.02493689472181061,824119.0857905734,0.02496716684224534,0.12139490811681328,0.003027212043472949
15083245,8416559.904610204,0.1409174082224816,8414513.062214803,0.14088313819664341,-0.02431922802901293,-0.0034270025838195606
14628330,487261.5071271075,0.01531445677123426,488491.91287655616,0.015353127988610141,0.25251445711423054,0.0038671217375881722
13076067,642898.4866357532,0.09387352955978338,642771.7338216737,0.09385502160823796,-0.019715836436761242,-0.0018507951545426726
16076093,419955.7531555809,0.00821051394597601,420133.53149885824,0.008213989673015835,0.04233263669839084,3.4757270398252244e-4
16076094,3733275.0167839574,0.05927156124945513,3734709.951879006,0.05929434308122289,0.0384363618698694,0.002278183176775833
13076069,2784.3639919950692,1.4121272511419752e-4,2783.8961125800543,1.411889959870399e-4,-0.016803816467965787,-2.372912715761311e-6
15084130,8524450.077040466,0.10591591617815706,8528132.525947671,0.10596167044338954,0.043198668229919586,0.004575426523248383
14628320,145431.19684474514,0.03466083578658558,145779.42584432798,0.03474382972758679,0.23944587347004936,0.008299394100121094
14522020,1440798.689984952,0.06169524505461191,1442572.1186284684,0.061771183570873155,0.12308649749916047,0.007593851626124665
15002000,25128913.541060213,0.18496447510578257,25134711.71440855,0.18500715327761022,0.023073712832284994,0.0042678171827653655
15083270,6523532.050273442,0.04170783759593589,6522538.599848169,0.04170148602616087,-0.015228719926825006,-6.351569775020494e-4
12061260,10072049.096896945,0.10493192286749188,10089060.112932008,0.10510914585412712,0.16889329938139444,0.01772229866352365
15084150,19770.418112879815,6.617077568590713e-4,19771.559144832667,6.617459467288917e-4,0.005771410327978792,3.818986982044321e-6
12072312,8336554.540092975,0.02440338531367321,8346647.845416794,0.024432931191136275,0.12107286379855113,0.002954587746306636
15084135,1725953.4716482456,0.03684528253383817,1726122.6231992042,0.03684889354467276,0.009800469927911542,3.6110108345907554e-4
12062124,9381439.596809804,0.23197428266002496,9396930.082934238,0.2323573149622308,0.1651184337391159,0.038303230220584905
12062128,8977807.459151534,0.10939230063989644,8989755.599581258,0.10953788569236309,0.13308528261590932,0.014558505246664577
12067397,610471.562726156,0.01390688603920209,611930.7658373116,0.013940127507951714,0.23902884266047678,0.003324146874962401
12066064,349386.6318240228,0.01675791492430102,350043.7402840905,0.01678943235131981,0.18807487185104496,0.0031517427018790123
12061265,1139893.8487517354,0.02081069325098368,1142080.0687133889,0.020850606399958883,0.19179153954094316,0.003991314897520276
15084170,172850.59839328312,0.0119471859393691,172883.43993323733,0.011949455899600746,0.018999957338585564,2.2699602316451212e-4
01058119,81967.63751759798,0.01024558574215112,81903.86476152597,0.01023761443469202,-0.07780235956943006,-7.97130745910056e-4
14522420,2140104.4927816647,0.12892761250485016,2142617.423029533,0.1290790004853631,0.11742091362100526,0.015138798051295144
16075134,634300.992028509,0.00651342721866374,634350.2850426043,0.006513933392331664,0.007771233959076915,5.061736679237358e-5
16075135,4821436.321988061,0.06696720478489192,4821972.9395325,0.06697465811924909,0.011129827474677135,7.453334357171437e-4
16075136,1483489.9106548307,0.02635333839115883,1483645.3590223275,0.026356099841305256,0.010478559131426972,2.761450146424038e-4
01058124,477801.512335686,0.0266833359753391,477442.74442293495,0.026663300197916986,-0.07508722837591321,-0.0020035777422114376
16075125,653507.2984826226,0.06936862159499148,653501.4987138035,0.06936800595998711,-8.874834041778738e-4,-6.156350043640124e-5
16075127,1024562.636370362,0.12418749096072296,1024628.0968721597,0.12419542544436185,0.006389116631232221,7.93448363889393e-4
16076003,2162710.18843663,0.10728222808562972,2163368.702156387,0.10731489395989163,0.03044854198576857,0.003266587426191403
14522440,270384.64042129245,0.00348060799677837,270730.1437052391,0.0034850555922155435,0.12778214154780462,4.447595437173397e-4
12073572,4898296.406218995,0.01290442097941852,4904659.202951688,0.012921183584380713,0.12989815652263548,0.0016762604962193214
01058140,858767.2998650385,0.13678267929675592,858125.9890989368,0.13668053264438218,-0.07467806077414511,-0.010214665237373577
01058148,697330.6938595214,0.06332059633902869,696801.139004686,0.06327251050328724,-0.07594027618438139,-0.004808583574145153
03360002,3582763.653892794,0.07442345119506842,3580894.317283768,0.07438462014302907,-0.05217582820443246,-0.0038831052039348113
03360004,3361725.263910976,0.03379003118686324,3359856.735716063,0.033771249870419136,-0.05558241819972208,-0.0018781316444102525
03360008,1252091.0728457524,0.11382033631135176,1251431.6507981815,0.11376039207817785,-0.052665661617735136,-0.005994423317390307
12062500,48737136.555563875,0.35862106889127726,48805156.97279461,0.3591215815692411,0.1395658876125899,0.05005126779638602
01058132,604531.9301245235,0.09247532146258836,604082.9408814274,0.09240663952451439,-0.07427055887744517,-0.006868193807396672
01058135,911793.2625455336,0.03828749587844114,911107.2883132368,0.03825869084481054,-0.07523352721226673,-0.002880503363059811
03359001,5843942.969096353,0.5264811252364001,5839462.0416136775,0.5260774382470409,-0.07667644099833926,-0.04036869893592199
03359004,54557874.49124826,0.9334731730775704,54514322.82970776,0.9327280137752679,-0.07982653640124311,-0.07451593023024561
03359007,0,0,0,0,NA,0
03359009,8523143.436726207,0.5243383058852723,8516389.131629845,0.5239227853771464,-0.0792466435242366,-0.041552050812587726
03360025,3930020.6949552633,0.02871543472838772,3927935.593366235,0.028700199541799865,-0.05305574069125845,-0.0015235186587855137
15091241,76270827.10743105,0.6580748139534656,76313545.8556053,0.6584433969795483,0.05600928925823599,0.03685830260827805
02000000,295972153.5585031,0.3988256588284171,295771248.4445196,0.39855493702745337,-0.06787973516022013,-0.027072180096371357
15089365,3496961.831372593,0.2072967227202408,3496651.4300690214,0.2072783224127564,-0.008876313741457488,-0.0018400307484400802
01058158,29052.065234823243,0.0038246855421140602,29029.473840581482,0.0038217113997171515,-0.07776174966963052,-2.9741423969087064e-4
03360012,1227251.2585679276,0.08794165881155033,1226591.6987430619,0.08789439645620198,-0.053742851780442545,-0.004726235534835421
12065144,3831939.477867462,0.07818014621795884,3836576.245295078,0.07827474665660443,0.12100314878136487,0.009460043864559231
13071110,0,0,0,0,NA,0
15084565,4005494.419514315,0.09551778173308016,4006731.8993983,0.09554729153164127,0.030894560181030355,0.002950979856110314
13071119,5229480.071082913,0.2355649856434497,5234697.245529571,0.23579999631505008,0.09976468742096066,0.023501067160039413
03359020,2349278.3017563624,0.9074621418914328,2347494.7019781102,0.9067731859368148,-0.07592117872619591,-0.06889559546180424
03359021,9181188.477311466,0.9953726573858782,9174194.160275754,0.9946143729925624,-0.0761809547096941,-0.07582843933158223
03359022,8881918.974852502,0.3024135897223907,8874947.50126712,0.30217622341015804,-0.07849062353665387,-0.023736631223264526
03359023,0,0,0,0,NA,0
03359025,6817613.245555222,0.37427018425493624,6812225.874183197,0.3739744308287101,-0.079021369766579,-0.029575342622611966
03359026,17107700.319000557,0.9660993667201568,17094551.47830412,0.9653568305269187,-0.07685919469744128,-0.07425361932381636
03359027,3601223.0424688724,0.21306341323844627,3598478.242728482,0.2129010194087815,-0.07621854320105227,-0.016239382966476423
03359028,50987431.209118165,0.959355370484923,50949379.92267904,0.9586394154910439,-0.07462875759138744,-0.07159549938791088
03359029,5564355.095110855,0.39071193712276503,5559924.655916526,0.39040084528007474,-0.07962179117975249,-0.0311091842690292
12069590,10239499.223980555,0.17561183724620086,10249647.352292655,0.1757858820328174,0.09910766229986284,0.0174044786616534
15084550,13043635.45835824,0.11468851655947204,13046992.198703008,0.11471803130417998,0.02573469916025154,0.0029514744707942464
12065136,7164026.609093126,0.23312613367981844,7172556.001104469,0.23340369046327875,0.11905863108488947,0.027755678346030876
14729250,4689720.685589194,0.12003808923844592,4693453.734014535,0.12013364034480274,0.07960065589432908,0.00955511063568254
15088020,4129548.0980771338,0.11327230595540956,4130846.4640499284,0.1133079197572638,0.03144087299525966,0.003561380185423957
03359010,25422156.440581854,0.3333502785792892,25403156.295384653,0.33310113749209086,-0.0747385267713609,-0.02491410871983679
03359012,1572268.4100346654,0.1311655257377176,1571066.2477761724,0.13106523609019247,-0.07646037094051328,-0.010028964752512026
03359013,96044438.290419,0.8983317754032474,95969038.57740127,0.8976265397928801,-0.07850502783902842,-0.0705235610367283
03359015,17509763.291050352,0.8920273587760752,17495948.30814091,0.8913235604144752,-0.07889874168945593,-0.07037983615999499
03359016,3556456.646863445,0.12075429934793544,3553622.9907276267,0.12065808668593787,-0.07967638627951641,-0.009621266199756617
12068264,3605033.930669584,0.02287796799200321,3607059.7613366987,0.022890824150932864,0.056194496531092215,0.001285615892965275
03359018,23526432.741288096,0.901658189822212,23507816.05003762,0.900944699072553,-0.0791309564658535,-0.07134907496589848
03359019,11492397.366938056,0.9312698118535072,11483296.459711185,0.9305323329889799,-0.07919067655155813,-0.07374788645273522
13071137,1122302.332168029,0.05954674370047137,1122987.5716059823,0.05958310090656079,0.061056581485455154,0.0036357206089424055
13071138,516620.92357445497,0.04838504615971652,516881.037086673,0.0484094075506729,0.050349008402206026,0.0024361390956378903
03352051,17969669.240406837,0.4987600945568292,17955325.005464908,0.4983619607970884,-0.07982470211346429,-0.0398133759740793
03359040,25755959.73786885,0.9323480966972862,25735624.55115279,0.9316119768701215,-0.07895332545561734,-0.07361198271647051
03352052,901985.4277127218,0.02963371117169089,901264.2355816133,0.0296100172198199,-0.0799560734520186,-0.0023693951870989993
03352055,6506175.435973734,0.12036541888089897,6500997.20769803,0.12026962072396336,-0.07958943509380295,-0.009579815693561144
03352056,26940344.146613885,0.48446453062565936,26918811.12031889,0.4840773051536987,-0.07992854945656502,-0.03872254719606838
03352038,8528834.696759,0.4395834394774194,8522021.846864104,0.439232299363216,-0.0798801962650896,-0.03511401142033965
03352039,6393342.7652511215,0.6495738733807392,6388230.376583278,0.64905444649700506,-0.07996425118374671,-0.051942688373418644
14730270,6959742.284838299,0.08664516007578968,6962740.878876724,0.08668249100699782,0.043084843025831696,0.003733093120814046
03352041,5249267.665486833,0.24626534379122444,5245085.245443527,0.24606912878077333,-0.07967625790555938,-0.019621501045111178
03359030,28112996.793105382,0.9341286329241324,28090642.87401681,0.9333858648716056,-0.07951453647252038,-0.0742768052526821
03352042,30570154.721277583,0.941659489518476,30545785.853949625,0.9409088497072807,-0.0797145698153664,-0.0750639811195275
03352043,10772011.492425345,0.793070474684587,10763401.159882206,0.7924365540355068,-0.07993244854215967,-0.06339206490801885
03359032,6918808.653783478,0.9967030017231456,6913570.252220703,0.9959483731702958,-0.0757124791984237,-0.07546285528498009
03352044,45972869.6688984,0.9607737360207408,45936348.096262336,0.9600104822138843,-0.07944157695419102,-0.07632538068564898
03359033,8141063.184835243,0.9986306193455404,8134891.757829068,0.9978735958667271,-0.0758061553639656,-0.07570234788133456
03352045,9208663.370178515,0.8752532111630953,9201301.910093898,0.8745535285578241,-0.07994059277328575,-0.06996826052712013
03359034,1964417.9975787697,0.281264659801549,1962927.044285654,0.281051185647227,-0.07589796545100196,-0.02134741543220464
03352046,19683917.294810485,0.57968348544514825,19668195.45063336,0.5792204834271188,-0.07987152121022084,-0.046300201802940144
01051024,9417668.191284902,0.9994774984882832,9410156.759469667,0.9986803258837416,-0.0797589346180832,-0.07971726045415961
03359035,36711805.29924544,0.9731538067201376,36682657.65051717,0.9723811630136884,-0.07939584689632642,-0.07726437064492497
12065180,1144504.6538693225,0.1847051878423849,1145844.5788599798,0.18492143082248755,0.11707466510749913,0.02162429801026433
03359038,35771903.883815564,0.3576757785414701,35744133.60382642,0.3573981093252133,-0.07763154032656876,-0.027766921625677066
03359039,7940848.504637074,0.9242366850815826,7934793.58514754,0.9235319519898765,-0.0762502834048258,-0.07047330917061556
14729260,5643866.048962734,0.18034764022117208,5646992.510426121,0.18044754513427114,0.055395741788764205,0.009990491309905258
13071156,44618365.80804757,0.27910072016936593,44647754.369867116,0.2792845540821512,0.06586651323353773,0.01838339127852584
13071159,1106614.805787739,0.01228036391554799,1107687.2549915344,0.01229226513576904,0.09691260212553086,0.0011901220221049655
01051034,39307621.88761824,0.7466581189826491,39276227.572259374,0.74606177610239,-0.07986826434991944,-0.05963428802591153
01051016,6876330.187585183,0.6045226315189423,6870886.63636718,0.6040440695800382,-0.07916361008712251,-0.04785619389040541
03352061,0,0,0,0,NA,0
03352062,551444.8754992491,0.00154901571361025,551005.2386900997,0.001547780768186129,-0.07972452527578279,-1.2349454241210658e-4
03352063,23221517.45138808,0.7528244886398273,23202965.482522883,0.7522230474763271,-0.07989128576129377,-0.06014411635002492
01051021,7033846.437733978,0.934329386757097,7028222.071476066,0.933582283344594,-0.07996145931960982,-0.07471034125029474
01051022,5454495.792725107,0.8022500880938466,5450142.316763586,0.8016097765771887,-0.07981445264522438,-0.06403115166578877
01051046,11449404.69346152,0.9726152359677642,11440248.716128286,0.9718374450438777,-0.07996902527572793,-0.07777909238865233
13071176,0,0,0,0,NA,0
01051051,697359.4798113126,0.12768032574546156,696808.0833601636,0.12757936995359845,-0.07906918413129094,-0.010095579186311654
15082301,32583687.219861336,0.33402837087146675,32599083.691845685,0.33418620624532724,0.04725208623707969,0.015783537386049318
12065193,31363956.628179595,0.2207035450630182,31405589.33598136,0.22099650829821688,0.13274061144556273,0.02929632351986733
12065198,5454314.532491421,0.02222052550047613,5461236.258051223,0.02224872416382653,0.12690367448684867,0.002819866335039903
14626060,13360835.730109343,0.06152597077233155,13399203.349084403,0.06170265171140961,0.2871648132653605,0.017668093907805688
12070052,8424545.08411043,0.3531759020310351,8425184.858714035,0.35320272282319287,0.007594173895655826,0.002682079215776678
15087101,227193.35262083125,0.01356847328876791,227142.54503981286,0.013565438951284165,-0.022363145942561363,-3.0343374837447923e-4
01051072,3268019.064055057,0.6800149294063186,3265405.661287224,0.6794711281420527,-0.07996901843620421,-0.05438012642658974
01051073,1244262.866879066,0.9621077303046968,1243267.7160481408,0.961338244746027,-0.07997914728591925,-0.07694855586697358
01051076,10283964.561797416,0.9819123678683132,10275741.631403318,0.981127242928844,-0.07995875855741934,-0.07851249394691395
16068005,767525.5842490864,0.11874740246651735,767336.7741989266,0.11871819079790831,-0.02459983797732719,-0.002921166860904434
01051077,9127950.02701584,0.93540098833735,9120650.439434659,0.9346529516568596,-0.0799696269105049,-0.07480366804903937
01051057,13132890.910302984,0.993515077915165,13122393.952785965,0.9927209735830249,-0.07992876502753475,-0.07941043321401109
16068009,3000580.20237172,0.2463047838636644,2999577.776856213,0.24622249904430143,-0.033407722770249906,-0.00822848193629544
12062024,36034438.1065433,0.25882804964670536,36086674.890455,0.2592032558552691,0.14496350340540531,0.037520620856373865
12069537,3379637.4452937366,0.06796039928664838,3381311.7446614737,0.06799406741093646,0.04954079823173179,0.0033668124288080414
03355042,6679178.8478657305,0.5527153851588966,6675210.568015917,0.5523870020783465,-0.059412690395037805,-0.03283830805501653
01051062,14978795.959913123,0.5282127556638164,14966819.291166361,0.5277904100213943,-0.07995748642824455,-0.042234564242216166
16068014,4499781.7480134955,0.18804692422801664,4498193.63365677,0.18798055656024332,-0.035293141882416335,-0.006636766777332048
01051064,4036088.956751718,0.35421417537033556,4032880.22790103,0.35393257175455495,-0.07950094472820377,-0.028160361578061233
03355049,140393875.0816801,0.5902274929845184,140340959.75242788,0.5900050325523463,-0.037690625193889334,-0.02224604321721113
14524150,988572.9922449384,0.04348870910953395,989367.1395729232,0.043523644761638315,0.08033269512870063,0.003493565210436339
14628270,7585611.108781437,0.1419853654903703,7601727.615425321,0.14228702979314622,0.21246154611362433,0.03016643027759225
12069541,23193788.62336861,0.5903647470879921,23210945.560092155,0.5908014523962141,0.0739721181483,0.043670530822192966
15087125,1752482.7081908346,0.19184438577580332,1752181.8192512093,0.19181144744577625,-0.01716929577787228,-0.003293833002707136
12070060,12242566.519218706,0.5530478900514928,12242348.749166653,0.5530380524682038,-0.0017787941091532817,-9.837583288985208e-4
01051090,4811046.553594205,1.00079966630483,4807202.3960671695,1.00000000005188,-0.07990272977431978,-0.07996662529499154
03355032,1902534.1014257525,0.08379180697596719,1901506.7537840889,0.0837465603150937,-0.05399890813487837,-0.0045246660873493605
03355033,6569213.822837895,0.2429640730052212,6565587.452664828,0.24282995076605615,-0.05520249866825412,-0.01341222391650354
16068002,397398.46276055695,0.0590479228986637,397260.99944307614,0.05902749774826021,-0.034590802522463875,-0.0020425150403492742
14524180,990170.3147072144,0.01976684338427079,990995.423313748,0.019783315088540362,0.08332996801440076,0.0016471704269570286
01051097,7446332.84247628,0.32368670657264775,7440387.410380779,0.3234282629367191,-0.07984375962335329,-0.025844363592864017
12071372,8072108.837709511,0.03978527824960618,8093229.574553389,0.03988937674593033,0.2616507937208573,0.010409849632414536
15090310,28149150.683858432,0.42417645444549024,28155924.249967664,0.42427852456790477,0.024063127819756107,0.010207012241453262
12072232,1003367.91927473,0.02150926667634845,1004595.072265076,0.02153557323889144,0.12230339108639125,0.00263065625429916
16068015,204101.574985008,0.0405123954780737,204049.45595244033,0.040502050301367096,-0.02553583066249554,-0.0010345176706602621
15089305,48284951.609876275,0.5572315414493675,48289155.79234172,0.5572800597350371,0.00870702429073491,0.0048518285669651995
12072240,4313534.413666144,0.03908183625198263,4318611.341973189,0.03912783465184015,0.11769764235473633,0.004599839985752058
15087165,2189931.5627947133,0.02139552554443314,2190121.444245123,0.021397380677028,0.008670656820307905,1.8551325948606978e-4
12065100,12334.053445536756,1.012933257129102e-4,12348.593981776481,1.0141273976279044e-4,0.11788935651958547,1.1941404988024141e-5
15089310,10492962.87398428,0.07116109663096791,10492679.384318667,0.07115917406288769,-0.002701712271521024,-1.9225680802231748e-4
16068049,1111815.1286186911,0.08756661289008681,1111433.2919613898,0.087536539416632,-0.034343538549945825,-0.0030073473454808597
14625120,14637326.743835738,0.11465598688925065,14671778.875404088,0.1149258546878274,0.23537174629827012,0.026986779857675336
16068051,11491221.377641631,0.13070520977048386,11488150.988228222,0.13067028607706888,-0.026719434884293194,-0.003492369341498436
01002000,14646.133742104636,1.299299476659826e-4,14636.407317822785,1.2984366183654998e-4,-0.06640950064445689,-8.628582943260394e-6
16068053,3909185.547995716,0.17803090420674278,3907911.609721117,0.1779728869087287,-0.032588329690614024,-0.005801729801407918
16068057,4496140.598788463,0.26664776106349314,4494608.198313155,0.2665568806413143,-0.03408257463568401,-0.009088042217886283
16068058,5126479.1886414,0.09253224055150765,5125150.031409461,0.0925082494472447,-0.025927292065946596,-0.0023991104262946483
12061192,691923.458528919,0.0100150081831466,693177.9356968357,0.010033165681562636,0.18130288147533388,0.0018157498416037157
03352004,21876029.43127521,0.8564550616810662,21858534.79969099,0.8557701400493953,-0.07997169522549791,-0.06849216316708873
03352008,19049955.561736364,0.8289523631363668,19034721.21397192,0.8282894456540004,-0.07997051602074723,-0.06629174823663542
12051000,96674274.79893725,0.42091547221103354,96735187.74999869,0.42118068447782453,0.06300843858216573,0.026521226679099286
16068044,150971.5272975938,0.01207074886991035,150921.66805390592,0.012066762433393656,-0.03302559401787095,-3.986436516693545e-4
16068045,1755403.366918549,0.26545998240681085,1754807.3565657686,0.26536985104398847,-0.033952900171690226,-0.009013136282237655
03352011,22676314.6157998,0.14000439087047642,22658282.737221118,0.13989306139655477,-0.07951855883194409,-0.011132947392164527
14522330,2834672.3540339405,0.05767435424848839,2837949.448786949,0.057741030146117936,0.11560753214899058,0.006667589762954923
16075062,1024577.950594581,0.0208367146816824,1024680.4811454876,0.02083879983277721,0.010007101055333777,2.0851510948091678e-4
16068059,1521383.590391774,0.1198017104068134,1520919.8248611032,0.11976519108048901,-0.030483142686673462,-0.003651932632438293
03352002,746737.9887730846,0.0188404042661206,746142.2470262444,0.0188253735384525,-0.07977922052941316,-0.0015030727668098598
16075046,963789.9508256064,0.03972209761137439,963959.0256114692,0.03972906594004591,0.017542700639074194,6.968328671516644e-4
03352029,10413700.573739115,0.19742100408929816,10405397.060787447,0.19726358763077995,-0.07973642887916178,-0.015741645851821695
14522360,3726601.060103079,0.09061017965319566,3730809.2383781425,0.09071249910820747,0.1129226930168703,0.01023194550118095
16068062,1934183.917985925,0.27857087680011056,1933607.9943775823,0.27848792939110045,-0.02977605195592585,-0.008294740901010345
16068064,9844022.087114535,0.15262603663821073,9841474.607809307,0.15258653940157976,-0.025878439551276257,-0.003949723663096427
16071101,2526116.005949804,0.0298346373558328,2525923.3471592185,0.029832361963437123,-0.00762668025268089,-2.2753923956779498e-4
16075079,466663.2729078005,0.07164749091914129,466686.9542849767,0.07165112675541702,0.005074617727818095,3.6358362757310525e-4
03352036,2985753.5215495415,0.08836395778922286,2983366.0485598682,0.08829330006045867,-0.0799621593826075,-0.007065772876418963
14625160,424814.3408776578,0.00781138099714336,426028.14648122375,0.007833700154275232,0.2857261365184239,0.002231915713187243
14522350,2900957.3706713095,0.10315924363878368,2903626.90852354,0.10325417350865539,0.09202265015058546,0.009492986987170993
15091145,103645214.65359344,0.2924789318112483,103747314.08025128,0.29276704864662006,0.09850857755380293,0.028811683537177668
03352020,18625613.34230002,0.6066814533904147,18610820.56180168,0.6061996166096609,-0.07942170937665353,-0.04818367807537527
03352022,21492801.08335296,0.4761774867668361,21475680.94596362,0.4757981865554052,-0.07965521721875397,-0.037930021143089965
03352024,5471685.57756593,0.2617934406325368,5467319.2649792265,0.2615845338927861,-0.07979830940223148,-0.020890673975071383
01051003,8841152.509368146,0.9806908093518348,8834117.98025161,0.9799105153748455,-0.07956574789408648,-0.07802939769893102
03352025,28646459.56787536,0.7114793947489709,28623586.5102821,0.7109113067751691,-0.07984601915313196,-0.056808797380181186
15001000,86309119.73076636,0.35034930423397326,86345724.09973137,0.35049789009881377,0.04241077777087624,0.01485858648405114
14627310,1328771.0974128156,0.0694616427641162,1331009.233282174,0.06957864154179705,0.1684365255773697,0.011699877768084344
14521495,809029.4623053148,0.00968836339667487,810125.8948800778,0.009701493496033657,0.13552443091982064,0.001313009935878691
12062410,16114709.340215337,0.3437004794483814,16139546.575174192,0.34423021717950064,0.15412772538734193,0.05297377311192508
01051010,69584.69417107469,0.01156651895375457,69529.59545293334,0.011557360325189753,-0.07918223798740907,-9.158628564816945e-4
01051011,43225802.40778954,0.8676568969702155,43191315.63720808,0.8669646557003613,-0.07978283492835005,-0.06922412698542324
01051012,6126377.358898825,0.4208670704368108,6121515.049328376,0.4205330417172936,-0.0793667984455233,-0.03340287195172098
12070008,15097931.322923502,0.18942104029771695,15099833.47461257,0.1894449049944122,0.012598757064018477,0.0023864696695241605
15091160,105948938.72799698,0.4467384156857314,106031958.17032525,0.44708847085930953,0.07835797444032008,0.03500551735781121
16064003,3543680.643655977,0.027610208670565,3542045.810739282,0.02759747104477125,-0.04613375416946487,-0.001273762579374893
16064004,91803.49939124795,0.00333985170654265,91767.67463964579,0.0033385483863144637,-0.03902329632282075,-1.3033202281862236e-4
16064005,721264.2434715331,0.04887115498988687,720999.1957239783,0.048853195982951875,-0.03674766217149708,-0.0017959006934992194
01058075,81246.64294270858,0.00919561857789452,81184.53084248047,0.00918858863595376,-0.07644882050315963,-7.029941940760176e-4
12061572,1480566.9040155285,0.11031764283144496,1483012.8633977445,0.11049989226088697,0.16520424545369458,0.018224942944200517
15083120,1383851.853795816,0.01180207177150461,1383967.3987138446,0.011803057187256785,0.008349514994087376,9.854157521759638e-5
12071301,8451220.601469431,0.0625572275565149,8473443.779094193,0.06272172691646054,0.26295820062841657,0.016449935994564124
12061112,61137.778040548874,0.02158278881728088,61238.9128801419,0.021618491323243044,0.16542118937647515,0.0035702505962163095
15083125,43315.84833638421,3.531639066027321e-4,43308.1535290771,3.531011690987121e-4,-0.01776441557222673,-6.273750401998568e-6
14521035,711424.3483607146,0.019660394594819,712041.0860808883,0.019677438300123806,0.0866905555867989,0.001704370530480545
14628210,1786579.6627308608,0.06548404253198212,1790740.6545894784,0.06563655661995088,0.23290267685334487,0.015251408796876365
14730180,12268157.959242243,0.32904263048076077,12275664.892399399,0.32924397293502977,0.06119038556639977,0.020134245426900454
16075098,2171963.8075191057,0.0200652156281208,2172201.228150575,0.02006740898702877,0.01093115044768714,2.1933589079703442e-4
14627360,19028257.998297896,0.233172930205896,19054733.221061304,0.2334973584993399,0.1391363453542422,0.03244282934438958
12062464,2867864.8225676,0.17327062904743967,2873059.2395563647,0.1735844652827097,0.18112488942607577,0.031383623527003746
16053000,9297921.11642597,0.08100914640226299,9298132.980566852,0.08101099229157428,0.002278618394674701,1.845889311291593e-4
16064022,4883862.767545013,0.19522094340687493,4881972.809136507,0.19514539675843914,-0.038698024462626074,-0.007554664843578696
03355003,10331363.786255594,0.87643716324168,10325581.90359722,0.8759466707045725,-0.055964370028916556,-0.04904925371074231
03355004,2455753.97626587,0.10618129873401964,2454312.841653611,0.10611898730288317,-0.0586839979162052,-0.00623114311364692
12062453,3157954.37564668,0.0811192198097953,3163005.0466731954,0.08124895774912287,0.15993489536976105,0.012973793932756494
15084025,328561.50042060856,0.0100024073447327,328593.36345037416,0.010003377351877622,0.009697736869601566,9.700071449212505e-5
01061101,19072450.70399476,0.999718798483809,19057815.415074535,0.998951661964131,-0.07673523003081259,-0.07671365196779689
16064019,482168.01455080666,0.03169139819795652,481966.24224997166,0.03167813633458503,-0.04184688630227241,-0.0013261863371492877
12067288,3142416.9645000566,0.2348452666050617,3149329.300979236,0.23536185288933129,0.21996878699639022,0.05165862842695934
01061102,7112086.809227636,0.9866858373520982,7106528.95661784,0.9859147761146199,-0.07814658002466122,-0.07710612374783876
01061103,865947.1174210847,0.4316842066168351,865306.826872596,0.4313650147033016,-0.07394106817925461,-0.031919191353352305
01061104,8805317.529913245,0.9637075441751156,8798556.726311432,0.9629676006791975,-0.07678091765396203,-0.0739943495918105
01061105,4866245.34058426,0.32598870738835717,4862406.623098566,0.32573155254646,-0.07888458589786851,-0.025715484189714477
03355018,13366281.58342556,0.9098614311320764,13359341.44131003,0.9093890059779238,-0.05192275856387414,-0.04724251541525781
01061106,6205218.3647081945,1.0004595336886772,6200328.106167122,0.9996710834695126,-0.07880880661486096,-0.0788450219164627
03355019,9149453.98552816,0.8941525225039404,9144524.279928451,0.893670755099661,-0.053879779137704586,-0.048176740427940956
01061109,6104199.8843299905,0.6520812498306433,6099577.759568699,0.6515874912794278,-0.0757204031466462,-0.049375855121547296
12062461,7275352.067489935,0.04648913855457198,7284710.47573344,0.04654893831868603,0.12863168897796068,0.005979976411404908
03355021,11856676.563346151,0.6200113019836544,11850463.982563486,0.6196864326765462,-0.052397320188952226,-0.03248693071081776
03355022,4183809.276184397,0.05889941473672113,4181379.559642157,0.05886520933373379,-0.0580742663407365,-0.003420540298734037
01061110,16587961.469760016,0.9514693232780796,16574960.38449974,0.9507235936827325,-0.07837663044959944,-0.07457295953471332
03355024,1488654.1557022615,0.091941224691905,1487793.4574468026,0.0918880668436607,-0.05781720704986839,-0.005315784824429237
03355026,972186.3147970436,0.03609821060505873,971690.8247815993,0.03607981258540141,-0.050966569669073085,-0.0018398019657320241
12071341,6436557.067260884,0.2115509909052827,6451855.239709438,0.21205379753104742,0.23767632740129355,0.050280662576471236
03355028,0,0,0,0,NA,0
03355007,6526785.253753915,0.6620042995993499,6522956.810862017,0.6616159850529583,-0.05865740549218493,-0.038831454639165486
03355009,71155072.2503598,0.5066991267627263,71120948.32732305,0.506456128456947,-0.04795711951031233,-0.024299830577934056
13071077,7410630.737767696,0.2955129339522616,7415140.844154592,0.29569278298508894,0.060859953038948346,0.017984903282736164
15085365,3269898.4483071114,0.06312131153041378,3269107.339130163,0.06310604015437501,-0.024193692539833254,-0.0015271376038766826
03355011,13064664.077779315,0.6547791297264077,13057217.5113196,0.6544059202602543,-0.05699776446897444,-0.03732094661533791
03355014,502127.9207091261,0.04536806547937652,501837.88187860267,0.04534186000441276,-0.05776194044613818,-0.002620547496375719
03355015,8926407.620539926,0.8596873686104807,8921526.252103638,0.8592172521913566,-0.05468457910275032,-0.04701164191240892
03355017,4282910.679289869,0.435003596427296,4280323.798453841,0.4347408539721142,-0.06040006504307006,-0.026274245518181916
13071069,15156833.226083692,0.18979217536398937,15165435.919341963,0.18989989732959536,0.056757853899626454,0.010772196560598912
01061112,847511.4268565705,0.11167404189017811,846891.9828776064,0.11159241961269212,-0.07308974951071079,-0.008162227748599593
01061113,2577936.6852248446,0.935420316324064,2575912.652594955,0.9346858835299022,-0.07851366720873916,-0.07344327941617435
01061114,1130470.8187787472,0.20771769108477103,1129612.9069110802,0.2075600545767376,-0.07588978445226881,-0.015763650803343743
01061115,1832684.3826567857,0.4014409207230952,1831304.3910714749,0.40113864003699357,-0.0752989220822764,-0.030228068610160808
01061116,4405801.581176224,0.438594154655649,4402526.487861218,0.4382681216381725,-0.0743359240007326,-0.03260330174764681
01061117,688171.4965035603,0.0782116580264102,687658.7936846149,0.07815338863026654,-0.07450218754341374,-0.0058269396143659224
01061118,25169108.01959276,0.9858021426914207,25149623.766778897,0.985039000105768,-0.07741336243896034,-0.07631425856527985
01061119,19424967.09932051,1.0007883089819605,19409666.2869719,1.0000000000989584,-0.07876879415225962,-0.07883088830020757
14522300,913980.8371998352,0.02928572253689735,915025.5258114378,0.029319196390584026,0.11430093160411782,0.0033473853686676047
01058007,312427.2306651631,0.02592127190692079,312199.5536102121,0.025902382135898638,-0.0728736270734913,-0.0018889771022153473
16074112,1044698.933925012,0.20094985031706972,1044775.2691008606,0.20096453353504054,0.007306906647427028,0.0014683217970823392
15090220,6773127.775706105,0.33158626747271736,6774149.526656914,0.33163628846675214,0.015085363581556209,0.005002099403478288
12061510,14322059.611238075,0.548928065297657,14349856.335598385,0.5499934429415779,0.19408328909969286,0.1065377643920895
13071093,5431331.217263125,0.12058782342730946,5433976.303113673,0.12064655030894064,0.048700507200532525,0.005872688163117978
15090225,71519941.07636039,0.4762869999476997,71541892.59912834,0.4764331860989476,0.030692870320613002,0.014618615124789569
14625570,7799268.947423933,0.07149274305104995,7820285.354889039,0.0716853919555675,0.269466376999956,0.01926489045175478
15091110,6618679.377447122,0.04132802891891869,6622122.816412245,0.04134953026941711,0.05202607300871113,0.002150135049842211
14522320,1957104.931408996,0.05703918926383369,1959628.756009375,0.057112745314273,0.12895704056920357,0.007355605043931485
15082241,29086483.73779239,0.2097703373416367,29103261.36558064,0.2098913367952888,0.05768187017549339,0.012099945365209863
12070424,19612621.708366353,0.38896550930756935,19613413.79108035,0.3889812182148661,0.004038637596610769,0.0015708907296740904
14524080,5739327.8055275045,0.1102619821780976,5743464.586207634,0.11034145657877358,0.0720777906455387,0.007947440067597455
01058024,460274.7724030817,0.05052597262961012,459931.45800562674,0.050488285806674776,-0.07458901031280193,-0.003768682293534692
16075035,781000.2651147018,0.06129290470051674,781014.4787449992,0.06129402018629335,0.0018199264369327928,1.1154857766162984e-4
01058026,85835.75228274471,0.0032607477768398,85772.36121832136,0.0032583396628908658,-0.07385158600875687,-2.40811394893424e-4
01058029,1379875.5855156132,0.0743371478899944,1378815.4691002602,0.07428003692174776,-0.07682695646483928,-0.005711096824664863
01058009,8666.717027285044,1.7366572210223834e-4,8660.395644992059,1.7353905275130195e-4,-0.07293860262292376,-1.2666935093639067e-5
15083557,664013.5051401884,0.01295538671209378,663951.2370569312,0.012954171816474683,-0.009377532651837977,-1.2148956190973642e-4
14522310,5537707.467547305,0.0708802117701868,5543501.33509807,0.07095437071797762,0.10462574241631645,0.007415894779082277
12070416,3043909.928151827,0.19613769899763983,3044081.655604883,0.19614876444579443,0.005641673279094862,0.001106544815460131
16075023,430098.2300912644,0.07901091443011958,430132.49653111404,0.07901720932407022,0.007967119474627008,6.294893950639646e-4
11000000,124174189.85163718,0.13904914713328229,124349835.08848771,0.13924583309846775,0.14145068074161798,0.019668596518546133
15090245,17722964.352446802,0.27713750805609755,17726354.054714724,0.2771905135026415,0.019126045736555828,0.005300544654396333
12069460,3893945.756233869,0.1645449187504333,3896894.7136582593,0.16466953167269036,0.07573185681051424,0.012461292225704468
14730120,20462917.838956397,0.5526525984009294,20484203.948095072,0.5532274833522308,0.10402284418183746,0.057488495130142425
12067201,5074990.989256918,0.04008847500567272,5084594.135424753,0.040164332378806976,0.18922489100301604,0.007585737313425822
15089235,15709528.847198812,0.19789444609600051,15711042.145142058,0.19791350925576615,0.009632993821552183,0.0019063159765631
01058044,76638.9682529867,0.00522121783902569,76583.07295853567,0.0052174098348842235,-0.07293325539888841,-3.8080041414667934e-4
15087055,3905150.028937427,0.15046893033317704,3903865.4641748816,0.15041943490167464,-0.032894120661858615,-0.004949543150239988
12069454,14501875.62468754,0.29905207156246233,14518642.317410382,0.29939782781646584,0.11561740809788083,0.03457562540035153
14524090,779509.8389016318,0.02114017256037276,780168.394236415,0.021158032467615866,0.08448326139298164,0.0017859907243105572
14730110,13834590.372350767,0.2956684910909305,13845241.856463026,0.29589613124149433,0.07699168407289174,0.02276401505638126
15089245,4698302.453767731,0.19607228365426504,4698537.1459220005,0.19608207796340035,0.004995254277030584,9.7943091353081e-4
15082256,34892276.15317418,0.24858837329844383,34900306.22024967,0.24864558313201876,0.023013881468321607,0.005720983357493381
15083580,1982486.6238888905,0.17339152771393934,1982534.1483523913,0.17339568428136884,0.0023972148375761794,4.1565674294974375e-4
01058034,275392.98981674266,0.04260739020772886,275187.19509686134,0.042575550704702626,-0.0747276537497428,-0.0031839503026230564
01058035,387746.6058826897,0.02910722565379423,387459.57875916024,0.029085679202770345,-0.07402440644865432,-0.0021546451023885665
12054000,29813971.55123813,0.15930093938787046,29845262.320641022,0.1594681311003695,0.10495337512855424,0.016719171249904297
15083565,25429780.858674616,0.46464292274691177,25430226.398287017,0.4646510634709257,0.0017520387410231819,8.140724013949718e-4
15084445,2349730.881469984,0.1587803940162084,2350177.2286218256,0.15881055541775288,0.018995671179257316,0.003016140154449287
14729100,2330115.4845897206,0.20044269931314743,2331202.5820365273,0.20053621431190843,0.046654230401723694,0.009351499876100733
14730140,1159343.4511899108,0.02203351460974758,1160243.001461599,0.02205061071188462,0.07759135317191762,0.0017096102137039576
12061540,1101811.069215901,0.12415767573733671,1103635.6760461372,0.1243632817159895,0.16560069881442946,0.02056059786527814
15083115,979757.6070410876,0.03838523624929467,979586.1321621708,0.03837851815525718,-0.017501765506532953,-6.718094037488909e-4
16071015,450207.16682700854,0.10938762690468544,450207.6382432658,0.10938774144552234,1.0471096241894522e-4,1.1454083689854677e-5
15090285,28600121.375406656,0.4189164963217992,28608102.480051436,0.4190333984968173,0.027905841866958284,0.011690217501808542
12069028,17341.06998437426,5.04929917608334e-4,17349.87825699777,5.051863931530419e-4,0.05079428565508684,2.564755447079063e-5
14730160,8753430.480380835,0.08431063679028519,8759924.961801764,0.08437318985053378,0.07419355686304666,0.006255306024859075
16071001,711073.2330418064,0.01536575222797308,711037.7824656275,0.015364986167960424,-0.004985502833118413,-7.6606001265557e-5
16071003,126313.89469648057,0.00231372087842404,126293.24421898933,0.0023133426188427387,-0.0163485399138811,-3.7825958130142945e-5
16071004,1812103.0723847272,0.01928804469577874,1812093.8151962846,0.019287946162164865,-5.108533054053252e-4,-9.853361387576753e-6
15090270,26598238.793136537,0.70317323109714025,26602841.44177661,0.7032949105564841,0.01730433610988376,0.01216794593438264
16071009,268058.4169148291,0.03690403110107183,268020.7921381781,0.036898851237877534,-0.014036036280476012,-5.179863194294809e-4
12065036,825098.522198173,0.04641657455598856,826113.9679323565,0.04647369926456606,0.12306963433630366,0.0057124708577493966
13071001,5775263.400879709,0.130126954569026,5777610.9208429195,0.1301798483683904,0.04064784236252957,0.005289379936437855
12069017,1962991.2685753456,0.01081804508616319,1965170.1530994202,0.010830052919002964,0.11099817706555344,0.0012007832839774218
12069018,6122645.591160114,0.28698002467881406,6126481.872824431,0.287159838484841,0.06265725505745921,0.017981380602694053
12069019,7206366.561815328,0.19164011012216495,7211208.381644517,0.19176886944592378,0.0671880869180978,0.012875932375883137
16071031,481161.1212203278,0.17142740737556833,481087.7289752624,0.17140125928974392,-0.015253153637867164,-0.0026148085824406753
13071036,14692.136874959546,2.852027077891932e-4,14698.182650870236,2.853200679577712e-4,0.041149738544801896,1.1736016857795796e-5
16071022,1169767.0978265218,0.19309723365765413,1169841.2796418737,0.19310947908955145,0.006341588465743159,0.0012245431897317527
15090610,44154534.15146748,0.8284998870323347,44162932.55062175,0.8286574715903938,0.01902046826144373,0.015758455805914284
14729170,2272726.972447013,0.03242005398093531,2273800.362712573,0.03243536570591326,0.04722917792470573,0.0015311724977949692
16071056,1188323.7674639735,0.08250834952931631,1188194.8450174099,0.08249939811508519,-0.010849101069378017,-8.951414231114785e-4
12065084,9145933.627313549,0.04262619664841927,9156422.776799202,0.04267508313359066,0.11468648158924222,0.00488864851713941
14729160,10409492.182591,0.04769248501875509,10418774.907645475,0.047735015069004245,0.08917558024587524,0.004253005024915796
12063244,9703027.029417371,0.21002035145479803,9707537.907415751,0.21011798863335243,0.04648938918446825,0.009763717855440501
12063228,2264070.3217222546,0.07137224415235205,2265763.4515418825,0.07142561814595495,0.07478256321737856,0.0053373993602903735
15090631,49381115.641331874,0.7223494851827689,49394918.86193052,0.7225513993996472,0.02795242760188319,0.020191421687831834
14522290,9797.378613718323,3.14797766267709e-4,9806.69208964493,3.1509701584593586e-4,0.09506089632553354,2.9924957822683763e-5
15090635,23570972.385326467,0.3241410314412905,23569577.23211154,0.3241218457074687,-0.00591894637234517,-0.0019185733821758255
13071043,3645932.6621479406,0.08772167850427644,3647810.408167039,0.08776685735091565,0.051502487651327034,0.004517884663921001
13071045,36409.69614134786,0.00362945888696488,36432.26615832957,0.0036317087532750933,0.06198902867547574,2.2498663102134102e-4
15088305,150418.47832318873,9.600114765774334e-4,150416.1862669495,9.599968480536034e-4,-0.0015237863491176047,-1.4628523829990706e-6
15086145,12000637.08312024,0.14813929026963762,12001200.464300673,0.1481462448077711,0.004694593933067042,6.954538133485677e-4
12063260,18574267.793718982,0.5834019570004246,18582132.32608841,0.5836489752746398,0.04234100884497223,0.024701827421513833
16071064,714305.3470617348,0.07925314509629706,714312.9164121604,0.07925398492597219,0.00105967993334445,8.398296751227496e-5
12060198,141458.7946781957,5.928537819367165e-4,141651.31719509893,5.936606437689109e-4,0.13609794805703224,8.06861832194374e-5
16071069,261737.24431570704,0.07874046185088784,261735.84962072637,0.07874004227389104,-5.328607261518298e-4,-4.195769967990648e-5
15087015,4999612.22365239,0.03344267794843698,4998867.102858519,0.033437693794941194,-0.014903571727935206,-4.984153495785071e-4
16071071,615448.68336802,0.17084478133200542,615372.9995134464,0.17082377195797566,-0.01229734608569833,-0.002100937402976788
12063252,33865221.14217362,0.2988161436748283,33880177.68523672,0.2989481155436095,0.04416490593790399,0.013197186878122213
16067067,172578.33471518618,0.00565087924492704,172502.23439554597,0.005648387427414163,-0.04409610265727038,-2.491817512877137e-4
14627270,14264897.690839358,0.4688811349208012,14283986.922517825,0.4695085898670721,0.13381961856428862,0.06274549462709222
15088330,31210090.562092036,0.31307614506222786,31219414.59156835,0.3131696767102403,0.02987504780790289,0.009353164801245706
15085285,224849.46287678552,0.00682507658296172,224792.6859380538,0.0068233531767768404,-0.025251089331192633,-1.7234061848794835e-4
12066304,14260028.590540089,0.11122302241142722,14291078.576542955,0.11146520097840164,0.21774140076734713,0.02421785669744214
15088319,7637481.359757764,0.06937046781382705,7638446.17677494,0.06937923114884334,0.012632659534330954,8.763335016287455e-4
12061061,3433000.7320376216,0.09587357605106886,3440929.7686836,0.09609501063766701,0.2309651894910033,0.02214345865981515
12063274,26468296.068713047,0.5446946570640986,26480799.43352122,0.5449519655054373,0.04723902428668855,0.025730844133875497
14524050,1477922.2292696573,0.11338122117728364,1478952.0173030342,0.1134602230506337,0.06967809354121444,0.007900187335006803
12068109,28038437.390923414,0.43266144331009126,28053358.62467597,0.43289169303625596,0.05321706607439699,0.023024972616469963
15085287,363690.6834143797,0.00992455653115496,363612.661870982,0.009922427443846952,-0.021452719840185475,-2.1290873080080652e-4
14628160,2331447.0702005946,0.21270810202519505,2336290.7815264384,0.2131500149710418,0.20775557754468224,0.04419129458467508
12068117,50100039.64469049,0.18568672949666015,50138732.08672238,0.18583013603022971,0.07723036210409608,0.014340653356956223
12063293,4832151.357728852,0.09443395464928928,4834736.538251285,0.09448447641529839,0.053499576711283664,0.0050521766009115066
12066316,2678845.733816298,0.29946777489612847,2683810.839434782,0.3000228233309532,0.185344962414485,0.05550484348247342
14522220,780123.4235916528,0.01758081285081476,781013.0292828389,0.017600860949224317,0.11403396748304881,0.0020048098409556486
01053111,1266463.7399391038,0.09845697424886488,1265748.1697207303,0.09840134464310368,-0.05650143749144866,-0.005562960576119269
12066320,6589442.84754483,0.05897264622844195,6603748.502727289,0.05910067561752081,0.21709961696972035,0.012802938907886113
01061068,1528544.9705125128,0.25022544307365047,1527392.1199218365,0.2500367194473165,-0.07542143757077409,-0.018872362633398643
14522210,244475.3872671046,0.00401828044227109,244833.6437840633,0.004024168867979318,0.14654093443249425,5.88842570822725e-4
15088365,6695369.161124649,0.0735666255269777,6696749.821158175,0.07358179578827653,0.020621118870374336,0.0015170261298838583
01061070,4684052.372784418,1.0006907552153956,4680383.574199584,0.999906961069984,-0.07832531092415683,-0.07837941454116315
01061071,1728530.5757259647,0.19893241251262855,1727230.7280763425,0.19878281618354446,-0.07519957516958128,-0.014959632908409515
01061072,1353517.2739937743,0.26398765018846987,1352475.6187975672,0.26378448757441475,-0.0769591357436862,-0.020316261405511904
01061073,14491030.674645811,0.9957295647667248,14479875.120631741,0.994963027507053,-0.07698247463921418,-0.07665372596717956
01061074,14316290.874654138,0.956365177381675,14305298.172107799,0.9556308364820189,-0.07678457110564296,-0.07343408996561829
01061077,19745799.95125189,0.999269913542966,19730226.62555108,0.9984817988114766,-0.07886905437743325,-0.0788114731489431
01061056,792430.6381231272,0.20267012288814595,791815.8509930833,0.20251288643462978,-0.07758245333622711,-0.01572364535161741
01061057,1409010.6890360934,0.8859624309501539,1407919.0489500274,0.8852760258633088,-0.07747564263070074,-0.06864050868451432
01061058,3976489.040920411,0.6560779629799524,3973460.6842603693,0.6555783166718018,-0.07615654485346046,-0.049964630815058086
01061059,1778971.4234365602,1.000782471355384,1777580.5175802994,0.9999999999891143,-0.07818595835417577,-0.07824713662696325
01053132,0,0,0,0,NA,0
01061060,2858836.4473132803,0.9345820224280676,2856564.6832902203,0.9338393602106657,-0.07946463762188884,-0.07426622174019348
01061061,2614595.8184424327,0.4345043103504572,2612596.2412730674,0.43417201237428854,-0.07647748670218703,-0.033229797616868284
01061062,3976886.4546378073,1.0007843041691982,3973769.8109396896,1.000000000133782,-0.07836893845644236,-0.07843040354160724
12070348,22431985.83914801,0.77781197738609,22434709.161741752,0.7779064065171927,0.012140354462012951,0.009442913110269124
01061063,7477872.465073463,1.0007931337051992,7471946.212911863,1.0000000000298608,-0.07925051128217492,-0.07931336753383977
01061065,1751500.7682162046,0.28309164957401545,1750175.938557287,0.2828775199428138,-0.07563968471831584,-0.021412963120165385
01061089,508072.1319930227,0.1313705878393707,507695.9703077992,0.13127332491428836,-0.07403706315241915,-0.009726292508233092
16052000,6468319.383383093,0.04247677210581323,6470537.976785483,0.04249134137501024,0.03429937934247546,0.0014569269197010903
15087412,3019524.9457982313,0.01270319547229583,3018685.3275432205,0.012699663183274559,-0.027806302980843477,-3.532289021270993e-4
15091020,25227263.479848407,0.15643428830877495,25249133.39781411,0.15656990369389467,0.08669159848896195,0.013561538511971949
01061092,9167874.458588216,0.9300420432798654,9160896.18627983,0.9293341271030493,-0.07611657794735405,-0.07079161768160924
01061093,776342.9994250273,0.13951344780725053,775766.7087854515,0.13940988495664736,-0.07423144666759593,-0.010356285060317272
01061095,10588177.309900455,0.9707557684538122,10579788.856922435,0.9699866899921958,-0.079224711983024,-0.07690784616163349
01061096,1575761.4192589673,0.14516207251911348,1574610.3657076643,0.14505603532525566,-0.07304745104397184,-0.010603719385782195
01061078,2463843.728007604,0.3556489943582715,2461907.4120321055,0.35536949252882605,-0.07858923654481191,-0.02795018294454721
01061079,1424074.6136449429,0.13665284441474335,1422982.479597663,0.13654804427111816,-0.07669078830669536,-0.01048001436251833
16074087,499910.4722577918,0.11161719231674602,499921.75156833057,0.11161971069762314,0.002256266104576875,2.5183808771145344e-4
01061080,181275.49329345964,0.03281131959151753,181141.06689521731,0.03278698807580005,-0.07415585846715171,-0.0024331515717478103
01061082,4057627.3144223983,0.4082142589664246,4054464.5846604235,0.40789607513975656,-0.0779452994791637,-0.031818382666803924
14523100,1026032.8466438798,0.04085931729006156,1026477.0538197067,0.04087700678411529,0.04329366036183675,0.001768949405372977
01061083,450361.17911894375,0.04556224413033891,450011.12736590754,0.045526830013471006,-0.07772689327286819,-0.0035414116867901746
01061088,481824.67273183697,0.04569549074158737,481468.9995197526,0.04566175925607069,-0.07381797409165633,-0.0033731485516684534
14522250,1081793.6358843837,0.01991250204827543,1083020.7976371173,0.01993509033138629,0.11343769384725677,0.0022588283110858143
16074092,635441.829208392,0.05525987209970972,635623.7602696721,0.05527569335464636,0.028630639803305876,0.0015821254936640439
15091060,22000760.0311055,0.07404059715380529,22012605.749441605,0.07408046232473943,0.05384231417168055,0.003986517093414188
16074095,29196.95876618886,0.00728912252683661,29197.796246616275,0.007289331606744494,0.0028683824028390634,2.0907990788340824e-5
03354007,4850377.937673361,0.2257344388910331,4849513.838079576,0.22569422407902145,-0.017815098223029464,-0.004021481201163524
16074079,1770753.890678559,0.16738024451341152,1770805.2550428014,0.16738509972219656,0.0029007059938030693,4.855208785042864e-4
03354008,13147533.073969478,0.2711313671603199,13143953.052925507,0.27105753916577113,-0.027229602875532513,-0.007382799454874744
03354009,8598590.694835223,0.14657628461511155,8595690.963960323,0.14652685421504824,-0.03372332720339287,-0.004943040006330501
12061450,9334206.861939542,0.07046126206060997,9355923.601479879,0.07062519552581879,0.23265757724833797,0.01639334652088209
14627210,3837599.195024603,0.1468487627081791,3844424.624681531,0.1471099431621908,0.17785676174252432,0.026118045401171686
12061476,0,0,0,0,NA,0
15087440,4916885.155802923,0.13935537372152135,4915803.097550507,0.1393247058032406,-0.022006986499155924,-0.0030667918280741224
14522280,647343.9365037128,0.02292036029391031,647950.9382048486,0.022941852265804252,0.09376803688224382,0.002149197189394228
03354010,7875989.186251269,0.40347786689903187,7874864.639294465,0.40342025765191014,-0.014278167861971124,-0.005760924712172599
03354011,5511859.4454411995,0.1523113472592671,5510170.293516651,0.15226467026978643,-0.030645772833444624,-0.004667698948065957
03354014,13932021.25725028,0.3397820192120423,13928733.720838236,0.33970184091345296,-0.02359698102192207,-0.008017829858936176
03354016,256.74944995552204,1.1453631036984418e-5,256.6682134633507,1.1450007065021749e-5,-0.03164037632229219,-3.623971962669125e-7
12063202,170193.1045986833,0.00427935976719539,170316.17083178024,0.004282454162164312,0.07230976448025112,3.094394968922512e-4
12063208,602060.327765154,0.002239384422323,602522.3896903755,0.002241103077796167,0.07674678166169098,1.7186554731670085e-4
14627240,4101866.1548281703,0.14348567828429,4108333.7747608842,0.14371191941403486,0.15767506029179176,0.02262411297448419
15084355,16856769.006631702,0.1294216537497365,16859002.120865516,0.1294387989889599,0.013247581626915809,0.0017145239223415043
03354003,11758579.704471696,0.7181593623309934,11755235.607630009,0.7179551204484057,-0.028439632385326288,-0.020424188258771903
03354004,38142554.34915557,0.49790466004090544,38130848.60058837,0.49775185572928216,-0.030689472078999212,-0.015280431162328911
03354005,9961539.049572889,0.35100581477972476,9960291.351343157,0.3509618507565405,-0.012525155234777584,-0.004396402318423975
15085235,1533719.2036563088,0.01267713013414867,1533342.588651451,0.012674017180085328,-0.02455566859695948,-3.1129540633417774e-4
14730050,5330537.109245742,0.07700810779626847,5337407.100595182,0.0771073557751409,0.12887990850911,0.009924797887242431
15083040,6409067.077787692,0.2140812255109546,6409068.376921604,0.214081268905754,2.027024989584946e-5,4.3394799392748595e-6
14627230,7435046.285280522,0.12636763843177598,7445756.798086712,0.12654967660044092,0.1440544200430095,0.01820381686649386
15090180,11492922.742509624,0.42772685813318495,11494349.024482442,0.4277799394181386,0.012410089276443097,0.005308128495362663
12068501,730830.4927406482,0.0193916726568031,731170.1384895641,0.01940068473176121,0.04647394331374461,9.012074958108379e-4
15083025,7216159.582791977,0.1423104250187832,7214036.983259511,0.14226856507401003,-0.029414531484684873,-0.00418599447731538
15084360,3532261.4122568006,0.13917507504203522,3532250.277330422,0.13917463631340404,-3.152350598992823e-4,-4.387286311746674e-5
12062336,186554.5558117185,0.01447781013120796,186863.77449224284,0.014501807451059924,0.16575241444996205,0.002399731985196392
03354018,30654528.712882925,0.3436583258515533,30645785.380140502,0.3435603070850354,-0.02852215678901738,-0.009801876651793773
03354019,3016998.877998629,0.1321956392814278,3015781.3064750712,0.13214228903091849,-0.04035704263720432,-0.00533502505093153
14730080,4173351.745547079,0.05314827968552912,4176523.194461021,0.0531886685777586,0.07599284956811975,0.004038889222948011
15083030,15185324.687491233,0.23590887733737553,15186627.651809037,0.23592911930491656,0.008580417900958726,0.0020241967541023698
12061005,797524.0445364628,0.02400901680337946,799192.0857357212,0.0240592322538804,0.20915246514328126,0.0050215450500937925
12062341,49772256.48915622,0.5578785534386924,49837770.75447765,0.5586128782643125,0.1316280794617118,0.07343248256200807
03354021,16554840.151265549,0.7101215496888805,16553382.169306753,0.7100590094046774,-0.008806983006017621,-0.006254028420316082
03354023,236684.01545155328,0.00353864089100442,236636.54063086174,0.003537931099337796,-0.020058313021673744,-7.097916666239622e-5
03354025,2040677.329661104,0.07252047302561253,2040145.9485259277,0.07250158909392977,-0.026039449130569575,-0.0018883931682756039
03354026,5823067.60093256,0.1931957581384099,5821313.09274171,0.19313754766184993,-0.03013030778775113,-0.005821047655996114
14730070,9182.426107135005,1.0639228289009116e-4,9187.369701574036,1.0644956190240388e-4,0.05383756298556296,5.727901231271436e-6
12062372,17110929.558951735,0.3252754897947193,17140703.82744823,0.3258414929294473,0.1740073114900883,0.05660031347279881
15089195,22340867.195901804,0.17789505023109442,22342522.129491642,0.17790822807649817,0.007407651526356261,0.001317784540375011
01061002,3009862.03545196,0.9973184976698372,3007480.85526697,0.9965294930520828,-0.0791126024031246,-0.07890046177543297
01061004,6108130.5129418615,0.9690537767118416,6103468.329709836,0.9683141222039451,-0.07632749860447553,-0.07396545078964811
01061005,245648.4333316401,0.0474618686139862,245464.70973487478,0.047426371277029075,-0.07479127559395937,-0.0035497336957124315
01061006,14194058.32092658,0.9848396256125942,14183014.559917536,0.9840733660121622,-0.0778055208689886,-0.07662596004319733
01061007,13504383.056872277,0.9811515485014778,13493818.153688693,0.9803839628165423,-0.07823314207757734,-0.07675856849355123
01061008,1796384.2660372076,0.9952376832684254,1794980.1531867837,0.9944597728587635,-0.07816327925880528,-0.07779104096619083
12067173,4565012.942914635,0.31463387854196345,4573051.542283147,0.31518792203077445,0.17609149128456303,0.055404348881099574
14730090,6579899.879293293,0.21667627554838265,6586206.4564944515,0.21688395130097357,0.09584609670133903,0.020767575259092452
01061010,2877203.572125467,0.997312584837726,2874963.5025270167,0.9965361192365114,-0.07785579095453181,-0.07764656012145821
14729080,7117236.032182154,0.0837712589241504,7123954.688430102,0.08385033882112503,0.09439979533582246,0.007907989697462925
01061023,16406283.312936949,0.9995126145120056,16393389.375142178,0.9987270829427412,-0.07859146126413476,-0.07855315692644194
01061025,15255158.75446731,0.9801375582086184,15243077.54998267,0.9793613458823897,-0.07919422327284426,-0.0776212326228709
01061026,7138551.353399338,0.9998763930088576,7133031.217867441,0.999103203473431,-0.07732851188734531,-0.07731895354265994
01061027,4921887.124795372,0.9947099598687856,4918062.574750513,0.993937020968486,-0.07770495234625753,-0.07729389002996134
01061028,1745721.7063995178,0.1698059362234915,1744434.2964492617,0.1696807101630574,-0.07374657401215151,-0.012522606043408047
01061029,10000653.871768428,0.7887952343145642,9992849.756168434,0.7881796896439609,-0.07803605344270959,-0.06155446706033185
15083411,4707152.203613353,0.01884753603297515,4705487.016305547,0.018840868588110835,-0.035375684400591634,-6.667444864313921e-4
15083415,26748195.83917313,0.14068892198240882,26742439.597433887,0.1406586455686337,-0.021520112137107833,-0.0030276413775121025
01061030,9373084.869687296,0.9990560806186084,9365864.751872793,0.9982865044645836,-0.07703032581998254,-0.07695761540248425
01061031,2467199.9278712813,0.18797925558219403,2465252.2828998617,0.18783086191221623,-0.07894151379535887,-0.014839366997779213
01061012,6680401.833366765,0.980687382427762,6675198.950476416,0.9799235957978426,-0.07788278340325813,-0.0763786629919383
01061014,223641.3748491612,0.03767610970687402,223464.53993793062,0.03764631892455558,-0.079070749475513,-0.0029790782318434017
01061015,13353429.237465732,0.9632336260067492,13343025.232937614,0.9624831455999268,-0.07791260464336584,-0.07504804068224624
01061016,2135305.3712776587,0.7021917323146039,2133691.416794533,0.701660985982193,-0.07558424686395632,-0.0530746332410903
01061017,4367078.608355135,0.4280838820698595,4363759.153628649,0.42775849175905756,-0.07601087647322685,-0.03253903108019207
01061018,13264990.553348452,0.9864796870404772,13254527.21825538,0.9857015585158846,-0.07887932562779283,-0.07781285245925806
01061019,379876.3349931521,0.0304272226190425,379597.31261769903,0.03040487356712339,-0.07345084432756747,-0.002234905191911274
09475137,194431.5647021053,0.01045536395374585,194452.49439727762,0.010456489427280996,0.01076455626142274,1.1254735351462486e-4
16074021,293312.22322411207,0.0426593516823462,293310.12668286695,0.04265904676123071,-7.147814100869583e-4,-3.049211154890208e-5
15081240,16239133.473601786,0.05939951720636214,16237282.671559146,0.059392747340965314,-0.011397172427022633,-6.769865396827335e-4
16074026,1170370.1924490177,0.15288693032507575,1170439.441315714,0.15289597639163316,0.005916834446327793,0.00090460665574110255
12070302,53174.89965550999,2.6357518167033123e-4,53186.51744352756,2.636327682498486e-4,0.02184825564851029,5.758657951735651e-6
01061020,8190298.882005378,0.921652664664473,8183792.672916296,0.9209205222811235,-0.07943799344583506,-0.073214238334951
01061022,1211687.293322229,0.1606320405463336,1210753.0636637502,0.16050819075669942,-0.07710154786862385,-0.012384978963417281
01061045,926108.8462069408,0.16699238256056972,925387.2270334385,0.16686226296871173,-0.0779194774413233,-0.013011959185799116
01061046,3857783.305231266,0.13514362421349027,3854798.763421745,0.13503907147819055,-0.07736416416842347,-0.010455273529971776
09475141,874794.5691331651,0.02792581021054828,874969.4229734977,0.027931392018360087,0.01998798878070969,5.581807811808059e-4
01061047,1108589.80430751,0.12796074540018848,1107728.7020024366,0.12786135129391502,-0.0776754667711549,-0.00993941062734649
01061049,6048425.53810532,0.3219275349471597,6043931.100684418,0.3216883184517644,-0.07430755975396752,-0.02392164953953224
16074031,560866.4006115776,0.1630687101321127,560867.2256982552,0.16306895002136282,1.471093074536297e-4,2.3988925013096463e-5
16074011,3175573.3069345527,0.1025644601072058,3175796.6823865026,0.10257167467302307,0.007034177150377917,7.214565817273422e-4
16074012,1880514.8077937895,0.17555488957033913,1881042.5843231357,0.17560415998817533,0.028065534350421403,0.004927041783620023
01061050,7279371.928957942,0.8532574543716499,7273819.942881637,0.8526066738438232,-0.07627012509442511,-0.06507805278267442
01061052,2338238.2946247044,0.41589290693442293,2336409.7772888476,0.4155676760150861,-0.07820064105785603,-0.032523091933683856
01061053,2005792.0991573185,0.5822712933186744,2004264.5461241445,0.5818278524054248,-0.0761570969302241,-0.04434409132496597
01061054,5438631.2635325985,0.996289812966244,5434410.85700916,0.9955166868206876,-0.07760052702482455,-0.07731261455563576
01061055,3237714.9662101474,0.913110422885568,3235208.6651100563,0.912403588071118,-0.07740956588976039,-0.0706834814449997
01061034,7081326.182535376,0.7709166644289672,7075824.455295124,0.7703177126078925,-0.0776934588018439,-0.059895182107472245
01061035,472107.6041282369,0.5452870201404623,471740.7820403922,0.5448633385020955,-0.07769883065578002,-0.042368163836681294
01061037,12516400.568552896,0.9975372630099144,12506731.284196269,0.9967666363908999,-0.07725291551407693,-0.07706266190145028
01061039,7195217.35223954,0.9740423014749822,7189612.732118814,0.9732835840083603,-0.07789368751982363,-0.07587174666218166
15091010,92518251.02356288,0.4080974007328543,92613496.06226048,0.40851752597619995,0.1029472970401732,0.042012524334567036
16074044,1052277.6505470353,0.13228030423479073,1052293.766993747,0.1322823302100389,0.0015315774029262346,2.0259752481766036e-4
16074048,454107.9618106215,0.08491625130573026,454110.8025264684,0.08491678250747309,6.255595774170979e-4,5.3120174282883514e-5
01061040,98392.19495639736,0.00695279509753688,98315.95869862795,0.006947407931618813,-0.07748201755555816,-5.387165918066539e-4
01061041,8463677.240353191,0.47529912466747987,8457256.061262622,0.4749385271736944,-0.07586748535203876,-0.0360597493785475
01061044,6011082.623064851,0.207020251875489,6006503.531462047,0.20686254905281673,-0.07617748565348138,-0.01577028226722732
12073384,170774.84828509134,0.00152257994154542,170984.2852040477,0.0015244472215051109,0.12263920656905533,1.867279959690861e-4
16074033,489878.4548256841,0.12738223350004785,489887.0338713668,0.1273844642942165,0.0017512600520042864,2.2307941686394717e-4
15086080,70587779.52849671,0.2596368734649134,70607745.10923973,0.259710311119358,0.028284755344874655,0.007343765444461914
15083440,5399301.222785094,0.22450609407168096,5399717.118704905,0.22452338726660465,0.007702773056185428,0.0017293194923689859
16074065,962866.0949097654,0.12735095564908347,962849.374075994,0.12734874411191202,-0.0017365689642403926,-2.2115371714481746e-4
09475181,154722.86433950215,0.00745263699447638,154755.93185046426,0.007454229778817362,0.021372090739962782,1.592784340981833e-4
14730020,12926203.461784976,0.28247646486395517,12935083.012593258,0.2826705097843619,0.0686941903284601,0.019404492040675514
12061428,11814772.387560446,0.3865033792722973,11838097.410307962,0.38726642402828515,0.19742253157644504,0.07630447559878739
15090135,7180766.953276611,0.2169617393380089,7181640.72562646,0.2169881397448237,0.012168231548729452,0.002640040681478606
15084315,346960.6419971899,0.00357317747100821,347061.22557633196,0.003574213331954507,0.028989910372274653,1.0358609462968182e-4
14730010,47809711.198426425,0.8135592016956911,47868301.79591549,0.8145562150330493,0.12254957417729566,0.09970133373582435
16074063,2293984.266792416,0.3734071385576332,2294104.1928377557,0.373426659720911,0.005227849513860973,0.0019521163277802511
15088295,1095020.7135912648,0.01063341620565341,1095257.5075669002,0.010635715640601695,0.021624611543541915,2.2994349482847315e-4
12067124,4472131.707939,0.2523740953886644,4480011.075882703,0.25281874874122473,0.17618819073945466,0.044465335256033134
15089130,436871.3170181277,0.02189043289745117,436858.1951691804,0.021889775397307118,-0.0030035958956687175,-6.575001440523032e-5
12068052,635049.2769072131,0.01416445661096981,635293.6358352075,0.014169906914684725,0.038478734939192384,5.450303714914922e-4
14730045,20959604.56828217,0.1316755132705139,20985562.67633673,0.13183859111821283,0.12384827189843739,0.016307784769892253
12066272,2266625.158360435,0.06094829348349726,2271163.4277643682,0.06107032503093591,0.2002214343732001,0.012203154743865158
14729030,13617346.1325429,0.290479608855954,13628732.727358175,0.29072250299817143,0.08361831082535881,0.024289414221745353
14730030,50509428.08503415,0.541631511899542,50565113.058754325,0.5422286427254023,0.11024669221443306,0.059713082586032584
15089165,5494552.340603953,0.15111309714783533,5494460.300017271,0.15111056581548016,-0.0016751243955193545,-2.531332355171223e-4
03357057,1096619.7638274406,0.01480672752514358,1095749.7750562774,0.0147949808038921,-0.07933367607079328,-0.0011746721251480394
15090500,44724172.37836506,0.5999726657769234,44735360.09175835,0.6001227484251105,0.025014914303250094,0.015008264818705541
14522600,576743.594284918,0.03693827965455031,577289.2479117884,0.036973226737558394,0.09460939528021957,0.0034947083008086965
12067144,23032350.03850779,0.3262044302774878,23081295.064554635,0.326897632851686,0.21250556701775922,0.06932025741981929
12066292,2874437.4071284793,0.1796157712341633,2880410.6989875105,0.17998902598704325,0.20780733802787585,0.037325475287994236
12066296,4349457.220541939,0.1296363658586333,4358128.5764116775,0.12989481720210458,0.19936639056442865,0.025845134347127208
14729050,2679534.960390518,0.04265895293992881,2681245.9597065267,0.04268619253201506,0.06385433820797766,0.0027239592086253372
15089185,20882.47554580338,0.00140959955519601,20883.357191265226,0.001409659067634959,0.004221939395607364,5.951243894908309e-6
09464000,1598382.0889884764,0.02747584902828003,1598780.0871615717,0.02748269053244405,0.024900064623919548,6.841504164020046e-4
12067137,2594707.0682866583,0.01488162960798564,2600740.3441839404,0.014916232734605796,0.23252242887155966,0.003460312662015644
15086005,26218601.873637293,0.6573217902872195,26220227.475303985,0.6573625454504045,0.006200184413064302,0.004075516318502448
15090520,78227740.1350117,0.7277300068635861,78232161.274457,0.727771135443209,0.005651626184854135,0.004112857962290661
12068409,7956760.42171278,0.3976165817956581,7960442.472933778,0.3978005818839974,0.046275758296674144,0.018400008833929782
14729040,4403812.127866332,0.1812738497301337,4406399.762045243,0.18138036435784363,0.058758959369234615,0.010651462770994158
14627140,4551189.774986759,0.14613363661606024,4558622.449330981,0.14637229151409892,0.16331277559709506,0.0238654898038676
15089175,3491825.155467438,0.03633383676354165,3491584.0791548076,0.03633132826812717,-0.006904020158425295,-2.508495414478562e-4
16073111,313307.99573442206,0.00499870621114577,313300.5772217715,0.0049985878516855325,-0.0023678018919188414,-1.1835946023708993e-5
15003000,73804236.0348607,0.3671497462690172,73806497.7229205,0.36716099736030827,0.0030644420717782887,0.001125109129107571
12063112,15723797.273332054,0.7798673164319373,15730929.707734348,0.7802210701963908,0.04536076291438354,0.03537537644534572
12068426,2517499.6893835943,0.04802250174627416,2519196.7852202817,0.04805487465504734,0.06741195813624504,0.00323729087731775
15090546,56254757.76671999,0.18944217332588903,56262575.7536744,0.1894685009912897,0.013897467991655692,0.0026327665400671663
16073107,980066.6255832426,0.0407634594141594,980063.4850657788,0.040763328792064096,-3.2043918054267445e-4,-1.3062209530678714e-5
12063142,16407648.614141246,0.35016480282734364,16419256.79446963,0.35041253949403267,0.07074859171703195,0.02477366666890357
16073109,8216268.517904068,0.0675059357912348,8215709.945152201,0.06750134648451483,-0.006798375085361429,-4.589306719968156e-4
01053082,5589059.41978865,0.6181464494658666,5586145.223027973,0.6178241411407343,-0.05214109462423646,-0.032230832513235885
15086015,70867275.282094,0.4276196025683379,70875778.67657346,0.42767091282618697,0.011999042499665727,0.0051310257849046526
01053083,2200884.3161066626,0.23245534309682112,2199713.5986091904,0.2323316930096481,-0.0531930501255591,-0.012365008717302173
15090535,39233476.64646394,0.14558803091175915,39238629.309207305,0.14560715147121195,0.01313333200062365,0.0019120559452801
12070296,4319960.0949629815,0.03116300176570676,4320410.584254976,0.031166251471327476,0.010428089197400162,3.2497056207149433e-4
12063134,50837161.30217464,0.6797504690193666,50856693.80257998,0.6800116406892939,0.03842169764207193,0.02611716699272293
14729410,3678273.1268818807,0.05333294977664724,3681469.3402231196,0.05337929312302844,0.08689439938214646,0.004634334638120574
15088205,18160064.77515031,0.20729336818209573,18166033.418788977,0.20736149900974732,0.03286686315587394,0.0068130827651585735
09475113,1201448.5831315864,0.03101984815700775,1201638.1278570266,0.031024741956613217,0.015776349325425123,4.893799605467514e-4
12068425,4164.286211970776,6.327268697477433e-5,4166.777733461204,6.331054346477773e-5,0.05983069759387478,3.785649000339112e-6
14628030,2655576.297430103,0.05564615379325927,2662036.318706985,0.055781520017844484,0.24326249948583717,0.013536622458521635
12063161,14047304.872626437,0.3339935227161726,14055213.862553047,0.33418156956435224,0.05630254342968062,0.01880468481796349
12063165,1229105.9525189882,0.02879908797561936,1229823.6917206454,0.028815905268196714,0.05839522623629577,0.0016817292577353538
15085160,1469502.45862995,0.0890458127076982,1469185.0473728098,0.08902657888934788,-0.021599913309164193,-0.0019233818350311571
14729400,3302500.174384612,0.0939317469887676,3305459.211072227,0.09401590973541253,0.08959989496946048,0.008416274664492518
12063148,11950219.761126848,0.1272631485966845,11960291.722632337,0.12737040934664182,0.08428264673636167,0.010726074995731638
14627180,2121980.376447319,0.01694267175944619,2124986.017829924,0.016966669905676624,0.14164322233917023,0.002399814623043478
15086055,18359572.821636315,0.11363472785676844,18361802.298115637,0.11364852697701226,0.012143400617112037,0.0013799120243823682
16055000,1655929.6166530473,0.01963190664767992,1655719.0406244546,0.019629410159366655,-0.012716484231876136,-2.49648831326596e-4
15086035,53510060.07718201,0.4901378209601509,53521913.174726464,0.4902463921595419,0.02215115723540084,0.010857119939100546
15090550,43884039.62025007,0.48373738402087085,43892019.80622642,0.4838253502683176,0.018184711447271597,0.008796624744672465
15087370,5048841.991135597,0.02409244704236789,5047940.642144322,0.02408814591690643,-0.017852588630370272,-4.301125461458888e-4
14729430,8321682.765698163,0.17950572157838007,8325885.852133479,0.17959638570060998,0.05050765035938624,0.009066412222991094
14627170,1677066.898973038,0.04739529496699533,1679860.380223781,0.04747424105313227,0.16656945840704113,0.00789460861369412
12071164,1495709.4066770505,0.2253876490081435,1499255.001208838,0.22592193274821246,0.2370510284925362,0.05342837400689471
15086040,4835543.763994785,0.02081183930525815,4836842.457139838,0.020817428788956534,0.02685723071565464,5.589483698383718e-4
12069306,22949217.664032657,0.11422059539817134,22965788.168046076,0.11430306848558411,0.07220509324546347,0.008247308741277104
12063189,57474381.25175719,0.3562692923572892,57498778.45823397,0.3564205245288702,0.04244883710867594,0.01512321715809728
15085185,7128681.864276745,0.04249478224730494,7126269.9138673935,0.042480404370807134,-0.03383445151955252,-0.0014377876497807807
13076125,5348987.77652112,0.096384684560109,5349835.389976823,0.09639995790881907,0.015846240281629925,0.001527334871007091
15088216,9564952.377296342,0.07492358765017493,9566169.77412719,0.07493312368700639,0.012727683137630006,9.536036831458983e-4
13076126,5619072.940800581,0.11513896527490274,5618867.872400037,0.11513476327152994,-0.003649505936381334,-4.2020033727968586e-4
12071176,1026999.91705406,0.04272612920422265,1029855.7771134174,0.04284494113775746,0.2780779250254833,0.011881193353481534
12068477,20993594.716365892,0.10688940932978896,21005841.852732368,0.10695176592902224,0.058337490705810006,0.0062356599233273635
12062282,486730.3126913256,0.02065859850721995,487386.8653575557,0.020686464981891507,0.134890441197247,0.0027866474671556923
12065332,3280599.629061939,0.13961364125114908,3284463.9485948286,0.13977809646725203,0.11779308571080885,0.01644552161029489
03357002,176813.3384177539,0.01095522078013544,176672.1546488688,0.010946473140548136,-0.07984904880395462,-8.747639587304915e-4
03357008,21116694.940751553,0.14083595281607036,21099856.552001573,0.14072365065277517,-0.07973969788939021,-0.01123021632951915
15088220,10063868.742903631,0.18499991968507049,10066723.239363438,0.1850523927080496,0.028363808518658776,0.0052473022979115935
14627190,3755777.699731626,0.1206401848138931,3761424.83375355,0.12082157768283804,0.15035858012382897,0.018139286894493234
13076114,23577503.907379813,0.20285228065818608,23586463.806429207,0.20292936837551936,0.03800189826960166,0.007708771733327957
13076119,3039776.877984489,0.17067863781294795,3038944.963592373,0.17063192714274986,-0.027367613660763523,-0.004671067019809683
12068468,985363.6709558796,0.00234372219450265,985939.2484299343,0.0023450912257957333,0.058412694827311075,1.3690312930833386e-4
14522580,2416504.343928147,0.09368233131490795,2418728.266794294,0.09376854770400267,0.09203057597371893,0.008621638909471485
16077001,888222.3278905862,0.01931340597968785,888797.8354203581,0.019325919750416014,0.06479318428513761,0.0012513770728164036
13076120,753268.5756289634,0.0223258240216167,753384.0134030629,0.022329245435324083,0.015324915685369974,3.421413707384302e-4
13076122,966939.73601249,0.03631428764831159,966442.4788639545,0.036295612710821115,-0.05142586761260512,-0.0018674937490477383
12065356,19096814.95111254,0.08542426820886441,19120916.877608318,0.08553208144571027,0.1262091430297657,0.010781323684586064
14522570,1438145.2031781331,0.03447212355679933,1439799.7430925097,0.034511782628937525,0.11504679157015772,0.003965907213819564
13076151,72895.40526646237,0.00402693769532696,72908.78347417997,0.004027676743402175,0.01835260764200071,7.390480752152845e-5
14523450,553671.0694015368,0.004541267996288,553873.8304370114,0.00454293106349917,0.03662120827330996,1.663067211170495e-4
13076156,0,0,0,0,NA,0
01053006,650625.8482109584,0.0865788390246485,650282.7009954839,0.08653317639441022,-0.05274109788568553,-0.00456626302382801
13076136,22660729.398050252,0.8172262196756868,22650696.00582224,0.8168643799900795,-0.04427656344051451,-0.03618396856072126
13076138,721046.1686564296,0.06994230641547924,720741.587737323,0.06991276171654248,-0.042241527983451044,-0.0029544698936762037
15091391,16387620.094886543,0.10949907958652208,16402059.19648393,0.1095955590219627,0.08810981407784038,0.009647943544062454
03357016,46863.721175353305,3.809051897325144e-4,46826.31499794284,3.8060115482563224e-4,-0.07981905079730575,-3.0403490688214263e-5
16077005,289855.7296672885,0.03286462343922989,290043.4684897375,0.03288590977264753,0.06476974688908,0.0021286333417636083
13076140,2896705.560068685,0.06909562689913704,2896541.3772548973,0.06909171061762015,-0.0056679151671852985,-3.9162815168858334e-4
01053012,1491906.5179015987,0.1793573155825428,1490980.4378530192,0.17924598204419123,-0.06207359760597085,-0.011133353835157678
16077007,6441.2778371295035,0.00205658709662575,6445.364097258352,0.002057891767852015,0.06343865661707207,1.3046712262652568e-4
13076143,8108241.77868296,0.10470947018125049,8105813.349994977,0.10467810956223683,-0.029950126726211754,-0.0031360619013653945
13076145,321.1292218426683,1.3563163338466585e-05,321.03027930736613,1.3558984417097407e-5,-0.03081081651007355,-4.1789213691775947e-7
16051000,11381197.493676186,0.04210366090121215,11377659.492911268,0.042090572402874685,-0.031086366499513133,-0.001308849833746295
14524320,1496866.4126067464,0.11807244672310348,1497966.4330866185,0.11815921606231114,0.07348821983095156,0.008676933920766239
03357040,3060058.196945176,0.09650089002415478,3057616.2851725067,0.0964238827764958,-0.07979952064660169,-0.007700724765898059
03357042,1371280.8387470194,0.07330412173999057,1370192.2735846557,0.07324593065984923,-0.07938309437462494,-0.0058191080141337115
03357043,1401175.441395994,0.03330262474476166,1400058.5513265738,0.033276078910625444,-0.0797109367194915,-0.002654583413621431
16077036,1679752.7067972245,0.01667077969508385,1680852.688291096,0.016681696509849978,0.06548472816387092,0.0010916814766129268
01053028,803612.6345125275,0.09277463139994188,803117.8277001318,0.09271750746029397,-0.06157280151472997,-0.00571239396479073
14524310,762163.3249500833,0.0363845642808576,762745.4677639332,0.03641235492879064,0.07638032358590437,0.0027790647933040313
12061332,5120146.1812933255,0.05149340804654479,5128202.554377245,0.051574431144694045,0.15734654438878312,0.008102309814925213
16062064,3711271.124692605,0.05563502154939687,3709969.022900829,0.05561550196734237,-0.03508506244969196,-0.0019519582054497442
03357035,201340.9289331101,0.0058994038310005,201180.099059442,0.005894691424149671,-0.07987937401516576,-4.712406850829534e-4
14522140,4090898.4939164952,0.14646347221929723,4095926.127163615,0.14664347292660232,0.12289801994834013,0.01800007073050891
03357036,3081295.70831879,0.1083800571812775,3078838.465079944,0.10829362725440762,-0.07974707627741955,-0.00864299268698715
03357038,48384.55014819896,0.00197297433147655,48345.94594398344,0.001971400169811908,-0.07978622121582556,-1.574161664642023e-4
01053032,3429266.1121162144,0.10345651730274322,3427203.433066751,0.10339428894723099,-0.06014928506643625,-0.006222835551222827
13076161,11718.200169458196,8.832263070710622e-4,11717.612513685548,8.831820141736549e-4,-0.005014897886618201,-4.429289740732513e-6
12070241,8467064.426160969,0.20246632744522905,8468459.438994775,0.2024996853023308,0.01647575551091282,0.003335785710176231
12070244,37334206.54945563,0.38858805360094345,37329023.132891975,0.38853410270872873,-0.013883826770996519,-0.005395089221471583
12070246,37924929.54714356,0.9001904842589786,37917480.562945314,0.9000136743143662,-0.019641392316866995,-0.01768099446124438
01053019,1510457.614531035,0.28110134951468596,1509657.796932186,0.28095250071268113,-0.052952005481954265,-0.014884880200483064
14521240,705321.5072616473,0.0311035617429358,706181.4229995441,0.03114148266548251,0.12191826408858004,0.003792092254670948
14627100,2450289.4526300165,0.02180992471198663,2454458.127833124,0.02184702991693738,0.17012990847399082,0.00371052049507499
12061328,2437645.5071347635,0.09773388464730948,2442196.4115341427,0.0979163466026299,0.18669262557082558,0.018246195532042875
12061329,30659088.704974003,0.14456622704630273,30721709.729254164,0.14486150278985377,0.2042494637813592,0.02952757435510378
01053022,812019.5453133722,0.1333730071746133,811600.6077004592,0.13330419729241869,-0.051592060231911256,-0.0068809882194625915
12070236,20514146.4500865,0.3375659449891615,20512864.360941775,0.3375448478582254,-0.0062497805982073724,-0.0021097130936065245
14524330,8105326.885160192,0.07830586466560494,8110947.345329098,0.07836016414045407,0.06934279454165908,0.005429947484913988
14521270,1429826.7461498224,0.04953847754173217,1431693.6487578272,0.0496031591635918,0.13056844915175783,0.006468162185963022
15083361,15103948.751621803,0.48438336826920264,15104661.614746599,0.4844062297769568,0.0047197136094540414,0.0022861507754157184
12072426,9102669.58512326,0.0717857086605039,9113586.926852506,0.0718718052836312,0.11993560380449916,0.00860966231272936
16077048,3399001.3005966586,0.3402206815031318,3401166.2297386304,0.3404373785864657,0.06369309542752213,0.021669708333393878
15084246,6891622.338923057,0.16760482145749558,6891131.7299879175,0.16759288980788747,-0.007118917883358778,-0.0011931649608110106
15090070,10866924.030078309,0.03736212187261484,10865984.859193262,0.037358892861629835,-0.008642472170113958,-3.2290109850049986e-4
12061344,2438781.1489857403,0.03905846897365863,2443335.812582402,0.039131414505015415,0.18675983281878292,0.007294553135678283
14522150,2258952.983977228,0.03446919404013354,2261584.629792477,0.03450935012611415,0.11649847667991996,0.0040156085980611045
16077052,2878581.6069350485,0.1405530768398844,2880480.255200473,0.14064578251649237,0.06595777103732084,0.009270567660796258
15084250,2605021.3774300786,0.13028356361052076,2605107.114870659,0.13028785155202882,0.0032912375047411077,4.287941508057669e-4
12062224,48772187.78401585,0.32629988002657145,48835144.73197172,0.32672108000750755,0.12908370695747642,0.042119998093609334
14626600,2559001.272092295,0.04021444194804762,2566166.2685395675,0.04032703913071773,0.2799919064289617,0.011259718267010721
12062232,0,0,0,0,NA,0
14522500,1370183.4344529207,0.02549815714903107,1371745.7786476659,0.02552723128377595,0.11402445508100771,0.002907413474488238
12067040,5466736.921201209,0.3026120746474085,5478988.334673895,0.303290253550431,0.22410834194658766,0.06781789030224639
15083390,3651283.443933975,0.0466982447269989,3651075.2402898856,0.04669558189764752,-0.00570220436967987,-2.6628293513797363e-4
12066196,33298267.10493483,0.2387387917383979,33367795.293984607,0.23923728842572375,0.20880422645018817,0.049849668732585006
12067036,12886415.13653257,0.16521395580303172,12916962.247820612,0.16560559374428857,0.23704894623053596,0.03916379412568505
15085135,665234.3599795474,0.0046492436066186,665063.6386890705,0.00464805045587954,-0.02566333021075734,-1.1931507390601503e-4
15084285,5430191.289404978,0.173529242154779,5430474.292011062,0.1735382858928619,0.0052116507688378215,9.043738082914476e-4
15089075,5501350.814649155,0.18781875830952388,5500723.129211397,0.18779732882729291,-0.01140966026174943,-0.0021429482230966856
12062240,514397.8485153883,0.01468377158853719,515249.94856827415,0.01470809525665375,0.16565000326985949,0.0024323668116560046
14522510,2331725.478845414,0.05227333439854359,2334771.647787754,0.05234162434485247,0.13064011908676904,0.006828994630887764
15084275,1363997.8256079503,0.04893807912667269,1364484.5279777797,0.04895554123595079,0.03568204880476828,0.0017462109278103266
15082430,21785186.388508823,0.04625346344771439,21790137.8117015,0.04626397611754298,0.022728394902730403,0.0010512669828592613
14522540,174810.4019233529,0.00226838269045057,175046.6956354781,0.002271448895668054,0.13517142545601712,3.0662052174839846e-4
14625310,85273.54709508803,0.00202759709295564,85475.37943690702,0.002032396174071391,0.23668810398368378,4.7990811157510443e-4
13076103,7284151.0619627,0.21241009983137843,7282563.3516074475,0.2123638012699958,-0.02179677963495108,-0.0046298561382634995
13076105,22313361.733749855,0.23709178672548348,22311780.64131796,0.2370749867455374,-0.007085854882655217,-0.0016799979946080512
13076106,5589814.153847727,0.27962875865373177,5586935.536169091,0.27948475667692874,-0.05149755607982545,-0.014400197680303206
13076108,12002857.019782836,0.09614433398644244,12003353.957022622,0.09614831451373468,0.004140157955456516,3.9805272922383006e-4
13076109,2642473.9020729926,0.10617383499536358,2643073.24898287,0.1061979165803754,0.022681280197590494,0.002408158501182589
16073035,1602649.5098506554,0.24597761034538923,1602596.4545235245,0.2459694673156728,-0.0033104759839780113,-8.143029716439765e-4
14522530,1096346.9933532982,0.03481474327694806,1097371.3936727387,0.034847273337549646,0.09343760010754276,0.0032530060601589084
16073038,2560054.4961023214,0.1165344618500336,2559851.767615496,0.11652523358745176,-0.007918912942435411,-9.22826258184517e-4
14625340,1669192.947158219,0.01786388347744495,1673971.8524892093,0.01791502783923242,0.2863003548586901,0.0051144361787471004
12067072,2135478.6716376184,0.01911443434892435,2140426.4446374937,0.019158721320007503,0.23169386168961295,0.004428697108315241
14521670,667811.3862595323,0.02218979953474635,668629.7064657196,0.022216990387888633,0.12253762409934285,0.0027190853142282367
16062008,1643324.781063536,0.20660354904473816,1642754.6227455435,0.20653186709034183,-0.034695412894794025,-0.007168195439632985
01060063,0,0,0,0,NA,0
14625330,3882877.565538737,0.02880244236352003,3893463.126055156,0.02888096402471421,0.2726215374486106,0.007852166119417733
13076100,490991.276715487,0.02532781904314897,490964.78770240356,0.02532645260557293,-0.005395006864613453,-1.3664375760370773e-4
13076102,7749080.214471319,0.594648617053986,7745605.280571475,0.5943819577111084,-0.04484317885049978,-0.02666593428776176
15082005,36914498.84990158,0.617153240644848,36924575.49608231,0.6173217065603832,0.02729725851543263,0.016846591553520973
01056042,12413371.294607116,0.979684127579958,12403921.103790645,0.978938302636373,-0.0761291239276546,-0.0745824943584994
01056045,13292494.651556188,0.7336712561890208,13282300.593449546,0.733108601276394,-0.07669033070063165,-0.056265491262685874
01056049,2989216.696814065,0.26254150274189403,2986956.1553109423,0.2623429604402025,-0.07562320609047342,-0.019854230169152887
01056029,1355316.410724291,0.12399492367333816,1354291.5285003614,0.12390115944815443,-0.07561940634822237,-0.009376422518372896
14521690,1129895.2029233747,0.04916520520671888,1131282.2032512901,0.04922555784435051,0.12275477622409908,0.006035263763162768
15090485,6105174.780897325,0.09303423142786496,6107353.588434969,0.09306743337407758,0.035687881442174434,0.003320194621261874
15090003,72719567.28914656,0.7831386978714509,72717996.40113525,0.7831217805101747,-0.0021601998882369317,-0.001691736127618082
01056033,11422093.808273714,0.9691625801991725,11413412.693495387,0.9684259891906593,-0.07600283209054515,-0.07365910085131988
15090007,3191670.218088046,0.03197364775740657,3191472.26184196,0.03197166466302298,-0.006202277571301867,-1.9830943835882908e-4
15090008,56908665.43572617,0.8425377827168136,56915340.893754065,0.8426366134583602,0.011730125766929495,0.00988307415465961
15091375,46897739.766483694,0.1937357006817854,46930711.701895766,0.1938719085468488,0.07030602237175539,0.01362078650634091
01056036,4567864.030337608,0.4167776762851724,4564403.585348676,0.41646194091918487,-0.0757563046086707,-0.031573536598755725
01056037,8325736.527350081,0.9585056819574552,8319401.968517132,0.9577764118665595,-0.07608406550147213,-0.07292700908957395
12063088,28095344.675152328,0.3323260875007216,28113466.983378846,0.3325404474190296,0.06450288628260112,0.02143599183079825
01056038,59612.05046459633,0.00935176298496706,59567.27168010462,0.00934473822108027,-0.07511700091293672,-7.0247638867902e-4
14730360,10676463.603673823,0.15622357713035806,10684230.380649874,0.15633722465701236,0.07274671899202863,0.0113647526654298
16073076,4654109.513246779,0.03443703339047009,4653512.537635201,0.03443261620410808,-0.012826849258263663,-4.4171863620157126e-4
16073077,4250761.001725982,0.02919324137754725,4250277.88044833,0.029189923412583477,-0.011365524372120255,-3.3179649637712916e-4
12069696,491687.266151881,0.00722362277136514,491926.74156737485,0.007227141024091277,0.048704823569674045,3.5182527261369903e-4
12069216,0,0,0,0,NA,0
14729350,7624542.729865822,0.15648870672863216,7628241.00234588,0.15656461133013272,0.04850484299302544,0.007590460150055933
15082015,16755627.443288649,0.1938421155337646,16764150.474540213,0.19394071658073558,0.05086667915249252,0.009860104697098637
15083320,1499123.8520210157,0.02466416298359811,1498608.1186692354,0.02465567793986591,-0.034402317799497234,-8.485043732197467e-4
12061316,27782896.661316745,0.22951150913498847,27838365.220334683,0.22996972891116738,0.19965002099715815,0.04582197761789086
01056050,5641929.62133764,0.1999269834500704,5637691.673045837,0.1997768078408616,-0.07511522787833017,-0.015017560920879691
01056051,1519195.8250801107,0.16167303727859267,1518052.0920489063,0.16155132104561074,-0.07528542484930303,-0.012171623298193324
12069249,33148513.75059968,0.3330617020203395,33175317.536847744,0.33333101468803666,0.08085969238237908,0.026931266769714135
15084207,662341.772723686,0.01941625989119947,662582.4799208343,0.01942331611759192,0.03634184148744163,7.056226392448267e-4
15089015,272747.0241419291,0.00173677053991374,272735.60409483337,0.0017366978205085642,-0.004187047368040687,-7.2719405175671395e-6
14521220,175988.60622895224,0.00890830974192139,176206.72151355378,0.008919350448227975,0.12393716233981061,0.0011040706306584755
12065256,17676164.584522054,0.10757225964449274,17697722.327610724,0.10770345411973056,0.12195939331514759,0.013119447523782246
15090010,3317559.0554413055,0.10621123491544718,3318301.3637508685,0.10623499982239507,0.022375134764985434,0.0023764906947887354
12063094,8996896.745767586,0.29693685102034734,9001410.754390284,0.29708583300199937,0.050172951299257855,0.014898198165202992
14729370,2957589.030207704,0.06410288164208457,2959339.370430098,0.06414081857347141,0.059181319801932454,0.003793693138684495
15089005,2879967.3405377455,0.12066816939601088,2880134.4039976066,0.12067516921215138,0.005800880361021674,6.999816140496051e-4
03353023,24917009.012565903,0.9509707960273744,24902018.743287783,0.9503986844909982,-0.06016078924465012,-0.0572111536376263
03353026,7471389.383349832,0.1330066868209161,7465898.606493149,0.13290893926683894,-0.07349070668060108,-0.00977475540771544
03353007,28228522.09044114,0.928344204667982,28211100.48034269,0.9277712646210655,-0.06171633797417525,-0.057294004691643696
12052000,23612299.012333285,0.1427096477282264,23672832.657461017,0.1430755051641064,0.25636489312673066,0.0365857435879996
14729360,2190588.977582212,0.08288409170989813,2191971.145588636,0.08293638802882208,0.0630957254221822,0.005229631892395004
15089041,3820378.079933652,0.1490926763069753,3820087.578142087,0.1490813392904104,-0.007604006344059498,-0.0011337016564916258
15089042,879956.9235455018,0.00950356384476073,880036.6840728894,0.009504425261091506,0.009064139988380498,8.614163307767153e-5
15089043,4673363.911108444,0.11969067762032362,4672740.292518708,0.11967470597056513,-0.013344105051485478,-0.001597164975848664
03353040,46805655.1045467,0.4253830543344868,46775748.604891025,0.42511125559265595,-0.06389505624668364,-0.027179874183086428
15089026,117918188.0448177,0.7652383255312145,117936836.25580433,0.7653593444001963,0.015814533191047184,0.012101886898174818
14729380,7411917.03861823,0.14013562273382546,7417877.444344004,0.14024831492449297,0.08041651970357988,0.011269219066750713
12067024,10121.067818716245,2.0122174321333825e-4,10142.767602325133,2.0165316688950985e-4,0.2144021164324234,4.3142367617160266e-5
15089030,25971675.13615873,0.22771641852638624,25973952.109766982,0.22773638274788643,0.008767141881740133,0.0019964221500190504
03353031,21008296.68794075,0.19914059745028428,20994075.009155035,0.19900578815792697,-0.0676955347545088,-0.013480929235731853
03353032,15814379.20822496,0.4108449424901748,15803883.068267897,0.41057226115629186,-0.06637086299033429,-0.027268133388291815
03353033,21038815.40362691,0.8449651959535086,21026545.002307303,0.8444723895926683,-0.05832268159685825,-0.049280636084025886
12069270,19418763.32697267,0.23643029314532155,19429373.03294644,0.23655947005794606,0.05463636275454052,0.012917691262451236
03154007,93789.29993800264,0.00977468455934494,93754.35632318065,0.009771042749325312,-0.03725757079442557,-3.6418100196281694e-4
13076090,2395344.116506901,0.03044570712911363,2394922.7079924736,0.030440350871478852,-0.017592817312696653,-5.356257634776124e-4
12066176,4600670.495686504,0.05148208153298914,4609266.607375663,0.051578273104035774,0.18684475876327714,0.0096191571046636
13076093,5794050.243779575,0.2567879585478571,5792991.635685677,0.2567410418315883,-0.018270606041693418,-0.004691671626877447
13076094,933951.887179209,0.03707119946454874,933767.1415618651,0.03706386638698365,-0.019781063658633444,-7.333077565091495e-4
13076097,292513.41397090827,0.00865232717391959,292468.9814890777,0.008651012894465779,-0.015189895474335207,-1.3142794538113095e-4
03154012,59711.90686628573,0.00349054884545309,59690.20570046345,0.0034892802713398,-0.036343113059309234,-1.2685741132899102e-4
13076085,7608981.871738847,0.16238859517535614,7608781.237744661,0.16238431330519146,-0.0026368047337777013,-4.2818701646851753e-4
13076088,21865711.128701717,0.18171754928108927,21858341.34281351,0.18165630181365275,-0.03370476196647622,-0.006124746743652043
13076089,5925109.407746583,0.0791986068031724,5926304.19301358,0.07921457702786586,0.020164779834010826,0.001597022469346232
15089055,17656943.33389679,0.3074732419204586,17659059.375950247,0.3075100901052159,0.011984192356754597,0.0036848184757298785
14524260,1641272.5113865496,0.1140861665082556,1642513.5319650131,0.1141724308424064,0.07561331648789668,0.008626433415080681
16065016,1007697.0835305525,0.16336295070830242,1007453.7837405314,0.1633235081295214,-0.024144139543265383,-0.003944257878102375
14627020,3934783.0076149018,0.0906895489343547,3940831.3435761626,0.09082895201174644,0.1537146000060389,0.013940307739174207
03154027,236092.63433499823,0.00598759649626802,236007.800976572,0.005985445019068788,-0.035932234254227834,-2.151477199232102e-4
16065019,2449845.456904595,0.18081919896166057,2449458.5673628557,0.18079064325957467,-0.01579240603315326,-0.0028555702085902857
12067426,12294986.272990182,0.06637534890742049,12323845.309079658,0.06653114644529809,0.23472198706617656,0.015579753787760275
16065003,5513093.9910248,0.06051087847957724,5511917.479402657,0.060497965267520055,-0.021340314967572004,-0.0012913212057187595
14627010,8608985.821100445,0.32950670510379865,8623463.884989604,0.33006084925358997,0.16817386147475646,0.055414414979132465
14628370,1025759.9931230156,0.09344185825243452,1028079.5787369187,0.09365316147306299,0.2261333674011738,0.021130322062846985
14627040,144436.40700524492,0.01012902833679587,144649.1074865404,0.010143944584347047,0.14726237359791525,0.0014916247551175973
14522060,65954.59801614087,0.00255230253261982,66015.69249155345,0.0025546667587543885,0.09263110874791439,2.364226134568461e-4
15090415,86447446.97704893,0.3737090365228155,86452743.0159182,0.373731931098103,0.006126310324315066,0.0022894575287479846
16065042,5563927.842482987,0.464334514753832,5563037.954393599,0.464260249636478,-0.015993882641557617,-0.007426511735397767
14627030,7342.863732253982,8.713534340861005e-5,7355.37035852435,8.728375541987547e-5,0.17032355122474105,1.4841201126542262e-5
15090445,12986508.261942206,0.7044657168539704,12989683.232426053,0.7046379462025204,0.024448222877210317,0.01722293485499904
16073002,1008916.5700702332,0.12505248935920846,1008950.6328615138,0.12505671135037258,0.003376175225092562,4.2219911641216967e-4
12069648,660606.6614384202,0.03190250850770913,660975.2749242677,0.03192030986448428,0.05579923839170133,0.0017801356775148935
01056019,12359772.34672478,0.8925306658884516,12350337.49774611,0.8918493513945224,-0.07633513558338684,-0.06813144939292748
16065056,2959987.0251175216,0.2612300333906231,2959438.8421592554,0.2611816541743371,-0.01851977571572184,-0.004837921628603192
14627060,9497051.356376406,0.07281750328753486,9512523.595678177,0.07293613482841474,0.16291624338098082,0.01186315408798766
15087250,4217388.231040373,0.1038216496704787,4216054.124536065,0.103788807273591,-0.03163347624695566,-0.0032842396887708403
14522080,5042644.394625317,0.05527239110440084,5048701.332344931,0.05533878115778043,0.12011431395140766,0.006639005337959192
15090435,3750586.198074857,0.09595561912800246,3750980.1236365596,0.0959656973848848,0.010503039815616257,0.0010078256882331549
01056020,16420225.486458538,0.92169318912099,16407749.294105878,0.9209928807405056,-0.07598063962610556,-0.07003083804844046
12069656,17107917.239678018,0.14592457259323877,17123862.011700477,0.1460605759424412,0.09320112903912871,0.01360033492024404
01056024,909943.9221468068,0.0908228435977702,909257.9135666064,0.09075437207060259,-0.0753902041108213,-0.006847152716760174
12067481,238192.69848530332,0.00131819592136265,238685.7288741711,0.0013209244292130063,0.20698803615854494,2.728507850356188e-4
01056027,14460266.958837304,0.8711166795989232,14449292.049295567,0.8704555281287526,-0.07589700503440594,-0.06611514701706511
01056028,2097730.6075632083,0.13128345761516505,2096151.103713287,0.1311846066349741,-0.0752958384754697,-0.009885098019093985
12067469,9346201.565860877,0.06785480215444355,9363815.939783826,0.0679826851076619,0.18846558999209,0.01278829532183473
14524290,3087420.3191062324,0.12308792343109572,3089879.5993381776,0.12318596894016101,0.0796548567335058,0.009804550906529486
14730310,32599432.909869894,0.3169515118160643,32635608.704133485,0.31730323488789475,0.1109706244387995,0.03517230718304565
12071041,7293165.473751526,0.36627330550402126,7311012.67711509,0.36716961783828844,0.24471134554394602,0.08963123342671797
12068320,298.15067797252385,9.745580775029574e-7,298.42144297512954,9.754431206703547e-7,0.0908148203609444,8.850431673973427e-8
16065046,2815389.8747647265,0.3037513291932992,2814985.2285620286,0.30370767207034643,-0.014372652481450702,-0.004365712295278934
14627050,6052137.338485814,0.20840064228141672,6061274.987435094,0.20871529011630022,0.15098218097553173,0.03146478348834969
12068324,16412857.234739993,0.21691626396526045,16420656.485111646,0.217019340731734,0.04751915074936153,0.010307676647355879
12071028,1947171.4194418988,0.21246821034569435,1951832.9535351384,0.21297685986487225,0.23940029350757794,0.0508649519177895
12069688,2423434.6411209875,0.1015498491597918,2424651.261527007,0.10160082953971195,0.050202319690236814,0.005098037992014304
01056015,2003588.6899308,0.0923222369573259,2002072.5583372717,0.09225237598189732,-0.07567080015713208,-0.006986097542857617
01056016,4309751.386089006,0.8076164285351779,4306485.458545647,0.8070044171911045,-0.07577995227060087,-0.06120113440734043
12067473,880528.624967793,0.00546442432304112,882448.0079086656,0.005476335716413162,0.21798075456579022,0.0011911393372042271
12071032,5093946.2334071,0.14402676947648457,5105384.09747754,0.14435016484351318,0.22453837450087094,0.032339536702860605
13076006,2224852.6352509498,0.07322433550336467,2225503.596584353,0.0732457599385482,0.029258626980026448,0.0021424435183534096
13076008,231039.5477143573,0.01021142935284585,230973.95644702623,0.010208530366074366,-0.028389627654638448,-2.898986771485146e-4
13076009,1291120.2057313062,0.03906608984812031,1290556.1037338322,0.03904902152309605,-0.04369089686381768,-0.0017068325024259534
12067408,170624.5546217852,0.00788340763585027,170983.80998226654,0.00790000639831044,0.21055314182514492,0.0016598762460169267
14625240,191903.4846401716,0.00199978394010096,192367.82716284122,0.002004622751242312,0.24196669671750753,4.8388111413520674e-4
13076010,13361681.466977948,0.6022127204750418,13356086.868765276,0.6019605712064078,-0.0418704653789187,-0.025214926863403875
16065085,2324708.4645147226,0.01800572482815378,2323974.01719678,0.018000036262680087,-0.03159309346326252,-5.688565473692397e-4
16065086,10492716.159764975,0.23384884025206776,10491020.14641852,0.23381104157838956,-0.016163720819585954,-0.003779867367820211
13076012,610136.3596067315,0.02844720176645223,610098.9438945074,0.02844545728376715,-0.006132352487270774,-1.7444826850808448e-4
12071060,8214.847326937042,7.489172395929573e-4,8235.34978509542,7.507863728534738e-4,0.24957807908552943,1.8691332605164914e-4
16065087,16278526.112995436,0.2231355958108895,16276716.971648686,0.22311079726159141,-0.011113667995448995,-0.0024798549298071793
16065088,17164638.71797188,0.18065505716584268,17160787.816640712,0.1806145270497387,-0.02243508526127999,-0.0040530116103970615
13076014,11014174.672644502,0.23315928154293425,11008987.60504556,0.2330494764063145,-0.0470944737404949,-0.010980513661976166
14627070,2505591.0242393003,0.07208215116362605,2509369.3553571603,0.07219084816650843,0.1507960030710577,0.010869700288237971
14713000,19203060.42921512,0.06420520253752798,19213085.937418934,0.0642387227041254,0.0522078667656697,0.003352016659741164
12062196,1587439.550870099,0.07085879333176175,1590129.6953402474,0.07097887374108398,0.16946437227633304,0.01200804093222374
14522460,2715617.197376927,0.04269256529736309,2717968.884118023,0.042729536465409224,0.08659860982496033,0.003697116804613626
14729320,4640969.121394411,0.0811228932900256,4643855.861018911,0.08117335272304248,0.06220122455012013,0.0050459433016875055
12067493,16968812.01323845,0.1391428903271057,17006614.69537147,0.13945286927259712,0.22277742309556156,0.03099789454914237
12071052,1165950.75436792,0.03044194932061881,1168833.6625455413,0.030517219519047328,0.24725814249196706,0.007527019842851895
16076012,1005011.4604710316,0.24525405821420648,1005303.0294419974,0.24532521011265865,0.029011507075665608,0.00711518984521653
13076030,4018945.561679107,0.17906557774267295,4017315.099797347,0.17899293192193116,-0.04056939455230736,-0.007264582074179016
14523330,488362.73287474783,0.01332355247399473,488575.0552997003,0.013329345071954882,0.043476377425981795,5.79259796015287e-4
13076034,28039658.48011027,0.4634894543586811,28033200.821906686,0.4633827106735062,-0.023030445282220195,-0.010674368517488153
13076016,3985951.4765565735,0.1820446367945815,3984409.8763123574,0.18197422950081704,-0.03867584071916323,-0.007040729376445176
13076017,581917.1239161957,0.04598450785720054,581890.5416577503,0.045982407262421476,-0.0045680488428575285,-2.1005947790642132e-4
13076018,3968975.4993206887,0.35615948344954135,3968252.671275048,0.35609461984345403,-0.01821195534626813,-0.006486360608731756
01051103,5782876.713106979,0.9821718479081116,5778253.186645323,0.9813865817241718,-0.07995201507886171,-0.07852661839398145
16076022,2624259.92818193,0.03090539593822163,2625425.2744113184,0.03091911999285418,0.044406661736275596,0.0013724054632548166
13076019,0,0,0,0,NA,0
14522480,511681.57266569935,0.01049260724007729,512432.72354141186,0.010508010435224289,0.1468004547826988,0.0015403195146998158
14523320,2270153.3018512125,0.02231785930580729,2271089.2038001656,0.022327060150527225,0.041226376570686195,9.200844719933765e-4
13076049,3062551.716939577,0.05753307387415161,3062100.1880318834,0.057524591455435564,-0.014743552090760182,-8.482418716045104e-4
12071076,1446038.3759153753,0.0130171235037194,1450144.222887272,0.013054084014595695,0.2839376215930379,0.0036960510876295205
12071412,6901724.060982479,0.2748898970243624,6917775.558586309,0.2755292147490956,0.23257228863399354,0.06393177247331905
14524200,572588.4404377013,0.0116597742101696,572982.7346025879,0.011667803329534031,0.06886170537867882,8.029119364431209e-4
16076039,8267.40316154342,1.4174097648461713e-4,8270.821846985933,1.4179958833690585e-4,0.04135138175449948,5.861185228871538e-6
15085090,2401174.5048029297,0.10034507523000924,2400624.724714775,0.10032209992180256,-0.022896298751086435,-0.0022975308206676925
13076050,5219119.885771383,0.0721510469511345,5218691.960241077,0.0721451311500599,-0.008199189512252725,-5.915801074604654e-4
13076053,74.38789612582657,2.385257525478379e-6,74.37262213907282,2.3847677631145287e-6,-0.02053289251240412,-4.89762363850371e-8
01058172,374372.62508608674,0.04841978086805532,374089.3050646181,0.048383137448008554,-0.07567861603221467,-0.003664342004676413
14612000,36158944.266699776,0.1099936062101528,36229763.881875195,0.11020903575383925,0.19585642394056063,0.021542954368644618
13076058,478326.90373629745,0.01741443849546703,478298.8072535689,0.017413415587354205,-0.005873908096969471,-1.02290811282435e-4
13076037,9063882.784999948,0.2646276423451164,9062486.758786144,0.26458688419164356,-0.01540207708902171,-0.004075815347281964
12061217,9336612.11632201,0.06846819422876904,9353621.274770144,0.06859292752065109,0.18217698493009762,0.012473329188204818
14628310,1176137.4724485255,0.3141802572976769,1178869.7120736279,0.314910117342546,0.23230614525139648,0.07298600448690795
13076040,2275613.574703713,0.0768971029335753,2276219.276018216,0.07691757067768004,0.026617054900532674,0.0020467744104746277
12070125,3600431.636111023,0.01434842031485693,3601044.2589711854,0.014350861736103194,0.017015261559701175,2.441421246264161e-4
13076046,0,0,0,0,NA,0
01051118,2758258.0600023903,0.3415639166314167,2756052.3181957966,0.34129077256942236,-0.0799686526282393,-0.027314406199435703
01051119,16366671.52197777,0.9791548537699596,16353591.069063915,0.978372300705159,-0.0799212771899855,-0.0782553064800573
15084590,3556160.183732271,0.04067645510961885,3557533.265463839,0.040692160841231124,0.038611357774287446,0.0015705731612275509
14522490,2544974.4758360367,0.10792147303649233,2547364.0086688553,0.10802280289486041,0.09389221210297592,0.010132985836808217
