AGS,mun_name,municipality_area_m2,monotonicity_observed_ok,suspicious_any,monotone_adjustment_applied,flood_share_rp10_obs,flood_share_rp20_obs,flood_share_rp50_obs,flood_share_rp100_obs,flood_share_rp200_obs,flood_share_rp500_obs,flood_share_rp10_adj,flood_share_rp20_adj,flood_share_rp50_adj,flood_share_rp100_adj,flood_share_rp200_adj,flood_share_rp500_adj,onset_rp_any,onset_rp_1pct,onset_rp_5pct,slope_logrp,slope_norm_logrp,normalized_auc,realized_by_rp50,realized_by_rp100,late_growth_share,jump_rp10_rp20,jump_rp20_rp50,jump_rp50_rp100,jump_rp100_rp200,jump_rp200_rp500,max_jump_interval,max_jump_abs,max_jump_rel,low_signal_flag,exposure_curve_type
13076075,Kreien,25035627.882163573,TRUE,FALSE,FALSE,0.03018568812658389,0.03064975092654249,0.03064975092654249,0.03064975092654249,0.03064975092654249,0.03064975092654249,0.03018568812658389,0.03064975092654249,0.03064975092654249,0.03064975092654249,0.03064975092654249,0.03064975092654249,10,10,NA,1.9416630136751415e-4,0.00633500421693036,0.9986586445697955,1,1,0,4.640627999585971e-4,0,0,0,0,RP10-RP20,4.640627999585971e-4,0.015140834294895418,FALSE,early exposure
13076079,Kuhstorf,15091729.821307696,TRUE,FALSE,FALSE,0.09144081005555818,0.14378736073953713,0.16079786959306858,0.1686083419345241,0.1786674202511956,0.2062316389764009,0.09144081005555818,0.14378736073953713,0.16079786959306858,0.1686083419345241,0.1786674202511956,0.2062316389764009,10,10,10,0.058162031203780426,0.282022833608164,0.7832689467202619,0.779695445331105,0.8175677736519271,0.18243222634807282,0.05234655068397895,0.017010508853531447,0.0078104723414555155,0.010059078316671521,0.027564218725205286,RP10-RP20,0.05234655068397895,0.25382405407721637,FALSE,early exposure
14521150,Drebach,33008113.855999652,TRUE,FALSE,FALSE,0.02165313259328143,0.02435429430050071,0.02496716684224534,0.02496716684224534,0.02496716684224534,0.02617613379777999,0.02165313259328143,0.02435429430050071,0.02496716684224534,0.02496716684224534,0.02496716684224534,0.02617613379777999,10,10,NA,0.0020758533213726823,0.07930328204345977,0.9431906464541433,0.9538141512847408,0.9538141512847408,0.046185848715259215,0.00270116170721928,6.128725417446287e-4,0,0,0.0012089669555346502,RP10-RP20,0.00270116170721928,0.1031917749231694,FALSE,early exposure
15083245,Gröningen,59726899.683835134,TRUE,FALSE,FALSE,0.12078403619229752,0.13063579115518528,0.14007637078111806,0.1408831381966434,0.14598114508701554,0.1506964889590676,0.12078403619229752,0.13063579115518528,0.14007637078111806,0.1408831381966434,0.14598114508701554,0.1506964889590676,10,10,10,0.016664979332274853,0.11058638092624322,0.9225602292352167,0.9295264391937215,0.9348800305155768,0.06511996948442324,0.00985175496288776,0.009440579625932782,8.067674155253224e-4,0.005098006890372153,0.004715343872052052,RP10-RP20,0.00985175496288776,0.06537481417741398,FALSE,early exposure
14628330,Reinhardtsdorf-Schöna,31817093.770008847,TRUE,FALSE,FALSE,0.01450579826296689,0.01535312798861014,0.01535312798861014,0.01535312798861014,0.01535312798861014,0.01566742445051472,0.01450579826296689,0.01535312798861014,0.01535312798861014,0.01535312798861014,0.01535312798861014,0.01566742445051472,10,10,NA,4.911280631443169e-4,0.031347083542386446,0.977497571970082,0.979939494018479,0.979939494018479,0.02006050598152102,8.473297256432494e-4,0,0,0,3.142964619045792e-4,RP10-RP20,8.473297256432494e-4,0.05408226019021348,TRUE,early exposure
13076067,Karenz,6848559.861875899,TRUE,FALSE,FALSE,0,0.01509675300504107,0.02483447151330327,0.09385502160823796,0.1334116407859134,0.14209286115093003,0,0.01509675300504107,0.02483447151330327,0.09385502160823796,0.1334116407859134,0.14209286115093003,20,20,100,0.09522898611978622,0.6701883919321936,0.485089240877045,0.1747763491575011,0.660518908888363,0.3394810911116371,0.01509675300504107,0.009737718508262199,0.06902055009493469,0.03955661917767543,0.008681220365016645,RP50-RP100,0.06902055009493469,0.48574255973086183,FALSE,early exposure
16076093,Mohlsdorf-Teichwolframsdorf,51148534.17445346,TRUE,FALSE,FALSE,0.00257340736953924,0.00646444530393379,0.00779278996849687,0.00821398967301583,0.00821398967301583,0.00821398967301583,0.00257340736953924,0.00646444530393379,0.00779278996849687,0.00821398967301583,0.00821398967301583,0.00821398967301583,10,NA,NA,0.0028560511640967536,0.3477057164412203,0.8848013164913048,0.9487216661712318,1,0,0.0038910379343945495,0.0013283446645630803,4.2119970451896024e-4,0,0,RP10-RP20,0.0038910379343945495,0.4737086469900472,TRUE,early exposure
16076094,Berga-Wünschendorf,62985940.27364644,TRUE,FALSE,FALSE,0.04708965710880912,0.04985079205100583,0.05820749334372837,0.05929434308122289,0.06072323339561669,0.06312633020378762,0.04708965710880912,0.04985079205100583,0.05820749334372837,0.05929434308122289,0.06072323339561669,0.06312633020378762,10,10,50,0.009704742189354534,0.15373525053690276,0.8996192418139265,0.9220794739028864,0.9392965326798799,0.06070346732012008,0.002761134942196708,0.008356701292722542,0.0010868497374945177,0.0014288903143937978,0.0024030968081709334,RP20-RP50,0.008356701292722542,0.13238059722060533,FALSE,early exposure
13076069,Karstädt,19717514.76181327,TRUE,FALSE,FALSE,0,0,0,1.411889959870399e-4,0.00333159363607337,0.00567015685621619,0,0,0,1.411889959870399e-4,0.00333159363607337,0.00567015685621619,100,NA,NA,0.0032585411305638716,0.5746827139343659,0.24238886194601245,0,0.02490036864363893,0.9750996313563611,0,0,1.411889959870399e-4,0.0031904046400863303,0.00233856322014282,RP100-RP200,0.0031904046400863303,0.5626660286458727,TRUE,delayed jump
15084130,Elsteraue,80483183.11954002,TRUE,FALSE,FALSE,0.0852004876694799,0.09452858550310358,0.10272905638929748,0.10596167044338954,0.10857091117990578,0.11391364221181996,0.0852004876694799,0.09452858550310358,0.10272905638929748,0.10596167044338954,0.10857091117990578,0.11391364221181996,10,10,10,0.01602912999921866,0.1407129970386936,0.9004506025212864,0.9018152206763349,0.9301929811563403,0.06980701884365964,0.009328097833623691,0.008200470886193897,0.003232614054092059,0.0026092407365162357,0.005342731031914183,RP10-RP20,0.009328097833623691,0.08188745134036092,FALSE,early exposure
14628320,Rathmannsdorf,4195836.411452889,TRUE,FALSE,FALSE,0.02125861596856147,0.02268575752524689,0.02506907255933738,0.03474382972758679,0.0395104597957678,0.04219795511589137,0.02125861596856147,0.02268575752524689,0.02506907255933738,0.03474382972758679,0.0395104597957678,0.04219795511589137,10,10,NA,0.013876692571064537,0.32884751246722627,0.7330237096055706,0.5940826395612852,0.8233533978641202,0.17664660213587977,0.0014271415566854198,0.0023833150340904913,0.009674757168249414,0.004766630068181003,0.0026874953201235716,RP50-RP100,0.009674757168249414,0.22927075830283508,FALSE,early exposure
14522020,Augustusburg,23353480.299974073,TRUE,FALSE,FALSE,0.05734766646511591,0.06027158015017611,0.06133735744794804,0.06177118357087315,0.06307218174933577,0.06350038345081883,0.05734766646511591,0.06027158015017611,0.06133735744794804,0.06177118357087315,0.06307218174933577,0.06350038345081883,10,10,10,0.00333793472145152,0.05256558370291983,0.9677376576549449,0.9659368040738516,0.9727686702666142,0.02723132973338586,0.0029239136850602032,0.001065777297771929,4.3382612292510586e-4,0.0013009981784626173,4.2820170148306913e-4,RP10-RP20,0.0029239136850602032,0.046045606753300626,FALSE,early exposure
15002000,Halle (Saale),135858053.42722595,TRUE,FALSE,FALSE,0.1599031358576323,0.16952154573238482,0.16992609894979588,0.18500715327761025,0.18522797198686747,0.18530573123414737,0.1599031358576323,0.16952154573238482,0.16992609894979588,0.18500715327761025,0.18522797198686747,0.18530573123414737,10,10,10,0.015841390255182126,0.08548785917023474,0.9528892801276042,0.917004011792176,0.9983887278901274,0.001611272109872557,0.009618409874752515,4.045532174110633e-4,0.01508105432781437,2.2081870925722002e-4,7.775924727990158e-5,RP50-RP100,0.01508105432781437,0.0813847160979514,FALSE,early exposure
15083270,Haldensleben,156410219.9081429,TRUE,FALSE,FALSE,0.03162235410945316,0.03569066647725072,0.04138181382041009,0.04170148602616087,0.05063681088834025,0.05238759485415451,0.03162235410945316,0.03569066647725072,0.04138181382041009,0.04170148602616087,0.05063681088834025,0.05238759485415451,10,10,200,0.0125878639006902,0.24028329484746225,0.8130904715458044,0.7899162757064114,0.796018334917962,0.20398166508203794,0.004068312367797561,0.0056911473431593695,3.1967220575077754e-4,0.008935324862179385,0.0017507839658142538,RP100-RP200,0.008935324862179385,0.1705618455486468,FALSE,early exposure
12061260,Königs Wusterhausen,95986510.3169408,TRUE,FALSE,FALSE,0.06001273958472773,0.06791948627425717,0.07800905024737986,0.10510914585412712,0.11247248037076824,0.11643367590803874,0.06001273958472773,0.06791948627425717,0.07800905024737986,0.10510914585412712,0.11247248037076824,0.11643367590803874,10,10,10,0.03728719255108146,0.32024405534126993,0.779243747756157,0.6699870088185887,0.9027383618562732,0.09726163814372679,0.007906746689529447,0.01008956397312269,0.027100095606747254,0.007363334516641118,0.0039611955372705066,RP50-RP100,0.027100095606747254,0.2327513530376844,FALSE,early exposure
15084150,Gleina,29877869.66065514,TRUE,FALSE,FALSE,1.189899160734088e-4,1.189899160734088e-4,6.617459467288917e-4,6.617459467288917e-4,6.617459467288917e-4,6.617459467288917e-4,1.189899160734088e-4,1.189899160734088e-4,6.617459467288917e-4,6.617459467288917e-4,6.617459467288917e-4,6.617459467288917e-4,10,NA,NA,3.72150130666297e-4,0.5623761392206332,0.7586220132035083,1,1,0,0,5.42756030655483e-4,0,0,0,RP20-RP50,5.42756030655483e-4,0.8201879185485101,TRUE,early exposure
12072312,Nuthe-Urstromtal,341614674.8878322,TRUE,FALSE,FALSE,0.0149486549459227,0.01963464025917903,0.02266475014231702,0.02443293119113627,0.03342590999474357,0.03773315745746408,0.0149486549459227,0.01963464025917903,0.02266475014231702,0.02443293119113627,0.03342590999474357,0.03773315745746408,10,10,NA,0.013262326861506428,0.3514767317433432,0.6797592073536703,0.6006587221826478,0.6475188623872541,0.3524811376127459,0.004685985313256331,0.0030301098831379894,0.0017681810488192513,0.008992978803607297,0.004307247462720508,RP100-RP200,0.008992978803607297,0.23833093781629391,FALSE,early exposure
15084135,Freyburg (Unstrut),46843268.74310584,TRUE,FALSE,FALSE,0.02888630775307115,0.03452631500531834,0.03576075463813819,0.03684889354467276,0.03684889354467276,0.03813064880885482,0.02888630775307115,0.03452631500531834,0.03576075463813819,0.03684889354467276,0.03684889354467276,0.03813064880885482,10,10,NA,0.004582814946699477,0.12018717461831509,0.9334219241661743,0.9378480501971871,0.9663851703492544,0.03361482965074561,0.005640007252247187,0.001234439632819849,0.001088138906534572,0,0.0012817552641820606,RP10-RP20,0.005640007252247187,0.14791270089633113,FALSE,early exposure
12062124,Elsterwerda,40441722.63077532,TRUE,FALSE,FALSE,0.11854157747076816,0.16787251570530315,0.2051111953123487,0.2323573149622308,0.2568893978119721,0.2592526541056264,0.11854157747076816,0.16787251570530315,0.2051111953123487,0.2323573149622308,0.2568893978119721,0.2592526541056264,10,10,10,0.08414361735480884,0.3245622215328467,0.8161955383022679,0.7911633384041691,0.8962581917003721,0.10374180829962783,0.04933093823453499,0.03723867960704555,0.027246119649882106,0.024532082849741316,0.0023632562936543033,RP10-RP20,0.04933093823453499,0.19028132384880525,FALSE,early exposure
12062128,Falkenberg/Elster,82069829.47278139,TRUE,FALSE,FALSE,0.07145385561870596,0.07145385561870596,0.08006926059714163,0.10953788569236309,0.14601948700643627,0.2030073207905652,0.07145385561870596,0.07145385561870596,0.08006926059714163,0.10953788569236309,0.14601948700643627,0.2030073207905652,10,10,10,0.07729183587457908,0.3807342295518402,0.545393692831805,0.3944156313443789,0.5395760372867001,0.46042396271329994,0,0.008615404978435673,0.029468625095221454,0.036481601314073187,0.056987833784128916,RP200-RP500,0.056987833784128916,0.280718121702227,FALSE,gradual increase
12067397,Ragow-Merz,43897070.919061154,TRUE,FALSE,FALSE,0.01323469908829462,0.01323469908829462,0.01394012750795171,0.01394012750795171,0.01394012750795171,0.01462185599085156,0.01323469908829462,0.01323469908829462,0.01394012750795171,0.01394012750795171,0.01394012750795171,0.01462185599085156,10,10,NA,7.799850467284668e-4,0.053343778465365706,0.9446380448676315,0.9533760636593339,0.9533760636593339,0.04662393634066606,0,7.054284196570896e-4,0,0,6.817284828998498e-4,RP20-RP50,7.054284196570896e-4,0.048244793280583134,TRUE,early exposure
12066064,Frauendorf,20849051.531904455,TRUE,FALSE,FALSE,0.01402866655309495,0.01648905901986681,0.01678943235131981,0.01678943235131981,0.01682697368416363,0.02266133503473245,0.01402866655309495,0.01648905901986681,0.01678943235131981,0.01678943235131981,0.01682697368416363,0.02266133503473245,10,10,NA,0.0037962844214401072,0.16752254073388156,0.7580513797437597,0.7408845209510858,0.7408845209510858,0.25911547904891413,0.0024603924667718595,3.003733314530001e-4,0,3.7541332843820524e-5,0.00583436135056882,RP200-RP500,0.00583436135056882,0.2574588541066377,FALSE,early exposure
12061265,Krausnick-Groß Wasserburg,54774429.42453899,TRUE,FALSE,FALSE,0.00893489375398329,0.01745014696920896,0.02080564509913325,0.02085060639995888,0.02085060639995888,0.0210009547184666,0.00893489375398329,0.01745014696920896,0.02080564509913325,0.02085060639995888,0.02085060639995888,0.0210009547184666,10,20,NA,0.005962788934217625,0.28392942197882154,0.909665372093694,0.9906999647420024,0.9928408817349853,0.00715911826501474,0.00851525321522567,0.003355498129924292,4.496130082562791e-5,0,1.5034831850772173e-4,RP10-RP20,0.00851525321522567,0.40546981455743153,FALSE,early exposure
15084170,Goseck,14467892.210808836,TRUE,FALSE,FALSE,0.00805337293940023,0.01194945589960074,0.01194945589960074,0.01194945589960074,0.01565671845569616,0.01565671845569616,0.00805337293940023,0.01194945589960074,0.01194945589960074,0.01194945589960074,0.01565671845569616,0.01565671845569616,10,20,NA,0.004111962329921569,0.2626324501878982,0.8176080345770051,0.7632158637465528,0.7632158637465528,0.23678413625344716,0.0038960829602005097,0,0,0.003707262556095421,0,RP10-RP20,0.0038960829602005097,0.24884416049412023,TRUE,early exposure
01058119,Oldenbüttel,8000288.08312802,TRUE,FALSE,FALSE,3.251300928133108e-5,3.251300928133108e-5,0.00253242298654557,0.01023761443469202,0.01883227762818272,0.01883227762818272,3.251300928133108e-5,3.251300928133108e-5,0.00253242298654557,0.01023761443469202,0.01883227762818272,0.01883227762818272,10,100,NA,0.01327079633821997,0.7046835544926371,0.44730657767592297,0.13447247521222658,0.5436206197051445,0.4563793802948555,0,0.002499909977264239,0.007705191448146449,0.0085946631934907,0,RP100-RP200,0.0085946631934907,0.4563793802948555,TRUE,gradual increase
14522420,Niederwiesa,16599271.8798012,TRUE,FALSE,FALSE,0.10607334438502417,0.11209770501506389,0.11992937383411552,0.1290790004853631,0.1332960529263909,0.1363082332414108,0.10607334438502417,0.11209770501506389,0.11992937383411552,0.1290790004853631,0.1332960529263909,0.1363082332414108,10,10,10,0.018913662686432287,0.13875656837936548,0.9051525486223033,0.8798395444075101,0.9469640785142871,0.05303592148571286,0.006024360630039721,0.007831668819051632,0.009149626651247592,0.0042170524410277965,0.0030121803150199022,RP50-RP100,0.009149626651247592,0.06712453410677698,FALSE,early exposure
16075134,Remptendorf,97383600.17456956,TRUE,FALSE,FALSE,0.0057880769338571,0.00642586015423837,0.00651393339233166,0.00651393339233166,0.00661007885669986,0.00670029595209621,0.0057880769338571,0.00642586015423837,0.00651393339233166,0.00651393339233166,0.00661007885669986,0.00670029595209621,10,NA,NA,4.308157487190443e-4,0.06429801784863884,0.96609377188048,0.9721859211746838,0.9721859211746838,0.027814078825316117,6.377832203812699e-4,8.807323809329002e-5,0,9.614546436819988e-5,9.021709539635062e-5,RP10-RP20,6.377832203812699e-4,0.09518732082002099,TRUE,early exposure
16075135,Saalburg-Ebersdorf,71996977.28873697,TRUE,FALSE,FALSE,0.06367921875078833,0.06367921875078833,0.06655797395930599,0.06697465811924909,0.06890880095437692,0.07196448479395967,0.06367921875078833,0.06367921875078833,0.06655797395930599,0.06697465811924909,0.06890880095437692,0.07196448479395967,10,10,10,0.004910568945543219,0.0682360050183447,0.929643844137816,0.9248725138499501,0.9306626499307697,0.0693373500692303,0,0.002878755208517658,4.1668415994310093e-4,0.0019341428351278278,0.003055683839582754,RP200-RP500,0.003055683839582754,0.042460997926010755,FALSE,early exposure
16075136,Rosenthal am Rennsteig,56292295.44415217,TRUE,FALSE,FALSE,0.01705556689716246,0.02098751607987312,0.02507064723332453,0.02635609984130525,0.02816333793376842,0.02999067730221994,0.01705556689716246,0.02098751607987312,0.02507064723332453,0.02635609984130525,0.02816333793376842,0.02999067730221994,10,10,NA,0.007416988944515584,0.24730981797355306,0.8322851373711879,0.8359480174683743,0.878809757302625,0.12119024269737505,0.00393194918271066,0.0040831311534514116,0.0012854526079807173,0.0018072380924631717,0.00182733936845152,RP20-RP50,0.0040831311534514116,0.1361466802601745,FALSE,early exposure
01058124,Osterrönfeld,17906363.46134805,TRUE,FALSE,FALSE,0.02666330019791698,0.02666330019791698,0.02666330019791698,0.02666330019791698,0.02666330019791698,0.02666330019791698,0.02666330019791698,0.02666330019791698,0.02666330019791698,0.02666330019791698,0.02666330019791698,0.02666330019791698,10,10,NA,0,0,1,1,1,0,0,0,0,0,0,NA,0,0,FALSE,early exposure
16075125,Wilhelmsdorf,9420791.17988135,TRUE,FALSE,FALSE,0.06719667379161846,0.06719667379161846,0.06719667379161846,0.06936800595998711,0.06936800595998711,0.06936800595998711,0.06719667379161846,0.06719667379161846,0.06719667379161846,0.06936800595998711,0.06936800595998711,0.06936800595998711,10,10,10,0.0016352941135943603,0.02357418367392056,0.9843491813097445,0.9686983626194889,1,0,0,0,0.0021713321683686504,0,0,RP50-RP100,0.0021713321683686504,0.031301637380511116,FALSE,early exposure
16075127,Ziegenrück,8250127.516421139,TRUE,FALSE,FALSE,0.11190044190075252,0.11796095428683134,0.11934555240317438,0.12419542544436184,0.1242726373857876,0.1254377952353081,0.11190044190075252,0.11796095428683134,0.11934555240317438,0.12419542544436184,0.1242726373857876,0.1254377952353081,10,10,10,0.007695801220303728,0.06135153448661319,0.9645216905380931,0.9514321594962243,0.9900957300101161,0.009904269989883871,0.006060512386078826,0.0013845981163430332,0.004849873041187461,7.721194142576437e-5,0.0011651578495204956,RP10-RP20,0.006060512386078826,0.04831488288446032,FALSE,early exposure
16076003,Bad Köstritz,20159072.262280148,TRUE,FALSE,FALSE,0.09725503123262008,0.1002313586756377,0.10482144364425253,0.10731489395989165,0.10731489395989165,0.10731489395989165,0.09725503123262008,0.1002313586756377,0.10482144364425253,0.10731489395989165,0.10731489395989165,0.10731489395989165,10,10,10,0.006270473471448221,0.05843059840129732,0.9733378376017572,0.9767651047899182,1,0,0.0029763274430176234,0.0045900849686148215,0.0024934503156391202,0,0,RP20-RP50,0.0045900849686148215,0.0427721148411174,FALSE,early exposure
14522440,Oederan,77683163.59427962,TRUE,FALSE,FALSE,3.7599297615000606e-4,9.5557175439252e-4,0.00271268745961263,0.00348505559221554,0.00349359949726205,0.00364579600794964,3.7599297615000606e-4,9.5557175439252e-4,0.00271268745961263,0.00348505559221554,0.00349359949726205,0.00364579600794964,10,NA,NA,0.002100856953088887,0.5762409494409395,0.699708830076762,0.7440590350358683,0.9559107488779937,0.04408925112200633,5.795787782425139e-4,0.0017571157052201102,7.723681326029098e-4,8.543905046510137e-6,1.5219651068758971e-4,RP20-RP50,0.0017571157052201102,0.48195667047435686,TRUE,early exposure
12073572,Templin,379582812.2804865,TRUE,FALSE,FALSE,0.00647089699872775,0.00731392779371417,0.00975981810318163,0.01292118358438071,0.01473896873607018,0.0166094433124463,0.00647089699872775,0.00731392779371417,0.00975981810318163,0.01292118358438071,0.01473896873607018,0.0166094433124463,10,100,NA,0.0064405801031104356,0.3877661630166849,0.6834585016924157,0.5876065753430822,0.7779420021078136,0.2220579978921864,8.430307949864203e-4,0.0024458903094674595,0.00316136548119908,0.0018177851516894706,0.0018704745763761191,RP50-RP100,0.00316136548119908,0.19033542676473136,TRUE,early exposure
01058140,Schacht-Audorf,6278333.662421584,TRUE,FALSE,FALSE,0.13668053264438218,0.13668053264438218,0.13668053264438218,0.13668053264438218,0.13668053264438218,0.13668053264438218,0.13668053264438218,0.13668053264438218,0.13668053264438218,0.13668053264438218,0.13668053264438218,0.13668053264438218,10,10,10,0,0,1,1,1,0,0,0,0,0,0,NA,0,0,FALSE,early exposure
01058148,Schülp b.Rendsburg,11012699.40867108,TRUE,FALSE,FALSE,0.00758861386392408,0.01877842401126982,0.04329557371095288,0.06327251050328724,0.06418055308475697,0.06508859566622671,0.00758861386392408,0.01877842401126982,0.04329557371095288,0.06327251050328724,0.06418055308475697,0.06508859566622671,10,20,100,0.037540249586304565,0.5767561767473117,0.6986921540464235,0.6651791034634069,0.9720982586219508,0.027901741378049273,0.011189810147345741,0.024517149699683057,0.01997693679233436,9.080425814697313e-4,9.080425814697451e-4,RP20-RP50,0.024517149699683057,0.3766735086036671,FALSE,early exposure
03360002,Bad Bevensen,48140251.44442914,TRUE,FALSE,FALSE,0.06728274768909574,0.06873683232512647,0.06898373435205783,0.07438462014302907,0.07652910469259151,0.07869312642699565,0.06728274768909574,0.06873683232512647,0.06898373435205783,0.07438462014302907,0.07652910469259151,0.07869312642699565,10,10,10,0.007221413298990408,0.09176676066733454,0.9203904540120763,0.8766170246909009,0.9452492678891896,0.054750732110810434,0.0014540846360307225,2.469020269313671e-4,0.005400885790971241,0.0021444845495624393,0.002164021734404137,RP50-RP100,0.005400885790971241,0.06863224319828864,FALSE,early exposure
03360004,Bienenbüttel,99488670.05538411,TRUE,FALSE,FALSE,0.02824298218231132,0.0317609707111072,0.03246456841686638,0.03377124987041913,0.03587380755176754,0.03737889294261853,0.02824298218231132,0.0317609707111072,0.03246456841686638,0.03377124987041913,0.03587380755176754,0.03737889294261853,10,10,NA,0.005000179519043907,0.13377013403580032,0.8950019283563335,0.8685267502893604,0.903484485810278,0.09651551418972204,0.0035179885287958818,7.035977057591805e-4,0.001306681453552748,0.002102557681348413,0.0015050853908509867,RP10-RP20,0.0035179885287958818,0.09411698024862461,FALSE,early exposure
03360008,Emmendorf,11000591.927796615,TRUE,FALSE,FALSE,0.05930355387610224,0.05930355387610224,0.11376039207817784,0.11376039207817784,0.11710239173286176,0.12217697771181668,0.05930355387610224,0.05930355387610224,0.11376039207817784,0.11376039207817784,0.11710239173286176,0.12217697771181668,10,10,10,0.041782114624754015,0.34198026017067645,0.8136321088675241,0.9311115253358833,0.9311115253358833,0.06888847466411675,0,0.0544568382020756,0,0.0033419996546839165,0.005074585978954924,RP20-RP50,0.0544568382020756,0.44572094695716685,FALSE,early exposure
12062500,Uebigau-Wahrenbrück,135901487.06611395,TRUE,FALSE,FALSE,0.19751836815553955,0.2232867270337021,0.30593149155323696,0.3591215815692411,0.38302668576301574,0.4085283267208261,0.19751836815553955,0.2232867270337021,0.30593149155323696,0.3591215815692411,0.38302668576301574,0.4085283267208261,10,10,10,0.13459432560907586,0.32946142728813227,0.7750384339285471,0.7488623714514165,0.8790616417026381,0.12093835829736191,0.025768358878162534,0.08264476451953487,0.053190090016004166,0.023905104193774618,0.02550164095781038,RP20-RP50,0.08264476451953487,0.2022987369882221,FALSE,early exposure
01058132,Rade b.Rendsburg,6537224.4244546015,TRUE,FALSE,FALSE,0.0924066395245144,0.0924066395245144,0.0924066395245144,0.0924066395245144,0.09546604191020938,0.10464485381663004,0.0924066395245144,0.0924066395245144,0.0924066395245144,0.0924066395245144,0.09546604191020938,0.10464485381663004,10,10,10,0.0060374465282914975,0.05769463387918702,0.902760249816612,0.8830500130129595,0.8830500130129595,0.11694998698704047,0,0,0,0.0030594023856949787,0.009178811906420656,RP200-RP500,0.009178811906420656,0.08771393500634782,FALSE,early exposure
01058135,Rendsburg,23814387.481500052,TRUE,FALSE,FALSE,0.03754858917011221,0.03825869084481054,0.03825869084481054,0.03825869084481054,0.03825869084481054,0.03825869084481054,0.03754858917011221,0.03825869084481054,0.03825869084481054,0.03825869084481054,0.03825869084481054,0.03825869084481054,10,10,NA,2.9711025271439526e-4,0.007765823820777764,0.9983556869742607,1,1,0,7.101016746983296e-4,0,0,0,0,RP10-RP20,7.101016746983296e-4,0.018560532496491547,FALSE,early exposure
03359001,Agathenburg,11100004.708568253,TRUE,FALSE,FALSE,0.5260774382470409,0.5260774382470409,0.5260774382470409,0.5260774382470409,0.5286662381515955,0.5286662381515955,0.5260774382470409,0.5260774382470409,0.5260774382470409,0.5260774382470409,0.5286662381515955,0.5286662381515955,10,10,10,0.0017330678606180176,0.003278189026553825,0.9966839315953628,0.995103148796477,0.995103148796477,0.00489685120352302,0,0,0,0.0025887999045546284,0,RP100-RP200,0.0025887999045546284,0.00489685120352302,FALSE,early exposure
03359004,Balje,58446108.6453896,TRUE,FALSE,FALSE,0.9185324531105652,0.9261344793262688,0.929043141749484,0.932728013775268,0.9365006425531712,0.9487327327271514,0.9185324531105652,0.9261344793262688,0.929043141749484,0.932728013775268,0.9365006425531712,0.9487327327271514,10,10,10,0.015792231746635018,0.01664560650420504,0.9823699044086229,0.9792464302132073,0.983130423985818,0.016869576014182087,0.007602026215703606,0.0029086624232151914,0.0036848720257840473,0.0037726287779031864,0.012232090173980192,RP200-RP500,0.012232090173980192,0.01289308332265379,FALSE,early exposure
03359007,Bliedersdorf,12401586.096952744,TRUE,FALSE,FALSE,0,0,0,0,0.05476646500206217,0.0778599415368441,0,0,0,0,0.05476646500206217,0.0778599415368441,200,200,200,0.046700306232672836,0.599798886447581,0.26180378450723957,0,0,1,0,0,0,0.05476646500206217,0.02309347653478193,RP100-RP200,0.05476646500206217,0.7033972017066842,FALSE,delayed jump
03359009,Burweg,16255046.295608832,TRUE,FALSE,FALSE,0.3708006818049887,0.46324927507535857,0.5029383760842485,0.5239227853771464,0.5269987532391085,0.5269987532391085,0.3708006818049887,0.46324927507535857,0.5029383760842485,0.5239227853771464,0.5269987532391085,0.5269987532391085,10,10,10,0.08375767586712839,0.1589333472846492,0.9384329859204535,0.9543445273694161,0.9941632350303371,0.005836764969662935,0.09244859327036986,0.03968910100888995,0.02098440929289791,0.00307596786196207,0,RP10-RP20,0.09244859327036986,0.17542469066985503,FALSE,early exposure
03360025,Uelzen,136860915.81507882,TRUE,FALSE,FALSE,0.0268804205506625,0.0268804205506625,0.02862713266262223,0.02870019954179986,0.02957700209193141,0.02972313585028667,0.0268804205506625,0.0268804205506625,0.02862713266262223,0.02870019954179986,0.02957700209193141,0.02972313585028667,10,10,NA,0.001903179727530568,0.06403024691327158,0.9571592991568141,0.9631262598541107,0.96558450919717,0.034415490802830004,0,0.0017467121119597306,7.30668791776301e-5,8.768025501315474e-4,1.461337583552602e-4,RP20-RP50,0.0017467121119597306,0.058766077736810675,FALSE,early exposure
15091241,Oranienbaum-Wörlitz,115899933.39697148,TRUE,FALSE,FALSE,0.5817478198716984,0.6046031548976226,0.6433441648341248,0.6584433969795483,0.6706332381586636,0.6892391597927199,0.5817478198716984,0.6046031548976226,0.6433441648341248,0.6584433969795483,0.6706332381586636,0.6892391597927199,10,10,10,0.06374497072612274,0.09248599679869193,0.933756749926791,0.9334120902642888,0.9553191916396147,0.044680808360385356,0.022855335025924184,0.0387410099365022,0.015099232145423525,0.012189841179115257,0.018605921634056277,RP20-RP50,0.0387410099365022,0.056208370325553,FALSE,early exposure
02000000,Hamburg,742109107.0919194,TRUE,FALSE,FALSE,0.340812417802219,0.3794025570126919,0.3889792625439148,0.39855493702745337,0.4046456856206248,0.42563249594556185,0.340812417802219,0.3794025570126919,0.3889792625439148,0.39855493702745337,0.4046456856206248,0.42563249594556185,10,10,10,0.04312329229120366,0.10131578932995541,0.9208741015587539,0.9138852560582335,0.9363827734582284,0.06361722654177157,0.038590139210472885,0.009576705531222918,0.009575674483538577,0.006090748593171436,0.020986810324937044,RP10-RP20,0.038590139210472885,0.09066539697525478,FALSE,early exposure
15089365,Wolmirsleben,16869354.158058494,TRUE,FALSE,FALSE,0.19982511460754465,0.20036353254914943,0.2013520739263844,0.2072783224127564,0.20846390425617548,0.2106857843484366,0.19982511460754465,0.20036353254914943,0.2013520739263844,0.2072783224127564,0.20846390425617548,0.2106857843484366,10,10,10,0.0071256884084548175,0.03382140105224284,0.9712070025156655,0.9556984328538469,0.9838268066057799,0.01617319339422003,5.384179416047796e-4,9.88541377234975e-4,0.005926248486371993,0.0011855818434190757,0.002221880092261125,RP50-RP100,0.005926248486371993,0.02812837375193306,FALSE,early exposure
01058158,Tackesdorf,7595935.643578419,TRUE,FALSE,FALSE,0.00371984803890843,0.00371984803890843,0.00371984803890843,0.00382171139971715,0.01056745292227741,0.01056745292227741,0.00371984803890843,0.00371984803890843,0.00371984803890843,0.00382171139971715,0.01056745292227741,0.01056745292227741,10,200,NA,0.0045926419184658136,0.4346025435120694,0.5628995247699372,0.3520098992886508,0.36164924772558404,0.638350752274416,0,0,1.0186336080872035e-4,0.00674574152256026,0,RP100-RP200,0.00674574152256026,0.638350752274416,TRUE,delayed jump
03360012,Jelmstorf,13955288.939884534,TRUE,FALSE,FALSE,0.06998004147029449,0.08359495125958419,0.08646124805732938,0.08789439645620198,0.08861097065563828,0.09149597406316354,0.06998004147029449,0.08359495125958419,0.08646124805732938,0.08789439645620198,0.08861097065563828,0.09149597406316354,10,10,10,0.010474823965435373,0.11448398765834397,0.936623751711351,0.9449732509284128,0.960636764143576,0.039363235856424,0.013614909789289698,0.0028662967977451936,0.0014331483988725968,7.165741994362984e-4,0.0028850034075252606,RP10-RP20,0.013614909789289698,0.14880337554405126,FALSE,early exposure
12065144,Hohen Neuendorf,49014227.56596513,TRUE,FALSE,FALSE,0.05391408996582916,0.05625308849033197,0.07447361086714199,0.07827474665660443,0.07955444135826487,0.07965434176148414,0.05391408996582916,0.05625308849033197,0.07447361086714199,0.07827474665660443,0.07955444135826487,0.07965434176148414,10,10,10,0.01723472371255031,0.21636891764365737,0.8942330136706407,0.9349598429944314,0.9826802271618695,0.017319772838130455,0.002338998524502811,0.018220522376810024,0.003801135789462437,0.001279694701660436,9.99004032192774e-5,RP20-RP50,0.018220522376810024,0.22874487408821106,FALSE,early exposure
13071110,Neustrelitz,139943510.287917,TRUE,FALSE,FALSE,0,0,0,0,0,0.00178360886779717,0,0,0,0,0,0.00178360886779717,500,NA,NA,7.751997375603776e-4,0.43462428986338303,0.11711213489833154,0,0,1,0,0,0,0,0.00178360886779717,RP200-RP500,0.00178360886779717,1,TRUE,delayed jump
15084565,Wetterzeube,41934541.89197438,TRUE,FALSE,FALSE,0.08654670031206133,0.08821596857735736,0.09244722189609147,0.09554729153164128,0.09631692900297824,0.1001773608827566,0.08654670031206133,0.08821596857735736,0.09244722189609147,0.09554729153164128,0.09631692900297824,0.1001773608827566,10,10,10,0.008127486765495651,0.081130973044975,0.9313949413186176,0.9228354698252417,0.9537812804178964,0.046218719582103565,0.0016692682652960367,0.004231253318734113,0.003100069635549804,7.696374713369591e-4,0.0038604318797783588,RP20-RP50,0.004231253318734113,0.04223762017134984,FALSE,early exposure
13071119,Priepert,22199734.212614417,TRUE,FALSE,FALSE,0.13772401527333425,0.14522274847927052,0.16047129934751608,0.23579999631505008,0.2501382251425675,0.2609491653863307,0.13772401527333425,0.14522274847927052,0.16047129934751608,0.23579999631505008,0.2501382251425675,0.2609491653863307,10,10,10,0.08462260191674532,0.324287689487196,0.7621347941340149,0.6149523379771732,0.9036242594068171,0.09637574059318292,0.0074987332059362755,0.015248550868245558,0.075328696967534,0.014338228827517424,0.010810940243763167,RP50-RP100,0.075328696967534,0.2886719214296439,FALSE,early exposure
03359020,Grünendeich,2588844.4192941617,TRUE,FALSE,FALSE,0.8567023699579661,0.8567023699579661,0.8567023699579661,0.9067731859368148,0.9852600190609936,0.9852600190609936,0.8567023699579661,0.8567023699579661,0.8567023699579661,0.9067731859368148,0.9852600190609936,0.9852600190609936,10,10,10,0.09025268609095749,0.09160291125684089,0.9206448856523044,0.8695190643932249,0.9203389647344251,0.0796610352655749,0,0,0.05007081597884866,0.07848683312417881,0,RP100-RP200,0.07848683312417881,0.0796610352655749,FALSE,early exposure
03359021,Guderhandviertel,9223870.486279769,TRUE,FALSE,FALSE,0.9929428763376634,0.9929428763376634,0.9929428763376634,0.9946143729925624,0.9999999998705128,0.9999999998705128,0.9929428763376634,0.9929428763376634,0.9929428763376634,0.9946143729925624,0.9999999998705128,0.9999999998705128,10,10,10,0.00486425239065598,0.004864252391286105,0.9955171922889349,0.9929428764662368,0.9946143731213523,0.005385626878647781,0,0,0.001671496654898963,0.005385626877950411,0,RP100-RP200,0.005385626877950411,0.005385626878647781,FALSE,early exposure
03359022,Hammah,29370105.30183487,TRUE,FALSE,FALSE,0.00175260212164565,0.06891504943194024,0.30217622341015804,0.30217622341015804,0.30217622341015804,0.30217622341015804,0.00175260212164565,0.06891504943194024,0.30217622341015804,0.30217622341015804,0.30217622341015804,0.30217622341015804,10,20,20,0.188040707868002,0.6222882321643336,0.7531312403787765,1,1,0,0.0671624473102946,0.2332611739782178,0,0,0,RP20-RP50,0.2332611739782178,0.7719375513592326,FALSE,early exposure
03359023,Harsefeld,52010606.29360163,TRUE,FALSE,FALSE,0,0,0,0,3.4273593150716204e-6,0.00143532593128287,0,0,0,0,3.4273593150716204e-6,0.00143532593128287,200,NA,NA,6.246323400839344e-4,0.4351850171937245,0.117603327636717,0,0,1,0,0,0,3.4273593150716204e-6,0.0014318985719677982,RP200-RP500,0.0014318985719677982,0.997612138650621,TRUE,delayed jump
03359025,Himmelpforten,18215753.037146464,TRUE,FALSE,FALSE,0.2683449620372637,0.3238993514201396,0.3739744308287101,0.3739744308287101,0.3739744308287101,0.3739744308287101,0.2683449620372637,0.3238993514201396,0.3739744308287101,0.3739744308287101,0.3739744308287101,0.3739744308287101,10,10,10,0.05757909774705754,0.1539653329225339,0.9474334040900636,1,1,0,0.05555438938287588,0.05007507940857053,0,0,0,RP10-RP20,0.05555438938287588,0.14855130405511924,FALSE,early exposure
03359026,Hollern-Twielenfleth,17708013.179927923,TRUE,FALSE,FALSE,0.9632486120495272,0.9632486120495272,0.9647921144349216,0.9653568305269188,0.9774801536792932,0.9867431801180874,0.9632486120495272,0.9632486120495272,0.9647921144349216,0.9653568305269188,0.9774801536792932,0.9867431801180874,10,10,10,0.013625508742548973,0.01380856642041167,0.9826453966729761,0.9777540234121114,0.9783263264220289,0.021673673577971116,0,0.0015435023853944685,5.647160919971528e-4,0.01212332315237441,0.009263026438794175,RP100-RP200,0.01212332315237441,0.012286199080619504,FALSE,early exposure
03359027,Horneburg,16902118.424427122,TRUE,FALSE,FALSE,0.20962073754194016,0.20962073754194016,0.20962073754194016,0.2129010194087815,0.2466619182368561,0.25193524241152093,0.20962073754194016,0.20962073754194016,0.20962073754194016,0.2129010194087815,0.2466619182368561,0.25193524241152093,10,10,10,0.027363570004597434,0.1086135061640192,0.8842629994260314,0.8320421372391299,0.8450624746696638,0.15493752533033625,0,0,0.0032802818668413447,0.03376089882807459,0.005273324174664834,RP100-RP200,0.03376089882807459,0.1340062569449026,FALSE,early exposure
03359028,Jork,53147595.539435685,TRUE,FALSE,FALSE,0.935655642491256,0.935655642491256,0.938896645808812,0.958639415491044,0.9587130176060072,0.9587130176060072,0.935655642491256,0.935655642491256,0.938896645808812,0.958639415491044,0.9587130176060072,0.9587130176060072,10,10,10,0.01714038368980698,0.017878534425878473,0.9886566251115887,0.9793302360213294,0.999923228209473,7.677179052705748e-5,0,0.003241003317556057,0.019742769682231986,7.360211496321156e-5,0,RP50-RP100,0.019742769682231986,0.020592992188143498,FALSE,early exposure
03359029,Kranenburg,14241579.451314503,TRUE,FALSE,FALSE,0.33247812419321837,0.36080239893788824,0.36080239893788824,0.39040084528007474,0.4472903179245863,0.4472903179245863,0.33247812419321837,0.36080239893788824,0.36080239893788824,0.39040084528007474,0.4472903179245863,0.4472903179245863,10,10,10,0.07222704941609377,0.1614768898893789,0.8751746842140918,0.8066403060365818,0.8728130917108222,0.12718690828917784,0.028324274744669864,0,0.029598446342186502,0.05688947264451155,0,RP100-RP200,0.05688947264451155,0.12718690828917784,FALSE,early exposure
12069590,Schwielowsee,58307568.467751876,TRUE,FALSE,FALSE,0.12543719921844265,0.12543719921844265,0.16000304544798066,0.1757858820328174,0.17941472743357148,0.17941472743357148,0.12543719921844265,0.12543719921844265,0.16000304544798066,0.1757858820328174,0.17941472743357148,0.17941472743357148,10,10,10,0.038016517835620066,0.21189184622369236,0.885620301606194,0.8918055264288267,0.9797739825895972,0.02022601741040279,0,0.03456584622953801,0.01578283658483673,0.0036288454007540882,0,RP20-RP50,0.03456584622953801,0.1926589122530984,FALSE,early exposure
15084550,Weißenfels,113730963.2180518,TRUE,FALSE,FALSE,0.10752669281323889,0.11244660393060064,0.1136644895137714,0.11471803130417998,0.11691620137964732,0.11823510342492774,0.10752669281323889,0.11244660393060064,0.1136644895137714,0.11471803130417998,0.11691620137964732,0.11823510342492774,10,10,10,0.005731822535336971,0.04847817923190935,0.966388477497733,0.9613430040761252,0.9702535709034933,0.02974642909650675,0.004919911117361758,0.0012178855831707497,0.0010535417904085909,0.00219817007546734,0.001318902045280415,RP10-RP20,0.004919911117361758,0.041611255666432506,FALSE,early exposure
12065136,Hennigsdorf,30730259.606725983,TRUE,FALSE,FALSE,0.16403812003334683,0.23297786310025664,0.23297786310025664,0.23340369046327877,0.23547429515896157,0.3098642365541008,0.16403812003334683,0.23297786310025664,0.23297786310025664,0.23340369046327877,0.23547429515896157,0.3098642365541008,10,10,10,0.06288329036633108,0.20293819985692993,0.7631202149791142,0.7518707731202786,0.7532450116182661,0.246754988381734,0.06893974306690981,0,4.2582736302212987e-4,0.002070604695682793,0.07438994139513921,RP200-RP500,0.07438994139513921,0.24007269190664116,FALSE,early exposure
14729250,Machern,39068604.93483402,TRUE,FALSE,FALSE,0.11058865674768656,0.11110057674158856,0.11826942871364146,0.12013364034480274,0.12064556033870474,0.12320516030821475,0.11058865674768656,0.11110057674158856,0.11826942871364146,0.12013364034480274,0.12064556033870474,0.12320516030821475,10,10,10,0.007988799209172556,0.06484143350154714,0.9537866303758716,0.9599389215335958,0.9750698756794912,0.024930124320508812,5.119199939020019e-4,0.0071688519720529,0.0018642116311612805,5.119199939020019e-4,0.0025595999695100097,RP20-RP50,0.0071688519720529,0.058186296370371385,FALSE,early exposure
15088020,Bad Dürrenberg,36456820.25492409,TRUE,FALSE,FALSE,0.09443851778626494,0.09928625414913302,0.1116572086748603,0.1133079197572638,0.1185195646201846,0.11995849141715469,0.09443851778626494,0.09928625414913302,0.1116572086748603,0.1133079197572638,0.1185195646201846,0.11995849141715469,10,10,10,0.015868197513163818,0.1322807358253806,0.9191787082959798,0.9307987067507648,0.9445593923254372,0.05544060767456283,0.004847736362868074,0.012370954525727285,0.0016507110824034998,0.005211644862920806,0.0014389267969700803,RP20-RP50,0.012370954525727285,0.10312695983069169,FALSE,early exposure
03359010,Buxtehude,76262592.45658633,TRUE,FALSE,FALSE,0.30318665702279085,0.30318665702279085,0.30318665702279085,0.33310113749209086,0.33624815875466624,0.33624815875466624,0.30318665702279085,0.30318665702279085,0.30318665702279085,0.33310113749209086,0.33624815875466624,0.33624815875466624,10,10,10,0.024636243244072504,0.07326803910336847,0.9491793436770708,0.9016752928720191,0.9906407777094431,0.009359222290556872,0,0,0.02991448046930001,0.003147021262575378,0,RP50-RP100,0.02991448046930001,0.08896548483742403,FALSE,early exposure
03359012,Dollern,11986902.817578904,TRUE,FALSE,FALSE,0.13106523609019247,0.13106523609019247,0.13106523609019247,0.13106523609019247,0.13273372379751497,0.13273372379751497,0.13106523609019247,0.13106523609019247,0.13106523609019247,0.13106523609019247,0.13273372379751497,0.13273372379751497,10,10,10,0.0011169663658862695,0.008415091010255818,0.9914876728598567,0.9874298131658856,0.9874298131658856,0.012570186834114419,0,0,0,0.0016684877073225024,0,RP100-RP200,0.0016684877073225024,0.012570186834114419,FALSE,early exposure
03359013,Drochtersen,106914216.90756306,TRUE,FALSE,FALSE,0.7922758881639764,0.8152772795960909,0.8946537262654408,0.8976265397928801,0.9024089811630028,0.9166581023374258,0.7922758881639764,0.8152772795960909,0.8946537262654408,0.8976265397928801,0.9024089811630028,0.9166581023374258,10,10,10,0.07568327133162779,0.08256434011616756,0.9534141692244638,0.9759950018268806,0.9792381014295118,0.02076189857048811,0.023001391432114437,0.07937644666934995,0.0029728135274392775,0.004782441370122736,0.014249121174423007,RP20-RP50,0.07937644666934995,0.08659329630856319,FALSE,early exposure
03359015,Engelschoff,19629177.4223999,TRUE,FALSE,FALSE,0.689397067854099,0.7512349284699569,0.8913235604144752,0.8913235604144752,0.8913235604144752,0.8913235604144752,0.689397067854099,0.7512349284699569,0.8913235604144752,0.8913235604144752,0.8913235604144752,0.8913235604144752,10,10,10,0.12192749585988524,0.1367937540024048,0.9475994420115539,1,1,0,0.06183786061585783,0.14008863194451837,0,0,0,RP20-RP50,0.14008863194451837,0.15716922357507931,FALSE,early exposure
03359016,Estorf,29452008.467342824,TRUE,FALSE,FALSE,0.11976629453785809,0.11976629453785809,0.12053422591198654,0.12065808668593787,0.13846631800201226,0.13846631800201226,0.11976629453785809,0.11976629453785809,0.12053422591198654,0.12065808668593787,0.13846631800201226,0.13846631800201226,10,10,10,0.012541520039273956,0.0905745181950435,0.9108275877139829,0.8704949163899547,0.8713894355462273,0.1286105644537727,0,7.679313741284499e-4,1.23860773951337e-4,0.017808231316074383,0,RP100-RP200,0.017808231316074383,0.1286105644537727,FALSE,early exposure
12068264,Kyritz,157576666.42114767,TRUE,FALSE,FALSE,0.01976290455623976,0.0214242971066285,0.02282736297849459,0.02289082415093286,0.02289082415093286,0.02289082415093286,0.01976290455623976,0.0214242971066285,0.02282736297849459,0.02289082415093286,0.02289082415093286,0.02289082415093286,10,10,NA,0.0017049663685852856,0.07448252440993054,0.9741453985027174,0.9972276589073494,1,0,0.0016613925503887392,0.0014030658718660917,6.346117243826929e-5,0,0,RP10-RP20,0.0016613925503887392,0.07257897485185273,FALSE,early exposure
03359018,Freiburg (Elbe),26092407.30783692,TRUE,FALSE,FALSE,0.8716115216188824,0.8918053003491847,0.8929621468047894,0.900944699072553,0.9109092836711502,0.9158418214990516,0.8716115216188824,0.8918053003491847,0.8929621468047894,0.900944699072553,0.9109092836711502,0.9158418214990516,10,10,10,0.024068864996931862,0.02628059172656695,0.9811938375730377,0.9750178751863365,0.9837339570253355,0.01626604297466445,0.02019377873030226,0.0011568464556046543,0.007982552267763676,0.00996458459859717,0.004932537827901373,RP10-RP20,0.02019377873030226,0.022049417548162458,FALSE,early exposure
03359019,Großenwörden,12340566.848252848,TRUE,FALSE,FALSE,0.7693001822265113,0.770110517774543,0.93053233298898,0.93053233298898,0.93053233298898,0.93053233298898,0.7693001822265113,0.770110517774543,0.93053233298898,0.93053233298898,0.93053233298898,0.93053233298898,10,10,10,0.11033506179504646,0.11857198066469891,0.9491868484151225,1,1,0,8.10335548031671e-4,0.160421815214437,0,0,0,RP20-RP50,0.160421815214437,0.1723978947611021,FALSE,early exposure
13071137,Sietow,18847417.38042587,TRUE,FALSE,FALSE,0,0,0.02344048098850617,0.05958310090656079,0.09246775354537988,0.11827803713551194,0,0,0.02344048098850617,0.05958310090656079,0.09246775354537988,0.11827803713551194,50,50,100,0.07652479734841978,0.6469907617822979,0.4079518795859745,0.19818118017675804,0.5037545629734794,0.4962454370265205,0,0.02344048098850617,0.03614261991805462,0.03288465263881909,0.025810283590132058,RP50-RP100,0.03614261991805462,0.3055733827967214,FALSE,gradual increase
13071138,Silz,10677284.917102613,TRUE,FALSE,FALSE,5.07332312202502e-5,0.0484094075506729,0.0484094075506729,0.0484094075506729,0.0484094075506729,0.0484094075506729,5.07332312202502e-5,0.0484094075506729,0.0484094075506729,0.0484094075506729,0.0484094075506729,0.0484094075506729,10,20,NA,0.02023352212778571,0.4179667372835769,0.9115009345689378,1,1,0,0.04835867431945265,0,0,0,0,RP10-RP20,0.04835867431945265,0.9989519964447583,FALSE,early exposure
03352051,Steinau,36028682.80064326,TRUE,FALSE,FALSE,0,0.02889388977490894,0.2657469221833891,0.4983619607970884,0.6538392863095399,0.7687858608172223,0,0.02889388977490894,0.2657469221833891,0.4983619607970884,0.6538392863095399,0.7687858608172223,20,20,50,0.5037236048331443,0.6552196528402384,0.48575558069032343,0.3456709283140289,0.6482454818658185,0.35175451813418146,0.02889388977490894,0.23685303240848013,0.2326150386136993,0.15547732551245153,0.11494657450768242,RP20-RP50,0.23685303240848013,0.3080871338563699,FALSE,early exposure
03359040,Wischhafen,27624832.21567756,TRUE,FALSE,FALSE,0.8479843378728676,0.8594968874536607,0.9254225092242236,0.9316119768701216,0.9366798809539172,0.939213832995815,0.8479843378728676,0.8594968874536607,0.9254225092242236,0.9316119768701216,0.9366798809539172,0.939213832995815,10,10,10,0.05917544965156959,0.06300530036149228,0.9689257190098811,0.9853160981162287,0.9919061497407404,0.008093850259259523,0.011512549580793063,0.06592562177056294,0.006189467645898006,0.005067904083795538,0.002533952041897769,RP20-RP50,0.06592562177056294,0.07019234540049273,FALSE,early exposure
03352052,Stinstedt,30437815.314012676,TRUE,FALSE,FALSE,0,0,0.00242962176286224,0.0296100172198199,0.12741689174465798,0.22947803645720144,0,0,0.00242962176286224,0.0296100172198199,0.12741689174465798,0.22947803645720144,50,100,200,0.13197117235314046,0.5750928253987985,0.2563688999983369,0.010587600453498625,0.12903203146128664,0.8709679685387134,0,0.00242962176286224,0.027180395456957662,0.09780687452483808,0.10206114471254346,RP200-RP500,0.10206114471254346,0.4447534338719962,FALSE,delayed jump
03352055,Wanna,54053527.13815224,TRUE,FALSE,FALSE,0,0,0.0775907596881892,0.12026962072396336,0.19541136209156157,0.26379012584163064,0,0,0.0775907596881892,0.12026962072396336,0.19541136209156157,0.26379012584163064,50,50,50,0.16536674936593732,0.6268875638856061,0.4107829890798121,0.2941382261395625,0.4559291987910441,0.5440708012089559,0,0.0775907596881892,0.04267886103577416,0.07514174136759821,0.06837876375006907,RP20-RP50,0.0775907596881892,0.2941382261395625,FALSE,gradual increase
03352056,Wingst,55608496.481304646,TRUE,FALSE,FALSE,0.17654203831261384,0.2669293827004141,0.4566820326762169,0.4840773051536987,0.486055420135408,0.49663926983452766,0.17654203831261384,0.2669293827004141,0.4566820326762169,0.4840773051536987,0.486055420135408,0.49663926983452766,10,10,10,0.1944821779151359,0.39159645587416847,0.8223407483994526,0.9195447489047254,0.9747060584133541,0.025293941586645843,0.09038734438780027,0.18975264997580277,0.027395272477481802,0.0019781149817093002,0.010583849699119685,RP20-RP50,0.18975264997580277,0.382073391093349,FALSE,early exposure
03352038,Neuenkirchen,19402083.724760316,TRUE,FALSE,FALSE,0.2442703163751304,0.28731796630956086,0.3432854569468901,0.439232299363216,0.5545992874392035,0.597913860073472,0.2442703163751304,0.28731796630956086,0.3432854569468901,0.439232299363216,0.5545992874392035,0.597913860073472,10,10,10,0.2247046425789259,0.3758144066961654,0.6912186161920538,0.5741386508496508,0.7346079907049535,0.2653920092950465,0.04304764993443047,0.055967490637329254,0.0959468424163259,0.1153669880759875,0.04331457263426852,RP100-RP200,0.1153669880759875,0.19294917843485201,FALSE,early exposure
03352039,Neuhaus (Oste),9842364.398027057,TRUE,FALSE,FALSE,0.133933039167471,0.4273889428691922,0.6378555862635983,0.64905444649700506,0.64905444649700506,0.6660816224072961,0.133933039167471,0.4273889428691922,0.6378555862635983,0.64905444649700506,0.64905444649700506,0.6660816224072961,10,10,10,0.2829282210719416,0.42476509117517197,0.8370022317045734,0.9576237578186204,0.9744368027318442,0.02556319726815586,0.2934559037017212,0.21046664339440607,0.011198860233406771,0,0.017027175910291015,RP10-RP20,0.2934559037017212,0.44057048540258115,FALSE,early exposure
14730270,Schkeuditz,80324651.47217132,TRUE,FALSE,FALSE,0.04466293209944204,0.07347703183825001,0.08643350144235676,0.08668249100699782,0.08668249100699782,0.08954587100036988,0.04466293209944204,0.07347703183825001,0.08643350144235676,0.08668249100699782,0.08668249100699782,0.08954587100036988,10,10,20,0.02237181498277382,0.24983636579604435,0.899288812988831,0.965242735111703,0.968023316302767,0.03197668369723308,0.02881409973880797,0.012956469604106749,2.4898956464106115e-4,0,0.0028633799933720644,RP10-RP20,0.02881409973880797,0.32178032796943756,FALSE,early exposure
03352041,Nordleda,21315494.84257512,TRUE,FALSE,FALSE,0,0.09669273747199478,0.11754512980231376,0.24606912878077333,0.37134755706174366,0.37134755706174366,0,0.09669273747199478,0.11754512980231376,0.24606912878077333,0.37134755706174366,0.37134755706174366,20,20,20,0.23541719528929678,0.6339538009944524,0.5588997691351459,0.31653669875299495,0.6626383400170305,0.3373616599829695,0.09669273747199478,0.020852392330318978,0.12852399897845956,0.12527842828097033,0,RP50-RP100,0.12852399897845956,0.34610164126403553,FALSE,early exposure
03359030,Krummendeich,30095423.4804926,TRUE,FALSE,FALSE,0.9040507812649912,0.9203236645317197,0.922317323136952,0.9333858648716056,0.9402771031499216,0.9471675531645404,0.9040507812649912,0.9203236645317197,0.922317323136952,0.9333858648716056,0.9402771031499216,0.9471675531645404,10,10,10,0.02411977562418828,0.025465162466347935,0.9806657522778714,0.9737636388149464,0.9854495772718466,0.014550422728153432,0.01627288326672849,0.0019936586052323735,0.011068541734653548,0.006891238278316059,0.006890450014618743,RP10-RP20,0.01627288326672849,0.017180575086593566,FALSE,early exposure
03352042,Oberndorf,32464128.553422045,TRUE,FALSE,FALSE,0.854208331156537,0.8703815234934883,0.9409088497072808,0.9409088497072808,0.9409088497072808,0.9409088497072808,0.854208331156537,0.8703815234934883,0.9409088497072808,0.9409088497072808,0.9409088497072808,0.9409088497072808,10,10,10,0.05512523846948992,0.05858722498639433,0.9764177785850332,1,1,0,0.016173192336951248,0.07052732621379254,0,0,0,RP20-RP50,0.07052732621379254,0.07495659779981215,FALSE,early exposure
03352043,Odisheim,13582666.151718097,TRUE,FALSE,FALSE,0,0.05685835883692339,0.4555932796991392,0.7924365540355068,0.8781236416666462,0.8782609038776262,0,0.05685835883692339,0.4555932796991392,0.7924365540355068,0.8781236416666462,0.8782609038776262,20,20,20,0.60829869591728,0.6926172999749494,0.6026784329582858,0.5187448031531869,0.9022792094431226,0.09772079055687746,0.05685835883692339,0.39873492086221585,0.3368432743363676,0.08568708763113941,1.372622109799826e-4,RP20-RP50,0.39873492086221585,0.45400509017508783,FALSE,early exposure
03359032,Mittelnkirchen,6941695.411593951,TRUE,FALSE,FALSE,0.9670296294161542,0.9670296294161542,0.9670296294161542,0.9959483731702958,0.9983274790316864,0.9983274790316864,0.9670296294161542,0.9670296294161542,0.9670296294161542,0.9959483731702958,0.9983274790316864,0.9983274790316864,10,10,10,0.023372244930906647,0.023411400989960043,0.9839026129097623,0.968649716377747,0.9976169083678853,0.002383091632114687,0,0,0.028918743754141607,0.0023791058613905625,0,RP50-RP100,0.028918743754141607,0.02896719199013828,FALSE,early exposure
03352044,Osten,47849840.1291706,TRUE,FALSE,FALSE,0.9096243300320432,0.9096243300320432,0.9600104822138844,0.9600104822138844,0.9600104822138844,0.9600104822138844,0.9096243300320432,0.9096243300320432,0.9600104822138844,0.9600104822138844,0.9600104822138844,0.9600104822138844,10,10,10,0.034548143289349194,0.035987256315866106,0.9845538761799331,1,1,0,0,0.05038615218184117,0,0,0,RP20-RP50,0.05038615218184117,0.052485002107107666,FALSE,early exposure
03359033,Neuenkirchen,8152226.686350301,TRUE,FALSE,FALSE,0.9978735958667272,0.9978735958667272,0.9978735958667272,0.9978735958667272,1.000000000171675,1.000000000171675,0.9978735958667272,0.9978735958667272,0.9978735958667272,0.9978735958667272,1.000000000171675,1.000000000171675,10,10,10,0.0014235178829777536,0.0014235178827334272,0.9985600334098701,0.9978735956954173,0.9978735956954173,0.002126404304582654,0,0,0,0.0021264043049477044,0,RP100-RP200,0.0021264043049477044,0.002126404304582654,FALSE,early exposure
03352045,Osterbruch,10521142.056641445,TRUE,FALSE,FALSE,0.7836089928618889,0.7910281049422144,0.8443266900865691,0.8745535285578241,0.8962681984351784,0.9161306985979092,0.7836089928618889,0.7910281049422144,0.8443266900865691,0.8745535285578241,0.8962681984351784,0.9161306985979092,10,10,10,0.08558359523730226,0.09341854319289097,0.9304712372098073,0.921622527635814,0.9546165518700369,0.04538344812996313,0.0074191120803255295,0.053298585144354704,0.030226838471254958,0.021714669877354265,0.019862500162730834,RP20-RP50,0.053298585144354704,0.05817792726073413,FALSE,early exposure
03359034,Nottensdorf,6984233.280373003,TRUE,FALSE,FALSE,0.2696143731534131,0.2696143731534131,0.2696143731534131,0.281051185647227,0.281051185647227,0.281051185647227,0.2696143731534131,0.2696143731534131,0.2696143731534131,0.281051185647227,0.281051185647227,0.281051185647227,10,10,10,0.008613399838988166,0.030647085936152573,0.9796535060553538,0.9593070121107076,1,0,0,0,0.011436812493813897,0,0,RP50-RP100,0.011436812493813897,0.04069298788929247,FALSE,early exposure
03352046,Otterndorf,33956318.90340103,TRUE,FALSE,FALSE,0.412243695517888,0.47974355913262207,0.5527060982519566,0.5792204834271188,0.6027279665029748,0.6483517589791756,0.412243695517888,0.47974355913262207,0.5527060982519566,0.5792204834271188,0.6027279665029748,0.6483517589791756,10,10,10,0.13380534994385773,0.2063777079197458,0.8505297577241642,0.8524787518463552,0.893373813528472,0.10662618647152804,0.06749986361473409,0.07296253911933454,0.026514385175162247,0.02350748307585593,0.04562379247620085,RP20-RP50,0.07296253911933454,0.11253542249073781,FALSE,early exposure
01051024,Eddelak,9422591.509592954,TRUE,FALSE,FALSE,0.9761779726320252,0.9986803258837416,0.9986803258837416,0.9986803258837416,0.9986803258837416,0.9986803258837416,0.9761779726320252,0.9986803258837416,0.9986803258837416,0.9986803258837416,0.9986803258837416,0.9986803258837416,10,10,10,0.00941510223043249,0.009427543515590123,0.9980038392627537,1,1,0,0.022502353251716345,0,0,0,0,RP10-RP20,0.022502353251716345,0.022532088265385424,FALSE,early exposure
03359035,Oederquart,37724566.29746619,TRUE,FALSE,FALSE,0.9198098254710156,0.9387823075609264,0.9723811630136884,0.9723811630136884,0.9723811630136884,0.9723811630136884,0.9198098254710156,0.9387823075609264,0.9723811630136884,0.9723811630136884,0.9723811630136884,0.9723811630136884,10,10,10,0.030975826430142083,0.03185564221970227,0.9881025917401226,1,1,0,0.018972482089910758,0.03359885545276198,0,0,0,RP20-RP50,0.03359885545276198,0.03455317393091972,FALSE,early exposure
12065180,Leegebruch,6196386.074688744,TRUE,FALSE,FALSE,0.02799488132830619,0.03247352433215386,0.12843735212908758,0.18492143082248755,0.3161536665337882,0.31876697895432105,0.02799488132830619,0.03247352433215386,0.12843735212908758,0.18492143082248755,0.3161536665337882,0.31876697895432105,10,10,50,0.19920199384400747,0.6249141441734869,0.5355347462634715,0.40291925013817853,0.5801147641738217,0.41988523582617826,0.004478643003847666,0.095963827796933715,0.05648407869339997,0.13123223571130063,0.002613312420532865,RP100-RP200,0.13123223571130063,0.4116870453200426,FALSE,gradual increase
03359038,Stade,100012094.83540148,TRUE,FALSE,FALSE,0.29732370115839796,0.3469607951044893,0.35159881074083177,0.3573981093252133,0.36166544708606146,0.3721684346158152,0.29732370115839796,0.3469607951044893,0.35159881074083177,0.3573981093252133,0.36166544708606146,0.3721684346158152,10,10,10,0.03573779392380424,0.09602585979838926,0.9440447553221996,0.9447303372296546,0.9603127941093416,0.03968720589065842,0.04963709394609134,0.004638015636342474,0.0057992985843815514,0.004267337760848144,0.01050298752975376,RP10-RP20,0.04963709394609134,0.13337265960594183,FALSE,early exposure
03359039,Steinkirchen,8591791.077775855,TRUE,FALSE,FALSE,0.916101927199249,0.916101927199249,0.916101927199249,0.9235319519898764,0.9486081580341356,0.9486081580341356,0.916101927199249,0.916101927199249,0.916101927199249,0.9235319519898764,0.9486081580341356,0.9486081580341356,10,10,10,0.022382995292088866,0.023595617539780143,0.9781825475317841,0.9657327100135303,0.9735652641906155,0.02643473580938446,0,0,0.007430024790627376,0.025076206044259197,0,RP100-RP200,0.025076206044259197,0.02643473580938446,FALSE,early exposure
14729260,Markkleeberg,31294371.481885165,TRUE,FALSE,FALSE,0.1268354417238429,0.13459421972493546,0.15429079427920597,0.1804475451342711,0.21902398422565025,0.2310366982131687,0.1268354417238429,0.13459421972493546,0.15429079427920597,0.1804475451342711,0.21902398422565025,0.2310366982131687,10,10,10,0.06749698250172428,0.29214831679877734,0.7563522035988747,0.6678194220766078,0.781034123712152,0.21896587628784805,0.0077587780010925644,0.019696574554270513,0.026156750855065136,0.038576439091379144,0.012012713987518436,RP100-RP200,0.038576439091379144,0.16697104568117635,FALSE,early exposure
13071156,Waren (Müritz),159864746.249927,TRUE,FALSE,FALSE,0.12553628345121132,0.18477148720951875,0.247401904224034,0.2792845540821512,0.3020666847270188,0.3258548411972062,0.12553628345121132,0.18477148720951875,0.247401904224034,0.2792845540821512,0.3020666847270188,0.3258548411972062,10,10,10,0.11733008770387314,0.3600685730885471,0.7666110227950246,0.759239615146019,0.8570827214229699,0.14291727857703004,0.05923520375830743,0.06263041701451524,0.0318826498581172,0.022782130644867615,0.023788156470187394,RP20-RP50,0.06263041701451524,0.19220342648403843,FALSE,early exposure
13071159,Wesenberg,90112541.72905004,TRUE,FALSE,FALSE,0.00741736247852591,0.00985875405153797,0.01198372156759792,0.01229226513576904,0.01883963344521046,0.03415820605716656,0.00741736247852591,0.00985875405153797,0.01198372156759792,0.01229226513576904,0.01883963344521046,0.03415820605716656,10,50,NA,0.013751833985375033,0.40259239499756555,0.44510310661537006,0.3508299454468475,0.3598627256711587,0.6401372743288414,0.002441391573012059,0.00212496751605995,3.0854356817112093e-4,0.00654736830944142,0.0153185726119561,RP200-RP500,0.0153185726119561,0.448459517643263,FALSE,delayed jump
01051034,Friedrichskoog,52644739.12260729,TRUE,FALSE,FALSE,0.4026306221199626,0.5651727301083322,0.74606177610239,0.74606177610239,0.74606177610239,0.74606177610239,0.4026306221199626,0.5651727301083322,0.74606177610239,0.74606177610239,0.74606177610239,0.74606177610239,10,10,10,0.19203819428158067,0.25740253747462494,0.9093441957146442,1,1,0,0.16254210798836966,0.18088904599405775,0,0,0,RP20-RP50,0.18088904599405775,0.24245853599291275,FALSE,early exposure
01051016,Burg (Dithmarschen),11374810.187515236,TRUE,FALSE,FALSE,0.5162699388588771,0.5910697655341365,0.5961318496382247,0.6040440695800382,0.6040440695800382,0.6040440695800382,0.5162699388588771,0.5910697655341365,0.5961318496382247,0.6040440695800382,0.6040440695800382,0.6040440695800382,10,10,10,0.040726470204667437,0.06742301142527979,0.9800138417498664,0.9869012538318365,1,0,0.07479982667525942,0.00506208410408826,0.007912219941813459,0,0,RP10-RP20,0.07479982667525942,0.12383173752084681,FALSE,early exposure
03352061,Wurster Nordseeküste,181747830.48425624,TRUE,FALSE,FALSE,0,0,0,0,0,0.00143768983952355,0,0,0,0,0,0.00143768983952355,500,NA,NA,6.248549255467239e-4,0.43462428986338303,0.11711213489833154,0,0,1,0,0,0,0,0.00143768983952355,RP200-RP500,0.00143768983952355,1,TRUE,delayed jump
03352062,Geestland,355996953.8423922,TRUE,FALSE,FALSE,0,0,0,0.00154778076818612,0.01211486012094596,0.0435622154831951,0,0,0,0.00154778076818612,0.01211486012094596,0.0435622154831951,100,200,NA,0.02190757769234672,0.5029032029098235,0.1806148151369876,0,0.035530350121499306,0.9644696498785007,0,0,0.00154778076818612,0.010567079352759839,0.031447355362249144,RP200-RP500,0.031447355362249144,0.721895225333076,FALSE,delayed jump
03352063,Cadenberge,30845858.23362863,TRUE,FALSE,FALSE,0.5585254886073061,0.6495806758382866,0.7484803785667506,0.7522230474763271,0.7526606973776514,0.7839114374611355,0.5585254886073061,0.6495806758382866,0.7484803785667506,0.7522230474763271,0.7526606973776514,0.7839114374611355,10,10,10,0.12260429971114771,0.15640070274803988,0.9146190050190018,0.9548022171877785,0.9595765688947746,0.04042343110522536,0.0910551872309805,0.09889970272846405,0.0037426689095764187,4.376499013243329e-4,0.03125074008348405,RP20-RP50,0.09889970272846405,0.12616183155685526,FALSE,early exposure
01051021,Diekhusen-Fahrstedt,7528229.912736982,TRUE,FALSE,FALSE,0.7555022824590554,0.9325748075419192,0.933582283344594,0.933582283344594,0.933582283344594,0.933582283344594,0.7555022824590554,0.9325748075419192,0.933582283344594,0.933582283344594,0.933582283344594,0.933582283344594,10,10,10,0.07477886347306147,0.0800988459262137,0.9828791853098635,1,1,0,0.17707252508286386,0.0010074758026747954,0,0,0,RP10-RP20,0.17707252508286386,0.18966997150855822,FALSE,early exposure
01051022,Dingen,6798996.813680679,TRUE,FALSE,FALSE,0.7780285642172836,0.8016097765771887,0.8016097765771887,0.8016097765771887,0.8016097765771887,0.8016097765771887,0.7780285642172836,0.8016097765771887,0.8016097765771887,0.8016097765771887,0.8016097765771887,0.8016097765771887,10,10,10,0.009866502520980458,0.012308361012149155,0.9973938633163905,1,1,0,0.023581212359905068,0,0,0,0,RP10-RP20,0.023581212359905068,0.029417321306378034,FALSE,early exposure
01051046,Helse,11771771.888879798,TRUE,FALSE,FALSE,0.845935872297976,0.9718374450438776,0.9718374450438776,0.9718374450438776,0.9718374450438776,0.9718374450438776,0.845935872297976,0.9718374450438776,0.9718374450438776,0.9718374450438776,0.9718374450438776,0.9718374450438776,10,10,10,0.052677876180995495,0.05420441088130452,0.9885229151572841,1,1,0,0.12590157274590164,0,0,0,0,RP10-RP20,0.12590157274590164,0.12955003266026377,FALSE,early exposure
13071176,Südmüritz,69521651.59671196,TRUE,FALSE,FALSE,0,0,0,0,0,0.00302196070405401,0,0,0,0,0,0.00302196070405401,500,NA,NA,0.0013134175249945232,0.43462428986338303,0.11711213489833154,0,0,1,0,0,0,0,0.00302196070405401,RP200-RP500,0.00302196070405401,1,TRUE,delayed jump
01051051,Hochdonn,5461761.440063529,TRUE,FALSE,FALSE,0.08854426396478991,0.11856764890484887,0.12034496752822103,0.12757936995359845,0.12757936995359845,0.12757936995359845,0.08854426396478991,0.11856764890484887,0.12034496752822103,0.12757936995359845,0.12757936995359845,0.12757936995359845,10,10,10,0.01922903191696189,0.15072211066691743,0.9466991574314343,0.9432948882879056,1,0,0.03002338494005896,0.0017773186233721594,0.007234402425377415,0,0,RP10-RP20,0.03002338494005896,0.23533103315197973,FALSE,early exposure
15082301,Raguhn-Jeßnitz,97547663.79529916,TRUE,FALSE,FALSE,0.3022345419318058,0.31928132329581754,0.3304862134762871,0.33418620624532724,0.3369943826643945,0.34660857303688203,0.3022345419318058,0.31928132329581754,0.3304862134762871,0.33418620624532724,0.3369943826643945,0.34660857303688203,10,10,10,0.023660353787837686,0.06826245981319118,0.9508158131775699,0.9534853987616764,0.9641602436930118,0.035839756306988234,0.01704678136401172,0.011204890180469551,0.00369999276904015,0.0028081764190672764,0.009614190372487508,RP10-RP20,0.01704678136401172,0.04918164953236111,FALSE,early exposure
12065193,Liebenwalde,142108984.33563513,TRUE,FALSE,FALSE,0.13323124393553393,0.1602469274487906,0.20282557153784603,0.22099650829821688,0.24729364680537028,0.26849886868291534,0.13323124393553393,0.1602469274487906,0.20282557153784603,0.22099650829821688,0.24729364680537028,0.26849886868291534,10,10,10,0.08100424023440189,0.30169304113554435,0.774526454457716,0.7554056839523356,0.8230817112276307,0.17691828877236923,0.027015683513256672,0.04257864408905543,0.018170936760370848,0.0262971385071534,0.02120522187754506,RP20-RP50,0.04257864408905543,0.1585803482074959,FALSE,early exposure
12065198,Löwenberger Land,245462895.6625957,TRUE,FALSE,FALSE,0.01238835117984796,0.01711749222192604,0.02034988192496058,0.02224872416382653,0.02332682058991061,0.0241348389303633,0.01238835117984796,0.01711749222192604,0.02034988192496058,0.02224872416382653,0.02332682058991061,0.0241348389303633,10,10,NA,0.006698029881859537,0.27752536079422324,0.8440792156624685,0.8431745487789032,0.9218509486647576,0.07814905133524244,0.0047291410420780815,0.003232389703034539,0.0018988422388659491,0.0010780964260840818,8.080183404526875e-4,RP10-RP20,0.0047291410420780815,0.19594665850984797,FALSE,early exposure
14626060,Boxberg/O.L.,217157658.1790037,TRUE,FALSE,FALSE,0.04784175440186666,0.0547952278029995,0.0565451085264634,0.06170265171140961,0.06617322034824381,0.06828042216384897,0.04784175440186666,0.0547952278029995,0.0565451085264634,0.06170265171140961,0.06617322034824381,0.06828042216384897,10,10,20,0.011902159237315637,0.1743129122540374,0.8740840304011513,0.8281306227248427,0.9036653517364754,0.09633464826352461,0.006953473401132844,0.0017498807234638952,0.005157543184946212,0.004470568636834205,0.002107201815605156,RP10-RP20,0.006953473401132844,0.1018370007210406,FALSE,early exposure
12070052,Breese,23853680.377576068,TRUE,FALSE,FALSE,0.2825923037023978,0.3521331751668125,0.35320272282319287,0.35320272282319287,0.35615067162427283,0.3584674554490048,0.2825923037023978,0.3521331751668125,0.35320272282319287,0.35320272282319287,0.35615067162427283,0.3584674554490048,10,10,10,0.03281004815738561,0.09152866643441529,0.9706604167950906,0.9853132200823712,0.9853132200823712,0.014686779917628831,0.06954087146441468,0.0010695476563803985,0,0.002947948801079958,0.002316783824731994,RP10-RP20,0.06954087146441468,0.19399493707820703,FALSE,early exposure
15087101,Brücken-Hackpfüffel,16744209.004627198,TRUE,FALSE,FALSE,0.00724001192413695,0.00724001192413695,0.00972082996070827,0.01356543895128416,0.0206819641915497,0.03143921186108598,0.00724001192413695,0.00724001192413695,0.00972082996070827,0.01356543895128416,0.0206819641915497,0.03143921186108598,10,100,NA,0.014036011524959603,0.44644921720613295,0.4602587857092429,0.3091944544812292,0.43148152094979325,0.5685184790502067,0,0.00248081803657132,0.0038446089905758898,0.00711652524026554,0.010757247669536282,RP200-RP500,0.010757247669536282,0.34216022071631863,FALSE,delayed jump
01051072,Marne,4805804.876825534,TRUE,FALSE,FALSE,0.37936803302266714,0.6172077952462144,0.6794711281420527,0.6794711281420527,0.6794711281420527,0.6794711281420527,0.37936803302266714,0.6172077952462144,0.6794711281420527,0.6794711281420527,0.6794711281420527,0.6794711281420527,10,10,10,0.14220533903128088,0.20928827310165127,0.9420217810411686,1,1,0,0.23783976222354725,0.0622633328958383,0,0,0,RP10-RP20,0.23783976222354725,0.35003659813169224,FALSE,early exposure
01051073,Marnerdeich,1293267.715960469,TRUE,FALSE,FALSE,0.7931448327562802,0.8406740987072304,0.961338244746027,0.961338244746027,0.961338244746027,0.961338244746027,0.7931448327562802,0.8406740987072304,0.961338244746027,0.961338244746027,0.961338244746027,0.961338244746027,10,10,10,0.10262196779581276,0.1067490743832045,0.9586808506073277,1,1,0,0.047529265950950195,0.1206641460387966,0,0,0,RP20-RP50,0.1206641460387966,0.1255168476842139,FALSE,early exposure
01051076,Neufeld,10473403.63389396,TRUE,FALSE,FALSE,0.8984909845451914,0.9758408679703068,0.981127242928844,0.981127242928844,0.981127242928844,0.981127242928844,0.8984909845451914,0.9758408679703068,0.981127242928844,0.981127242928844,0.981127242928844,0.981127242928844,10,10,10,0.03598829068012756,0.03668055386240808,0.9914299263996171,1,1,0,0.0773498834251154,0.005286374958537232,0,0,0,RP10-RP20,0.0773498834251154,0.07883776949686146,FALSE,early exposure
16068005,Büchel,6463514.723747343,TRUE,FALSE,FALSE,0.11871819079790832,0.11871819079790832,0.11871819079790832,0.11871819079790832,0.12026533665080771,0.12026533665080771,0.11871819079790832,0.11871819079790832,0.11871819079790832,0.11871819079790832,0.12026533665080771,0.12026533665080771,10,10,10,0.0010357342599678003,0.008612076337299589,0.9912884113731348,0.98713556294785465,0.98713556294785465,0.01286443705214539,0,0,0,0.0015471458528993898,0,RP100-RP200,0.0015471458528993898,0.01286443705214539,FALSE,early exposure
01051077,Neufelderkoog,9758328.39693758,TRUE,FALSE,FALSE,0.8074497216009529,0.918033760846628,0.9346529516568596,0.9346529516568596,0.9346529516568596,0.9346529516568596,0.8074497216009529,0.918033760846628,0.9346529516568596,0.9346529516568596,0.9346529516568596,0.9346529516568596,10,10,10,0.05766417788345788,0.061695817448858166,0.9842852773693861,1,1,0,0.11058403924567517,0.016619190810231554,0,0,0,RP10-RP20,0.11058403924567517,0.11831561549090795,FALSE,early exposure
01051057,Kaiser-Wilhelm-Koog,13218612.582973186,TRUE,FALSE,FALSE,0.8753745589924271,0.8754247893395906,0.9927209735830248,0.9927209735830248,0.9927209735830248,0.9927209735830248,0.8753745589924271,0.8754247893395906,0.9927209735830248,0.9927209735830248,0.9927209735830248,0.9927209735830248,10,10,10,0.08044718940871448,0.08103706031147578,0.965222611907208,1,1,0,5.0230347163449096e-5,0.11729618424343424,0,0,0,RP20-RP50,0.11729618424343424,0.11815624668438049,FALSE,early exposure
16068009,Elxleben,12182387.021896468,TRUE,FALSE,FALSE,0.1629434749387174,0.1958173235443432,0.2241345954742361,0.24622249904430143,0.262639642879949,0.28060105110738637,0.1629434749387174,0.1958173235443432,0.2241345954742361,0.24622249904430143,0.262639642879949,0.28060105110738637,10,10,10,0.06860276521552343,0.24448506142362617,0.8244293784399518,0.7987660580375356,0.8774824544405281,0.12251754555947197,0.03287384860562581,0.02831727192989289,0.022087903570065348,0.016417143835647574,0.01796140822743736,RP10-RP20,0.03287384860562581,0.11715511569144105,FALSE,early exposure
12062024,Bad Liebenwerda,139221533.97102642,TRUE,FALSE,FALSE,0.13753357099916083,0.17201552782535054,0.21745972613206951,0.2592032558552691,0.28739037923611555,0.31380883669026777,0.13753357099916083,0.17201552782535054,0.21745972613206951,0.2592032558552691,0.28739037923611555,0.31380883669026777,10,10,10,0.10737724431177731,0.3421740619043167,0.7459821996967566,0.6929687781440784,0.825990939544845,0.17400906045515502,0.03448195682618971,0.045444198306718975,0.041743529723199585,0.028187123380846446,0.026418457454152222,RP20-RP50,0.045444198306718975,0.14481490956729437,FALSE,early exposure
12069537,Rosenau,49729511.31494759,TRUE,FALSE,FALSE,0.03669198379511069,0.05115345322443954,0.06382725541388949,0.06799406741093646,0.10298728764380614,0.11974021644526224,0.03669198379511069,0.05115345322443954,0.06382725541388949,0.06799406741093646,0.10298728764380614,0.11974021644526224,10,10,20,0.04858630021000328,0.40576425909680813,0.6193240218702623,0.5330477704879324,0.5678465383601432,0.4321534616398568,0.014461469429328848,0.012673802189449954,0.004166811997046965,0.03499322023286969,0.016752928801456096,RP100-RP200,0.03499322023286969,0.2922428342934089,FALSE,gradual increase
03355042,Wittorf,12084300.577132616,TRUE,FALSE,FALSE,0.38536771161048416,0.5491883972764233,0.550731962146797,0.5523870020783465,0.6241981699261917,0.6324564828945641,0.38536771161048416,0.5491883972764233,0.550731962146797,0.5523870020783465,0.6241981699261917,0.6324564828945641,10,10,10,0.12251139488144254,0.19370723234702966,0.8866080125156061,0.8707823811470182,0.873399225113855,0.1266007748861449,0.16382068566593916,0.0015435648703736593,0.0016550399315494735,0.07181116784784525,0.008258312968372428,RP10-RP20,0.16382068566593916,0.25902285785131157,FALSE,early exposure
01051062,Kronprinzenkoog,28357505.18953096,TRUE,FALSE,FALSE,0.42373169895359314,0.4279112094060295,0.5277904100213943,0.5277904100213943,0.5277904100213943,0.5277904100213943,0.42373169895359314,0.4279112094060295,0.5277904100213943,0.5277904100213943,0.5277904100213943,0.5277904100213943,10,10,10,0.07023264345162039,0.13306919208473963,0.9436058045350934,1,1,0,0.0041795104524363635,0.09987920061536476,0,0,0,RP20-RP50,0.09987920061536476,0.18924027174217906,FALSE,early exposure
16068014,Gebesee,23929036.68319125,TRUE,FALSE,FALSE,0.18133179687050047,0.18220583320134315,0.18519253792906468,0.18798055656024332,0.1882058900136641,0.1930656327079228,0.18133179687050047,0.18220583320134315,0.18519253792906468,0.18798055656024332,0.1882058900136641,0.1930656327079228,10,10,10,0.006776337667939668,0.03509862202244554,0.9648118781699315,0.959220630474566,0.9736614120475167,0.026338587952483367,8.740363308426813e-4,0.0029867047277215286,0.0027880186311786403,2.2533345342079514e-4,0.0048597426942586786,RP200-RP500,0.0048597426942586786,0.025171454008133528,FALSE,early exposure
01051064,Kuden,11394487.396027938,TRUE,FALSE,FALSE,0.32599864686019864,0.3519960550524174,0.35393257175455495,0.35393257175455495,0.35393257175455495,0.35393257175455495,0.32599864686019864,0.3519960550524174,0.35393257175455495,0.35393257175455495,0.35393257175455495,0.35393257175455495,10,10,10,0.012205257910967757,0.03448469817418175,0.9918824394527683,1,1,0,0.02599740819221874,0.0019365167021375695,0,0,0,RP10-RP20,0.02599740819221874,0.07345299717214898,FALSE,early exposure
03355049,Amt Neuhaus,237864004.5582604,TRUE,FALSE,FALSE,0.4620621139711584,0.49939321203670495,0.5454842903538232,0.5900050325523463,0.6083531246300563,0.6323741608676136,0.4620621139711584,0.49939321203670495,0.5454842903538232,0.5900050325523463,0.6083531246300563,0.6323741608676136,10,10,10,0.10347578394108656,0.1636306325342551,0.8849337318265024,0.8625973736900034,0.9329999058514075,0.06700009414859251,0.037331098065546575,0.04609107831711823,0.04452074219852309,0.018348092077710043,0.024021036237557247,RP20-RP50,0.04609107831711823,0.07288577106610672,FALSE,early exposure
14524150,Langenweißbach,22731716.17384742,TRUE,FALSE,FALSE,0.03766759218748007,0.03942724815423983,0.04206673210437947,0.04352364476163831,0.04456381942581466,0.04618583429968008,0.03766759218748007,0.03942724815423983,0.04206673210437947,0.04352364476163831,0.04456381942581466,0.04618583429968008,10,10,NA,0.005044611480891186,0.10922421468363792,0.9177760059741639,0.9108145980740865,0.9423591761757952,0.05764082382420476,0.0017596559667597544,0.0026394839501396455,0.0014569126572588353,0.0010401746641763507,0.0016220148738654225,RP20-RP50,0.0026394839501396455,0.057149210145543014,FALSE,early exposure
14628270,Pirna,53425302.548493326,TRUE,FALSE,FALSE,0.11437606148666409,0.12258859031755548,0.13666520616328706,0.14228702979314622,0.15356943421453184,0.15899757380694263,0.11437606148666409,0.12258859031755548,0.13666520616328706,0.14228702979314622,0.15356943421453184,0.15899757380694263,10,10,10,0.027234191158606025,0.17128683480210963,0.8734957625105783,0.8595427143386988,0.8949006351877632,0.10509936481223675,0.008212528830891394,0.014076615845731583,0.005621823629859163,0.011282404421385617,0.005428139592410786,RP20-RP50,0.014076615845731583,0.08853352607017534,FALSE,early exposure
12069541,Roskow,39287218.17786935,TRUE,FALSE,FALSE,0.3853690520389262,0.4328673152178411,0.45372992801876655,0.5908014523962141,0.664159380874982,0.6687410236674309,0.3853690520389262,0.4328673152178411,0.45372992801876655,0.5908014523962141,0.664159380874982,0.6687410236674309,10,10,10,0.1885115702814949,0.2818902439208556,0.8017089112488651,0.6784837657042097,0.8834532823427075,0.11654671765729255,0.04749826317891492,0.02086261280092544,0.13707152437744752,0.07335792847876799,0.004581642792448881,RP50-RP100,0.13707152437744752,0.20496951663849777,FALSE,early exposure
15087125,Edersleben,9134917.8716069,TRUE,FALSE,FALSE,0.10917560047102508,0.12086239697148024,0.1621329890000582,0.19181144744577625,0.194000848629356,0.1984689954423233,0.10917560047102508,0.12086239697148024,0.1621329890000582,0.19181144744577625,0.194000848629356,0.1984689954423233,10,10,10,0.05894709342470202,0.2970090783869187,0.8314706399017384,0.8169184745391397,0.9664554759210147,0.03354452407898538,0.011686796500455163,0.04127059202857797,0.029678458445718037,0.0021894011835797422,0.004468146812967311,RP20-RP50,0.04127059202857797,0.20794478218927417,FALSE,early exposure
12070060,Cumlosen,22136539.600718543,TRUE,FALSE,FALSE,0.3981840715627689,0.4769425054198755,0.4960312036611313,0.5530380524682038,0.6414181055228627,0.6812502453182795,0.3981840715627689,0.4769425054198755,0.4960312036611313,0.5530380524682038,0.6414181055228627,0.6812502453182795,10,10,10,0.16545287079387166,0.24286651187416772,0.8001976998535989,0.7281189358388942,0.8117986837712255,0.18820131622877442,0.07875843385710657,0.019088698241255808,0.05700684880707252,0.0883800530546589,0.03983213979541678,RP100-RP200,0.0883800530546589,0.12973214125356802,FALSE,early exposure
01051090,Ramhusen,4807202.395817772,TRUE,FALSE,FALSE,0.9901601893491444,1.00000000005188,1.00000000005188,1.00000000005188,1.00000000005188,1.00000000005188,0.9901601893491444,1.00000000005188,1.00000000005188,1.00000000005188,1.00000000005188,1.00000000005188,10,10,10,0.004117028235137609,0.00411702823492412,0.9991282723751844,1,1,0,0.009839810702735652,0,0,0,0,RP10-RP20,0.009839810702735652,0.009839810702225163,FALSE,early exposure
03355032,Rullstorf,22705490.788275145,TRUE,FALSE,FALSE,0.05775641613690021,0.05775641613690021,0.0795341613932337,0.0837465603150937,0.11162593095399637,0.1376017679903868,0.05775641613690021,0.05775641613690021,0.0795341613932337,0.0837465603150937,0.11162593095399637,0.1376017679903868,10,10,10,0.04805830084032059,0.34925641975529026,0.6342451659439557,0.5780024672269485,0.6086154381457108,0.3913845618542892,0,0.02177774525633349,0.004212398921859997,0.027879370638902667,0.02597583703639042,RP100-RP200,0.027879370638902667,0.20260910194737028,FALSE,early exposure
03355033,Scharnebeck,27037799.21691025,TRUE,FALSE,FALSE,0.21915443174728944,0.21915443174728944,0.24282995076605615,0.24282995076605615,0.24282995076605615,0.25787033103556944,0.21915443174728944,0.21915443174728944,0.24282995076605615,0.24282995076605615,0.24282995076605615,0.25787033103556944,10,10,10,0.022770446786609794,0.08830192560410893,0.921485427867132,0.9416746385320354,0.9416746385320354,0.05832536146796466,0,0.023675519018766716,0,0,0.015040380269513293,RP20-RP50,0.023675519018766716,0.09181172151014544,FALSE,early exposure
16068002,Andisleben,6730100.624243133,TRUE,FALSE,FALSE,0.04298450924391805,0.04298450924391805,0.05322891425894649,0.05902749774826021,0.10866054331144225,0.12059698109814682,0.04298450924391805,0.04298450924391805,0.05322891425894649,0.05902749774826021,0.10866054331144225,0.12059698109814682,10,10,50,0.04980596552482642,0.4129951270031566,0.584870120957462,0.4413784969926121,0.4894608240667417,0.5105391759332584,0,0.010244405015028442,0.0057985834893137175,0.049633045563182036,0.01193643778670457,RP100-RP200,0.049633045563182036,0.411561260582374,FALSE,delayed jump
14524180,Limbach-Oberfrohna,50092485.45446207,TRUE,FALSE,FALSE,0.00929218923155368,0.01672606582034913,0.01883940103890298,0.01978331508854036,0.0201804487125731,0.02117881584803076,0.00929218923155368,0.01672606582034913,0.01883940103890298,0.01978331508854036,0.0201804487125731,0.02117881584803076,10,20,NA,0.005970082438124684,0.28188934079049516,0.8629355355961582,0.8895398672940771,0.9341086503842396,0.0658913496157604,0.007433876588795451,0.0021133352185538495,9.439140496373781e-4,3.9713362403274305e-4,9.98367135457659e-4,RP10-RP20,0.007433876588795451,0.3510052989807107,FALSE,early exposure
01051097,Sankt Michaelisdonn,23004753.334857874,TRUE,FALSE,FALSE,0.29778138937924425,0.3234282629367191,0.3234282629367191,0.3234282629367191,0.3234282629367191,0.3234282629367191,0.29778138937924425,0.3234282629367191,0.3234282629367191,0.3234282629367191,0.3234282629367191,0.3234282629367191,10,10,10,0.010730785964183127,0.033178256800280734,0.9929749320758401,1,1,0,0.02564687355747486,0,0,0,0,RP10-RP20,0.02564687355747486,0.07929694617471585,FALSE,early exposure
12071372,Spremberg,202891853.28971308,TRUE,FALSE,FALSE,0.03687041019642461,0.03828354781160665,0.0385093311923014,0.03988937674593033,0.04161443368796647,0.04230445646478092,0.03687041019642461,0.03828354781160665,0.0385093311923014,0.03988937674593033,0.04161443368796647,0.04230445646478092,10,10,NA,0.0032401665744855724,0.07659161339616916,0.9371447813908035,0.9102901776875678,0.9429119312557253,0.05708806874427473,0.001413137615182039,2.257833806947468e-4,0.0013800455536289308,0.0017250569420361392,6.900227768144515e-4,RP100-RP200,0.0017250569420361392,0.04077719196019631,FALSE,early exposure
15090310,Klietz,66361888.75843367,TRUE,FALSE,FALSE,0.3785079170787472,0.399541018399617,0.4129523304742284,0.4242785245679048,0.42531511901785,0.4306577172827927,0.3785079170787472,0.399541018399617,0.4129523304742284,0.4242785245679048,0.42531511901785,0.4306577172827927,10,10,10,0.029542118680187156,0.06859767628589417,0.960775729655757,0.9588875663943159,0.9851873252030942,0.014812674796905899,0.021033101320869774,0.013411312074611437,0.011326194093676412,0.001036594449945194,0.005342598264942655,RP10-RP20,0.021033101320869774,0.04883948545860685,FALSE,early exposure
12072232,Luckenwalde,46648169.57139833,TRUE,FALSE,FALSE,0.01551532837382084,0.01551532837382084,0.01797780436094602,0.02153557323889144,0.03171004556973807,0.03171004556973807,0.01551532837382084,0.01551532837382084,0.01797780436094602,0.02153557323889144,0.03171004556973807,0.03171004556973807,10,10,NA,0.011179183801986115,0.35254392105493443,0.7037667706418378,0.5669435044301174,0.6791404065165879,0.3208595934834121,0,0.002462475987125179,0.0035577688779454206,0.010174472330846628,0,RP100-RP200,0.010174472330846628,0.3208595934834121,FALSE,early exposure
16068015,Griefstedt,5038003.124141913,TRUE,FALSE,FALSE,0.04050205030136709,0.04050205030136709,0.04050205030136709,0.04050205030136709,0.05444768149832013,0.08550431528743678,0.04050205030136709,0.04050205030136709,0.04050205030136709,0.04050205030136709,0.05444768149832013,0.08550431528743678,10,10,200,0.022833847394762186,0.26704906434257114,0.568872275188102,0.4736842832459719,0.4736842832459719,0.5263157167540281,0,0,0,0.013945631196953044,0.031056633789116647,RP200-RP500,0.031056633789116647,0.3632171509088714,FALSE,delayed jump
15089305,Schönebeck (Elbe),86651504.83816189,TRUE,FALSE,FALSE,0.3883986646333115,0.5278826552102441,0.54354209311952,0.5572800597350371,0.6235381222942389,0.6274429765292641,0.3883986646333115,0.5278826552102441,0.54354209311952,0.5572800597350371,0.6235381222942389,0.6274429765292641,10,10,10,0.1254979600512323,0.20001492525333753,0.885007746156515,0.8662812613285648,0.8881764249201783,0.11182357507982164,0.13948399057693261,0.01565943790927582,0.013737966615517183,0.06625806255920175,0.003904854235025179,RP10-RP20,0.13948399057693261,0.22230544574503983,FALSE,early exposure
12072240,Ludwigsfelde,110371846.037488,TRUE,FALSE,FALSE,0.01292956320921007,0.01581847947001805,0.02751018376456698,0.03912783465184015,0.03967145154468092,0.03967145154468092,0.01292956320921007,0.01581847947001805,0.02751018376456698,0.03912783465184015,0.03967145154468092,0.03967145154468092,10,10,NA,0.01833887644924022,0.4622688541805842,0.7511129662697326,0.6934503955213984,0.9862970254005324,0.013702974599467548,0.0028889162608079794,0.011691704294548931,0.011617650887273172,5.436168928407703e-4,0,RP20-RP50,0.011691704294548931,0.29471329732870677,FALSE,early exposure
15087165,Gerbstedt,102354651.5951092,TRUE,FALSE,FALSE,0.01905259227454889,0.01983418840870859,0.01993188792547855,0.021397380677028,0.02159277971056792,0.02159277971056792,0.01905259227454889,0.01983418840870859,0.01993188792547855,0.021397380677028,0.02159277971056792,0.02159277971056792,10,10,NA,0.0016285285382867329,0.07542005059634371,0.9553988361068813,0.9230811499328871,0.9909507235215165,0.009049276478483578,7.815961341596997e-4,9.769951676995986e-5,0.00146549275154945,1.9539903353991972e-4,0,RP50-RP100,0.00146549275154945,0.06786957358862925,FALSE,early exposure
12065100,Gransee,121765707.25394532,TRUE,FALSE,FALSE,0,5.851003612711271e-5,1.0141273976279044e-4,1.0141273976279044e-4,1.0141273976279044e-4,1.1604677294816174e-4,0,5.851003612711271e-5,1.0141273976279044e-4,1.0141273976279044e-4,1.0141273976279044e-4,1.1604677294816174e-4,20,NA,NA,6.025819763947636e-5,0.5192578484400749,0.7351945466917909,0.8738953887851035,0.8738953887851035,0.1261046112148965,5.851003612711271e-5,4.290270363567773e-5,0,0,1.4634033185371303e-5,RP10-RP20,5.851003612711271e-5,0.5041935647210908,TRUE,early exposure
15089310,Staßfurt,147453642.098848,TRUE,FALSE,FALSE,0.04853474387124745,0.05543164737908408,0.06577779606687999,0.07115917406288769,0.0780533367121163,0.09487183905633163,0.04853474387124745,0.05543164737908408,0.06577779606687999,0.07115917406288769,0.0780533367121163,0.09487183905633163,10,10,20,0.02595760720009284,0.2736070836012791,0.7273796329036183,0.6933332032050459,0.7500558097185807,0.24994419028141937,0.00689690350783663,0.01034614868779591,0.0053813779960077,0.006894162649228611,0.016818502344215336,RP200-RP500,0.016818502344215336,0.1772760232278104,FALSE,early exposure
16068049,Schwerstedt,12696792.66930464,TRUE,FALSE,FALSE,0.08706364338124804,0.087536539416632,0.087536539416632,0.087536539416632,0.08989934085644184,0.10137777267100544,0.08706364338124804,0.087536539416632,0.087536539416632,0.087536539416632,0.08989934085644184,0.10137777267100544,10,10,10,0.00676844100754127,0.06676454640117638,0.8838392922089368,0.8634687576014175,0.8634687576014175,0.13653124239858247,4.728960353839601e-4,0,0,0.002362801439809839,0.011478431814563594,RP200-RP500,0.011478431814563594,0.11322434407603123,FALSE,early exposure
14625120,Elsterheide,127662995.54836445,TRUE,FALSE,FALSE,0.1020809206564156,0.104272806839794,0.11108762421316833,0.1149258546878274,0.11688413554224528,0.11823287771513027,0.1020809206564156,0.104272806839794,0.11108762421316833,0.1149258546878274,0.11688413554224528,0.11823287771513027,10,10,10,0.010377643200170289,0.08777290547874615,0.9438753742278253,0.9395662725965472,0.9720295818624088,0.027970418137591133,0.0021918861833784,0.006814817373374332,0.003838230474659074,0.0019582808544178765,0.001348742172884998,RP20-RP50,0.006814817373374332,0.05763893685979563,FALSE,early exposure
16068051,Sömmerda,87917087.60362361,TRUE,FALSE,FALSE,0.11042408595218936,0.1208933969403153,0.1284513098490176,0.13067028607706888,0.13589867254252844,0.1388611205484855,0.11042408595218936,0.1208933969403153,0.1284513098490176,0.13067028607706888,0.13589867254252844,0.1388611205484855,10,10,10,0.016021492019995778,0.11537781026620496,0.9249801842069356,0.9250343749326639,0.9410141986535628,0.05898580134643721,0.010469310988125938,0.007557912908702294,0.0022189762280512837,0.005228386465459561,0.0029624480059570746,RP10-RP20,0.010469310988125938,0.0753941128141078,FALSE,early exposure
01002000,Kiel,112723309.79272144,TRUE,FALSE,FALSE,1.2984366183654998e-4,1.2984366183654998e-4,1.2984366183654998e-4,1.2984366183654998e-4,1.2984366183654998e-4,1.2984366183654998e-4,1.2984366183654998e-4,1.2984366183654998e-4,1.2984366183654998e-4,1.2984366183654998e-4,1.2984366183654998e-4,1.2984366183654998e-4,10,NA,NA,0,0,1,1,1,0,0,0,0,0,0,NA,0,0,TRUE,early exposure
16068053,Straußfurt,21957904.249343578,TRUE,FALSE,FALSE,0.1686850679437717,0.16914048481263333,0.17751747003986704,0.1779728869087287,0.178883720646452,0.1814770449849579,0.1686850679437717,0.16914048481263333,0.17751747003986704,0.1779728869087287,0.178883720646452,0.1814770449849579,10,10,10,0.008014240441798316,0.044161179957843064,0.9689228794104463,0.9781814005985217,0.980690901835438,0.01930909816456206,4.5541686886163557e-4,0.008376985227233708,4.554168688616633e-4,9.108337377232989e-4,0.002593324338505898,RP20-RP50,0.008376985227233708,0.04616002661894815,FALSE,early exposure
16068057,Walschleben,16861722.674348123,TRUE,FALSE,FALSE,0.08835754791576178,0.18442457789688027,0.23982680308261023,0.2665568806413143,0.2835441788950743,0.2981882532779477,0.08835754791576178,0.18442457789688027,0.23982680308261023,0.2665568806413143,0.2835441788950743,0.2981882532779477,10,10,10,0.1160504456638645,0.38918516872524606,0.7900217408391995,0.804279848204022,0.893921466426281,0.10607853357371902,0.09606702998111849,0.05540222518572996,0.026730077558704046,0.016987298253759997,0.014644074382873407,RP10-RP20,0.09606702998111849,0.3221690624129729,FALSE,early exposure
16068058,Weißensee,55402086.43048872,TRUE,FALSE,FALSE,0.09016414158813024,0.09087574087841238,0.09151705803681182,0.0925082494472447,0.09269159133888066,0.09340546696300664,0.09016414158813024,0.09087574087841238,0.09151705803681182,0.0925082494472447,0.09269159133888066,0.09340546696300664,10,10,10,0.0019169681654970625,0.020523083153754507,0.9839216800869631,0.9797826723895858,0.9903943789915715,0.009605621008428586,7.115992902821389e-4,6.413171583994348e-4,9.911914104328845e-4,1.8334189163596304e-4,7.138756241259758e-4,RP50-RP100,9.911914104328845e-4,0.01061170660198559,FALSE,early exposure
12061192,Groß Köris,69088656.33213338,TRUE,FALSE,FALSE,0.00592934741336233,0.00663709364700133,0.00906494063453046,0.01003316568156263,0.01012861457689275,0.01031995127992229,0.00592934741336233,0.00663709364700133,0.00906494063453046,0.01003316568156263,0.01012861457689275,0.01031995127992229,10,100,NA,0.0028370767626738755,0.2749118368604584,0.8551462189751301,0.8783898672241329,0.972210566641181,0.027789433358819057,7.077462336390001e-4,0.0024278469875291296,9.682250470321695e-4,9.544889533012052e-5,1.9133670302953938e-4,RP20-RP50,0.0024278469875291296,0.23525760167614004,TRUE,early exposure
03352004,Belum,25542530.37904467,TRUE,FALSE,FALSE,0.7186862630753802,0.7575669732393518,0.8540321680206109,0.8557701400493953,0.8569446517189444,0.874547921386955,0.7186862630753802,0.7575669732393518,0.8540321680206109,0.8557701400493953,0.8569446517189444,0.874547921386955,10,10,10,0.09215693555786177,0.10537665610331455,0.9439254370238557,0.9765413045247332,0.9785285850227855,0.021471414977214522,0.038880710163971655,0.09646519478125903,0.0017379720287844513,0.001174511669549072,0.017603269668010624,RP20-RP50,0.09646519478125903,0.1103029261429995,FALSE,early exposure
03352008,Bülkau,22980760.30528494,TRUE,FALSE,FALSE,0.31337999343627593,0.5789251319939904,0.7632827342552304,0.8282894456540004,0.84119155634347,0.8750711080801059,0.31337999343627593,0.5789251319939904,0.7632827342552304,0.8282894456540004,0.84119155634347,0.8750711080801059,10,10,10,0.309834115933718,0.3540673587241268,0.82980451795137,0.8722522400835085,0.9465395874756466,0.05346041252435338,0.2655451385577145,0.18435760226123998,0.06500671139877001,0.01290211068946956,0.03387955173663593,RP10-RP20,0.2655451385577145,0.3034554976227211,FALSE,early exposure
12051000,Brandenburg an der Havel,229676220.47988737,TRUE,FALSE,FALSE,0.3320146745226285,0.37004052083382466,0.41182118121946554,0.4211806844778246,0.4389862664702617,0.4616553586559404,0.3320146745226285,0.37004052083382466,0.41182118121946554,0.4211806844778246,0.4389862664702617,0.4616553586559404,10,10,10,0.07337922373975696,0.15894806020099603,0.8864600382294756,0.8920532893161651,0.9123270781564121,0.08767292184358787,0.038025846311196154,0.04178066038564088,0.009359503258359048,0.01780558199243709,0.022669092185678696,RP20-RP50,0.04178066038564088,0.09050184212586798,FALSE,early exposure
16068044,Riethnordhausen,12507221.29377836,TRUE,FALSE,FALSE,0.00166485543093307,0.00663675159819137,0.01044691461282507,0.01206676243339365,0.0155957225089552,0.01753014138260132,0.00166485543093307,0.00663675159819137,0.01044691461282507,0.01206676243339365,0.0155957225089552,0.01753014138260132,10,50,NA,0.009115929025485076,0.5200145752693496,0.6309591163544146,0.5959401230610519,0.6883437029988773,0.3116562970011228,0.0049718961672583,0.0038101630146336997,0.0016198478205685807,0.0035289600755615495,0.001934418873646121,RP10-RP20,0.0049718961672583,0.28361985558159336,TRUE,early exposure
16068045,Ringleben,6612685.463937223,TRUE,FALSE,FALSE,0.26120414943539283,0.26120414943539283,0.26536985104398847,0.26536985104398847,0.2668820959639284,0.26776007437696564,0.26120414943539283,0.26120414943539283,0.26536985104398847,0.26536985104398847,0.2668820959639284,0.26776007437696564,10,10,10,0.004250246532617826,0.015873339378574117,0.9887019249644134,0.9910732646062381,0.9910732646062381,0.008926735393761872,0,0.00416570160859564,0,0.0015122449199399535,8.77978413037217e-4,RP20-RP50,0.00416570160859564,0.015557590571665897,FALSE,early exposure
03352011,Cuxhaven,161968595.94766963,TRUE,FALSE,FALSE,0.0012501706267303,0.02153512063580753,0.08662491650124017,0.13989306139655475,0.18019924424657108,0.2093462764307098,0.0012501706267303,0.02153512063580753,0.08662491650124017,0.13989306139655475,0.18019924424657108,0.2093462764307098,10,20,50,0.132886004768696,0.6347665075986155,0.5193844563954715,0.4137877108595796,0.6682376385273663,0.33176236147263377,0.020284950009077228,0.06508979586543265,0.053268144895314576,0.04030618285001633,0.02914703218413872,RP20-RP50,0.06508979586543265,0.3109192911151506,FALSE,early exposure
14522330,Lichtenau,49149615.820938915,TRUE,FALSE,FALSE,0.04733406925599424,0.05327814176479861,0.05492936206877529,0.05774103014611793,0.05856244013391484,0.06136968142807827,0.04733406925599424,0.05327814176479861,0.05492936206877529,0.05774103014611793,0.05856244013391484,0.06136968142807827,10,10,20,0.0075067557310908445,0.12232026558404643,0.9111433702814381,0.8950569856411809,0.9408722483558447,0.05912775164415528,0.005944072508804368,0.001651220303976686,0.0028116680773426356,8.214099877969089e-4,0.0028072412941634317,RP10-RP20,0.005944072508804368,0.09685682523495709,FALSE,early exposure
16075062,Bad Lobenstein,49171760.81963101,TRUE,FALSE,FALSE,0.01874942323346133,0.01874942323346133,0.02083879983277721,0.02083879983277721,0.02083879983277721,0.0224657499087253,0.01874942323346133,0.01874942323346133,0.02083879983277721,0.02083879983277721,0.02083879983277721,0.0224657499087253,10,10,NA,0.0021397294968955698,0.09524407177988464,0.9086916942796892,0.9275808694319965,0.9275808694319965,0.07241913056800349,0,0.0020893765993158786,0,0,0.00162695007594809,RP20-RP50,0.0020893765993158786,0.09300275342709133,FALSE,early exposure
16068059,Werningshausen,12699180.881688392,TRUE,FALSE,FALSE,0.11377591030660536,0.11377591030660536,0.119765191080489,0.119765191080489,0.119765191080489,0.119765191080489,0.11377591030660536,0.11377591030660536,0.119765191080489,0.119765191080489,0.119765191080489,0.119765191080489,10,10,10,0.004106654733814901,0.03428921790017431,0.985282692830744,1,1,0,0,0.005989280773883637,0,0,0,RP20-RP50,0.005989280773883637,0.05000852685033084,FALSE,early exposure
03352002,Armstorf,39634923.870285094,TRUE,FALSE,FALSE,0.01064598791055119,0.01881403279002036,0.0188253735384525,0.0188253735384525,0.01972262797009287,0.01972262797009287,0.01064598791055119,0.01881403279002036,0.0188253735384525,0.0188253735384525,0.01972262797009287,0.01972262797009287,10,10,NA,0.004025994168682843,0.20413071598712945,0.9323332357403052,0.9545063450468693,0.9545063450468693,0.04549365495313069,0.008168044879469169,1.1340748432141223e-5,0,8.972544316403694e-4,0,RP10-RP20,0.008168044879469169,0.4141458679773853,TRUE,early exposure
16075046,Hirschberg,24263319.632687926,TRUE,FALSE,FALSE,0.01969958565807854,0.0283690915836331,0.03526822604306349,0.03972906594004591,0.04076315481795087,0.04394279454664199,0.01969958565807854,0.0283690915836331,0.03526822604306349,0.03972906594004591,0.04076315481795087,0.04394279454664199,10,10,NA,0.01379168585102663,0.31385545669808945,0.8057385953931427,0.8025940636440158,0.9041087702757838,0.09589122972421613,0.008669505925554558,0.006899134459430391,0.00446083989698242,0.0010340888779049595,0.0031796397286911193,RP10-RP20,0.008669505925554558,0.19729072797936248,FALSE,early exposure
03352029,Lamstedt,52748696.2280303,TRUE,FALSE,FALSE,0.05266086934940004,0.136159654253304,0.19508239049308632,0.19726358763077995,0.20429009002734455,0.20429009002734455,0.05266086934940004,0.136159654253304,0.19508239049308632,0.19726358763077995,0.20429009002734455,0.20429009002734455,10,10,10,0.08168433324507669,0.3998448149596642,0.85027725976467,0.9549283103599114,0.9656052704483898,0.034394729551610145,0.08349878490390397,0.05892273623978231,0.00218119713769363,0.0070265023965646045,0,RP10-RP20,0.08349878490390397,0.40872655591236723,FALSE,early exposure
14522360,Mittweida,41127840.98173508,TRUE,FALSE,FALSE,0.04845196872643605,0.06708470259702905,0.08572077511780254,0.09071249910820749,0.09095564340562978,0.09319550049668464,0.04845196872643605,0.06708470259702905,0.08572077511780254,0.09071249910820749,0.09095564340562978,0.09319550049668464,10,10,20,0.025469864125933692,0.273294998043814,0.8736710656003134,0.9197952117962176,0.9733570679352113,0.026642932064788714,0.018632733870593,0.018636072520773497,0.004991723990404942,2.4314429742229582e-4,0.002239857091054856,RP20-RP50,0.018636072520773497,0.19996751368309312,FALSE,early exposure
16068062,Wundersleben,6943238.073568635,TRUE,FALSE,FALSE,0.27702685552065326,0.27848792939110045,0.27848792939110045,0.27848792939110045,0.28283431153895766,0.28283431153895766,0.27702685552065326,0.27848792939110045,0.27848792939110045,0.27848792939110045,0.28283431153895766,0.28283431153895766,10,10,10,0.0035209993629353197,0.012448982387521795,0.9891359044280427,0.9846327621135934,0.9846327621135934,0.015367237886406638,0.0014610738704471937,0,0,0.0043463821478572084,0,RP100-RP200,0.0043463821478572084,0.015367237886406638,FALSE,early exposure
16068064,Kindelbrück,64497659.140878424,TRUE,FALSE,FALSE,0.12493044200142044,0.13113221746626802,0.146229719550111,0.15258653940157976,0.15537333613901252,0.16032434469652354,0.12493044200142044,0.13113221746626802,0.146229719550111,0.15258653940157976,0.15537333613901252,0.16032434469652354,10,10,10,0.021751673747168677,0.1356729309472134,0.9099991338326218,0.9120868064479407,0.9517365543605334,0.048263445639466655,0.006201775464847584,0.015097502083842973,0.00635681985146877,0.002786796737432762,0.004951008557511016,RP20-RP50,0.015097502083842973,0.09416849395156358,FALSE,early exposure
16071101,Ilmtal-Weinstraße,84670578.55677061,TRUE,FALSE,FALSE,0.02199803144411009,0.0275595664432818,0.02918365642087563,0.02983236196343712,0.02995046674281211,0.0330211910065618,0.02199803144411009,0.0275595664432818,0.02918365642087563,0.02983236196343712,0.02995046674281211,0.0330211910065618,10,10,NA,0.005342796537338548,0.1617990258521221,0.8762580451691635,0.8837857003727214,0.903430828933729,0.09656917106627107,0.005561534999171711,0.0016240899775938275,6.487055425614917e-4,1.1810477937498898e-4,0.003070724263749689,RP10-RP20,0.005561534999171711,0.16842321035805619,FALSE,early exposure
16075079,Paska,6513323.312807415,TRUE,FALSE,FALSE,0.06859844482499435,0.06859844482499435,0.07011766550376193,0.07165112675541702,0.07318644129758575,0.07318644129758575,0.06859844482499435,0.06859844482499435,0.07011766550376193,0.07165112675541702,0.07318644129758575,0.07318644129758575,10,10,10,0.0032243887080093576,0.04405718669799183,0.9692084865281936,0.9580690666274403,0.9790218718802579,0.020978128119742076,0,0.0015192206787675855,0.0015334612516550855,0.0015353145421687364,0,RP100-RP200,0.0015353145421687364,0.020978128119742076,FALSE,early exposure
03352036,Mittelstenahe,33789268.79522018,TRUE,FALSE,FALSE,0,0,0.02415926758106627,0.08829330006045867,0.08872917138273662,0.1056143313440002,0,0,0.02415926758106627,0.08829330006045867,0.08872917138273662,0.1056143313440002,50,50,100,0.07249694282959976,0.6864309218932364,0.4851090935237691,0.22874989855662922,0.8359973399147453,0.1640026600852547,0,0.02415926758106627,0.0641340324793924,4.358713222779448e-4,0.01688515996126358,RP50-RP100,0.0641340324793924,0.607247441358116,FALSE,early exposure
14625160,Großdubrau,54384025.184921,TRUE,FALSE,FALSE,0.00783370015427523,0.00783370015427523,0.00783370015427523,0.00783370015427523,0.00794341740947155,0.00858245615833732,0.00783370015427523,0.00783370015427523,0.00783370015427523,0.00783370015427523,0.00794341740947155,0.00858245615833732,10,NA,NA,3.5119179940584647e-4,0.040919731243215816,0.9256042448767174,0.912757375016158,0.912757375016158,0.0872426249838421,0,0,0,1.0971725519631943e-4,6.390387488657695e-4,RP200-RP500,6.390387488657695e-4,0.07445872569299213,TRUE,early exposure
14522350,Lunzenau,28121157.817220245,TRUE,FALSE,FALSE,0.09345394685766968,0.0987033862881705,0.10262112808484744,0.1032541735086554,0.10685343986918353,0.10793476852964166,0.09345394685766968,0.0987033862881705,0.10262112808484744,0.1032541735086554,0.10685343986918353,0.10793476852964166,10,10,10,0.00823892063735284,0.07633240659695537,0.950649701572144,0.9507698907666164,0.9566349649445827,0.04336503505541731,0.005249439430500824,0.003917741796676935,6.330454238079597e-4,0.003599266360528125,0.001081328660458139,RP10-RP20,0.005249439430500824,0.04863529613313798,FALSE,early exposure
15091145,Jessen (Elster),354368138.6270962,TRUE,FALSE,FALSE,0.23622674528882204,0.27619924560168496,0.2849947785849703,0.29276704864662006,0.2967816081310497,0.3040369675819274,0.23622674528882204,0.27619924560168496,0.2849947785849703,0.29276704864662006,0.2967816081310497,0.3040369675819274,10,10,10,0.03444993443805135,0.11330837401793356,0.9370467063289768,0.9373688365977211,0.9629324058026909,0.03706759419730915,0.039972500312862924,0.008795532983285337,0.007772270061649766,0.004014559484429636,0.007255359450877685,RP10-RP20,0.039972500312862924,0.1314725003040682,FALSE,early exposure
03352020,Hechthausen,30700812.16132706,TRUE,FALSE,FALSE,0.4417532478487486,0.4890161002101667,0.5908152182229566,0.6061996166096609,0.6065520737399458,0.6065520737399458,0.4417532478487486,0.4890161002101667,0.5908152182229566,0.6061996166096609,0.6065520737399458,0.6065520737399458,10,10,10,0.10139775846330909,0.1671707390893905,0.9306291177557761,0.9740552275751739,0.9994189169478696,5.810830521304586e-4,0.04726285236141814,0.10179911801278985,0.015384398386704357,3.524571302848667e-4,0,RP20-RP50,0.10179911801278985,0.1678324457537596,FALSE,early exposure
03352022,Hemmoor,45136113.48845031,TRUE,FALSE,FALSE,0.3910120803711664,0.40421852374460865,0.4747721384797281,0.4757981865554052,0.4764628428069381,0.483932102928334,0.3910120803711664,0.40421852374460865,0.4747721384797281,0.4757981865554052,0.4764628428069381,0.483932102928334,10,10,10,0.05836598227487174,0.12060779171642443,0.9390590851184251,0.9810717983097674,0.9831920297832909,0.016807970216709052,0.013206443373442234,0.07055361473511945,0.0010260480756770773,6.646562515329468e-4,0.007469260121395871,RP20-RP50,0.07055361473511945,0.14579238349386342,FALSE,early exposure
03352024,Hollnseth,20900774.153643504,TRUE,FALSE,FALSE,0.07600069287602469,0.14632822636106602,0.22235364691710652,0.2615845338927861,0.3016296902456677,0.304612914496073,0.07600069287602469,0.14632822636106602,0.22235364691710652,0.2615845338927861,0.3016296902456677,0.304612914496073,10,10,10,0.13920424295556508,0.4569873315642356,0.7440303792288379,0.7299547600762445,0.8587440697500643,0.14125593024993566,0.07032753348504132,0.0760254205560405,0.03923088697567956,0.04004515635288164,0.0029832242504052586,RP20-RP50,0.0760254205560405,0.249580424657342,FALSE,early exposure
01051003,Averlak,9015229.290474849,TRUE,FALSE,FALSE,0.9444094141417778,0.9720456102392409,0.9764825467509126,0.9799105153748456,0.9799105153748456,0.9799105153748456,0.9444094141417778,0.9720456102392409,0.9764825467509126,0.9799105153748456,0.9799105153748456,0.9799105153748456,10,10,10,0.0171870957379739,0.017539454336194256,0.9944197964063239,0.9965017534048793,1,0,0.02763619609746304,0.004436936511671763,0.00342796862393302,0,0,RP10-RP20,0.02763619609746304,0.028202775318612996,FALSE,early exposure
03352025,Ihlienworth,40263231.48540739,TRUE,FALSE,FALSE,0.11627113953339252,0.5410540443802616,0.668724180916875,0.7109113067751691,0.8693221405313257,0.8698188716495732,0.11627113953339252,0.5410540443802616,0.668724180916875,0.7109113067751691,0.8693221405313257,0.8698188716495732,10,10,10,0.4033067719347278,0.4636675347936224,0.7654563327207473,0.7688085447590589,0.817309591624469,0.18269040837553094,0.4247829048468691,0.1276701365366134,0.042187125858294094,0.1584108337561566,4.967311182474399e-4,RP10-RP20,0.4247829048468691,0.4883578854081276,FALSE,early exposure
15001000,Dessau-Roßlau,246351623.04511577,TRUE,FALSE,FALSE,0.3013778990387143,0.32284666001844087,0.3456159387262224,0.35049789009881377,0.3596930921559554,0.3720892877207901,0.3013778990387143,0.32284666001844087,0.3456159387262224,0.35049789009881377,0.3596930921559554,0.3720892877207901,10,10,10,0.03981493637324276,0.10700371574018347,0.9241710673332175,0.9288521603061229,0.9419725363387023,0.05802746366129777,0.021468760979726553,0.02276927870778156,0.004881951372591342,0.009195202057141638,0.012396195564834678,RP20-RP50,0.02276927870778156,0.06119305085952183,FALSE,early exposure
14627310,Weinböhla,19129566.25464748,TRUE,FALSE,FALSE,0,0,0.04669349634234161,0.06957864154179705,0.08057563142432403,0.08057563142432403,0,0,0.04669349634234161,0.06957864154179705,0.08057563142432403,0.08057563142432403,50,50,100,0.05661360223674555,0.7026144410660511,0.5950231758474361,0.5794989814779888,0.8635196561524279,0.13648034384757213,0,0.04669349634234161,0.02288514519945544,0.01099698988252698,0,RP20-RP50,0.04669349634234161,0.5794989814779888,FALSE,early exposure
14521495,Pockau-Lengefeld,83505276.29702461,TRUE,FALSE,FALSE,0.00907261117533808,0.00951594296354008,0.00958174058408076,0.00970149349603365,0.00982124640798655,0.01018050514384525,0.00907261117533808,0.00951594296354008,0.00958174058408076,0.00970149349603365,0.00982124640798655,0.01018050514384525,10,500,NA,5.571080265985296e-4,0.05472302392925314,0.9492367083095608,0.9411851817464597,0.9529481453971671,0.047051854602832906,4.4333178820200013e-4,6.579762054067899e-5,1.1975291195289069e-4,1.1975291195289936e-4,3.592587358586998e-4,RP10-RP20,4.4333178820200013e-4,0.043547130710898156,TRUE,early exposure
12062410,Röderland,46885908.81827827,TRUE,FALSE,FALSE,0.20540608014510317,0.258096963439511,0.26636468212193737,0.34423021717950064,0.36131044285116626,0.36365656352521214,0.20540608014510317,0.258096963439511,0.26636468212193737,0.34423021717950064,0.36131044285116626,0.36365656352521214,10,10,10,0.098811880994316,0.2717175789059158,0.8359118750602558,0.7324621877846855,0.9465805149853573,0.05341948501464261,0.052690883294407825,0.008267718682426373,0.07786553505756327,0.017080225671665616,0.0023461206740458818,RP50-RP100,0.07786553505756327,0.21411832720067184,FALSE,early exposure
01051010,Brickeln,6016044.624081735,TRUE,FALSE,FALSE,0.01144250074886106,0.01155736032518975,0.01155736032518975,0.01155736032518975,0.01155736032518975,0.01155736032518975,0.01144250074886106,0.01155736032518975,0.01155736032518975,0.01155736032518975,0.01155736032518975,0.01155736032518975,10,10,NA,4.805784715855259e-5,0.004158202721585939,0.9991195542087273,1,1,0,1.1485957632868977e-4,0,0,0,0,RP10-RP20,1.1485957632868977e-4,0.009938218857670166,TRUE,early exposure
01051011,Brunsbüttel,49819003.98502033,TRUE,FALSE,FALSE,0.7671343330900409,0.8375503254947285,0.8574862821292044,0.8669646557003613,0.8746385374338813,0.8806603358642595,0.7671343330900409,0.8375503254947285,0.8574862821292044,0.8669646557003613,0.8746385374338813,0.8806603358642595,10,10,10,0.05802478472293395,0.06588781435919872,0.9689349620472238,0.973685593876199,0.9844483967244221,0.015551603275577973,0.07041599240468766,0.019935956634475893,0.009478373571156884,0.007673881733520016,0.0060217984303782,RP10-RP20,0.07041599240468766,0.07995817403946442,FALSE,early exposure
01051012,Buchholz,14556561.416269422,TRUE,FALSE,FALSE,0.4005875931905525,0.42013534728251,0.4205330417172936,0.4205330417172936,0.4205330417172936,0.4205330417172936,0.4005875931905525,0.42013534728251,0.4205330417172936,0.4205330417172936,0.4205330417172936,0.4205330417172936,10,10,10,0.008451568616536956,0.020097276023838536,0.9956036445353063,1,1,0,0.019547754091957525,3.97694434783602e-4,0,0,0,RP10-RP20,0.019547754091957525,0.046483277537793674,FALSE,early exposure
12070008,Bad Wilsnack,79705672.07947846,TRUE,FALSE,FALSE,0.14580862442291434,0.1575621288256694,0.18718316757208367,0.1894449049944122,0.18957036658000712,0.19396152207582928,0.14580862442291434,0.1575621288256694,0.18718316757208367,0.1894449049944122,0.18957036658000712,0.19396152207582928,10,10,10,0.028923782946908352,0.1491212413542548,0.9234314914573138,0.9650530969689152,0.9767138500818151,0.023286149918184926,0.01175350440275505,0.02962103874641428,0.002261737422328519,1.2546158559492704e-4,0.004391155495822169,RP20-RP50,0.02962103874641428,0.15271605640851763,FALSE,early exposure
15091160,Kemberg,237161020.8747511,TRUE,FALSE,FALSE,0.4019771864887374,0.423127325432642,0.44143217149530406,0.44708847085930953,0.45189899334141975,0.45851168624853206,0.4019771864887374,0.423127325432642,0.44143217149530406,0.44708847085930953,0.45189899334141975,0.45851168624853206,10,10,10,0.0317547241481585,0.06925608463324114,0.9581585422291301,0.9627500993639446,0.9750863157214478,0.02491368427855224,0.02115013894390455,0.018304846062662083,0.005656299364005468,0.004810522482110224,0.006612692907112305,RP10-RP20,0.02115013894390455,0.04612780781434721,FALSE,early exposure
16064003,Bad Langensalza,128346753.40334764,TRUE,FALSE,FALSE,0.0202216474908801,0.02296183148899612,0.02355553005931139,0.02759747104477125,0.02906038399958243,0.03015117902390244,0.0202216474908801,0.02296183148899612,0.02355553005931139,0.02759747104477125,0.02906038399958243,0.03015117902390244,10,10,NA,0.00605112240394257,0.2006927291017549,0.854328668710377,0.7812473946918518,0.915303213280425,0.08469678671957499,0.0027401839981160206,5.936985703152708e-4,0.00404194098545986,0.0014629129548111783,0.0010907950243200099,RP50-RP100,0.00404194098545986,0.13405581858857324,FALSE,early exposure
16064004,Bad Tennstedt,27487298.077159584,TRUE,FALSE,FALSE,0.00176703377617857,0.00333854838631446,0.00333854838631446,0.00333854838631446,0.00333854838631446,0.00333854838631446,0.00176703377617857,0.00333854838631446,0.00333854838631446,0.00333854838631446,0.00333854838631446,0.00333854838631446,10,NA,NA,6.575299278940806e-4,0.19695084563981752,0.9582981988273492,1,1,0,0.0015715146101358897,0,0,0,0,RP10-RP20,0.0015715146101358897,0.47071793734603906,TRUE,early exposure
16064005,Ballhausen,14758485.728867829,TRUE,FALSE,FALSE,0.00726515757160929,0.01711614541558384,0.03575335665376258,0.04885319598295187,0.05766168774750451,0.0638295157876659,0.00726515757160929,0.01711614541558384,0.03575335665376258,0.04885319598295187,0.05766168774750451,0.0638295157876659,10,20,200,0.0353440260128436,0.5537254290071444,0.6190169750214727,0.5601383029866472,0.76536999192452,0.23463000807547998,0.009850987843974552,0.018637211238178738,0.013099839329189289,0.008808491764552645,0.006167828040161381,RP20-RP50,0.018637211238178738,0.2919842177743749,FALSE,early exposure
01058075,Hörsten,8835364.60918665,TRUE,FALSE,FALSE,0,0.00918858863595376,0.00918858863595376,0.00918858863595376,0.00918858863595376,0.00918858863595376,0,0.00918858863595376,0.00918858863595376,0.00918858863595376,0.00918858863595376,0.00918858863595376,20,NA,NA,0.0038445535181658996,0.41840522744947584,0.911408089932221,1,1,0,0.00918858863595376,0,0,0,0,RP10-RP20,0.00918858863595376,1,TRUE,early exposure
12061572,Zeuthen,13420943.976093616,TRUE,FALSE,FALSE,0.08553424742719347,0.09453725065805275,0.09453725065805275,0.11049989226088695,0.11049989226088695,0.11049989226088695,0.08553424742719347,0.09453725065805275,0.09453725065805275,0.11049989226088695,0.11049989226088695,0.11049989226088695,10,10,10,0.01578883845748699,0.14288555522036192,0.9205527365288415,0.8555415641026429,1,0,0.009003003230859286,0,0.0159626416028342,0,0,RP50-RP100,0.0159626416028342,0.14445843589735705,FALSE,early exposure
15083120,Burgstall,117254993.91869847,TRUE,FALSE,FALSE,0,0,0.0076120744711087,0.01180305718725678,0.01253251525860913,0.01282785813397078,0,0,0.0076120744711087,0.01180305718725678,0.01253251525860913,0.01282785813397078,50,100,NA,0.008992401549401651,0.7010056905437657,0.6031741327926198,0.5934018283964629,0.9201112971463163,0.0798887028536836,0,0.0076120744711087,0.00419098271614808,7.294580713523499e-4,2.9534287536165e-4,RP20-RP50,0.0076120744711087,0.5934018283964629,TRUE,early exposure
12071301,Neuhausen/Spree,135095830.3552456,TRUE,FALSE,FALSE,0.03809226021993161,0.05415493213433346,0.05939209067359571,0.06272172691646054,0.07086409516800066,0.07989472177425425,0.03809226021993161,0.05415493213433346,0.05939209067359571,0.06272172691646054,0.07086409516800066,0.07989472177425425,10,10,20,0.022195126670026776,0.27780466815742866,0.7732512766645717,0.7433794042291111,0.7850547010312309,0.21494529896876913,0.016062671914401846,0.005237158539262252,0.0033296362428648293,0.008142368251540119,0.009030626606253589,RP10-RP20,0.016062671914401846,0.20104797360440874,FALSE,early exposure
12061112,Eichwalde,2832709.8299547434,TRUE,FALSE,FALSE,0.01078787854634949,0.01693149183543121,0.01693149183543121,0.02161849132324304,0.02161849132324304,0.02161849132324304,0.01078787854634949,0.01693149183543121,0.01693149183543121,0.02161849132324304,0.02161849132324304,0.02161849132324304,10,10,NA,0.006100437071736131,0.2821860684226965,0.8664211051213054,0.7831948854463947,1,0,0.0061436132890817195,0,0.00468699948781183,0,0,RP10-RP20,0.0061436132890817195,0.28418325762059243,FALSE,early exposure
15083125,Calvörde,122650835.84860626,TRUE,FALSE,FALSE,1.7689304513215934e-4,1.7689304513215934e-4,3.531011690987121e-4,3.531011690987121e-4,3.531011690987121e-4,3.531011690987121e-4,1.7689304513215934e-4,1.7689304513215934e-4,3.531011690987121e-4,3.531011690987121e-4,3.531011690987121e-4,3.531011690987121e-4,10,NA,NA,1.208201708591245e-4,0.34216870810005257,0.853137449927362,1,1,0,0,1.7620812396655278e-4,0,0,0,RP20-RP50,1.7620812396655278e-4,0.49903013466741725,TRUE,early exposure
14521035,Aue-Bad Schlema,36185659.69923068,TRUE,FALSE,FALSE,0.01831759361646266,0.01940108573164451,0.01940108573164451,0.0196774383001238,0.0196774383001238,0.0196774383001238,0.01831759361646266,0.01940108573164451,0.01940108573164451,0.0196774383001238,0.0196774383001238,0.0196774383001238,10,10,NA,6.614680115798566e-4,0.03361555510890336,0.988099826984821,0.9859558665988779,1,0,0.001083492115181852,0,2.763525684792885e-4,0,0,RP10-RP20,0.001083492115181852,0.05506266103627093,TRUE,early exposure
14628210,Königstein/Sächs.Schw.,27282672.13891542,TRUE,FALSE,FALSE,0.05576160438818229,0.05832733547359725,0.06271169351913466,0.06563655661995088,0.06807146578473255,0.07246185694658552,0.05576160438818229,0.05832733547359725,0.06271169351913466,0.06563655661995088,0.06807146578473255,0.07246185694658552,10,10,10,0.00982074381289129,0.13552983910046007,0.8826260058141175,0.8654441959079507,0.9058083712695103,0.09419162873048974,0.0025657310854149615,0.004384358045537412,0.0029248631008162163,0.0024349091647816734,0.004390391161852969,RP200-RP500,0.004390391161852969,0.06058899601605985,FALSE,early exposure
14730180,Löbnitz,37284402.757531345,TRUE,FALSE,FALSE,0.24965537617531744,0.27685605235519256,0.2976412515338959,0.32924397293502977,0.3540361027684034,0.38105428597754354,0.24965537617531744,0.27685605235519256,0.2976412515338959,0.32924397293502977,0.3540361027684034,0.38105428597754354,10,10,10,0.07777338748075152,0.20410054510011447,0.8294967980297788,0.7810993406630693,0.8640342991823294,0.13596570081767057,0.027200676179875122,0.020785199178703362,0.03160272140113385,0.024792129833373644,0.027018183209140123,RP50-RP100,0.03160272140113385,0.0829349585192601,FALSE,early exposure
16075098,Schleiz,108245226.3545657,TRUE,FALSE,FALSE,0.01611443675043912,0.01997502616021251,0.02006740898702877,0.02006740898702877,0.0201666980073825,0.0201666980073825,0.01611443675043912,0.01997502616021251,0.02006740898702877,0.02006740898702877,0.0201666980073825,0.0201666980073825,10,10,NA,0.0017451035574166868,0.0865339262172644,0.9783582914770296,0.9950765851545263,0.9950765851545263,0.004923414845473682,0.00386058940977339,9.238282681625978e-5,0,9.928902035373152e-5,0,RP10-RP20,0.00386058940977339,0.19143388810404802,FALSE,early exposure
14627360,Zeithain,81605776.3716208,TRUE,FALSE,FALSE,0.2007422081296266,0.21977348941603353,0.23018876918122033,0.2334973584993399,0.25457075035722904,0.2848687201461017,0.2007422081296266,0.21977348941603353,0.23018876918122033,0.2334973584993399,0.25457075035722904,0.2848687201461017,10,10,10,0.04487178287084331,0.1575174095907398,0.8335171486510393,0.8080521057670443,0.8196665410634948,0.18033345893650518,0.019031281286406937,0.010415279765186802,0.003308589318119559,0.021073391857889145,0.03029796978887267,RP200-RP500,0.03029796978887267,0.10635765756708436,FALSE,early exposure
12062464,Schraden,16551361.52234092,TRUE,FALSE,FALSE,0.14969689615464488,0.16338614720107875,0.17251354806801578,0.1735844652827097,0.17675383051801727,0.1794244810553441,0.14969689615464488,0.16338614720107875,0.17251354806801578,0.1735844652827097,0.17675383051801727,0.1794244810553441,10,10,10,0.016075010873365346,0.08959207115336124,0.9501823808196683,0.9614827756687416,0.9674513993949744,0.0325486006050256,0.01368925104643387,0.00912740086693703,0.0010709172146939339,0.0031693652353075585,0.0026706505373268186,RP10-RP20,0.01368925104643387,0.07629533587566222,FALSE,early exposure
16053000,Jena,114776189.22505067,TRUE,FALSE,FALSE,0.07426126418308837,0.07625283343583486,0.07987835318865809,0.08101099229157428,0.08397327917612431,0.08580292695775815,0.07426126418308837,0.07625283343583486,0.07987835318865809,0.08101099229157428,0.08397327917612431,0.08580292695775815,10,10,10,0.006950515078981583,0.08100557085195235,0.9367024058625869,0.9309513791759481,0.9441518508040757,0.05584814919592427,0.001991569252746489,0.003625519752823228,0.0011326391029161942,0.002962286884550025,0.0018296477816338447,RP20-RP50,0.003625519752823228,0.04225403353207422,FALSE,early exposure
16064022,Herbsleben,25017104.631884605,TRUE,FALSE,FALSE,0.13703564383829225,0.181984831702782,0.1897185011167463,0.19514539675843912,0.19954238840150096,0.20393938004456277,0.13703564383829225,0.181984831702782,0.1897185011167463,0.19514539675843912,0.19954238840150096,0.20393938004456277,10,10,10,0.03305145331686238,0.16206508674116918,0.9223730501928455,0.9302690881736079,0.956879425228212,0.043120574771787996,0.04494918786448976,0.007733669413964278,0.005426895641692825,0.004396991643061843,0.004396991643061815,RP10-RP20,0.04494918786448976,0.22040465090493025,FALSE,early exposure
03355003,Artlenburg,11787911.580612302,TRUE,FALSE,FALSE,0.7515104510805511,0.7677819174031955,0.8649184237491226,0.8759466707045725,0.8819004079524425,0.8973716727453072,0.7515104510805511,0.7677819174031955,0.8649184237491226,0.8759466707045725,0.8819004079524425,0.8973716727453072,10,10,10,0.09242700912691344,0.10299746686248046,0.9406782131012494,0.9638352201413923,0.9761247176711187,0.023875282328881215,0.016271466322644312,0.09713650634592719,0.011028246955449905,0.005953737247869961,0.015471264792864647,RP20-RP50,0.09713650634592719,0.10824556791363812,FALSE,early exposure
03355004,Bardowick,23127933.12518663,TRUE,FALSE,FALSE,0.10179529173595817,0.10438947694052228,0.10611898730288316,0.10611898730288316,0.10698374248406362,0.11353577691248938,0.10179529173595817,0.10438947694052228,0.10611898730288316,0.10611898730288316,0.10698374248406362,0.11353577691248938,10,10,10,0.005697871821384912,0.0501856945566743,0.9373843045323705,0.9346744276447512,0.9346744276447512,0.06532557235524887,0.0025941852045641145,0.001729510362360881,0,8.647551811804544e-4,0.006552034428425765,RP200-RP500,0.006552034428425765,0.057708984838108913,FALSE,early exposure
12062453,Schönborn,38929792.26194864,TRUE,FALSE,FALSE,0.04169056530670412,0.06044227081512341,0.07046030526482686,0.08124895774912287,0.09717506379736936,0.10667935289067776,0.04169056530670412,0.06044227081512341,0.07046030526482686,0.08124895774912287,0.09717506379736936,0.10667935289067776,10,10,20,0.03763260351561448,0.35276370258994155,0.7264703551722532,0.660486807948983,0.7616183970705624,0.23838160292943752,0.018751705508419293,0.010018034449703443,0.010788652484296016,0.015926106048246486,0.009504289093308402,RP10-RP20,0.018751705508419293,0.1757763334732219,FALSE,early exposure
15084025,Balgstädt,32848242.337743822,TRUE,FALSE,FALSE,0.00765906762473803,0.00844460811796211,0.00942410687307132,0.01000337735187762,0.01000337735187762,0.0103065410196258,0.00765906762473803,0.00844460811796211,0.00942410687307132,0.01000337735187762,0.01000337735187762,0.0103065410196258,10,100,NA,0.001568312566649289,0.1521667224399436,0.9112068912960446,0.9143811541744081,0.9705853140087549,0.029414685991245106,7.8554049322408e-4,9.7949875510921e-4,5.792704788063e-4,0,3.0316366774818006e-4,RP20-RP50,9.7949875510921e-4,0.0950366134713907,TRUE,early exposure
01061101,Sommerland,19077815.414614964,TRUE,FALSE,FALSE,0.982255451219842,0.982255451219842,0.982255451219842,0.998951661964131,0.998951661964131,0.998951661964131,0.982255451219842,0.982255451219842,0.982255451219842,0.998951661964131,0.998951661964131,0.998951661964131,10,10,10,0.012574407337215376,0.012587603400640636,0.991643133807165,0.9832862676143298,1,0,0,0,0.016696210744288953,0,0,RP50-RP100,0.016696210744288953,0.016713732385670185,FALSE,early exposure
16064019,Großvargula,15214475.91359024,TRUE,FALSE,FALSE,0.02649723941531857,0.02715450819386832,0.02943489962875905,0.03167813633458503,0.03167813633458503,0.03167813633458503,0.02649723941531857,0.02715450819386832,0.02943489962875905,0.03167813633458503,0.03167813633458503,0.03167813633458503,10,10,NA,0.00352804235440148,0.11137152505242848,0.9415698889270171,0.9291865947499918,1,0,6.572687785497515e-4,0.0022803914348907273,0.00224323670582598,0,0,RP20-RP50,0.0022803914348907273,0.07198628766557455,FALSE,early exposure
12067288,Langewahl,13380797.535019713,TRUE,FALSE,FALSE,0.1785137413782167,0.2130641454414565,0.222970703414791,0.23536185288933129,0.2498608040959698,0.2595212670973979,0.1785137413782167,0.2130641454414565,0.222970703414791,0.23536185288933129,0.2498608040959698,0.2595212670973979,10,10,10,0.044485783901181714,0.17141479154572037,0.8824008451047354,0.8591615859023625,0.9069077672197106,0.09309223278028944,0.03455040406323978,0.009906557973334507,0.012391149474540286,0.014498951206638522,0.009660463001428116,RP10-RP20,0.03455040406323978,0.13313130152941596,FALSE,early exposure
01061102,Stördorf,7208056.0397156,TRUE,FALSE,FALSE,0.9462320791491492,0.9495121153063194,0.9495121153063194,0.98591477611462,0.98591477611462,0.98591477611462,0.9462320791491492,0.9495121153063194,0.9495121153063194,0.98591477611462,0.98591477611462,0.98591477611462,10,10,10,0.028788298709856778,0.029199581350538396,0.98124390107502,0.9630772743342387,1,0,0.0032800361571702075,0,0.03640266080830057,0,0,RP50-RP100,0.03640266080830057,0.03692272566576128,FALSE,early exposure
01061103,Störkathen,2005973.5893690065,TRUE,FALSE,FALSE,0.33661096734343166,0.4313650147033016,0.4313650147033016,0.4313650147033016,0.4313650147033016,0.4313650147033016,0.33661096734343166,0.4313650147033016,0.4313650147033016,0.4313650147033016,0.4313650147033016,0.4313650147033016,10,10,10,0.03964558873736467,0.09190728822696347,0.9805398171939431,1,1,0,0.09475404735986992,0,0,0,0,RP10-RP20,0.09475404735986992,0.21966094636822361,FALSE,early exposure
01061104,Süderau,9136918.75002405,TRUE,FALSE,FALSE,0.898885009384731,0.9021215206989652,0.9021215206989652,0.9629676006791976,0.9629676006791976,0.9629676006791976,0.898885009384731,0.9021215206989652,0.9021215206989652,0.9629676006791976,0.9629676006791976,0.9629676006791976,10,10,10,0.04717914553294332,0.04899349209637696,0.968109239929007,0.9368139904838786,1,0,0.0032365113142341917,0,0.06084607998023239,0,0,RP50-RP100,0.06084607998023239,0.06318600951612142,FALSE,early exposure
01061105,Vaale,14927650.039076356,TRUE,FALSE,FALSE,0.29521564220438035,0.29521564220438035,0.29521564220438035,0.32573155254646,0.32573155254646,0.32573155254646,0.29521564220438035,0.29521564220438035,0.29521564220438035,0.32573155254646,0.32573155254646,0.32573155254646,10,10,10,0.02298242953351011,0.07055635032541735,0.9531578839944788,0.9063157679889574,1,0,0,0,0.030515910342079677,0,0,RP50-RP100,0.030515910342079677,0.0936842320110426,FALSE,early exposure
03355018,Hittbergen,14690458.487502694,TRUE,FALSE,FALSE,0.8890211509423567,0.8898760407292933,0.8898760407292933,0.9093890059779238,0.9294869049082856,0.938766927164396,0.8890211509423567,0.8898760407292933,0.8898760407292933,0.9093890059779238,0.9294869049082856,0.938766927164396,10,10,10,0.03254130698938952,0.03466388306593052,0.9663011030318801,0.9479201013367815,0.968705841315469,0.03129415868453104,8.548897869365968e-4,0,0.019512965248630554,0.020097898930361735,0.009280022256110465,RP100-RP200,0.020097898930361735,0.021408827205991045,FALSE,early exposure
01061106,Vaalermoor,6202368.1675856095,TRUE,FALSE,FALSE,0.9949111659773718,0.9949111659773718,0.9949111659773718,0.9996710834695126,0.9996710834695126,0.9996710834695126,0.9949111659773718,0.9949111659773718,0.9949111659773718,0.9996710834695126,0.9996710834695126,0.9996710834695126,10,10,10,0.003584833849691726,0.0035860133487604483,0.997619258188593,0.9952385163771861,1,0,0,0,0.004759917492140775,0,0,RP50-RP100,0.004759917492140775,0.004761483622813963,FALSE,early exposure
03355019,Hohnstorf (Elbe),10232542.832744556,TRUE,FALSE,FALSE,0.8083140494519083,0.8290134191017184,0.8887843841538196,0.893670755099661,0.9120009996021904,0.935444784108818,0.8083140494519083,0.8290134191017184,0.8887843841538196,0.893670755099661,0.9120009996021904,0.935444784108818,10,10,10,0.0757841882930622,0.08101406900810339,0.9412274094699447,0.9501195572976003,0.9553431375974217,0.0446568624025783,0.020699369649810118,0.05977096505210111,0.004886370945841434,0.018330244502529403,0.023443784506627652,RP20-RP50,0.05977096505210111,0.06389577029823719,FALSE,early exposure
01061109,Westermoor,9361103.215152033,TRUE,FALSE,FALSE,0.1438958902677899,0.1743334515439289,0.40495893440053754,0.6515874912794278,0.7629109330097302,0.854533106218452,0.1438958902677899,0.1743334515439289,0.40495893440053754,0.6515874912794278,0.7629109330097302,0.854533106218452,10,10,10,0.4709573533102506,0.551128270962337,0.5902306385126593,0.4738949625867558,0.7625070187893418,0.23749298121065818,0.030437561276139002,0.23062548285660864,0.2466285568788903,0.1113234417303024,0.09162217320872179,RP50-RP100,0.2466285568788903,0.288612056202586,FALSE,early exposure
12062461,Schönewalde,156495738.43898296,TRUE,FALSE,FALSE,0.02741796867611929,0.03183847615899695,0.03586627278327475,0.04654893831868603,0.04974391349812165,0.04974391349812165,0.02741796867611929,0.03183847615899695,0.03586627278327475,0.04654893831868603,0.04974391349812165,0.04974391349812165,10,10,NA,0.014795592876211391,0.2974352405298809,0.8174268351263069,0.7210183168364723,0.9357715355556763,0.06422846444432373,0.004420507482877662,0.004027796624277796,0.010682665535411279,0.003194975179435622,0,RP50-RP100,0.010682665535411279,0.21475321871920391,FALSE,early exposure
03355021,Lüdersburg,19123323.277192023,TRUE,FALSE,FALSE,0.596722359617313,0.5982911246047136,0.6027644580251074,0.6196864326765462,0.63521643248660975,0.6758542220719019,0.596722359617313,0.5982911246047136,0.6027644580251074,0.6196864326765462,0.63521643248660975,0.6758542220719019,10,10,10,0.04452673866476938,0.0658821639498945,0.9166806610182833,0.8918557261908785,0.9168936324416714,0.08310636755832859,0.0015687649874005505,0.004473333420393799,0.016921974651438854,0.015529999810063533,0.04063778958529218,RP200-RP500,0.04063778958529218,0.060128039831892716,FALSE,early exposure
03355022,Lüneburg,71033121.37965915,TRUE,FALSE,FALSE,0.05367089233148695,0.05507868630221109,0.05802053295129931,0.05886520933373379,0.06055456209860276,0.06677170411587853,0.05367089233148695,0.05507868630221109,0.05802053295129931,0.05886520933373379,0.06055456209860276,0.06677170411587853,10,10,10,0.0070753627808764884,0.10596348969314298,0.8795017646277813,0.868938927342755,0.8815891418852594,0.11841085811474067,0.0014077939707241444,0.0029418466490882186,8.446763824344825e-4,0.001689352764868965,0.006217142017275773,RP200-RP500,0.006217142017275773,0.09311042902973202,FALSE,early exposure
01061110,Wewelsfleth,17434047.597677477,TRUE,FALSE,FALSE,0.8634405614956012,0.8772821561670627,0.8887903401227626,0.9507235936827324,0.9507235936827324,0.9507235936827324,0.8634405614956012,0.8772821561670627,0.8887903401227626,0.9507235936827324,0.9507235936827324,0.9507235936827324,10,10,10,0.060325937117849573,0.06345265597561389,0.9625761974198619,0.9348567196906679,1,0,0.01384159467146151,0.011508183955699858,0.061933253559969814,0,0,RP50-RP100,0.061933253559969814,0.06514328030933213,FALSE,early exposure
03355024,Melbeck,16191367.481679091,TRUE,FALSE,FALSE,0.06407067448479511,0.06407067448479511,0.0875647754305539,0.0918880668436607,0.09353598458723072,0.09353598458723072,0.06407067448479511,0.06407067448479511,0.0875647754305539,0.0918880668436607,0.09353598458723072,0.09353598458723072,10,10,10,0.0204683334754504,0.21882843876371277,0.8910386429363639,0.9361613695196832,0.9823819917987479,0.01761800820125213,0,0.02349410094575878,0.004323291413106806,0.0016479177435700237,0,RP20-RP50,0.02349410094575878,0.25117713839691735,FALSE,early exposure
03355026,Neetze,26931703.774280805,TRUE,FALSE,FALSE,3.9069947436434126e-4,0.01764460677164085,0.02093037727273065,0.03607981258540141,0.03607981258540141,0.0360860160676708,3.9069947436434126e-4,0.01764460677164085,0.02093037727273065,0.03607981258540141,0.03607981258540141,0.0360860160676708,10,20,NA,0.02088425226410096,0.578735325754372,0.7207854647103119,0.5800135219548944,0.9998280917944016,1.7190820559837412e-4,0.017253907297276508,0.003285770501089802,0.01514943531267076,0,6.203482269387384e-6,RP10-RP20,0.017253907297276508,0.4781327832066826,FALSE,early exposure
12071341,Schmogrow-Fehrow,30425558.583853245,TRUE,FALSE,FALSE,0.15413282252701282,0.19285768027356304,0.2072296282757771,0.21205379753104744,0.2195886291425431,0.25383228983321054,0.15413282252701282,0.19285768027356304,0.2072296282757771,0.21205379753104744,0.2195886291425431,0.25383228983321054,10,10,10,0.04961759065830191,0.1954739118923952,0.8211095268038939,0.8164037302422975,0.8354090713611924,0.16459092863880767,0.03872485774655021,0.014371948002214058,0.00482416925527035,0.0075348316114956515,0.03424366069066745,RP10-RP20,0.03872485774655021,0.1525608021422166,FALSE,early exposure
03355028,Radbruch,22502434.334318295,TRUE,FALSE,FALSE,0,0,0,0,0,5.57784094713227e-4,0,0,0,0,0,5.57784094713227e-4,500,NA,NA,2.4242651606182626e-4,0.43462428986338303,0.11711213489833154,0,0,1,0,0,0,0,5.57784094713227e-4,RP200-RP500,5.57784094713227e-4,1,TRUE,delayed jump
03355007,Barum,9859128.19252681,TRUE,FALSE,FALSE,0.5817273676444686,0.6213661896159767,0.640318016414831,0.6616159850529583,0.6781128639716875,0.6811557293664938,0.5817273676444686,0.6213661896159767,0.640318016414831,0.6616159850529583,0.6781128639716875,0.6811557293664938,10,10,10,0.05798617898362731,0.08512910702161615,0.9506778902267784,0.9400464369731665,0.9713138369522217,0.028686163047778247,0.03963882197150803,0.01895182679885432,0.021297968638127274,0.016496878918729196,0.00304286539480636,RP10-RP20,0.03963882197150803,0.05819347949752102,FALSE,early exposure
03355009,Bleckede,140428645.90070593,TRUE,FALSE,FALSE,0.4371973230547027,0.4678103080453317,0.492614585223723,0.506456128456947,0.5124177870122977,0.5221736312790627,0.4371973230547027,0.4678103080453317,0.492614585223723,0.506456128456947,0.5124177870122977,0.5221736312790627,10,10,10,0.04847174057600364,0.09282686384847168,0.943346261988969,0.9433923042361696,0.9698998534575257,0.03010014654247425,0.030612984990628977,0.024804277178391287,0.013841543233224007,0.005961658555350691,0.009755844266765012,RP10-RP20,0.030612984990628977,0.05862606450586669,FALSE,early exposure
13071077,Klink,25077178.987248123,TRUE,FALSE,FALSE,0.09335874275121396,0.14496668507101762,0.22170276350659224,0.29569278298508894,0.3351709077176764,0.3351709077176764,0.09335874275121396,0.14496668507101762,0.22170276350659224,0.29569278298508894,0.3351709077176764,0.3351709077176764,10,10,10,0.15636108793716189,0.46651151498169136,0.7288424542874222,0.6614618345496099,0.882214942217357,0.11778505778264306,0.05160794231980366,0.07673607843557462,0.0739900194784967,0.03947812473258744,0,RP20-RP50,0.07673607843557462,0.22894611873716533,FALSE,early exposure
15085365,Wegeleben,51803398.39313342,TRUE,FALSE,FALSE,0.04176061710393304,0.05538453900951922,0.06252692756851082,0.06310604015437501,0.06387819026886059,0.06484337791196756,0.04176061710393304,0.05538453900951922,0.06252692756851082,0.06310604015437501,0.06387819026886059,0.06484337791196756,10,10,20,0.011970178669361101,0.1846014050287759,0.9232991586589361,0.9642762234471869,0.9732071675853903,0.026792832414609676,0.01362392190558618,0.007142388558991596,5.791125858641971e-4,7.72150114485573e-4,9.651876431069767e-4,RP10-RP20,0.01362392190558618,0.21010506152351038,FALSE,early exposure
03355011,Brietlingen,19952780.234822452,TRUE,FALSE,FALSE,0.5398015847368591,0.541046113087445,0.6403718674941178,0.6544059202602543,0.6554077057716547,0.6625715455610162,0.5398015847368591,0.541046113087445,0.6403718674941178,0.6544059202602543,0.6554077057716547,0.6625715455610162,10,10,10,0.08297883188433502,0.1252375421798029,0.9345554306897312,0.9664946703256003,0.9876758587725831,0.012324141227416839,0.0012445283505858606,0.0993257544066728,0.014034052766136562,0.0010017855114003993,0.007163839789361415,RP20-RP50,0.0993257544066728,0.14990947780978303,FALSE,early exposure
03355014,Deutsch Evern,11067871.539230255,TRUE,FALSE,FALSE,0.04257440576126184,0.04257440576126184,0.04534186000441276,0.04534186000441276,0.0457156708973194,0.0457156708973194,0.04257440576126184,0.04257440576126184,0.04534186000441276,0.04534186000441276,0.0457156708973194,0.0457156708973194,10,10,NA,0.002147800319067329,0.04698170839254287,0.9766471921550627,0.9918231344838787,0.9918231344838787,0.008176865516121271,0,0.0027674542431509186,0,3.738108929066397e-4,0,RP20-RP50,0.0027674542431509186,0.06053622726803714,FALSE,early exposure
03355015,Echem,10383318.339279251,TRUE,FALSE,FALSE,0.8098286676951939,0.8300534160018682,0.8553649191805615,0.8592172521913566,0.8784789172453324,0.8972321415073626,0.8098286676951939,0.8300534160018682,0.8553649191805615,0.8592172521913566,0.8784789172453324,0.8972321415073626,10,10,10,0.049764015876062016,0.05546392463432901,0.9545628508389677,0.9533373578698778,0.9576309323335871,0.042369067666412956,0.02022474830667431,0.02531150317869324,0.003852333010795128,0.019261665053975863,0.018753224262030188,RP20-RP50,0.02531150317869324,0.028210651410870723,FALSE,early exposure
03355017,Handorf,9845690.275817502,TRUE,FALSE,FALSE,0.29096614855589004,0.4347408539721142,0.4347408539721142,0.4347408539721142,0.48243354042338177,0.6944650374204913,0.29096614855589004,0.4347408539721142,0.4347408539721142,0.4347408539721142,0.48243354042338177,0.6944650374204913,10,10,10,0.18423791804790596,0.2652947349692881,0.6655929174540635,0.6260082661423936,0.6260082661423936,0.3739917338576064,0.14377470541622417,0,0,0.04769268645126756,0.2120314969971095,RP200-RP500,0.2120314969971095,0.30531630186117875,FALSE,early exposure
13071069,Jabel,79860158.60251059,TRUE,FALSE,FALSE,0.12224704610751848,0.17786025965114663,0.18989989732959536,0.18989989732959536,0.18989989732959536,0.18989989732959536,0.12224704610751848,0.17786025965114663,0.18989989732959536,0.18989989732959536,0.18989989732959536,0.18989989732959536,10,10,10,0.031524046642882574,0.1660034949264274,0.9553970402260016,1,1,0,0.05561321354362815,0.012039637678448734,0,0,0,RP10-RP20,0.05561321354362815,0.29285541659406145,FALSE,early exposure
01061112,Willenscharen,7589153.329741799,TRUE,FALSE,FALSE,0.0982578888659252,0.11130497171163448,0.11159241961269212,0.11159241961269212,0.11159241961269212,0.11159241961269212,0.0982578888659252,0.11130497171163448,0.11159241961269212,0.11159241961269212,0.11159241961269212,0.11159241961269212,10,10,10,0.005656061328134153,0.050684995878437465,0.9888840053026586,1,1,0,0.013047082845709282,2.874479010576414e-4,0,0,0,RP10-RP20,0.013047082845709282,0.11691728605753211,FALSE,early exposure
01061113,Wilster,2755912.6525660716,TRUE,FALSE,FALSE,0.8298364062841622,0.8298364062841622,0.8298364062841622,0.9346858835299022,0.9346858835299022,0.9346858835299022,0.8298364062841622,0.8298364062841622,0.8298364062841622,0.9346858835299022,0.9346858835299022,0.9346858835299022,10,10,10,0.0789652248749324,0.08448316837386584,0.943911917846791,0.8878238356935818,1,0,0,0,0.10484947724574001,0,0,RP50-RP100,0.10484947724574001,0.11217616430641823,FALSE,early exposure
01061114,Winseldorf,5442342.502822228,TRUE,FALSE,FALSE,0.18322721636701353,0.18322721636701353,0.19103284657133407,0.2075600545767376,0.23255165540437345,0.26132324229312814,0.18322721636701353,0.18322721636701353,0.19103284657133407,0.2075600545767376,0.23255165540437345,0.26132324229312814,10,10,10,0.04703460958294351,0.1799863233373803,0.7976193714045481,0.7310212627664062,0.7942655722291858,0.2057344277708142,0,0.0078056302043205406,0.016527208005403526,0.02499160082763585,0.028771586888754697,RP200-RP500,0.028771586888754697,0.11009960934313452,FALSE,early exposure
01061115,Wittenbergen,4565265.492505508,TRUE,FALSE,FALSE,0.3925227241321778,0.3986173772490392,0.39871683141587694,0.4011386400369936,0.4022844256189956,0.4680840136827884,0.3925227241321778,0.3986173772490392,0.39871683141587694,0.4011386400369936,0.4022844256189956,0.4680840136827884,10,10,10,0.033807306021525554,0.07222486782989385,0.8704299361969196,0.8518061283034539,0.8569800042537612,0.1430199957462388,0.006094653116861359,9.945416683776465e-5,0.0024218086211166834,0.001145785582001957,0.06579958806379282,RP200-RP500,0.06579958806379282,0.1405721753795761,FALSE,early exposure
01061116,Wrist,10045281.12016296,TRUE,FALSE,FALSE,0.19976146880112827,0.29185413535964194,0.398767903282875,0.4382681216381725,0.44538011027857904,0.4513530640747219,0.19976146880112827,0.29185413535964194,0.398767903282875,0.4382681216381725,0.44538011027857904,0.4513530640747219,10,10,10,0.14894521727235904,0.3299971333477,0.8461013307782903,0.8834943972305871,0.9710095189818337,0.028990481018166238,0.09209266655851367,0.10691376792323304,0.039500218355297545,0.007111988640406519,0.005972953796142877,RP20-RP50,0.10691376792323304,0.23687391630409618,FALSE,early exposure
01061117,Wulfsmoor,8798835.287076786,TRUE,FALSE,FALSE,0,0.01545961657112015,0.06396234655813773,0.07815338863026654,0.07815338863026654,0.07815338863026654,0,0.01545961657112015,0.06396234655813773,0.07815338863026654,0.07815338863026654,0.07815338863026654,20,20,50,0.050412817562728744,0.6450496702225569,0.7090430032679432,0.8184206427789744,1,0,0.01545961657112015,0.04850272998701759,0.014191042072128804,0,0,RP20-RP50,0.04850272998701759,0.6206094302126509,FALSE,early exposure
01061118,Kollmar,25531602.062536076,TRUE,FALSE,FALSE,0.9489909403126596,0.9493826117783007,0.9612487789951736,0.985039000105768,0.9879131946791664,0.9894794240039564,0.9489909403126596,0.9493826117783007,0.9612487789951736,0.985039000105768,0.9879131946791664,0.9894794240039564,10,10,10,0.028822083062227527,0.029128531996752718,0.9810494923257603,0.9714691944835531,0.9955123635818316,0.004487636418168393,3.916714656411191e-4,0.011866167216872836,0.023790221110594367,0.0028741945733984364,0.0015662293247900028,RP50-RP100,0.023790221110594367,0.024043169098278534,FALSE,early exposure
01061119,Neuendorf-Sachsenbande,19409666.285051152,TRUE,FALSE,FALSE,0.9975850904692232,0.9975850904692232,0.9975850904692232,1.0000000000989584,1.0000000000989584,1.0000000000989584,0.9975850904692232,0.9975850904692232,0.9975850904692232,1.0000000000989584,1.0000000000989584,1.0000000000989584,10,10,10,0.001818739463218467,0.0018187394630385394,0.998792545185252,0.9975850903705038,1,0,0,0,0.002414909629735229,0,0,RP50-RP100,0.002414909629735229,0.0024149096294962535,FALSE,early exposure
14522300,Kriebstein,31209092.964952536,TRUE,FALSE,FALSE,0.02716069445715228,0.02812195276843002,0.02931919639058402,0.02931919639058402,0.02931919639058402,0.03218965495340486,0.02716069445715228,0.02812195276843002,0.02931919639058402,0.02931919639058402,0.02931919639058402,0.03218965495340486,10,10,NA,0.0024706774699121453,0.07675377302081986,0.9076785165374374,0.9108266749992852,0.9108266749992852,0.08917332500071483,9.612583112777393e-4,0.001197243622153999,0,0,0.0028704585628208414,RP200-RP500,0.0028704585628208414,0.08917332500071483,FALSE,early exposure
01058007,Arpsdorf,12052928.258576203,TRUE,FALSE,FALSE,0.02571565681056807,0.02590238213589863,0.02590238213589863,0.02590238213589863,0.02590238213589863,0.02590238213589863,0.02571565681056807,0.02590238213589863,0.02590238213589863,0.02590238213589863,0.02590238213589863,0.02590238213589863,10,10,NA,7.812685221550031e-5,0.003016203367150102,0.9993613578418281,1,1,0,1.867253253305598e-4,0,0,0,0,RP10-RP20,1.867253253305598e-4,0.0072088089948983275,FALSE,early exposure
16074112,Wichmar,5198804.2403446855,TRUE,FALSE,FALSE,0.17908633379973066,0.18988407731947815,0.20096453353504057,0.20096453353504057,0.20096453353504057,0.20096453353504057,0.17908633379973066,0.18988407731947815,0.20096453353504057,0.20096453353504057,0.20096453353504057,0.20096453353504057,10,10,10,0.01211534022924198,0.06028596198607105,0.9790135796957866,1,1,0,0.010797743519747494,0.011080456215562418,0,0,0,RP20-RP50,0.011080456215562418,0.05513637665638354,FALSE,early exposure
15090220,Hassel,20426442.347355027,TRUE,FALSE,FALSE,0.20564239560111472,0.20564239560111472,0.2587986918259138,0.33163628846675214,0.33163628846675214,0.33163628846675214,0.20564239560111472,0.20564239560111472,0.2587986918259138,0.33163628846675214,0.33163628846675214,0.33163628846675214,10,10,10,0.09130367696674585,0.27531268483575316,0.8430133158085316,0.780369039294261,1,0,0,0.05315629622479909,0.07283759664083833,0,0,RP50-RP100,0.07283759664083833,0.2196309607057389,FALSE,early exposure
12061510,Unterspreewald,26090958.937346227,TRUE,FALSE,FALSE,0.4460818870016855,0.5450830859054294,0.5484603448252513,0.5499934429415779,0.5507599919997412,0.5562328131617545,0.4460818870016855,0.5450830859054294,0.5484603448252513,0.5499934429415779,0.5507599919997412,0.5562328131617545,10,10,10,0.04778470287956208,0.08590773817880831,0.971446937967727,0.9860265914692757,0.9887828080750745,0.011217191924925488,0.09900119890374393,0.0033772589198218794,0.0015330981163266255,7.665490581633128e-4,0.005472821162013308,RP10-RP20,0.09900119890374393,0.1779851827528809,FALSE,early exposure
13071093,Malchow,45040461.49018636,TRUE,FALSE,FALSE,0.12028585251202338,0.12064655030894064,0.12064655030894064,0.12064655030894064,0.12064655030894064,0.12064655030894064,0.12028585251202338,0.12064655030894064,0.12064655030894064,0.12064655030894064,0.12064655030894064,0.12064655030894064,10,10,10,1.509178437596953e-4,0.0012509089018559933,0.9997351361750144,1,1,0,3.6069779691726145e-4,0,0,0,0,RP10-RP20,3.6069779691726145e-4,0.0029897066761844374,FALSE,early exposure
15090225,Havelberg,150161438.5532544,TRUE,FALSE,FALSE,0.3991006146425968,0.4267188228493467,0.4482148647309952,0.4764331860989476,0.4908362265661355,0.49830120048610627,0.3991006146425968,0.4267188228493467,0.4482148647309952,0.4764331860989476,0.4908362265661355,0.49830120048610627,10,10,10,0.06043333697122727,0.12127873043908563,0.9212798414075992,0.8994858216150182,0.9561148671409464,0.04388513285905361,0.027618208206749928,0.021496041881648498,0.02821832136795238,0.014403040467187933,0.007464973919970752,RP50-RP100,0.02821832136795238,0.056629045525928186,FALSE,early exposure
14625570,Spreetal,109091756.93335482,TRUE,FALSE,FALSE,0.0475228864802411,0.06156372536472224,0.07122706218432232,0.0716853919555675,0.07251038554380884,0.07425203867454054,0.0475228864802411,0.06156372536472224,0.07122706218432232,0.0716853919555675,0.07251038554380884,0.07425203867454054,10,10,20,0.014155032666884582,0.1906349363541185,0.9136278626420795,0.9592606944641989,0.9654333165150779,0.03456668348492213,0.014040838884481141,0.009663336819600077,4.5832977124518615e-4,8.249935882413406e-4,0.001741653130731699,RP10-RP20,0.014040838884481141,0.18909701518128752,FALSE,early exposure
15091110,Gräfenhainichen,160149892.23009607,TRUE,FALSE,FALSE,0.02324453288683943,0.03213194161474558,0.04072511523792695,0.04134953026941711,0.04159929628201316,0.04191150379775824,0.02324453288683943,0.03213194161474558,0.04072511523792695,0.04134953026941711,0.04159929628201316,0.04191150379775824,10,10,NA,0.010383761254684083,0.24775444242684244,0.9028124111709376,0.9716930090231038,0.9865914253267336,0.013408574673266364,0.008887408727906148,0.00859317362318137,6.244150314901609e-4,2.497660125960477e-4,3.1220751574508043e-4,RP10-RP20,0.008887408727906148,0.2120517739184896,FALSE,early exposure
14522320,Leubsdorf,34311583.95952025,TRUE,FALSE,FALSE,0.04925745484506392,0.05332241413093393,0.05682129855355809,0.057112745314273,0.05740419207498792,0.06026552584416711,0.04925745484506392,0.05332241413093393,0.05682129855355809,0.057112745314273,0.05740419207498792,0.06026552584416711,10,10,20,0.005758082133068023,0.09554520685602455,0.9293268704704577,0.9428491290441071,0.9476851734763506,0.05231482652364934,0.004064959285870008,0.0034988844226241586,2.9144676071491543e-4,2.9144676071491543e-4,0.002861333769179193,RP10-RP20,0.004064959285870008,0.06745082248815126,FALSE,early exposure
15082241,Muldestausee,138658706.97638956,TRUE,FALSE,FALSE,0.18121650358172697,0.1927576329510172,0.204217422762851,0.2098913367952888,0.2153533052399925,0.22281332927440567,0.18121650358172697,0.1927576329510172,0.204217422762851,0.2098913367952888,0.2153533052399925,0.22281332927440567,10,10,10,0.023858478457072896,0.10707832666370688,0.921382177153476,0.9165404216520058,0.9420052986901748,0.057994701309825154,0.01154112936929022,0.011459789811833793,0.0056739140324378046,0.005461968444703702,0.007460024034413176,RP10-RP20,0.01154112936929022,0.0517973022838178,FALSE,early exposure
12070424,Wittenberge,50422521.378002,TRUE,FALSE,FALSE,0.2951149244930739,0.33621267754937934,0.3613491094645125,0.3889812182148661,0.42741731225643254,0.471625274316735,0.2951149244930739,0.33621267754937934,0.3613491094645125,0.3889812182148661,0.42741731225643254,0.471625274316735,10,10,10,0.10018613542584823,0.21242740981384522,0.8093539252685883,0.7661784241483143,0.8247675419397336,0.17523245806026644,0.04109775305630542,0.02513643191513315,0.0276321087503536,0.03843609404156645,0.044207962060302475,RP200-RP500,0.044207962060302475,0.09373535403578309,FALSE,early exposure
14524080,Glauchau,52051737.980342254,TRUE,FALSE,FALSE,0.10216091343205294,0.1055385429835654,0.10688335879022368,0.11034145657877358,0.11443350959719976,0.11558620886004972,0.10216091343205294,0.1055385429835654,0.10688335879022368,0.11034145657877358,0.11443350959719976,0.11558620886004972,10,10,10,0.00818011869575149,0.070770715437651,0.9462493860843786,0.9247068473336353,0.9546247572872086,0.04537524271279132,0.003377629551512454,0.001344815806658281,0.0034580977885498992,0.004092053018426189,0.0011526992628499572,RP100-RP200,0.004092053018426189,0.035402606061600256,FALSE,early exposure
01058024,Borgstedt,9109666.740652576,TRUE,FALSE,FALSE,0.05048828580667477,0.05048828580667477,0.05048828580667477,0.05048828580667477,0.05048828580667477,0.05048828580667477,0.05048828580667477,0.05048828580667477,0.05048828580667477,0.05048828580667477,0.05048828580667477,0.05048828580667477,10,10,10,0,0,1,1,1,0,0,0,0,0,0,NA,0,0,FALSE,early exposure
16075035,Gössitz,12742099.08847928,TRUE,FALSE,FALSE,0.06127439387736878,0.06127439387736878,0.06127439387736878,0.06129402018629335,0.06129402018629335,0.06364842033588286,0.06127439387736878,0.06127439387736878,0.06127439387736878,0.06129402018629335,0.06129402018629335,0.06364842033588286,10,10,10,0.001038060643518823,0.016309291543149272,0.967187175029527,0.9627009367084687,0.9630092917127406,0.036990708287259325,0,0,1.9626308924575175e-5,0,0.002354400149589507,RP200-RP500,0.002354400149589507,0.036990708287259325,FALSE,early exposure
01058026,Bovenau,26323947.191626538,TRUE,FALSE,FALSE,0.00325833966289086,0.00325833966289086,0.00325833966289086,0.00325833966289086,0.00325833966289086,0.00325833966289086,0.00325833966289086,0.00325833966289086,0.00325833966289086,0.00325833966289086,0.00325833966289086,0.00325833966289086,10,NA,NA,0,0,1,1,1,0,0,0,0,0,0,NA,0,0,TRUE,early exposure
01058029,Breiholz,18562396.11933431,TRUE,FALSE,FALSE,0,0.05434726544002005,0.07428003692174776,0.07428003692174776,0.07428003692174776,0.07428003692174776,0,0.05434726544002005,0.07428003692174776,0.07428003692174776,0.07428003692174776,0.07428003692174776,20,20,20,0.03640643207925005,0.49012404392856396,0.856208174973966,1,1,0,0.05434726544002005,0.019932771481727708,0,0,0,RP10-RP20,0.05434726544002005,0.7316537214066492,FALSE,early exposure
01058009,Aukrug,49904592.123153016,TRUE,FALSE,FALSE,0,1.7353905275130195e-4,1.7353905275130195e-4,1.7353905275130195e-4,1.7353905275130195e-4,1.7353905275130195e-4,0,1.7353905275130195e-4,1.7353905275130195e-4,1.7353905275130195e-4,1.7353905275130195e-4,1.7353905275130195e-4,20,NA,NA,7.260964683777507e-5,0.41840522744947584,0.911408089932221,1,1,0,1.7353905275130195e-4,0,0,0,0,RP10-RP20,1.7353905275130195e-4,1,TRUE,early exposure
15083557,Westheide,51253854.469688304,TRUE,FALSE,FALSE,0.01295417181647468,0.01295417181647468,0.01295417181647468,0.01295417181647468,0.01295417181647468,0.01333749196985525,0.01295417181647468,0.01295417181647468,0.01295417181647468,0.01295417181647468,0.01295417181647468,0.01333749196985525,10,10,NA,1.666002494533487e-4,0.01249112275605425,0.9746257607776997,0.9712599524523102,0.9712599524523102,0.028740047547689735,0,0,0,0,3.833201533805699e-4,RP200-RP500,3.833201533805699e-4,0.028740047547689735,TRUE,early exposure
14522310,Leisnig,78127693.60088934,TRUE,FALSE,FALSE,0.06557199819590104,0.06736893907512909,0.06929042808754368,0.07095437071797762,0.0724312891347754,0.07367184647201887,0.06557199819590104,0.06736893907512909,0.06929042808754368,0.07095437071797762,0.0724312891347754,0.07367184647201887,10,10,10,0.004850412983207116,0.06583808083389543,0.9504278685359108,0.940527914063627,0.9631137824803487,0.0368862175196513,0.0017969408792280483,0.0019214890124145956,0.0016639426304339427,0.0014769184167977706,0.0012405573372434725,RP20-RP50,0.0019214890124145956,0.026081727341317446,FALSE,early exposure
12070416,Weisen,15519249.70929966,TRUE,FALSE,FALSE,0.14480068792260287,0.16428592564778371,0.19421568130312017,0.19614876444579443,0.21436881388251025,0.2156575359776264,0.14480068792260287,0.16428592564778371,0.19421568130312017,0.19614876444579443,0.21436881388251025,0.2156575359776264,10,10,10,0.04288793783022115,0.1988705733643855,0.8841816415516983,0.9005745170123304,0.9095381877410678,0.09046181225893228,0.01948523772518085,0.029929755655336454,0.0019330831426742634,0.01822004943671582,0.001288722095116157,RP20-RP50,0.029929755655336454,0.1387837226260507,FALSE,early exposure
16075023,Eßbach,5443529.330009976,TRUE,FALSE,FALSE,0.07901720932407022,0.07901720932407022,0.07901720932407022,0.07901720932407022,0.07901720932407022,0.079311436390406,0.07901720932407022,0.07901720932407022,0.07901720932407022,0.07901720932407022,0.07901720932407022,0.079311436390406,10,10,10,1.278782297647513e-4,0.0016123554884983336,0.9967246904321135,0.996290231526164,0.996290231526164,0.0037097684738360095,0,0,0,0,2.942270663357782e-4,RP200-RP500,2.942270663357782e-4,0.0037097684738360095,FALSE,early exposure
11000000,Berlin,893023743.1274061,TRUE,FALSE,FALSE,0.10440176314343376,0.11849585784490346,0.13064094349301947,0.13924583309846775,0.14218254966781935,0.14879345945640146,0.10440176314343376,0.11849585784490346,0.13064094349301947,0.13924583309846775,0.14218254966781935,0.14879345945640146,10,10,10,0.025544370019642746,0.1716766994528251,0.8860789567671765,0.878001922734373,0.9358330238922141,0.06416697610778584,0.014094094701469703,0.012145085648116005,0.00860488960544828,0.0029367165693515995,0.006610909788582114,RP10-RP20,0.014094094701469703,0.09472254192462988,FALSE,early exposure
15090245,Hohenberg-Krusemark,63950074.736398935,TRUE,FALSE,FALSE,0.03764282740477758,0.16940745903590207,0.23900851362866307,0.2771905135026415,0.28611184249197674,0.3068887133674289,0.03764282740477758,0.16940745903590207,0.23900851362866307,0.2771905135026415,0.28611184249197674,0.3068887133674289,10,10,20,0.14661267550097054,0.47773889724460317,0.7535503500542143,0.7788116773864706,0.9032281130872656,0.09677188691273439,0.13176463163112448,0.069601054592761,0.03818199987397844,0.008921328989335231,0.020776870875452158,RP10-RP20,0.13176463163112448,0.42935639497880956,FALSE,early exposure
12069460,Päwesin,23664940.770002447,TRUE,FALSE,FALSE,0,0.00150871317641928,0.10160001630527488,0.16466953167269036,0.23415889262218617,0.2717261972147318,0,0.00150871317641928,0.10160001630527488,0.16466953167269036,0.23415889262218617,0.2717261972147318,20,50,50,0.17960730863284283,0.6609863549185432,0.47980845124462723,0.373905855772108,0.6060127192762359,0.39398728072376415,0.00150871317641928,0.1000913031288556,0.06306951536741548,0.06948936094949582,0.03756730459254562,RP20-RP50,0.1000913031288556,0.36835352702396373,FALSE,early exposure
14730120,Elsnig,37026728.72282651,TRUE,FALSE,FALSE,0.49722676075866695,0.5179989374250881,0.5355366746480196,0.5532274833522308,0.5597092873969949,0.5684243120986561,0.49722676075866695,0.5179989374250881,0.5355366746480196,0.5532274833522308,0.5597092873969949,0.5684243120986561,10,10,10,0.04216670529457205,0.07418174134545735,0.9508629415254164,0.9421424510693194,0.9732649916216327,0.02673500837836732,0.020772176666421116,0.017537737222931504,0.017690808704211247,0.006481804044764061,0.00871502470166119,RP10-RP20,0.020772176666421116,0.036543434586267104,FALSE,early exposure
12067201,Grünheide (Mark),126594762.92223091,TRUE,FALSE,FALSE,0.03496523526158828,0.03637183117631758,0.03905569833693227,0.04016433237880697,0.04024332458803559,0.04232851384105689,0.03496523526158828,0.03637183117631758,0.03905569833693227,0.04016433237880697,0.04024332458803559,0.04232851384105689,10,10,NA,0.004222867377033792,0.09976413046039398,0.9205438245362864,0.9226805950141787,0.9488717824968673,0.05112821750313271,0.0014065959147292958,0.0026838671606146877,0.0011086340418747023,7.899220922862049e-5,0.0020851892530212995,RP20-RP50,0.0026838671606146877,0.06340565536254308,FALSE,early exposure
15089235,Nienburg (Saale),79383374.10226241,TRUE,FALSE,FALSE,0.15860800952815973,0.18106333323588972,0.18720437062906276,0.19791350925576617,0.20097303572476877,0.2128555184263009,0.15860800952815973,0.18106333323588972,0.18720437062906276,0.19791350925576617,0.20097303572476877,0.2128555184263009,10,10,10,0.02888411197199379,0.13569820592645176,0.8979872659002779,0.879490332283212,0.9298021057616683,0.07019789423833168,0.022455323707729985,0.006141037393173038,0.010709138626703418,0.0030595264690025936,0.011882482701532138,RP10-RP20,0.022455323707729985,0.10549561446068365,FALSE,early exposure
01058044,Ehndorf,14678370.184088688,TRUE,FALSE,FALSE,0.00351940486274567,0.00521740983488422,0.00521740983488422,0.00521740983488422,0.00521740983488422,0.00521740983488422,0.00351940486274567,0.00521740983488422,0.00521740983488422,0.00521740983488422,0.00521740983488422,0.00521740983488422,10,NA,NA,7.104541565779709e-4,0.1361698963780436,0.9711677808439447,1,1,0,0.0016980049721385501,0,0,0,0,RP10-RP20,0.0016980049721385501,0.3254497970976878,TRUE,early exposure
15087055,Berga,25953198.57920447,TRUE,FALSE,FALSE,0.13519804015496914,0.13784961860424422,0.147780643511313,0.15041943490167464,0.16105185521306356,0.17371088109515911,0.13519804015496914,0.13784961860424422,0.147780643511313,0.15041943490167464,0.16105185521306356,0.17371088109515911,10,10,10,0.022525942490753396,0.12967490780507668,0.8684390537358917,0.8507276146412412,0.8659183233275676,0.1340816766724324,0.002651578449275077,0.009931024907068792,0.0026387913903616333,0.010632420311388918,0.012659025882095554,RP200-RP500,0.012659025882095554,0.07287411014374463,FALSE,early exposure
12069454,Nuthetal,48492811.13124999,TRUE,FALSE,FALSE,0.15590339525446564,0.2516112923648116,0.2749047452988819,0.29939782781646584,0.3020786375482041,0.3052094514678466,0.15590339525446564,0.2516112923648116,0.2749047452988819,0.29939782781646584,0.3020786375482041,0.3052094514678466,10,10,10,0.0776180986193648,0.2543109272864106,0.8946290356091281,0.9007084937140053,0.9809585724707054,0.01904142752929464,0.09570789711034597,0.023293452934070313,0.02449308251758392,0.0026808097317382318,0.003130813919642539,RP10-RP20,0.09570789711034597,0.31358103967638323,FALSE,early exposure
14524090,Hartenstein,36873390.54000072,TRUE,FALSE,FALSE,0.0203229282652918,0.02034443763511855,0.02034443763511855,0.02115803246761586,0.02170042902261407,0.02197162730011318,0.0203229282652918,0.02034443763511855,0.02034443763511855,0.02115803246761586,0.02170042902261407,0.02197162730011318,10,10,NA,0.0011027176735807745,0.05018825681496498,0.9537839051282642,0.9259413222894852,0.9629706611447423,0.0370293388552577,2.1509369826751973e-5,0,8.13594832497308e-4,5.423965549982111e-4,2.7119827749911077e-4,RP50-RP100,8.13594832497308e-4,0.03702933885525707,FALSE,early exposure
14730110,Eilenburg,46790885.02567576,TRUE,FALSE,FALSE,0.26765502884925124,0.28157248130235574,0.2918355113174271,0.29589613124149433,0.29971225629399684,0.3114034649938556,0.26765502884925124,0.28157248130235574,0.2918355113174271,0.29589613124149433,0.29971225629399684,0.3114034649938556,10,10,10,0.023554314472948288,0.0756392176734867,0.9383760989654297,0.9371620554163883,0.9502017944705038,0.049798205529496195,0.013917452453104495,0.01026303001507134,0.004060619924067255,0.003816125052502506,0.01169120869985879,RP10-RP20,0.013917452453104495,0.04469267049863785,FALSE,early exposure
15089245,Plötzkau,23962093.80644673,TRUE,FALSE,FALSE,0.16992221368590382,0.188987539340308,0.19608207796340035,0.19608207796340035,0.21005579638835156,0.2158983576073688,0.16992221368590382,0.188987539340308,0.19608207796340035,0.19608207796340035,0.21005579638835156,0.2158983576073688,10,10,10,0.024735527913794887,0.11457024586902492,0.9147838350176556,0.9082147735463268,0.9082147735463268,0.09178522645367315,0.019065325654404164,0.007094538623092367,0,0.01397371842495121,0.005842561219017245,RP10-RP20,0.019065325654404164,0.08830695085266108,FALSE,early exposure
15082256,Osternienburger Land,140361657.66805235,TRUE,FALSE,FALSE,0.21412311456819308,0.22766518259027987,0.24451340052862097,0.24864558313201876,0.2552542002806692,0.25853511882765556,0.21412311456819308,0.22766518259027987,0.24451340052862097,0.24864558313201876,0.2552542002806692,0.25853511882765556,10,10,10,0.026180509358181486,0.1012648087304298,0.9396751079249666,0.9457647442149562,0.9617478053253208,0.03825219467467921,0.013542068022086795,0.016848217938341098,0.004132182603397788,0.006608617148650436,0.0032809185469863666,RP20-RP50,0.016848217938341098,0.06516800508472677,FALSE,early exposure
15083580,Zielitz,11433584.155043542,TRUE,FALSE,FALSE,0.1686127163168442,0.1686127163168442,0.1686127163168442,0.17339568428136884,0.17339568428136884,0.17339568428136884,0.1686127163168442,0.1686127163168442,0.1686127163168442,0.17339568428136884,0.17339568428136884,0.17339568428136884,10,10,10,0.003602193838344843,0.020774414618644984,0.98620793826459,0.9724158765291798,1,0,0,0,0.004782967964524626,0,0,RP50-RP100,0.004782967964524626,0.027584123470820145,FALSE,early exposure
01058034,Büdelsdorf,6463502.891730439,TRUE,FALSE,FALSE,0.04257555070470262,0.04257555070470262,0.04257555070470262,0.04257555070470262,0.04257555070470262,0.04257555070470262,0.04257555070470262,0.04257555070470262,0.04257555070470262,0.04257555070470262,0.04257555070470262,0.04257555070470262,10,10,NA,0,0,1,1,1,0,0,0,0,0,0,NA,0,0,FALSE,early exposure
01058035,Bünsdorf,13321317.89180483,TRUE,FALSE,FALSE,0.02908567920277034,0.02908567920277034,0.02908567920277034,0.02908567920277034,0.02908567920277034,0.02983605890941826,0.02908567920277034,0.02908567920277034,0.02908567920277034,0.02908567920277034,0.02908567920277034,0.02983605890941826,10,10,NA,3.2613324712973626e-4,0.010930842043175912,0.977795286595011,0.9748499053133639,0.9748499053133639,0.02515009468663614,0,0,0,0,7.503797066479231e-4,RP200-RP500,7.503797066479231e-4,0.02515009468663614,FALSE,early exposure
12054000,Potsdam,187155026.6169255,TRUE,FALSE,FALSE,0.08061163575248892,0.1108449922061941,0.13400823761184916,0.1594681311003695,0.19067139920869688,0.2065843688940956,0.08061163575248892,0.1108449922061941,0.13400823761184916,0.1594681311003695,0.19067139920869688,0.2065843688940956,10,10,10,0.07551181172620186,0.36552529182356763,0.7221234916892272,0.6486852724106527,0.7719273822799246,0.22807261772007537,0.030233356453705187,0.02316324540565505,0.025459893488520347,0.03120326810832738,0.01591296968539871,RP100-RP200,0.03120326810832738,0.15104370323547361,FALSE,early exposure
15083565,Wolmirstedt,54729728.17133828,TRUE,FALSE,FALSE,0.38496006242173314,0.39964417630674143,0.43964313719039094,0.4646510634709257,0.46538192768926745,0.47269056987268465,0.38496006242173314,0.39964417630674143,0.43964313719039094,0.4646510634709257,0.46538192768926745,0.47269056987268465,10,10,10,0.05606988859929347,0.118618589354121,0.9311938248379776,0.9300865411992569,0.9829920313326236,0.017007968667376437,0.014684113885008288,0.039998960883649515,0.025007926280534776,7.308642183417313e-4,0.007308642183417202,RP20-RP50,0.039998960883649515,0.08461975641786743,FALSE,early exposure
15084445,Schönburg,14798621.05160239,TRUE,FALSE,FALSE,0.15189369769464306,0.15881055541775288,0.15881055541775288,0.15881055541775288,0.16526971036022647,0.16526971036022647,0.15189369769464306,0.15881055541775288,0.15881055541775288,0.15881055541775288,0.16526971036022647,0.16526971036022647,10,10,10,0.007218120137412698,0.04367479147679207,0.9698262141000931,0.9609174910006495,0.9609174910006495,0.03908250899935045,0.0069168577231098205,0,0,0.006459154942473594,0,RP10-RP20,0.0069168577231098205,0.04185193831364286,FALSE,early exposure
14729100,Elstertrebnitz,11624845.86654578,TRUE,FALSE,FALSE,0.1805618550566213,0.18486298735325604,0.19624979781238144,0.20053621431190843,0.20139644077123536,0.2022566672305623,0.1805618550566213,0.18486298735325604,0.19624979781238144,0.20053621431190843,0.20139644077123536,0.2022566672305623,10,10,10,0.013785160095087729,0.06815676478725609,0.9643158315859365,0.970300759423998,0.99149371468337,0.008506285316630032,0.00430113229663473,0.011386810459125402,0.0042864164995269904,8.602264593269293e-4,8.602264593269293e-4,RP20-RP50,0.011386810459125402,0.056298813853908794,FALSE,early exposure
14730140,Jesewitz,52617272.90102957,TRUE,FALSE,FALSE,0.02099882292163263,0.02125590839412051,0.02172433283823812,0.02205061071188462,0.02334781296293048,0.02459088479343519,0.02099882292163263,0.02125590839412051,0.02172433283823812,0.02205061071188462,0.02334781296293048,0.02459088479343519,10,10,NA,0.0020831578871196854,0.08471260406521856,0.90648130480883,0.8834303043881395,0.8966985489587295,0.10330145104127059,2.5708547248787933e-4,4.684244441176093e-4,3.262778736464987e-4,0.001297202251045862,0.0012430718305047085,RP100-RP200,0.001297202251045862,0.052751345140381635,FALSE,early exposure
12061540,Wildau,8874288.783778869,TRUE,FALSE,FALSE,0.06377934904609946,0.0889986609261183,0.0889986609261183,0.1243632817159895,0.1243632817159895,0.1243632817159895,0.06377934904609946,0.0889986609261183,0.0889986609261183,0.1243632817159895,0.1243632817159895,0.1243632817159895,10,10,10,0.03718602789272949,0.29901131089200295,0.8398519472132843,0.7156345482211223,1,0,0.025219311880018844,0,0.035364620789871196,0,0,RP50-RP100,0.035364620789871196,0.28436545177887773,FALSE,early exposure
15083115,Bülstringen,25524334.42581953,TRUE,FALSE,FALSE,0.02419955150361102,0.02826133686371833,0.03837851815525718,0.03837851815525718,0.07138325232852719,0.07515061774894038,0.02419955150361102,0.02826133686371833,0.03837851815525718,0.03837851815525718,0.07138325232852719,0.07515061774894038,10,10,200,0.03236884769974656,0.4307196490105095,0.6139257280118526,0.5106879930577592,0.5106879930577592,0.4893120069422408,0.00406178536010731,0.010117181291538851,0,0.03300473417327,0.003767365420413199,RP100-RP200,0.03300473417327,0.4391811426425083,FALSE,gradual increase
16071015,Eberstedt,4115704.6694074017,TRUE,FALSE,FALSE,0.07323550660605563,0.0906504172129466,0.10938774144552234,0.10938774144552234,0.11871407602184574,0.11871407602184574,0.07323550660605563,0.0906504172129466,0.10938774144552234,0.10938774144552234,0.11871407602184574,0.11871407602184574,10,10,10,0.02637756193988936,0.22219405502541537,0.8873530229226921,0.9214386794822278,0.9214386794822278,0.07856132051777219,0.017414910606890974,0.018737324232575736,0,0.009326334576323397,0,RP20-RP50,0.018737324232575736,0.15783574164472036,FALSE,early exposure
15090285,Kamern,68271652.2899516,TRUE,FALSE,FALSE,0.3043475563133809,0.3427840040921566,0.3834767730923044,0.4190333984968173,0.43204615003278174,0.44206113713201817,0.3043475563133809,0.3427840040921566,0.3834767730923044,0.4190333984968173,0.43204615003278174,0.44206113713201817,10,10,10,0.08382657903924033,0.1896266647258029,0.8850536284474144,0.8674745207873408,0.9479082491064493,0.052091750893550726,0.038436447778775695,0.04069276900014779,0.03555662540451293,0.013012751535964429,0.010014987099236428,RP20-RP50,0.04069276900014779,0.0920523556179407,FALSE,early exposure
12069028,Bensdorf,34343518.53523056,TRUE,FALSE,FALSE,2.9268846726297592e-5,5.7728674526320975e-5,5.051863931530419e-4,5.051863931530419e-4,6.858048735292819e-4,0.00168718824303552,2.9268846726297592e-5,5.7728674526320975e-5,5.051863931530419e-4,5.051863931530419e-4,6.858048735292819e-4,0.00168718824303552,10,NA,NA,8.748552050815813e-4,0.5185285096033965,0.32394772804170957,0.2994250316989711,0.2994250316989711,0.7005749683010288,2.8459827800023383e-5,4.4745771862672096e-4,0,1.8061848037624e-4,0.001001383369506238,RP200-RP500,0.001001383369506238,0.5935220172614467,TRUE,delayed jump
14730160,Laußig,103823560.27216558,TRUE,FALSE,FALSE,0.08079004257621303,0.08254952953496013,0.08372310311009012,0.08437318985053378,0.08486261061443669,0.08724381095564922,0.08079004257621303,0.08254952953496013,0.08372310311009012,0.08437318985053378,0.08486261061443669,0.08724381095564922,10,10,10,0.0033930285939206208,0.03889133861478705,0.9626327838134535,0.9596451850624813,0.9670965645164821,0.03290343548351787,0.0017594869587471001,0.0011735735751299964,6.500867404436589e-4,4.894207639029036e-4,0.0023812003412125304,RP200-RP500,0.0023812003412125304,0.027293630518077944,FALSE,early exposure
16071001,Apolda,46276500.00416577,TRUE,FALSE,FALSE,0.01136003952182858,0.01402513266635754,0.01525534679595984,0.01536498616796042,0.01536498616796042,0.01536498616796042,0.01136003952182858,0.01402513266635754,0.01525534679595984,0.01536498616796042,0.01536498616796042,0.01536498616796042,10,10,NA,0.0020411792948764403,0.13284615245100398,0.9575025702456049,0.992864336433364,1,0,0.0026650931445289603,0.0012302141296022997,1.096393720005813e-4,0,0,RP10-RP20,0.0026650931445289603,0.17345236210406106,TRUE,early exposure
16071003,Bad Berka,54593402.287365526,TRUE,FALSE,FALSE,0.00231334261884273,0.00231334261884273,0.00231334261884273,0.00231334261884273,0.00231334261884273,0.00231334261884273,0.00231334261884273,0.00231334261884273,0.00231334261884273,0.00231334261884273,0.00231334261884273,0.00231334261884273,10,NA,NA,0,0,1,1,1,0,0,0,0,0,0,NA,0,0,TRUE,early exposure
16071004,Bad Sulza,93949547.55477688,TRUE,FALSE,FALSE,0.01757482009290194,0.01838511950573366,0.01928794616216486,0.01928794616216486,0.02366280632389952,0.02427052099220342,0.01757482009290194,0.01838511950573366,0.01928794616216486,0.01928794616216486,0.02366280632389952,0.02427052099220342,10,10,NA,0.004150942873867629,0.1710281734455171,0.841922938943147,0.7947067213085725,0.7947067213085725,0.20529327869142752,8.102994128317206e-4,9.028266564312e-4,0,0.004374860161734658,6.077146683039006e-4,RP100-RP200,0.004374860161734658,0.1802540688409624,FALSE,early exposure
15090270,Iden,37826011.59551551,TRUE,FALSE,FALSE,0.17410895497601123,0.5072469984727506,0.6850006952499106,0.7032949105564841,0.7497628264512568,0.8016607319608263,0.17410895497601123,0.5072469984727506,0.6850006952499106,0.7032949105564841,0.7497628264512568,0.8016607319608263,10,10,10,0.32870849081913467,0.41003441694733933,0.7901107260385076,0.8544770473844084,0.8772974433165214,0.12270255668347861,0.33313804349673937,0.17775369677716002,0.01829421530657349,0.04646791589477273,0.05189790550956952,RP10-RP20,0.33313804349673937,0.41555988738764665,FALSE,early exposure
16071009,Buchfart,7263662.231930096,TRUE,FALSE,FALSE,0.00450950708465295,0.00588622308282276,0.03276870324336809,0.03689885123787753,0.03689885123787753,0.03689885123787753,0.00450950708465295,0.00588622308282276,0.03276870324336809,0.03689885123787753,0.03689885123787753,0.03689885123787753,10,50,NA,0.022119002075355356,0.5994496124760027,0.7263208817917226,0.8880683854387927,1,0,0.0013767159981698104,0.026882480160545334,0.004130147994509434,0,0,RP20-RP50,0.026882480160545334,0.7285451784729234,FALSE,early exposure
12065036,Birkenwerder,17775945.98677081,TRUE,FALSE,FALSE,0.04169177525377315,0.04169177525377315,0.04647369926456606,0.04647369926456606,0.04647369926456606,0.04647369926456606,0.04169177525377315,0.04169177525377315,0.04647369926456606,0.04647369926456606,0.04647369926456606,0.04647369926456606,10,10,NA,0.0032788095294006728,0.07055193757516529,0.9697183371256012,1,1,0,0,0.004781924010792908,0,0,0,RP20-RP50,0.004781924010792908,0.10289527381003848,FALSE,early exposure
13071001,Alt Schwerin,44381761.02719912,TRUE,FALSE,FALSE,0.04360776539220346,0.08638525352744858,0.1013616272079949,0.1301798483683904,0.15492524614120642,0.18825717228570604,0.04360776539220346,0.08638525352744858,0.1013616272079949,0.1301798483683904,0.15492524614120642,0.18825717228570604,10,10,20,0.08092361691690766,0.4298567535801238,0.634585649884968,0.5384210650639368,0.6915000729471525,0.30849992705284746,0.04277748813524512,0.014976373680546315,0.028818221160395494,0.024745397772816036,0.03333192614449962,RP10-RP20,0.04277748813524512,0.22722899539957195,FALSE,early exposure
12069017,Beelitz,181455267.83634016,TRUE,FALSE,FALSE,0.00844160665385167,0.00963546737847832,0.01015008746509946,0.01083005291900296,0.01239781989920665,0.01294979501743502,0.00844160665385167,0.00963546737847832,0.01015008746509946,0.01083005291900296,0.01239781989920665,0.01294979501743502,10,50,NA,0.0026539186127662357,0.2049390441464997,0.8342677778032639,0.783802944481657,0.8363107604731863,0.16368923952681375,0.00119386072462665,5.146200866211394e-4,6.79965453903501e-4,0.001567766980203689,5.519751182283712e-4,RP100-RP200,0.001567766980203689,0.12106500358445196,TRUE,early exposure
12069018,Beetzsee,21334744.806759752,TRUE,FALSE,FALSE,0.2296451134195172,0.287159838484841,0.287159838484841,0.287159838484841,0.28952095088263496,0.28952095088263496,0.2296451134195172,0.287159838484841,0.287159838484841,0.287159838484841,0.28952095088263496,0.28952095088263496,10,10,10,0.025645104454383248,0.08857771562369307,0.9768781967472142,0.9918447615255619,0.9918447615255619,0.008155238474438083,0.05751472506532379,0,0,0.002361112397793963,0,RP10-RP20,0.05751472506532379,0.19865479472205422,FALSE,early exposure
12069019,Beetzseeheide,37603644.4417689,TRUE,FALSE,FALSE,0.1340306012954727,0.178508426319376,0.18828546013492953,0.19176886944592375,0.23043175314261072,0.24213274666416584,0.1340306012954727,0.178508426319376,0.18828546013492953,0.19176886944592375,0.23043175314261072,0.24213274666416584,10,10,10,0.05890534634133115,0.2432770748808788,0.8138543145273953,0.7776125399348746,0.7919989017920985,0.2080010982079015,0.044477825023903295,0.009777033815553532,0.0034834093109942232,0.03866288369668697,0.011700993521555125,RP10-RP20,0.044477825023903295,0.18369190304355368,FALSE,early exposure
16071031,Hetschburg,2806792.266105883,TRUE,FALSE,FALSE,0.159026013606027,0.1661515854702205,0.17140125928974392,0.17140125928974392,0.17140125928974392,0.17140125928974392,0.159026013606027,0.1661515854702205,0.17140125928974392,0.17140125928974392,0.17140125928974392,0.17140125928974392,10,10,10,0.00658090685346616,0.03839474039301833,0.9873033267017695,1,1,0,0.007125571864193492,0.005249673819523432,0,0,0,RP10-RP20,0.007125571864193492,0.041572459232333436,FALSE,early exposure
13071036,Fünfseen,51514717.33507943,TRUE,FALSE,FALSE,2.853200679577712e-4,2.853200679577712e-4,2.853200679577712e-4,2.853200679577712e-4,2.853200679577712e-4,2.853200679577712e-4,2.853200679577712e-4,2.853200679577712e-4,2.853200679577712e-4,2.853200679577712e-4,2.853200679577712e-4,2.853200679577712e-4,10,NA,NA,0,0,1,1,1,0,0,0,0,0,0,NA,0,0,TRUE,early exposure
16071022,Großheringen,6057917.431900784,TRUE,FALSE,FALSE,0.18532931791509252,0.18532931791509252,0.19310947908955145,0.19310947908955145,0.19310947908955145,0.2076787663110705,0.18532931791509252,0.18532931791509252,0.19310947908955145,0.19310947908955145,0.19310947908955145,0.2076787663110705,10,10,10,0.011666769201416056,0.05617699588960874,0.9270377173200339,0.9298470061224434,0.9298470061224434,0.07015299387755662,0,0.007780161174458927,0,0,0.01456928722151904,RP200-RP500,0.01456928722151904,0.07015299387755662,FALSE,early exposure
15090610,Werben (Elbe),53294556.63491746,TRUE,FALSE,FALSE,0.6907299537297743,0.7419669476196169,0.7975300425977349,0.8286574715903938,0.8527202503312412,0.8788550242212152,0.6907299537297743,0.7419669476196169,0.7975300425977349,0.8286574715903938,0.8527202503312412,0.8788550242212152,10,10,10,0.11044620803079544,0.1256705656643037,0.9137242334422409,0.9074648498533131,0.9428830111367876,0.057116988863212356,0.0512369938898426,0.055563094978117955,0.031127428992658968,0.02406277874084739,0.026134773889973983,RP20-RP50,0.055563094978117955,0.06322213954156364,FALSE,early exposure
14729170,Groitzsch,70102504.26428947,TRUE,FALSE,FALSE,0.03044429418841339,0.03136821257658952,0.03200742093682343,0.03243536570591326,0.03329125524409291,0.03357655175681946,0.03044429418841339,0.03136821257658952,0.03200742093682343,0.03243536570591326,0.03329125524409291,0.03357655175681946,10,10,NA,0.0018441250710802368,0.05492300354236613,0.960823258451656,0.9532670647253904,0.9660124107093748,0.033987589290625154,9.239183881761294e-4,6.392083602339144e-4,4.279447690898261e-4,8.558895381796522e-4,2.852965127265461e-4,RP10-RP20,9.239183881761294e-4,0.02751677405314499,FALSE,early exposure
16071056,Mellingen,14402466.832059782,TRUE,FALSE,FALSE,0.05810623382438155,0.07139019009775853,0.08180507261400229,0.08249939811508519,0.08458237461833396,0.08458237461833396,0.05810623382438155,0.07139019009775853,0.08180507261400229,0.08249939811508519,0.08458237461833396,0.08458237461833396,10,10,10,0.014616584603215464,0.1728088702778888,0.9290676146237845,0.9671645302361886,0.9753733976771414,0.024626602322858637,0.01328395627337698,0.010414882516243756,6.943255010829069e-4,0.0020829765032487624,0,RP10-RP20,0.01328395627337698,0.157053479916105,FALSE,early exposure
12065084,Fürstenberg/Havel,214561334.25998983,TRUE,FALSE,FALSE,0.03644315014419822,0.03947656972688643,0.04230260547081249,0.04267508313359066,0.04487349941668415,0.04635569657296828,0.03644315014419822,0.03947656972688643,0.04230260547081249,0.04267508313359066,0.04487349941668415,0.04635569657296828,10,10,NA,0.005603368218311277,0.12087766191779772,0.9118983797848585,0.9125654147861669,0.9206006227609161,0.0793993772390839,0.0030334195826882057,0.002826035743926064,3.724776627781687e-4,0.002198416283093488,0.001482197156284129,RP10-RP20,0.0030334195826882057,0.06543790314774614,FALSE,early exposure
14729160,Grimma,218262734.2336526,TRUE,FALSE,FALSE,0.04389478543179355,0.04577325543923463,0.04749749258845658,0.04773501506900424,0.04810154580216348,0.04962758788152856,0.04389478543179355,0.04577325543923463,0.04749749258845658,0.04773501506900424,0.04810154580216348,0.04962758788152856,10,10,NA,0.003055728439396738,0.06157318076170466,0.951878636010719,0.9570784036863333,0.9618645013124094,0.03813549868759063,0.0018784700074410757,0.0017242371492219508,2.3752248054766112e-4,3.665307331592385e-4,0.0015260420793650822,RP10-RP20,0.0018784700074410757,0.03785132599886532,FALSE,early exposure
12063244,Premnitz,46200413.25616827,TRUE,FALSE,FALSE,0.17079674505803924,0.17079674505803924,0.1912789494139727,0.21011798863335243,0.2535304297789162,0.2619719127119272,0.17079674505803924,0.17079674505803924,0.1912789494139727,0.21011798863335243,0.2535304297789162,0.2619719127119272,10,10,10,0.06096347605127469,0.23270997039408606,0.8003662509396233,0.73015060062682835,0.8020630397290146,0.19793696027098537,0,0.020482204355933453,0.01883903921937974,0.04341244114556378,0.008441482933011002,RP100-RP200,0.04341244114556378,0.16571410536404146,FALSE,early exposure
12063228,Paulinenaue,31721999.89801838,TRUE,FALSE,FALSE,0.01371972501790585,0.02697697037680592,0.05251129994631706,0.07142561814595495,0.0748932431492219,0.0748932431492219,0.01371972501790585,0.02697697037680592,0.05251129994631706,0.07142561814595495,0.0748932431492219,0.0748932431492219,10,10,50,0.03962128397900166,0.5290368304662382,0.726350303713169,0.7011486983103444,0.9536990941044196,0.0463009058955804,0.013257245358900068,0.025534329569511138,0.018914318199637896,0.0034676250032669442,0,RP20-RP50,0.025534329569511138,0.3409430343220011,FALSE,early exposure
15090631,Wust-Fischbeck,68361806.37525818,TRUE,FALSE,FALSE,0.6787493396311345,0.7014866041870071,0.7069290967915512,0.7225513993996472,0.7309527373021851,0.7334396017609998,0.6787493396311345,0.7014866041870071,0.7069290967915512,0.7225513993996472,0.7309527373021851,0.7334396017609998,10,10,10,0.031715859394903,0.04324263282041596,0.9736691814006906,0.9638545492964978,0.9851546025941198,0.014845397405880227,0.02273726455587266,0.0054424926045441024,0.01562230260809594,0.008401337902537942,0.0024868644588146305,RP10-RP20,0.02273726455587266,0.03100086837591008,FALSE,early exposure
14522290,Königshain-Wiederau,31122770.43727965,TRUE,FALSE,FALSE,0,0,3.1509701584593586e-4,3.1509701584593586e-4,3.1509701584593586e-4,3.1509701584593586e-4,0,0,3.1509701584593586e-4,3.1509701584593586e-4,3.1509701584593586e-4,3.1509701584593586e-4,50,NA,NA,2.1605175990031293e-4,0.6856674263330684,0.7057040449661105,1,1,0,0,3.1509701584593586e-4,0,0,0,RP20-RP50,3.1509701584593586e-4,1,TRUE,early exposure
15090635,Zehrental,72718261.80264291,TRUE,FALSE,FALSE,0.13579727662554142,0.2622868120008912,0.28934729661652536,0.3241218457074687,0.3253594990529826,0.32910166126350343,0.13579727662554142,0.2622868120008912,0.28934729661652536,0.3241218457074687,0.3253594990529826,0.32910166126350343,10,10,10,0.10012309088031213,0.30423149641941827,0.8763329132986645,0.879203391151685,0.9848684581630006,0.01513154183699943,0.1264895353753498,0.02706048461563415,0.03477454909094335,0.0012376533455139005,0.0037421622105208163,RP10-RP20,0.1264895353753498,0.38434790906167077,FALSE,early exposure
13071043,Göhren-Lebbin,41562504.55205552,TRUE,FALSE,FALSE,0.04713941692786594,0.08776685735091565,0.08776685735091565,0.08776685735091565,0.08776685735091565,0.08776685735091565,0.04713941692786594,0.08776685735091565,0.08776685735091565,0.08776685735091565,0.08776685735091565,0.08776685735091565,10,10,20,0.016998733450896142,0.19368055281882302,0.9589906411499727,1,1,0,0.04062744042304971,0,0,0,0,RP10-RP20,0.04062744042304971,0.46290184756884034,FALSE,early exposure
13071045,Gotthun,10031714.719820186,TRUE,FALSE,FALSE,0,0,0,0.00363170875327509,0.0742228002689604,0.11913670868923998,0,0,0,0.00363170875327509,0.0742228002689604,0.11913670868923998,100,200,200,0.06951291294309615,0.5834718258367861,0.25066803424809225,0,0.03048354107841065,0.9695164589215893,0,0,0.00363170875327509,0.07059109151568531,0.04491390842027958,RP100-RP200,0.07059109151568531,0.5925217533062574,FALSE,delayed jump
15088305,Querfurt,156684041.7985942,TRUE,FALSE,FALSE,1.1663950430463926e-4,1.1663950430463926e-4,9.599968480536034e-4,9.599968480536034e-4,9.599968480536034e-4,9.599968480536034e-4,1.1663950430463926e-4,1.1663950430463926e-4,9.599968480536034e-4,9.599968480536034e-4,9.599968480536034e-4,9.599968480536034e-4,10,NA,NA,5.782626593674453e-4,0.6023589145525575,0.7414609689431115,1,1,0,0,8.433573437489642e-4,0,0,0,RP20-RP50,8.433573437489642e-4,0.8785001174315038,TRUE,early exposure
15086145,Möser,81009143.90285742,TRUE,FALSE,FALSE,0.13222815533119062,0.13455958385089256,0.1473657944806264,0.1481462448077711,0.1502115059576899,0.15473522172676488,0.13222815533119062,0.13455958385089256,0.1473657944806264,0.1481462448077711,0.1502115059576899,0.15473522172676488,10,10,10,0.013692765909149397,0.08849159070795377,0.9369369045985027,0.9523739510377826,0.9574177304593989,0.04258226954060103,0.0023314285197019446,0.012806210629733833,7.804503271447161e-4,0.0020652611499187845,0.004523715769074982,RP20-RP50,0.012806210629733833,0.08276209182901707,FALSE,early exposure
12063260,Rhinow,31837856.508433804,TRUE,FALSE,FALSE,0.4935134324558901,0.5583096045218355,0.5836489752746398,0.5836489752746398,0.6179835742285461,0.6252133396226779,0.4935134324558901,0.5583096045218355,0.5836489752746398,0.5836489752746398,0.6179835742285461,0.6252133396226779,10,10,10,0.07061291098589845,0.11294210553555042,0.9314928277020678,0.9335197096512327,0.9335197096512327,0.06648029034876736,0.06479617206594546,0.025339370752804236,0,0.03433459895390634,0.007229765394131782,RP10-RP20,0.06479617206594546,0.10363849898828223,FALSE,early exposure
16071064,Niedertrebra,9012958.996060198,TRUE,FALSE,FALSE,0.0613255279605524,0.07108575633637805,0.07925398492597219,0.07925398492597219,0.08976514868923276,0.08976514868923276,0.0613255279605524,0.07108575633637805,0.07925398492597219,0.07925398492597219,0.08976514868923276,0.08976514868923276,10,10,10,0.016721100232474504,0.1862760823843007,0.8842920209996493,0.8829037336121366,0.8829037336121366,0.11709626638786344,0.009760228375825651,0.008168228589594137,0,0.01051116376326057,0,RP100-RP200,0.01051116376326057,0.11709626638786344,FALSE,early exposure
12060198,Schorfheide,238606548.50860944,TRUE,FALSE,FALSE,0,0,0,5.936606437689109e-4,6.393660142756436e-4,0.00122373436605697,0,0,0,5.936606437689109e-4,6.393660142756436e-4,0.00122373436605697,100,NA,NA,7.316813554507264e-4,0.5979086440207592,0.31054237813009705,0,0.48512214761260813,0.5148778523873919,0,0,5.936606437689109e-4,4.570537050673277e-5,5.843683517813264e-4,RP50-RP100,5.936606437689109e-4,0.48512214761260813,TRUE,gradual increase
16071069,Obertrebra,3324050.15367275,TRUE,FALSE,FALSE,0.07272328588473069,0.07573166407931087,0.07874004227389104,0.07874004227389104,0.11359593642899694,0.13552866267831334,0.07272328588473069,0.07573166407931087,0.07874004227389104,0.07874004227389104,0.11359593642899694,0.13552866267831334,10,10,10,0.03618818498282388,0.2670149934904844,0.6744610620015021,0.5809844258611625,0.5809844258611625,0.41901557413883744,0.0030083781945801774,0.0030083781945801774,0,0.0348558941551059,0.0219327262493164,RP100-RP200,0.0348558941551059,0.25718466829292613,FALSE,gradual increase
15087015,Allstedt,149497962.79355845,TRUE,FALSE,FALSE,0.02352563943199866,0.02735031510406263,0.03230698099623244,0.03343769379494119,0.03496672424355281,0.03655272454587011,0.02352563943199866,0.02735031510406263,0.03230698099623244,0.03343769379494119,0.03496672424355281,0.03655272454587011,10,10,NA,0.0075633828895935494,0.2069170761840816,0.8687207696299508,0.8838460442446726,0.9147797930351304,0.08522020696486964,0.00382467567206397,0.004956665892169813,0.001130712798708744,0.0015290304486116207,0.0015860003023173003,RP20-RP50,0.004956665892169813,0.1356031856380413,FALSE,early exposure
16071071,Oettern,3602385.033769388,TRUE,FALSE,FALSE,0.1652718945732662,0.16804783326562095,0.16804783326562095,0.17082377195797566,0.17082377195797566,0.17082377195797566,0.1652718945732662,0.16804783326562095,0.16804783326562095,0.17082377195797566,0.17082377195797566,0.17082377195797566,10,10,10,0.00325210832788933,0.01903779720242544,0.9904352009182534,0.9837496932626121,1,0,0.0027759386923547624,0,0.002775938692354707,0,0,RP10-RP20,0.0027759386923547624,0.01625030673738823,FALSE,early exposure
12063252,Rathenow,113331297.0500876,TRUE,FALSE,FALSE,0.2437142274042256,0.25128244514330017,0.28124670801534774,0.2989481155436095,0.3056859222594264,0.3139608672952442,0.2437142274042256,0.25128244514330017,0.28124670801534774,0.2989481155436095,0.3056859222594264,0.3139608672952442,10,10,10,0.045150657259575795,0.14380982460822656,0.9037837724931765,0.8958017935109965,0.9521827293924598,0.04781727060754014,0.0075682177390745675,0.029964262872047565,0.01770140752826177,0.006737806715816919,0.008274945035817771,RP20-RP50,0.029964262872047565,0.09543948304827943,FALSE,early exposure
16067067,Tonna,30540085.398235098,TRUE,FALSE,FALSE,0.00143429463335842,0.00170627423108438,0.0020044317306885,0.00564838742741416,0.00899611453665467,0.00899611453665467,0.00143429463335842,0.00170627423108438,0.0020044317306885,0.00564838742741416,0.00899611453665467,0.00899611453665467,10,NA,NA,0.005303735208760256,0.5895584351611115,0.5330377128912868,0.22281082822161083,0.627869665776242,0.37213033422375796,2.7197959772596e-4,2.9815749960411986e-4,0.00364395569672566,0.00334772710924051,0,RP50-RP100,0.00364395569672566,0.4050588375546312,TRUE,gradual increase
14627270,Strehla,30423270.693645723,TRUE,FALSE,FALSE,0.4288575667175763,0.44034293138837394,0.4501155401867421,0.4695085898670721,0.48643956274739025,0.4908588670807365,0.4288575667175763,0.44034293138837394,0.4501155401867421,0.4695085898670721,0.48643956274739025,0.4908588670807365,10,10,10,0.03936692129500907,0.08020008180586442,0.9410070643977806,0.9169958421321684,0.9565042446097797,0.04349575539022034,0.011485364670797638,0.009772608798368165,0.01939304968033001,0.01693097288031814,0.004419304333346252,RP50-RP100,0.01939304968033001,0.039508402477611226,FALSE,early exposure
15088330,Schkopau,99688497.68444872,TRUE,FALSE,FALSE,0.2573341585039144,0.26570469108300354,0.28879282159370095,0.3131696767102403,0.31904945733106027,0.324154736458627,0.2573341585039144,0.26570469108300354,0.28879282159370095,0.3131696767102403,0.31904945733106027,0.324154736458627,10,10,10,0.04384706794309291,0.1352658561220474,0.9129618957704758,0.890910386652828,0.9661116790444036,0.03388832095559636,0.008370532579089152,0.023088130510697413,0.024376855116539364,0.005879780620819952,0.005105279127566753,RP50-RP100,0.024376855116539364,0.07520129239157566,FALSE,early exposure
15085285,Schwanebeck,32944606.57600601,TRUE,FALSE,FALSE,0.00682335317677684,0.00682335317677684,0.00682335317677684,0.00682335317677684,0.00682335317677684,0.00682335317677684,0.00682335317677684,0.00682335317677684,0.00682335317677684,0.00682335317677684,0.00682335317677684,0.00682335317677684,10,NA,NA,0,0,1,1,1,0,0,0,0,0,0,NA,0,0,TRUE,early exposure
12066304,Senftenberg,128211122.853599,TRUE,FALSE,FALSE,0.09660801292840028,0.09963772737707452,0.10587743561918624,0.11146520097840164,0.11193317909656002,0.11394404623629112,0.09660801292840028,0.09963772737707452,0.10587743561918624,0.11146520097840164,0.11193317909656002,0.11394404623629112,10,10,10,0.010941582367511086,0.09602592438064744,0.9386462969981066,0.9292055102170343,0.9782450655407744,0.021754934459225567,0.0030297144486742394,0.006239708242111716,0.005587765359215402,4.6797811815837975e-4,0.002010867139731101,RP20-RP50,0.006239708242111716,0.054761160834785,FALSE,early exposure
15088319,Salzatal,110097013.90878391,TRUE,FALSE,FALSE,0.0558235544071868,0.05995049837801967,0.06049547228666455,0.06937923114884334,0.06937923114884334,0.07204263290461255,0.0558235544071868,0.05995049837801967,0.06049547228666455,0.06937923114884334,0.06937923114884334,0.07204263290461255,10,10,10,0.009948604950074028,0.13809330043845564,0.8984023529946272,0.839717676153828,0.9630301996417086,0.036969800358291484,0.0041269439708328665,5.449739086448788e-4,0.008883758862178792,0,0.002663401755769207,RP50-RP100,0.008883758862178792,0.12331252348788056,FALSE,early exposure
12061061,Byhleguhre-Byhlen,35807579.871736184,TRUE,FALSE,FALSE,0,0.02574807259282326,0.06816796268910333,0.096095010637667,0.12623133377779555,0.13684361199824974,0,0.02574807259282326,0.06816796268910333,0.096095010637667,0.12623133377779555,0.13684361199824974,20,20,50,0.08567881227136975,0.6261075034504759,0.5724617451218464,0.4981450116208217,0.7022250380156296,0.2977749619843703,0.02574807259282326,0.04241989009628007,0.02792704794856367,0.030136323140128554,0.010612278220454185,RP20-RP50,0.04241989009628007,0.30998809134636574,FALSE,early exposure
12063274,Seeblick,48592905.63152763,TRUE,FALSE,FALSE,0.4389523158798472,0.4427229445344776,0.5275601543409613,0.5449519655054373,0.5670456152184958,0.5976995658243607,0.4389523158798472,0.4427229445344776,0.5275601543409613,0.5449519655054373,0.5670456152184958,0.5976995658243607,10,10,10,0.10095955568300535,0.1689135503114506,0.8728078989396031,0.8826510583345304,0.9117489733388502,0.08825102666114984,0.0037706286546304035,0.08483720980648368,0.01739181116447608,0.022093649713058494,0.030653950605864844,RP20-RP50,0.08483720980648368,0.1419395540123478,FALSE,early exposure
14524050,Dennheritz,13034982.459386006,TRUE,FALSE,FALSE,0.10335995896584704,0.11039155762475908,0.1134602230506337,0.1134602230506337,0.1134602230506337,0.11422738940710236,0.10335995896584704,0.11039155762475908,0.1134602230506337,0.1134602230506337,0.1134602230506337,0.11422738940710236,10,10,10,0.005379570693939472,0.047095278302884805,0.9807107519808752,0.9932838668514562,0.9932838668514562,0.006716133148543788,0.007031598658912036,0.0030686654258746254,0,0,7.671663564686598e-4,RP10-RP20,0.007031598658912036,0.06155790389161104,FALSE,early exposure
12068109,Dreetz,64804566.76798928,TRUE,FALSE,FALSE,0.3566840065954078,0.41798126719010753,0.4233496503877413,0.432891693036256,0.43475647740215273,0.4406237276003542,0.3566840065954078,0.41798126719010753,0.4233496503877413,0.432891693036256,0.43475647740215273,0.4406237276003542,10,10,10,0.04031283898993391,0.09149039523921798,0.9586398079745184,0.9607963073012707,0.9824520694647858,0.017547930535214192,0.061297260594699754,0.005368383197633775,0.009542042648514715,0.00186478436589671,0.005867250198201446,RP10-RP20,0.061297260594699754,0.13911475200967022,FALSE,early exposure
15085287,Selke-Aue,36645534.96901242,TRUE,FALSE,FALSE,0.00321231470435236,0.00592571792049432,0.00992242744384695,0.00992242744384695,0.00992242744384695,0.00992242744384695,0.00321231470435236,0.00592571792049432,0.00992242744384695,0.00992242744384695,0.00992242744384695,0.00992242744384695,10,NA,NA,0.0038757156224900773,0.3906015583811066,0.8572324133497564,1,1,0,0.0027134032161419603,0.00399670952335263,0,0,0,RP20-RP50,0.00399670952335263,0.4027955403020912,TRUE,early exposure
14628160,Heidenau,10960781.690978736,TRUE,FALSE,FALSE,0.1237024156772591,0.15289741371862833,0.1782562382460228,0.2131500149710418,0.25717051101478416,0.27450504110184715,0.1237024156772591,0.15289741371862833,0.1782562382460228,0.2131500149710418,0.25717051101478416,0.27450504110184715,10,10,10,0.09288604608598003,0.3383764673797643,0.7354848489081952,0.6493732775562616,0.7764885268243896,0.22351147317561043,0.029194998041369227,0.025358824527394463,0.034893776725019005,0.04402049604374236,0.017334530087062983,RP100-RP200,0.04402049604374236,0.1603631607894947,FALSE,early exposure
12068117,Fehrbellin,269809478.4721361,TRUE,FALSE,FALSE,0.11703002725201445,0.14489009586427176,0.1744388592470957,0.18583013603022971,0.19094174155692828,0.19957044502415633,0.11703002725201445,0.14489009586427176,0.1744388592470957,0.18583013603022971,0.19094174155692828,0.19957044502415633,10,10,10,0.04766872851432621,0.2388566528904435,0.8600014608307602,0.8740716052719196,0.9311505819798945,0.06884941802010545,0.027860068612257316,0.029548763382823945,0.011391276783134008,0.005111605526698565,0.00862870346722805,RP20-RP50,0.029548763382823945,0.14806182037248708,FALSE,early exposure
12063293,Stechow-Ferchesar,51169638.88332954,TRUE,FALSE,FALSE,0.04527721896070155,0.07357944446668456,0.08651098867888211,0.0944844764152984,0.0944844764152984,0.0944844764152984,0.04527721896070155,0.07357944446668456,0.08651098867888211,0.0944844764152984,0.0944844764152984,0.0944844764152984,10,10,20,0.026713605848504515,0.28273010405526466,0.8909895717295191,0.9156106056896637,1,0,0.028302225505983013,0.012931544212197554,0.00797348773641629,0,0,RP10-RP20,0.028302225505983013,0.2995436560560807,FALSE,early exposure
12066316,Tettau,8945355.58874562,TRUE,FALSE,FALSE,0.28009212583188753,0.28490200910673796,0.3000228233309532,0.3000228233309532,0.3011369450230905,0.31160195143596936,0.28009212583188753,0.28490200910673796,0.3000228233309532,0.3000228233309532,0.3011369450230905,0.31160195143596936,10,10,10,0.017674523003418607,0.05672147726279756,0.9522788496839616,0.9628400013168867,0.9628400013168867,0.0371599986831133,0.004809883274850435,0.01512081422421524,0,0.0011141216921373154,0.010465006412878841,RP20-RP50,0.01512081422421524,0.04852605753761589,FALSE,early exposure
14522220,Großweitzschen,44373569.65298103,TRUE,FALSE,FALSE,0.01611862795862757,0.01715014219577698,0.01760086094922431,0.01760086094922431,0.01805157970267164,0.0191970151096953,0.01611862795862757,0.01715014219577698,0.01760086094922431,0.01760086094922431,0.01805157970267164,0.0191970151096953,10,10,NA,0.0015402010991331816,0.08023128024498531,0.9197511184884268,0.9168540446861,0.9168540446861,0.08314595531390005,0.001031514237149412,4.507187534473281e-4,0,4.5071875344733156e-4,0.001145435407023658,RP200-RP500,0.001145435407023658,0.059667370186376786,TRUE,early exposure
01053111,Schnakenbek,12863118.632286277,TRUE,FALSE,FALSE,0.0929594295056423,0.09606909529847736,0.0976239281948949,0.09840134464310368,0.09917876109131246,0.09995617753952124,0.0929594295056423,0.09606909529847736,0.0976239281948949,0.09840134464310368,0.09917876109131246,0.09995617753952124,10,10,10,0.003811018125380016,0.03812688939483717,0.9766437059270445,0.9766672815824294,0.9844448543882863,0.015555145611713679,0.003109665792835059,0.0015548328964175434,7.774164482087786e-4,7.774164482087786e-4,7.774164482087786e-4,RP10-RP20,0.003109665792835059,0.031110291223426803,FALSE,early exposure
12066320,Vetschau/Spreewald,111737275.9909628,TRUE,FALSE,FALSE,0.03391468222606896,0.04214628785265193,0.05226596941343264,0.05910067561752081,0.05910067561752081,0.05910067561752081,0.03391468222606896,0.04214628785265193,0.05226596941343264,0.05910067561752081,0.05910067561752081,0.05910067561752081,10,10,50,0.015530301082524891,0.2627770481513889,0.8794465876649918,0.8843548549542811,1,0,0.008231605626582976,0.010119681560780705,0.006834706204088173,0,0,RP20-RP50,0.010119681560780705,0.17122784900585222,FALSE,early exposure
01061068,Moordiek,6108671.251558565,TRUE,FALSE,FALSE,0.00226266276016085,0.08962599242967288,0.16664013054213,0.2500367194473165,0.33940975535564133,0.708971537257377,0.00226266276016085,0.08962599242967288,0.16664013054213,0.2500367194473165,0.33940975535564133,0.708971537257377,10,20,20,0.37261894312784155,0.5255767312878319,0.3527151790606775,0.23504488090843462,0.3526752574787018,0.6473247425212982,0.08736332966951203,0.07701413811245712,0.08339658890518648,0.08937303590832485,0.3695617819017357,RP200-RP500,0.3695617819017357,0.5212646241503122,FALSE,delayed jump
14522210,Großschirma,60840797.64450919,TRUE,FALSE,FALSE,0.00369544207979913,0.00402416886797931,0.00402416886797931,0.00402416886797931,0.00403713051690564,0.00403713051690564,0.00369544207979913,0.00402416886797931,0.00402416886797931,0.00402416886797931,0.00403713051690564,0.00403713051690564,10,NA,NA,1.4621816124468984e-4,0.036218338899967305,0.9906121556308847,0.9967893906644701,0.9967893906644701,0.0032106093355299026,3.2872678818017965e-4,0,0,1.2961648926329908e-5,0,RP10-RP20,3.2872678818017965e-4,0.08142585106020812,TRUE,early exposure
15088365,Teutschenthal,91010959.29253116,TRUE,FALSE,FALSE,0.06021563038457651,0.06778213937629897,0.06778213937629897,0.07358179578827653,0.07358179578827653,0.07358179578827653,0.06021563038457651,0.06778213937629897,0.06778213937629897,0.07358179578827653,0.07358179578827653,0.07358179578827653,10,10,10,0.007533758724008232,0.10238617640816754,0.9514803946837171,0.9211808253679289,1,0,0.007566508991722461,0,0.005799656411977563,0,0,RP10-RP20,0.007566508991722461,0.10283126295930929,FALSE,early exposure
01061070,Moorhusen,4680819.072597697,TRUE,FALSE,FALSE,0.9998514037806048,0.9998514037806048,0.9998514037806048,0.999906961069984,0.999906961069984,0.999906961069984,0.9998514037806048,0.9998514037806048,0.9998514037806048,0.999906961069984,0.999906961069984,0.999906961069984,10,10,10,4.184182853828578e-5,4.184572181949431e-5,0.9999722187705746,0.999944437541149,1,0,0,0,5.555728937922666e-5,0,0,RP50-RP100,5.555728937922666e-5,5.556245885094721e-5,FALSE,early exposure
01061071,Mühlenbarbek,8689034.400647178,TRUE,FALSE,FALSE,0.1983628983616865,0.1987763840290552,0.1987763840290552,0.1987828161835445,0.19933169013169624,0.2006242880680743,0.1983628983616865,0.1987763840290552,0.1987763840290552,0.1987828161835445,0.19933169013169624,0.2006242880680743,10,10,10,0.001107086036179475,0.00551820543185572,0.9922603829938997,0.9907892306718512,0.990821291368745,0.009178708631254993,4.1348566736870707e-4,0,6.432154489283137e-6,5.488739481517568e-4,0.0012925979363780649,RP200-RP500,0.0012925979363780649,0.006442878620655693,FALSE,early exposure
01061072,Münsterdorf,5127199.219461409,TRUE,FALSE,FALSE,0.23412048021370532,0.23412048021370532,0.23412048021370532,0.26378448757441475,0.26378448757441475,0.26378448757441475,0.23412048021370532,0.23412048021370532,0.23412048021370532,0.26378448757441475,0.26378448757441475,0.26378448757441475,10,10,10,0.02234083634427693,0.08469351837065305,0.9437722672142707,0.8875445344285414,1,0,0,0,0.029664007360709427,0,0,RP50-RP100,0.029664007360709427,0.11245546557145852,FALSE,early exposure
01061073,Neuenbrook,14553179.083359554,TRUE,FALSE,FALSE,0.975816928727805,0.9887449433767737,0.9887449433767737,0.994963027507053,0.994963027507053,0.994963027507053,0.975816928727805,0.9887449433767737,0.9887449433767737,0.994963027507053,0.994963027507053,0.994963027507053,10,10,10,0.01009217093836473,0.010143262271414598,0.9957241028473836,0.9937504369927602,1,0,0.012928014648968644,0,0.0062180841302793555,0,0,RP10-RP20,0.012928014648968644,0.012993462361471518,FALSE,early exposure
01061074,Neuendorf b.Elmshorn,14969481.54662961,TRUE,FALSE,FALSE,0.908743313306658,0.911328452218302,0.9226776344588188,0.9556308364820189,0.9556308364820189,0.9556308364820189,0.908743313306658,0.911328452218302,0.9226776344588188,0.9556308364820189,0.9556308364820189,0.9556308364820189,10,10,10,0.03368142579002467,0.035245227031409684,0.979023655300101,0.9655168075734022,1,0,0.002585138911644025,0.01134918224051673,0.03295320202320007,0,0,RP50-RP100,0.03295320202320007,0.034483192426597795,FALSE,early exposure
01061077,Nortorf,19760226.625098795,TRUE,FALSE,FALSE,0.9937689272566672,0.9937689272566672,0.9937689272566672,0.9984817988114766,0.9984817988114766,0.9984817988114766,0.9937689272566672,0.9937689272566672,0.9937689272566672,0.9984817988114766,0.9984817988114766,0.9984817988114766,10,10,10,0.0035494021706942184,0.00355479907086839,0.997639981239308,0.9952799624786158,1,0,0,0,0.0047128715548093725,0,0,RP50-RP100,0.0047128715548093725,0.004720037521384213,FALSE,early exposure
01061056,Kremperheide,3909952.916742796,TRUE,FALSE,FALSE,0.04276785552699407,0.09403607950086412,0.09403607950086412,0.20251288643462975,0.20251288643462975,0.20251288643462975,0.04276785552699407,0.09403607950086412,0.09403607950086412,0.20251288643462975,0.20251288643462975,0.20251288643462975,10,10,20,0.10314796645332497,0.5093402611029428,0.7097451209679702,0.464346151775475,1,0,0.051268223973870056,0,0.10847680693376563,0,0,RP50-RP100,0.10847680693376563,0.535653848224525,FALSE,early exposure
01061057,Krempermoor,1590372.9546691887,TRUE,FALSE,FALSE,0.6655380143853858,0.8058611090956433,0.8058611090956433,0.8852760258633088,0.8852760258633088,0.8852760258633088,0.6655380143853858,0.8058611090956433,0.8058611090956433,0.8852760258633088,0.8852760258633088,0.8852760258633088,10,10,10,0.11852162572216059,0.13388098430269843,0.941104302107367,0.9102936096228054,1,0,0.1403230947102575,0,0.07941491676766543,0,0,RP10-RP20,0.1403230947102575,0.15850773161220127,FALSE,early exposure
01061058,Kronsmoor,6061000.773229629,TRUE,FALSE,FALSE,0.30392793985814043,0.4932116924071354,0.6255018092393395,0.6555783166718018,0.820600199821301,0.8778957407673629,0.30392793985814043,0.4932116924071354,0.6255018092393395,0.6555783166718018,0.820600199821301,0.8778957407673629,10,10,10,0.32793150123640014,0.3735426497795254,0.734506746742902,0.7125012460962534,0.7467610175426584,0.25323898245734155,0.189283752548995,0.1322901168322041,0.030076507432462263,0.16502188314949917,0.05729554094606193,RP10-RP20,0.189283752548995,0.21561074255075358,FALSE,early exposure
01061059,Krummendiek,1777580.5175996495,TRUE,FALSE,FALSE,0.9831231273507314,0.9831231273507314,0.9831231273507314,0.9999999999891144,0.9999999999891144,0.9999999999891144,0.9831231273507314,0.9831231273507314,0.9831231273507314,0.9999999999891144,0.9999999999891144,0.9999999999891144,10,10,10,0.012710469122817042,0.0127104691229554,0.9915615636807167,0.9831231273614333,1,0,0,0,0.016876872638383,0,0,RP50-RP100,0.016876872638383,0.016876872638566714,FALSE,early exposure
01053132,Witzeeze,10490476.35354798,TRUE,FALSE,FALSE,0,0,0,0,0.00114196142340658,0.00114196142340658,0,0,0,0,0.00114196142340658,0.00114196142340658,200,NA,NA,7.644842065583321e-4,0.6694483639191616,0.32281617986444205,0,0,1,0,0,0,0.00114196142340658,0,RP100-RP200,0.00114196142340658,1,TRUE,delayed jump
01061060,Kudensee,3058946.5437029824,TRUE,FALSE,FALSE,0.7985249970692422,0.9050685014103332,0.9083376007087782,0.9338393602106656,0.9338393602106656,0.9338393602106656,0.7985249970692422,0.9050685014103332,0.9083376007087782,0.9338393602106656,0.9338393602106656,0.9338393602106656,10,10,10,0.06602599914203862,0.07070380833716816,0.9752078826483076,0.9726914921468566,1,0,0.10654350434109106,0.0032690992984449885,0.025501759501887378,0,0,RP10-RP20,0.10654350434109106,0.11409189725849189,FALSE,early exposure
01061061,Lägerdorf,6017422.051195726,TRUE,FALSE,FALSE,0.24176011163726227,0.3647030447494828,0.3647030447494828,0.43417201237428854,0.43417201237428854,0.43417201237428854,0.24176011163726227,0.3647030447494828,0.3647030447494828,0.43417201237428854,0.43417201237428854,0.43417201237428854,10,10,10,0.10375908845165115,0.23898152228707703,0.8949120814198948,0.8399966703406061,1,0,0.12294293311222051,0,0.06946896762480576,0,0,RP10-RP20,0.12294293311222051,0.2831664170150023,FALSE,early exposure
01061062,Landrecht,3973769.81040807,TRUE,FALSE,FALSE,0.9911398589520232,0.9911398589520232,0.9911398589520232,1.000000000133782,1.000000000133782,1.000000000133782,0.9911398589520232,0.9911398589520232,0.9911398589520232,1.000000000133782,1.000000000133782,1.000000000133782,10,10,10,0.00667283289549881,0.0066728328946060456,0.9955699294097131,0.9911398588194263,1,0,0,0,0.00886014118175893,0,0,RP50-RP100,0.00886014118175893,0.008860141180573601,FALSE,early exposure
12070348,Rühstädt,28839856.53516522,TRUE,FALSE,FALSE,0.5611432921641953,0.6242816152012849,0.765554191991787,0.7779064065171927,0.7867424717983181,0.7954707599813554,0.5611432921641953,0.6242816152012849,0.765554191991787,0.7779064065171927,0.7867424717983181,0.7954707599813554,10,10,10,0.14229504008011684,0.17888154692631572,0.9157287189673455,0.9623913668551819,0.9779195485895994,0.02208045141040058,0.06313832303708955,0.1412725767905021,0.012352214525405691,0.00883606528112546,0.00872828818303728,RP20-RP50,0.1412725767905021,0.1775961907057568,FALSE,early exposure
01061063,Landscheide,7471946.212688744,TRUE,FALSE,FALSE,0.9973180715124992,0.9973180715124992,0.9973180715124992,1.0000000000298608,1.0000000000298608,1.0000000000298608,0.9973180715124992,0.9973180715124992,0.9973180715124992,1.0000000000298608,1.0000000000298608,1.0000000000298608,10,10,10,0.002019839240357554,0.0020198392402972394,0.9986590357413593,0.9973180714827184,1,0,0,0,0.002681928517361598,0,0,RP50-RP100,0.002681928517361598,0.0026819285172815137,FALSE,early exposure
01061065,Lohbarbek,6187044.975900173,TRUE,FALSE,FALSE,0.25202187817987975,0.2536381586560929,0.2573007947809081,0.2828775199428138,0.28310015751847084,0.2838546169309493,0.25202187817987975,0.2536381586560929,0.2573007947809081,0.2828775199428138,0.28310015751847084,0.2838546169309493,10,10,10,0.022927145148522177,0.08077073185002807,0.9477679076136897,0.9064527382462808,0.9965577555204141,0.0034422444795858924,0.00161628047621315,0.0036626361248152106,0.025576725161905678,2.2263757565704756e-4,7.544594124784809e-4,RP50-RP100,0.025576725161905678,0.0901050172741333,FALSE,early exposure
01061089,Rade,3867472.471191589,TRUE,FALSE,FALSE,0.06059454894326252,0.13127332491428836,0.13127332491428836,0.13127332491428836,0.13127332491428836,0.13127332491428836,0.06059454894326252,0.13127332491428836,0.13127332491428836,0.13127332491428836,0.13127332491428836,0.13127332491428836,10,10,10,0.029572369336007594,0.22527325605042875,0.9523012937425471,1,1,0,0.07067877597102584,0,0,0,0,RP10-RP20,0.07067877597102584,0.5384092771107442,FALSE,early exposure
16052000,Gera,152278976.54911166,TRUE,FALSE,FALSE,0.03817556177735062,0.0394232717653326,0.04104836901230316,0.04249134137501024,0.04360771346952043,0.04464947702370533,0.03817556177735062,0.0394232717653326,0.04104836901230316,0.04249134137501024,0.04360771346952043,0.04464947702370533,10,10,NA,0.0039231987686410294,0.08786662308627095,0.9331227943144219,0.9193471401806058,0.9516649288512542,0.04833507114874583,0.0012477099879819806,0.001625097246970561,0.0014429723627070803,0.0011163720945101888,0.0010417635541849005,RP20-RP50,0.001625097246970561,0.036396781223389546,FALSE,early exposure
15087412,Südharz,237698062.06504953,TRUE,FALSE,FALSE,0.01034373316375783,0.01139548763675637,0.01257345264651473,0.01269966318327455,0.01269966318327455,0.01278380354111444,0.01034373316375783,0.01139548763675637,0.01257345264651473,0.01269966318327455,0.01269966318327455,0.01278380354111444,10,10,NA,0.001379374116333516,0.10790013409524489,0.95484606418941,0.9835455157048375,0.9934182062819346,0.006581793718065426,0.0010517544729985399,0.0011779650097583604,1.2621053675982048e-4,0,8.414035783988957e-5,RP20-RP50,0.0011779650097583604,0.09214511205290865,TRUE,early exposure
15091020,Bad Schmiedeberg,161264283.8893097,TRUE,FALSE,FALSE,0.13877511624517752,0.14629975981837112,0.1544552578111349,0.15656990369389467,0.15915240294479346,0.16112628945855112,0.13877511624517752,0.14629975981837112,0.1544552578111349,0.15656990369389467,0.15915240294479346,0.16112628945855112,10,10,10,0.012919660452322774,0.08018344179424715,0.9527350704682482,0.9585974972188985,0.9717216490247015,0.02827835097529849,0.007524643573193601,0.008155497992763772,0.0021146458827597803,0.00258249925089879,0.0019738865137576556,RP20-RP50,0.008155497992763772,0.05061556385472236,FALSE,early exposure
01061092,Rethwisch,9857483.889929311,TRUE,FALSE,FALSE,0.775216947312187,0.874885665864693,0.874885665864693,0.9293341271030492,0.9293341271030492,0.9293341271030492,0.775216947312187,0.874885665864693,0.874885665864693,0.9293341271030492,0.9293341271030492,0.9293341271030492,10,10,10,0.08270865031123413,0.08899775430507026,0.9612044024659446,0.9414113184371214,1,0,0.09966871855250592,0,0.05444846123835623,0,0,RP10-RP20,0.09966871855250592,0.10724745346778183,FALSE,early exposure
01061093,Rosdorf,5564646.35937899,TRUE,FALSE,FALSE,0.0967022494203948,0.13940988495664736,0.13940988495664736,0.13940988495664736,0.13940988495664736,0.13940988495664736,0.0967022494203948,0.13940988495664736,0.13940988495664736,0.13940988495664736,0.13940988495664736,0.13940988495664736,10,10,10,0.017869097960375026,0.12817669253462075,0.9728602386565935,1,1,0,0.04270763553625255,0,0,0,0,RP10-RP20,0.04270763553625255,0.30634582009398725,FALSE,early exposure
01061095,Sankt Margarethen,10907148.485725673,TRUE,FALSE,FALSE,0.9580679011199134,0.9580679011199134,0.9599015609464184,0.9699866899921958,0.9757097241108872,0.9807465718934778,0.9580679011199134,0.9580679011199134,0.9599015609464184,0.9699866899921958,0.9757097241108872,0.9807465718934778,10,10,10,0.014873100314140362,0.015165080093449005,0.9858223097749227,0.9787457723081153,0.9890288865547514,0.010971113445248556,0,0.001833659826505074,0.010085129045777408,0.00572303411869135,0.005036847782590614,RP50-RP100,0.010085129045777408,0.010283114246636171,FALSE,early exposure
01061096,Sarlhusen,10855186.839878488,TRUE,FALSE,FALSE,0.11058725304096718,0.14505603532525566,0.14505603532525566,0.14505603532525566,0.14505603532525566,0.14505603532525566,0.11058725304096718,0.14505603532525566,0.14505603532525566,0.14505603532525566,0.14505603532525566,0.14505603532525566,10,10,10,0.014421918691564166,0.09942308611445372,0.9789484439345912,1,1,0,0.03446878228428847,0,0,0,0,RP10-RP20,0.03446878228428847,0.23762391000829403,FALSE,early exposure
01061078,Nutteln,6927739.898304315,TRUE,FALSE,FALSE,0.327032303142625,0.327032303142625,0.327032303142625,0.35536949252882605,0.35536949252882605,0.35536949252882605,0.327032303142625,0.327032303142625,0.327032303142625,0.35536949252882605,0.35536949252882605,0.35536949252882605,10,10,10,0.021341570706742117,0.060054594317802766,0.9601299633452605,0.9202599266905207,1,0,0,0,0.028337189386201056,0,0,RP50-RP100,0.028337189386201056,0.07974007330947933,FALSE,early exposure
01061079,Oelixdorf,10421112.12352709,TRUE,FALSE,FALSE,0.12587037265151893,0.12587037265151893,0.12587037265151893,0.13654804427111816,0.1373477581899494,0.15068105218706204,0.12587037265151893,0.12587037265151893,0.12587037265151893,0.13654804427111816,0.1373477581899494,0.15068105218706204,10,10,10,0.014372009130332335,0.09538033430036247,0.8828506149111647,0.8353430695138626,0.9062058055023497,0.09379419449765021,0,0,0.010677671619599233,7.997139188312408e-4,0.013333293997112639,RP200-RP500,0.013333293997112639,0.08848686549228568,FALSE,early exposure
16074087,Schöps,4478794.546624605,TRUE,FALSE,FALSE,0.0973987454783479,0.10751383918245636,0.10751383918245636,0.11161971069762314,0.11161971069762314,0.11161971069762314,0.0973987454783479,0.10751383918245636,0.10751383918245636,0.11161971069762314,0.11161971069762314,0.11161971069762314,10,10,10,0.0073244606712672775,0.06561977831235534,0.9735794761434754,0.9632155334438238,1,0,0.010115093704108458,0,0.004105871515166781,0,0,RP10-RP20,0.010115093704108458,0.09062103494883768,FALSE,early exposure
01061080,Oeschebüttel,5524785.212854512,TRUE,FALSE,FALSE,0.03089220782531824,0.03278698807580005,0.03278698807580005,0.03278698807580005,0.03278698807580005,0.03278698807580005,0.03089220782531824,0.03278698807580005,0.03278698807580005,0.03278698807580005,0.03278698807580005,0.03278698807580005,10,10,NA,7.927859616696159e-4,0.024179895995227504,0.9948802189099893,1,1,0,0.001894780250481811,0,0,0,0,RP10-RP20,0.001894780250481811,0.057790616390297256,FALSE,early exposure
01061082,Oldendorf,9939945.078587117,TRUE,FALSE,FALSE,0.3837120183528326,0.3837120183528326,0.3837120183528326,0.40789607513975656,0.40789607513975656,0.40789607513975656,0.3837120183528326,0.3837120183528326,0.3837120183528326,0.40789607513975656,0.40789607513975656,0.40789607513975656,10,10,10,0.01821372440505112,0.04465285526174894,0.9703551244288905,0.9407102488577811,1,0,0,0,0.02418405678692398,0,0,RP50-RP100,0.02418405678692398,0.05928975114221888,FALSE,early exposure
14523100,Elsterberg,25111355.614682466,TRUE,FALSE,FALSE,0.0135333074802619,0.01777988654498024,0.0301248990865869,0.04087700678411529,0.04167345920615443,0.04182461381857153,0.0135333074802619,0.01777988654498024,0.0301248990865869,0.04087700678411529,0.04167345920615443,0.04182461381857153,10,10,NA,0.01893797161400559,0.45279489479939916,0.7595159882264677,0.720267238264623,0.9773433165798779,0.022656683420122108,0.00424657906471834,0.012345012541606661,0.010752107697528386,7.964524220391428e-4,1.5115461241709677e-4,RP20-RP50,0.012345012541606661,0.2951614232508481,FALSE,early exposure
01061083,Ottenbüttel,9884525.83306927,TRUE,FALSE,FALSE,0.03197908243561837,0.03197908243561837,0.03197908243561837,0.045526830013471,0.045526830013471,0.045526830013471,0.03197908243561837,0.03197908243561837,0.03197908243561837,0.045526830013471,0.045526830013471,0.045526830013471,10,10,NA,0.010203207132131128,0.22411415706105806,0.8512113892638256,0.7024227785276512,1,0,0,0,0.013547747577852633,0,0,RP50-RP100,0.013547747577852633,0.2975772214723487,FALSE,early exposure
01061088,Quarnstedt,10544249.879197149,TRUE,FALSE,FALSE,0.04566175925607069,0.04566175925607069,0.04566175925607069,0.04566175925607069,0.05607983524956044,0.05607983524956044,0.04566175925607069,0.04566175925607069,0.04566175925607069,0.04566175925607069,0.05607983524956044,0.05607983524956044,10,10,200,0.0069743639290272014,0.12436491473255282,0.8741980523241777,0.8142277710494628,0.8142277710494628,0.1857722289505373,0,0,0,0.010418075993489755,0,RP100-RP200,0.010418075993489755,0.1857722289505373,FALSE,early exposure
14522250,Hartha,54327358.423452094,TRUE,FALSE,FALSE,0.01885615891551259,0.01904395017625758,0.01956695168852957,0.01993509033138629,0.02012398962637946,0.02028815922908842,0.01885615891551259,0.01904395017625758,0.01956695168852957,0.01993509033138629,0.02012398962637946,0.02028815922908842,10,10,NA,9.122444057013927e-4,0.04496437529894043,0.9690713077209551,0.9644518000664738,0.9825972926515723,0.017402707348427755,1.8779126074498775e-4,5.230015122719908e-4,3.6813864285671974e-4,1.8889929499317157e-4,1.6416960270895786e-4,RP20-RP50,5.230015122719908e-4,0.025778657707010228,FALSE,early exposure
16074092,Silbitz,11499154.90325085,TRUE,FALSE,FALSE,0.0502670985361347,0.0502670985361347,0.0502670985361347,0.05527569335464636,0.05659901557325637,0.05824723915873362,0.0502670985361347,0.0502670985361347,0.0502670985361347,0.05527569335464636,0.05659901557325637,0.05824723915873362,10,10,10,0.005374373957195411,0.09226830378259342,0.9166376556683786,0.8629953841957783,0.9489839201478838,0.05101607985211615,0,0,0.005008594818511659,0.0013233222186100069,0.0016482235854772542,RP50-RP100,0.005008594818511659,0.08598853595210561,FALSE,early exposure
15091060,Coswig (Anhalt),297144551.46010095,TRUE,FALSE,FALSE,0.07048378852669601,0.07065238197002018,0.07384488674492133,0.07408046232473943,0.07418142328751862,0.07461892079289507,0.07048378852669601,0.07065238197002018,0.07384488674492133,0.07408046232473943,0.07418142328751862,0.07461892079289507,10,10,10,0.0026946910018061138,0.03611270403233547,0.9795374229551748,0.9896268394162109,0.992783888289538,0.0072161117104619765,1.685934433241637e-4,0.003192504774901156,2.3557557981809807e-4,1.0096096277918687e-4,4.3749750537645793e-4,RP20-RP50,0.003192504774901156,0.04278411883980415,FALSE,early exposure
16074095,Sulza,4005551.924623769,TRUE,FALSE,FALSE,0.00479279675008069,0.00479279675008069,0.00728933160674449,0.00728933160674449,0.00728933160674449,0.00728933160674449,0.00479279675008069,0.00479279675008069,0.00728933160674449,0.00728933160674449,0.00728933160674449,0.00728933160674449,10,NA,NA,0.0017117926299194642,0.23483533501694692,0.8992061070129579,1,1,0,0,0.0024965348566638006,0,0,0,RP20-RP50,0.0024965348566638006,0.34249160161047815,TRUE,early exposure
03354007,Gorleben,21487097.67770413,TRUE,FALSE,FALSE,0.04826532037307925,0.16258383075346355,0.17915204924983377,0.22569422407902143,0.22569422407902143,0.22569422407902143,0.04826532037307925,0.16258383075346355,0.17915204924983377,0.22569422407902143,0.22569422407902143,0.22569422407902143,10,10,20,0.09424403071443922,0.4175739591875507,0.8304132839593904,0.793782162485062,1,0,0.1143185103803843,0.01656821849637022,0.046542174829187655,0,0,RP10-RP20,0.1143185103803843,0.5065194328604458,FALSE,early exposure
16074079,Rothenstein,10579228.724550435,TRUE,FALSE,FALSE,0.1511820971371081,0.15415162083208503,0.15793261480068832,0.16738509972219656,0.16927559670649822,0.17022084519864905,0.1511820971371081,0.15415162083208503,0.15793261480068832,0.16738509972219656,0.16927559670649822,0.17022084519864905,10,10,10,0.012630331094610352,0.07419967325312385,0.9517285215493331,0.9278100729459998,0.9833407860644614,0.016659213935538576,0.002969523694976939,0.003780993968603291,0.009452484921508242,0.0018904969843016595,9.452484921508297e-4,RP50-RP100,0.009452484921508242,0.0555307131184616,FALSE,early exposure
03354008,Gusborn,48491376.01329376,TRUE,FALSE,FALSE,0.12603156785001904,0.19268802717658232,0.2406076650476437,0.27105753916577113,0.27549777546895415,0.27925006361385707,0.12603156785001904,0.19268802717658232,0.2406076650476437,0.27105753916577113,0.27549777546895415,0.27925006361385707,10,10,10,0.08828238600545771,0.31614097007882275,0.8511999567156657,0.8616208065769771,0.9706624079433893,0.029337592056610736,0.06665645932656328,0.04791963787106138,0.03044987411812744,0.0044402363031830205,0.0037522881449029155,RP10-RP20,0.06665645932656328,0.2386980989867736,FALSE,early exposure
03354009,Hitzacker (Elbe),58662905.24018873,TRUE,FALSE,FALSE,0.12544291965239054,0.1298132364046237,0.14567452684061497,0.14652685421504824,0.14789057801414146,0.15690264530983078,0.12544291965239054,0.1298132364046237,0.14567452684061497,0.14652685421504824,0.14789057801414146,0.15690264530983078,10,10,10,0.018175852393172477,0.1158415930928454,0.9084694300010521,0.9284389473036353,0.9338711525590038,0.0661288474409962,0.00437031675223315,0.01586129043599127,8.52327374433276e-4,0.0013637237990932194,0.009012067295689319,RP20-RP50,0.01586129043599127,0.10109001288455317,FALSE,early exposure
12061450,Schwielochsee,132472887.78208888,TRUE,FALSE,FALSE,0.06543105613649758,0.06543105613649758,0.07062519552581879,0.07062519552581879,0.08183042781492778,0.08386858071187478,0.06543105613649758,0.06543105613649758,0.07062519552581879,0.07062519552581879,0.08183042781492778,0.08386858071187478,10,10,10,0.011948607365837853,0.14246821949791338,0.8698430736935638,0.8420936055714022,0.8420936055714022,0.15790639442859777,0,0.0051941393893212146,0,0.011205232289108982,0.002038152896947004,RP100-RP200,0.011205232289108982,0.13360464901157504,FALSE,early exposure
14627210,Radebeul,26133003.26302892,TRUE,FALSE,FALSE,0.06646644387628528,0.07651261213415615,0.10030319165130816,0.1471099431621908,0.15982550254646655,0.22780577894658577,0.06646644387628528,0.07651261213415615,0.10030319165130816,0.1471099431621908,0.15982550254646655,0.22780577894658577,10,10,10,0.09382562564641418,0.4118667492996906,0.5613606074829431,0.44030134843430163,0.6457691452888211,0.3542308547111789,0.010046168257870872,0.023790579517152008,0.04680675151088265,0.012715559384275738,0.06798027640011922,RP200-RP500,0.06798027640011922,0.2984133094185409,FALSE,early exposure
12061476,Straupitz (Spreewald),21807438.76537854,TRUE,FALSE,FALSE,0,0,0,0,0.01838323177206767,0.09587972359682252,0,0,0,0,0.01838323177206767,0.09587972359682252,200,200,500,0.045988482159594994,0.4796476297009169,0.15655222705968566,0,0,1,0,0,0,0.01838323177206767,0.07749649182475485,RP200-RP500,0.07749649182475485,0.8082677850702846,FALSE,delayed jump
15087440,Wallhausen,35283068.20538191,TRUE,FALSE,FALSE,0.08319543601882218,0.10888274646532052,0.12272679941612968,0.1393247058032406,0.15889713279014034,0.17495516840010972,0.08319543601882218,0.10888274646532052,0.12272679941612968,0.1393247058032406,0.15889713279014034,0.17495516840010972,10,10,10,0.052822434109375246,0.30191982661852096,0.7594785800628455,0.7014757011091118,0.7963451841823567,0.2036548158176433,0.025687310446498343,0.013844052950809163,0.016597906387110922,0.019572426986899732,0.01605803560996938,RP10-RP20,0.025687310446498343,0.14682224412915507,FALSE,early exposure
14522280,Königsfeld,28243183.274728227,TRUE,FALSE,FALSE,0.02097648875678916,0.02203827929146284,0.02203827929146284,0.02294185226580425,0.02294185226580425,0.02294185226580425,0.02097648875678916,0.02203827929146284,0.02203827929146284,0.02294185226580425,0.02294185226580425,0.02294185226580425,10,10,NA,0.001124766090687565,0.04902682127214606,0.9762071286831993,0.9606146459373631,1,0,0.0010617905346736803,0,9.03572974341408e-4,0,0,RP10-RP20,0.0010617905346736803,0.04628181379479641,FALSE,early exposure
03354010,Höhbeck,19520250.879640423,TRUE,FALSE,FALSE,0.3191462021999051,0.33624489886277736,0.3936896581599813,0.40342025765191014,0.4044448346475296,0.4126414506124853,0.3191462021999051,0.33624489886277736,0.3936896581599813,0.40342025765191014,0.4044448346475296,0.4126414506124853,10,10,10,0.058118934764985884,0.1408460896953511,0.9243498540197542,0.9540720099147243,0.9776532557577817,0.022346744242218303,0.01709869666287228,0.05744475929720394,0.009730599491928837,0.001024576995619475,0.008196615964955689,RP20-RP50,0.05744475929720394,0.1392122851738197,FALSE,early exposure
03354011,Jameln,36188107.745241165,TRUE,FALSE,FALSE,0.13795011878693134,0.14885734579942006,0.14885734579942006,0.15226467026978643,0.157174416066861,0.1609889337682293,0.13795011878693134,0.14885734579942006,0.14885734579942006,0.15226467026978643,0.157174416066861,0.1609889337682293,10,10,10,0.012074500403274459,0.07500205213271226,0.9418435423160674,0.9246433423413146,0.9458083031284442,0.05419169687155578,0.010907227012488724,0,0.003407324470366374,0.004909745797074566,0.0038145177013682863,RP10-RP20,0.010907227012488724,0.06775140847998606,FALSE,early exposure
03354014,Langendorf,41002820.836602144,TRUE,FALSE,FALSE,0.21264075926977827,0.24548100549062812,0.3063541971569973,0.33970184091345296,0.3426284688271325,0.3719386367799435,0.21264075926977827,0.24548100549062812,0.3063541971569973,0.33970184091345296,0.3426284688271325,0.3719386367799435,10,10,10,0.09529252380045335,0.25620496065008946,0.8242790979135566,0.8236686562311916,0.9133276495671964,0.08667235043280364,0.032840246220849856,0.060873191666369175,0.03334764375645566,0.002926627913679536,0.029310167952810995,RP20-RP50,0.060873191666369175,0.16366460928441978,FALSE,early exposure
03354016,Luckau (Wendland),22416424.025399774,TRUE,FALSE,FALSE,0,0,0,1.1450007065021749e-5,0.01468022992520514,0.01468022992520514,0,0,0,1.1450007065021749e-5,0.01468022992520514,0.01468022992520514,100,200,NA,0.009828614053947764,0.6695136318725212,0.32295437633702434,0,7.799610171883427e-4,0.9992200389828116,0,0,1.1450007065021749e-5,0.014668779918140118,0,RP100-RP200,0.014668779918140118,0.9992200389828116,TRUE,delayed jump
12063202,Mühlenberge,39770693.247935206,TRUE,FALSE,FALSE,3.042687502695598e-4,0.00428245416216431,0.00428245416216431,0.00428245416216431,0.00428245416216431,0.00428245416216431,3.042687502695598e-4,0.00428245416216431,0.00428245416216431,0.00428245416216431,0.00428245416216431,0.00428245416216431,10,NA,NA,0.001664493572100009,0.3886774987122784,0.917702553046029,1,1,0,0.0039781854118947505,0,0,0,0,RP10-RP20,0.0039781854118947505,0.9289499107876532,TRUE,early exposure
12063208,Nauen,268850815.32388854,TRUE,FALSE,FALSE,0,0,7.231675575027425e-4,0.00224110307779616,0.00495543908156735,0.01647878699401051,0,0,7.231675575027425e-4,0.00224110307779616,0.00495543908156735,0.01647878699401051,50,500,NA,0.008464489020025893,0.5136597143407735,0.21209482753453748,0.04388475667326665,0.1359992746195898,0.8640007253804103,0,7.231675575027425e-4,0.0015179355202934175,0.00271433600377119,0.011523347912443162,RP200-RP500,0.011523347912443162,0.6992837468335208,TRUE,delayed jump
14627240,Röderaue,28587286.228672177,TRUE,FALSE,FALSE,0.08972781907630754,0.10984138404510788,0.11578808351983784,0.14371191941403486,0.16008630188044545,0.16939495267032967,0.08972781907630754,0.10984138404510788,0.11578808351983784,0.14371191941403486,0.16008630188044545,0.16939495267032967,10,10,10,0.04853091017650185,0.28649560929333556,0.782751092633704,0.6835391591931338,0.8483837159760114,0.15161628402398863,0.020113564968800332,0.005946699474729963,0.027923835894197016,0.016374382466410597,0.009308650789884215,RP50-RP100,0.027923835894197016,0.16484455678287757,FALSE,early exposure
15084355,Naumburg (Saale),130246898.55399118,TRUE,FALSE,FALSE,0.12062477998521516,0.12630373606309647,0.12828714008832345,0.1294387989889599,0.13182486070801813,0.13435851028941836,0.12062477998521516,0.12630373606309647,0.12828714008832345,0.1294387989889599,0.13182486070801813,0.13435851028941836,10,10,10,0.007301939394586942,0.054346683204941695,0.9589502916769492,0.9548121649457357,0.9633837016363085,0.0366162983636915,0.005678956077881311,0.0019834040252269813,0.0011516589006364542,0.0023860617190582245,0.0025336495814002324,RP10-RP20,0.005678956077881311,0.04226718549981249,FALSE,early exposure
03354003,Damnatz,16373217.86950717,TRUE,FALSE,FALSE,0.538042886042801,0.672366373092872,0.6962064180557749,0.7179551204484057,0.7912455395684516,0.8173340893852056,0.538042886042801,0.672366373092872,0.6962064180557749,0.7179551204484057,0.7912455395684516,0.8173340893852056,10,10,10,0.14933044742128188,0.18270429358159693,0.8746477044547581,0.8518015180052722,0.8784108356332572,0.12158916436674287,0.1343234870500709,0.02384004496290293,0.021748702392630825,0.07329041912004586,0.026088549816754014,RP10-RP20,0.1343234870500709,0.1643434291980998,FALSE,early exposure
03354004,Dannenberg (Elbe),76606140.51296881,TRUE,FALSE,FALSE,0.366948642211026,0.4631654556800552,0.4972297043751981,0.49775185572928216,0.5017291717749326,0.5610246300342343,0.366948642211026,0.4631654556800552,0.4972297043751981,0.49775185572928216,0.5017291717749326,0.5610246300342343,10,10,10,0.09244146515528757,0.16477256114343258,0.8683574869304743,0.8862885473403487,0.8872192575554282,0.11278074244457179,0.09621681346902916,0.03406424869514291,5.221513540840661e-4,0.003977316045650436,0.059295458259301714,RP10-RP20,0.09621681346902916,0.1715019418365962,FALSE,early exposure
03354005,Gartow,28379982.980693057,TRUE,FALSE,FALSE,0.13691672397562343,0.3110060505523606,0.3509618507565405,0.3509618507565405,0.40452880966188054,0.4115760302375962,0.13691672397562343,0.3110060505523606,0.3509618507565405,0.3509618507565405,0.40452880966188054,0.4115760302375962,10,10,10,0.13915948121347999,0.3381136679246007,0.8307036498276842,0.8527266530899186,0.8527266530899186,0.14727334691008148,0.17408932657673715,0.039955800204179936,0,0.05356695890534002,0.0070472205757156625,RP10-RP20,0.17408932657673715,0.42298218017273304,FALSE,early exposure
15085235,Quedlinburg,120983155.29039924,TRUE,FALSE,FALSE,0.010341730123455,0.01100297920236994,0.01184745583144165,0.01267401718008532,0.01292198558467843,0.01301608060104242,0.010341730123455,0.01100297920236994,0.01184745583144165,0.01267401718008532,0.01292198558467843,0.01301608060104242,10,10,NA,0.0016851058708879307,0.12946338629410264,0.9253704998690833,0.9102168459599752,0.9737199367888283,0.026280063211171725,6.612490789149397e-4,8.444766290717099e-4,8.265613486436695e-4,2.479684045931102e-4,9.409501636399066e-5,RP20-RP50,8.444766290717099e-4,0.06487948676378649,TRUE,early exposure
14730050,Cavertitz,69220466.02350149,TRUE,FALSE,FALSE,0.07243761315447088,0.07655956673156404,0.0771073557751409,0.0771073557751409,0.07847840158979418,0.07876733347871283,0.07243761315447088,0.07655956673156404,0.0771073557751409,0.0771073557751409,0.07847840158979418,0.07876733347871283,10,10,10,0.0031436692221606466,0.03991082449185893,0.978291402466747,0.9789255566964121,0.9789255566964121,0.02107444330358784,0.004121953577093163,5.477890435768573e-4,0,0.0013710458146532767,2.889318889186532e-4,RP10-RP20,0.004121953577093163,0.05233074924654059,FALSE,early exposure
15083040,Barleben,29937548.52855949,TRUE,FALSE,FALSE,0.10275564431181602,0.18922485175528556,0.1917320626927979,0.214081268905754,0.214081268905754,0.214081268905754,0.10275564431181602,0.18922485175528556,0.1917320626927979,0.214081268905754,0.214081268905754,0.214081268905754,10,10,10,0.054730125754483806,0.25565116478535965,0.908572396392674,0.8956041024644945,1,0,0.08646920744346953,0.0025072109375123552,0.02234920621295608,0,0,RP10-RP20,0.08646920744346953,0.40390832829721446,FALSE,early exposure
14627230,Riesa,58836632.3652918,TRUE,FALSE,FALSE,0.10773415376045034,0.11396942377942389,0.12349035806428718,0.12654967660044092,0.1285892222912101,0.13726646361274222,0.10773415376045034,0.11396942377942389,0.12349035806428718,0.12654967660044092,0.1285892222912101,0.13726646361274222,10,10,10,0.01657783721338155,0.12077121226165725,0.8985461981167581,0.8996396848445054,0.9219271282275062,0.07807287177249377,0.006235270018973546,0.009520934284863294,0.003059318536153738,0.002039545690769168,0.008677241321532136,RP20-RP50,0.009520934284863294,0.06936096431917899,FALSE,early exposure
15090180,Goldbeck,26869771.03254754,TRUE,FALSE,FALSE,0.2863674833375777,0.3744770738884112,0.4229013622238797,0.4277799394181386,0.4285242702863017,0.4292686011544648,0.2863674833375777,0.3744770738884112,0.4229013622238797,0.4277799394181386,0.4285242702863017,0.4292686011544648,10,10,10,0.07456446574786653,0.17370118743214522,0.9402300397822998,0.9851672381500506,0.996532097310815,0.0034679026891849367,0.0881095905508335,0.04842428833546847,0.004878577194258882,7.443308681631122e-4,7.443308681631122e-4,RP10-RP20,0.0881095905508335,0.2052551486735197,FALSE,early exposure
12068501,Zernitz-Lohm,37687852.18660619,TRUE,FALSE,FALSE,0,0.00104665018313465,0.01533643763108344,0.01940068473176121,0.02506565883106706,0.03374410482345513,0,0.00104665018313465,0.01533643763108344,0.01940068473176121,0.02506565883106706,0.03374410482345513,20,50,NA,0.020861140777826158,0.6182158598359326,0.47165294551761056,0.45449235388882697,0.5749355282430259,0.4250644717569742,0.00104665018313465,0.014289787447948791,0.004064247100677768,0.0056649740993058514,0.008678445992388067,RP20-RP50,0.014289787447948791,0.4234750787644581,FALSE,gradual increase
15083025,Am Großen Bruch,50707174.69812584,TRUE,FALSE,FALSE,0.11654232191732013,0.12127537993975555,0.13932037879184497,0.14226856507401003,0.14247389515419995,0.1433032842227973,0.11654232191732013,0.12127537993975555,0.13932037879184497,0.14226856507401003,0.14247389515419995,0.1433032842227973,10,10,10,0.01707150045422494,0.11912846622331032,0.9436490394584238,0.9722064609157176,0.992779515456334,0.007220484543665957,0.004733058022435427,0.01804499885208942,0.0029481862821650606,2.0533008018991383e-4,8.293890685973637e-4,RP20-RP50,0.01804499885208942,0.12592173968626144,FALSE,early exposure
15084360,Nebra (Unstrut),25379985.68486453,TRUE,FALSE,FALSE,0.10064587691641816,0.10064587691641816,0.13917463631340404,0.13917463631340404,0.13917463631340404,0.13917463631340404,0.10064587691641816,0.10064587691641816,0.13917463631340404,0.13917463631340404,0.13917463631340404,0.13917463631340404,10,10,10,0.02641791529553729,0.18981846114580406,0.9185278413986784,1,1,0,0,0.038528759396985884,0,0,0,RP20-RP50,0.038528759396985884,0.2768375073043043,FALSE,early exposure
12062336,Merzdorf,12885550.65448653,TRUE,FALSE,FALSE,0,0,0,0.01450180745105992,0.0161482032777082,0.03402066708061251,0,0,0,0.01450180745105992,0.0161482032777082,0.03402066708061251,100,100,NA,0.019791721561939948,0.5817558343298546,0.29027853290720357,0,0.42626464133397673,0.5737353586660232,0,0,0.01450180745105992,0.0016463958266482795,0.017872463802904307,RP200-RP500,0.017872463802904307,0.5253413685438684,FALSE,delayed jump
03354018,Lüchow (Wendland),89200599.56913269,TRUE,FALSE,FALSE,0.21699628916719585,0.2545520284220024,0.31983069781225576,0.3435603070850354,0.3486311876880995,0.35484948002072914,0.21699628916719585,0.2545520284220024,0.31983069781225576,0.3435603070850354,0.3486311876880995,0.35484948002072914,10,10,10,0.08444175508990169,0.23796499598919774,0.8778998892703369,0.9013137000893232,0.9681860237331212,0.0318139762668788,0.03755573925480657,0.06527866939025334,0.023729609272779617,0.0050708806030640985,0.00621829233262966,RP20-RP50,0.06527866939025334,0.18396157544443908,FALSE,early exposure
03354019,Neu Darchau,22822226.923656836,TRUE,FALSE,FALSE,0.11249178418391324,0.11731164687163267,0.12951327301943513,0.13214228903091849,0.13301862770141293,0.13915299839487405,0.11249178418391324,0.11731164687163267,0.12951327301943513,0.13214228903091849,0.13301862770141293,0.13915299839487405,10,10,10,0.015615712613633759,0.11221973506687297,0.9184940172875711,0.9307257084889806,0.949618697082895,0.050381302917104916,0.004819862687719431,0.012201626147802458,0.002629016011483354,8.76338670494442e-4,0.006134370693461122,RP20-RP50,0.012201626147802458,0.08768496754326442,FALSE,early exposure
14730080,Doberschütz,78522800.17792132,TRUE,FALSE,FALSE,0.04915843847036811,0.05207211554590144,0.05300913396815262,0.0531886685777586,0.05419150576473391,0.05470091194878958,0.04915843847036811,0.05207211554590144,0.05300913396815262,0.0531886685777586,0.05419150576473391,0.05470091194878958,10,10,20,0.002889541539110643,0.05282437597778607,0.9679619617510753,0.9690722161593799,0.9723543298062978,0.02764567019370219,0.002913677075533326,9.370184222511832e-4,1.7953460960597883e-4,0.0010028371869753097,5.094061840556705e-4,RP10-RP20,0.002913677075533326,0.05326560329124092,FALSE,early exposure
15083030,Angern,64369450.01342427,TRUE,FALSE,FALSE,0.04853377043933105,0.11527712257374238,0.18279890384476533,0.23592911930491656,0.27483645651469363,0.28911873404981736,0.04853377043933105,0.11527712257374238,0.18279890384476533,0.23592911930491656,0.27483645651469363,0.28911873404981736,10,10,20,0.14649105917821645,0.5066813109142034,0.6841903553928959,0.6322623971273604,0.8160284738389321,0.18397152616106788,0.06674335213441134,0.06752178127102294,0.05313021546015123,0.03890733720977707,0.014282277535123733,RP20-RP50,0.06752178127102294,0.2335434315349085,FALSE,early exposure
12061005,Alt Zauche-Wußwerk,33217688.632056132,TRUE,FALSE,FALSE,0,0,0,0.0240592322538804,0.04201571646743506,0.04772576647254736,0,0,0,0.0240592322538804,0.04201571646743506,0.04772576647254736,100,100,NA,0.032622380785261036,0.6835381219917328,0.3875260111677749,0,0.5041141092562581,0.4958858907437419,0,0,0.0240592322538804,0.01795648421355466,0.005710050005112301,RP50-RP100,0.0240592322538804,0.5041141092562581,FALSE,gradual increase
12062341,Mühlberg/Elbe,89217010.01475386,TRUE,FALSE,FALSE,0.3891409963315371,0.4668116330363875,0.5279569541092294,0.5586128782643125,0.5648156918357922,0.5740439580250353,0.3891409963315371,0.4668116330363875,0.5279569541092294,0.5586128782643125,0.5648156918357922,0.5740439580250353,10,10,10,0.1056743254390623,0.18408751448691962,0.9084534532764253,0.9197152007759727,0.9731186444086747,0.02688135559132528,0.07767063670485042,0.061145321072841874,0.030655924155083114,0.006202813571479671,0.009228266189243106,RP10-RP20,0.07767063670485042,0.1353043362255248,FALSE,early exposure
03354021,Schnackenburg,23312685.213564605,TRUE,FALSE,FALSE,0.5119419001069523,0.6559694935572138,0.698048380966342,0.7100590094046774,0.7357862309638739,0.7478568222208787,0.5119419001069523,0.6559694935572138,0.698048380966342,0.7100590094046774,0.7357862309638739,0.7478568222208787,10,10,10,0.12062879646602508,0.16129931944432727,0.9208034544250312,0.933398426310236,0.9494584903244517,0.05054150967554826,0.1440275934502615,0.04207888740912824,0.012010628438335336,0.02572722155919649,0.012070591257004826,RP10-RP20,0.1440275934502615,0.1925871225223952,FALSE,early exposure
03354023,Trebel,66885570.687104,TRUE,FALSE,FALSE,0.00344603702962865,0.00353793109933779,0.00353793109933779,0.00353793109933779,0.00383694925519029,0.00383694925519029,0.00344603702962865,0.00353793109933779,0.00353793109933779,0.00353793109933779,0.00383694925519029,0.00383694925519029,10,NA,NA,2.3862617435549104e-4,0.062191641975118214,0.9451044790481407,0.9220687749654196,0.9220687749654196,0.07793122503458037,9.189406970913985e-5,0,0,2.9901815585250003e-4,0,RP100-RP200,2.9901815585250003e-4,0.07793122503458037,TRUE,early exposure
03354025,Woltersdorf,28139327.344712503,TRUE,FALSE,FALSE,0.06184015651956175,0.07250158909392977,0.07250158909392977,0.07250158909392977,0.07250158909392977,0.11000513645897957,0.06184015651956175,0.07250158909392977,0.07250158909392977,0.07250158909392977,0.07250158909392977,0.11000513645897957,10,10,10,0.020760751762108204,0.18872529438522914,0.6904149693465493,0.6590745798580533,0.6590745798580533,0.34092542014194677,0.010661432574368024,0,0,0,0.037503547365049794,RP200-RP500,0.037503547365049794,0.34092542014194677,FALSE,early exposure
03354026,Wustrow (Wendland),30140763.21883206,TRUE,FALSE,FALSE,0.07645679682274123,0.10399425478204775,0.17390302039606664,0.19313754766184993,0.25156932646405455,0.29503206131549015,0.07645679682274123,0.10399425478204775,0.17390302039606664,0.19313754766184993,0.25156932646405455,0.29503206131549015,10,10,10,0.13194908690781976,0.4472364336251614,0.6252186882619761,0.5894377025353351,0.6546324043586567,0.34536759564134334,0.027537457959306524,0.06990876561401889,0.019234527265783286,0.058431778802204626,0.04346273485143559,RP20-RP50,0.06990876561401889,0.2369531138490827,FALSE,early exposure
14730070,Delitzsch,86307257.04627408,TRUE,FALSE,FALSE,0,0,0,1.0644956190240388e-4,5.657239915850758e-4,9.0500969574983e-4,0,0,0,1.0644956190240388e-4,5.657239915850758e-4,9.0500969574983e-4,100,NA,NA,5.350926194617852e-4,0.5912562284964732,0.2665391013365238,0,0.11762256515296994,0.8823774348470301,0,0,1.0644956190240388e-4,4.5927442968267195e-4,3.392857041647541e-4,RP100-RP200,4.5927442968267195e-4,0.5074801207540083,TRUE,delayed jump
12062372,Plessa,52604423.31437394,TRUE,FALSE,FALSE,0.2643879341118188,0.3010816842295955,0.31971510960901073,0.3258414929294473,0.3326566146246703,0.33866759653895184,0.2643879341118188,0.3010816842295955,0.31971510960901073,0.3258414929294473,0.3326566146246703,0.33866759653895184,10,10,10,0.0399180399542626,0.11786790458316375,0.9358668613590962,0.9440380859473183,0.962127750807629,0.03787224919237097,0.0366937501177767,0.018633425379415203,0.006126383320436579,0.00681512169522297,0.006010981914281566,RP10-RP20,0.0366937501177767,0.10834738986774121,FALSE,early exposure
15089195,Könnern,125584535.190158,TRUE,FALSE,FALSE,0.14595038037242078,0.1605616050415564,0.1774942271957501,0.17790822807649817,0.1953794207918705,0.212457840536224,0.14595038037242078,0.1605616050415564,0.1774942271957501,0.17790822807649817,0.1953794207918705,0.212457840536224,10,10,10,0.037154113905754786,0.17487758423968366,0.8428197451373053,0.8354326992488064,0.8373813252901103,0.16261867470988967,0.014611224669135614,0.016932622154193694,4.140008807480833e-4,0.01747119271537234,0.01707841974435348,RP100-RP200,0.01747119271537234,0.08223369244117638,FALSE,early exposure
01061002,Aebtissinwisch,3017954.687980104,TRUE,FALSE,FALSE,0.9915641441404406,0.992420748526145,0.9932159906857856,0.9965294930520828,0.9965294930520828,0.9965294930520828,0.9915641441404406,0.992420748526145,0.9932159906857856,0.9965294930520828,0.9965294930520828,0.9965294930520828,10,10,10,0.0033991754779518725,0.0034110134237384025,0.9980264749147747,0.9966749580525219,1,0,8.566043857044514e-4,7.952421596405523e-4,0.0033135023662972385,0,0,RP50-RP100,0.0033135023662972385,0.0033250419474780773,FALSE,early exposure
01061004,Altenmoor,6303190.452100348,TRUE,FALSE,FALSE,0.929942559861442,0.929942559861442,0.929942559861442,0.9683141222039452,0.9683141222039452,0.9683141222039452,0.929942559861442,0.929942559861442,0.929942559861442,0.9683141222039452,0.9683141222039452,0.9683141222039452,10,10,10,0.02889875208511203,0.029844398034117807,0.9801864077665381,0.9603728155330762,1,0,0,0,0.03837156234250316,0,0,RP50-RP100,0.03837156234250316,0.039627184466923836,FALSE,early exposure
01061005,Auufer,5175700.841648946,TRUE,FALSE,FALSE,0.00274815924743544,0.02136418585433266,0.04160024828537298,0.04742637127702907,0.05488527166003794,0.05488527166003794,0.00274815924743544,0.02136418585433266,0.04160024828537298,0.04742637127702907,0.05488527166003794,0.05488527166003794,10,20,200,0.03104542491876281,0.5656421837730838,0.7163404980140378,0.7579492098180174,0.8641001464070422,0.1358998535929578,0.01861602660689722,0.02023606243104032,0.005826122991656087,0.007458900383008872,0,RP20-RP50,0.02023606243104032,0.3686974996932416,FALSE,early exposure
01061006,Bahrenfleth,14412558.097565915,TRUE,FALSE,FALSE,0.8518826551832342,0.9502572528786908,0.9502572528786908,0.9840733660121622,0.9840733660121622,0.9840733660121622,0.8518826551832342,0.9502572528786908,0.9502572528786908,0.9840733660121622,0.9840733660121622,0.9840733660121622,10,10,10,0.06662835523673905,0.06770669498631238,0.9739620530707374,0.96563659346812,1,0,0.09837459769545653,0,0.03381611313347144,0,0,RP10-RP20,0.09837459769545653,0.09996673123479365,FALSE,early exposure
01061007,Beidenfleth,13763809.553679705,TRUE,FALSE,FALSE,0.9143891564859188,0.9293111971902496,0.9293111971902496,0.9803839628165424,0.9803839628165424,0.9803839628165424,0.9143891564859188,0.9293111971902496,0.9293111971902496,0.9803839628165424,0.9803839628165424,0.9803839628165424,10,10,10,0.04470786164792271,0.04560240002241731,0.9726042490290325,0.94790534365784,1,0,0.014922040704330786,0,0.051072765626292815,0,0,RP50-RP100,0.051072765626292815,0.052094656342160074,FALSE,early exposure
01061008,Bekdorf,1804980.153221052,TRUE,FALSE,FALSE,0.9833793186142616,0.9833793186142616,0.9833793186142616,0.9944597728587636,0.9944597728587636,0.9944597728587636,0.9833793186142616,0.9833793186142616,0.9833793186142616,0.9944597728587636,0.9944597728587636,0.9944597728587636,10,10,10,0.00834501596114553,0.008391506814957789,0.9944289077613219,0.9888578155226438,1,0,0,0,0.011080454244501992,0,0,RP50-RP100,0.011080454244501992,0.011142184477356102,FALSE,early exposure
12067173,Gosen-Neu Zittau,14508968.214323394,TRUE,FALSE,FALSE,0.2600798994465203,0.2879169725849839,0.310448787574573,0.31518792203077445,0.3152634913860074,0.3475576450655534,0.2600798994465203,0.2879169725849839,0.310448787574573,0.31518792203077445,0.3152634913860074,0.3475576450655534,10,10,10,0.04475210343759476,0.12876167183476572,0.8848248052387023,0.8932296325002972,0.9068651675647253,0.09313483243527464,0.027837073138463564,0.022531814989589116,0.004739134456201444,7.556935523295172e-5,0.03229415367954602,RP200-RP500,0.03229415367954602,0.09291740273316379,FALSE,early exposure
14730090,Dommitzsch,30367421.9184372,TRUE,FALSE,FALSE,0.19095297969255828,0.1988787186763828,0.2119444473680128,0.21688395130097357,0.21851364323668343,0.2203149543679513,0.19095297969255828,0.1988787186763828,0.2119444473680128,0.21688395130097357,0.21851364323668343,0.2203149543679513,10,10,10,0.0178688890384963,0.0811061105214545,0.9559219381958455,0.9620066326230458,0.9844268262369175,0.01557317376308259,0.00792573898382451,0.013065728691630002,0.004939503932960776,0.0016296919357098594,0.0018013111312678576,RP20-RP50,0.013065728691630002,0.05930477451752428,FALSE,early exposure
01061010,Bekmünde,2884956.648364786,TRUE,FALSE,FALSE,0.9729723586838676,0.9729723586838676,0.9729723586838676,0.9965361192365114,0.9965361192365114,0.9965361192365114,0.9729723586838676,0.9729723586838676,0.9729723586838676,0.9965361192365114,0.9965361192365114,0.9965361192365114,10,10,10,0.017746561068468867,0.017808246711684954,0.988177166839323,0.9763543336786458,1,0,0,0,0.023563760552643864,0,0,RP50-RP100,0.023563760552643864,0.023645666321354272,FALSE,early exposure
14729080,Colditz,84960356.61379237,TRUE,FALSE,FALSE,0.07794713349654415,0.08006130551245116,0.08243791537114484,0.08385033882112503,0.08567014957317179,0.0863763612981619,0.07794713349654415,0.08006130551245116,0.08243791537114484,0.08385033882112503,0.08567014957317179,0.0863763612981619,10,10,10,0.005103088327177471,0.05907968627622738,0.9600725356156811,0.9544036601238391,0.9707556275921683,0.029244372407831738,0.0021141720159070093,0.0023766098586936735,0.001412423449980188,0.0018198107520467632,7.062117249901079e-4,RP20-RP50,0.0023766098586936735,0.027514586432853684,FALSE,early exposure
01061023,Dammfleth,16414283.396460213,TRUE,FALSE,FALSE,0.992719326706654,0.992719326706654,0.992719326706654,0.9987270829427412,0.9987270829427412,0.9987270829427412,0.992719326706654,0.992719326706654,0.992719326706654,0.9987270829427412,0.9987270829427412,0.9987270829427412,10,10,10,0.0045246179059579405,0.004530384709931019,0.9969922933208213,0.9939845866416425,1,0,0,0,0.006007756236087181,0,0,RP50-RP100,0.006007756236087181,0.006015413358357496,FALSE,early exposure
01061025,Ecklak,15564303.833381224,TRUE,FALSE,FALSE,0.9597148206401004,0.970591036713642,0.9745838475725516,0.9793613458823895,0.9793613458823895,0.9793613458823895,0.9597148206401004,0.970591036713642,0.9745838475725516,0.9793613458823895,0.9793613458823895,0.9793613458823895,10,10,10,0.010886480486043999,0.011115897652909122,0.9953772302580542,0.9951218226756402,1,0,0.010876216073541611,0.003992810858909568,0.00477749830983798,0,0,RP10-RP20,0.010876216073541611,0.011105416932442139,FALSE,early exposure
01061026,Elskop,7139433.837334432,TRUE,FALSE,FALSE,0.9735074696681656,0.9735074696681656,0.9735074696681656,0.999103203473431,0.999103203473431,0.999103203473431,0.9735074696681656,0.9735074696681656,0.9735074696681656,0.999103203473431,0.999103203473431,0.999103203473431,10,10,10,0.01927689988415067,0.019294202858256945,0.9871906457129351,0.9743812914258702,1,0,0,0,0.025595733805265364,0,0,RP50-RP100,0.025595733805265364,0.025618708574129827,FALSE,early exposure
01061027,Engelbrechtsche Wildnis,4948062.574385632,TRUE,FALSE,FALSE,0.9686731772193536,0.9686731772193536,0.9686731772193536,0.993937020968486,0.993937020968486,0.993937020968486,0.9686731772193536,0.9686731772193536,0.9686731772193536,0.993937020968486,0.993937020968486,0.993937020968486,10,10,10,0.01902694372218639,0.01914300737449817,0.9872910238696435,0.9745820477392869,1,0,0,0,0.025263843749132375,0,0,RP50-RP100,0.025263843749132375,0.0254179522607131,FALSE,early exposure
01061028,Fitzbek,10280687.149251789,TRUE,FALSE,FALSE,0.04589845996338307,0.14340126459794433,0.16870801253547443,0.1696807101630574,0.1696807101630574,0.16984018339937795,0.04589845996338307,0.14340126459794433,0.16870801253547443,0.1696807101630574,0.1696807101630574,0.16984018339937795,10,10,20,0.05894957400915454,0.3470884971345978,0.9015970265866586,0.9933339046081855,0.99906103942466,9.389605753400515e-4,0.09750280463456126,0.0253067479375301,9.726976275829802e-4,0,1.5947323632053978e-4,RP10-RP20,0.09750280463456126,0.5740856061447138,FALSE,early exposure
01061029,Glückstadt,12678390.330867872,TRUE,FALSE,FALSE,0.6520544391581772,0.685636363166511,0.7011492433157377,0.7881796896439609,0.8115211841934284,0.8273628488350607,0.6520544391581772,0.685636363166511,0.7011492433157377,0.7881796896439609,0.8115211841934284,0.8273628488350607,10,10,10,0.11274381538630522,0.13626888800367357,0.9022815879753013,0.847450721654914,0.9526409008498867,0.04735909915011328,0.03358192400833382,0.015512880149226693,0.08703044632822321,0.023341494549467545,0.01584166464163228,RP50-RP100,0.08703044632822321,0.10519017919497277,FALSE,early exposure
15083411,Oebisfelde-Weferlingen,249748943.06491017,TRUE,FALSE,FALSE,0.00653137408799145,0.01095294731875838,0.01583785287642843,0.01884086858811083,0.0200420748727838,0.02505371340215713,0.00653137408799145,0.01095294731875838,0.01583785287642843,0.01884086858811083,0.0200420748727838,0.02505371340215713,10,20,NA,0.010443414843181347,0.41684099580552264,0.6579755030664699,0.6321559052824796,0.7520190035577173,0.24798099644228272,0.0044215732307669306,0.004884905557670049,0.0030030157116824018,0.001201206284672969,0.005011638529373329,RP200-RP500,0.005011638529373329,0.20003575713218727,FALSE,early exposure
15083415,Oschersleben (Bode),190122971.0361817,TRUE,FALSE,FALSE,0.1003801918644406,0.11326599334811734,0.1280256167265138,0.1406586455686337,0.14810512511865995,0.1592562764132298,0.1003801918644406,0.11326599334811734,0.1280256167265138,0.1406586455686337,0.14810512511865995,0.1592562764132298,10,10,10,0.034857579991354505,0.21887727615147734,0.8324107415131162,0.8038968360299952,0.8832219912241326,0.11677800877586743,0.01288580148367674,0.014759623378396466,0.012633028842119892,0.007446479550026253,0.011151151294569867,RP20-RP50,0.014759623378396466,0.09267844075481818,FALSE,early exposure
01061030,Grevenkop,9381940.665316354,TRUE,FALSE,FALSE,0.9615215741979074,0.9849452932534436,0.9849452932534436,0.9982865044645836,0.9982865044645836,0.9982865044645836,0.9615215741979074,0.9849452932534436,0.9849452932534436,0.9982865044645836,0.9982865044645836,0.9982865044645836,10,10,10,0.0198482650193914,0.019882333308749597,0.9912392308435728,0.9866358894450894,1,0,0.023423719055536196,0,0.013341211211139958,0,0,RP10-RP20,0.023423719055536196,0.023463924385213608,FALSE,early exposure
01061031,Gribbohm,13124852.1025901,TRUE,FALSE,FALSE,0.1793888712627223,0.1793888712627223,0.17941267792879112,0.18783086191221623,0.18783086191221623,0.18783086191221623,0.1793888712627223,0.1793888712627223,0.17941267792879112,0.18783086191221623,0.18783086191221623,0.18783086191221623,10,10,10,0.0063563053871867154,0.03384058041621149,0.9775537515277448,0.955182104273368,1,0,0,2.380666606882631e-5,0.008418183983425115,0,0,RP50-RP100,0.008418183983425115,0.044817895726631966,FALSE,early exposure
01061012,Blomesche Wildnis,6811958.584425703,TRUE,FALSE,FALSE,0.953606050495294,0.953606050495294,0.953606050495294,0.9799235957978426,0.9799235957978426,0.987141027860024,0.953606050495294,0.953606050495294,0.953606050495294,0.9799235957978426,0.9799235957978426,0.987141027860024,10,10,10,0.02295738863546711,0.02325644258271304,0.9802146245724279,0.9660281799476729,0.9926885502086488,0.007311449791351213,0,0,0.026317545302548595,0,0.007217432062181395,RP50-RP100,0.026317545302548595,0.026660370260975928,FALSE,early exposure
01061014,Bokhorst,5935893.503578946,TRUE,FALSE,FALSE,0.03764631892455558,0.03764631892455558,0.03764631892455558,0.03764631892455558,0.03764631892455558,0.03764631892455558,0.03764631892455558,0.03764631892455558,0.03764631892455558,0.03764631892455558,0.03764631892455558,0.03764631892455558,10,10,NA,0,0,1,1,1,0,0,0,0,0,0,NA,0,0,FALSE,early exposure
01061015,Borsfleth,13863126.116998916,TRUE,FALSE,FALSE,0.8352857159087695,0.8668557809126616,0.8696953838095002,0.9624831455999268,0.9624831455999268,0.9624831455999268,0.8352857159087695,0.8668557809126616,0.8696953838095002,0.9624831455999268,0.9624831455999268,0.9624831455999268,10,10,10,0.08503729567624355,0.08835198420356623,0.9480235917584489,0.9035954424608745,1,0,0.031570065003892034,0.0028396028968386,0.09278776179042658,0,0,RP50-RP100,0.09278776179042658,0.09640455753912543,FALSE,early exposure
01061016,Breitenberg,3040914.9994391776,TRUE,FALSE,FALSE,0.5161330596435504,0.6307435585193895,0.688277897067294,0.701660985982193,0.7143619432244784,0.8244361324126093,0.5161330596435504,0.6307435585193895,0.688277897067294,0.701660985982193,0.7143619432244784,0.8244361324126093,10,10,10,0.15382580289294148,0.18658304366499487,0.8307191136707142,0.8348468365319395,0.8510798573673255,0.14892014263267453,0.11461049887583907,0.05753433854790457,0.013383088914898922,0.012700957242285482,0.11007418918813083,RP10-RP20,0.11461049887583907,0.13901683146812813,FALSE,early exposure
01061017,Breitenburg,10201455.348516174,TRUE,FALSE,FALSE,0.10911134724206904,0.3896966561868633,0.39263741306665134,0.4277584917590576,0.43968686951511665,0.44836752351576253,0.10911134724206904,0.3896966561868633,0.39263741306665134,0.4277584917590576,0.43968686951511665,0.44836752351576253,10,10,10,0.1576237145162684,0.351550248957153,0.8683550300668699,0.8757043997921228,0.9540354047164159,0.045964595283584146,0.2805853089447942,0.0029407568797880645,0.03512107869240627,0.011928377756059039,0.008680654000645882,RP10-RP20,0.2805853089447942,0.6257931144179539,FALSE,early exposure
01061018,Brokdorf,13446795.435945112,TRUE,FALSE,FALSE,0.979752185642542,0.9827268720792132,0.9827268720792132,0.9857015585158846,0.9857015585158846,0.9857015585158846,0.979752185642542,0.9827268720792132,0.9827268720792132,0.9857015585158846,0.9857015585158846,0.9857015585158846,10,10,10,0.003484948194353667,0.0035355003390689014,0.9982237256738751,0.9969821632004415,1,0,0.0029746864366712034,0,0.0029746864366714254,0,0,RP50-RP100,0.0029746864366714254,0.003017836799558523,FALSE,early exposure
01061019,Brokstedt,12484752.215123676,TRUE,FALSE,FALSE,0.00773082522787068,0.02738937476346389,0.03040487356712339,0.03040487356712339,0.03040487356712339,0.03107453088030273,0.00773082522787068,0.02738937476346389,0.03040487356712339,0.03040487356712339,0.03040487356712339,0.03107453088030273,10,20,NA,0.01058391852777471,0.3405978538676367,0.8963694776010074,0.9784499622614152,0.9784499622614152,0.02155003773858474,0.01965854953559321,0.0030154988036594985,0,0,6.696573131793407e-4,RP10-RP20,0.01965854953559321,0.6326257864138574,FALSE,early exposure
09475137,Issigau,18596345.910315827,TRUE,FALSE,FALSE,0.00978896619017436,0.00978896619017436,0.01045648942728099,0.01045648942728099,0.01099849338266117,0.01671078732336274,0.00978896619017436,0.00978896619017436,0.01045648942728099,0.01045648942728099,0.01099849338266117,0.01671078732336274,10,50,NA,0.0033032442986397196,0.19767137446729266,0.6644801593575974,0.6257329008467575,0.6257329008467575,0.3742670991532425,0,6.675232371066292e-4,0,5.420039553801805e-4,0.005712293940701571,RP200-RP500,0.005712293940701571,0.34183272338792925,TRUE,early exposure
16074021,Freienorla,6875684.033086091,TRUE,FALSE,FALSE,0.03521891069799271,0.04265904676123071,0.04265904676123071,0.04265904676123071,0.04265904676123071,0.04993105050069835,0.03521891069799271,0.04265904676123071,0.04265904676123071,0.04265904676123071,0.04265904676123071,0.04993105050069835,10,10,NA,0.00627358128294412,0.125644888702199,0.8582144847631968,0.8543590878512374,0.8543590878512374,0.14564091214876265,0.007440136063237998,0,0,0,0.007272003739467639,RP10-RP20,0.007440136063237998,0.14900820208326956,FALSE,early exposure
15081240,Kalbe (Milde),273388307.4703249,TRUE,FALSE,FALSE,0.04328254493215487,0.0488572256628992,0.055863793416879,0.05939274734096531,0.06133138182355938,0.06392842047005332,0.04328254493215487,0.0488572256628992,0.055863793416879,0.05939274734096531,0.06133138182355938,0.06392842047005332,10,10,50,0.012220961583173828,0.19116633092629945,0.8760166624273629,0.873849111336137,0.9290507555835404,0.07094924441645954,0.005574680730744325,0.0070065677539798005,0.003528953924086309,0.0019386344825940705,0.0025970386464939377,RP20-RP50,0.0070065677539798005,0.1096002013261373,FALSE,early exposure
16074026,Golmsdorf,7655135.661109284,TRUE,FALSE,FALSE,0.13983285061216014,0.14505810092394933,0.14505810092394933,0.15289597639163316,0.15289597639163316,0.15289597639163316,0.13983285061216014,0.14505810092394933,0.14505810092394933,0.15289597639163316,0.15289597639163316,0.15289597639163316,10,10,10,0.00808920656718301,0.0529066019792638,0.971340955184316,0.9487372025565433,1,0,0.005225250311789192,0,0.00783787546768383,0,0,RP50-RP100,0.00783787546768383,0.051262797443456715,FALSE,early exposure
12070302,Plattenburg,201744714.0452659,TRUE,FALSE,FALSE,1.1324964595532924e-4,1.1324964595532924e-4,2.636327682498486e-4,2.636327682498486e-4,2.636327682498486e-4,2.636327682498486e-4,1.1324964595532924e-4,1.1324964595532924e-4,2.636327682498486e-4,2.636327682498486e-4,2.636327682498486e-4,2.636327682498486e-4,10,NA,NA,1.0311280842761417e-4,0.391122883214171,0.83212578280595,1,1,0,0,1.5038312229451935e-4,0,0,0,RP20-RP50,1.5038312229451935e-4,0.5704265190281622,TRUE,early exposure
01061020,Büttel,8886535.238290718,TRUE,FALSE,FALSE,0.8708412788630386,0.8719665768258387,0.8863141661793328,0.9209205222811236,0.9220458202439236,0.9242964161695238,0.8708412788630386,0.8719665768258387,0.8863141661793328,0.9209205222811236,0.9220458202439236,0.9242964161695238,10,10,10,0.038103062284960285,0.04122385591720384,0.9736292764563043,0.9589068513890843,0.9963476068614541,0.0036523931385459766,0.0011252979628000315,0.014347589353494117,0.03460635610179086,0.0011252979627999204,0.002250595925600285,RP50-RP100,0.03460635610179086,0.03744075547236976,FALSE,early exposure
01061022,Dägeling,7543247.842716182,TRUE,FALSE,FALSE,0.08304408631479535,0.11709068997422292,0.11709068997422292,0.16050819075669942,0.16050819075669942,0.16050819075669942,0.08304408631479535,0.11709068997422292,0.11709068997422292,0.16050819075669942,0.16050819075669942,0.16050819075669942,10,10,10,0.04694427367032874,0.29247276072962225,0.8459579917748492,0.7294997808037762,1,0,0.03404660365942758,0,0.0434175007824765,0,0,RP50-RP100,0.0434175007824765,0.2705002191962238,FALSE,early exposure
01061045,Huje,5545814.916863242,TRUE,FALSE,FALSE,0.14639032143788314,0.14639032143788314,0.14639032143788314,0.16686226296871173,0.16686226296871173,0.16686226296871173,0.14639032143788314,0.14639032143788314,0.14639032143788314,0.16686226296871173,0.16686226296871173,0.16686226296871173,10,10,10,0.015418021234569665,0.09239968918233284,0.9386561671686446,0.8773123343372894,1,0,0,0,0.020471941530828597,0,0,RP50-RP100,0.020471941530828597,0.12268766566271057,FALSE,early exposure
01061046,Itzehoe,28545803.234764636,TRUE,FALSE,FALSE,0.10302168399217222,0.11216688054659686,0.11216688054659686,0.13503907147819055,0.13503907147819055,0.13503907147819055,0.10302168399217222,0.11216688054659686,0.11216688054659686,0.13503907147819055,0.13503907147819055,0.13503907147819055,10,10,10,0.02105211769262653,0.15589649323104646,0.9093130176144878,0.8306253835928689,1,0,0.00914519655442464,0,0.02287219093159369,0,0,RP50-RP100,0.02287219093159369,0.16937461640713117,FALSE,early exposure
09475141,Köditz,31325664.77167897,TRUE,FALSE,FALSE,0.02298459188394218,0.02437687515338291,0.02793139201836008,0.02793139201836008,0.02983203926308257,0.03360590878397643,0.02298459188394218,0.02437687515338291,0.02793139201836008,0.02793139201836008,0.02983203926308257,0.03360590878397643,10,10,NA,0.005932355577613321,0.17652715823718232,0.8277560004922948,0.831145266682328,0.831145266682328,0.16885473331767195,0.0013922832694407312,0.0035545168649771704,0,0.0019006472447224906,0.0037738695208938584,RP200-RP500,0.0037738695208938584,0.11229779694853156,FALSE,early exposure
01061047,Kaaks,8663514.743060235,TRUE,FALSE,FALSE,0.07543757687499514,0.07543757687499514,0.07543757687499514,0.12786135129391502,0.12786135129391502,0.12786135129391502,0.07543757687499514,0.07543757687499514,0.07543757687499514,0.12786135129391502,0.12786135129391502,0.12786135129391502,10,10,10,0.039481886267114734,0.308786712071873,0.794997573979907,0.5899951479598139,1,0,0,0,0.05242377441891988,0,0,RP50-RP100,0.05242377441891988,0.41000485204018605,FALSE,early exposure
01061049,Kellinghusen,18788158.45652374,TRUE,FALSE,FALSE,0.30820988831264495,0.31675392857074985,0.31699438896823906,0.3216883184517644,0.33233876308205695,0.34617726676519583,0.30820988831264495,0.31675392857074985,0.31699438896823906,0.3216883184517644,0.33233876308205695,0.34617726676519583,10,10,10,0.020419355877963494,0.05898525939836893,0.9347016051187577,0.9156996123123508,0.9292589356249041,0.07074106437509588,0.008544040258104901,2.404603974892061e-4,0.0046939294835253165,0.010650444630292577,0.01383850368313888,RP200-RP500,0.01383850368313888,0.0399751948256187,FALSE,early exposure
16074031,Großeutersdorf,3439448.316952914,TRUE,FALSE,FALSE,0.15143917794342768,0.160161507001879,0.16306895002136282,0.16306895002136282,0.16306895002136282,0.1659763930408466,0.15143917794342768,0.160161507001879,0.16306895002136282,0.16306895002136282,0.16306895002136282,0.1659763930408466,10,10,10,0.0069066524036313845,0.041612257484904304,0.9747233772516202,0.9824827918825283,0.9824827918825283,0.017517208117471664,0.008722329058451328,0.002907443019483813,0,0,0.0029074430194837853,RP10-RP20,0.008722329058451328,0.05255162435241482,FALSE,early exposure
16074011,Dornburg-Camburg,30961731.808613583,TRUE,FALSE,FALSE,0.08841979190857832,0.09177440546330427,0.09772698443000928,0.10257167467302308,0.1051555094692971,0.10553470210664616,0.08841979190857832,0.09177440546330427,0.09772698443000928,0.10257167467302308,0.1051555094692971,0.10553470210664616,10,10,10,0.01102830635673826,0.10449933658403492,0.9378794631442945,0.9260175324250508,0.9719236670547585,0.02807633294524148,0.003354613554725952,0.005952578966705008,0.004844690243013802,0.002583834796274012,3.7919263734906283e-4,RP20-RP50,0.005952578966705008,0.056403996485343166,FALSE,early exposure
16074012,Crossen an der Elster,10711833.845222116,TRUE,FALSE,FALSE,0.15577511900387336,0.15670866597113334,0.1604428538401733,0.17560415998817533,0.17729020444652877,0.19689469075898844,0.15577511900387336,0.15670866597113334,0.1604428538401733,0.17560415998817533,0.17729020444652877,0.19689469075898844,10,10,10,0.024018743107723478,0.12198776419585598,0.8617908936126562,0.814866328907596,0.8918684364279073,0.10813156357209279,9.335469672599739e-4,0.003734187869039951,0.01516130614800204,0.0016860444583534362,0.019604486312459674,RP200-RP500,0.019604486312459674,0.09956838468771514,FALSE,early exposure
01061050,Kiebitzreihe,8531272.58562138,TRUE,FALSE,FALSE,0.7805585227335458,0.7805585227335458,0.7805585227335458,0.8526066738438232,0.8526066738438232,0.8526066738438232,0.7805585227335458,0.7805585227335458,0.7805585227335458,0.8526066738438232,0.8526066738438232,0.8526066738438232,10,10,10,0.05426158149469751,0.06364198540702126,0.9577483068567472,0.9154966137134942,1,0,0,0,0.0720481511102774,0,0,RP50-RP100,0.0720481511102774,0.08450338628650575,FALSE,early exposure
01061052,Kleve,5622212.487007845,TRUE,FALSE,FALSE,0.3483256922482049,0.3483256922482049,0.3483256922482049,0.4155676760150861,0.4155676760150861,0.4155676760150861,0.3483256922482049,0.3483256922482049,0.3483256922482049,0.4155676760150861,0.4155676760150861,0.4155676760150861,10,10,10,0.050641915521844515,0.12186201777639256,0.9190962295098714,0.838192459019743,1,0,0,0,0.06724198376688117,0,0,RP50-RP100,0.06724198376688117,0.16180754098025693,FALSE,early exposure
01061053,Kollmoor,3444772.431979671,TRUE,FALSE,FALSE,0.29493702198140764,0.29493702198140764,0.5208659153989459,0.5818278524054248,0.6560585737261505,0.9092705729430308,0.29493702198140764,0.29493702198140764,0.5208659153989459,0.5818278524054248,0.6560585737261505,0.9092705729430308,10,10,10,0.36057003078322636,0.39654866385499676,0.592204362664842,0.5728392965727046,0.6398841771841641,0.3601158228158359,0,0.22592889341753825,0.060961937006478895,0.07423072132072572,0.2532119992168803,RP200-RP500,0.2532119992168803,0.2784781634330368,FALSE,early exposure
01061054,Krempdorf,5458884.746939462,TRUE,FALSE,FALSE,0.9523652873162372,0.9545247047461076,0.9545247047461076,0.9955166868206876,0.9955166868206876,0.9955166868206876,0.9523652873162372,0.9545247047461076,0.9545247047461076,0.9955166868206876,0.9955166868206876,0.9955166868206876,10,10,10,0.031775778791238135,0.0319188811316848,0.9792195367230825,0.9588234103784907,1,0,0.0021594174298704694,0,0.04099198207457999,0,0,RP50-RP100,0.04099198207457999,0.04117658962150924,FALSE,early exposure
01061055,Krempe,3545808.7927399576,TRUE,FALSE,FALSE,0.8219608951638786,0.8586238986135217,0.8586238986135217,0.912403588071118,0.912403588071118,0.912403588071118,0.8219608951638786,0.8586238986135217,0.8586238986135217,0.912403588071118,0.912403588071118,0.912403588071118,10,10,10,0.055843058056730684,0.06120433850417717,0.9669686851002668,0.9410571262972671,1,0,0.03666300344964313,0,0.05377968945759626,0,0,RP50-RP100,0.05377968945759626,0.05894287370273292,FALSE,early exposure
01061034,Heiligenstedten,9185592.307542931,TRUE,FALSE,FALSE,0.7051848840500935,0.7275583525286282,0.7275583525286282,0.7703177126078925,0.7703177126078925,0.7703177126078925,0.7051848840500935,0.7275583525286282,0.7275583525286282,0.7703177126078925,0.7703177126078925,0.7703177126078925,10,10,10,0.04156450777080035,0.05395761656587726,0.9696725286662616,0.944491267201291,1,0,0.02237346847853472,0,0.042759360079264286,0,0,RP50-RP100,0.042759360079264286,0.05550873279870909,FALSE,early exposure
01061035,Heiligenstedtenerkamp,865796.5194304921,TRUE,FALSE,FALSE,0.31172009854517563,0.4164674731593316,0.4164674731593316,0.5448633385020955,0.5448633385020955,0.5448633385020955,0.31172009854517563,0.4164674731593316,0.4164674731593316,0.5448633385020955,0.5448633385020955,0.5448633385020955,10,10,10,0.14052555133633177,0.2579097204863444,0.8651447115802734,0.7643521663693839,1,0,0.10474737461415595,0,0.12839586534276387,0,0,RP50-RP100,0.12839586534276387,0.23564783363061614,FALSE,early exposure
01061037,Herzhorn,12547301.271520017,TRUE,FALSE,FALSE,0.9805963666824228,0.9805963666824228,0.9805963666824228,0.9967666363909,0.9967666363909,0.9967666363909,0.9805963666824228,0.9805963666824228,0.9805963666824228,0.9967666363909,0.9967666363909,0.9967666363909,10,10,10,0.012178305675530202,0.012217810298733167,0.9918886381635792,0.9837772763271585,1,0,0,0,0.016170269708477236,0,0,RP50-RP100,0.016170269708477236,0.016222723672841485,FALSE,early exposure
01061039,Hodorf,7386965.988380481,TRUE,FALSE,FALSE,0.8794196863268295,0.9221212630752204,0.9221212630752204,0.9732835840083603,0.9732835840083603,0.9732835840083603,0.8794196863268295,0.9221212630752204,0.9221212630752204,0.9732835840083603,0.9732835840083603,0.9732835840083603,10,10,10,0.05639841148023383,0.0579465352204578,0.9698297852793503,0.9474332848372582,1,0,0.04270157674839081,0,0.05116232093313999,0,0,RP50-RP100,0.05116232093313999,0.052566715162741834,FALSE,early exposure
15091010,Annaburg,226706298.19601935,TRUE,FALSE,FALSE,0.32595773223037433,0.3665579401317791,0.3945128067206669,0.40851752597619995,0.41727267788184713,0.4297808046161272,0.32595773223037433,0.3665579401317791,0.3945128067206669,0.40851752597619995,0.41727267788184713,0.4297808046161272,10,10,10,0.0579999044093363,0.13495229146201826,0.9167055999402299,0.917939569388258,0.9505252947280434,0.04947470527195664,0.04060020790140478,0.027954866588887795,0.014004719255533038,0.008755151905647185,0.01250812673428009,RP10-RP20,0.04060020790140478,0.094467243453714,FALSE,early exposure
16074044,Kahla,7954908.001113277,TRUE,FALSE,FALSE,0.11119222667433344,0.12599690239704564,0.13102524464744025,0.1322823302100389,0.14108192914822948,0.1435961002734268,0.11119222667433344,0.12599690239704564,0.13102524464744025,0.1322823302100389,0.14108192914822948,0.1435961002734268,10,10,10,0.01757246926216396,0.12237427916707737,0.9192275051614168,0.912456845262163,0.9212111607359467,0.0787888392640533,0.014804675722712199,0.005028342250394613,0.0012570855625986532,0.008799598938190573,0.002514171125197334,RP10-RP20,0.014804675722712199,0.10309942745326685,FALSE,early exposure
16074048,Kleineutersdorf,5347715.600111255,TRUE,FALSE,FALSE,0.08491678250747309,0.08491678250747309,0.08491678250747309,0.08491678250747309,0.08491678250747309,0.08491678250747309,0.08491678250747309,0.08491678250747309,0.08491678250747309,0.08491678250747309,0.08491678250747309,0.08491678250747309,10,10,10,0,0,1,1,1,0,0,0,0,0,0,NA,0,0,FALSE,early exposure
01061040,Hohenaspe,14151459.028506964,TRUE,FALSE,FALSE,0,0,0,0.00694740793161881,0.00694740793161881,0.00694740793161881,0,0,0,0.00694740793161881,0.00694740793161881,0.00694740793161881,100,NA,NA,0.0052322972324638705,0.753129409409057,0.5,0,1,0,0,0,0.00694740793161881,0,0,RP50-RP100,0.00694740793161881,1,TRUE,early exposure
01061041,Hohenfelde,17807054.12885916,TRUE,FALSE,FALSE,0.1594041702895344,0.3399740599018927,0.3399740599018927,0.4749385271736944,0.5200176427352952,0.5200176427352952,0.1594041702895344,0.3399740599018927,0.3399740599018927,0.4749385271736944,0.5200176427352952,0.5200176427352952,10,10,10,0.20737523542104191,0.3987849995439525,0.780764913778594,0.653774087574467,0.913312334319112,0.08668766568088809,0.18056988961235831,0,0.13496446727180167,0.04507911556160077,0,RP10-RP20,0.18056988961235831,0.34723800650793285,FALSE,early exposure
01061044,Horst (Holstein),29036205.72677198,TRUE,FALSE,FALSE,0.15668970786637756,0.15668970786637756,0.15668970786637756,0.20686254905281673,0.217789381303213,0.217789381303213,0.15668970786637756,0.15668970786637756,0.15668970786637756,0.20686254905281673,0.217789381303213,0.217789381303213,10,10,10,0.04510159222396419,0.2070881140030073,0.8508380233961202,0.7194552228798952,0.949828443494297,0.05017155650570305,0,0,0.050172841186439165,0.010926832250396257,0,RP50-RP100,0.050172841186439165,0.23037322061440182,FALSE,early exposure
12073384,Lychen,112161498.79904152,TRUE,FALSE,FALSE,0.00138568079656761,0.00152444722150511,0.00152444722150511,0.00152444722150511,0.00152444722150511,0.00152444722150511,0.00138568079656761,0.00152444722150511,0.00152444722150511,0.00152444722150511,0.00152444722150511,0.00152444722150511,10,NA,NA,5.806059758832505e-5,0.03808632845353664,0.991935711210551,1,1,0,1.3876642493749992e-4,0,0,0,0,RP10-RP20,1.3876642493749992e-4,0.09102737240092426,TRUE,early exposure
16074033,Großpürschütz,3845736.107504349,TRUE,FALSE,FALSE,0.1147633733489283,0.12436536872719496,0.12436536872719496,0.1273844642942165,0.12998474671621796,0.12998474671621796,0.1147633733489283,0.12436536872719496,0.12436536872719496,0.1273844642942165,0.12998474671621796,0.12998474671621796,10,10,10,0.008032049534689495,0.06179224668741349,0.9682956948210792,0.9567689430415155,0.9799954803337164,0.020004519666283572,0.009601995378266656,0,0.0030190955670215264,0.002600282422001471,0,RP10-RP20,0.009601995378266656,0.07387017031490382,FALSE,early exposure
15086080,Jerichow,271871166.0115402,TRUE,FALSE,FALSE,0.17581842117052962,0.2070787406349545,0.2415131983876138,0.259710311119358,0.2762011281959946,0.3467286995340528,0.17581842117052962,0.2070787406349545,0.2415131983876138,0.259710311119358,0.2762011281959946,0.3467286995340528,10,10,10,0.09208759398494235,0.2655897654526238,0.7247498089146448,0.6965480466779024,0.7490303267896964,0.2509696732103036,0.03126031946442487,0.0344344577526593,0.01819711273174421,0.016490817076636632,0.07052757133805815,RP200-RP500,0.07052757133805815,0.2034085192048878,FALSE,early exposure
15083440,Rogätz,24049686.691628017,TRUE,FALSE,FALSE,0.1944134915082171,0.2030787280806664,0.20870147497155897,0.22452338726660465,0.2307604747564894,0.2311762805891484,0.1944134915082171,0.2030787280806664,0.20870147497155897,0.22452338726660465,0.2307604747564894,0.2311762805891484,10,10,10,0.023752989461553842,0.10274838491656575,0.935442588263755,0.9027806591562386,0.971221557395123,0.028778442604877063,0.008665236572449303,0.005622746890892566,0.015821912295045676,0.006237087489884746,4.158058326590164e-4,RP50-RP100,0.015821912295045676,0.06844089823888433,FALSE,early exposure
16074065,Orlamünde,7560729.246217439,TRUE,FALSE,FALSE,0.1211364268920202,0.1236287758346613,0.12734874411191202,0.12734874411191202,0.12867136785286964,0.13131661533478495,0.1211364268920202,0.1236287758346613,0.12734874411191202,0.12734874411191202,0.12867136785286964,0.13131661533478495,10,10,10,0.005628590008737425,0.0428627405175469,0.9653761265615998,0.9697839362310927,0.9697839362310927,0.030216063768907255,0.0024923489426410955,0.0037199682772507264,0,0.0013226237409576236,0.0026452474819153027,RP20-RP50,0.0037199682772507264,0.028328237578823204,FALSE,early exposure
09475181,Töpen,20760821.23068345,TRUE,FALSE,FALSE,0.00302976152705903,0.00333735056222259,0.00700689805320648,0.00745422977881736,0.00819459224718581,0.01020147902367982,0.00302976152705903,0.00333735056222259,0.00700689805320648,0.00745422977881736,0.00819459224718581,0.01020147902367982,10,500,NA,0.004349560905714057,0.4263657157572734,0.6467114029057653,0.6868511945122827,0.7307008877354445,0.2692991122645555,3.0758903516356004e-4,0.0036695474909838903,4.4733172561088e-4,7.403624683684504e-4,0.002006886776494009,RP20-RP50,0.0036695474909838903,0.3597073995315859,TRUE,gradual increase
14730020,Bad Düben,45760284.73030639,TRUE,FALSE,FALSE,0.25395601418503233,0.2652711825269124,0.27689039945231014,0.2826705097843619,0.2845965503909181,0.28547067082604527,0.25395601418503233,0.2652711825269124,0.27689039945231014,0.2826705097843619,0.2845965503909181,0.28547067082604527,10,10,10,0.01872371393592692,0.06558892330952075,0.9671139248129865,0.9699434223876413,0.9901910727516045,0.009808927248395532,0.011315168341880066,0.011619216925397746,0.00578011033205178,0.0019260406065561564,8.741204351271903e-4,RP20-RP50,0.011619216925397746,0.040701963854206394,FALSE,early exposure
12061428,Schlepzig,30568354.692797564,TRUE,FALSE,FALSE,0.3579051510977292,0.3811809409138519,0.38375939138580734,0.3872664240282851,0.39052910864956497,0.39196713212010953,0.3579051510977292,0.3811809409138519,0.38375939138580734,0.3872664240282851,0.39052910864956497,0.39196713212010953,10,10,10,0.016957119865313796,0.043261586178398544,0.9794537842813813,0.9790601301443124,0.988007392185159,0.011992607814840985,0.023275789816122716,0.002578450471955429,0.0035070326424777587,0.0032626846212798766,0.0014380234705445583,RP10-RP20,0.023275789816122716,0.059381993817252954,FALSE,early exposure
15090135,Eichstedt (Altmark),33096927.482174885,TRUE,FALSE,FALSE,0.1598046051554267,0.18304225716857123,0.1948930283856348,0.2169881397448237,0.2203117110962503,0.2398879258717133,0.1598046051554267,0.18304225716857123,0.1948930283856348,0.2169881397448237,0.2203117110962503,0.2398879258717133,10,10,10,0.045222178893770566,0.1885137767123568,0.84939580108923,0.8124336715882035,0.9045396468218417,0.09546035317815821,0.02323765201314454,0.011850771217063572,0.0220951113591889,0.0033235713514266074,0.01957621477546298,RP10-RP20,0.02323765201314454,0.0968687854076137,FALSE,early exposure
15084315,Lützen,97101429.97719347,TRUE,FALSE,FALSE,0.0029661481368181,0.00345589685256945,0.0035742133319545,0.0035742133319545,0.00388316861723759,0.00439809409270941,0.0029661481368181,0.00345589685256945,0.0035742133319545,0.0035742133319545,0.00388316861723759,0.00439809409270941,10,NA,NA,7.166679080862156e-4,0.16294965341333076,0.8312794601703842,0.8126732299518937,0.8126732299518937,0.1873267700481063,4.8974871575135e-4,1.1831647938505014e-4,0,3.0895528528308977e-4,5.149254754718206e-4,RP200-RP500,5.149254754718206e-4,0.1170792312800668,TRUE,early exposure
14730010,Arzberg,58766112.040497184,TRUE,FALSE,FALSE,0.7422380263865404,0.8003486937068661,0.8113230591647648,0.8145562150330493,0.817839512606813,0.8243058243433821,0.7422380263865404,0.8003486937068661,0.8113230591647648,0.8145562150330493,0.817839512606813,0.8243058243433821,10,10,10,0.03928197100172347,0.04765460808555405,0.978252187550912,0.9842500625432812,0.9881723396554926,0.01182766034450746,0.05811066732032577,0.01097436545789865,0.003233155868284543,0.003283297573763666,0.006466311736569086,RP10-RP20,0.05811066732032577,0.07049649002130372,FALSE,early exposure
16074063,Neuengönna,6143386.212843794,TRUE,FALSE,FALSE,0.3464685664975831,0.3546074004024852,0.35552122513012674,0.373426659720911,0.373426659720911,0.373426659720911,0.3464685664975831,0.3546074004024852,0.35552122513012674,0.373426659720911,0.373426659720911,0.373426659720911,10,10,10,0.017517019878845373,0.046908862618263755,0.9733744584140362,0.9520510008466823,1,0,0.008138833904902054,9.138247276415656e-4,0.017905434590784253,0,0,RP50-RP100,0.017905434590784253,0.047948999153317795,FALSE,early exposure
15088295,Petersberg,102979201.83064786,TRUE,FALSE,FALSE,0.00793771710338287,0.00800564117475276,0.00815167248453828,0.01063571564060169,0.01073282262747119,0.01082445064426849,0.00793771710338287,0.00800564117475276,0.00815167248453828,0.01063571564060169,0.01073282262747119,0.01082445064426849,10,100,NA,0.0021041865291651666,0.19439199256539869,0.8671829068519818,0.7530795559453691,0.9825640108796898,0.017435989120310202,6.792407136988962e-5,1.4603130978551974e-4,0.0024840431560634105,9.710698686950063e-5,9.162801679729951e-5,RP50-RP100,0.0024840431560634105,0.22948445493432065,TRUE,early exposure
12067124,Erkner,17720248.5899029,TRUE,FALSE,FALSE,0.2283630037564122,0.2283630037564122,0.25281874874122473,0.25281874874122473,0.25281874874122473,0.2983679303080246,0.2283630037564122,0.2283630037564122,0.25281874874122473,0.25281874874122473,0.25281874874122473,0.2983679303080246,10,10,10,0.03656528841512291,0.12255100062990744,0.8410953668912596,0.8473388828357776,0.8473388828357776,0.15266111716422237,0,0.02445574498481254,0,0,0.04554918156679988,RP200-RP500,0.04554918156679988,0.15266111716422237,FALSE,early exposure
15089130,Giersleben,19957180.33831095,TRUE,FALSE,FALSE,0.02188977539730711,0.02188977539730711,0.02188977539730711,0.02188977539730711,0.02188977539730711,0.02188977539730711,0.02188977539730711,0.02188977539730711,0.02188977539730711,0.02188977539730711,0.02188977539730711,0.02188977539730711,10,10,NA,0,0,1,1,1,0,0,0,0,0,0,NA,0,0,FALSE,early exposure
12068052,Breddin,44834002.062274136,TRUE,FALSE,FALSE,0.0023113223852899,0.01317120324341804,0.01416990691468472,0.01416990691468472,0.02208820972748041,0.03489980247489169,0.0023113223852899,0.01317120324341804,0.01416990691468472,0.01416990691468472,0.02208820972748041,0.03489980247489169,10,20,NA,0.01609773375937119,0.4612557269042581,0.4862618959223755,0.4060168227278397,0.4060168227278397,0.5939831772721603,0.01085988085812814,9.987036712666795e-4,0,0.00791830281279569,0.012811592747411279,RP200-RP500,0.012811592747411279,0.36709642573560264,FALSE,delayed jump
14730045,Belgern-Schildau,159176175.1877344,TRUE,FALSE,FALSE,0.12540454523370903,0.13013138090314005,0.1314119859337851,0.13183859111821283,0.13303095880515323,0.1356695446331181,0.12540454523370903,0.13013138090314005,0.1314119859337851,0.13183859111821283,0.13303095880515323,0.1356695446331181,10,10,10,0.005122112908430177,0.037754331101217745,0.969440699471206,0.9686181691635628,0.971762612417805,0.028237387582194972,0.004726835669431023,0.00128060503064506,4.2660518442771966e-4,0.0011923676869403932,0.002638585827964862,RP10-RP20,0.004726835669431023,0.03484080146515921,FALSE,early exposure
12066272,Ruhland,37189312.92102806,TRUE,FALSE,FALSE,0.03586523827229321,0.04011346551880546,0.04764251023642591,0.06107032503093591,0.06460658543676576,0.07593519354995473,0.03586523827229321,0.04011346551880546,0.04764251023642591,0.06107032503093591,0.06460658543676576,0.07593519354995473,10,10,100,0.024343815426865142,0.32058673045786495,0.7141954696269521,0.6274101376337944,0.804242699279619,0.195757300720381,0.004248227246512248,0.007529044717620455,0.013427814794509996,0.0035362604058298483,0.011328608113188976,RP50-RP100,0.013427814794509996,0.17683256164582464,FALSE,early exposure
14729030,Bennewitz,46878836.64596784,TRUE,FALSE,FALSE,0.2549010359419637,0.26461282645576834,0.2832564474165617,0.29072250299817143,0.2955067128813226,0.2976471259420588,0.2549010359419637,0.26461282645576834,0.2832564474165617,0.29072250299817143,0.2955067128813226,0.2976471259420588,10,10,10,0.026602750536837624,0.08937680971263999,0.9489002613647278,0.9516518814688691,0.9767354617587158,0.023264538241284157,0.009711790513804608,0.01864362096079336,0.007466055581609732,0.004784209883151147,0.0021404130607362015,RP20-RP50,0.01864362096079336,0.06263665708777112,FALSE,early exposure
14730030,Beilrode,93254227.22893988,TRUE,FALSE,FALSE,0.44566556650816,0.49639063231011105,0.5305480120462368,0.5422286427254023,0.5484221132959672,0.5608612276875561,0.44566556650816,0.49639063231011105,0.5305480120462368,0.5422286427254023,0.5484221132959672,0.5608612276875561,10,10,10,0.06299381183255061,0.1123162178499583,0.9365921836768173,0.9459523779771667,0.9667786182350733,0.033221381764926755,0.05072506580195102,0.03415737973612576,0.011680630679165471,0.006193470570564963,0.012439114391588846,RP10-RP20,0.05072506580195102,0.09044138424595982,FALSE,early exposure
15089165,Güsten,36360530.25389707,TRUE,FALSE,FALSE,0.11313228849276208,0.13084102390262653,0.14375637980881428,0.15111056581548016,0.1560696050068349,0.16184509833802724,0.11313228849276208,0.13084102390262653,0.14375637980881428,0.15111056581548016,0.1560696050068349,0.16184509833802724,10,10,10,0.02763371043620649,0.17074171982948255,0.8918461234857927,0.8882343752454391,0.9336740337966424,0.0663259662033576,0.01770873540986445,0.012915355906187753,0.007354186006665875,0.004959039191354736,0.005775493331192344,RP10-RP20,0.01770873540986445,0.10941780499819805,FALSE,early exposure
03357057,Zeven,74062264.05971542,TRUE,FALSE,FALSE,0.00828813868789307,0.00828813868789307,0.01471942172766614,0.0147949808038921,0.0147949808038921,0.0147949808038921,0.00828813868789307,0.00828813868789307,0.01471942172766614,0.0147949808038921,0.0147949808038921,0.0147949808038921,10,50,NA,0.004466627052354265,0.30190151048923525,0.869517902862814,0.9948929250245406,1,0,0,0.0064312830397730714,7.555907622595892e-5,0,0,RP20-RP50,0.0064312830397730714,0.43469357108467493,TRUE,early exposure
15090500,Schönhausen (Elbe),74543683.28672162,TRUE,FALSE,FALSE,0.5775105563605077,0.581610562305952,0.5907100304569958,0.6001227484251105,0.6024429544040723,0.6031026937846119,0.5775105563605077,0.581610562305952,0.5907100304569958,0.6001227484251105,0.6024429544040723,0.6031026937846119,10,10,10,0.0168836644088672,0.027994675836909736,0.9835828873665349,0.9794518189765506,0.9950589752123282,0.004941024787671816,0.004100005945444241,0.009099468151043788,0.009412717968114714,0.0023202059789617646,6.597393805396479e-4,RP50-RP100,0.009412717968114714,0.0156071562357775,FALSE,early exposure
14522600,Zettlitz,15613710.21278385,TRUE,FALSE,FALSE,0.0331304501532412,0.03377091291729407,0.03377091291729407,0.03697322673755839,0.03697322673755839,0.03697322673755839,0.0331304501532412,0.03377091291729407,0.03377091291729407,0.03697322673755839,0.03697322673755839,0.03697322673755839,10,10,NA,0.002679729684664575,0.07247757150561158,0.9551595336405205,0.9133883054623597,1,0,6.40462764052864e-4,0,0.00320231382026432,0,0,RP50-RP100,0.00320231382026432,0.08661169453764024,FALSE,early exposure
12067144,Fürstenwalde/Spree,70607103.70768166,TRUE,FALSE,FALSE,0.2410069545026647,0.27636050686035973,0.30235210126644746,0.326897632851686,0.32832576188952295,0.33179467155226555,0.2410069545026647,0.27636050686035973,0.30235210126644746,0.326897632851686,0.32832576188952295,0.33179467155226555,10,10,10,0.05356339351112058,0.16143536380656767,0.9183718363546601,0.9112626789692727,0.9852407554417034,0.014759244558296528,0.03535355235769502,0.025991594406087726,0.024545531585238534,0.001428129037836956,0.003468909662742603,RP10-RP20,0.03535355235769502,0.10655250185995226,FALSE,early exposure
12066292,Schwarzbach,16003257.327448731,TRUE,FALSE,FALSE,0.16476932649906906,0.16476932649906906,0.16726881764524917,0.17998902598704325,0.1923744618824139,0.2242429739962102,0.16476932649906906,0.16476932649906906,0.16726881764524917,0.17998902598704325,0.1923744618824139,0.2242429739962102,10,10,10,0.033436021900402006,0.14910621860093184,0.8054822724417422,0.7459266824033295,0.8026517967518801,0.1973482032481199,0,0.002499491146180116,0.012720208341794076,0.012385435895370639,0.03186851211379632,RP200-RP500,0.03186851211379632,0.14211598939253683,FALSE,early exposure
12066296,Schwarzheide,33551212.206033006,TRUE,FALSE,FALSE,0.11640315259881782,0.12451050042666716,0.12898127778871504,0.12989481720210458,0.14301749025830832,0.14327670140720186,0.11640315259881782,0.12451050042666716,0.12898127778871504,0.12989481720210458,0.14301749025830832,0.14327670140720186,10,10,10,0.016043247987578925,0.11197387872563463,0.9189954614789912,0.9002250646610137,0.9066011146706604,0.09339888532933964,0.008107347827849332,0.004470777362047887,9.135394133895358e-4,0.013122673056203737,2.592111488935456e-4,RP100-RP200,0.013122673056203737,0.09158972064067997,FALSE,early exposure
14729050,Borna,62812956.61812812,TRUE,FALSE,FALSE,0.01518909284176976,0.03758363190680378,0.04158583562713926,0.04268619253201506,0.04269321930348016,0.04285212614182553,0.01518909284176976,0.03758363190680378,0.04158583562713926,0.04268619253201506,0.04269321930348016,0.04285212614182553,10,10,NA,0.013016652914054311,0.3037574581707743,0.9099918372346714,0.970449762270948,0.9961277624997816,0.0038722375002184007,0.022394539065034018,0.0040022037203354816,0.001100356904875803,7.02677146510039e-6,1.5890683834536568e-4,RP10-RP20,0.022394539065034018,0.522600418726388,FALSE,early exposure
15089185,Ilberstedt,14814473.70554787,TRUE,FALSE,FALSE,0.00140965906763495,0.00140965906763495,0.00140965906763495,0.00140965906763495,0.00140965906763495,0.00140965906763495,0.00140965906763495,0.00140965906763495,0.00140965906763495,0.00140965906763495,0.00140965906763495,0.00140965906763495,10,NA,NA,0,0,1,1,1,0,0,0,0,0,0,NA,0,0,TRUE,early exposure
09464000,Hof,58174074.52425988,TRUE,FALSE,FALSE,0.02301938157106493,0.02370697308544852,0.02542595187140751,0.02748269053244405,0.02748269053244405,0.03023293955021503,0.02301938157106493,0.02370697308544852,0.02542595187140751,0.02748269053244405,0.02748269053244405,0.03023293955021503,10,10,NA,0.004210655043449038,0.1392737559129968,0.8669221576441161,0.8410016442224081,0.9090313724471619,0.09096862755283808,6.875915143835891e-4,0.0017189787859589918,0.0020567386610365404,0,0.002750249017770979,RP200-RP500,0.002750249017770979,0.09096862755283808,FALSE,early exposure
12067137,Friedland,174356380.08987343,TRUE,FALSE,FALSE,0.01097743401674891,0.01314575948542551,0.01485957687408775,0.01491623273460579,0.01633045917974021,0.01633045917974021,0.01097743401674891,0.01314575948542551,0.01485957687408775,0.01491623273460579,0.01633045917974021,0.01633045917974021,10,10,NA,0.0030717682436729858,0.18810054327705988,0.8969725959042288,0.9099301318191189,0.9133994684675536,0.08660053153244644,0.0021683254686765997,0.001713817388662239,5.665586051803971e-5,0.0014142264451344217,0,RP10-RP20,0.0021683254686765997,0.13277798528572018,TRUE,early exposure
15086005,Biederitz,39887011.59926703,TRUE,FALSE,FALSE,0.5914036507009912,0.596575708407924,0.6546047554934848,0.6573625454504045,0.6734754337381214,0.6839902059809909,0.5914036507009912,0.596575708407924,0.6546047554934848,0.6573625454504045,0.6734754337381214,0.6839902059809909,10,10,10,0.05938633819185367,0.08682337506087634,0.9428214570894493,0.9570381999178469,0.961070114311949,0.03892988568805096,0.005172057706932742,0.05802904708556089,0.002757789956919665,0.016112888287716842,0.010514772242869563,RP20-RP50,0.05802904708556089,0.08483900292451498,FALSE,early exposure
15090520,Seehausen (Altmark),107495553.84168129,TRUE,FALSE,FALSE,0.5725625074493224,0.636929547085675,0.6931165918737905,0.727771135443209,0.7404520652645771,0.751464516332685,0.5725625074493224,0.636929547085675,0.6931165918737905,0.727771135443209,0.7404520652645771,0.751464516332685,10,10,10,0.10483199463122239,0.13950358580179642,0.9229832288385875,0.9223543850830836,0.9684703929799574,0.03152960702004258,0.0643670396363526,0.05618704478811554,0.03465454356941855,0.012680929821368037,0.011012451068107887,RP10-RP20,0.0643670396363526,0.08565546108614437,FALSE,early exposure
12068409,Sieversdorf-Hohenofen,20011138.33276172,TRUE,FALSE,FALSE,0.09078491609645344,0.1337859767602782,0.286745067353894,0.3978005818839974,0.4319085625479111,0.5100093116376982,0.09078491609645344,0.1337859767602782,0.286745067353894,0.3978005818839974,0.4319085625479111,0.5100093116376982,10,10,10,0.26328812308185373,0.5162417961280066,0.6149009110231541,0.5622349647560801,0.779986899859954,0.220013100140046,0.04300106066382477,0.1529590905936158,0.11105551453010343,0.034107980663913684,0.07810074908978715,RP20-RP50,0.1529590905936158,0.29991430960828275,FALSE,early exposure
14729040,Böhlen,24293697.819196668,TRUE,FALSE,FALSE,0.14199126732216477,0.14763972726407526,0.15987503063478306,0.18138036435784363,0.19265292475084403,0.20054783446318591,0.14199126732216477,0.14763972726407526,0.15987503063478306,0.18138036435784363,0.19265292475084403,0.20054783446318591,10,10,10,0.03792671006486127,0.18911553029919856,0.853113395230974,0.7971915082639844,0.904424447381102,0.09557555261889805,0.005648459941910489,0.0122353033707078,0.02150533372306057,0.011272560393000397,0.007894909712341885,RP50-RP100,0.02150533372306057,0.10723293911711748,FALSE,early exposure
14627140,Meißen,31144025.97770278,TRUE,FALSE,FALSE,0.05317514735000871,0.05608774734861613,0.1290253441136143,0.14637229151409892,0.16829641601563494,0.1891671923393306,0.05317514735000871,0.05608774734861613,0.1290253441136143,0.14637229151409892,0.16829641601563494,0.1891671923393306,10,10,10,0.08804209318893609,0.46541946359813297,0.6634196292583228,0.6820704082881716,0.7737720780437147,0.22622792195628524,0.002912599998607421,0.07293759676499817,0.01734694740048462,0.021924124501536024,0.02087077632369566,RP20-RP50,0.07293759676499817,0.38557212729658613,FALSE,early exposure
15089175,Hecklingen,96103947.90376855,TRUE,FALSE,FALSE,0.01523318945155249,0.02018281720592955,0.03603282665928991,0.03633132826812717,0.04423978032363782,0.0589389360963703,0.01523318945155249,0.02018281720592955,0.03603282665928991,0.03633132826812717,0.04423978032363782,0.0589389360963703,10,10,500,0.02484650608498187,0.4215635322014579,0.599831197403935,0.6113586203926908,0.6164232114526513,0.3835767885473487,0.004949627754377061,0.01585000945336036,2.98501608837258e-4,0.007908452055510648,0.01469915577273248,RP20-RP50,0.01585000945336036,0.2689225578731895,FALSE,early exposure
16073111,Unterwellenborn,62677817.51922716,TRUE,FALSE,FALSE,0.00499858785168553,0.00499858785168553,0.00499858785168553,0.00499858785168553,0.00499858785168553,0.0058441364936456,0.00499858785168553,0.00499858785168553,0.00499858785168553,0.00499858785168553,0.00499858785168553,0.0058441364936456,10,NA,NA,3.674959780568423e-4,0.06288285334478846,0.872260917219944,0.8553167533168595,0.8553167533168595,0.14468324668314048,0,0,0,0,8.4554864196007e-4,RP200-RP500,8.4554864196007e-4,0.14468324668314048,TRUE,early exposure
15003000,Magdeburg,201019439.02960783,TRUE,FALSE,FALSE,0.2940525138485069,0.3411769214160698,0.35943522169699743,0.3671609973603082,0.3744975604349,0.3811346136443282,0.2940525138485069,0.3411769214160698,0.35943522169699743,0.3671609973603082,0.3744975604349,0.3811346136443282,10,10,10,0.04585080377711244,0.12030081271993841,0.9364029198404822,0.9430663309746501,0.963336795494885,0.03666320450511499,0.04712440756756292,0.01825830028092762,0.0077257756633107855,0.007336563074591795,0.006637053209428201,RP10-RP20,0.04712440756756292,0.12364242417388792,FALSE,early exposure
12063112,Großderschau,20162144.17764274,TRUE,FALSE,FALSE,0.4838887259878686,0.6876828318697316,0.7659525933018672,0.7802210701963908,0.8190469498022578,0.8601825280648259,0.4838887259878686,0.6876828318697316,0.7659525933018672,0.7802210701963908,0.8190469498022578,0.8601825280648259,10,10,10,0.19355199775233656,0.22501270537053972,0.8711510889069475,0.8904535587639171,0.9070412903545874,0.09295870964541258,0.20379410588186297,0.0782697614321356,0.014268476894523596,0.03882587960586703,0.041135578262568084,RP10-RP20,0.20379410588186297,0.23691960628442857,FALSE,early exposure
12068426,Temnitztal,52423334.85008234,TRUE,FALSE,FALSE,0.03835504778867044,0.04425283021992129,0.04765315162581055,0.04805487465504734,0.04851978271983002,0.05110384725935352,0.03835504778867044,0.04425283021992129,0.04765315162581055,0.04805487465504734,0.04851978271983002,0.05110384725935352,10,10,500,0.006536031213224623,0.12789704814305017,0.9154598755957478,0.9324767934588057,0.9403377090411109,0.05966229095888913,0.005897782431250852,0.0034003214058892575,4.017230292367932e-4,4.649080647826792e-4,0.0025840645395234993,RP10-RP20,0.005897782431250852,0.11540779701613135,FALSE,early exposure
15090546,Tangerhütte,296949495.3478358,TRUE,FALSE,FALSE,0.10699291552633672,0.1395409335455408,0.1588912471071021,0.1894685009912897,0.19608446863465853,0.2313327305928871,0.10699291552633672,0.1395409335455408,0.1588912471071021,0.1894685009912897,0.19608446863465853,0.2313327305928871,10,10,10,0.06966356927710628,0.30114013308261295,0.7429359612182631,0.6868515609523852,0.8190302362562238,0.18096976374377613,0.032548018019204095,0.019350313561561278,0.03057725388418761,0.006615967643368831,0.035248261958228555,RP200-RP500,0.035248261958228555,0.15237040546700897,FALSE,early exposure
16073107,Drognitz,24042773.59351918,TRUE,FALSE,FALSE,0.03871305565911931,0.03871305565911931,0.03912898104980283,0.04076332879206409,0.04076332879206409,0.04147052077413493,0.03871305565911931,0.03871305565911931,0.03912898104980283,0.04076332879206409,0.04076332879206409,0.04147052077413493,10,10,NA,0.0018234246550794006,0.04396917668361344,0.9622876631091729,0.9435372481313881,0.9829471159544273,0.017052884045572713,0,4.159253906835178e-4,0.0016343477422612607,0,7.071919820708372e-4,RP50-RP100,0.0016343477422612607,0.03940986782303925,FALSE,early exposure
12063142,Wiesenaue,46856932.74041422,TRUE,FALSE,FALSE,0.33871958257264656,0.3495588771294558,0.35041253949403267,0.35041253949403267,0.35041253949403267,0.35041253949403267,0.33871958257264656,0.3495588771294558,0.35041253949403267,0.35041253949403267,0.35041253949403267,0.35041253949403267,10,10,10,0.005120545980910341,0.014612907369993336,0.9965426374547441,1,1,0,0.010839294556809265,8.53662364576846e-4,0,0,0,RP10-RP20,0.010839294556809265,0.03093295283456559,FALSE,early exposure
16073109,Uhlstädt-Kirchhasel,121711793.51269574,TRUE,FALSE,FALSE,0.06124168745680521,0.06403517188577744,0.06635108819023215,0.06750134648451483,0.06856944347206305,0.07054131483369051,0.06124168745680521,0.06403517188577744,0.06635108819023215,0.06750134648451483,0.06856944347206305,0.07054131483369051,10,10,10,0.005195109180870343,0.07364633326042219,0.9437434165576836,0.9405989716333284,0.9569051362830029,0.0430948637169971,0.0027934844289722316,0.0023159163044547126,0.0011502582942826828,0.0010680969875482144,0.001971871361627464,RP10-RP20,0.0027934844289722316,0.039600685577780924,FALSE,early exposure
01053082,Lanze,9041642.84146272,TRUE,FALSE,FALSE,0.5054489687859018,0.5054489687859018,0.5054489687859018,0.6178241411407343,0.6200376345717128,0.6200376345717128,0.5054489687859018,0.5054489687859018,0.5054489687859018,0.6178241411407343,0.6200376345717128,0.6200376345717128,10,10,10,0.08611486674375017,0.1388865158213075,0.9069628601581616,0.8151907894027072,0.9964300660031589,0.0035699339968411734,0,0,0.11237517235483241,0.0022134934309785415,0,RP50-RP100,0.11237517235483241,0.18123927660045164,FALSE,early exposure
15086015,Burg,165725038.92818782,TRUE,FALSE,FALSE,0.367201784396916,0.40472193345159696,0.41803253312610794,0.42767091282618697,0.4454311215305904,0.4502583944953393,0.367201784396916,0.40472193345159696,0.41803253312610794,0.42767091282618697,0.4454311215305904,0.4502583944953393,10,10,10,0.04607181107642093,0.102323047476015,0.9370377227617426,0.9284280720510477,0.9498344018783506,0.050165598121649495,0.037520149054680985,0.013310599674510981,0.009638379700079025,0.017760208704403424,0.0048272729647488855,RP10-RP20,0.037520149054680985,0.08333025994270356,FALSE,early exposure
01053083,Lauenburg/Elbe,9467987.643501751,TRUE,FALSE,FALSE,0.21997600358205263,0.21997600358205263,0.21997600358205263,0.2323316930096481,0.25556788725531704,0.25556788725531704,0.21997600358205263,0.21997600358205263,0.21997600358205263,0.2323316930096481,0.25556788725531704,0.25556788725531704,10,10,10,0.024860865302917545,0.09727695278899062,0.9142575394200438,0.8607341319149872,0.9090801489372741,0.09091985106272588,0,0,0.012355689427595462,0.023236194245668945,0,RP100-RP200,0.023236194245668945,0.09091985106272588,FALSE,early exposure
15090535,Stendal,269482844.1648705,TRUE,FALSE,FALSE,0.10090016185230126,0.12417262222128592,0.14332580480064755,0.14560715147121195,0.16953566644268683,0.20563177787087644,0.10090016185230126,0.12417262222128592,0.14332580480064755,0.14560715147121195,0.16953566644268683,0.20563177787087644,10,10,10,0.05629533374490715,0.2737676750538869,0.723233676547423,0.6970022157307172,0.7080965450906324,0.2919034549093677,0.023272460368984657,0.019153182579361633,0.002281346670564399,0.023928514971474885,0.03609611142818961,RP200-RP500,0.03609611142818961,0.17553761292116848,FALSE,early exposure
12070296,Perleberg,138624646.22124013,TRUE,FALSE,FALSE,0.02625527511419384,0.02708578347099526,0.03054837120762282,0.03116625147132747,0.0313826632048667,0.03217617289451052,0.02625527511419384,0.02708578347099526,0.03054837120762282,0.03116625147132747,0.0313826632048667,0.03217617289451052,10,10,NA,0.003676771524153352,0.1142700076919538,0.9301137327304992,0.949409717177228,0.9686127549570898,0.03138724504291024,8.305083568014189e-4,0.0034625877366275606,6.178802637046496e-4,2.1641173353922905e-4,7.93509689643819e-4,RP20-RP50,0.0034625877366275606,0.10761341157569124,FALSE,early exposure
12063134,Havelaue,74787975.32205343,TRUE,FALSE,FALSE,0.622977201012298,0.6798230334847519,0.6798230334847519,0.6800116406892939,0.7123344896618407,0.7798894317565142,0.622977201012298,0.6798230334847519,0.6798230334847519,0.6800116406892939,0.7123344896618407,0.7798894317565142,10,10,10,0.07492613619429582,0.09607276768136543,0.8888786924152319,0.8716915575501688,0.8719333959401534,0.12806660405984663,0.056845832472453894,0,1.8860720454194624e-4,0.03232284897254678,0.0675549420946735,RP200-RP500,0.0675549420946735,0.08662117903370248,FALSE,early exposure
14729410,Wurzen,68968117.12620622,TRUE,FALSE,FALSE,0.04680938324523039,0.05059896233171537,0.05207434231749452,0.05337929312302844,0.05578170798355024,0.05847704836088909,0.04680938324523039,0.05059896233171537,0.05207434231749452,0.05337929312302844,0.05578170798355024,0.05847704836088909,10,10,20,0.006359749622083063,0.10875633774868529,0.9071608477037125,0.8905090762467953,0.9128246828328265,0.0871753171671735,0.00378957908648498,0.0014753799857791516,0.0013049508055339235,0.002402414860521798,0.002695340377338852,RP10-RP20,0.00378957908648498,0.06480455482461638,FALSE,early exposure
15088205,Leuna,87605623.53928131,TRUE,FALSE,FALSE,0.16039781750589596,0.16826843611712575,0.1867118962550968,0.20736149900974732,0.21151481118678203,0.2182668631253014,0.16039781750589596,0.16826843611712575,0.1867118962550968,0.20736149900974732,0.21151481118678203,0.2182668631253014,10,10,10,0.03720604476348147,0.17046126118613994,0.8844360962764315,0.8554294205800277,0.9500365563539821,0.04996344364601788,0.007870618611229785,0.018443460137971046,0.020649602754650526,0.0041533121770347126,0.006752051938519382,RP50-RP100,0.020649602754650526,0.09460713577395446,FALSE,early exposure
09475113,Berg,38731607.487258606,TRUE,FALSE,FALSE,0.01480913619292488,0.01812194889846636,0.0276836945132646,0.03102474195661321,0.0322662860890525,0.03443182685767169,0.01480913619292488,0.01812194889846636,0.0276836945132646,0.03102474195661321,0.0322662860890525,0.03443182685767169,10,10,NA,0.012230863055252825,0.35521969559764094,0.7812872816754353,0.8040146875650441,0.9010483842422276,0.09895161575777246,0.0033128127055414795,0.00956174561479824,0.003341047443348611,0.0012415441324392894,0.0021655407686191896,RP20-RP50,0.00956174561479824,0.27770079276719545,FALSE,early exposure
12068425,Temnitzquell,65814910.209692866,TRUE,FALSE,FALSE,0,0,0,6.331054346477773e-5,1.4869322134138536e-4,1.4869322134138536e-4,0,0,0,6.331054346477773e-5,1.4869322134138536e-4,1.4869322134138536e-4,100,NA,NA,1.0484032622052627e-4,0.7050780477734282,0.39825743969291166,0,0.42577962124731156,0.5742203787526884,0,0,6.331054346477773e-5,8.538267787660763e-5,0,RP100-RP200,8.538267787660763e-5,0.5742203787526884,TRUE,delayed jump
14628030,Bad Schandau,47722548.93476192,TRUE,FALSE,FALSE,0.04899644141853858,0.05180458873001731,0.05411760425356467,0.05578152001784448,0.05724833186177369,0.05868851819476278,0.04899644141853858,0.05180458873001731,0.05411760425356467,0.05578152001784448,0.05724833186177369,0.05868851819476278,10,10,20,0.005621941563870495,0.0957928694879229,0.9313959095007652,0.9221157036879147,0.9504673441017683,0.04953265589823179,0.0028081473114787286,0.00231301552354736,0.001663915764279808,0.0014668118439292097,0.0014401863329890907,RP10-RP20,0.0028081473114787286,0.04784832532591223,FALSE,early exposure
12063161,Kleßen-Görne,42058614.665302426,TRUE,FALSE,FALSE,0.13048086786604474,0.23143348980589348,0.26204668707130196,0.33418156956435224,0.33465709640134295,0.34488105293270704,0.13048086786604474,0.23143348980589348,0.26204668707130196,0.33418156956435224,0.33465709640134295,0.34488105293270704,10,10,10,0.12231839888500641,0.3546683641935909,0.8162584094648015,0.7598175801279299,0.9689763085638616,0.03102369143613835,0.10095262193984875,0.03061319726540848,0.07213488249305028,4.7552683699070286e-4,0.010223956531364098,RP10-RP20,0.10095262193984875,0.2927172167951672,FALSE,early exposure
12063165,Kotzen,42678641.5444656,TRUE,FALSE,FALSE,0,5.761551155904931e-4,0.02382013376814687,0.02881590526819671,0.02881590526819671,0.02881590526819671,0,5.761551155904931e-4,0.02382013376814687,0.02881590526819671,0.02881590526819671,0.02881590526819671,20,50,NA,0.01994116777199907,0.692019479742237,0.6741543518705697,0.8266314573998989,1,0,5.761551155904931e-4,0.023243978652556375,0.004995771500049841,0,0,RP20-RP50,0.023243978652556375,0.8066371136432798,FALSE,early exposure
15085160,Hedersleben,16502768.787722103,TRUE,FALSE,FALSE,0.06517539493675653,0.08225150531766044,0.08842061996641612,0.08902657888934788,0.08902657888934788,0.08902657888934788,0.06517539493675653,0.08225150531766044,0.08842061996641612,0.08902657888934788,0.08902657888934788,0.08902657888934788,10,10,10,0.011831060297594136,0.13289357453911688,0.9592107185381018,0.9931935054621731,1,0,0.01707611038090391,0.0061691146487556775,6.059589229317625e-4,0,0,RP10-RP20,0.01707611038090391,0.19180912704876593,FALSE,early exposure
14729400,Trebsen/Mulde,35158509.02655442,TRUE,FALSE,FALSE,0.05998215738805787,0.09032457421821172,0.090939621908036,0.09401590973541252,0.09629222290101122,0.10119592620863994,0.05998215738805787,0.09032457421821172,0.090939621908036,0.09401590973541252,0.09629222290101122,0.10119592620863994,10,10,10,0.01908912950860212,0.18863535543165302,0.8984332117036911,0.8986490396910042,0.9290483644724583,0.0709516355275417,0.030342416830153845,6.150476898242885e-4,0.0030762878273765115,0.0022763131655987034,0.004903703307628723,RP10-RP20,0.030342416830153845,0.29983832321071496,FALSE,early exposure
12063148,Ketzin/Havel,93901650.97202522,TRUE,FALSE,FALSE,0.11075863630850669,0.11075863630850669,0.11075863630850669,0.12737040934664182,0.16333111625339483,0.1756089672649464,0.11075863630850669,0.11075863630850669,0.11075863630850669,0.12737040934664182,0.16333111625339483,0.1756089672649464,10,10,10,0.04192090349849431,0.23871732834261816,0.7523027340684924,0.630711734335308,0.7253069779430702,0.2746930220569298,0,0,0.01661177303813513,0.035960706906753015,0.012277851011551572,RP100-RP200,0.035960706906753015,0.2047771675150167,FALSE,early exposure
14627180,Nossen,125244731.56155156,TRUE,FALSE,FALSE,0.01560932738211942,0.01616823312711356,0.01680698254996401,0.01696666990567662,0.01696666990567662,0.01784495036209598,0.01560932738211942,0.01616823312711356,0.01680698254996401,0.01696666990567662,0.01696666990567662,0.01784495036209598,10,10,NA,0.0011738060217647733,0.06577804913697186,0.938763475844235,0.9418340880153586,0.9507826898591496,0.04921731014085044,5.589057449941395e-4,6.387494228504501e-4,1.5968735571261078e-4,0,8.782804564193593e-4,RP200-RP500,8.782804564193593e-4,0.04921731014085044,TRUE,early exposure
15086055,Gommern,161566566.55857658,TRUE,FALSE,FALSE,0.10202629286863377,0.1046757991741799,0.1106645974267217,0.11364852697701226,0.11398397489244348,0.11411764492027426,0.10202629286863377,0.1046757991741799,0.1106645974267217,0.11364852697701226,0.11398397489244348,0.11411764492027426,10,10,10,0.007744837572065184,0.06786713463527877,0.9664000755559412,0.969741335829661,0.9958891725851008,0.004110827414899248,0.00264950630554614,0.0059887982525417965,0.0029839295502905594,3.3544791543121955e-4,1.3367002783078175e-4,RP20-RP50,0.0059887982525417965,0.052479160928406265,FALSE,early exposure
16055000,Weimar,84348894.19407173,TRUE,FALSE,FALSE,0.01585131367968545,0.01903663416060893,0.019629410159366652,0.019629410159366652,0.02093351735663363,0.02093351735663363,0.01585131367968545,0.01903663416060893,0.019629410159366652,0.019629410159366652,0.02093351735663363,0.02093351735663363,10,10,NA,0.002612234363366065,0.12478716877162893,0.9359990261003334,0.9377024331339272,0.9377024331339272,0.06229756686607281,0.00318532048092348,5.927759987577226e-4,0,0.0013041071972669793,0,RP10-RP20,0.00318532048092348,0.15216365346811067,FALSE,early exposure
15086035,Elbe-Parey,109173497.3080816,TRUE,FALSE,FALSE,0.21031201972741473,0.2876523482772701,0.4368675483837998,0.4902463921595419,0.5345549513144814,0.5401239808334309,0.21031201972741473,0.2876523482772701,0.4368675483837998,0.4902463921595419,0.5345549513144814,0.5401239808334309,10,10,10,0.2069555050062917,0.3831629632273536,0.7919432369901198,0.8088282762592717,0.9076552968506858,0.09234470314931416,0.07734032854985537,0.14921520010652972,0.05337884377574209,0.044308559154939475,0.005569029518949553,RP20-RP50,0.14921520010652972,0.2762610167322792,FALSE,early exposure
15090550,Tangermünde,90718726.87506966,TRUE,FALSE,FALSE,0.4156553790253346,0.4673256122014437,0.4739580324904033,0.4838253502683176,0.49281295337226977,0.5051001575060766,0.4156553790253346,0.4673256122014437,0.4739580324904033,0.4838253502683176,0.49281295337226977,0.5051001575060766,10,10,10,0.044955150989397334,0.08900244896252388,0.9437782776141349,0.9383446539208441,0.9578800225626477,0.0421199774373523,0.05167023317610908,0.006632420288959606,0.009867317777914275,0.0089876031039521909,0.01228720413380685,RP10-RP20,0.05167023317610908,0.10229700467968565,FALSE,early exposure
15087370,Sangerhausen,209561194.93619433,TRUE,FALSE,FALSE,0.01745996541124739,0.02078655064369462,0.02385485024391644,0.02408814591690643,0.02466203144665636,0.02486476686430035,0.01745996541124739,0.02078655064369462,0.02385485024391644,0.02408814591690643,0.02466203144665636,0.02486476686430035,10,10,NA,0.0041436960392233135,0.16664930187512172,0.9243120523466098,0.9593836280108501,0.9687662083609175,0.031233791639082464,0.003326585232447228,0.00306829960022182,2.3329567298999154e-4,5.738855297499276e-4,2.0273541764399133e-4,RP10-RP20,0.003326585232447228,0.13378710729934012,FALSE,early exposure
14729430,Zwenkau,46358871.9764821,TRUE,FALSE,FALSE,0.13657711905550482,0.14784017052709875,0.16756660891961694,0.17959638570060998,0.18691632669715427,0.1926125323006777,0.13657711905550482,0.14784017052709875,0.16756660891961694,0.17959638570060998,0.18691632669715427,0.1926125323006777,10,10,10,0.034674306377923805,0.18002102959632707,0.8816059848287372,0.8699673220537756,0.9324231583241486,0.06757684167585147,0.011263051471593927,0.019726438392518197,0.01202977678099304,0.0073199409965442885,0.005696205603523435,RP20-RP50,0.019726438392518197,0.10241513445098292,FALSE,early exposure
14627170,Niederau,35384670.56995631,TRUE,FALSE,FALSE,0,0,0.03825855461686336,0.04747424105313227,0.05877056115479473,0.05877056115479473,0,0,0.03825855461686336,0.04747424105313227,0.05877056115479473,0.05877056115479473,50,50,200,0.040735552172779174,0.6931285217013077,0.5998529565627643,0.650981611628564,0.8077894803163562,0.19221051968364375,0,0.03825855461686336,0.00921568643626891,0.011296320101662462,0,RP20-RP50,0.03825855461686336,0.650981611628564,FALSE,early exposure
12071164,Guhrow,6636164.019009794,TRUE,FALSE,FALSE,0.06395748873218275,0.1310097612576253,0.2108529863337564,0.22592193274821248,0.22849153348930337,0.2429887063364501,0.06395748873218275,0.1310097612576253,0.2108529863337564,0.22592193274821248,0.22849153348930337,0.2429887063364501,10,10,10,0.10217082516439742,0.4204756126522538,0.7880075535642982,0.8677480921347944,0.9297630995055121,0.07023690049448797,0.06705227252544256,0.07984322507613109,0.01506894641445608,0.0025696007410908883,0.014497172847146717,RP20-RP50,0.07984322507613109,0.32858821415995176,FALSE,early exposure
15086040,Genthin,232345814.95029497,TRUE,FALSE,FALSE,0,0,2.142620200447126e-4,0.02081742878895653,0.07371720593659725,0.10366619933908797,0,0,2.142620200447126e-4,0.02081742878895653,0.07371720593659725,0.10366619933908797,50,100,200,0.06409399256132886,0.6182728118707235,0.2993944379794078,0.00206684552352373,0.20081211544047795,0.7991878845595219,0,2.142620200447126e-4,0.02060316676891182,0.05289977714764072,0.029948993402490715,RP100-RP200,0.05289977714764072,0.5102895397429174,FALSE,delayed jump
12069306,Kloster Lehnin,200920136.8985341,TRUE,FALSE,FALSE,0.04743740843468796,0.09196802741283212,0.09846948592907548,0.11430306848558412,0.11763981140144908,0.12010667133644284,0.04743740843468796,0.09196802741283212,0.09846948592907548,0.11430306848558412,0.11763981140144908,0.12010667133644284,10,10,20,0.038320353103156776,0.3190526610783659,0.8483619134007195,0.8198502617164597,0.9516795962598807,0.048320403740119214,0.044530618978144164,0.006501458516243355,0.015833582556508644,0.003336742915864957,0.0024668599349937648,RP10-RP20,0.044530618978144164,0.3707589135777894,FALSE,early exposure
12063189,Milower Land,161322860.2203478,TRUE,FALSE,FALSE,0.3380640647428705,0.3457156521921086,0.34900960868923125,0.3564205245288702,0.3912089518436385,0.4054697178978725,0.3380640647428705,0.3457156521921086,0.34900960868923125,0.3564205245288702,0.3912089518436385,0.4054697178978725,10,10,10,0.040528532598792244,0.0999545238764302,0.897645766600819,0.8607538202819326,0.8790311798787486,0.12096882012125147,0.007651587449238106,0.003293956497122663,0.007410915839638932,0.03478842731476833,0.014260766054233986,RP100-RP200,0.03478842731476833,0.08579784328932463,FALSE,early exposure
15085185,Huy,167754286.22719565,TRUE,FALSE,FALSE,0.01946285379732864,0.02360847783308633,0.03691745971779243,0.04248040437080713,0.0449786227675803,0.04736377512139335,0.01946285379732864,0.02360847783308633,0.03691745971779243,0.04248040437080713,0.0449786227675803,0.04736377512139335,10,10,NA,0.017758776711125825,0.37494428317020934,0.7706454831405598,0.7794450426126925,0.8968965050173863,0.1031034949826137,0.004145624035757689,0.013308981884706101,0.005562944653014698,0.0024982183967731733,0.00238515235381305,RP20-RP50,0.013308981884706101,0.2809949555455658,FALSE,early exposure
13076125,Siggelkow,55496241.96970108,TRUE,FALSE,FALSE,0.05940655933553407,0.06716959308376107,0.08723308485950647,0.09639995790881908,0.11637658998788793,0.1230481676705614,0.05940655933553407,0.06716959308376107,0.08723308485950647,0.09639995790881908,0.11637658998788793,0.1230481676705614,10,10,10,0.04018177173055955,0.32655319043952585,0.7513665537095905,0.7089344482809109,0.7834326974044186,0.21656730259558146,0.007763033748226997,0.0200634917757454,0.009166873049312615,0.019976632079068843,0.006671577682673471,RP20-RP50,0.0200634917757454,0.1630539662277757,FALSE,early exposure
15088216,Wettin-Löbejün,127662765.18892792,TRUE,FALSE,FALSE,0.06523951916123143,0.07021854175287873,0.07170646103157258,0.07493312368700639,0.07516708419248565,0.07686505320777832,0.06523951916123143,0.07021854175287873,0.07170646103157258,0.07493312368700639,0.07516708419248565,0.07686505320777832,10,10,10,0.006428164457493149,0.08362922016220814,0.9460109450378943,0.9328876783281309,0.974865957413057,0.02513404258694298,0.0049790225916473,0.00148791927869385,0.0032266626554338096,2.3396050547926095e-4,0.0016979690152926774,RP10-RP20,0.0049790225916473,0.06477615488261251,FALSE,early exposure
13076126,Spornitz,48802531.162101656,TRUE,FALSE,FALSE,0.03637158636112429,0.06124651531217233,0.0984593645299205,0.11513476327152994,0.12228834244673736,0.1350270325842612,0.03637158636112429,0.06124651531217233,0.0984593645299205,0.11513476327152994,0.12228834244673736,0.1350270325842612,10,10,20,0.05880766809095534,0.4355251460796006,0.7216547669503645,0.7291826136257472,0.8526793566294376,0.1473206433705624,0.024874928951048043,0.03721284921774817,0.016675398741609435,0.007153579175207425,0.012738690137523823,RP20-RP50,0.03721284921774817,0.2755955493173277,FALSE,early exposure
12071176,Heinersbrück,24036811.57600771,TRUE,FALSE,FALSE,0.02773375116373101,0.03161217013790073,0.03826862702670471,0.04284494113775746,0.04783728380436045,0.04889203778132493,0.02773375116373101,0.03161217013790073,0.03826862702670471,0.04284494113775746,0.04783728380436045,0.04889203778132493,10,10,NA,0.01343396050870255,0.2747678582919251,0.8179113510697278,0.7827169568563576,0.8763173531319399,0.12368264686806013,0.0038784189741697186,0.00665645688880398,0.004576314111052755,0.004992342666602985,0.00105475397696448,RP20-RP50,0.00665645688880398,0.13614603094630098,FALSE,early exposure
12068477,Wusterhausen/Dosse,196404815.48170736,TRUE,FALSE,FALSE,0.0679368692082026,0.0813953489560025,0.09255968349368196,0.10695176592902224,0.11368488592781974,0.11723521685015148,0.0679368692082026,0.0813953489560025,0.09255968349368196,0.10695176592902224,0.11368488592781974,0.11723521685015148,10,10,10,0.03017575557703352,0.2573949738635601,0.8347930197833369,0.7895211522659658,0.9122836021681657,0.08771639783183421,0.0134584797477999,0.011164334537679454,0.014392082435340278,0.006733119998797499,0.003550330922331743,RP50-RP100,0.014392082435340278,0.12276244990220003,FALSE,early exposure
12062282,Kremitzaue,23560664.704395063,TRUE,FALSE,FALSE,0.02044918154389778,0.0206864649818915,0.0206864649818915,0.0206864649818915,0.0206864649818915,0.0206864649818915,0.02044918154389778,0.0206864649818915,0.0206864649818915,0.0206864649818915,0.0206864649818915,0.0206864649818915,10,10,NA,9.928063084375694e-5,0.0047993038409732585,0.9989838093160086,1,1,0,2.37283437993719e-4,0,0,0,0,RP10-RP20,2.37283437993719e-4,0.011470468163672816,FALSE,early exposure
12065332,Velten,23497701.22505804,TRUE,FALSE,FALSE,0.05913129321280433,0.06158278380357502,0.13379422084642173,0.13977809646725203,0.14666009885014644,0.15058200177733025,0.05913129321280433,0.06158278380357502,0.13379422084642173,0.13977809646725203,0.14666009885014644,0.15058200177733025,10,10,10,0.06135707888985276,0.4074662188418984,0.7836153414417419,0.8885140273554534,0.9282523463457855,0.07174765365421458,0.00245149059077069,0.07221143704284672,0.0059838756208303034,0.006882002382894409,0.003921902927183807,RP20-RP50,0.07221143704284672,0.4795489247754041,FALSE,early exposure
03357002,Alfstedt,16139641.725738715,TRUE,FALSE,FALSE,0,0,0,0.01094647314054813,0.03097671879291169,0.06746548383045992,0,0,0,0.01094647314054813,0.03097671879291169,0.06746548383045992,100,100,500,0.03751222962476304,0.5560210569160208,0.24030956581604593,0,0.16225294060080422,0.8377470593991958,0,0,0.01094647314054813,0.02003024565236356,0.03648876503754822,RP200-RP500,0.03648876503754822,0.5408508612973728,FALSE,delayed jump
03357008,Bremervörde,149938240.33220863,TRUE,FALSE,FALSE,0.09532735615227292,0.11205255286837548,0.12812030154029044,0.14072365065277517,0.17251367760046468,0.17934726484310282,0.09532735615227292,0.11205255286837548,0.12812030154029044,0.14072365065277517,0.17251367760046468,0.17934726484310282,10,10,10,0.05175881902026626,0.2885955303837285,0.7765616983477764,0.7143699774422158,0.7846434166469364,0.2153565833530636,0.016725196716102564,0.01606774867191496,0.01260334911248473,0.03179002694768951,0.006833587242638134,RP100-RP200,0.03179002694768951,0.17725403827875585,FALSE,early exposure
15088220,Merseburg,54399314.11881466,TRUE,FALSE,FALSE,0.17134191807342308,0.1751464457995847,0.18288364920913144,0.1850523927080496,0.18578769609648269,0.187204735598734,0.17134191807342308,0.1751464457995847,0.18288364920913144,0.1850523927080496,0.18578769609648269,0.187204735598734,10,10,10,0.009638454585686884,0.051486168631687416,0.9709009907503026,0.9769178574688162,0.9885027326696593,0.011497267330340679,0.003804527726161605,0.007737203409546756,0.0021687434989181575,7.35303388433084e-4,0.001417039502251305,RP20-RP50,0.007737203409546756,0.041330169265221726,FALSE,early exposure
14627190,Nünchritz,31132061.88738452,TRUE,FALSE,FALSE,0.07726507426841396,0.10572460139838394,0.11214884662581125,0.12082157768283804,0.12487847499742948,0.13355120605445628,0.07726507426841396,0.10572460139838394,0.11214884662581125,0.12082157768283804,0.12487847499742948,0.13355120605445628,10,10,10,0.029329462278762028,0.21961211092921742,0.8565898910543472,0.8397441695890182,0.9046835386388973,0.09531646136110267,0.028459527129969978,0.006424245227427308,0.008672731057026789,0.00405689731459144,0.008672731057026803,RP10-RP20,0.028459527129969978,0.21309824127208135,FALSE,early exposure
13076114,Plau am See,116229917.80461577,FALSE,TRUE,TRUE,0.1360395739806234,0.16484692934945153,0.20016763024719617,0.20292936837551936,0.20303050988898888,0.2029502415666613,0.1360395739806234,0.16484692934945153,0.20016763024719617,0.20292936837551936,0.20303050988898888,0.20303050988898888,10,10,10,0.03841905738239204,0.1892280002813294,0.9290934229156373,0.9858992638921211,0.9995018408143446,4.981591856554817e-4,0.028807355368828114,0.03532070089774464,0.002761738128323199,1.0114151346951594e-4,0,RP20-RP50,0.03532070089774464,0.17396745403957742,FALSE,early exposure
13076119,Redefin,17809943.393829256,TRUE,FALSE,FALSE,0.06469079407882469,0.089622097316233,0.14451802007398415,0.17063192714274986,0.20421940660783464,0.21253774379669416,0.06469079407882469,0.089622097316233,0.14451802007398415,0.17063192714274986,0.20421940660783464,0.21253774379669416,10,10,10,0.09383931965283,0.441518376814018,0.7105908398193962,0.67996402658826,0.8028311776282434,0.1971688223717566,0.024931303237408303,0.05489592275775115,0.026113907068765707,0.03358747946508478,0.00831833718885952,RP20-RP50,0.05489592275775115,0.2582878776122823,FALSE,early exposure
12068468,Wittstock/Dosse,420426820.7499632,TRUE,FALSE,FALSE,0.00179989612178812,0.00218118741637648,0.00234509122579573,0.00234509122579573,0.00234509122579573,0.00234509122579573,0.00179989612178812,0.00218118741637648,0.00234509122579573,0.00234509122579573,0.00234509122579573,0.00234509122579573,10,NA,NA,2.719177740074303e-4,0.1159518960355855,0.9650267114113223,1,1,0,3.8129129458835996e-4,1.639038094192499e-4,0,0,0,RP10-RP20,3.8129129458835996e-4,0.16259124182215182,TRUE,early exposure
14522580,Wechselburg,25794664.90650411,TRUE,FALSE,FALSE,0.06048560628856874,0.07569725359977085,0.0905491658111001,0.09376854770400268,0.09565980944312448,0.096031661007297,0.06048560628856874,0.07569725359977085,0.0905491658111001,0.09376854770400268,0.09565980944312448,0.096031661007297,10,10,10,0.020400434157866503,0.21243446113377518,0.9069347284572812,0.9429095036086036,0.976433675315453,0.023566324684547047,0.015211647311202108,0.014851912211329255,0.0032193818929025786,0.0018912617391217967,3.7185156417252063e-4,RP10-RP20,0.015211647311202108,0.15840241803217633,FALSE,early exposure
16077001,Altenburg,45989937.18791705,TRUE,FALSE,FALSE,0.01288142575365065,0.01288142575365065,0.01825610618659021,0.01932591975041601,0.01937369247758045,0.01937369247758045,0.01288142575365065,0.01288142575365065,0.01825610618659021,0.01932591975041601,0.01937369247758045,0.01937369247758045,10,10,NA,0.004522932731358482,0.233457444242624,0.8890761576146015,0.9423142339910924,0.9975341444476977,0.0024658555523022346,0,0.005374680432939559,0.0010698135638258013,4.7772727164437784e-5,0,RP20-RP50,0.005374680432939559,0.27742158285826135,TRUE,early exposure
13076120,Rom,33739788.2783462,TRUE,FALSE,FALSE,0.01762397971274281,0.01915705042710783,0.02173333093544922,0.02232924543532408,0.02906423853408498,0.03499516493506031,0.01762397971274281,0.01915705042710783,0.02173333093544922,0.02232924543532408,0.02906423853408498,0.03499516493506031,10,10,NA,0.009943171948183786,0.28412987813131013,0.6859813300134588,0.6210381055719909,0.638066586534452,0.36193341346554797,0.0015330707143650195,0.00257628050834139,5.959144998748597e-4,0.0067349930987609,0.005930926400975329,RP100-RP200,0.0067349930987609,0.1924549608855642,FALSE,early exposure
13076122,Schwanheide,26626977.937083315,TRUE,FALSE,FALSE,0.01150394120816811,0.01150394120816811,0.01150394120816811,0.03629561271082111,0.04899895344062018,0.04899895344062018,0.01150394120816811,0.01150394120816811,0.01150394120816811,0.03629561271082111,0.04899895344062018,0.04899895344062018,10,10,NA,0.027175567584928027,0.554615265770135,0.5714534478647084,0.23477932487087227,0.7407426110601786,0.2592573889398215,0,0,0.024791671502652997,0.012703340729799069,0,RP50-RP100,0.024791671502652997,0.5059632861893062,FALSE,early exposure
12065356,Zehdenick,223552572.9576092,TRUE,FALSE,FALSE,0.05958746037001429,0.06992054115419334,0.07859858933916268,0.08553208144571027,0.08833858944506184,0.10121686080193508,0.05958746037001429,0.06992054115419334,0.07859858933916268,0.08553208144571027,0.08833858944506184,0.10121686080193508,10,10,10,0.022971508527328,0.22695337857078465,0.8003625181825447,0.776536524808523,0.8450378797370789,0.1549621202629211,0.01033308078417905,0.00867804818496934,0.00693349210654759,0.0028065079993515735,0.012878271356873236,RP200-RP500,0.012878271356873236,0.12723444745114074,FALSE,early exposure
14522570,Waldheim,41719077.75883077,TRUE,FALSE,FALSE,0.03115600374980432,0.03211479771527095,0.03355298866347089,0.03451178262893752,0.03522458843199136,0.03546428692335802,0.03115600374980432,0.03211479771527095,0.03355298866347089,0.03451178262893752,0.03522458843199136,0.03546428692335802,10,10,NA,0.0026907464914208996,0.07587200321370843,0.9525742728229822,0.9461063953148799,0.9731418737819553,0.026858126218044696,9.587939654666262e-4,0.001438190948199941,9.587939654666297e-4,7.128058030538426e-4,2.3969849136665916e-4,RP20-RP50,0.001438190948199941,0.040553217700613015,FALSE,early exposure
13076151,Werder,18101945.14582469,TRUE,FALSE,FALSE,0,0,0,0.00402767674340217,0.00402767674340217,0.00402767674340217,0,0,0,0.00402767674340217,0.00402767674340217,0.00402767674340217,100,NA,NA,0.00303336180704907,0.753129409409057,0.5,0,1,0,0,0,0.00402767674340217,0,0,RP50-RP100,0.00402767674340217,1,TRUE,early exposure
14523450,Weischlitz,121919928.49884737,TRUE,FALSE,FALSE,0.00446091001802181,0.00446091001802181,0.00454293106349917,0.00454293106349917,0.00454293106349917,0.00454293106349917,0.00446091001802181,0.00446091001802181,0.00454293106349917,0.00454293106349917,0.00454293106349917,0.00454293106349917,10,NA,NA,5.623915915760908e-5,0.012379487685707949,0.9946865885539005,1,1,0,0,8.202104547736042e-5,0,0,0,RP20-RP50,8.202104547736042e-5,0.018054653335237737,TRUE,early exposure
13076156,Wöbbelin,23499854.895240724,TRUE,FALSE,FALSE,0,0,0,0,0,5.353116504287253e-4,0,0,0,0,0,5.353116504287253e-4,500,NA,NA,2.3265944592318027e-4,0.43462428986338303,0.11711213489833154,0,0,1,0,0,0,0,5.353116504287253e-4,RP200-RP500,5.353116504287253e-4,1,TRUE,delayed jump
01053006,Basedow,7514836.830114216,TRUE,FALSE,FALSE,0.00104174280339591,0.00104174280339591,0.00104174280339591,0.08653317639441022,0.0918541678932602,0.0918541678932602,0.00104174280339591,0.00104174280339591,0.00104174280339591,0.08653317639441022,0.0918541678932602,0.0918541678932602,10,100,100,0.0679482419432671,0.7397404331420958,0.49540660801078273,0.011341268744674435,0.9420713112873301,0.05792868871266988,0,0,0.08549143359101431,0.005320991498849986,0,RP50-RP100,0.08549143359101431,0.9307300425426558,FALSE,early exposure
13076136,Teldau,27728833.036026523,TRUE,FALSE,FALSE,0.7059040899044458,0.7373159758086183,0.7690806178559911,0.8168643799900795,0.8292288521466776,0.829589487590189,0.7059040899044458,0.7373159758086183,0.7690806178559911,0.8168643799900795,0.8292288521466776,0.829589487590189,10,10,10,0.07934435076224872,0.09564290766597093,0.9461006346868966,0.927061672502667,0.9846609584734811,0.015339041526518937,0.03141188590417254,0.03176464204737284,0.047783762134088414,0.012364472156598083,3.606354435113923e-4,RP50-RP100,0.047783762134088414,0.057599285970814075,FALSE,early exposure
13076138,Tessin b.Boizenburg,10309156.297666095,TRUE,FALSE,FALSE,0.00294454107786407,0.00294454107786407,0.01092401548720552,0.06991276171654248,0.06991276171654248,0.06991276171654248,0.00294454107786407,0.00294454107786407,0.01092401548720552,0.06991276171654248,0.06991276171654248,0.06991276171654248,10,50,100,0.04989742529122501,0.7137098301670792,0.5445366571880165,0.15625209502517368,1,0,0,0.00797947440934145,0.05898874622933696,0,0,RP50-RP100,0.05898874622933696,0.8437479049748263,FALSE,early exposure
15091391,Zahna-Elster,149659888.9850728,TRUE,FALSE,FALSE,0.07404925334010763,0.0877908319529472,0.10632146866065774,0.1095955590219627,0.11271774754735668,0.1149950884145085,0.07404925334010763,0.0877908319529472,0.10632146866065774,0.1095955590219627,0.11271774754735668,0.1149950884145085,10,10,10,0.024001147702205343,0.2087145462742842,0.8918835435049611,0.9245739981295023,0.953045565102026,0.04695443489797398,0.013741578612839561,0.018530636707710546,0.0032740903613049654,0.0031221885253939763,0.0022773408671518253,RP20-RP50,0.018530636707710546,0.1611428536922852,FALSE,early exposure
03357016,Gnarrenburg,123032508.97752988,TRUE,FALSE,FALSE,0,0,7.176833927959897e-5,3.8060115482563224e-4,4.489828682226216e-4,0.00219520786865919,0,0,7.176833927959897e-5,3.8060115482563224e-4,4.489828682226216e-4,0.00219520786865919,50,NA,NA,0.001086530115376394,0.49495545769888083,0.196629432032849,0.03269318605505652,0.17337818448058837,0.8266218155194116,0,7.176833927959897e-5,3.0883281554603325e-4,6.838171339698939e-5,0.0017462250004365684,RP200-RP500,0.0017462250004365684,0.7954713653168274,TRUE,delayed jump
16077005,Fockendorf,8819688.142882936,FALSE,TRUE,TRUE,0.00449342227173237,0.00840850962409304,0.03176764562677703,0.03288590977264753,0.03263196851784319,0.03288590977264753,0.00449342227173237,0.00840850962409304,0.03176764562677703,0.03288590977264753,0.03288590977264753,0.03288590977264753,10,50,NA,0.018496889294216258,0.5624563657229524,0.7634100308603655,0.965995645137949,1,0,0.0039150873523606695,0.02335913600268399,0.001118264145870497,0,0,RP20-RP50,0.02335913600268399,0.7103083406898075,FALSE,early exposure
13076140,Tramm,41923138.84491094,TRUE,FALSE,FALSE,0.02123640739419913,0.03195903406087526,0.05358714636243427,0.06909171061762015,0.07815591741295959,0.08357750821798436,0.02123640739419913,0.03195903406087526,0.05358714636243427,0.06909171061762015,0.07815591741295959,0.08357750821798436,10,10,50,0.03941741193116057,0.4716270294677038,0.6890063183268991,0.641167073594368,0.8266782785317937,0.17332172146820635,0.01072262666667613,0.021628112301559012,0.015504564255185878,0.009064206795339438,0.005421590805024773,RP20-RP50,0.021628112301559012,0.2587790993379369,FALSE,early exposure
01053012,Börnsen,8318068.951110065,TRUE,FALSE,FALSE,0.13778238589546107,0.17924598204419123,0.17924598204419123,0.17924598204419123,0.17924598204419123,0.2011726994453392,0.13778238589546107,0.17924598204419123,0.17924598204419123,0.17924598204419123,0.17924598204419123,0.2011726994453392,10,10,10,0.02687846935699166,0.13360893118747846,0.8855104496803741,0.8910055019314105,0.8910055019314105,0.1089944980685895,0.04146359614873016,0,0,0,0.02192671740114796,RP10-RP20,0.04146359614873016,0.2061094585053091,FALSE,early exposure
16077007,Gerstenberg,3132022.8779504225,TRUE,FALSE,FALSE,0,0.00205789176785201,0.00205789176785201,0.00205789176785201,0.00205789176785201,0.00205789176785201,0,0.00205789176785201,0.00205789176785201,0.00205789176785201,0.00205789176785201,0.00205789176785201,20,NA,NA,8.610326731945241e-4,0.41840522744947584,0.911408089932221,1,1,0,0.00205789176785201,0,0,0,0,RP10-RP20,0.00205789176785201,1,TRUE,early exposure
13076143,Vielank,77435610.78714007,TRUE,FALSE,FALSE,0.01385869912587367,0.01763573353798067,0.09965463421138236,0.10467810956223685,0.11797009191936568,0.16990708092745702,0.01385869912587367,0.01763573353798067,0.09965463421138236,0.10467810956223685,0.11797009191936568,0.16990708092745702,10,10,50,0.09307271930935732,0.5477859945642605,0.5183259263763375,0.5865243147454848,0.6160903300253264,0.3839096699746735,0.0037770344121070016,0.08201890067340169,0.005023475350854484,0.013291982357128834,0.051936989008091336,RP20-RP50,0.08201890067340169,0.4827279724052243,FALSE,early exposure
13076145,Warlitz,23676572.627560373,TRUE,FALSE,FALSE,0,0,1.3558984417097409e-5,1.3558984417097409e-5,1.3558984417097409e-5,2.4603061708525036e-4,0,0,1.3558984417097409e-5,1.3558984417097409e-5,1.3558984417097409e-5,2.4603061708525036e-4,50,NA,NA,1.1033477221073857e-4,0.4484595190545217,0.14955000231169205,0.05511096373992827,0.05511096373992827,0.9448890362600717,0,1.3558984417097409e-5,0,0,2.3247163266815294e-4,RP200-RP500,2.3247163266815294e-4,0.9448890362600717,TRUE,delayed jump
16051000,Erfurt,270313726.8842227,TRUE,FALSE,FALSE,0.02875385193639054,0.03462657563483837,0.03883170493748375,0.04209057240287468,0.0443842036111246,0.04554555574954245,0.02875385193639054,0.03462657563483837,0.03883170493748375,0.04209057240287468,0.0443842036111246,0.04554555574954245,10,10,NA,0.00983506691892989,0.21593911320378814,0.869014316718091,0.8525904294816702,0.9241422507682875,0.0758577492317125,0.005872723698447831,0.004205129302645383,0.003258867465390926,0.0022936312082499216,0.001161352138417851,RP10-RP20,0.005872723698447831,0.12894175077678854,FALSE,early exposure
14524320,Wilkau-Haßlau,12677525.147904396,TRUE,FALSE,FALSE,0.09482093411271313,0.10614159920900114,0.10880651505827336,0.11815921606231114,0.1260471909496282,0.13675064541605797,0.09482093411271313,0.10614159920900114,0.10880651505827336,0.11815921606231114,0.1260471909496282,0.13675064541605797,10,10,10,0.0235402388093138,0.1721398735464366,0.8445703655231661,0.79565631831012,0.8640486902479824,0.13595130975201766,0.011320665096288013,0.002664915849272226,0.009352701004037775,0.007887974887317073,0.010703454466429757,RP10-RP20,0.011320665096288013,0.0827832663008308,FALSE,early exposure
03357040,Sandbostel,31710155.172446847,TRUE,FALSE,FALSE,0.06144329096217241,0.06144329096217241,0.0935856752839572,0.0964238827764958,0.0964238827764958,0.0964238827764958,0.06144329096217241,0.06144329096217241,0.0935856752839572,0.0964238827764958,0.0964238827764958,0.0964238827764958,10,10,10,0.02417652346676249,0.25073169396011646,0.8871806742886421,0.97056530590956,1,0,0,0.03214238432178479,0.0028382074925386025,0,0,RP20-RP50,0.03214238432178479,0.33334463823956056,FALSE,early exposure
03357042,Seedorf,18706735.80417411,TRUE,FALSE,FALSE,0.03988732677335337,0.03988732677335337,0.06360523362637553,0.07324593065984923,0.07429810424588494,0.07579154826606206,0.03988732677335337,0.03988732677335337,0.06360523362637553,0.07324593065984923,0.07429810424588494,0.07579154826606206,10,10,50,0.024876751545481607,0.32822593171145065,0.8175061545390581,0.8392127497263001,0.9664129092959471,0.0335870907040529,0,0.023717906853022164,0.0096406970334737,0.0010521735860357095,0.0014934440201771204,RP20-RP50,0.023717906853022164,0.31293603832661865,FALSE,early exposure
03357043,Selsingen,42074024.25889544,TRUE,FALSE,FALSE,0.02518259476486804,0.02584871524141249,0.0293768096054224,0.03327607891062544,0.03926526156894635,0.05123457840646544,0.02518259476486804,0.02584871524141249,0.0293768096054224,0.03327607891062544,0.03926526156894635,0.05123457840646544,10,10,500,0.014846066423365153,0.2897665382465933,0.655110002476686,0.573378575936818,0.649484780505703,0.350515219494297,6.66120476544449e-4,0.0035280943640099115,0.003899269305203037,0.005989182658320914,0.01196931683751909,RP200-RP500,0.01196931683751909,0.23361794338506056,FALSE,early exposure
16077036,Nobitz,100760296.6100366,TRUE,FALSE,FALSE,0.01178276168317803,0.01188200712345995,0.01607829076922579,0.01668169650984997,0.01715611884937591,0.01725536428965783,0.01178276168317803,0.01188200712345995,0.01607829076922579,0.01668169650984997,0.01715611884937591,0.01725536428965783,10,10,NA,0.0037339581656476604,0.21639405016129643,0.8867402501112833,0.93178506691177,0.96675423536832,0.03324576463168001,9.924544028191984e-5,0.004196283645765839,6.034057406241813e-4,4.7442233952594073e-4,9.924544028191984e-5,RP20-RP50,0.004196283645765839,0.24318719531646873,TRUE,early exposure
01053028,Escheburg,8661986.821033394,TRUE,FALSE,FALSE,0.01302336924505303,0.08925409881977829,0.09271750746029396,0.09271750746029396,0.09271750746029396,0.16785591238110836,0.01302336924505303,0.08925409881977829,0.09271750746029396,0.09271750746029396,0.09271750746029396,0.16785591238110836,10,10,20,0.06692705811541078,0.398717311568128,0.558481569407966,0.5523636680117859,0.5523636680117859,0.4476363319882141,0.07623072957472526,0.0034634086405156694,0,0,0.0751384049208144,RP10-RP20,0.07623072957472526,0.4541438457148131,FALSE,gradual increase
14524310,Wildenfels,20947435.8155518,TRUE,FALSE,FALSE,0.02497137411201456,0.0273583011058607,0.03051933059350613,0.03641235492879064,0.03910266247822513,0.04248526265885038,0.02497137411201456,0.0273583011058607,0.03051933059350613,0.03641235492879064,0.03910266247822513,0.04248526265885038,10,10,NA,0.010875509811192577,0.2559831134509187,0.7905969830469354,0.7183509924034435,0.8570584868728675,0.14294151312713257,0.002386926993846142,0.00316102948764543,0.005893024335284512,0.002690307549434487,0.0033826001806252504,RP50-RP100,0.005893024335284512,0.13870749446942393,FALSE,early exposure
12061332,Mittenwalde,99433041.5393216,TRUE,FALSE,FALSE,0.0148912201590541,0.03751951318084826,0.04755162349637508,0.05157443114469404,0.05438602328868716,0.05478830405351906,0.0148912201590541,0.03751951318084826,0.04755162349637508,0.05157443114469404,0.05438602328868716,0.05478830405351906,10,10,100,0.021433238850203495,0.3912009911689689,0.8315766351117686,0.8679155947211845,0.9413401643955688,0.05865983560443124,0.022628293021794157,0.010032110315526824,0.004022807648318957,0.0028115921439931246,4.022807648318971e-4,RP10-RP20,0.022628293021794157,0.4130132044184116,FALSE,early exposure
16062064,Heringen/Helme,66707462.69770858,TRUE,FALSE,FALSE,0.03120712797710849,0.0382138952488643,0.04473471941665911,0.05561550196734237,0.06167261563399338,0.06389216098945345,0.03120712797710849,0.0382138952488643,0.04473471941665911,0.05561550196734237,0.06167261563399338,0.06389216098945345,10,10,100,0.020617015273179645,0.3226845821756263,0.7802300757695388,0.7001597492381479,0.8704589280760547,0.12954107192394532,0.007006767271755813,0.006520824167794807,0.010880782550683261,0.006057113666651008,0.0022195453554600744,RP50-RP100,0.010880782550683261,0.17029917883790674,FALSE,early exposure
03357035,Oerel,34129029.76315896,TRUE,FALSE,FALSE,3.96642736390147e-6,0.00267162880668431,0.00589469142414967,0.00589469142414967,0.02469092591251462,0.03389472293883153,3.96642736390147e-6,0.00267162880668431,0.00589469142414967,0.00589469142414967,0.02469092591251462,0.03389472293883153,10,200,NA,0.0199094151070923,0.587389817082206,0.3497721099858785,0.1739117748443493,0.1739117748443493,0.8260882251556507,0.0026676623793204087,0.0032230626174653597,0,0.018796234488364948,0.00920379702631691,RP100-RP200,0.018796234488364948,0.5545475182755077,FALSE,delayed jump
14522140,Flöha,27931186.062496617,TRUE,FALSE,FALSE,0.1128307962056049,0.11575418854117238,0.13790003705180023,0.14664347292660232,0.15412448166264678,0.15484052715943483,0.1128307962056049,0.11575418854117238,0.13790003705180023,0.14664347292660232,0.15412448166264678,0.15484052715943483,10,10,10,0.028312148108288318,0.18284714362368526,0.8912019563022524,0.8905939522526202,0.9470613128022211,0.05293868719777892,0.0029233923355674735,0.022145848510627855,0.008743435874802086,0.007481008736044459,7.160454967880536e-4,RP20-RP50,0.022145848510627855,0.1430235928338381,FALSE,early exposure
03357036,Ostereistedt,28430467.63820198,TRUE,FALSE,FALSE,0.06794247831105464,0.08457731511871121,0.1061127442440517,0.10829362725440762,0.11673228818615122,0.12178400837034316,0.06794247831105464,0.08457731511871121,0.1061127442440517,0.10829362725440762,0.11673228818615122,0.12178400837034316,10,10,10,0.031213580127089705,0.25630278182476735,0.8433573463091453,0.8713191958780384,0.8892269905018111,0.11077300949818886,0.016634836807656567,0.021535429125340497,0.002180883010355919,0.0084386609317436,0.005051720184191935,RP20-RP50,0.021535429125340497,0.17683298007281556,FALSE,early exposure
03357038,Rhade,24523659.21658419,TRUE,FALSE,FALSE,0.00160288088325586,0.0019714001698119,0.0019714001698119,0.0019714001698119,0.0019714001698119,0.0019714001698119,0.00160288088325586,0.0019714001698119,0.0019714001698119,0.0019714001698119,0.0019714001698119,0.0019714001698119,10,NA,NA,1.54190395910998e-4,0.07821364645905979,0.9834392692093914,1,1,0,3.6851928655604006e-4,0,0,0,0,RP10-RP20,3.6851928655604006e-4,0.1869327659595373,TRUE,early exposure
01053032,Geesthacht,33146931.69190304,TRUE,FALSE,FALSE,0.08909678104476695,0.10309260189839796,0.103394288947231,0.103394288947231,0.103695975996064,0.10519626622413712,0.08909678104476695,0.10309260189839796,0.103394288947231,0.103394288947231,0.103695975996064,0.10519626622413712,10,10,10,0.006916808066159047,0.06575145976589813,0.9728356575016713,0.9828703304633767,0.9828703304633767,0.01712966953662333,0.013995820853631005,3.0168704883304365e-4,0,3.01687048833002e-4,0.0015002902280731173,RP10-RP20,0.013995820853631005,0.13304484423250076,FALSE,early exposure
13076161,Zierzow,13267494.49789133,TRUE,FALSE,FALSE,0,5.378546529038073e-4,5.378546529038073e-4,8.831820141736549e-4,8.831820141736549e-4,8.831820141736549e-4,0,5.378546529038073e-4,5.378546529038073e-4,8.831820141736549e-4,8.831820141736549e-4,8.831820141736549e-4,20,NA,NA,4.851173900289247e-4,0.5492835930120502,0.7505460390510224,0.6089963838394609,1,0,5.378546529038073e-4,0,3.4532736126984757e-4,0,0,RP10-RP20,5.378546529038073e-4,0.6089963838394609,TRUE,early exposure
12070241,Legde/Quitzöbel,41819617.7754618,TRUE,FALSE,FALSE,0.11745607252847004,0.1578341491839931,0.19252157106098697,0.2024996853023308,0.20740573552224872,0.2652321229905037,0.11745607252847004,0.1578341491839931,0.19252157106098697,0.2024996853023308,0.20740573552224872,0.2652321229905037,10,10,10,0.07661034479893807,0.28884263314395375,0.7241996603250401,0.7258606871984354,0.7634809955111699,0.2365190044888301,0.040378076655523065,0.03468742187699386,0.009978114241343844,0.004906050219917912,0.05782638746825497,RP200-RP500,0.05782638746825497,0.21802180978781885,FALSE,early exposure
12070244,Lenzen (Elbe),96076567.98372813,TRUE,FALSE,FALSE,0.31255911183131185,0.34272108451319916,0.35982537330375614,0.38853410270872873,0.3898871901756127,0.3911110755565361,0.31255911183131185,0.34272108451319916,0.35982537330375614,0.38853410270872873,0.3898871901756127,0.3911110755565361,10,10,10,0.04740692164172307,0.12121089021645522,0.9384905248841606,0.9200081403773553,0.9934111483697043,0.006588851630295707,0.030161972681887306,0.017104288790556976,0.0287087294049726,0.001353087466883951,0.0012238853809234396,RP10-RP20,0.030161972681887306,0.07711868716314917,FALSE,early exposure
12070246,Lenzerwische,42129893.85059176,TRUE,FALSE,FALSE,0.7234705177840767,0.8515524250870367,0.878772047095938,0.9000136743143662,0.9090333979658812,0.9181104038171808,0.7234705177840767,0.8515524250870367,0.878772047095938,0.9000136743143662,0.9090333979658812,0.9181104038171808,10,10,10,0.09823476835147861,0.10699668356120674,0.9519660727836285,0.9571529125934227,0.9802891575701846,0.01971084242981536,0.12808190730295999,0.02721962200890138,0.02124162721842815,0.009019723651515044,0.009077005851299558,RP10-RP20,0.12808190730295999,0.13950599706793473,FALSE,early exposure
01053019,Buchhorst,5373355.969790967,TRUE,FALSE,FALSE,0.15542558320127656,0.15542558320127656,0.15542558320127656,0.28095250071268113,0.28095250071268113,0.28095250071268113,0.15542558320127656,0.15542558320127656,0.15542558320127656,0.28095250071268113,0.28095250071268113,0.28095250071268113,10,10,10,0.09453801325030349,0.3364910901682408,0.7766047335528508,0.5532094671057015,1,0,0,0,0.12552691751140457,0,0,RP50-RP100,0.12552691751140457,0.4467905328942985,FALSE,early exposure
14521240,Großolbersdorf,22676551.100191567,TRUE,FALSE,FALSE,0.0078095768447279,0.01482506848216015,0.02849557766278158,0.03114148266548251,0.03114148266548251,0.0311456402991234,0.0078095768447279,0.01482506848216015,0.02849557766278158,0.03114148266548251,0.03114148266548251,0.0311456402991234,10,20,NA,0.014303257101374322,0.45923785685590446,0.8082776745757642,0.9149138495503525,0.9998665099320175,1.3349006798246707e-4,0.007015491637432251,0.01367050918062143,0.0026459050027009302,0,4.157633640887448e-6,RP20-RP50,0.01367050918062143,0.4389220786386013,FALSE,early exposure
14627100,Klipphausen,112347451.21716762,TRUE,FALSE,FALSE,0.019113398367087642,0.019942052805589,0.02104594365263014,0.02184702991693738,0.02202504908678343,0.02265038333656359,0.019113398367087642,0.019942052805589,0.02104594365263014,0.02184702991693738,0.02202504908678343,0.02265038333656359,10,10,NA,0.0020978970662225618,0.09262081948238,0.9350352034611502,0.9291650097001463,0.9645324581182965,0.035467541881703514,8.286544385013583e-4,0.0011038908470411384,8.010862643072422e-4,1.7801916984604843e-4,6.253342497801601e-4,RP20-RP50,0.0011038908470411384,0.04873607791260523,FALSE,early exposure
12061328,Märkisch Buchholz,24941661.900900096,TRUE,FALSE,FALSE,0.02870958251422618,0.03708003427439158,0.08318046927980288,0.0979163466026299,0.10486746368657374,0.11968974818995734,0.02870958251422618,0.03708003427439158,0.08318046927980288,0.0979163466026299,0.10486746368657374,0.11968974818995734,10,10,50,0.05730536881652002,0.47878259987289595,0.6702285345444453,0.6949673680304577,0.8180846570687802,0.1819153429312198,0.008370451760165397,0.046100435005411305,0.014735877322827023,0.006951117083943831,0.014822284503383604,RP20-RP50,0.046100435005411305,0.38516611240794135,FALSE,early exposure
12061329,Märkische Heide,212076425.67274225,TRUE,FALSE,FALSE,0.08523898683637586,0.1059363134850787,0.1367040661746706,0.14486150278985377,0.16800521095525864,0.1935937723510035,0.08523898683637586,0.1059363134850787,0.1367040661746706,0.14486150278985377,0.16800521095525864,0.1935937723510035,10,10,10,0.06251484877666014,0.32291766422793255,0.7250348832323145,0.7061387590857696,0.7482756342347955,0.25172436576520446,0.020697326648702843,0.030767752689591893,0.008157436615183172,0.02314370816540487,0.025588561395744863,RP20-RP50,0.030767752689591893,0.15892945478538997,FALSE,early exposure
01053022,Dalldorf,6088334.982582103,TRUE,FALSE,FALSE,0.03755588663243759,0.03755588663243759,0.03755588663243759,0.13330419729241869,0.1644734263996152,0.1644734263996152,0.03755588663243759,0.03755588663243759,0.03755588663243759,0.13330419729241869,0.1644734263996152,0.1644734263996152,10,10,100,0.09297705808970068,0.5653013992898623,0.5805921085398893,0.2283401486461977,0.8104907899743892,0.18950921002561083,0,0,0.0957483106599811,0.031169229107196522,0,RP50-RP100,0.0957483106599811,0.5821506413281915,FALSE,early exposure
12070236,Lanz,60770781.9897092,TRUE,FALSE,FALSE,0.30142450298999246,0.3210257746576678,0.33550641767702233,0.3375448478582254,0.35535679170513296,0.3621678530955436,0.30142450298999246,0.3210257746576678,0.33550641767702233,0.3375448478582254,0.35535679170513296,0.3621678530955436,10,10,10,0.03454981086618781,0.09539723244589883,0.9307153098538281,0.9263837604838778,0.9320121732868919,0.06798782671310806,0.019601271667675335,0.014480643019354533,0.002038430181203088,0.01781194384690754,0.006811061390410655,RP10-RP20,0.019601271667675335,0.05412206384453542,FALSE,early exposure
14524330,Zwickau,103508554.81607848,TRUE,FALSE,FALSE,0.06590313958028761,0.0720542101073034,0.07604278133853787,0.07836016414045407,0.07997147776010771,0.0831195560512165,0.06590313958028761,0.0720542101073034,0.07604278133853787,0.07836016414045407,0.07997147776010771,0.0831195560512165,10,10,10,0.009500685132907593,0.11430144221479578,0.9188157056869941,0.9148602922239133,0.9427404074700568,0.05725959252994313,0.006151070527015787,0.003988571231234472,0.002317382801916207,0.001611313619653637,0.0031480782911087885,RP10-RP20,0.006151070527015787,0.07400268744488515,FALSE,early exposure
14521270,Grünhainichen,28862952.942897946,TRUE,FALSE,FALSE,0.0461568962107759,0.0485243797836527,0.04902694622406248,0.0496031591635918,0.0496031591635918,0.049612739386785,0.0461568962107759,0.0485243797836527,0.04902694622406248,0.0496031591635918,0.0496031591635918,0.049612739386785,10,10,NA,0.0017732876490931973,0.035742586904313214,0.9868137114987691,0.9881926865969719,0.9998068999351454,1.931000648545913e-4,0.002367483572876798,5.02566440409781e-4,5.76212939529322e-4,0,9.58022319320212e-6,RP10-RP20,0.002367483572876798,0.04771926731196399,FALSE,early exposure
15083361,Loitsche-Heinrichsberg,31181807.099593844,TRUE,FALSE,FALSE,0.4658628348768875,0.46606838052093014,0.4734153663874945,0.4844062297769568,0.4844062297769568,0.4844062297769568,0.4658628348768875,0.46606838052093014,0.4734153663874945,0.4844062297769568,0.4844062297769568,0.4844062297769568,10,10,10,0.013401132715780709,0.027665070950782994,0.9841541476423654,0.9773106481423185,1,0,2.055456440426262e-4,0.007346985866564348,0.010990863389462313,0,0,RP50-RP100,0.010990863389462313,0.022689351857681554,FALSE,early exposure
12072426,Trebbin,126803367.34115852,TRUE,FALSE,FALSE,0.04659012262342871,0.05757221530578624,0.06708788905836145,0.0718718052836312,0.08353369100779472,0.0906977142093652,0.04659012262342871,0.05757221530578624,0.06708788905836145,0.0718718052836312,0.08353369100779472,0.0906977142093652,10,10,20,0.025643149334587074,0.282732035290248,0.7752139993043734,0.7396866574111979,0.7924323772672311,0.20756762273276885,0.01098209268235753,0.009515673752575213,0.0047839162252697465,0.011661885724163518,0.007164023201570488,RP100-RP200,0.011661885724163518,0.12857970926635925,FALSE,early exposure
16077048,Treben,9990578.13175702,TRUE,FALSE,FALSE,0.2709809488868801,0.3049092213875238,0.3263273718782156,0.3404373785864657,0.3436202084239916,0.35240637755605253,0.2709809488868801,0.3049092213875238,0.3263273718782156,0.3404373785864657,0.3436202084239916,0.35240637755605253,10,10,10,0.04545757846231511,0.12899192908358997,0.9254366165792782,0.9259973503921934,0.9660363724045173,0.033963627595482604,0.033928272500643675,0.02141815049069179,0.014110006708250133,0.00318282983752588,0.008786169132060928,RP10-RP20,0.033928272500643675,0.09627598891920497,FALSE,early exposure
15084246,Kaiserpfalz,41118282.15318236,TRUE,FALSE,FALSE,0.1278569841363394,0.15324955439958288,0.15373595604266446,0.16759288980788747,0.16759288980788747,0.16759288980788747,0.1278569841363394,0.15324955439958288,0.15373595604266446,0.16759288980788747,0.16759288980788747,0.16759288980788747,10,10,10,0.02139395824211791,0.1276543310795698,0.9443819530140677,0.9173178899110381,1,0,0.025392570263243486,4.864016430815854e-4,0.013856933765223012,0,0,RP10-RP20,0.025392570263243486,0.15151341021896042,FALSE,early exposure
15090070,Bismark (Altmark),290854038.40629816,TRUE,FALSE,FALSE,0.03281071517903882,0.0332341037867582,0.03661891599675642,0.03735889286162983,0.03808090449726217,0.03818404901663821,0.03281071517903882,0.0332341037867582,0.03661891599675642,0.03735889286162983,0.03808090449726217,0.03818404901663821,10,10,NA,0.003583480444272815,0.09384757605751455,0.9480507313121341,0.9590108157676049,0.9783900299664703,0.02160997003352972,4.2338860771937853e-4,0.003384812209998221,7.399768648734054e-4,7.2201163563234e-4,1.0314451937604163e-4,RP20-RP50,0.003384812209998221,0.08864466438651733,FALSE,early exposure
12061344,Münchehofe,62439240.78617816,TRUE,FALSE,FALSE,0.01268143629768701,0.02249774661832494,0.0368625920094317,0.03913141450501541,0.04217490366645356,0.04389946628353994,0.01268143629768701,0.02249774661832494,0.0368625920094317,0.03913141450501541,0.04217490366645356,0.04389946628353994,10,10,NA,0.01845241471007328,0.42033346352987433,0.7764171030479536,0.8397047875557724,0.8913870217070883,0.10861297829291168,0.00981631032063793,0.01436484539110676,0.0022688224955837097,0.003043489161438151,0.001724562617086381,RP20-RP50,0.01436484539110676,0.32722141308795005,FALSE,early exposure
14522150,Frankenberg/Sa.,65535416.38795091,TRUE,FALSE,FALSE,0.0215011857509468,0.02987503182472364,0.03184103987207721,0.03450935012611415,0.03602956653108578,0.03941743191489107,0.0215011857509468,0.02987503182472364,0.03184103987207721,0.03450935012611415,0.03602956653108578,0.03941743191489107,10,10,NA,0.009351426546547928,0.23724088790815306,0.8306543773797309,0.8077908256638187,0.8754844861691066,0.12451551383089347,0.00837384607377684,0.0019660080473535707,0.0026683102540369374,0.0015202164049716305,0.00338786538380529,RP10-RP20,0.00837384607377684,0.21244017347089977,FALSE,early exposure
16077052,Windischleuba,20480388.417354092,TRUE,FALSE,FALSE,0.08497639012669597,0.13234254821271524,0.13820181208772642,0.14064578251649237,0.14259887047482944,0.1430871424644137,0.08497639012669597,0.13234254821271524,0.13820181208772642,0.14064578251649237,0.14259887047482944,0.1430871424644137,10,10,10,0.02719608693943585,0.1900666018695539,0.9378260679776959,0.9658576564424558,0.9829379502177947,0.017062049782205303,0.04736615808601927,0.005859263875011178,0.002443970428765957,0.0019530879583370686,4.882719895842602e-4,RP10-RP20,0.04736615808601927,0.33103014897232574,FALSE,early exposure
15084250,Karsdorf,19995011.690175444,TRUE,FALSE,FALSE,0.11041590922137162,0.1107830245679942,0.11628435886402114,0.13028785155202882,0.130996606683265,0.1314967314221224,0.11041590922137162,0.1107830245679942,0.11628435886402114,0.13028785155202882,0.130996606683265,0.1314967314221224,10,10,10,0.015163972208536065,0.11531824437413314,0.9271860091796855,0.884313682982222,0.9908067686776723,0.00919323132232776,3.6711534662257905e-4,0.005501334296026936,0.014003492688007685,7.087551312361662e-4,5.001247388574104e-4,RP50-RP100,0.014003492688007685,0.10649308569545024,FALSE,early exposure
12062224,Herzberg (Elster),149470443.50750053,TRUE,FALSE,FALSE,0.21869083616123677,0.27149465865813854,0.30086504468678366,0.32672108000750755,0.33148059334504776,0.3354947648823784,0.21869083616123677,0.27149465865813854,0.30086504468678366,0.32672108000750755,0.33148059334504776,0.3354947648823784,10,10,10,0.06663555784211407,0.19861877089341728,0.9015879614858393,0.8967801473512244,0.973848519281823,0.026151480718177005,0.05280382249690177,0.029370386028645112,0.02585603532072389,0.004759513337540211,0.004014171537330635,RP10-RP20,0.05280382249690177,0.15739089852986035,FALSE,early exposure
14626600,Weißwasser/O.L.,63633887.4327344,TRUE,FALSE,FALSE,0.02665507855908595,0.03089810080545443,0.03686976174478786,0.04032703913071773,0.04428465695635544,0.05013696307842934,0.02665507855908595,0.03089810080545443,0.03686976174478786,0.04032703913071773,0.04428465695635544,0.05013696307842934,10,10,500,0.013666628521860074,0.272585886394462,0.7664609921619032,0.7353808344377066,0.8043374918347981,0.19566250816520195,0.00424302224636848,0.005971660939333427,0.003457277385929873,0.003957617825637708,0.005852306122073901,RP20-RP50,0.005971660939333427,0.11910695368588535,FALSE,early exposure
12062232,Hirschfeld,20331321.413827352,TRUE,FALSE,FALSE,0,0,0,0,8.727405900657209e-4,0.00650241640679143,0,0,0,0,8.727405900657209e-4,0.00650241640679143,200,NA,NA,0.0030310486141508133,0.4661418808837039,0.14472129714686474,0,0,1,0,0,0,8.727405900657209e-4,0.005629675816725709,RP200-RP500,0.005629675816725709,0.865782113068891,TRUE,delayed jump
14522500,Rossau,53736567.17403154,TRUE,FALSE,FALSE,0.01856113470998431,0.02233405000666286,0.02430986816927803,0.02552723128377595,0.02571332430247612,0.02586769042551755,0.01856113470998431,0.02233405000666286,0.02430986816927803,0.02552723128377595,0.02571332430247612,0.02586769042551755,10,10,NA,0.0040418645342865074,0.1562514653530627,0.9309287473379042,0.9397772962868466,0.986838440690254,0.013161559309746036,0.003772915296678548,0.001975818162615172,0.0012173631144979206,1.8609301870016817e-4,1.5436612304143074e-4,RP10-RP20,0.003772915296678548,0.14585435478061473,FALSE,early exposure
12067040,Berkenbrück,18065164.542990662,TRUE,FALSE,FALSE,0.12847024394367904,0.1530757770586691,0.24831057733445788,0.303290253550431,0.3318962590507526,0.35573379002826083,0.12847024394367904,0.1530757770586691,0.24831057733445788,0.303290253550431,0.3318962590507526,0.35573379002826083,10,10,10,0.1465119087136227,0.41185828510129213,0.7241917988890972,0.6980235903784433,0.8525764547875434,0.14742354521245657,0.024605533114990058,0.09523480027578879,0.054979676215973106,0.028606005500321607,0.023837530977508237,RP20-RP50,0.09523480027578879,0.26771367507208965,FALSE,early exposure
15083390,Niedere Börde,78188879.80222008,TRUE,FALSE,FALSE,0.03096444464243548,0.04042870608053053,0.04643979104796927,0.04669558189764752,0.04695137274732576,0.04695589212172338,0.03096444464243548,0.04042870608053053,0.04643979104796927,0.04669558189764752,0.04695137274732576,0.04695589212172338,10,10,NA,0.008447348226001777,0.17989964292668081,0.9379716195721068,0.989008811238934,0.9944562820060779,0.005543717993922076,0.009464261438095048,0.00601108496743874,2.5579084967825017e-4,2.557908496782432e-4,4.519374397618514e-6,RP10-RP20,0.009464261438095048,0.20155641838431945,FALSE,early exposure
12066196,Lübbenau/Spreewald,139475729.36291802,TRUE,FALSE,FALSE,0.1677836946152464,0.19562508364251063,0.2317050136760636,0.23923728842572375,0.2403380326115583,0.24872892141937397,0.1677836946152464,0.19562508364251063,0.2317050136760636,0.23923728842572375,0.2403380326115583,0.24872892141937397,10,10,10,0.046444368594283504,0.18672685238712214,0.8994710522991012,0.9315563801500716,0.9618394477832086,0.03816055221679137,0.02784138902726424,0.036079930033552976,0.007532274749660145,0.0011007441858345568,0.00839088880781566,RP20-RP50,0.036079930033552976,0.14505723672045256,FALSE,early exposure
12067036,Beeskow,77998345.07864317,TRUE,FALSE,FALSE,0.1103678252363197,0.11511151562650604,0.14714366357707676,0.16560559374428857,0.18419573175988385,0.18641441264182013,0.1103678252363197,0.11511151562650604,0.14714366357707676,0.16560559374428857,0.18419573175988385,0.18641441264182013,10,10,10,0.05126183794754386,0.27498859782928503,0.8196172931167353,0.789336304483072,0.888373336575032,0.111626663424968,0.004743690390186336,0.032032147950570716,0.018461930167211815,0.01859013801559528,0.0022186808819362747,RP20-RP50,0.032032147950570716,0.1718330009821603,FALSE,early exposure
15085135,Halberstadt,143084427.54699445,TRUE,FALSE,FALSE,5.003412323062073e-4,0.00269126653665004,0.00359982103296169,0.00464805045587954,0.00499297499051242,0.00503829613589715,5.003412323062073e-4,0.00269126653665004,0.00359982103296169,0.00464805045587954,0.00499297499051242,0.00503829613589715,10,NA,NA,0.0025797200656796494,0.5120223178823309,0.7500766823686144,0.714491751946352,0.9225441162068334,0.07745588379316659,0.0021909253043438325,9.0855449631165e-4,0.00104822942291785,3.449245346328804e-4,4.5321145384729505e-5,RP10-RP20,0.0021909253043438325,0.4348544121362376,TRUE,early exposure
15084285,Laucha an der Unstrut,31292658.355307817,TRUE,FALSE,FALSE,0.16023024790016163,0.16095436420332873,0.17321872211894226,0.1735382858928619,0.17500279658884046,0.1893831664152241,0.16023024790016163,0.16095436420332873,0.17321872211894226,0.1735382858928619,0.17500279658884046,0.1893831664152241,10,10,10,0.01618338996360317,0.08545315969699738,0.9074823757897973,0.9146468791167999,0.916334271824233,0.083665728175767,7.241163031670994e-4,0.012264357915613533,3.195637739196455e-4,0.0014645106959785548,0.014380369826383632,RP200-RP500,0.014380369826383632,0.07593267183448901,FALSE,early exposure
15089075,Egeln,29290742.118436176,TRUE,FALSE,FALSE,0.11676128287442132,0.15472382922911015,0.18602837720009288,0.18779732882729291,0.1954155596142013,0.2182342397161924,0.11676128287442132,0.15472382922911015,0.18602837720009288,0.18779732882729291,0.1954155596142013,0.2182342397161924,10,10,10,0.05369805094734698,0.246056947879397,0.8223664142470284,0.8524252539015768,0.8605310013292055,0.13946899867079454,0.037962546354688834,0.03130454797098273,0.0017689516272000327,0.007618230786908375,0.022818680101991118,RP10-RP20,0.037962546354688834,0.1739532091942038,FALSE,early exposure
12062240,Hohenleipisch,35031725.017906845,TRUE,FALSE,FALSE,0.01470809525665375,0.01470809525665375,0.01470809525665375,0.01470809525665375,0.01470809525665375,0.01470809525665375,0.01470809525665375,0.01470809525665375,0.01470809525665375,0.01470809525665375,0.01470809525665375,0.01470809525665375,10,10,NA,0,0,1,1,1,0,0,0,0,0,0,NA,0,0,TRUE,early exposure
14522510,Roßwein,44606404.11931287,TRUE,FALSE,FALSE,0.04987561072703712,0.05054815989553222,0.05211744128868744,0.05234162434485247,0.05435927185033775,0.05480763796266781,0.04987561072703712,0.05054815989553222,0.05211744128868744,0.05234162434485247,0.05435927185033775,0.05480763796266781,10,10,20,0.003071823699224302,0.056047365174114336,0.9562892610582513,0.9509156611380918,0.9550060227099174,0.04499397729008258,6.725491684951013e-4,0.0015692813931552224,2.2418305616502682e-4,0.002017647505485283,4.483661123300606e-4,RP100-RP200,0.002017647505485283,0.03681325414643124,FALSE,early exposure
15084275,Kretzschau,27871911.810787264,TRUE,FALSE,FALSE,0.03910064554272921,0.0398182138292455,0.04836008387833122,0.04895554123595079,0.04923272370860872,0.05059539137060116,0.03910064554272921,0.0398182138292455,0.04836008387833122,0.04895554123595079,0.04923272370860872,0.05059539137060116,10,10,500,0.007383380640571984,0.14592990469211314,0.91568553299273725,0.9558199386996188,0.9675889425849324,0.032411057415067515,7.175682865162847e-4,0.008541870049085722,5.954573576195735e-4,2.771824726579275e-4,0.001362667661992438,RP20-RP50,0.008541870049085722,0.16882703775366073,FALSE,early exposure
15082430,Zerbst/Anhalt,470995786.36170936,TRUE,FALSE,FALSE,0.04142904996991911,0.04249062771943195,0.04363660384942673,0.04626397611754298,0.04700708255317298,0.04762279931412356,0.04142904996991911,0.04249062771943195,0.04363660384942673,0.04626397611754298,0.04700708255317298,0.04762279931412356,10,10,NA,0.003973756355552429,0.08344230941447253,0.9413764409939251,0.9162964898723491,0.9714669608643188,0.02853303913568122,0.0010615777495128348,0.0011459761299947857,0.0026273722681162473,7.431064356299977e-4,6.157167609505826e-4,RP50-RP100,0.0026273722681162473,0.05517047099196968,FALSE,early exposure
14522540,Striegistal,77063893.43353254,TRUE,FALSE,FALSE,0.00214168644071728,0.00214168644071728,0.00214168644071728,0.00227144889566805,0.00227144889566805,0.00227144889566805,0.00214168644071728,0.00214168644071728,0.00214168644071728,0.00227144889566805,0.00227144889566805,0.00227144889566805,10,NA,NA,9.772792106054262e-5,0.04302448593359161,0.9714361931720665,0.9428723863441331,1,0,0,0,1.2976245495077005e-4,0,0,RP50-RP100,1.2976245495077005e-4,0.05712761365586697,TRUE,early exposure
14625310,Lauta,42056455.59038755,TRUE,FALSE,FALSE,0.00127783532683265,0.00203239617407139,0.00203239617407139,0.00203239617407139,0.00203239617407139,0.00203239617407139,0.00127783532683265,0.00203239617407139,0.00203239617407139,0.00203239617407139,0.00203239617407139,0.00203239617407139,10,NA,NA,3.157122029133936e-4,0.15533989236013196,0.9671087814609843,1,1,0,7.545608472387397e-4,0,0,0,0,RP10-RP20,7.545608472387397e-4,0.3712666146813141,TRUE,early exposure
13076103,Neu Kaliß,34292865.865348294,TRUE,FALSE,FALSE,0.13128097048212364,0.21134082443532723,0.21159738108870033,0.2123638012699958,0.2470936291822999,0.27569669135945385,0.13128097048212364,0.21134082443532723,0.21159738108870033,0.2123638012699958,0.2470936291822999,0.27569669135945385,10,10,10,0.06993199958333687,0.253655563432785,0.7957061333635581,0.7675006183255906,0.7702805580394706,0.22971944196052943,0.08005985395320359,2.5655665337309674e-4,7.664201812954685e-4,0.03472982791230411,0.028603062177153943,RP10-RP20,0.08005985395320359,0.29039105822572747,FALSE,early exposure
13076105,Neustadt-Glewe,94112757.09683424,TRUE,FALSE,FALSE,0.10946379992679443,0.16037437473389754,0.2084922252295193,0.2370749867455374,0.2627203384585573,0.2890738738746075,0.10946379992679443,0.16037437473389754,0.2084922252295193,0.2370749867455374,0.2627203384585573,0.2890738738746075,10,10,10,0.10444273700360343,0.3613011982151937,0.7454063645902831,0.7212420217537807,0.820119035898672,0.17988096410132798,0.05091057480710311,0.048117850495621756,0.0285827615160181,0.025645351713019904,0.026353535416050178,RP10-RP20,0.05091057480710311,0.17611613988051633,FALSE,early exposure
13076106,Nostorf,19990126.12565245,TRUE,FALSE,FALSE,0.24043561175796677,0.24043561175796677,0.24043561175796677,0.27948475667692874,0.2799850036457143,0.2799850036457143,0.24043561175796677,0.24043561175796677,0.24043561175796677,0.27948475667692874,0.2799850036457143,0.2799850036457143,10,10,10,0.029743948965555496,0.10623407889085625,0.9290557302920803,0.8587446064154481,0.9982133079905287,0.0017866920094712954,0,0,0.03904914491896197,5.002469687855893e-4,0,RP50-RP100,0.03904914491896197,0.13946870157508054,FALSE,early exposure
13076108,Parchim,124842063.19922496,TRUE,FALSE,FALSE,0.06263988406789803,0.0799499187357301,0.08816644029350483,0.09614831451373468,0.10255095470602348,0.10364125501576636,0.06263988406789803,0.0799499187357301,0.08816644029350483,0.09614831451373468,0.10255095470602348,0.10364125501576636,10,10,10,0.02364790239909187,0.22817074528376216,0.872242646437257,0.8506886594541195,0.9277031091442126,0.07229689085578735,0.01731003466783207,0.008216521557774734,0.007981874220229848,0.006402640192288797,0.0010903003097428865,RP10-RP20,0.01731003466783207,0.16701876743193422,FALSE,early exposure
13076109,Passow,24888183.63006653,TRUE,FALSE,FALSE,0.06291632966251928,0.08833748605714772,0.10137635138366768,0.1061979165803754,0.1168987082621215,0.11930949086047538,0.06291632966251928,0.08833748605714772,0.10137635138366768,0.1061979165803754,0.1168987082621215,0.11930949086047538,10,10,10,0.03141934466189462,0.26334321297739416,0.8501793085747018,0.849692263813452,0.890104515696634,0.1098954843033661,0.02542115639462844,0.01303886532651996,0.0048215651967077194,0.010700791681746091,0.0024107825983538805,RP10-RP20,0.02542115639462844,0.21306902084057014,FALSE,early exposure
16073035,Hohenwarte,6515428.406676106,TRUE,FALSE,FALSE,0.2398084195887379,0.2428780565721643,0.2459694673156728,0.2459694673156728,0.2459694673156728,0.2459694673156728,0.2398084195887379,0.2428780565721643,0.2459694673156728,0.2459694673156728,0.2459694673156728,0.2459694673156728,10,10,10,0.0034040318084776464,0.013839245356859663,0.9951956041795111,1,1,0,0.0030696369834264103,0.0030914107435084937,0,0,0,RP20-RP50,0.0030914107435084937,0.012568270270476427,FALSE,early exposure
14522530,Seelitz,31490882.602004535,TRUE,FALSE,FALSE,0.0314699905756377,0.03337530395660279,0.0345297211073888,0.03484727333754964,0.03548237779787134,0.03643503448835389,0.0314699905756377,0.03337530395660279,0.0345297211073888,0.03484727333754964,0.03548237779787134,0.03643503448835389,10,10,NA,0.002667114618241679,0.07320192379930927,0.9467961732942439,0.9477065575010198,0.9564221312508496,0.04357786874915032,0.0019053133809650916,0.0011544171507860065,3.175522301608405e-4,6.351044603217018e-4,9.526566904825493e-4,RP10-RP20,0.0019053133809650916,0.05229344249898012,FALSE,early exposure
16073038,Kaulsdorf,21968218.288911104,TRUE,FALSE,FALSE,0.09695730698900384,0.1056068181154862,0.1124284061244149,0.11652523358745176,0.11652523358745176,0.11789084274179738,0.09695730698900384,0.1056068181154862,0.1124284061244149,0.11652523358745176,0.11652523358745176,0.11789084274179738,10,10,10,0.01197530952041544,0.10157964131822829,0.9488684972305509,0.9536653018135919,0.988416325453398,0.01158367454660205,0.008649511126482351,0.006821588008928708,0.004096827463036856,0,0.0013656091543456234,RP10-RP20,0.008649511126482351,0.07336881241426334,FALSE,early exposure
14625340,Malschwitz,93439533.9773545,TRUE,FALSE,FALSE,0.01053057320178501,0.01459737430646619,0.01791502783923242,0.01791502783923242,0.02360187459728632,0.02483525511278689,0.01053057320178501,0.01459737430646619,0.01791502783923242,0.01791502783923242,0.02360187459728632,0.02483525511278689,10,10,NA,0.00831948518919148,0.3349869027481033,0.7472691556235491,0.7213546934739775,0.7213546934739775,0.27864530652602254,0.0040668011046811805,0.003317653532766229,0,0.0056868467580539,0.001233380515500572,RP100-RP200,0.0056868467580539,0.22898282027817468,FALSE,early exposure
12067072,Briesen (Mark),111720735.89286152,TRUE,FALSE,FALSE,0.0160254760273618,0.01807963728020568,0.01844275909202358,0.0191587213200075,0.02039082848182523,0.02093063269376484,0.0160254760273618,0.01807963728020568,0.01844275909202358,0.0191587213200075,0.02039082848182523,0.02093063269376484,10,10,NA,0.0027071089602208214,0.1293371777063986,0.9064635018480458,0.881137200287195,0.9153436305685502,0.08465636943144986,0.00205416125284388,3.631218118178986e-4,7.159622279839205e-4,0.001232107161817729,5.398042119396096e-4,RP10-RP20,0.00205416125284388,0.09814138363126536,FALSE,early exposure
14521670,Wolkenstein,30095422.232806846,TRUE,FALSE,FALSE,0.02084742845052377,0.02221699038788863,0.02221699038788863,0.02221699038788863,0.02321381973183109,0.0235460961798119,0.02084742845052377,0.02221699038788863,0.02221699038788863,0.02221699038788863,0.02321381973183109,0.0235460961798119,10,10,NA,0.0013847730625601627,0.0588111528970755,0.9537192217936694,0.9435530296923348,0.9435530296923348,0.05644697030766517,0.0013695619373648611,0,0,9.96829343942459e-4,3.322764479808116e-4,RP10-RP20,0.0013695619373648611,0.058165138157343664,FALSE,early exposure
16062008,Görsbach,7954000.735523127,TRUE,FALSE,FALSE,0.14096528895624472,0.17221504470622467,0.190730318773572,0.20653186709034185,0.20778909604121923,0.21450239046288255,0.14096528895624472,0.17221504470622467,0.190730318773572,0.20653186709034185,0.20778909604121923,0.21450239046288255,10,10,10,0.041430402916373815,0.19314657905196125,0.8932567548181479,0.8891757260233234,0.9628417969825845,0.0371582030174154,0.031249755749979957,0.01851527406734732,0.01580154831676986,0.001257228950877376,0.006713294421663324,RP10-RP20,0.031249755749979957,0.1456848834297136,FALSE,early exposure
01060063,Norderstedt,58647741.420688435,TRUE,FALSE,FALSE,0,0,0,0,0,0.00961981685746062,0,0,0,0,0,0.00961981685746062,500,NA,NA,0.004181006070289622,0.43462428986338303,0.11711213489833154,0,0,1,0,0,0,0,0.00961981685746062,RP200-RP500,0.00961981685746062,1,TRUE,delayed jump
14625330,Lohsa,134810705.16633087,TRUE,FALSE,FALSE,0.01180853565192927,0.02843589551234368,0.02888096402471421,0.02888096402471421,0.02888096402471421,0.02888096402471421,0.01180853565192927,0.02843589551234368,0.02888096402471421,0.02888096402471421,0.02888096402471421,0.02888096402471421,10,10,NA,0.007262143265699959,0.2514508608329538,0.9444605993432416,1,1,0,0.01662735986041441,4.450685123705278e-4,0,0,0,RP10-RP20,0.01662735986041441,0.5757203896028518,FALSE,early exposure
13076100,Muchow,19385454.226399228,TRUE,FALSE,FALSE,0.01808755050710708,0.02291401948820505,0.02291401948820505,0.02532645260557293,0.02532645260557293,0.02532645260557293,0.01808755050710708,0.02291401948820505,0.02291401948820505,0.02532645260557293,0.02532645260557293,0.02532645260557293,10,10,NA,0.0038362941807362533,0.15147380647742598,0.9354902682169239,0.904746505365815,1,0,0.004826468981097971,0,0.0024124331173678813,0,0,RP10-RP20,0.004826468981097971,0.19057027276042346,FALSE,early exposure
13076102,Neu Gülze,13031360.020413212,TRUE,FALSE,FALSE,0.30748011097896044,0.43779431049723094,0.54386657913542,0.5943819577111084,0.6226342936376229,0.6299471610102841,0.30748011097896044,0.43779431049723094,0.54386657913542,0.5943819577111084,0.6226342936376229,0.6299471610102841,10,10,10,0.18739088881618615,0.29747080456026814,0.8514040777382422,0.8633526949517297,0.9435425611853894,0.05645743881461063,0.1303141995182705,0.10607226863818908,0.05051537857568833,0.02825233592651455,0.007312867372661236,RP10-RP20,0.1303141995182705,0.20686528582695377,FALSE,early exposure
15082005,Aken (Elbe),59814153.79319817,TRUE,FALSE,FALSE,0.5576610607647675,0.5769747450593095,0.6070711010740155,0.6173217065603832,0.6483235463018855,0.6581874323988095,0.5576610607647675,0.5769747450593095,0.6070711010740155,0.6173217065603832,0.6483235463018855,0.6581874323988095,10,10,10,0.06147828528038737,0.09340543780413067,0.9310284242266343,0.9223377281172067,0.9379117196305491,0.062088280369450896,0.019313684294541944,0.03009635601470606,0.010250605486367692,0.03100183974150228,0.009863886096924013,RP100-RP200,0.03100183974150228,0.047101840927764205,FALSE,early exposure
01056042,Raa-Besenbek,12670789.436255297,TRUE,FALSE,FALSE,0.9298926206276656,0.9398958182417432,0.9413778212671452,0.978938302636373,0.978938302636373,0.978938302636373,0.9298926206276656,0.9398958182417432,0.9413778212671452,0.978938302636373,0.978938302636373,0.978938302636373,10,10,10,0.03348945452391173,0.03420997465695369,0.97946490549035,0.9616314110214362,1,0,0.01000319761407753,0.0014820030254020233,0.03756048136922785,0,0,RP50-RP100,0.03756048136922785,0.03836858897856375,FALSE,early exposure
01056045,Seestermühe,18117780.32657661,TRUE,FALSE,FALSE,0.6621581170600982,0.6685699107131221,0.7211267744626635,0.733108601276394,0.7557929729673162,0.767757450572327,0.6621581170600982,0.6685699107131221,0.7211267744626635,0.733108601276394,0.7557929729673162,0.767757450572327,10,10,10,0.06812919173459094,0.0887379102394953,0.9375440767167579,0.9392637921326552,0.9548700578937998,0.04512994210620028,0.006411793653023912,0.05255686374954138,0.0119818268137305,0.02268437169092219,0.011964477605010848,RP20-RP50,0.05255686374954138,0.06845503578032713,FALSE,early exposure
01056049,Uetersen,11385692.035718938,TRUE,FALSE,FALSE,0.2623429604402025,0.2623429604402025,0.2623429604402025,0.2623429604402025,0.27133208266637776,0.27221037798374875,0.2623429604402025,0.2623429604402025,0.2623429604402025,0.2623429604402025,0.27133208266637776,0.27221037798374875,10,10,10,0.0063994816459850366,0.023509322801671718,0.9747888950549894,0.9637507665334665,0.9637507665334665,0.036249233466533554,0,0,0,0.008989122226175261,8.782953173709918e-4,RP100-RP200,0.008989122226175261,0.03302270212016649,FALSE,early exposure
01056029,Klein Nordende,10930418.524994152,TRUE,FALSE,FALSE,0.12390115944815444,0.12390115944815444,0.12390115944815444,0.12390115944815444,0.12390115944815444,0.12390115944815444,0.12390115944815444,0.12390115944815444,0.12390115944815444,0.12390115944815444,0.12390115944815444,0.12390115944815444,10,10,10,0,0,1,1,1,0,0,0,0,0,0,NA,0,0,FALSE,early exposure
14521690,Zschopau,22981602.50064336,TRUE,FALSE,FALSE,0.04790688215236624,0.04836529434585588,0.04922555784435051,0.04922555784435051,0.05009581917618932,0.05183634183986694,0.04790688215236624,0.04836529434585588,0.04922555784435051,0.04922555784435051,0.05009581917618932,0.05183634183986694,10,10,200,0.002120725168537341,0.04091193732552919,0.9533185246931314,0.9496341002692343,0.9496341002692343,0.05036589973076567,4.584121934896393e-4,8.602634984946275e-4,0,8.702613318388105e-4,0.001740522663677621,RP200-RP500,0.001740522663677621,0.03357726648717711,FALSE,early exposure
15090485,Schollene,65622886.19142336,TRUE,FALSE,FALSE,0.08778150551875957,0.0929150475132846,0.0929150475132846,0.09306743337407758,0.0978091659248965,0.11110834332962535,0.08778150551875957,0.0929150475132846,0.0929150475132846,0.09306743337407758,0.0978091659248965,0.11110834332962535,10,10,10,0.011217157712767342,0.10095693425550775,0.8606433174467987,0.8362562587908753,0.837627765702295,0.16237223429770498,0.005133541994525023,0,1.5238586079298344e-4,0.004741732550818917,0.013299177404728857,RP200-RP500,0.013299177404728857,0.11969557826340871,FALSE,early exposure
15090003,Aland,92856562.3009006,TRUE,FALSE,FALSE,0.6400621483337297,0.7049656236694845,0.7576244915438841,0.7831217805101747,0.7982085828340482,0.8208182485984353,0.6400621483337297,0.7049656236694845,0.7576244915438841,0.7831217805101747,0.7982085828340482,0.8208182485984353,10,10,10,0.10239172700926903,0.12474348271874469,0.9218168002191128,0.9230112669126741,0.9540745248383206,0.04592547516167944,0.0649034753357548,0.05265886787439966,0.025497288966290554,0.015086802323873494,0.022609665764387166,RP10-RP20,0.0649034753357548,0.07907167688654446,FALSE,early exposure
01056033,Seester,11785529.117236825,TRUE,FALSE,FALSE,0.9569994837712166,0.9683223152992236,0.9684259891906593,0.9684259891906593,0.9684259891906593,0.9684259891906593,0.9569994837712166,0.9683223152992236,0.9684259891906593,0.9684259891906593,0.9684259891906593,0.9684259891906593,10,10,10,0.004808617711166355,0.004965395151347608,0.9989326782935701,1,1,0,0.01132283152800706,1.0367389143561834e-4,0,0,0,RP10-RP20,0.01132283152800706,0.01169199469488615,FALSE,early exposure
15090007,Altmärkische Höhe,99821898.40534252,TRUE,FALSE,FALSE,0.02166978997271899,0.02209858549845441,0.0270609889361309,0.03197166466302298,0.03407541146963311,0.04522086050604212,0.02166978997271899,0.02209858549845441,0.0270609889361309,0.03197166466302298,0.03407541146963311,0.04522086050604212,10,10,NA,0.013532775723449377,0.2992595800259311,0.6634618233442652,0.5984182661122777,0.7070114169709604,0.2929885830290396,4.2879552573541965e-4,0.0049624034376764894,0.004910675726892081,0.0021037468066101295,0.01114544903640901,RP200-RP500,0.01114544903640901,0.2464669825316532,FALSE,early exposure
15090008,Altmärkische Wische,67544348.28100026,TRUE,FALSE,FALSE,0.6987064678993322,0.753041816198,0.8222698754722606,0.8426366134583602,0.854855505810837,0.8691862371147298,0.6987064678993322,0.753041816198,0.8222698754722606,0.8426366134583602,0.854855505810837,0.8691862371147298,10,10,10,0.09994880975757331,0.11499124754822866,0.9352297106584629,0.9460226593115322,0.9694546202842543,0.030545379715745693,0.05433534829866782,0.06922805927426057,0.02036673798609956,0.012218892352476862,0.01433073130389273,RP20-RP50,0.06922805927426057,0.07964698049530056,FALSE,early exposure
15091375,Wittenberg,242070715.93641967,TRUE,FALSE,FALSE,0.18197560602176313,0.18675231504632664,0.19053602045230184,0.1938719085468488,0.19660135311125895,0.1988734164538752,0.18197560602176313,0.18675231504632664,0.19053602045230184,0.1938719085468488,0.19660135311125895,0.1988734164538752,10,10,10,0.009920035118962472,0.049881152020452166,0.9645052415933789,0.9580768704523811,0.9748507970737939,0.02514920292620616,0.004776709024563508,0.0037837054059751962,0.0033358880945469627,0.002729444564410155,0.0022720633426162595,RP10-RP20,0.004776709024563508,0.02401884127973118,FALSE,early exposure
01056036,Moorrege,10959953.688143631,TRUE,FALSE,FALSE,0.4113068903692243,0.4113068903692243,0.4113068903692243,0.41646194091918487,0.4314710558826699,0.4314710558826699,0.4113068903692243,0.4113068903692243,0.4113068903692243,0.41646194091918487,0.4314710558826699,0.4314710558826699,10,10,10,0.013930247632345277,0.032285474175892864,0.9704697339274789,0.9532664700481581,0.9652140861852703,0.034785913814729764,0,0,0.0051550505499605714,0.015009114963485004,0,RP100-RP200,0.015009114963485004,0.034785913814729764,FALSE,early exposure
01056037,Neuendeich,8686162.934733266,TRUE,FALSE,FALSE,0.9437577352359142,0.9437577352359142,0.9437577352359142,0.9577764118665596,0.9708927589119584,0.9708928063122864,0.9437577352359142,0.9437577352359142,0.9437577352359142,0.9577764118665596,0.9708927589119584,0.9708928063122864,10,10,10,0.019338615323006163,0.01991838357157009,0.9836320157492109,0.9720514243179549,0.9864903783811662,0.013509621618833886,0,0,0.014018676630645377,0.013116347045398769,4.7400327995994473e-8,RP50-RP100,0.014018676630645377,0.014438954063211266,FALSE,early exposure
12063088,Friesack,84541496.23475263,TRUE,FALSE,FALSE,0.3014093318323526,0.32645661001733567,0.3306732175491822,0.3325404474190296,0.34515274579274413,0.35396668839817536,0.3014093318323526,0.32645661001733567,0.3306732175491822,0.3325404474190296,0.34515274579274413,0.35396668839817536,10,10,10,0.02705140434663069,0.07642358796260733,0.9414744388826385,0.9341930424176231,0.939468199462195,0.06053180053780507,0.02504727818498309,0.00421660753184655,0.0018672298698473866,0.012612298373714526,0.008813942605431224,RP10-RP20,0.02504727818498309,0.070761681836025,FALSE,early exposure
01056038,Osterhorn,6374418.444995083,TRUE,FALSE,FALSE,0,0,0,0.00934473822108027,0.00945509668394658,0.04191514697854179,0,0,0,0.00934473822108027,0.00945509668394658,0.04191514697854179,100,500,NA,0.021219602778153046,0.5062514224038459,0.20301635590594438,0,0.22294418353976556,0.7770558164602345,0,0,0.00934473822108027,1.1035846286630915e-4,0.032460050294595214,RP200-RP500,0.032460050294595214,0.7744229147332572,FALSE,delayed jump
14730360,Zschepplin,68340923.94879061,TRUE,FALSE,FALSE,0.1426518513871436,0.14753887203290705,0.1538729893187169,0.15633722465701236,0.16000180797404218,0.16238362099980275,0.1426518513871436,0.14753887203290705,0.1538729893187169,0.15633722465701236,0.16000180797404218,0.16238362099980275,10,10,10,0.01173218408820892,0.07224979967790716,0.9500341010018066,0.9475893465813514,0.9627647400300444,0.03723525996995555,0.004887020645763462,0.006334117285809848,0.0024642353382954563,0.003664583317029818,0.0023818130257605707,RP20-RP50,0.006334117285809848,0.0390071193560682,FALSE,early exposure
16073076,Rudolstadt,135148386.92623073,TRUE,FALSE,FALSE,0.02891477240259867,0.03028902253838664,0.03258279760333957,0.03443261620410808,0.03524653638844622,0.03569049285263066,0.02891477240259867,0.03028902253838664,0.03258279760333957,0.03443261620410808,0.03524653638844622,0.03569049285263066,10,10,NA,0.004278744875063122,0.1198847237198561,0.9253346589026197,0.9129265246595767,0.9647559742669716,0.03524402573302839,0.0013742501357879681,0.00229377506495293,0.0018498186007685075,8.139201843381447e-4,4.4395646418443624e-4,RP20-RP50,0.00229377506495293,0.06426851751316909,FALSE,early exposure
16073077,Saalfeld/Saale,145607709.22119236,TRUE,FALSE,FALSE,0.02449059831646187,0.02609942770732927,0.02774769208346485,0.02918992341258347,0.02994537791831229,0.03035744401234618,0.02449059831646187,0.02609942770732927,0.02774769208346485,0.02918992341258347,0.02994537791831229,0.03035744401234618,10,10,NA,0.0035743223654167507,0.1177412157612181,0.9267358545318083,0.9140325539982892,0.961540879420287,0.03845912057971306,0.0016088293908674,0.001648264376135581,0.00144223132911862,7.554545057288191e-4,4.120660940338909e-4,RP20-RP50,0.001648264376135581,0.054295229053712236,FALSE,early exposure
12069696,Ziesar,68066575.6939797,TRUE,FALSE,FALSE,5.665638753890767e-4,0.00190111305518998,0.00674545856703362,0.00722714102409127,0.00752097099564615,0.00752097099564615,5.665638753890767e-4,0.00190111305518998,0.00674545856703362,0.00722714102409127,0.00752097099564615,0.00752097099564615,10,NA,NA,0.004439465490625448,0.5902782357750657,0.7362415461879649,0.8968866614348773,0.9609319100253177,0.03906808997468231,0.0013345491798009033,0.00484434551184364,4.816824570576502e-4,2.9382997155487974e-4,0,RP20-RP50,0.00484434551184364,0.6441117130551369,TRUE,early exposure
12069216,Golzow,40231537.20454377,TRUE,FALSE,FALSE,0,0,0,0,0,0.00356475868154027,0,0,0,0,0,0.00356475868154027,500,NA,NA,0.0015493307104987694,0.43462428986338303,0.11711213489833154,0,0,1,0,0,0,0,0.00356475868154027,RP200-RP500,0.00356475868154027,1,TRUE,delayed jump
14729350,Pegau,48722638.77218679,TRUE,FALSE,FALSE,0.1259094112392403,0.14284182549445384,0.15471742073725833,0.15656461133013272,0.15780953142600876,0.15822001822442527,0.1259094112392403,0.14284182549445384,0.15471742073725833,0.15656461133013272,0.15780953142600876,0.15822001822442527,10,10,10,0.017630310278960164,0.11142907501092959,0.9549736910645991,0.9778624884102926,0.9895373106837565,0.010462689316243555,0.01693241425521355,0.011875595242804488,0.001847190592874387,0.0012449200958760398,4.1048679841651503e-4,RP10-RP20,0.01693241425521355,0.10701815386720517,FALSE,early exposure
15082015,Bitterfeld-Wolfen,86439561.37782684,TRUE,FALSE,FALSE,0.15940129180481233,0.17295114125248115,0.18364032524430443,0.1939407165807356,0.24110181696853344,0.31515934954946934,0.15940129180481233,0.17295114125248115,0.18364032524430443,0.1939407165807356,0.24110181696853344,0.31515934954946934,10,10,10,0.08451520476348291,0.2681665794916132,0.6610679091909966,0.5826903929927014,0.6153735145664574,0.3846264854335426,0.013549849447668821,0.010689183991823281,0.01030039133643118,0.04716110038779783,0.07405753258093589,RP200-RP500,0.07405753258093589,0.23498440610060775,FALSE,early exposure
15083320,Hötensleben,60781460.656822056,TRUE,FALSE,FALSE,0.00181147339035574,0.00534139512423338,0.01668047739694147,0.02465567793986591,0.02664498774865005,0.02818029027115452,0.00181147339035574,0.00534139512423338,0.01668047739694147,0.02465567793986591,0.02664498774865005,0.02818029027115452,10,50,NA,0.01725715510504792,0.6123838661347085,0.6330769800615039,0.591919999277498,0.8749263298080212,0.12507367019197874,0.00352992173387764,0.011339082272708089,0.007975200542924443,0.0019893098087841385,0.001535302522504469,RP20-RP50,0.011339082272708089,0.40237634756781865,FALSE,early exposure
12061316,Lübben (Spreewald),121052302.6319176,TRUE,FALSE,FALSE,0.10791961997261725,0.13419065931860805,0.20729169326614105,0.22996972891116735,0.2326154043092275,0.2393566390557107,0.10791961997261725,0.13419065931860805,0.20729169326614105,0.22996972891116735,0.2326154043092275,0.2393566390557107,10,10,10,0.08289548102506597,0.34632622413189856,0.8206729461405389,0.866036948396044,0.9607827458574962,0.03921725414250376,0.0262710393459908,0.073101033947533,0.022678035645026295,0.0026456753980601544,0.006741234746483193,RP20-RP50,0.073101033947533,0.3054063352323334,FALSE,early exposure
01056050,Wedel,28219950.72389341,TRUE,FALSE,FALSE,0.1938154359337373,0.1938154359337373,0.19530144956046663,0.1997768078408616,0.22139272085106831,0.2216396261880668,0.1938154359337373,0.1938154359337373,0.19530144956046663,0.1997768078408616,0.22139272085106831,0.2216396261880668,10,10,10,0.018967483733601357,0.08557803520886202,0.9209033893667182,0.8811666619341275,0.9013587113314564,0.09864128866854358,0,0.0014860136267293433,0.00447535828039497,0.02161591301020671,2.469053369984764e-4,RP100-RP200,0.02161591301020671,0.09752729411240328,FALSE,early exposure
01056051,Westerhorn,9396717.292211529,TRUE,FALSE,FALSE,0,0.02117514190476459,0.02117514190476459,0.16155132104561074,0.16786166614725465,0.2299299313915584,0,0.02117514190476459,0.02117514190476459,0.16155132104561074,0.16786166614725465,0.2299299313915584,20,20,100,0.14578204486530183,0.6340281318878955,0.4296670431792713,0.0920938904152694,0.7026110957711611,0.2973889042288389,0.02117514190476459,0,0.14037617914084616,0.0063103451016439105,0.062068265244303755,RP50-RP100,0.14037617914084616,0.6105172053558917,FALSE,early exposure
12069249,Groß Kreutz (Havel),99526644.91150458,TRUE,FALSE,FALSE,0.24930498691286007,0.2718783979122089,0.2875608683262616,0.33333101468803666,0.3550187755198911,0.36376015327630584,0.24930498691286007,0.2718783979122089,0.2875608683262616,0.33333101468803666,0.3550187755198911,0.36376015327630584,10,10,10,0.07298668669461504,0.20064508450758142,0.8573113657609901,0.790523276769777,0.9163483457047157,0.08365165429528433,0.022573410999348842,0.015682470414052685,0.045770146361775066,0.02168776083185442,0.008741377756414759,RP50-RP100,0.045770146361775066,0.12582506893493875,FALSE,early exposure
15084207,Gutenborn,34112737.284892656,TRUE,FALSE,FALSE,0.01788115299872797,0.01788115299872797,0.01942331611759192,0.01942331611759192,0.01942331611759192,0.01942725612963233,0.01788115299872797,0.01788115299872797,0.01942331611759192,0.01942331611759192,0.01942331611759192,0.01942725612963233,10,10,NA,0.0010591234416323357,0.05451739733934206,0.9764593129543716,0.9997971915326529,0.9997971915326529,2.028084673471482e-4,0,0.001542163118863949,0,0,3.940012040411223e-6,RP20-RP50,0.001542163118863949,0.07938141694192691,TRUE,early exposure
15089015,Aschersleben,157042636.245704,TRUE,FALSE,FALSE,0.00173669782050856,0.00173669782050856,0.00173669782050856,0.00173669782050856,0.00173669782050856,0.00173669782050856,0.00173669782050856,0.00173669782050856,0.00173669782050856,0.00173669782050856,0.00173669782050856,0.00173669782050856,10,NA,NA,0,0,1,1,1,0,0,0,0,0,0,NA,0,0,TRUE,early exposure
14521220,Gornau/Erzgeb.,19755555.35532984,TRUE,FALSE,FALSE,0.00772578230948957,0.00773645315079697,0.00824263988258642,0.00891935044822797,0.00891935044822797,0.00941154043216462,0.00772578230948957,0.00773645315079697,0.00824263988258642,0.00891935044822797,0.00891935044822797,0.00941154043216462,10,NA,NA,0.0010751088403031439,0.1142330363506574,0.901948261128418,0.8758013570676063,0.9477035680307386,0.05229643196926136,1.0670841307400432e-5,5.061867317894498e-4,6.767105656415497e-4,0,4.921899839366497e-4,RP50-RP100,6.767105656415497e-4,0.07190221096313229,TRUE,early exposure
12065256,Oranienburg,164318985.6096604,TRUE,FALSE,FALSE,0.07796702027003835,0.08027959540303418,0.09255000127457376,0.10770345411973056,0.11725055358610814,0.12761945223280835,0.07796702027003835,0.08027959540303418,0.09255000127457376,0.10770345411973056,0.11725055358610814,0.12761945223280835,10,10,10,0.031691387459224216,0.24832724874427092,0.7883359606212443,0.7252029346258316,0.8439423006083253,0.15605769939167466,0.002312575132995834,0.012270405871539575,0.015153452845156803,0.009547099466377579,0.010368898646700209,RP50-RP100,0.015153452845156803,0.1187393659824937,FALSE,early exposure
15090010,Arneburg,31235481.426069036,TRUE,FALSE,FALSE,0.07608257437373254,0.08856837520645182,0.09472952492087798,0.10623499982239508,0.10751559477959707,0.11329971540198557,0.07608257437373254,0.08856837520645182,0.09472952492087798,0.10623499982239508,0.10751559477959707,0.11329971540198557,10,10,10,0.021484947039728104,0.18962931163154165,0.8707321737255869,0.8360967596853986,0.9376457782393804,0.06235422176061951,0.012485800832719274,0.006161149714426162,0.011505474901517099,0.0012805949572019942,0.005784120622388492,RP10-RP20,0.012485800832719274,0.11020151982218007,FALSE,early exposure
12063094,Gollenberg,30299023.899701424,TRUE,FALSE,FALSE,0.11105980096960975,0.17228150265593148,0.2322994701822552,0.29708583300199937,0.29840600754400476,0.2988276482479211,0.11105980096960975,0.17228150265593148,0.2322994701822552,0.29708583300199937,0.29840600754400476,0.2988276482479211,10,10,10,0.11662740449337063,0.39028317887309805,0.8101037952630883,0.777369401875187,0.9941711710541703,0.005828828945829731,0.061221701686321725,0.06001796752632371,0.06478636281974418,0.0013201745420053923,4.2164070391631503e-4,RP50-RP100,0.06478636281974418,0.21680176917898322,FALSE,early exposure
14729370,Rötha,46138160.32048705,TRUE,FALSE,FALSE,0.05819403279279268,0.06085512763974553,0.06212080768980165,0.06414081857347141,0.06544126054131812,0.06605254302542873,0.05819403279279268,0.06085512763974553,0.06212080768980165,0.06414081857347141,0.06544126054131812,0.06605254302542873,10,10,10,0.004638838144314386,0.07022951625842071,0.9539976290973645,0.9404756402170095,0.9710575192960951,0.028942480703904944,0.002661094846952851,0.001265680050056124,0.002020010883669758,0.001300441967846705,6.112824841106174e-4,RP10-RP20,0.002661094846952851,0.040287545718389516,FALSE,early exposure
15089005,Alsleben (Saale),23866835.429368444,TRUE,FALSE,FALSE,0.10494079952044648,0.11363578218060572,0.11950166249030646,0.12067516921215138,0.12990920891238442,0.13326114051792767,0.10494079952044648,0.11363578218060572,0.11950166249030646,0.12067516921215138,0.12990920891238442,0.13326114051792767,10,10,10,0.016182415340499582,0.12143386494821842,0.9077309011349188,0.8967480094036104,0.9055540778289894,0.09444592217101053,0.008694982660159237,0.005865880309700741,0.0011735067218449219,0.009234039700233038,0.003351931605543257,RP100-RP200,0.009234039700233038,0.06929281607784814,FALSE,early exposure
03353023,Marschacht,26201655.315447405,TRUE,FALSE,FALSE,0.87493772216719,0.943868968500937,0.9477270975566134,0.9503986844909982,0.9548594681553768,0.9736079241255666,0.87493772216719,0.943868968500937,0.9477270975566134,0.9503986844909982,0.9548594681553768,0.9736079241255666,10,10,10,0.04463343659878607,0.04584333743880816,0.9710853515990685,0.9734176089495187,0.9761616159241786,0.02383838407582141,0.06893124633374703,0.003858129055676396,0.00267158693438474,0.004460783664378631,0.018748455970189815,RP10-RP20,0.06893124633374703,0.0707998000279802,FALSE,early exposure
03353026,Neu Wulmstorf,56173035.8219472,TRUE,FALSE,FALSE,0.12306171347145103,0.12306171347145103,0.12306171347145103,0.13290893926683894,0.13290893926683894,0.13290893926683894,0.12306171347145103,0.12306171347145103,0.12306171347145103,0.13290893926683894,0.13290893926683894,0.13290893926683894,10,10,10,0.007416235347598132,0.05579937202499719,0.9629549906510886,0.925909981302177,1,0,0,0,0.00984722579538791,0,0,RP50-RP100,0.00984722579538791,0.07409001869782293,FALSE,early exposure
03353007,Drage,30407387.635426603,TRUE,FALSE,FALSE,0.8613116102052875,0.9235270481671404,0.9271135297232244,0.9277712646210656,0.9297444693145884,0.9616318361240082,0.8613116102052875,0.9235270481671404,0.9271135297232244,0.9277712646210656,0.9297444693145884,0.9616318361240082,10,10,10,0.04416574035352144,0.045927909928125524,0.9621629306768466,0.9641044471448506,0.964788425017809,0.035211574982191005,0.062215437961852915,0.003586481556083987,6.577348978412667e-4,0.001973204693522801,0.031887366809419726,RP10-RP20,0.062215437961852915,0.06469777270750618,FALSE,early exposure
12052000,Cottbus,165456921.7163237,TRUE,FALSE,FALSE,0.09041731682476248,0.10528523515952808,0.12953615000020563,0.1430755051641064,0.1548876668562597,0.17025631225024254,0.09041731682476248,0.10528523515952808,0.12953615000020563,0.1430755051641064,0.1548876668562597,0.17025631225024254,10,10,10,0.047632982585638216,0.27977219731875397,0.7839046563189102,0.760830234651233,0.840353601420746,0.15964639857925406,0.014867918334765598,0.024250914840677554,0.013539355163900757,0.011812161692153322,0.015368645393982833,RP20-RP50,0.024250914840677554,0.1424376842195054,FALSE,early exposure
14729360,Regis-Breitingen,26429546.760908872,TRUE,FALSE,FALSE,0.07536968945286113,0.07953110829344971,0.08066620153857382,0.08293638802882208,0.08407148127394622,0.08407148127394622,0.07536968945286113,0.07953110829344971,0.08066620153857382,0.08293638802882208,0.08407148127394622,0.08407148127394622,10,10,10,0.004989086387034432,0.05934338626409493,0.9689968419745066,0.9594954236112919,0.9864984745370973,0.013501525462902708,0.004161418840588585,0.0011350932451241053,0.002270186490248266,0.001135093245124133,0,RP10-RP20,0.004161418840588585,0.0494985787990179,FALSE,early exposure
15089041,Bördeaue,25624183.390924316,TRUE,FALSE,FALSE,0.07189697201691507,0.0986475524440308,0.14405921769668154,0.1490813392904104,0.1603885747067942,0.17046722599124117,0.07189697201691507,0.0986475524440308,0.14405921769668154,0.1490813392904104,0.1603885747067942,0.17046722599124117,10,10,10,0.058062226704392574,0.3406063914442762,0.7958504293406579,0.8450845425506219,0.8745454642294137,0.12545453577058624,0.026750580427115728,0.04541166525265074,0.005022121593728862,0.011307235416383815,0.01007865128444696,RP20-RP50,0.04541166525265074,0.26639528500911985,FALSE,early exposure
15089042,Bördeland,92592309.36093704,TRUE,FALSE,FALSE,0,0.00310328542949281,0.00940371254738956,0.0095044252610915,0.03430740997969828,0.03430740997969828,0,0.00310328542949281,0.00940371254738956,0.0095044252610915,0.03430740997969828,0.03430740997969828,20,200,NA,0.022298595739468522,0.6499644173857461,0.4468934696598459,0.2741015003159461,0.2770370968463032,0.7229629031536968,0.00310328542949281,0.0063004271178967505,1.0071271370193889e-4,0.02480298471860678,0,RP100-RP200,0.02480298471860678,0.7229629031536968,FALSE,delayed jump
15089043,Börde-Hakel,39045345.92019806,TRUE,FALSE,FALSE,0.10499226186330678,0.10983182513630468,0.11762580620762011,0.11967470597056512,0.1347706936494702,0.1493206082868244,0.10499226186330678,0.10983182513630468,0.11762580620762011,0.11967470597056512,0.1347706936494702,0.1493206082868244,10,10,10,0.025341794752677164,0.16971398016273184,0.820415714059935,0.7877399346088725,0.801461414761226,0.19853858523877402,0.004839563272997907,0.007793981071315431,0.0020488997629450056,0.015095987678905076,0.014549914637354194,RP100-RP200,0.015095987678905076,0.10109781799112254,FALSE,early exposure
03353040,Winsen (Luhe),110031781.06794664,TRUE,FALSE,FALSE,0.38064585549335694,0.41620605486147416,0.42511125559265595,0.42511125559265595,0.4259292010910063,0.46466263081961984,0.38064585549335694,0.41620605486147416,0.42511125559265595,0.42511125559265595,0.4259292010910063,0.46466263081961984,10,10,10,0.03836664103651207,0.08256881120144521,0.9127920293368902,0.9148815234889901,0.9148815234889901,0.08511847651100993,0.03556019936811722,0.008905200731181784,0,8.179454983503476e-4,0.038733429728613544,RP200-RP500,0.038733429728613544,0.08335817679224931,FALSE,early exposure
15089026,Barby,154093416.53524873,TRUE,FALSE,FALSE,0.6215142005170766,0.6847305440152304,0.7369648379883532,0.7653593444001963,0.787192952079606,0.8007130773326991,0.6215142005170766,0.6847305440152304,0.7369648379883532,0.7653593444001963,0.787192952079606,0.8007130773326991,10,10,10,0.10414278811558146,0.13006255432032843,0.9227036832759972,0.9203856647918112,0.9558471892949822,0.04415281070501772,0.06321634349815375,0.05223429397312285,0.028394506411843046,0.021833607679409783,0.013520125253093096,RP10-RP20,0.06321634349815375,0.07895005750216708,FALSE,early exposure
14729380,Thallwitz,52891027.23506981,TRUE,FALSE,FALSE,0.12696902676393138,0.13099695293397892,0.1389248390220702,0.14024831492449297,0.14125387086909005,0.14501464914619164,0.12696902676393138,0.13099695293397892,0.1389248390220702,0.14024831492449297,0.14125387086909005,0.14501464914619164,10,10,10,0.010425640610329103,0.07189370640630141,0.9492946664676398,0.9580055521288597,0.9671320501083056,0.0328679498916944,0.004027926170047547,0.00792788608809128,0.001323475902422766,0.0010055559445970863,0.003760778277101584,RP20-RP50,0.00792788608809128,0.054669553281469156,FALSE,early exposure
12067024,Bad Saarow,50298082.389564335,TRUE,FALSE,FALSE,0,0,0,2.0165316688950985e-4,2.0165316688950985e-4,2.0165316688950985e-4,0,0,0,2.0165316688950985e-4,2.0165316688950985e-4,2.0165316688950985e-4,100,NA,NA,1.518709304849625e-4,0.753129409409057,0.5,0,1,0,0,0,2.0165316688950985e-4,0,0,RP50-RP100,2.0165316688950985e-4,1,TRUE,early exposure
15089030,Bernburg (Saale),114052712.15939713,TRUE,FALSE,FALSE,0.1943125438688791,0.20941907874840848,0.2264212013974389,0.22773638274788643,0.24829599550760187,0.25715029118958765,0.1943125438688791,0.20941907874840848,0.2264212013974389,0.22773638274788643,0.24829599550760187,0.25715029118958765,10,10,10,0.03658084769275761,0.14225473952813017,0.8882383116692755,0.8805014388667626,0.8856158851478204,0.11438411485217959,0.01510653487952937,0.01700212264903042,0.0013151813504475307,0.020559612759715434,0.008854295681985785,RP100-RP200,0.020559612759715434,0.07995173820183456,FALSE,early exposure
03353031,Seevetal,105494795.92269228,TRUE,FALSE,FALSE,0.1876036112611188,0.19900578815792697,0.19900578815792697,0.19900578815792697,0.19900578815792697,0.2073818781283383,0.1876036112611188,0.19900578815792697,0.19900578815792697,0.19900578815792697,0.19900578815792697,0.2073818781283383,10,10,10,0.00841118257314996,0.04055890827618378,0.9594695115216708,0.9596103090298576,0.9596103090298576,0.0403896909701425,0.01140217689680817,0,0,0,0.008376089970411338,RP10-RP20,0.01140217689680817,0.05498154901341925,FALSE,early exposure
03353032,Stelle,38492330.25085408,TRUE,FALSE,FALSE,0.382311643551764,0.41057226115629186,0.41057226115629186,0.41057226115629186,0.4108320531703069,0.43192458995506167,0.382311643551764,0.41057226115629186,0.41057226115629186,0.41057226115629186,0.4108320531703069,0.43192458995506167,10,10,10,0.021165636296918068,0.04900308245733407,0.950681358948657,0.9505646835226692,0.9505646835226692,0.049435316477330786,0.02826061760452786,0,0,2.597920140150478e-4,0.021092536784754756,RP10-RP20,0.02826061760452786,0.06542951770231038,FALSE,early exposure
03353033,Tespe,24899031.941647574,TRUE,FALSE,FALSE,0.669527317623177,0.7761336178560796,0.8308171508246883,0.8444723895926683,0.8602541095580616,0.8657544639432972,0.669527317623177,0.7761336178560796,0.8308171508246883,0.8444723895926683,0.8602541095580616,0.8657544639432972,10,10,10,0.10533914674789138,0.12167323546689847,0.9446626713961691,0.9596452405691585,0.9754178866676652,0.024582113332334805,0.10660630023290263,0.05468353296860873,0.013655238767980027,0.015781719965393237,0.005500354385235662,RP10-RP20,0.10660630023290263,0.12313687618466017,FALSE,early exposure
12069270,Havelsee,82133144.0596614,TRUE,FALSE,FALSE,0.12466011704923571,0.12620677126494928,0.1500921400521264,0.2365594700579461,0.2724292355256913,0.3216176605671745,0.12466011704923571,0.12620677126494928,0.1500921400521264,0.2365594700579461,0.2724292355256913,0.3216176605671745,10,10,10,0.12753707684239124,0.39654873621516584,0.6327367668686052,0.4666787880598288,0.7355301000597174,0.2644698999402826,0.0015466542157135665,0.02388536878717712,0.08646733000581969,0.03586976546774523,0.049188425041483186,RP50-RP100,0.08646733000581969,0.26885131199988854,FALSE,early exposure
03154007,Grafhorst,9595122.928886414,TRUE,FALSE,FALSE,0.0092543082265667,0.00977104274932531,0.00977104274932531,0.00977104274932531,0.00977104274932531,0.00977104274932531,0.0092543082265667,0.00977104274932531,0.00977104274932531,0.00977104274932531,0.00977104274932531,0.00977104274932531,10,NA,NA,2.1620442552580904e-4,0.0221270575794727,0.9953148809657691,1,1,0,5.167345227586103e-4,0,0,0,0,RP10-RP20,5.167345227586103e-4,0.05288427612235048,TRUE,early exposure
13076090,Ludwigslust,78675923.22125305,TRUE,FALSE,FALSE,0,0.00273434621691457,0.01370935331233417,0.03044035087147885,0.04092137469342539,0.05089156214487671,0,0.00273434621691457,0.01370935331233417,0.03044035087147885,0.04092137469342539,0.05089156214487671,20,50,500,0.032619665821152,0.6409641293440987,0.454963140770658,0.269383621459816,0.5981414126141793,0.4018585873858207,0.00273434621691457,0.0109750070954196,0.01673099755914468,0.010481023821946541,0.00997018745145132,RP50-RP100,0.01673099755914468,0.3287577911543633,FALSE,gradual increase
12066176,Lauchhammer,89364500.39881246,TRUE,FALSE,FALSE,0.04019428771020113,0.05081201311527292,0.05146637184620551,0.05157827310403577,0.05235320144810617,0.0535253212061925,0.04019428771020113,0.05081201311527292,0.05146637184620551,0.05157827310403577,0.05235320144810617,0.0535253212061925,10,10,20,0.006003666637849713,0.112164981032475,0.9486450615135885,0.9615331713366947,0.9636237941542427,0.03637620584575725,0.01061772540507179,6.54358730932593e-4,1.1190125783025473e-4,7.749283440704052e-4,0.001172119758086329,RP10-RP20,0.01061772540507179,0.19836827067641014,FALSE,early exposure
13076093,Malk Göhren,22563558.96337619,TRUE,FALSE,FALSE,0.1965104500299677,0.2371764725142914,0.2376197092413884,0.2567410418315883,0.2567410418315883,0.2567410418315883,0.1965104500299677,0.2371764725142914,0.2376197092413884,0.2567410418315883,0.2567410418315883,0.2567410418315883,10,10,10,0.03171962729371523,0.12354716280430925,0.9482210184125032,0.925522883081768,1,0,0.04066602248432369,4.4323672709700723e-4,0.019121332590199908,0,0,RP10-RP20,0.04066602248432369,0.1583931505232379,FALSE,early exposure
13076094,Malliß,25193462.8679158,TRUE,FALSE,FALSE,0.02222996850691771,0.02222996850691771,0.02222996850691771,0.03706386638698365,0.03706386638698365,0.03706386638698365,0.02222996850691771,0.02222996850691771,0.02222996850691771,0.03706386638698365,0.03706386638698365,0.03706386638698365,10,10,NA,0.011171844749648318,0.30142146081045995,0.7998873387198021,0.5997746774396043,1,0,0,0,0.014833897880065939,0,0,RP50-RP100,0.014833897880065939,0.4002253225603957,FALSE,early exposure
13076097,Milow,33807484.17057334,TRUE,FALSE,FALSE,0,0,0,0.00865101289446577,0.02301583465896052,0.02301583465896052,0,0,0,0.00865101289446577,0.02301583465896052,0.02301583465896052,100,200,NA,0.016131838660230515,0.7009017443540798,0.38941465588741164,0,0.37587222113180063,0.6241277788681994,0,0,0.00865101289446577,0.01436482176449475,0,RP100-RP200,0.01436482176449475,0.6241277788681994,FALSE,delayed jump
03154012,Jerxheim,17106738.656320043,TRUE,FALSE,FALSE,0,0,4.159593811458928e-5,0.0034892802713398,0.01321399539251921,0.02178152789628549,0,0,4.159593811458928e-5,0.0034892802713398,0.01321399539251921,0.02178152789628549,50,200,NA,0.01285892580332806,0.5903592192685875,0.27068137848198004,0.0019096887193888192,0.16019446789749053,0.8398055321025095,0,4.159593811458928e-5,0.003447684333225211,0.00972471512117941,0.008567532503766278,RP100-RP200,0.00972471512117941,0.44646616010981555,FALSE,delayed jump
13076085,Lewitzrand,46856627.23741313,TRUE,FALSE,FALSE,0.13801093546856782,0.14616713096557216,0.155118980602389,0.16238431330519146,0.16807781941175384,0.17027114252089273,0.13801093546856782,0.14616713096557216,0.155118980602389,0.16238431330519146,0.16807781941175384,0.17027114252089273,10,10,10,0.01978710210781761,0.11620936944960965,0.9249330167705997,0.9110115684068748,0.9536807641099047,0.046319235890095345,0.008156195497004332,0.008951849636816833,0.007265332702802468,0.005693506106562385,0.0021933231091388894,RP20-RP50,0.008951849636816833,0.05257408568641288,FALSE,early exposure
13076088,Lübtheen,120328010.22909904,TRUE,FALSE,FALSE,0.06667333404408998,0.07696489949813308,0.112754317722867,0.18165630181365275,0.22500760929994595,0.24153641628425407,0.06667333404408998,0.07696489949813308,0.112754317722867,0.18165630181365275,0.22500760929994595,0.24153641628425407,10,10,10,0.11694307652242622,0.4841633337177646,0.6280258231542738,0.466821191841197,0.7520865988169215,0.24791340118307845,0.010291565454043097,0.035789418224733915,0.06890198409078575,0.043351307486293206,0.016528806984308114,RP50-RP100,0.06890198409078575,0.2852654069757245,FALSE,early exposure
13076089,Lübz,74813303.50257179,TRUE,FALSE,FALSE,0.05478807523454887,0.05779434270515703,0.06711923087715208,0.07921457702786586,0.08625652981658395,0.08887471031278062,0.05478807523454887,0.05779434270515703,0.06711923087715208,0.07921457702786586,0.08625652981658395,0.08887471031278062,10,10,10,0.02261311961373139,0.25443818082948527,0.8184124916353211,0.7552118104344471,0.8913061629014887,0.10869383709851131,0.0030062674706081566,0.009324888171995047,0.012095346150713782,0.007041952788718095,0.002618180496196665,RP50-RP100,0.012095346150713782,0.1360943524670416,FALSE,early exposure
15089055,Calbe (Saale),57425951.03109665,TRUE,FALSE,FALSE,0.25993958240540016,0.28071362173079595,0.29724877023511004,0.3075100901052159,0.3136481026105021,0.31823910959257806,0.25993958240540016,0.28071362173079595,0.29724877023511004,0.3075100901052159,0.3136481026105021,0.31823910959257806,10,10,10,0.0338621267202267,0.10640466774677156,0.9370058374832564,0.934042238289503,0.9662862949148586,0.033713705085141356,0.020774039325395788,0.01653514850431409,0.010261319870105867,0.006138012505286172,0.004591006982075985,RP10-RP20,0.020774039325395788,0.06527808399159836,FALSE,early exposure
14524260,Remse,14386253.492598357,TRUE,FALSE,FALSE,0.10930667479021292,0.11139199881258156,0.11347732283495018,0.1141724308424064,0.11882976072494912,0.1236955167771426,0.10930667479021292,0.11139199881258156,0.11347732283495018,0.1141724308424064,0.11882976072494912,0.1236955167771426,10,10,10,0.008058473149437098,0.06514765740423503,0.9305085187791959,0.9173923662843647,0.9230118747804451,0.07698812521955488,0.002085324022368648,0.0020853240223686204,6.95108007456216e-4,0.004657329882542721,0.0048657560521934845,RP200-RP500,0.0048657560521934845,0.039336559472563,FALSE,early exposure
16065016,Etzleben,6168455.4494236335,TRUE,FALSE,FALSE,0.14751468012259766,0.14913583149217338,0.1633235081295214,0.1633235081295214,0.1633235081295214,0.1633235081295214,0.14751468012259766,0.14913583149217338,0.1633235081295214,0.1633235081295214,0.1633235081295214,0.1633235081295214,10,10,10,0.010406325933093565,0.06371603238427226,0.9735555720575454,1,1,0,0.0016211513695757185,0.014187676637348018,0,0,0,RP20-RP50,0.014187676637348018,0.08686855186882639,FALSE,early exposure
14627020,Diera-Zehren,43387391.97460426,TRUE,FALSE,FALSE,0.08184016558668829,0.08460594602516772,0.08967654349571334,0.09082895201174644,0.09659099459191192,0.09820436651435822,0.08184016558668829,0.08460594602516772,0.08967654349571334,0.09082895201174644,0.09659099459191192,0.09820436651435822,10,10,10,0.010060473860318313,0.10244426207715915,0.9222043262974159,0.9131624863401766,0.9248972854833961,0.07510271451660391,0.0027657804384794288,0.005070597470545626,0.0011524085160330988,0.00576204258016548,0.0016133719224463022,RP100-RP200,0.00576204258016548,0.05867399571609706,FALSE,early exposure
03154027,Söllingen,39430284.66967523,TRUE,FALSE,FALSE,0,0,0.00285143213454991,0.00598544501906878,0.00633141867824145,0.00633141867824145,0,0,0.00285143213454991,0.00598544501906878,0.00633141867824145,0.00633141867824145,50,NA,NA,0.004547062905950586,0.7181744150923108,0.5829593201962541,0.4503622773122144,0.9453560605047897,0.05464393949521025,0,0.00285143213454991,0.0031340128845188703,3.4597365917266986e-4,0,RP50-RP100,0.0031340128845188703,0.49499378319257537,TRUE,early exposure
16065019,Gehofen,13548591.471329546,TRUE,FALSE,FALSE,0.1587390461119527,0.15947713021620524,0.16361546947769226,0.18079064325957467,0.1854716315719353,0.18747607041335076,0.1587390461119527,0.15947713021620524,0.16361546947769226,0.18079064325957467,0.1854716315719353,0.18747607041335076,10,10,10,0.020086328940339834,0.10714076146386643,0.9210008193531835,0.8727272185562125,0.9643398374041234,0.035660162595876586,7.38084104252551e-4,0.004138339261487017,0.017175173781882408,0.004680988312360634,0.0020044388414154624,RP50-RP100,0.017175173781882408,0.09161261884791089,FALSE,early exposure
12067426,Rietz-Neuendorf,185234224.38259536,TRUE,FALSE,FALSE,0.05777712287689001,0.06095708886315173,0.0656133237607458,0.06653114644529809,0.06733506309698471,0.07138655630196922,0.05777712287689001,0.06095708886315173,0.0656133237607458,0.06653114644529809,0.06733506309698471,0.07138655630196922,10,10,10,0.007513440291059756,0.10525007340706372,0.9126956732844991,0.9191271740745931,0.9319842543442989,0.06801574565570115,0.003179965986261718,0.004656234897594071,9.178226845522885e-4,8.039166516866231e-4,0.004051493204984505,RP20-RP50,0.004656234897594071,0.06522565506449045,FALSE,early exposure
16065003,Bad Frankenhausen/Kyffhäuser,91109138.21694888,TRUE,FALSE,FALSE,0.05975036398584396,0.0602174350146928,0.06037549028315182,0.06049796526752005,0.06104675763871931,0.06126627458719901,0.05975036398584396,0.0602174350146928,0.06037549028315182,0.06049796526752005,0.06104675763871931,0.06126627458719901,10,10,10,8.588333747244811e-4,0.014018044683002856,0.988336594608568,0.9854604460602651,0.9874595064763496,0.012540493523650439,4.6707102884883944e-4,1.5805526845901613e-4,1.2247498436823018e-4,5.487923711992582e-4,2.195169484797005e-4,RP100-RP200,5.487923711992582e-4,0.00895749537403606,FALSE,early exposure
14627010,Coswig,26126891.1611025,TRUE,FALSE,FALSE,0.1145939750535216,0.16305717295028593,0.2586451848843684,0.33006084925358997,0.3862141158362651,0.42499471549999707,0.1145939750535216,0.16305717295028593,0.2586451848843684,0.33006084925358997,0.3862141158362651,0.42499471549999707,10,10,10,0.1940507816308228,0.45659575179076367,0.6696489532274393,0.608584472821216,0.7766234195765953,0.2233765804234047,0.04846319789676433,0.09558801193408245,0.07141566436922159,0.05615326658267511,0.038780599663731985,RP20-RP50,0.09558801193408245,0.22491576588575984,FALSE,early exposure
14628370,Stadt Wehlen,10977521.341152163,TRUE,FALSE,FALSE,0.08388884399341069,0.08730808583706312,0.08912999074423233,0.093653161473063,0.09722377817684308,0.09904568308401232,0.08388884399341069,0.08730808583706312,0.08912999074423233,0.093653161473063,0.09722377817684308,0.09904568308401232,10,10,10,0.009268570046686053,0.09357873819522558,0.9280414537347015,0.8998876878725818,0.9455552080308711,0.05444479196912886,0.003419241843652429,0.001821904907169214,0.004523170728830669,0.0035706167037800746,0.0018219049071692417,RP50-RP100,0.004523170728830669,0.04566752015828933,FALSE,early exposure
14627040,Glaubitz,14259650.79794955,TRUE,FALSE,FALSE,0,0.01014394458434704,0.01014394458434704,0.01014394458434704,0.01252758769031011,0.01252758769031011,0,0.01014394458434704,0.01014394458434704,0.01014394458434704,0.01252758769031011,0.01252758769031011,20,20,NA,0.005840005418502767,0.46617158569322314,0.7994158146960325,0.8097284836563723,0.8097284836563723,0.1902715163436277,0.01014394458434704,0,0,0.0023836431059630694,0,RP10-RP20,0.01014394458434704,0.8097284836563723,TRUE,early exposure
14522060,Burgstädt,25841214.814155083,TRUE,FALSE,FALSE,0.00220038182790973,0.00220038182790973,0.00220038182790973,0.00255466675875438,0.00255466675875438,0.00255466675875438,0.00220038182790973,0.00220038182790973,0.00220038182790973,0.00255466675875438,0.00255466675875438,0.00255466675875438,10,NA,NA,2.6682240072955994e-4,0.10444509046638187,0.9306592670784595,0.8613185341569188,1,0,0,0,3.5428493084465034e-4,0,0,RP50-RP100,3.5428493084465034e-4,0.1386814658430811,TRUE,early exposure
15090415,Osterburg (Altmark),231322870.27737197,TRUE,FALSE,FALSE,0.2591680946619165,0.3157318117949846,0.3553347567750391,0.373731931098103,0.3796543891687523,0.41371111259607446,0.2591680946619165,0.3157318117949846,0.3553347567750391,0.373731931098103,0.3796543891687523,0.41371111259607446,10,10,10,0.08344311642530731,0.20169416262883125,0.8551077788030054,0.8588958477457411,0.9033644969140459,0.09663550308595413,0.056563717133068125,0.03960294498005451,0.01839717432306387,0.005922458070649339,0.03405672342732213,RP10-RP20,0.056563717133068125,0.13672274060545705,FALSE,early exposure
16065042,Kalbsrieth,11982585.109859249,TRUE,FALSE,FALSE,0.3540732740635088,0.3784364319263216,0.4424972874451528,0.464260249636478,0.46670316951300206,0.4894639695457073,0.3540732740635088,0.3784364319263216,0.4424972874451528,0.464260249636478,0.46670316951300206,0.4894639695457073,10,10,10,0.08203624666687523,0.16760426051996544,0.8904061304979142,0.9040446590090251,0.9485075072377197,0.051492492762280295,0.02436315786281279,0.06406085551883123,0.021762962191325175,0.0024429198765240634,0.022760800032705253,RP20-RP50,0.06406085551883123,0.13087961424063324,FALSE,early exposure
14627030,Ebersbach,84269636.69404,TRUE,FALSE,FALSE,0,0,8.728375541987547e-5,8.728375541987547e-5,8.728375541987547e-5,0.00127418282531662,0,0,8.728375541987547e-5,8.728375541987547e-5,8.728375541987547e-5,0.00127418282531662,50,NA,NA,5.757027933328134e-4,0.4518211844440438,0.15743171172805953,0.06850175162122943,0.06850175162122943,0.9314982483787706,0,8.728375541987547e-5,0,0,0.0011868990698967446,RP200-RP500,0.0011868990698967446,0.9314982483787706,TRUE,delayed jump
15090445,Sandau (Elbe),18434549.689568777,TRUE,FALSE,FALSE,0.564213991518533,0.6177740098718537,0.6992463482189207,0.7046379462025204,0.7122323817790628,0.7365266700168931,0.564213991518533,0.6177740098718537,0.6992463482189207,0.7046379462025204,0.7122323817790628,0.7365266700168931,10,10,10,0.09797626146295813,0.13302473006267504,0.921238800335216,0.9493836091541433,0.9567039115995063,0.043296088400493746,0.05356001835332069,0.08147233834706702,0.005391597983599672,0.00759443557654238,0.024294288237830308,RP20-RP50,0.08147233834706702,0.11061695613167458,FALSE,early exposure
16073002,Altenbeuthen,8067944.710577965,TRUE,FALSE,FALSE,0.1250437186523971,0.1250437186523971,0.12505671135037258,0.12505671135037258,0.12505671135037258,0.12505671135037258,0.1250437186523971,0.1250437186523971,0.12505671135037258,0.12505671135037258,0.12505671135037258,0.12505671135037258,10,10,10,8.908669781988008e-6,7.123703866620359e-5,0.9999694242842477,1,1,0,0,1.2992697975472423e-5,0,0,0,RP20-RP50,1.2992697975472423e-5,1.0389444784830985e-4,FALSE,early exposure
12069648,Wenzlow,20707044.44068362,TRUE,FALSE,FALSE,0.02659845019894864,0.02980595518385335,0.03148239888142875,0.03192030986448428,0.04297495562868755,0.05166764958197571,0.02659845019894864,0.02980595518385335,0.03148239888142875,0.03192030986448428,0.04297495562868755,0.05166764958197571,10,10,500,0.0139998937853049,0.27096053136871884,0.6872862135262171,0.6093251606400034,0.6178006958462399,0.38219930415376013,0.0032075049849047098,0.0016764436975754,4.3791098305552556e-4,0.011054645764203272,0.008692693953288158,RP100-RP200,0.011054645764203272,0.21395681540852773,FALSE,early exposure
01056019,Haselau,13848008.610910298,TRUE,FALSE,FALSE,0.835097039626902,0.8494825033660102,0.8631718624283368,0.8918493513945224,0.8925423647789666,0.9004118919688082,0.835097039626902,0.8494825033660102,0.8631718624283368,0.8918493513945224,0.8925423647789666,0.9004118919688082,10,10,10,0.04088738549541626,0.04540964625202089,0.9699480749372204,0.9586411176122477,0.9904904181623331,0.009509581837666876,0.014385463739108206,0.0136893590623266,0.028677488966185605,6.930133844442743e-4,0.007869527189841574,RP50-RP100,0.028677488966185605,0.031849300550085405,FALSE,early exposure
16065056,Reinsdorf,11330959.869730547,TRUE,FALSE,FALSE,0.23933802475224936,0.2454605786179584,0.2534230115903377,0.2611816541743371,0.26736842295721613,0.283254102729223,0.23933802475224936,0.2454605786179584,0.2534230115903377,0.2611816541743371,0.26736842295721613,0.283254102729223,10,10,10,0.02491057590292804,0.08794427216731725,0.9118110021106514,0.894684345781913,0.9220754497738516,0.0779245502261484,0.006122553865709035,0.007962432972379307,0.007758642583999387,0.0061867687828790485,0.01588567977200689,RP200-RP500,0.01588567977200689,0.056082787924144624,FALSE,early exposure
14627060,Großenhain,130422644.6610693,TRUE,FALSE,FALSE,0.04880230093222412,0.05859046639379788,0.07041850924190236,0.07293613482841474,0.07374399824406581,0.09352568916615762,0.04880230093222412,0.05859046639379788,0.07041850924190236,0.07293613482841474,0.07374399824406581,0.09352568916615762,10,10,20,0.023240047376751963,0.24848838414292498,0.7474597905178254,0.7529322678050191,0.779851348636806,0.220148651363194,0.00978816546157376,0.011828042848104486,0.002517625586512376,8.07863415651075e-4,0.01978169092209181,RP200-RP500,0.01978169092209181,0.21151077418897907,FALSE,early exposure
15087250,Kelbra (Kyffhäuser),40621471.96106028,TRUE,FALSE,FALSE,0.07362695562903221,0.08852594332335469,0.0954188496234614,0.103788807273591,0.1040349824985948,0.10821996132365964,0.07362695562903221,0.08852594332335469,0.0954188496234614,0.103788807273591,0.1040349824985948,0.10821996132365964,10,10,10,0.01924741197113335,0.177854544907561,0.8947048603067008,0.8817121024289296,0.9590541893023216,0.04094581069767844,0.014898987694322477,0.006892906300106708,0.0083699576501296,2.461752250038085e-4,0.004184978825064842,RP10-RP20,0.014898987694322477,0.13767319367046546,FALSE,early exposure
14522080,Döbeln,91232608.068295,TRUE,FALSE,FALSE,0.04924871589203224,0.05203309127848435,0.05336580237518051,0.05533878115778043,0.0563252705490804,0.05819142394517964,0.04924871589203224,0.05203309127848435,0.05336580237518051,0.05533878115778043,0.0563252705490804,0.05819142394517964,10,10,20,0.00503618145349161,0.08654508022068767,0.9322750229279726,0.9170733203823092,0.9509782955287948,0.04902170447120521,0.002784375386452112,0.0013327110966961583,0.0019729787825999226,9.864893912999717e-4,0.001866153396099239,RP10-RP20,0.002784375386452112,0.047848552203760934,FALSE,early exposure
15090435,Rochau,39086676.02958891,TRUE,FALSE,FALSE,0.08161218021664587,0.0959656973848848,0.0959656973848848,0.0959656973848848,0.0959656973848848,0.10453139552839452,0.08161218021664587,0.0959656973848848,0.0959656973848848,0.0959656973848848,0.0959656973848848,0.10453139552839452,10,10,10,0.009728447088283958,0.09306722673229174,0.9154880081290611,0.9180562155492991,0.9180562155492991,0.08194378445070098,0.014353517168238919,0,0,0,0.008565698143509728,RP10-RP20,0.014353517168238919,0.13731297755744573,FALSE,early exposure
01056020,Haseldorf,17815283.524139255,TRUE,FALSE,FALSE,0.8116787167100384,0.8717517665413116,0.910660883287938,0.9209928807405056,0.9209928807405056,0.9209928807405056,0.8116787167100384,0.8717517665413116,0.910660883287938,0.9209928807405056,0.9209928807405056,0.9209928807405056,10,10,10,0.05959492315825767,0.06470725714007863,0.9761792071516696,0.9887816750068033,1,0,0.06007304983127315,0.03890911674662645,0.01033199745256752,0,0,RP10-RP20,0.06007304983127315,0.06522639977734968,FALSE,early exposure
12069656,Werder (Havel),117238083.591075,TRUE,FALSE,FALSE,0.11291610549741518,0.12433502593201186,0.12493210153966304,0.1460605759424412,0.15227495912659542,0.15295720984218836,0.11291610549741518,0.12433502593201186,0.12493210153966304,0.1460605759424412,0.15227495912659542,0.15295720984218836,10,10,10,0.02555633813374016,0.16708161818659986,0.891719986595881,0.8167781150595003,0.9549113513062728,0.04508864869372725,0.011418920434596677,5.970756076511818e-4,0.021128474402778166,0.00621438318415421,6.822507155929414e-4,RP50-RP100,0.021128474402778166,0.13813323624677254,FALSE,early exposure
01056024,Heist,10018888.267545355,TRUE,FALSE,FALSE,0.07395946402034852,0.07395946402034852,0.08841332479925243,0.090754372070602607,0.0986030843717512,0.0986030843717512,0.07395946402034852,0.07395946402034852,0.08841332479925243,0.090754372070602607,0.0986030843717512,0.0986030843717512,10,10,10,0.01692796067859428,0.17167780081577208,0.8910859893968699,0.8966588151129069,0.9204009453542289,0.07959905464577108,0,0.014453860778903913,0.0023410472713501773,0.0078487123011486,0,RP20-RP50,0.014453860778903913,0.1465862946478457,FALSE,early exposure
12067481,Storkow (Mark),180695975.93586615,TRUE,FALSE,FALSE,9.085766056919454e-4,0.00110761190393716,0.00126808466649687,0.001320924429213,0.00138023319052763,0.00256602851394681,9.085766056919454e-4,0.00110761190393716,0.00126808466649687,0.001320924429213,0.00138023319052763,0.00256602851394681,10,NA,NA,7.881831382138838e-4,0.30716070921658567,0.5407819857784197,0.494181829860662,0.5147738702175547,0.4852261297824453,1.9903529824521462e-4,1.6047276255970987e-4,5.283976271613011e-5,5.930876131462993e-5,0.0011857953234191802,RP200-RP500,0.0011857953234191802,0.462113073558683,TRUE,gradual increase
01056027,Hetlingen,16599690.141962444,TRUE,FALSE,FALSE,0.8113400923065099,0.8649269509340979,0.8692506863618907,0.8704555281287526,0.8927437497207755,0.9082749807179946,0.8113400923065099,0.8649269509340979,0.8692506863618907,0.8704555281287526,0.8927437497207755,0.9082749807179946,10,10,10,0.04796413180592454,0.0528079412338416,0.9609944124167542,0.9570347139527557,0.9583612304730165,0.04163876952698357,0.05358685862758794,0.004323735427792852,0.0012048417668618638,0.022288221592022928,0.015531230997219092,RP10-RP20,0.05358685862758794,0.05899849689267818,FALSE,early exposure
01056028,Holm,15978636.194305196,TRUE,FALSE,FALSE,0.10914943973025296,0.11219529775357703,0.1311846066349741,0.1311846066349741,0.1311846066349741,0.1333887197394969,0.10914943973025296,0.11219529775357703,0.1311846066349741,0.1311846066349741,0.1311846066349741,0.1333887197394969,10,10,10,0.015252714560410706,0.11434785932572614,0.9414920549406124,0.9834760157468537,0.9834760157468537,0.016523984253146263,0.0030458580233240773,0.018989308881397077,0,0,0.002204113104522787,RP20-RP50,0.018989308881397077,0.14236068026203771,FALSE,early exposure
12067469,Spreenhagen,137738247.98115382,TRUE,FALSE,FALSE,0.06057804128749274,0.06538376759739317,0.06761668279876909,0.0679826851076619,0.06805528658289896,0.07192736354517137,0.06057804128749274,0.06538376759739317,0.06761668279876909,0.0679826851076619,0.06805528658289896,0.07192736354517137,10,10,10,0.0055489269706795975,0.07714625835263363,0.9341883031301734,0.9400689732817036,0.9451574721624244,0.05484252783757558,0.004805726309900435,0.002232915201375918,3.660023088928044e-4,7.26014752370635e-5,0.0038720769622724166,RP10-RP20,0.004805726309900435,0.06681360296046959,FALSE,early exposure
14524290,Waldenburg,25083048.223122895,TRUE,FALSE,FALSE,0.10713062368459192,0.11510413624259232,0.11550281187049234,0.123185968940161,0.12398332019596103,0.12956435275057343,0.10713062368459192,0.11510413624259232,0.11550281187049234,0.123185968940161,0.12398332019596103,0.12956435275057343,10,10,10,0.012355367577818946,0.09536085594163761,0.9217942671850308,0.8914706045176546,0.9507705346802329,0.04922946531976716,0.007973512558000398,3.9867562790002475e-4,0.007683157069668656,7.973512558000356e-4,0.005581032554612397,RP10-RP20,0.007973512558000398,0.06154094385320895,FALSE,early exposure
14730310,Torgau,102853060.15132137,TRUE,FALSE,FALSE,0.2916637391041352,0.3012999917837542,0.3095251483747369,0.31730323488789475,0.33651506057801395,0.342905839257755,0.2916637391041352,0.3012999917837542,0.3095251483747369,0.31730323488789475,0.33651506057801395,0.342905839257755,10,10,10,0.031168399068596166,0.09089492070494484,0.9247150584691245,0.9026534778314855,0.9253363418211864,0.07466365817881362,0.00963625267961904,0.008225156590982663,0.007778086513157867,0.0192118256901192,0.006390778679741027,RP100-RP200,0.0192118256901192,0.056026534082081005,FALSE,early exposure
12071041,Dissen-Striesow,19911812.74790296,TRUE,FALSE,FALSE,0.21117728253690787,0.2769673749099874,0.3510987555792156,0.3671696178382885,0.3871154446734731,0.4291040039156116,0.21117728253690787,0.2769673749099874,0.3510987555792156,0.3671696178382885,0.3871154446734731,0.4291040039156116,10,10,10,0.12206177944396715,0.2844573304610133,0.7989796263812129,0.8182136553735428,0.8556657931127036,0.14433420688729634,0.06579009237307953,0.0741313806692282,0.016070862259072893,0.019945826835184588,0.04198855924213851,RP20-RP50,0.0741313806692282,0.17275853870570504,FALSE,early exposure
12068320,Neuruppin,305934233.01816416,TRUE,FALSE,FALSE,9.754431206703547e-7,9.754431206703547e-7,9.754431206703547e-7,9.754431206703547e-7,5.298544141200187e-6,0.00146416666363531,9.754431206703547e-7,9.754431206703547e-7,9.754431206703547e-7,9.754431206703547e-7,5.298544141200187e-6,0.00146416666363531,10,NA,NA,6.369536133447074e-4,0.43502808058970927,0.11830768613203513,6.662104423607578e-4,6.662104423607578e-4,0.9993337895576392,0,0,0,4.323101020529833e-6,0.0014588681194941098,RP200-RP500,0.0014588681194941098,0.9963811878300489,TRUE,delayed jump
16065046,Mönchpfiffel-Nikolausrieth,9268732.690789605,TRUE,FALSE,FALSE,0.2872160499291837,0.2895934478324929,0.29283013627748505,0.30370767207034643,0.3119515903197241,0.3172686167686014,0.2872160499291837,0.2895934478324929,0.29283013627748505,0.30370767207034643,0.3119515903197241,0.3172686167686014,10,10,10,0.019235986082752565,0.06062996800210563,0.9467992870212251,0.9229722727068828,0.9572572136621202,0.04274278633787972,0.0023773979033092085,0.003236688444992142,0.010877535792861381,0.008243918249377646,0.005317026448877327,RP50-RP100,0.010877535792861381,0.03428494095523753,FALSE,early exposure
14627050,Gröditz,29040876.612622075,TRUE,FALSE,FALSE,0.12443819433868854,0.14338726273112715,0.18547829571056812,0.20871529011630024,0.22845183351273132,0.2373999695973009,0.12443819433868854,0.14338726273112715,0.18547829571056812,0.20871529011630024,0.22845183351273132,0.2373999695973009,10,10,10,0.07139097737615539,0.30072024649899987,0.8022328275262351,0.7812903094519895,0.8791715115648154,0.1208284884351846,0.01894906839243861,0.04209103297944097,0.023236994405732125,0.019736543396431078,0.008948136084569569,RP20-RP50,0.04209103297944097,0.17730007737928338,FALSE,early exposure
12068324,Neustadt (Dosse),75664484.23327327,TRUE,FALSE,FALSE,0.13189478933048393,0.1583505372433354,0.20304811795715524,0.217019340731734,0.23754237854170376,0.25081786824198377,0.13189478933048393,0.1583505372433354,0.20304811795715524,0.217019340731734,0.23754237854170376,0.25081786824198377,10,10,10,0.07174800147923112,0.28605618085395,0.808218082416554,0.8095440702863271,0.865246731633802,0.1347532683661981,0.026455747912851463,0.04469758071381985,0.013971222774578768,0.020523037809969752,0.013275489700280002,RP20-RP50,0.04469758071381985,0.1782073224173031,FALSE,early exposure
12071028,Briesen,9164530.61977494,TRUE,FALSE,FALSE,0.11012224482942812,0.1286720219051006,0.202804821647652,0.21297685986487225,0.21715558053076683,0.217965602147268,0.11012224482942812,0.1286720219051006,0.202804821647652,0.21297685986487225,0.21715558053076683,0.217965602147268,10,10,10,0.06940212362074936,0.31840860639036966,0.852769050006101,0.9304441602240859,0.9771122496703625,0.022887750329637475,0.018549777075672486,0.07413279974255141,0.010172038217220236,0.004178720665894586,8.100216165011775e-4,RP20-RP50,0.07413279974255141,0.34011238017484857,FALSE,early exposure
12069688,Wusterwitz,23864482.92313698,TRUE,FALSE,FALSE,0,0,0.04712657153097752,0.10160082953971196,0.1669237394080846,0.17262348364657143,0,0,0.04712657153097752,0.10160082953971196,0.1669237394080846,0.17262348364657143,50,50,100,0.11954688320553752,0.6925296644476098,0.476466705799083,0.27300208833384604,0.5885689906926513,0.4114310093073486,0,0.04712657153097752,0.05447425800873444,0.06532290986837265,0.00569974423848682,RP100-RP200,0.06532290986837265,0.3784126498229783,FALSE,gradual increase
01056015,Elmshorn,21702124.601431817,TRUE,FALSE,FALSE,0.06291066321629672,0.08640172863298907,0.08640172863298907,0.09225237598189732,0.09225237598189732,0.09225237598189732,0.06291066321629672,0.08640172863298907,0.08640172863298907,0.09225237598189732,0.09225237598189732,0.09225237598189732,10,10,10,0.014235079151245607,0.15430582681186383,0.945731023445635,0.9365799819610465,1,0,0.023491065416692353,0,0.00585064734890825,0,0,RP10-RP20,0.023491065416692353,0.25463913711341163,FALSE,early exposure
01056016,Groß Nordende,5336383.998411052,TRUE,FALSE,FALSE,0.8070044171911045,0.8070044171911045,0.8070044171911045,0.8070044171911045,0.8070044171911045,0.8070044171911045,0.8070044171911045,0.8070044171911045,0.8070044171911045,0.8070044171911045,0.8070044171911045,0.8070044171911045,10,10,10,0,0,1,1,1,0,0,0,0,0,0,NA,0,0,FALSE,early exposure
12067473,Steinhöfel,161138405.97169286,TRUE,FALSE,FALSE,0.0043812853758873,0.0043812853758873,0.00516706707000663,0.00547633571641316,0.00548762675662452,0.00563930640812745,0.0043812853758873,0.0043812853758873,0.00516706707000663,0.00547633571641316,0.00548762675662452,0.00563930640812745,10,NA,NA,8.451866541009539e-4,0.14987422085858979,0.906469183869755,0.9162593226996457,0.9711009333560215,0.02889906664397849,0,7.857816941193299e-4,3.0926864640653043e-4,1.1291040211359495e-5,1.5167965150293065e-4,RP20-RP50,7.857816941193299e-4,0.1393401310818738,TRUE,early exposure
12071032,Burg (Spreewald),35368051.73040276,TRUE,FALSE,FALSE,0.13357167515307738,0.1375486444535316,0.14140642636359504,0.14435016484351318,0.14774305741545113,0.15085320893972756,0.13357167515307738,0.1375486444535316,0.14140642636359504,0.14435016484351318,0.14774305741545113,0.15085320893972756,10,10,10,0.010149269940022552,0.06727911200137349,0.9469480748408541,0.9373776491562277,0.9568915759769311,0.04310842402306889,0.003976969300454214,0.003857781910063446,0.0029437384799181343,0.00339289257193795,0.0031101515242764333,RP10-RP20,0.003976969300454214,0.026363173368378175,FALSE,early exposure
13076006,Barkhagen,30384060.435054645,TRUE,FALSE,FALSE,0.04816029067793387,0.06362892763001657,0.06395804756516726,0.0732457599385482,0.07620783935490447,0.07653695929005516,0.04816029067793387,0.06362892763001657,0.06395804756516726,0.0732457599385482,0.07620783935490447,0.07653695929005516,10,10,20,0.015818677452857876,0.206680244415109,0.8901503368351158,0.8356491838509407,0.9569985614527202,0.043001438547279724,0.015468636952082698,3.291199351506957e-4,0.00928771237338094,0.0029620794163562614,3.291199351506957e-4,RP10-RP20,0.015468636952082698,0.2021067611722147,FALSE,early exposure
13076008,Belsch,22625583.52322813,TRUE,FALSE,FALSE,0.00791304871203028,0.01020853036607436,0.01020853036607436,0.01020853036607436,0.01020853036607436,0.01020853036607436,0.00791304871203028,0.01020853036607436,0.01020853036607436,0.01020853036607436,0.01020853036607436,0.01020853036607436,10,20,NA,9.604415235664119e-4,0.09408225171746669,0.9800792967288287,1,1,0,0.0022954816540440813,0,0,0,0,RP10-RP20,0.0022954816540440813,0.22485916892333224,TRUE,early exposure
13076009,Bengerstorf,33049640.00110774,TRUE,FALSE,FALSE,0.03723357058329794,0.03874644636646303,0.03874644636646303,0.03904902152309605,0.03904902152309605,0.03904902152309605,0.03723357058329794,0.03874644636646303,0.03874644636646303,0.03904902152309605,0.03904902152309605,0.03904902152309605,10,10,NA,8.608733851748685e-4,0.022045965599053304,0.9926933858387812,0.9922514023442545,1,0,0.0015128757831650921,0,3.0257515663301843e-4,0,0,RP10-RP20,0.0015128757831650921,0.0387429882787276,FALSE,early exposure
12067408,Rauen,21643502.72157179,TRUE,FALSE,FALSE,0.00163506395695974,0.00479731346303114,0.00479731346303114,0.00790000639831044,0.00790000639831044,0.00790000639831044,0.00163506395695974,0.00479731346303114,0.00479731346303114,0.00790000639831044,0.00790000639831044,0.00790000639831044,10,NA,NA,0.0036598310217643482,0.46326937438266763,0.768165226817398,0.6072543769150786,1,0,0.0031622495060714,0,0.0031026929352793,0,0,RP10-RP20,0.0031622495060714,0.400284423408531,TRUE,early exposure
14625240,Hoyerswerda,95962109.1018878,TRUE,FALSE,FALSE,0.00200462275124231,0.00200462275124231,0.00200462275124231,0.00200462275124231,0.00200462275124231,0.00200462275124231,0.00200462275124231,0.00200462275124231,0.00200462275124231,0.00200462275124231,0.00200462275124231,0.00200462275124231,10,NA,NA,0,0,1,1,1,0,0,0,0,0,0,NA,0,0,TRUE,early exposure
13076010,Besitz,22187644.02126526,TRUE,FALSE,FALSE,0.2615982194157954,0.2893509069776436,0.3684308154030232,0.6019605712064078,0.6019605712064078,0.6019653068767147,0.2615982194157954,0.2893509069776436,0.3684308154030232,0.6019605712064078,0.6019605712064078,0.6019653068767147,10,10,10,0.24171457214132244,0.40154236362134216,0.7632743646281559,0.6120465933736603,0.9999921329846541,7.867015345900855e-6,0.027752687561848177,0.0790799084253796,0.2335297558033846,0,4.735670306899031e-6,RP50-RP100,0.2335297558033846,0.3879455396109939,FALSE,early exposure
16065085,Kyffhäuserland,129109407.51909108,TRUE,FALSE,FALSE,0.01002230621347591,0.01397244439317895,0.01776767519328579,0.01800003626268008,0.01978147112803635,0.02322202692294685,0.01002230621347591,0.01397244439317895,0.01776767519328579,0.01800003626268008,0.01978147112803635,0.02322202692294685,10,10,NA,0.007117950328686965,0.30651718527004906,0.7490729064576821,0.7651216343965503,0.7751276976125344,0.22487230238746558,0.0039501381797030395,0.0037952308001068403,2.323610693942893e-4,0.0017814348653562712,0.0034405557949105,RP10-RP20,0.0039501381797030395,0.17010307467173374,FALSE,early exposure
16065086,Artern,44869652.329491064,TRUE,FALSE,FALSE,0.15341381982852695,0.17223872744185975,0.18839849645361767,0.23381104157838956,0.2715191617975412,0.2926231828017039,0.15341381982852695,0.17223872744185975,0.18839849645361767,0.23381104157838956,0.2715191617975412,0.2926231828017039,10,10,10,0.08757414979905663,0.29927276766175165,0.7495154895558122,0.643826284198699,0.7990174918466101,0.2009825081533899,0.018824907613332803,0.01615976901175792,0.045412545124771886,0.03770812021915165,0.0211040210041627,RP50-RP100,0.045412545124771886,0.1551912076479111,FALSE,early exposure
13076012,Blievenstorf,21448027.28281925,TRUE,FALSE,FALSE,0.02844545728376715,0.02844545728376715,0.02844545728376715,0.02844545728376715,0.02844545728376715,0.02844545728376715,0.02844545728376715,0.02844545728376715,0.02844545728376715,0.02844545728376715,0.02844545728376715,0.02844545728376715,10,10,NA,0,0,1,1,1,0,0,0,0,0,0,NA,0,0,FALSE,early exposure
12071060,Drehnow,10968965.45124516,TRUE,FALSE,FALSE,7.507863728534738e-4,7.507863728534738e-4,7.507863728534738e-4,7.507863728534738e-4,7.507863728534738e-4,0.04238436182610893,7.507863728534738e-4,7.507863728534738e-4,7.507863728534738e-4,7.507863728534738e-4,7.507863728534738e-4,0.04238436182610893,10,500,NA,0.018094963165844725,0.4269254599156937,0.13275139780844816,0.017713759049475333,0.017713759049475333,0.9822862409505246,0,0,0,0,0.04163357545325545,RP200-RP500,0.04163357545325545,0.9822862409505246,FALSE,delayed jump
16065087,Roßleben-Wiehe,72953515.34495515,TRUE,FALSE,FALSE,0.17176127967717586,0.19829737080048057,0.2022725048105246,0.2231107972615914,0.22421090630153376,0.2254006153440246,0.17176127967717586,0.19829737080048057,0.2022725048105246,0.2231107972615914,0.22421090630153376,0.2254006153440246,10,10,10,0.030775932679486098,0.13653881393585987,0.9301898498431891,0.8973910940828621,0.9898411187611963,0.010158881238803721,0.02653609112330471,0.00397513401004404,0.020838292451066776,0.0011001090399423707,0.0011897090424908552,RP10-RP20,0.02653609112330471,0.1177285655711418,FALSE,early exposure
16065088,An der Schmücke,95013330.85967591,TRUE,FALSE,FALSE,0.1204995634290002,0.13878589804805097,0.17040598861075834,0.1806145270497387,0.18903439816426168,0.1978752628345108,0.1204995634290002,0.13878589804805097,0.17040598861075834,0.1806145270497387,0.18903439816426168,0.1978752628345108,10,10,10,0.0464994381086431,0.2349936896737417,0.8507279410292224,0.8611788364535194,0.9127696128484349,0.08723038715156511,0.01828633461905077,0.03162009056270737,0.010208538438980369,0.00841987111452297,0.00884086467024911,RP20-RP50,0.03162009056270737,0.15979809759824415,FALSE,early exposure
13076014,Boizenburg/Elbe,47238842.90497926,TRUE,FALSE,FALSE,0.18947857305793128,0.22270014297138135,0.23076218858102457,0.2330494764063145,0.24001368710696175,0.2538731161709951,0.18947857305793128,0.22270014297138135,0.23076218858102457,0.2330494764063145,0.24001368710696175,0.2538731161709951,10,10,10,0.031836408283422775,0.1254028341542848,0.9077814675440418,0.908966621048586,0.9179761918916418,0.08202380810835819,0.03322156991345007,0.008062045609643215,0.0022872878252899187,0.006964210700647261,0.013859429064033368,RP10-RP20,0.03322156991345007,0.13085895196194713,FALSE,early exposure
14627070,Hirschstein,34760214.33588495,TRUE,FALSE,FALSE,0.06319899982924129,0.06693890772347408,0.0698893663854421,0.07219084816650843,0.07276621861177501,0.09038755138089535,0.06319899982924129,0.06693890772347408,0.0698893663854421,0.07219084816650843,0.07276621861177501,0.09038755138089535,10,10,10,0.013364984069376909,0.14786310576172756,0.7975643031653846,0.7732189368746876,0.7986813124552344,0.20131868754476562,0.0037399078942327857,0.002950458661968025,0.0023014817810663307,5.753704452665792e-4,0.01762133276912034,RP200-RP500,0.01762133276912034,0.19495309364962896,FALSE,early exposure
14713000,Leipzig,299088853.71073973,TRUE,FALSE,FALSE,0.05160114623926536,0.05664421481268898,0.06100185726105142,0.0642387227041254,0.06550564523877568,0.06724425901039725,0.05160114623926536,0.05664421481268898,0.06100185726105142,0.0642387227041254,0.06550564523877568,0.06724425901039725,10,10,10,0.009139501289305574,0.13591496766872588,0.9146308566341338,0.9071682573172435,0.9553041947297368,0.04469580527026321,0.005043068573423619,0.004357642448362446,0.003236865443073972,0.001266922534650286,0.0017386137716215722,RP10-RP20,0.005043068573423619,0.0749962695349779,FALSE,early exposure
12062196,Gröden,22402858.92871034,TRUE,FALSE,FALSE,0.00156415250084796,0.00714254228086773,0.0260121044166983,0.07097887374108398,0.11383404953829508,0.18923797114114024,0.00156415250084796,0.00714254228086773,0.0260121044166983,0.07097887374108398,0.11383404953829508,0.18923797114114024,10,50,100,0.11059977117718758,0.5844480920517714,0.34408058302246236,0.13745710895038907,0.37507733417911926,0.6249226658208807,0.0055783897800197706,0.01886956213583057,0.04496676932438569,0.0428551757972111,0.07540392160284516,RP200-RP500,0.07540392160284516,0.3984608434985086,FALSE,delayed jump
14522460,Penig,63608667.65588005,TRUE,FALSE,FALSE,0.0351557819921963,0.03841978126233329,0.04178626879118914,0.04272953646540922,0.04304563473118067,0.04524659263769419,0.0351557819921963,0.03841978126233329,0.04178626879118914,0.04272953646540922,0.04304563473118067,0.04524659263769419,10,10,NA,0.005552569057105594,0.12271794920707099,0.9136112387724205,0.9235229959919168,0.944370260266006,0.055629739733993946,0.0032639992701369858,0.0033664875288558563,9.432676742200732e-4,3.160982657714542e-4,0.0022009579065135204,RP20-RP50,0.0033664875288558563,0.07440311706590898,FALSE,early exposure
14729320,Neukieritzsch,57209117.342527494,TRUE,FALSE,FALSE,0.03281907360888157,0.04825949341357907,0.05547814768782608,0.08117335272304248,0.0872912586838083,0.09078720494710309,0.03281907360888157,0.04825949341357907,0.05547814768782608,0.08117335272304248,0.0872912586838083,0.09078720494710309,10,10,50,0.036376808349059146,0.4006821046011274,0.7403885819544909,0.6110789259362073,0.8941056481509471,0.1058943518490529,0.0154404198046975,0.007218654274247012,0.025695205035216398,0.006117905960765821,0.0034959462632947885,RP50-RP100,0.025695205035216398,0.28302672221473985,FALSE,early exposure
12067493,Tauche,121952418.64925414,TRUE,FALSE,FALSE,0.0955425090152382,0.11047671196975416,0.13674589803487366,0.13945286927259712,0.1478174377564254,0.1507915895895123,0.0955425090152382,0.11047671196975416,0.13674589803487366,0.13945286927259712,0.1478174377564254,0.1507915895895123,10,10,10,0.03319145874943973,0.22011478783262484,0.8760034068351878,0.9068536143635458,0.9248053532177646,0.07519464678223542,0.01493420295451596,0.026269186065119507,0.0027069712377234545,0.008364568483828272,0.0029741518330869132,RP20-RP50,0.026269186065119507,0.17420856253740663,FALSE,early exposure
12071052,Drachhausen,38300791.51922781,TRUE,FALSE,FALSE,0.03051721951904732,0.03051721951904732,0.03051721951904732,0.03051721951904732,0.03410242666872834,0.05678848715553607,0.03051721951904732,0.03051721951904732,0.03051721951904732,0.03051721951904732,0.03410242666872834,0.05678848715553607,10,10,500,0.012260023989541801,0.21588925156543148,0.6045485113407524,0.5373839143744883,0.5373839143744883,0.46261608562551176,0,0,0,0.003585207149681021,0.022686060486807727,RP200-RP500,0.022686060486807727,0.39948344502775085,FALSE,gradual increase
16076012,Caaschwitz,4097838.24899341,TRUE,FALSE,FALSE,0.238004276933471,0.2404445879932002,0.24288489905292945,0.24532521011265865,0.251846278731539,0.25454204687397475,0.238004276933471,0.2404445879932002,0.24288489905292945,0.24532521011265865,0.251846278731539,0.25454204687397475,10,10,10,0.010069315767414834,0.03955855581062496,0.9648366771996475,0.9542034490403198,0.96379051369112545,0.03620948630887458,0.0024403110597291944,0.00244031105972925,0.0024403110597291944,0.006521068618880327,0.0026957681424357727,RP100-RP200,0.006521068618880327,0.025618826826315836,FALSE,early exposure
13076030,Dersenow,22443987.350011803,TRUE,FALSE,FALSE,0.0068761451491662,0.02005649717297133,0.12931599972631383,0.17899293192193116,0.17899293192193116,0.17899293192193116,0.0068761451491662,0.02005649717297133,0.12931599972631383,0.17899293192193116,0.17899293192193116,0.17899293192193116,10,20,50,0.11784356871030507,0.658369955980738,0.6750666761814145,0.7224642802248514,1,0,0.01318035202380513,0.10925950255334249,0.049676932195617335,0,0,RP20-RP50,0.10925950255334249,0.6104123854510449,FALSE,early exposure
14523330,Pöhl,36654093.105269566,TRUE,FALSE,FALSE,0.00374824704709766,0.00592338921819551,0.01171704225926783,0.01332934507195488,0.01491559279718851,0.01900394764651369,0.00374824704709766,0.00592338921819551,0.01171704225926783,0.01332934507195488,0.01491559279718851,0.01900394764651369,10,50,NA,0.008935691957205132,0.4702018824412203,0.6112575988328128,0.6165583318378244,0.7013987472439798,0.2986012527560202,0.0021751421710978496,0.00579365304107232,0.0016123028126870508,0.001586247725233629,0.00408835484932518,RP20-RP50,0.00579365304107232,0.30486576519985187,TRUE,early exposure
13076034,Dömitz,60496863.98778597,TRUE,FALSE,FALSE,0.3627598131966744,0.4303756630310937,0.4577625846440207,0.4633827106735062,0.4884916926881028,0.5481493618907038,0.3627598131966744,0.4303756630310937,0.4577625846440207,0.4633827106735062,0.4884916926881028,0.5481493618907038,10,10,10,0.09403966632550426,0.1715584708538891,0.8421332302293467,0.8351055687907459,0.8453584787094958,0.1546415212905043,0.06761584983441932,0.027386921612926995,0.005620126029485528,0.025108982014596548,0.05965766920260107,RP10-RP20,0.06761584983441932,0.12335296642724419,FALSE,early exposure
13076016,Brahlstorf,21895462.27090615,TRUE,FALSE,FALSE,0.03094875187739345,0.06610375218289061,0.08651452558208451,0.18197422950081704,0.18197422950081704,0.18197422950081704,0.03094875187739345,0.06610375218289061,0.08651452558208451,0.18197422950081704,0.18197422950081704,0.18197422950081704,10,10,20,0.1005975487995791,0.5528120606721812,0.6875870347614004,0.4754218540691558,1,0,0.03515500030549716,0.020410773399193907,0.09545970391873253,0,0,RP50-RP100,0.09545970391873253,0.5245781459308442,FALSE,early exposure
13076017,Brenz,12654634.15903614,TRUE,FALSE,FALSE,0,0.0081714350920494,0.02777088311499457,0.04598240726242147,0.04677263160824813,0.07310447575521245,0,0.0081714350920494,0.02777088311499457,0.04598240726242147,0.04677263160824813,0.07310447575521245,20,50,500,0.04254678212591992,0.5819996886153207,0.46130635931509284,0.3798793825973708,0.6289957870211915,0.3710042129788085,0.0081714350920494,0.01959944802294517,0.0182115241474269,7.902243458266581e-4,0.026331844146964323,RP200-RP500,0.026331844146964323,0.36019469225298184,FALSE,early exposure
13076018,Bresegard bei Eldena,11143815.295551412,TRUE,FALSE,FALSE,0.0428702803927708,0.11225326440963858,0.2525404395827659,0.35609461984345403,0.41564419038789663,0.45064118106448187,0.0428702803927708,0.11225326440963858,0.2525404395827659,0.35609461984345403,0.41564419038789663,0.45064118106448187,10,10,20,0.2582861529719986,0.5731525742096808,0.6217961415404993,0.5604024891516297,0.7901954699353159,0.2098045300646841,0.06938298401686778,0.14028717517312733,0.10355418026068813,0.0595495705444426,0.03499699067658524,RP20-RP50,0.14028717517312733,0.3113057152072699,FALSE,early exposure
01051103,Schmedeswurth,5887846.1293954775,TRUE,FALSE,FALSE,0.8543969663655877,0.9813865817241718,0.9813865817241718,0.9813865817241718,0.9813865817241718,0.9813865817241718,0.8543969663655877,0.9813865817241718,0.9813865817241718,0.9813865817241718,0.9813865817241718,0.9813865817241718,10,10,10,0.05313311889782951,0.05414086547268808,0.9885363700779113,1,1,0,0.1269896153585841,0,0,0,0,RP10-RP20,0.1269896153585841,0.12939815738613367,FALSE,early exposure
16076022,Greiz,84912677.81935868,TRUE,FALSE,FALSE,0.02209326321847185,0.02467741364686529,0.02738607866493594,0.03091911999285418,0.03315671283386905,0.03711612515566913,0.02209326321847185,0.02467741364686529,0.02738607866493594,0.03091911999285418,0.03315671283386905,0.03711612515566913,10,10,NA,0.008818112383380702,0.23758170731445075,0.7897522068432088,0.7378485375312132,0.8330373890910211,0.16696261090897896,0.002584150428393439,0.0027086650180706516,0.0035330413279182384,0.002237592841014869,0.003959412321800082,RP200-RP500,0.003959412321800082,0.10667633825443441,FALSE,early exposure
13076019,Bresegard bei Picher,16581224.118175805,TRUE,FALSE,FALSE,0,0,0,0,0,9.564519291449484e-4,0,0,0,0,0,9.564519291449484e-4,500,NA,NA,4.156972404930859e-4,0.43462428986338303,0.11711213489833154,0,0,1,0,0,0,0,9.564519291449484e-4,RP200-RP500,9.564519291449484e-4,1,TRUE,delayed jump
14522480,Reinsberg,48765913.081287704,TRUE,FALSE,FALSE,0.01030294916664246,0.01050801043522428,0.01050801043522428,0.01050801043522428,0.01131208444554424,0.0125424520570352,0.01030294916664246,0.01050801043522428,0.01050801043522428,0.01050801043522428,0.01131208444554424,0.0125424520570352,10,10,NA,0.001158832386815835,0.09239280975890453,0.8685305468383789,0.8377955432829596,0.8377955432829596,0.16220445671704037,2.0506126858181942e-4,0,0,8.040740103199603e-4,0.0012303676114909599,RP200-RP500,0.0012303676114909599,0.09809625788450457,TRUE,early exposure
14523320,Plauen,101719133.12763377,TRUE,FALSE,FALSE,0.01662689866882032,0.01939210193446912,0.02172832812522937,0.02232706015052722,0.02342673063398176,0.0247061857061501,0.01662689866882032,0.01939210193446912,0.02172832812522937,0.02232706015052722,0.02342673063398176,0.0247061857061501,10,10,NA,0.004502027255617265,0.18222267529125624,0.8742753323947358,0.8794691492916508,0.9037032432314858,0.09629675676851428,0.002765203265648799,0.0023362261907602516,5.987320252978483e-4,0.0010996704834545408,0.0012794550721683395,RP10-RP20,0.002765203265648799,0.11192351982363907,FALSE,early exposure
13076049,Gorlosen,53231150.54896304,TRUE,FALSE,FALSE,0.01712767230995172,0.02184417799782729,0.02541351659074826,0.05752459145543556,0.06793882278318525,0.06869026248695809,0.01712767230995172,0.02184417799782729,0.02541351659074826,0.05752459145543556,0.06793882278318525,0.06869026248695809,10,10,100,0.03590296876161882,0.5226791609427255,0.6325591339088158,0.3699726230566292,0.837448997466817,0.162551002533183,0.004716505687875568,0.003569338592920971,0.0321110748646873,0.010414231327749691,7.514397037728382e-4,RP50-RP100,0.0321110748646873,0.4674763744101878,FALSE,early exposure
12071076,Forst (Lausitz),111087397.72670946,TRUE,FALSE,FALSE,0.00975240280314321,0.01134371898770554,0.01251396874294617,0.01305408401459569,0.01350418007430363,0.01417614718238217,0.00975240280314321,0.01134371898770554,0.01251396874294617,0.01305408401459569,0.01350418007430363,0.01417614718238217,10,20,NA,0.0024683631414769217,0.17412087429118628,0.8833600908045344,0.8827482236145431,0.9208485102933357,0.0791514897066643,0.0015913161845623296,0.0011702497552406304,5.401152716495196e-4,4.500960597079405e-4,6.719671080785399e-4,RP10-RP20,0.0015913161845623296,0.11225308005689905,TRUE,early exposure
12071412,Werben,25107230.69742649,TRUE,FALSE,FALSE,0.2462118724642903,0.2730897283315997,0.2751309231126936,0.2755292147490956,0.27618729133320485,0.27618729133320485,0.2462118724642903,0.2730897283315997,0.2751309231126936,0.2755292147490956,0.27618729133320485,0.27618729133320485,10,10,10,0.013385929607174364,0.04846685574328257,0.9868688360960168,0.9961751744064256,0.9976172814435718,0.0023827185564281993,0.026877855867309425,0.00204119478109388,3.9829163640198173e-4,6.580765841092684e-4,0,RP10-RP20,0.026877855867309425,0.09731749689699792,FALSE,early exposure
14524200,Mülsen,49108021.31470883,TRUE,FALSE,FALSE,0.01076216423939833,0.01142041330789907,0.01156598536702782,0.01166780332953403,0.01173327645310178,0.01195168621468693,0.01076216423939833,0.01142041330789907,0.01156598536702782,0.01166780332953403,0.01173327645310178,0.01195168621468693,10,10,NA,5.906680353040916e-4,0.04942131383756048,0.9674326741210586,0.9677283321590943,0.9762474616507211,0.023752538349278946,6.582490685007394e-4,1.4557205912875057e-4,1.0181796250620899e-4,6.54731235677497e-5,2.1840976158515012e-4,RP10-RP20,6.582490685007394e-4,0.0550758325374912,TRUE,early exposure
16076039,Langenwetzendorf,58327544.83979913,TRUE,FALSE,FALSE,4.403396787906058e-5,4.403396787906058e-5,1.4179958833690585e-4,1.4179958833690585e-4,1.4179958833690585e-4,1.4179958833690585e-4,4.403396787906058e-5,4.403396787906058e-5,1.4179958833690585e-4,1.4179958833690585e-4,1.4179958833690585e-4,1.4179958833690585e-4,10,NA,NA,6.703470136318633e-5,0.47274256681138316,0.7970937223473313,1,1,0,0,9.776562045784527e-5,0,0,0,RP20-RP50,9.776562045784527e-5,0.6894633588467198,TRUE,early exposure
15085090,Ditfurt,23929171.404765,TRUE,FALSE,FALSE,0.08691704248912126,0.09407184083959648,0.09906840001332907,0.10032209992180256,0.10324739970824066,0.112383365350121,0.08691704248912126,0.09407184083959648,0.09906840001332907,0.10032209992180256,0.10324739970824066,0.112383365350121,10,10,10,0.013292830907327208,0.11828112519957465,0.8862983573593245,0.8815219201230514,0.8926774848684894,0.10732251513151053,0.007154798350475222,0.004996559173732595,0.0012536999084734879,0.0029252997864381014,0.009135965641880336,RP200-RP500,0.009135965641880336,0.0812928640588222,FALSE,early exposure
13076050,Grabow,72336024.30337732,TRUE,FALSE,FALSE,0.05061344834981782,0.0630739443797482,0.0630739443797482,0.0721451311500599,0.07670717341292993,0.07836609787215539,0.05061344834981782,0.0630739443797482,0.0630739443797482,0.0721451311500599,0.07670717341292993,0.07836609787215539,10,10,10,0.015820374804536685,0.20187779198022163,0.8699249000909874,0.8048626394878758,0.9206166072956161,0.07938339270438383,0.012460496029930379,0,0.009071186770311698,0.0045620422628700336,0.0016589244592254554,RP10-RP20,0.012460496029930379,0.15900365551259346,FALSE,early exposure
13076053,Grebs-Niendorf,31186526.12191532,TRUE,FALSE,FALSE,0,0,0,2.3847677631145287e-6,6.14640372882532e-4,0.03141467686620937,0,0,0,2.3847677631145287e-6,6.14640372882532e-4,0.03141467686620937,100,500,NA,0.013798113540562998,0.4392250666568113,0.12115026502789118,0,7.591253519082544e-5,0.9999240874648093,0,0,2.3847677631145287e-6,6.122556051194175e-4,0.030800036493326837,RP200-RP500,0.030800036493326837,0.9804346110100002,FALSE,delayed jump
01058172,Westerrönfeld,7731811.63513024,TRUE,FALSE,FALSE,0.04193453906359484,0.04838313744800855,0.04838313744800855,0.04838313744800855,0.04838313744800855,0.04838313744800855,0.04193453906359484,0.04838313744800855,0.04838313744800855,0.04838313744800855,0.04838313744800855,0.04838313744800855,10,10,NA,0.0026981272737609365,0.05576586009248116,0.9881922984273374,1,1,0,0.006448598384413709,0,0,0,0,RP10-RP20,0.006448598384413709,0.13328193921576978,FALSE,early exposure
14612000,Dresden,328736783.09641767,TRUE,FALSE,FALSE,0.06347425697387989,0.07710574588876322,0.09687317394373283,0.11020903575383924,0.12311431300332176,0.1371985294283576,0.06347425697387989,0.07710574588876322,0.09687317394373283,0.11020903575383924,0.12311431300332176,0.1371985294283576,10,10,10,0.044061756771190744,0.32115327295981666,0.7458640881414025,0.7060802644704592,0.8032814652826745,0.19671853471732553,0.013631488914883333,0.019767428054969616,0.013335861810106403,0.012905277249482525,0.01408421642503585,RP20-RP50,0.019767428054969616,0.14407900826146813,FALSE,early exposure
13076058,Groß Laasch,27467259.64554101,TRUE,FALSE,FALSE,0.01412771421194721,0.01587371946719643,0.01587371946719643,0.0174134155873542,0.0174134155873542,0.0174134155873542,0.01412771421194721,0.01587371946719643,0.01587371946719643,0.0174134155873542,0.0174134155873542,0.0174134155873542,10,10,NA,0.0018901281555943645,0.10854436604424669,0.9469070271715563,0.9115798900891152,1,0,0.0017460052552492195,0,0.0015396961201577727,0,0,RP10-RP20,0.0017460052552492195,0.10026782204159798,TRUE,early exposure
13076037,Eldena,34251458.78441228,TRUE,FALSE,FALSE,0.2264910621683272,0.24487437818434105,0.25061154901167143,0.26458688419164356,0.265166206847691,0.2654581652154482,0.2264910621683272,0.24487437818434105,0.25061154901167143,0.26458688419164356,0.265166206847691,0.2654581652154482,10,10,10,0.022665421407479038,0.08538227252902,0.9587325511065894,0.9440717289983259,0.9967178217211835,0.0032821782788165026,0.01838331601601384,0.0057371708273303845,0.013975335179972126,5.793226560474318e-4,2.9195836775719464e-4,RP10-RP20,0.01838331601601384,0.06925127355225175,FALSE,early exposure
12061217,Heidesee,136364223.14755517,TRUE,FALSE,FALSE,0.02857002133837689,0.03267625743245023,0.04188581137502888,0.06859292752065109,0.07981287924027801,0.09411281770646918,0.02857002133837689,0.03267625743245023,0.04188581137502888,0.06859292752065109,0.07981287924027801,0.09411281770646918,10,10,100,0.04187295532907164,0.44492298020095683,0.6105643774306363,0.44505958269858187,0.7288372529083901,0.27116274709160987,0.004106236094073339,0.00920955394257865,0.02670711614562221,0.01121995171962692,0.014299938466191167,RP50-RP100,0.02670711614562221,0.28377767020980826,FALSE,early exposure
14628310,Rathen,3743511.710648861,TRUE,FALSE,FALSE,0.27736549966459195,0.2827080767809151,0.30407838524620723,0.314910117342546,0.3214207555914564,0.329491451292801,0.27736549966459195,0.2827080767809151,0.30407838524620723,0.314910117342546,0.3214207555914564,0.329491451292801,10,10,10,0.032912239107157786,0.0998879909570416,0.928032158090069,0.9228718500984399,0.955745941531887,0.04425405846811298,0.005342577116323133,0.021370308465292143,0.010831732096338753,0.006510638248910405,0.00807069570134461,RP20-RP50,0.021370308465292143,0.06485846106611586,FALSE,early exposure
13076040,Gallin-Kuppentin,29592968.88817017,TRUE,FALSE,FALSE,0.03840287819797203,0.06296354362675466,0.06846961802565878,0.07691757067768004,0.08746787741785587,0.0908439702194805,0.03840287819797203,0.06296354362675466,0.06846961802565878,0.07691757067768004,0.08746787741785587,0.0908439702194805,10,10,20,0.028944265781342703,0.3186151564205405,0.8002566779426175,0.7537056984655677,0.8466997918722172,0.15330020812778275,0.02456066542878263,0.005506074398904118,0.008447952652021265,0.010550306740175833,0.003376092801624625,RP10-RP20,0.02456066542878263,0.2703609867495186,FALSE,early exposure
12070125,Groß Pankow (Prignitz),250928782.20071307,TRUE,FALSE,FALSE,0.01178301534725583,0.01206197896149761,0.01397487231629841,0.01435086173610319,0.01486893701969507,0.01486893701969507,0.01178301534725583,0.01206197896149761,0.01397487231629841,0.01435086173610319,0.01486893701969507,0.01486893701969507,10,10,NA,0.0020583218385720205,0.13843100121048407,0.9242381883637686,0.9398703012722159,0.9651572077475579,0.03484279225244208,2.789636142417791e-4,0.0019128933548008004,3.7598941980477966e-4,5.180752835918807e-4,0,RP20-RP50,0.0019128933548008004,0.12865030985517145,TRUE,early exposure
13076046,Göhlen,33994605.65105992,TRUE,FALSE,FALSE,0,0,0,0,0.00291331111808261,0.0314318252819227,0,0,0,0,0.00291331111808261,0.0314318252819227,200,500,NA,0.014345150328005735,0.45638935058143193,0.13617815718177168,0,0,1,0,0,0,0.00291331111808261,0.028518514163840086,RP200-RP500,0.028518514163840086,0.9073133331598743,FALSE,delayed jump
01051118,Trennewurth,8075378.942849048,TRUE,FALSE,FALSE,0.31324621419897575,0.34129077256942236,0.34129077256942236,0.34129077256942236,0.34129077256942236,0.34129077256942236,0.31324621419897575,0.34129077256942236,0.34129077256942236,0.34129077256942236,0.34129077256942236,0.34129077256942236,10,10,10,0.01173398982370676,0.03438121029574542,0.9927202221896,1,1,0,0.028044558370446615,0,0,0,0,RP10-RP20,0.028044558370446615,0.08217203811082247,FALSE,early exposure
01051119,Volsemenhusen,16715100.23053301,TRUE,FALSE,FALSE,0.9634157646059418,0.978372300705159,0.978372300705159,0.978372300705159,0.978372300705159,0.978372300705159,0.9634157646059418,0.978372300705159,0.978372300705159,0.978372300705159,0.978372300705159,0.978372300705159,10,10,10,0.006257892888448983,0.006396228597169708,0.998645681096989,1,1,0,0.01495653609921721,0,0,0,0,RP10-RP20,0.01495653609921721,0.01528716224737488,FALSE,early exposure
15084590,Zeitz,87425518.6237047,TRUE,FALSE,FALSE,0.03015184934242166,0.03434067273714318,0.03664982319491508,0.04069216084123112,0.04126407623603946,0.04263667318357948,0.03015184934242166,0.03434067273714318,0.03664982319491508,0.04069216084123112,0.04126407623603946,0.04263667318357948,10,10,NA,0.007359770019760269,0.1726159540654481,0.8904469082679706,0.8595844951859403,0.9543934318239153,0.045606568176084716,0.004188823394721524,0.0023091504577718996,0.004042337646316035,5.71915394808345e-4,0.0013725969475400154,RP10-RP20,0.004188823394721524,0.09824461155038597,FALSE,early exposure
14522490,Rochlitz,23581724.78775827,TRUE,FALSE,FALSE,0.09508699248825989,0.09890352163498096,0.1044403582816966,0.1080228028948604,0.10887091727919852,0.11141526043221278,0.09508699248825989,0.09890352163498096,0.1044403582816966,0.1080228028948604,0.10887091727919852,0.11141526043221278,10,10,10,0.009764930798093263,0.08764446414442854,0.9409461186021012,0.9373972459117497,0.9695512309158365,0.030448769084163507,0.003816529146721079,0.005536836646715629,0.0035824446131638016,8.481143843381278e-4,0.0025443431530142585,RP20-RP50,0.005536836646715629,0.04969549615767715,FALSE,early exposure
