AGS,mun_name,return_period,rp_label,flood_area_m2_obs,flood_share_obs,flood_area_m2_adj,flood_share_adj,normalized_share,exposure_curve_type,monotone_adjustment_applied,low_signal_flag
13076075,Kreien,10,RP10,755717.6553041977,0.03018568812658389,755717.6553041976,0.03018568812658389,0.9848591657051046,early exposure,FALSE,FALSE
13076075,Kreien,20,RP20,767335.758877916,0.03064975092654249,767335.7588779159,0.03064975092654249,1,early exposure,FALSE,FALSE
13076075,Kreien,50,RP50,767335.758877916,0.03064975092654249,767335.7588779159,0.03064975092654249,1,early exposure,FALSE,FALSE
13076075,Kreien,100,RP100,767335.758877916,0.03064975092654249,767335.7588779159,0.03064975092654249,1,early exposure,FALSE,FALSE
13076075,Kreien,200,RP200,767335.758877916,0.03064975092654249,767335.7588779159,0.03064975092654249,1,early exposure,FALSE,FALSE
13076075,Kreien,500,RP500,767335.758877916,0.03064975092654249,767335.7588779159,0.03064975092654249,1,early exposure,FALSE,FALSE
13076079,Kuhstorf,10,RP10,1380000,0.09144081005555818,1380000,0.09144081005555818,0.4433888539576692,early exposure,FALSE,FALSE
13076079,Kuhstorf,20,RP20,2170000,0.14378736073953713,2170000,0.14378736073953713,0.6972129080348856,early exposure,FALSE,FALSE
13076079,Kuhstorf,50,RP50,2426718.003740459,0.16079786959306858,2426718.003740459,0.16079786959306858,0.779695445331105,early exposure,FALSE,FALSE
13076079,Kuhstorf,100,RP100,2544591.542094502,0.1686083419345241,2544591.542094502,0.1686083419345241,0.8175677736519271,early exposure,FALSE,FALSE
13076079,Kuhstorf,200,RP200,2696400.434301083,0.1786674202511956,2696400.4343010834,0.1786674202511956,0.8663434046200862,early exposure,FALSE,FALSE
13076079,Kuhstorf,500,RP500,3112392.176037312,0.2062316389764009,3112392.176037312,0.2062316389764009,1,early exposure,FALSE,FALSE
14521150,Drebach,10,RP10,714729.0659780905,0.02165313259328143,714729.0659780904,0.02165313259328143,0.827208966784768,early exposure,FALSE,FALSE
14521150,Drebach,20,RP20,803889.319153451,0.02435429430050071,803889.3191534508,0.02435429430050071,0.9304007417079374,early exposure,FALSE,FALSE
14521150,Drebach,50,RP50,824119.0857905734,0.02496716684224534,824119.0857905734,0.02496716684224534,0.9538141512847408,early exposure,FALSE,FALSE
14521150,Drebach,100,RP100,824119.0857905734,0.02496716684224534,824119.0857905734,0.02496716684224534,0.9538141512847408,early exposure,FALSE,FALSE
14521150,Drebach,200,RP200,824119.0857905734,0.02496716684224534,824119.0857905734,0.02496716684224534,0.9538141512847408,early exposure,FALSE,FALSE
14521150,Drebach,500,RP500,864024.8047070025,0.02617613379777999,864024.8047070025,0.02617613379777999,1,early exposure,FALSE,FALSE
15083245,Gröningen,10,RP10,7214056.013066066,0.12078403619229752,7214056.013066066,0.12078403619229752,0.8015053106187833,early exposure,FALSE,FALSE
15083245,Gröningen,20,RP20,7802470.793444189,0.13063579115518528,7802470.793444188,0.13063579115518528,0.8668801247961972,early exposure,FALSE,FALSE
15083245,Gröningen,50,RP50,8366327.345719534,0.14007637078111806,8366327.345719534,0.14007637078111806,0.9295264391937215,early exposure,FALSE,FALSE
15083245,Gröningen,100,RP100,8414513.062214803,0.1408831381966434,8414513.062214801,0.1408831381966434,0.9348800305155768,early exposure,FALSE,FALSE
15083245,Gröningen,200,RP200,8719001.20834356,0.14598114508701554,8719001.20834356,0.14598114508701554,0.9687096633463514,early exposure,FALSE,FALSE
15083245,Gröningen,500,RP500,9000634.0787644,0.1506964889590676,9000634.0787644,0.1506964889590676,1,early exposure,FALSE,FALSE
14628330,Reinhardtsdorf-Schöna,10,RP10,461532.3435416493,0.01450579826296689,461532.343541649,0.01450579826296689,0.9258572338282655,early exposure,FALSE,TRUE
14628330,Reinhardtsdorf-Schöna,20,RP20,488491.91287655616,0.01535312798861014,488491.9128765561,0.01535312798861014,0.979939494018479,early exposure,FALSE,TRUE
14628330,Reinhardtsdorf-Schöna,50,RP50,488491.91287655616,0.01535312798861014,488491.9128765561,0.01535312798861014,0.979939494018479,early exposure,FALSE,TRUE
14628330,Reinhardtsdorf-Schöna,100,RP100,488491.91287655616,0.01535312798861014,488491.9128765561,0.01535312798861014,0.979939494018479,early exposure,FALSE,TRUE
14628330,Reinhardtsdorf-Schöna,200,RP200,488491.91287655616,0.01535312798861014,488491.9128765561,0.01535312798861014,0.979939494018479,early exposure,FALSE,TRUE
14628330,Reinhardtsdorf-Schöna,500,RP500,498491.91287655616,0.01566742445051472,498491.91287655616,0.01566742445051472,1,early exposure,FALSE,TRUE
13076067,Karenz,10,RP10,0,0,0,0,0,early exposure,FALSE,FALSE
13076067,Karenz,20,RP20,103391.01667497866,0.01509675300504107,103391.01667497863,0.01509675300504107,0.10624568245554156,early exposure,FALSE,FALSE
13076067,Karenz,50,RP50,170080.36479690918,0.02483447151330327,170080.36479690918,0.02483447151330327,0.1747763491575011,early exposure,FALSE,FALSE
13076067,Karenz,100,RP100,642771.7338216737,0.09385502160823796,642771.7338216737,0.09385502160823796,0.660518908888363,early exposure,FALSE,FALSE
13076067,Karenz,200,RP200,913677.608193412,0.1334116407859134,913677.6081934121,0.1334116407859134,0.938904598762386,early exposure,FALSE,FALSE
13076067,Karenz,500,RP500,973131.4655373648,0.14209286115093003,973131.4655373647,0.14209286115093003,1,early exposure,FALSE,FALSE
16076093,Mohlsdorf-Teichwolframsdorf,10,RP10,131626.01478566867,0.00257340736953924,131626.0147856682,0.00257340736953924,0.3132956665374518,early exposure,FALSE,TRUE
16076093,Mohlsdorf-Teichwolframsdorf,20,RP20,330646.9015471428,0.00646444530393379,330646.9015471426,0.00646444530393379,0.787004313527499,early exposure,FALSE,TRUE
16076093,Mohlsdorf-Teichwolframsdorf,50,RP50,398589.7840180004,0.00779278996849687,398589.78401800024,0.00779278996849687,0.9487216661712318,early exposure,FALSE,TRUE
16076093,Mohlsdorf-Teichwolframsdorf,100,RP100,420133.53149885824,0.00821398967301583,420133.531498858,0.00821398967301583,1,early exposure,FALSE,TRUE
16076093,Mohlsdorf-Teichwolframsdorf,200,RP200,420133.53149885824,0.00821398967301583,420133.531498858,0.00821398967301583,1,early exposure,FALSE,TRUE
16076093,Mohlsdorf-Teichwolframsdorf,500,RP500,420133.53149885824,0.00821398967301583,420133.531498858,0.00821398967301583,1,early exposure,FALSE,TRUE
16076094,Berga-Wünschendorf,10,RP10,2965986.3301619417,0.04708965710880912,2965986.3301619417,0.04708965710880912,0.7459590468318356,early exposure,FALSE,FALSE
16076094,Berga-Wünschendorf,20,RP20,3139899.010718622,0.04985079205100583,3139899.010718622,0.04985079205100583,0.789698876682281,early exposure,FALSE,FALSE
16076094,Berga-Wünschendorf,50,RP50,3666253.699226748,0.05820749334372837,3666253.6992267477,0.05820749334372837,0.9220794739028864,early exposure,FALSE,FALSE
16076094,Berga-Wünschendorf,100,RP100,3734709.951879006,0.05929434308122289,3734709.951879006,0.05929434308122289,0.9392965326798799,early exposure,FALSE,FALSE
16076094,Berga-Wünschendorf,200,RP200,3824709.951879006,0.06072323339561669,3824709.9518790054,0.06072323339561669,0.9619319418630367,early exposure,FALSE,FALSE
16076094,Berga-Wünschendorf,500,RP500,3976071.26391025,0.06312633020378762,3976071.2639102503,0.06312633020378762,1,early exposure,FALSE,FALSE
13076069,Karstädt,10,RP10,0,0,0,0,0,delayed jump,FALSE,TRUE
13076069,Karstädt,20,RP20,0,0,0,0,0,delayed jump,FALSE,TRUE
13076069,Karstädt,50,RP50,0,0,0,0,0,delayed jump,FALSE,TRUE
13076069,Karstädt,100,RP100,2783.8961125800543,1.411889959870399e-4,2783.8961125800543,1.411889959870399e-4,0.02490036864363893,delayed jump,FALSE,TRUE
13076069,Karstädt,200,RP200,65690.74669963992,0.00333159363607337,65690.74669963983,0.00333159363607337,0.5875663972895117,delayed jump,FALSE,TRUE
13076069,Karstädt,500,RP500,111801.40151423952,0.00567015685621619,111801.40151423946,0.00567015685621619,1,delayed jump,FALSE,TRUE
15084130,Elsteraue,10,RP10,6857206.450976862,0.0852004876694799,6857206.450976862,0.0852004876694799,0.7479392811534498,early exposure,FALSE,FALSE
15084130,Elsteraue,20,RP20,7607961.457077382,0.09452858550310358,7607961.457077382,0.09452858550310358,0.8298267324938107,early exposure,FALSE,FALSE
15084130,Elsteraue,50,RP50,8267961.457077382,0.10272905638929748,8267961.457077382,0.10272905638929748,0.9018152206763349,early exposure,FALSE,FALSE
15084130,Elsteraue,100,RP100,8528132.525947671,0.10596167044338954,8528132.525947671,0.10596167044338954,0.9301929811563403,early exposure,FALSE,FALSE
15084130,Elsteraue,200,RP200,8738132.525947671,0.10857091117990578,8738132.525947671,0.10857091117990578,0.9530984092144162,early exposure,FALSE,FALSE
15084130,Elsteraue,500,RP500,9168132.525947671,0.11391364221181996,9168132.52594767,0.11391364221181996,1,early exposure,FALSE,FALSE
14628320,Rathmannsdorf,10,RP10,89197.67493798406,0.02125861596856147,89197.67493798405,0.02125861596856147,0.5037830840422802,early exposure,FALSE,FALSE
14628320,Rathmannsdorf,20,RP20,95185.72744582228,0.02268575752524689,95185.72744582228,0.02268575752524689,0.5376032431652983,early exposure,FALSE,FALSE
14628320,Rathmannsdorf,50,RP50,105185.72744582228,0.02506907255933738,105185.72744582225,0.02506907255933738,0.5940826395612852,early exposure,FALSE,FALSE
14628320,Rathmannsdorf,100,RP100,145779.42584432798,0.03474382972758679,145779.42584432798,0.03474382972758679,0.8233533978641202,early exposure,FALSE,FALSE
14628320,Rathmannsdorf,200,RP200,165779.425844328,0.0395104597957678,165779.425844328,0.0395104597957678,0.9363121906560945,early exposure,FALSE,FALSE
14628320,Rathmannsdorf,500,RP500,177055.71656411173,0.04219795511589137,177055.71656411173,0.04219795511589137,1,early exposure,FALSE,FALSE
14522020,Augustusburg,10,RP10,1339267.5990425684,0.05734766646511591,1339267.5990425681,0.05734766646511591,0.9031074042179884,early exposure,FALSE,FALSE
14522020,Augustusburg,20,RP20,1407551.1596854462,0.06027158015017611,1407551.1596854462,0.06027158015017611,0.9491530109712891,early exposure,FALSE,FALSE
14522020,Augustusburg,50,RP50,1432440.7688131223,0.06133735744794804,1432440.7688131225,0.06133735744794804,0.9659368040738516,early exposure,FALSE,FALSE
14522020,Augustusburg,100,RP100,1442572.1186284684,0.06177118357087315,1442572.1186284681,0.06177118357087315,0.9727686702666142,early exposure,FALSE,FALSE
14522020,Augustusburg,200,RP200,1472954.9539594972,0.06307218174933577,1472954.953959497,0.06307218174933577,0.9932567068383971,early exposure,FALSE,FALSE
14522020,Augustusburg,500,RP500,1482954.9539594972,0.06350038345081883,1482954.9539594972,0.06350038345081883,1,early exposure,FALSE,FALSE
15002000,Halle (Saale),10,RP10,21724128.774527177,0.1599031358576323,21724128.774527177,0.1599031358576323,0.8629152201211897,early exposure,FALSE,FALSE
15002000,Halle (Saale),20,RP20,23030867.217176262,0.16952154573238482,23030867.217176262,0.16952154573238482,0.9148208455473076,early exposure,FALSE,FALSE
15002000,Halle (Saale),50,RP50,23085829.02980145,0.16992609894979588,23085829.02980145,0.16992609894979588,0.917004011792176,early exposure,FALSE,FALSE
15002000,Halle (Saale),100,RP100,25134711.71440855,0.18500715327761025,25134711.714408554,0.18500715327761025,0.9983887278901274,early exposure,FALSE,FALSE
15002000,Halle (Saale),200,RP200,25164711.71440855,0.18522797198686747,25164711.71440855,0.18522797198686747,0.9995803732201805,early exposure,FALSE,FALSE
15002000,Halle (Saale),500,RP500,25175275.934379965,0.18530573123414737,25175275.934379965,0.18530573123414737,1,early exposure,FALSE,FALSE
15083270,Haldensleben,10,RP10,4946059.360272735,0.03162235410945316,4946059.360272735,0.03162235410945316,0.6036229416045696,early exposure,FALSE,FALSE
15083270,Haldensleben,20,RP20,5582384.992374969,0.03569066647725072,5582384.992374969,0.03569066647725072,0.6812808753028741,early exposure,FALSE,FALSE
15083270,Haldensleben,50,RP50,6472538.599848169,0.04138181382041009,6472538.599848169,0.04138181382041009,0.7899162757064114,early exposure,FALSE,FALSE
15083270,Haldensleben,100,RP100,6522538.599848169,0.04170148602616087,6522538.599848169,0.04170148602616087,0.796018334917962,early exposure,FALSE,FALSE
15083270,Haldensleben,200,RP200,7920114.726492344,0.05063681088834025,7920114.7264923435,0.05063681088834025,0.9665801804666089,early exposure,FALSE,FALSE
15083270,Haldensleben,500,RP500,8193955.231597002,0.05238759485415451,8193955.231597002,0.05238759485415451,1,early exposure,FALSE,FALSE
12061260,Königs Wusterhausen,10,RP10,5760413.44729735,0.06001273958472773,5760413.44729735,0.06001273958472773,0.5154242457493723,early exposure,FALSE,FALSE
12061260,Königs Wusterhausen,20,RP20,6519354.469985305,0.06791948627425717,6519354.469985305,0.06791948627425717,0.5833319762909582,early exposure,FALSE,FALSE
12061260,Königs Wusterhausen,50,RP50,7487816.50638488,0.07800905024737986,7487816.50638488,0.07800905024737986,0.6699870088185887,early exposure,FALSE,FALSE
12061260,Königs Wusterhausen,100,RP100,10089060.112932008,0.10510914585412712,10089060.112932008,0.10510914585412712,0.9027383618562732,early exposure,FALSE,FALSE
12061260,Königs Wusterhausen,200,RP200,10795840.897480669,0.11247248037076824,10795840.897480667,0.11247248037076824,0.9659789531990802,early exposure,FALSE,FALSE
12061260,Königs Wusterhausen,500,RP500,11176062.233786302,0.11643367590803874,11176062.233786302,0.11643367590803874,1,early exposure,FALSE,FALSE
15084150,Gleina,10,RP10,3555.165203373602,1.189899160734088e-4,3555.1652033736023,1.189899160734088e-4,0.17981208145148994,early exposure,FALSE,TRUE
15084150,Gleina,20,RP20,3555.165203373602,1.189899160734088e-4,3555.1652033736023,1.189899160734088e-4,0.17981208145148994,early exposure,FALSE,TRUE
15084150,Gleina,50,RP50,19771.559144832667,6.617459467288917e-4,19771.559144832667,6.617459467288917e-4,1,early exposure,FALSE,TRUE
15084150,Gleina,100,RP100,19771.559144832667,6.617459467288917e-4,19771.559144832667,6.617459467288917e-4,1,early exposure,FALSE,TRUE
15084150,Gleina,200,RP200,19771.559144832667,6.617459467288917e-4,19771.559144832667,6.617459467288917e-4,1,early exposure,FALSE,TRUE
15084150,Gleina,500,RP500,19771.559144832667,6.617459467288917e-4,19771.559144832667,6.617459467288917e-4,1,early exposure,FALSE,TRUE
12072312,Nuthe-Urstromtal,10,RP10,5106679.899361769,0.0149486549459227,5106679.899361769,0.0149486549459227,0.39616761366376657,early exposure,FALSE,FALSE
12072312,Nuthe-Urstromtal,20,RP20,6707481.248678986,0.01963464025917903,6707481.248678986,0.01963464025917903,0.5203550824314879,early exposure,FALSE,FALSE
12072312,Nuthe-Urstromtal,50,RP50,7742611.25128158,0.02266475014231702,7742611.251281578,0.02266475014231702,0.6006587221826478,early exposure,FALSE,FALSE
12072312,Nuthe-Urstromtal,100,RP100,8346647.845416794,0.02443293119113627,8346647.845416793,0.02443293119113627,0.6475188623872541,early exposure,FALSE,FALSE
12072312,Nuthe-Urstromtal,200,RP200,11418781.375684263,0.03342590999474357,11418781.375684267,0.03342590999474357,0.885849800203548,early exposure,FALSE,FALSE
12072312,Nuthe-Urstromtal,500,RP500,12890200.317322971,0.03773315745746408,12890200.317322973,0.03773315745746408,1,early exposure,FALSE,FALSE
15084135,Freyburg (Unstrut),10,RP10,1353129.0770731738,0.02888630775307115,1353129.0770731738,0.02888630775307115,0.7575614015349007,early exposure,FALSE,FALSE
15084135,Freyburg (Unstrut),20,RP20,1617325.4525032549,0.03452631500531834,1617325.4525032549,0.03452631500531834,0.9054741024312318,early exposure,FALSE,FALSE
15084135,Freyburg (Unstrut),50,RP50,1675150.6399705762,0.03576075463813819,1675150.639970576,0.03576075463813819,0.9378480501971871,early exposure,FALSE,FALSE
15084135,Freyburg (Unstrut),100,RP100,1726122.6231992042,0.03684889354467276,1726122.6231992042,0.03684889354467276,0.9663851703492544,early exposure,FALSE,FALSE
15084135,Freyburg (Unstrut),200,RP200,1726122.6231992042,0.03684889354467276,1726122.6231992042,0.03684889354467276,0.9663851703492544,early exposure,FALSE,FALSE
15084135,Freyburg (Unstrut),500,RP500,1786164.2295021757,0.03813064880885482,1786164.229502175,0.03813064880885482,1,early exposure,FALSE,FALSE
12062124,Elsterwerda,10,RP10,4794025.596287371,0.11854157747076816,4794025.59628737,0.11854157747076816,0.45724344801681827,early exposure,FALSE,FALSE
12062124,Elsterwerda,20,RP20,6789053.717484343,0.16787251570530315,6789053.717484343,0.16787251570530315,0.6475247718656235,early exposure,FALSE,FALSE
12062124,Elsterwerda,50,RP50,8295050.069288788,0.2051111953123487,8295050.069288788,0.2051111953123487,0.7911633384041691,early exposure,FALSE,FALSE
12062124,Elsterwerda,100,RP100,9396930.082934238,0.2323573149622308,9396930.082934238,0.2323573149622308,0.8962581917003721,early exposure,FALSE,FALSE
12062124,Elsterwerda,200,RP200,10389049.773098676,0.2568893978119721,10389049.773098676,0.2568893978119721,0.9908843506277415,early exposure,FALSE,FALSE
12062124,Elsterwerda,500,RP500,10484623.928632077,0.2592526541056264,10484623.928632077,0.2592526541056264,1,early exposure,FALSE,FALSE
12062128,Falkenberg/Elster,10,RP10,5864205.74579994,0.07145385561870596,5864205.74579994,0.07145385561870596,0.3519767432053455,gradual increase,FALSE,FALSE
12062128,Falkenberg/Elster,20,RP20,5864205.74579994,0.07145385561870596,5864205.74579994,0.07145385561870596,0.3519767432053455,gradual increase,FALSE,FALSE
12062128,Falkenberg/Elster,50,RP50,6571270.563219108,0.08006926059714163,6571270.563219108,0.08006926059714163,0.3944156313443789,gradual increase,FALSE,FALSE
12062128,Falkenberg/Elster,100,RP100,8989755.599581258,0.10953788569236309,8989755.599581258,0.10953788569236309,0.5395760372867001,gradual increase,FALSE,FALSE
12062128,Falkenberg/Elster,200,RP200,11983794.398321245,0.14601948700643627,11983794.398321243,0.14601948700643627,0.719281878297773,gradual increase,FALSE,FALSE
12062128,Falkenberg/Elster,500,RP500,16660776.199007915,0.2030073207905652,16660776.199007913,0.2030073207905652,1,gradual increase,FALSE,FALSE
12067397,Ragow-Merz,10,RP10,580964.524471303,0.01323469908829462,580964.524471303,0.01323469908829462,0.9051312703787509,early exposure,FALSE,TRUE
12067397,Ragow-Merz,20,RP20,580964.524471303,0.01323469908829462,580964.524471303,0.01323469908829462,0.9051312703787509,early exposure,FALSE,TRUE
12067397,Ragow-Merz,50,RP50,611930.7658373116,0.01394012750795171,611930.7658373115,0.01394012750795171,0.9533760636593339,early exposure,FALSE,TRUE
12067397,Ragow-Merz,100,RP100,611930.7658373116,0.01394012750795171,611930.7658373115,0.01394012750795171,0.9533760636593339,early exposure,FALSE,TRUE
12067397,Ragow-Merz,200,RP200,611930.7658373116,0.01394012750795171,611930.7658373115,0.01394012750795171,0.9533760636593339,early exposure,FALSE,TRUE
12067397,Ragow-Merz,500,RP500,641856.6493987102,0.01462185599085156,641856.6493987101,0.01462185599085156,1,early exposure,FALSE,TRUE
12066064,Frauendorf,10,RP10,292484.3918893811,0.01402866655309495,292484.39188938105,0.01402866655309495,0.6190573737863886,early exposure,FALSE,FALSE
12066064,Frauendorf,20,RP20,343781.2412178171,0.01648905901986681,343781.24121781706,0.01648905901986681,0.7276296385272293,early exposure,FALSE,FALSE
12066064,Frauendorf,50,RP50,350043.7402840905,0.01678943235131981,350043.7402840905,0.01678943235131981,0.7408845209510858,early exposure,FALSE,FALSE
12066064,Frauendorf,100,RP100,350043.7402840905,0.01678943235131981,350043.7402840905,0.01678943235131981,0.7408845209510858,early exposure,FALSE,FALSE
12066064,Frauendorf,200,RP200,350826.4414671278,0.01682697368416363,350826.4414671277,0.01682697368416363,0.7425411458933623,early exposure,FALSE,FALSE
12066064,Frauendorf,500,RP500,472467.34192088887,0.02266133503473245,472467.3419208887,0.02266133503473245,1,early exposure,FALSE,FALSE
12061265,Krausnick-Groß Wasserburg,10,RP10,489403.707343312,0.00893489375398329,489403.707343312,0.00893489375398329,0.4254517889192267,early exposure,FALSE,FALSE
12061265,Krausnick-Groß Wasserburg,20,RP20,955821.8436127692,0.01745014696920896,955821.8436127692,0.01745014696920896,0.8309216034766582,early exposure,FALSE,FALSE
12061265,Krausnick-Groß Wasserburg,50,RP50,1139617.33911448,0.02080564509913325,1139617.33911448,0.02080564509913325,0.9906999647420024,early exposure,FALSE,FALSE
12061265,Krausnick-Groß Wasserburg,100,RP100,1142080.0687133889,0.02085060639995888,1142080.0687133886,0.02085060639995888,0.9928408817349853,early exposure,FALSE,FALSE
12061265,Krausnick-Groß Wasserburg,200,RP200,1142080.0687133889,0.02085060639995888,1142080.0687133886,0.02085060639995888,0.9928408817349853,early exposure,FALSE,FALSE
12061265,Krausnick-Groß Wasserburg,500,RP500,1150315.312074588,0.0210009547184666,1150315.312074588,0.0210009547184666,1,early exposure,FALSE,FALSE
15084170,Goseck,10,RP10,116515.33162068736,0.00805337293940023,116515.33162068726,0.00805337293940023,0.5143717032524326,early exposure,FALSE,TRUE
15084170,Goseck,20,RP20,172883.43993323733,0.01194945589960074,172883.43993323724,0.01194945589960074,0.7632158637465528,early exposure,FALSE,TRUE
15084170,Goseck,50,RP50,172883.43993323733,0.01194945589960074,172883.43993323724,0.01194945589960074,0.7632158637465528,early exposure,FALSE,TRUE
15084170,Goseck,100,RP100,172883.43993323733,0.01194945589960074,172883.43993323724,0.01194945589960074,0.7632158637465528,early exposure,FALSE,TRUE
15084170,Goseck,200,RP200,226519.71499199345,0.01565671845569616,226519.71499199345,0.01565671845569616,1,early exposure,FALSE,TRUE
15084170,Goseck,500,RP500,226519.71499199345,0.01565671845569616,226519.71499199345,0.01565671845569616,1,early exposure,FALSE,TRUE
01058119,Oldenbüttel,10,RP10,260.11344070006373,3.251300928133108e-5,260.11344070006373,3.251300928133108e-5,0.0017264512515828138,gradual increase,FALSE,TRUE
01058119,Oldenbüttel,20,RP20,260.11344070006373,3.251300928133108e-5,260.11344070006373,3.251300928133108e-5,0.0017264512515828138,gradual increase,FALSE,TRUE
01058119,Oldenbüttel,50,RP50,20260.113440700065,0.00253242298654557,20260.113440699995,0.00253242298654557,0.13447247521222658,gradual increase,FALSE,TRUE
01058119,Oldenbüttel,100,RP100,81903.86476152597,0.01023761443469202,81903.86476152597,0.01023761443469202,0.5436206197051445,gradual increase,FALSE,TRUE
01058119,Oldenbüttel,200,RP200,150663.64628690862,0.01883227762818272,150663.64628690862,0.01883227762818272,1,gradual increase,FALSE,TRUE
01058119,Oldenbüttel,500,RP500,150663.64628690862,0.01883227762818272,150663.64628690862,0.01883227762818272,1,gradual increase,FALSE,TRUE
14522420,Niederwiesa,10,RP10,1760740.2826467997,0.10607334438502417,1760740.2826468002,0.10607334438502417,0.7781873615598943,early exposure,FALSE,FALSE
14522420,Niederwiesa,20,RP20,1860740.2826467997,0.11209770501506389,1860740.2826468,0.11209770501506389,0.8223839627979882,early exposure,FALSE,FALSE
14522420,Niederwiesa,50,RP50,1990740.2826467997,0.11992937383411552,1990740.2826467997,0.11992937383411552,0.8798395444075101,early exposure,FALSE,FALSE
14522420,Niederwiesa,100,RP100,2142617.423029533,0.1290790004853631,2142617.4230295336,0.1290790004853631,0.9469640785142871,early exposure,FALSE,FALSE
14522420,Niederwiesa,200,RP200,2212617.423029533,0.1332960529263909,2212617.423029533,0.1332960529263909,0.9779016993809527,early exposure,FALSE,FALSE
14522420,Niederwiesa,500,RP500,2262617.4230295336,0.1363082332414108,2262617.4230295336,0.1363082332414108,1,early exposure,FALSE,FALSE
16075134,Remptendorf,10,RP10,563663.7699063886,0.0057880769338571,563663.7699063884,0.0057880769338571,0.8638539215639095,early exposure,FALSE,TRUE
16075134,Remptendorf,20,RP20,625773.3960380476,0.00642586015423837,625773.3960380473,0.00642586015423837,0.9590412423839305,early exposure,FALSE,TRUE
16075134,Remptendorf,50,RP50,634350.2850426043,0.00651393339233166,634350.285042604,0.00651393339233166,0.9721859211746838,early exposure,FALSE,TRUE
16075134,Remptendorf,100,RP100,634350.2850426043,0.00651393339233166,634350.285042604,0.00651393339233166,0.9721859211746838,early exposure,FALSE,TRUE
16075134,Remptendorf,200,RP200,643713.2765032355,0.00661007885669986,643713.276503235,0.00661007885669986,0.9865353566407576,early exposure,FALSE,TRUE
16075134,Remptendorf,500,RP500,652498.9420502248,0.00670029595209621,652498.9420502243,0.00670029595209621,1,early exposure,FALSE,TRUE
16075135,Saalburg-Ebersdorf,10,RP10,4584711.266165021,0.06367921875078833,4584711.266165021,0.06367921875078833,0.8848700707454136,early exposure,FALSE,FALSE
16075135,Saalburg-Ebersdorf,20,RP20,4584711.266165021,0.06367921875078833,4584711.266165021,0.06367921875078833,0.8848700707454136,early exposure,FALSE,FALSE
16075135,Saalburg-Ebersdorf,50,RP50,4791972.9395325,0.06655797395930599,4791972.9395325,0.06655797395930599,0.9248725138499501,early exposure,FALSE,FALSE
16075135,Saalburg-Ebersdorf,100,RP100,4821972.9395325,0.06697465811924909,4821972.9395325,0.06697465811924909,0.9306626499307697,early exposure,FALSE,FALSE
16075135,Saalburg-Ebersdorf,200,RP200,4961225.377306371,0.06890880095437692,4961225.377306371,0.06890880095437692,0.9575390020739892,early exposure,FALSE,FALSE
16075135,Saalburg-Ebersdorf,500,RP500,5181225.377306371,0.07196448479395967,5181225.377306371,0.07196448479395967,1,early exposure,FALSE,FALSE
16075136,Rosenthal am Rennsteig,10,RP10,960097.0107425712,0.01705556689716246,960097.0107425709,0.01705556689716246,0.5686956224859914,early exposure,FALSE,FALSE
16075136,Rosenthal am Rennsteig,20,RP20,1181435.455807112,0.02098751607987312,1181435.455807112,0.02098751607987312,0.6998013372081998,early exposure,FALSE,FALSE
16075136,Rosenthal am Rennsteig,50,RP50,1411284.2810344212,0.02507064723332453,1411284.2810344207,0.02507064723332453,0.8359480174683743,early exposure,FALSE,FALSE
16075136,Rosenthal am Rennsteig,100,RP100,1483645.3590223277,0.02635609984130525,1483645.3590223272,0.02635609984130525,0.878809757302625,early exposure,FALSE,FALSE
16075136,Rosenthal am Rennsteig,200,RP200,1585378.93966119,0.02816333793376842,1585378.93966119,0.02816333793376842,0.9390697532424098,early exposure,FALSE,FALSE
16075136,Rosenthal am Rennsteig,500,RP500,1688244.0672667937,0.02999067730221994,1688244.0672667935,0.02999067730221994,1,early exposure,FALSE,FALSE
01058124,Osterrönfeld,10,RP10,477442.74442293495,0.02666330019791698,477442.7444229348,0.02666330019791698,1,early exposure,FALSE,FALSE
01058124,Osterrönfeld,20,RP20,477442.74442293495,0.02666330019791698,477442.7444229348,0.02666330019791698,1,early exposure,FALSE,FALSE
01058124,Osterrönfeld,50,RP50,477442.74442293495,0.02666330019791698,477442.7444229348,0.02666330019791698,1,early exposure,FALSE,FALSE
01058124,Osterrönfeld,100,RP100,477442.74442293495,0.02666330019791698,477442.7444229348,0.02666330019791698,1,early exposure,FALSE,FALSE
01058124,Osterrönfeld,200,RP200,477442.74442293495,0.02666330019791698,477442.7444229348,0.02666330019791698,1,early exposure,FALSE,FALSE
01058124,Osterrönfeld,500,RP500,477442.74442293495,0.02666330019791698,477442.7444229348,0.02666330019791698,1,early exposure,FALSE,FALSE
16075125,Wilhelmsdorf,10,RP10,633045.8317734434,0.06719667379161846,633045.8317734435,0.06719667379161846,0.9686983626194889,early exposure,FALSE,FALSE
16075125,Wilhelmsdorf,20,RP20,633045.8317734434,0.06719667379161846,633045.8317734435,0.06719667379161846,0.9686983626194889,early exposure,FALSE,FALSE
16075125,Wilhelmsdorf,50,RP50,633045.8317734434,0.06719667379161846,633045.8317734435,0.06719667379161846,0.9686983626194889,early exposure,FALSE,FALSE
16075125,Wilhelmsdorf,100,RP100,653501.4987138035,0.06936800595998711,653501.4987138035,0.06936800595998711,1,early exposure,FALSE,FALSE
16075125,Wilhelmsdorf,200,RP200,653501.4987138035,0.06936800595998711,653501.4987138035,0.06936800595998711,1,early exposure,FALSE,FALSE
16075125,Wilhelmsdorf,500,RP500,653501.4987138035,0.06936800595998711,653501.4987138035,0.06936800595998711,1,early exposure,FALSE,FALSE
16075127,Ziegenrück,10,RP10,923192.9148250836,0.11190044190075252,923192.9148250833,0.11190044190075252,0.8920791511907481,early exposure,FALSE,FALSE
16075127,Ziegenrück,20,RP20,973192.9148250836,0.11796095428683134,973192.9148250835,0.11796095428683134,0.9403940340752085,early exposure,FALSE,FALSE
16075127,Ziegenrück,50,RP50,984616.02584391006,0.11934555240317438,984616.0258439099,0.11934555240317438,0.9514321594962243,early exposure,FALSE,FALSE
16075127,Ziegenrück,100,RP100,1024628.0968721596,0.12419542544436184,1024628.0968721596,0.12419542544436184,0.9900957300101161,early exposure,FALSE,FALSE
16075127,Ziegenrück,200,RP200,1025265.1052347126,0.1242726373857876,1025265.1052347127,0.1242726373857876,0.9907112696987795,early exposure,FALSE,FALSE
16075127,Ziegenrück,500,RP500,1034877.806070016,0.1254377952353081,1034877.8060700158,0.1254377952353081,1,early exposure,FALSE,FALSE
16076003,Bad Köstritz,10,RP10,1960571.2024887009,0.09725503123262008,1960571.2024887009,0.09725503123262008,0.9062584664992411,early exposure,FALSE,FALSE
16076003,Bad Köstritz,20,RP20,2020571.2024887009,0.1002313586756377,2020571.2024887006,0.1002313586756377,0.9339929899488009,early exposure,FALSE,FALSE
16076003,Bad Köstritz,50,RP50,2113103.057061013,0.10482144364425253,2113103.057061013,0.10482144364425253,0.9767651047899182,early exposure,FALSE,FALSE
16076003,Bad Köstritz,100,RP100,2163368.702156387,0.10731489395989165,2163368.7021563873,0.10731489395989165,1,early exposure,FALSE,FALSE
16076003,Bad Köstritz,200,RP200,2163368.702156387,0.10731489395989165,2163368.7021563873,0.10731489395989165,1,early exposure,FALSE,FALSE
16076003,Bad Köstritz,500,RP500,2163368.702156387,0.10731489395989165,2163368.7021563873,0.10731489395989165,1,early exposure,FALSE,FALSE
14522440,Oederan,10,RP10,29208.323876560997,3.7599297615000606e-4,29208.323876560993,3.7599297615000606e-4,0.1031305578617551,early exposure,FALSE,TRUE
14522440,Oederan,20,RP20,74231.83692254692,9.5557175439252e-4,74231.83692254692,9.5557175439252e-4,0.2621023645615116,early exposure,FALSE,TRUE
14522440,Oederan,50,RP50,210730.1437052391,0.00271268745961263,210730.14370523873,0.00271268745961263,0.7440590350358683,early exposure,FALSE,TRUE
14522440,Oederan,100,RP100,270730.1437052391,0.00348505559221554,270730.1437052388,0.00348505559221554,0.9559107488779937,early exposure,FALSE,TRUE
14522440,Oederan,200,RP200,271393.8612787015,0.00349359949726205,271393.8612787009,0.00349359949726205,0.9582542439687448,early exposure,FALSE,TRUE
14522440,Oederan,500,RP500,283216.9677169241,0.00364579600794964,283216.96771692345,0.00364579600794964,1,early exposure,FALSE,TRUE
12073572,Templin,10,RP10,2456241.2807544405,0.00647089699872775,2456241.280754439,0.00647089699872775,0.389591443674622,early exposure,FALSE,TRUE
12073572,Templin,20,RP20,2776241.2807544405,0.00731392779371417,2776241.280754439,0.00731392779371417,0.4403475574785503,early exposure,FALSE,TRUE
12073572,Templin,50,RP50,3704659.2029516874,0.00975981810318163,3704659.2029516865,0.00975981810318163,0.5876065753430822,early exposure,FALSE,TRUE
12073572,Templin,100,RP100,4904659.202951688,0.01292118358438071,4904659.202951687,0.01292118358438071,0.7779420021078136,early exposure,FALSE,TRUE
12073572,Templin,200,RP200,5594659.202951688,0.01473896873607018,5594659.202951687,0.01473896873607018,0.8873848724975342,early exposure,FALSE,TRUE
12073572,Templin,500,RP500,6304659.202951688,0.0166094433124463,6304659.2029516855,0.0166094433124463,1,early exposure,FALSE,TRUE
01058140,Schacht-Audorf,10,RP10,858125.9890989368,0.13668053264438218,858125.9890989369,0.13668053264438218,1,early exposure,FALSE,FALSE
01058140,Schacht-Audorf,20,RP20,858125.9890989368,0.13668053264438218,858125.9890989369,0.13668053264438218,1,early exposure,FALSE,FALSE
01058140,Schacht-Audorf,50,RP50,858125.9890989368,0.13668053264438218,858125.9890989369,0.13668053264438218,1,early exposure,FALSE,FALSE
01058140,Schacht-Audorf,100,RP100,858125.9890989368,0.13668053264438218,858125.9890989369,0.13668053264438218,1,early exposure,FALSE,FALSE
01058140,Schacht-Audorf,200,RP200,858125.9890989368,0.13668053264438218,858125.9890989369,0.13668053264438218,1,early exposure,FALSE,FALSE
01058140,Schacht-Audorf,500,RP500,858125.9890989368,0.13668053264438218,858125.9890989369,0.13668053264438218,1,early exposure,FALSE,FALSE
01058148,Schülp b.Rendsburg,10,RP10,83571.12341186994,0.00758861386392408,83571.12341186986,0.00758861386392408,0.11658899360555222,early exposure,FALSE,FALSE
01058148,Schülp b.Rendsburg,20,RP20,206801.13900468603,0.01877842401126982,206801.13900468595,0.01877842401126982,0.2885055948597398,early exposure,FALSE,FALSE
01058148,Schülp b.Rendsburg,50,RP50,476801.139004686,0.04329557371095288,476801.13900468586,0.04329557371095288,0.6651791034634069,early exposure,FALSE,FALSE
01058148,Schülp b.Rendsburg,100,RP100,696801.139004686,0.06327251050328724,696801.139004686,0.06327251050328724,0.9720982586219508,early exposure,FALSE,FALSE
01058148,Schülp b.Rendsburg,200,RP200,706801.139004686,0.06418055308475697,706801.1390046858,0.06418055308475697,0.9860491293109752,early exposure,FALSE,FALSE
01058148,Schülp b.Rendsburg,500,RP500,716801.139004686,0.06508859566622671,716801.1390046859,0.06508859566622671,1,early exposure,FALSE,FALSE
03360002,Bad Bevensen,10,RP10,3239008.3916251524,0.06728274768909574,3239008.3916251524,0.06728274768909574,0.8550015832896737,early exposure,FALSE,FALSE
03360002,Bad Bevensen,20,RP20,3309008.3916251524,0.06873683232512647,3309008.391625153,0.06873683232512647,0.8734794949199822,early exposure,FALSE,FALSE
03360002,Bad Bevensen,50,RP50,3320894.317283768,0.06898373435205783,3320894.3172837677,0.06898373435205783,0.8766170246909009,early exposure,FALSE,FALSE
03360002,Bad Bevensen,100,RP100,3580894.317283768,0.07438462014302907,3580894.317283768,0.07438462014302907,0.9452492678891896,early exposure,FALSE,FALSE
03360002,Bad Bevensen,200,RP200,3684130.3427183977,0.07652910469259151,3684130.3427183973,0.07652910469259151,0.9725004986755518,early exposure,FALSE,FALSE
03360002,Bad Bevensen,500,RP500,3788306.893143822,0.07869312642699565,3788306.893143822,0.07869312642699565,1,early exposure,FALSE,FALSE
03360004,Bienenbüttel,10,RP10,2809856.735716063,0.02824298218231132,2809856.735716063,0.02824298218231132,0.7555863739910108,early exposure,FALSE,FALSE
03360004,Bienenbüttel,20,RP20,3159856.735716063,0.0317609707111072,3159856.7357160626,0.0317609707111072,0.8497033542396354,early exposure,FALSE,FALSE
03360004,Bienenbüttel,50,RP50,3229856.735716063,0.03246456841686638,3229856.735716063,0.03246456841686638,0.8685267502893604,early exposure,FALSE,FALSE
03360004,Bienenbüttel,100,RP100,3359856.735716063,0.03377124987041913,3359856.735716062,0.03377124987041913,0.903484485810278,early exposure,FALSE,FALSE
03360004,Bienenbüttel,200,RP200,3569037.403148148,0.03587380755176754,3569037.4031481477,0.03587380755176754,0.9597343507962772,early exposure,FALSE,FALSE
03360004,Bienenbüttel,500,RP500,3718776.3470037007,0.03737889294261853,3718776.3470037007,0.03737889294261853,1,early exposure,FALSE,FALSE
03360008,Emmendorf,10,RP10,652374.1960591021,0.05930355387610224,652374.196059102,0.05930355387610224,0.4853905783787164,early exposure,FALSE,FALSE
03360008,Emmendorf,20,RP20,652374.1960591021,0.05930355387610224,652374.196059102,0.05930355387610224,0.4853905783787164,early exposure,FALSE,FALSE
03360008,Emmendorf,50,RP50,1251431.6507981815,0.11376039207817784,1251431.650798181,0.11376039207817784,0.9311115253358833,early exposure,FALSE,FALSE
03360008,Emmendorf,100,RP100,1251431.6507981815,0.11376039207817784,1251431.650798181,0.11376039207817784,0.9311115253358833,early exposure,FALSE,FALSE
03360008,Emmendorf,200,RP200,1288195.6252221966,0.11710239173286176,1288195.625222196,0.11710239173286176,0.9584652847533638,early exposure,FALSE,FALSE
03360008,Emmendorf,500,RP500,1344019.0747791976,0.12217697771181668,1344019.0747791976,0.12217697771181668,1,early exposure,FALSE,FALSE
12062500,Uebigau-Wahrenbrück,10,RP10,26843039.955209993,0.19751836815553955,26843039.955209993,0.19751836815553955,0.4834875704727243,early exposure,FALSE,FALSE
12062500,Uebigau-Wahrenbrück,20,RP20,30344998.246005576,0.2232867270337021,30344998.24600558,0.2232867270337021,0.5465636344631944,early exposure,FALSE,FALSE
12062500,Uebigau-Wahrenbrück,50,RP50,41576544.64243918,0.30593149155323696,41576544.64243918,0.30593149155323696,0.7488623714514165,early exposure,FALSE,FALSE
12062500,Uebigau-Wahrenbrück,100,RP100,48805156.97279461,0.3591215815692411,48805156.97279461,0.3591215815692411,0.8790616417026381,early exposure,FALSE,FALSE
12062500,Uebigau-Wahrenbrück,200,RP200,52053896.18119898,0.38302668576301574,52053896.18119898,0.38302668576301574,0.9375768109827123,early exposure,FALSE,FALSE
12062500,Uebigau-Wahrenbrück,500,RP500,55519607.10999152,0.4085283267208261,55519607.10999152,0.4085283267208261,1,early exposure,FALSE,FALSE
01058132,Rade b.Rendsburg,10,RP10,604082.9408814274,0.0924066395245144,604082.9408814275,0.0924066395245144,0.8830500130129595,early exposure,FALSE,FALSE
01058132,Rade b.Rendsburg,20,RP20,604082.9408814274,0.0924066395245144,604082.9408814275,0.0924066395245144,0.8830500130129595,early exposure,FALSE,FALSE
01058132,Rade b.Rendsburg,50,RP50,604082.9408814274,0.0924066395245144,604082.9408814275,0.0924066395245144,0.8830500130129595,early exposure,FALSE,FALSE
01058132,Rade b.Rendsburg,100,RP100,604082.9408814274,0.0924066395245144,604082.9408814275,0.0924066395245144,0.8830500130129595,early exposure,FALSE,FALSE
01058132,Rade b.Rendsburg,200,RP200,624082.9408814274,0.09546604191020938,624082.9408814274,0.09546604191020938,0.9122860649936522,early exposure,FALSE,FALSE
01058132,Rade b.Rendsburg,500,RP500,684086.8942635553,0.10464485381663004,684086.8942635552,0.10464485381663004,1,early exposure,FALSE,FALSE
01058135,Rendsburg,10,RP10,894196.6518807088,0.03754858917011221,894196.6518807086,0.03754858917011221,0.9814394675035084,early exposure,FALSE,FALSE
01058135,Rendsburg,20,RP20,911107.2883132368,0.03825869084481054,911107.2883132368,0.03825869084481054,1,early exposure,FALSE,FALSE
01058135,Rendsburg,50,RP50,911107.2883132368,0.03825869084481054,911107.2883132368,0.03825869084481054,1,early exposure,FALSE,FALSE
01058135,Rendsburg,100,RP100,911107.2883132368,0.03825869084481054,911107.2883132368,0.03825869084481054,1,early exposure,FALSE,FALSE
01058135,Rendsburg,200,RP200,911107.2883132368,0.03825869084481054,911107.2883132368,0.03825869084481054,1,early exposure,FALSE,FALSE
01058135,Rendsburg,500,RP500,911107.2883132368,0.03825869084481054,911107.2883132368,0.03825869084481054,1,early exposure,FALSE,FALSE
03359001,Agathenburg,10,RP10,5839462.0416136775,0.5260774382470409,5839462.041613678,0.5260774382470409,0.995103148796477,early exposure,FALSE,FALSE
03359001,Agathenburg,20,RP20,5839462.0416136775,0.5260774382470409,5839462.041613678,0.5260774382470409,0.995103148796477,early exposure,FALSE,FALSE
03359001,Agathenburg,50,RP50,5839462.0416136775,0.5260774382470409,5839462.041613678,0.5260774382470409,0.995103148796477,early exposure,FALSE,FALSE
03359001,Agathenburg,100,RP100,5839462.0416136775,0.5260774382470409,5839462.041613678,0.5260774382470409,0.995103148796477,early exposure,FALSE,FALSE
03359001,Agathenburg,200,RP200,5868197.7327437755,0.5286662381515955,5868197.7327437755,0.5286662381515955,1,early exposure,FALSE,FALSE
03359001,Agathenburg,500,RP500,5868197.7327437755,0.5286662381515955,5868197.7327437755,0.5286662381515955,1,early exposure,FALSE,FALSE
03359004,Balje,10,RP10,53684647.54881633,0.9185324531105652,53684647.54881632,0.9185324531105652,0.9681677688828392,early exposure,FALSE,FALSE
03359004,Balje,20,RP20,54128956.39894443,0.9261344793262688,54128956.39894444,0.9261344793262688,0.9761805905695659,early exposure,FALSE,FALSE
03359004,Balje,50,RP50,54298956.39894443,0.929043141749484,54298956.39894443,0.929043141749484,0.9792464302132073,early exposure,FALSE,FALSE
03359004,Balje,100,RP100,54514322.82970776,0.932728013775268,54514322.829707764,0.932728013775268,0.983130423985818,early exposure,FALSE,FALSE
03359004,Balje,200,RP200,54734818.30113982,0.9365006425531712,54734818.30113982,0.9365006425531712,0.9871069166773462,early exposure,FALSE,FALSE
03359004,Balje,500,RP500,55449736.372408465,0.9487327327271514,55449736.372408465,0.9487327327271514,1,early exposure,FALSE,FALSE
03359007,Bliedersdorf,10,RP10,0,0,0,0,0,delayed jump,FALSE,FALSE
03359007,Bliedersdorf,20,RP20,0,0,0,0,0,delayed jump,FALSE,FALSE
03359007,Bliedersdorf,50,RP50,0,0,0,0,0,delayed jump,FALSE,FALSE
03359007,Bliedersdorf,100,RP100,0,0,0,0,0,delayed jump,FALSE,FALSE
03359007,Bliedersdorf,200,RP200,679191.0309488232,0.05476646500206217,679191.0309488232,0.05476646500206217,0.7033972017066842,delayed jump,FALSE,FALSE
03359007,Bliedersdorf,500,RP500,965586.7684728792,0.0778599415368441,965586.7684728792,0.0778599415368441,1,delayed jump,FALSE,FALSE
03359009,Burweg,10,RP10,6027382.249183412,0.3708006818049887,6027382.249183411,0.3708006818049887,0.7036082714160615,early exposure,FALSE,FALSE
03359009,Burweg,20,RP20,7530138.412757184,0.46324927507535857,7530138.412757184,0.46324927507535857,0.8790329620859166,early exposure,FALSE,FALSE
03359009,Burweg,50,RP50,8175286.587087786,0.5029383760842485,8175286.587087785,0.5029383760842485,0.9543445273694161,early exposure,FALSE,FALSE
03359009,Burweg,100,RP100,8516389.131629845,0.5239227853771464,8516389.131629845,0.5239227853771464,0.9941632350303371,early exposure,FALSE,FALSE
03359009,Burweg,200,RP200,8566389.131629845,0.5269987532391085,8566389.131629843,0.5269987532391085,1,early exposure,FALSE,FALSE
03359009,Burweg,500,RP500,8566389.131629845,0.5269987532391085,8566389.131629843,0.5269987532391085,1,early exposure,FALSE,FALSE
03360025,Uelzen,10,RP10,3678878.9740581354,0.0268804205506625,3678878.9740581354,0.0268804205506625,0.9043601821173,early exposure,FALSE,FALSE
03360025,Uelzen,20,RP20,3678878.9740581354,0.0268804205506625,3678878.9740581354,0.0268804205506625,0.9043601821173,early exposure,FALSE,FALSE
03360025,Uelzen,50,RP50,3917935.593366235,0.02862713266262223,3917935.5933662346,0.02862713266262223,0.9631262598541107,early exposure,FALSE,FALSE
03360025,Uelzen,100,RP100,3927935.593366235,0.02870019954179986,3927935.5933662346,0.02870019954179986,0.96558450919717,early exposure,FALSE,FALSE
03360025,Uelzen,200,RP200,4047935.593366235,0.02957700209193141,4047935.5933662346,0.02957700209193141,0.9950835013138813,early exposure,FALSE,FALSE
03360025,Uelzen,500,RP500,4067935.593366235,0.02972313585028667,4067935.593366235,0.02972313585028667,1,early exposure,FALSE,FALSE
15091241,Oranienbaum-Wörlitz,10,RP10,67424533.57696322,0.5817478198716984,67424533.57696322,0.5817478198716984,0.844043481288341,early exposure,FALSE,FALSE
15091241,Oranienbaum-Wörlitz,20,RP20,70073465.3842333,0.6046031548976226,70073465.3842333,0.6046031548976226,0.8772037199387358,early exposure,FALSE,FALSE
15091241,Oranienbaum-Wörlitz,50,RP50,74563545.8556053,0.6433441648341248,74563545.8556053,0.6433441648341248,0.9334120902642888,early exposure,FALSE,FALSE
15091241,Oranienbaum-Wörlitz,100,RP100,76313545.8556053,0.6584433969795483,76313545.8556053,0.6584433969795483,0.9553191916396147,early exposure,FALSE,FALSE
15091241,Oranienbaum-Wörlitz,200,RP200,77726347.63638443,0.6706332381586636,77726347.63638443,0.6706332381586636,0.9730051298309113,early exposure,FALSE,FALSE
15091241,Oranienbaum-Wörlitz,500,RP500,79882772.71456082,0.6892391597927199,79882772.71456082,0.6892391597927199,1,early exposure,FALSE,FALSE
02000000,Hamburg,10,RP10,252919999.06104293,0.340812417802219,252919999.0610429,0.340812417802219,0.8007199192934947,early exposure,FALSE,FALSE
02000000,Hamburg,20,RP20,281558092.81307983,0.3794025570126919,281558092.81307983,0.3794025570126919,0.8913853162687495,early exposure,FALSE,FALSE
02000000,Hamburg,50,RP50,288665053.2037379,0.3889792625439148,288665053.2037379,0.3889792625439148,0.9138852560582335,early exposure,FALSE,FALSE
02000000,Hamburg,100,RP100,295771248.4445196,0.39855493702745337,295771248.4445196,0.39855493702745337,0.9363827734582284,early exposure,FALSE,FALSE
02000000,Hamburg,200,RP200,300291248.4445194,0.4046456856206248,300291248.4445194,0.4046456856206248,0.9506926502913884,early exposure,FALSE,FALSE
02000000,Hamburg,500,RP500,315865751.5154659,0.42563249594556185,315865751.5154659,0.42563249594556185,1,early exposure,FALSE,FALSE
15089365,Wolmirsleben,10,RP10,3370920.6279892987,0.19982511460754465,3370920.6279892987,0.19982511460754465,0.9484508659448502,early exposure,FALSE,FALSE
15089365,Wolmirsleben,20,RP20,3380003.390931283,0.20036353254914943,3380003.3909312827,0.20036353254914943,0.9510064154009745,early exposure,FALSE,FALSE
15089365,Wolmirsleben,50,RP50,3396679.4455237538,0.2013520739263844,3396679.445523754,0.2013520739263844,0.9556984328538469,early exposure,FALSE,FALSE
15089365,Wolmirsleben,100,RP100,3496651.4300690214,0.2072783224127564,3496651.4300690214,0.2072783224127564,0.9838268066057799,early exposure,FALSE,FALSE
15089365,Wolmirsleben,200,RP200,3516651.4300690214,0.20846390425617548,3516651.4300690214,0.20846390425617548,0.9894540578561934,early exposure,FALSE,FALSE
15089365,Wolmirsleben,500,RP500,3554133.1122421143,0.2106857843484366,3554133.1122421143,0.2106857843484366,1,early exposure,FALSE,FALSE
01058158,Tackesdorf,10,RP10,28255.726307439876,0.00371984803890843,28255.726307439825,0.00371984803890843,0.3520098992886508,delayed jump,FALSE,TRUE
01058158,Tackesdorf,20,RP20,28255.726307439876,0.00371984803890843,28255.726307439825,0.00371984803890843,0.3520098992886508,delayed jump,FALSE,TRUE
01058158,Tackesdorf,50,RP50,28255.726307439876,0.00371984803890843,28255.726307439825,0.00371984803890843,0.3520098992886508,delayed jump,FALSE,TRUE
01058158,Tackesdorf,100,RP100,29029.47384058148,0.00382171139971715,29029.473840581475,0.00382171139971715,0.36164924772558404,delayed jump,FALSE,TRUE
01058158,Tackesdorf,200,RP200,80269.69231416397,0.01056745292227741,80269.69231416391,0.01056745292227741,1,delayed jump,FALSE,TRUE
01058158,Tackesdorf,500,RP500,80269.69231416397,0.01056745292227741,80269.69231416391,0.01056745292227741,1,delayed jump,FALSE,TRUE
03360012,Jelmstorf,10,RP10,976591.6987430616,0.06998004147029449,976591.6987430617,0.06998004147029449,0.764842848954035,early exposure,FALSE,FALSE
03360012,Jelmstorf,20,RP20,1166591.698743062,0.08359495125958419,1166591.6987430619,0.08359495125958419,0.9136462244980862,early exposure,FALSE,FALSE
03360012,Jelmstorf,50,RP50,1206591.698743062,0.08646124805732938,1206591.6987430619,0.08646124805732938,0.9449732509284128,early exposure,FALSE,FALSE
03360012,Jelmstorf,100,RP100,1226591.698743062,0.08789439645620198,1226591.6987430619,0.08789439645620198,0.960636764143576,early exposure,FALSE,FALSE
03360012,Jelmstorf,200,RP200,1236591.698743062,0.08861097065563828,1236591.6987430619,0.08861097065563828,0.9684685207511576,early exposure,FALSE,FALSE
03360012,Jelmstorf,500,RP500,1276852.7548876284,0.09149597406316354,1276852.7548876284,0.09149597406316354,1,early exposure,FALSE,FALSE
12065144,Hohen Neuendorf,10,RP10,2642557.4745970676,0.05391408996582916,2642557.4745970676,0.05391408996582916,0.6768506119511823,early exposure,FALSE,FALSE
12065144,Hohen Neuendorf,20,RP20,2757201.680553505,0.05625308849033197,2757201.680553505,0.05625308849033197,0.7062149689062203,early exposure,FALSE,FALSE
12065144,Hohen Neuendorf,50,RP50,3650266.510701231,0.07447361086714199,3650266.510701231,0.07447361086714199,0.9349598429944314,early exposure,FALSE,FALSE
12065144,Hohen Neuendorf,100,RP100,3836576.245295078,0.07827474665660443,3836576.245295078,0.07827474665660443,0.9826802271618695,early exposure,FALSE,FALSE
12065144,Hohen Neuendorf,200,RP200,3899299.492617222,0.07955444135826487,3899299.4926172225,0.07955444135826487,0.998745826015129,early exposure,FALSE,FALSE
12065144,Hohen Neuendorf,500,RP500,3904196.033714544,0.07965434176148414,3904196.0337145436,0.07965434176148414,1,early exposure,FALSE,FALSE
13071110,Neustrelitz,10,RP10,0,0,0,0,0,delayed jump,FALSE,TRUE
13071110,Neustrelitz,20,RP20,0,0,0,0,0,delayed jump,FALSE,TRUE
13071110,Neustrelitz,50,RP50,0,0,0,0,0,delayed jump,FALSE,TRUE
13071110,Neustrelitz,100,RP100,0,0,0,0,0,delayed jump,FALSE,TRUE
13071110,Neustrelitz,200,RP200,0,0,0,0,0,delayed jump,FALSE,TRUE
13071110,Neustrelitz,500,RP500,249604.48594019437,0.00178360886779717,249604.48594019323,0.00178360886779717,1,delayed jump,FALSE,TRUE
15084565,Wetterzeube,10,RP10,3629296.229848288,0.08654670031206133,3629296.229848288,0.08654670031206133,0.8639347208732318,early exposure,FALSE,FALSE
15084565,Wetterzeube,20,RP20,3699296.229848288,0.08821596857735736,3699296.229848288,0.08821596857735736,0.8805978496538919,early exposure,FALSE,FALSE
15084565,Wetterzeube,50,RP50,3876731.8993983,0.09244722189609147,3876731.8993982994,0.09244722189609147,0.9228354698252417,early exposure,FALSE,FALSE
15084565,Wetterzeube,100,RP100,4006731.8993983,0.09554729153164128,4006731.8993983003,0.09554729153164128,0.9537812804178964,early exposure,FALSE,FALSE
15084565,Wetterzeube,200,RP200,4039006.2941817134,0.09631692900297824,4039006.2941817134,0.09631692900297824,0.9614640289406661,early exposure,FALSE,FALSE
15084565,Wetterzeube,500,RP500,4200891.7365653925,0.1001773608827566,4200891.7365653925,0.1001773608827566,1,early exposure,FALSE,FALSE
13071119,Priepert,10,RP10,3057436.533762069,0.13772401527333425,3057436.533762069,0.13772401527333425,0.527781014625727,early exposure,FALSE,FALSE
13071119,Priepert,20,RP20,3223906.4178651604,0.14522274847927052,3223906.4178651604,0.14522274847927052,0.5565173901371586,early exposure,FALSE,FALSE
13071119,Priepert,50,RP50,3562420.1942677423,0.16047129934751608,3562420.1942677423,0.16047129934751608,0.6149523379771732,early exposure,FALSE,FALSE
13071119,Priepert,100,RP100,5234697.245529571,0.23579999631505008,5234697.245529571,0.23579999631505008,0.9036242594068171,early exposure,FALSE,FALSE
13071119,Priepert,200,RP200,5553002.114580104,0.2501382251425675,5553002.114580103,0.2501382251425675,0.9585707038849588,early exposure,FALSE,FALSE
13071119,Priepert,500,RP500,5793002.114580103,0.2609491653863307,5793002.114580103,0.2609491653863307,1,early exposure,FALSE,FALSE
03359020,Grünendeich,10,RP10,2217869.149461763,0.8567023699579661,2217869.149461763,0.8567023699579661,0.8695190643932249,early exposure,FALSE,FALSE
03359020,Grünendeich,20,RP20,2217869.149461763,0.8567023699579661,2217869.149461763,0.8567023699579661,0.8695190643932249,early exposure,FALSE,FALSE
03359020,Grünendeich,50,RP50,2217869.149461763,0.8567023699579661,2217869.149461763,0.8567023699579661,0.8695190643932249,early exposure,FALSE,FALSE
03359020,Grünendeich,100,RP100,2347494.7019781102,0.9067731859368148,2347494.7019781102,0.9067731859368148,0.9203389647344251,early exposure,FALSE,FALSE
03359020,Grünendeich,200,RP200,2550684.9018997126,0.9852600190609936,2550684.9018997126,0.9852600190609936,1,early exposure,FALSE,FALSE
03359020,Grünendeich,500,RP500,2550684.9018997126,0.9852600190609936,2550684.9018997126,0.9852600190609936,1,early exposure,FALSE,FALSE
03359021,Guderhandviertel,10,RP10,9158776.491612716,0.9929428763376634,9158776.491612716,0.9929428763376634,0.9929428764662368,early exposure,FALSE,FALSE
03359021,Guderhandviertel,20,RP20,9158776.491612716,0.9929428763376634,9158776.491612716,0.9929428763376634,0.9929428764662368,early exposure,FALSE,FALSE
03359021,Guderhandviertel,50,RP50,9158776.491612716,0.9929428763376634,9158776.491612716,0.9929428763376634,0.9929428764662368,early exposure,FALSE,FALSE
03359021,Guderhandviertel,100,RP100,9174194.160275754,0.9946143729925624,9174194.160275754,0.9946143729925624,0.9946143731213523,early exposure,FALSE,FALSE
03359021,Guderhandviertel,200,RP200,9223870.485085394,0.9999999998705128,9223870.485085396,0.9999999998705128,1,early exposure,FALSE,FALSE
03359021,Guderhandviertel,500,RP500,9223870.485085394,0.9999999998705128,9223870.485085396,0.9999999998705128,1,early exposure,FALSE,FALSE
03359022,Hammah,10,RP10,51474.108864952126,0.00175260212164565,51474.108864951944,0.00175260212164565,0.005799933899057175,early exposure,FALSE,FALSE
03359022,Hammah,20,RP20,2024042.2586972404,0.06891504943194024,2024042.2586972401,0.06891504943194024,0.22806244864076744,early exposure,FALSE,FALSE
03359022,Hammah,50,RP50,8874947.50126712,0.30217622341015804,8874947.50126712,0.30217622341015804,1,early exposure,FALSE,FALSE
03359022,Hammah,100,RP100,8874947.50126712,0.30217622341015804,8874947.50126712,0.30217622341015804,1,early exposure,FALSE,FALSE
03359022,Hammah,200,RP200,8874947.50126712,0.30217622341015804,8874947.50126712,0.30217622341015804,1,early exposure,FALSE,FALSE
03359022,Hammah,500,RP500,8874947.50126712,0.30217622341015804,8874947.50126712,0.30217622341015804,1,early exposure,FALSE,FALSE
03359023,Harsefeld,10,RP10,0,0,0,0,0,delayed jump,FALSE,TRUE
03359023,Harsefeld,20,RP20,0,0,0,0,0,delayed jump,FALSE,TRUE
03359023,Harsefeld,50,RP50,0,0,0,0,0,delayed jump,FALSE,TRUE
03359023,Harsefeld,100,RP100,0,0,0,0,0,delayed jump,FALSE,TRUE
03359023,Harsefeld,200,RP200,178.2590359628982,3.4273593150716204e-6,178.2590359628982,3.4273593150716204e-6,0.0023878613493788863,delayed jump,FALSE,TRUE
03359023,Harsefeld,500,RP500,74652.17191495074,0.00143532593128287,74652.17191495046,0.00143532593128287,1,delayed jump,FALSE,TRUE
03359025,Himmelpforten,10,RP10,4888105.557233239,0.2683449620372637,4888105.557233239,0.2683449620372637,0.7175489549984035,early exposure,FALSE,FALSE
03359025,Himmelpforten,20,RP20,5900070.594361178,0.3238993514201396,5900070.594361178,0.3238993514201396,0.8661002590535228,early exposure,FALSE,FALSE
03359025,Himmelpforten,50,RP50,6812225.874183197,0.3739744308287101,6812225.874183197,0.3739744308287101,1,early exposure,FALSE,FALSE
03359025,Himmelpforten,100,RP100,6812225.874183197,0.3739744308287101,6812225.874183197,0.3739744308287101,1,early exposure,FALSE,FALSE
03359025,Himmelpforten,200,RP200,6812225.874183197,0.3739744308287101,6812225.874183197,0.3739744308287101,1,early exposure,FALSE,FALSE
03359025,Himmelpforten,500,RP500,6812225.874183197,0.3739744308287101,6812225.874183197,0.3739744308287101,1,early exposure,FALSE,FALSE
03359026,Hollern-Twielenfleth,10,RP10,17057219.117720306,0.9632486120495272,17057219.117720306,0.9632486120495272,0.976189784189085,early exposure,FALSE,FALSE
03359026,Hollern-Twielenfleth,20,RP20,17057219.117720306,0.9632486120495272,17057219.117720306,0.9632486120495272,0.976189784189085,early exposure,FALSE,FALSE
03359026,Hollern-Twielenfleth,50,RP50,17084551.47830412,0.9647921144349216,17084551.47830412,0.9647921144349216,0.9777540234121114,early exposure,FALSE,FALSE
03359026,Hollern-Twielenfleth,100,RP100,17094551.47830412,0.9653568305269188,17094551.478304125,0.9653568305269188,0.9783263264220289,early exposure,FALSE,FALSE
03359026,Hollern-Twielenfleth,200,RP200,17309231.444470894,0.9774801536792932,17309231.444470894,0.9774801536792932,0.9906125255026483,early exposure,FALSE,FALSE
03359026,Hollern-Twielenfleth,500,RP500,17473261.238735083,0.9867431801180874,17473261.238735083,0.9867431801180874,1,early exposure,FALSE,FALSE
03359027,Horneburg,10,RP10,3543034.530149629,0.20962073754194016,3543034.530149629,0.20962073754194016,0.8320421372391299,early exposure,FALSE,FALSE
03359027,Horneburg,20,RP20,3543034.530149629,0.20962073754194016,3543034.530149629,0.20962073754194016,0.8320421372391299,early exposure,FALSE,FALSE
03359027,Horneburg,50,RP50,3543034.530149629,0.20962073754194016,3543034.530149629,0.20962073754194016,0.8320421372391299,early exposure,FALSE,FALSE
03359027,Horneburg,100,RP100,3598478.242728482,0.2129010194087815,3598478.242728482,0.2129010194087815,0.8450624746696638,early exposure,FALSE,FALSE
03359027,Horneburg,200,RP200,4169108.952835702,0.2466619182368561,4169108.952835702,0.2466619182368561,0.9790687316145663,early exposure,FALSE,FALSE
03359027,Horneburg,500,RP500,4258239.302526281,0.25193524241152093,4258239.302526281,0.25193524241152093,1,early exposure,FALSE,FALSE
03359028,Jork,10,RP10,49727847.6513161,0.935655642491256,49727847.65131611,0.935655642491256,0.9759496588746364,early exposure,FALSE,FALSE
03359028,Jork,20,RP20,49727847.6513161,0.935655642491256,49727847.65131611,0.935655642491256,0.9759496588746364,early exposure,FALSE,FALSE
03359028,Jork,50,RP50,49900099.18477954,0.938896645808812,49900099.18477955,0.938896645808812,0.9793302360213294,early exposure,FALSE,FALSE
03359028,Jork,100,RP100,50949379.92267904,0.958639415491044,50949379.922679044,0.958639415491044,0.999923228209473,early exposure,FALSE,FALSE
03359028,Jork,200,RP200,50953291.69811595,0.9587130176060072,50953291.69811595,0.9587130176060072,1,early exposure,FALSE,FALSE
03359028,Jork,500,RP500,50953291.69811595,0.9587130176060072,50953291.69811595,0.9587130176060072,1,early exposure,FALSE,FALSE
03359029,Kranenburg,10,RP10,4735013.621521731,0.33247812419321837,4735013.62152173,0.33247812419321837,0.7433161659655566,early exposure,FALSE,FALSE
03359029,Kranenburg,20,RP20,5138396.030698808,0.36080239893788824,5138396.030698807,0.36080239893788824,0.8066403060365818,early exposure,FALSE,FALSE
03359029,Kranenburg,50,RP50,5138396.030698808,0.36080239893788824,5138396.030698807,0.36080239893788824,0.8066403060365818,early exposure,FALSE,FALSE
03359029,Kranenburg,100,RP100,5559924.655916526,0.39040084528007474,5559924.655916525,0.39040084528007474,0.8728130917108222,early exposure,FALSE,FALSE
03359029,Kranenburg,200,RP200,6370120.60052672,0.4472903179245863,6370120.600526719,0.4472903179245863,1,early exposure,FALSE,FALSE
03359029,Kranenburg,500,RP500,6370120.60052672,0.4472903179245863,6370120.600526719,0.4472903179245863,1,early exposure,FALSE,FALSE
12069590,Schwielowsee,10,RP10,7313938.081832376,0.12543719921844265,7313938.081832377,0.12543719921844265,0.6991466141757283,early exposure,FALSE,FALSE
12069590,Schwielowsee,20,RP20,7313938.081832376,0.12543719921844265,7313938.081832377,0.12543719921844265,0.6991466141757283,early exposure,FALSE,FALSE
12069590,Schwielowsee,50,RP50,9329388.527506948,0.16000304544798066,9329388.527506948,0.16000304544798066,0.8918055264288267,early exposure,FALSE,FALSE
12069590,Schwielowsee,100,RP100,10249647.352292657,0.1757858820328174,10249647.352292655,0.1757858820328174,0.9797739825895972,early exposure,FALSE,FALSE
12069590,Schwielowsee,200,RP200,10461236.50395601,0.17941472743357148,10461236.50395601,0.17941472743357148,1,early exposure,FALSE,FALSE
12069590,Schwielowsee,500,RP500,10461236.50395601,0.17941472743357148,10461236.50395601,0.17941472743357148,1,early exposure,FALSE,FALSE
15084550,Weißenfels,10,RP10,12229114.345301224,0.10752669281323889,12229114.345301228,0.10752669281323889,0.9094312069639449,early exposure,FALSE,FALSE
15084550,Weißenfels,20,RP20,12788660.57562598,0.11244660393060064,12788660.575625982,0.11244660393060064,0.9510424626303774,early exposure,FALSE,FALSE
15084550,Weißenfels,50,RP50,12927171.87608937,0.1136644895137714,12927171.87608937,0.1136644895137714,0.9613430040761252,early exposure,FALSE,FALSE
15084550,Weißenfels,100,RP100,13046992.198703008,0.11471803130417998,13046992.19870301,0.11471803130417998,0.9702535709034933,early exposure,FALSE,FALSE
15084550,Weißenfels,200,RP200,13296992.198703006,0.11691620137964732,13296992.198703008,0.11691620137964732,0.9888450890888099,early exposure,FALSE,FALSE
15084550,Weißenfels,500,RP500,13446992.198703006,0.11823510342492774,13446992.198703008,0.11823510342492774,1,early exposure,FALSE,FALSE
12065136,Hennigsdorf,10,RP10,5040934.014024027,0.16403812003334683,5040934.014024027,0.16403812003334683,0.5293870691808816,early exposure,FALSE,FALSE
12065136,Hennigsdorf,20,RP20,7159470.215691152,0.23297786310025664,7159470.215691153,0.23297786310025664,0.7518707731202786,early exposure,FALSE,FALSE
12065136,Hennigsdorf,50,RP50,7159470.215691152,0.23297786310025664,7159470.215691153,0.23297786310025664,0.7518707731202786,early exposure,FALSE,FALSE
12065136,Hennigsdorf,100,RP100,7172556.001104469,0.23340369046327877,7172556.00110447,0.23340369046327877,0.7532450116182661,early exposure,FALSE,FALSE
12065136,Hennigsdorf,200,RP200,7236186.220945708,0.23547429515896157,7236186.220945708,0.23547429515896157,0.7599273080933588,early exposure,FALSE,FALSE
12065136,Hennigsdorf,500,RP500,9522208.432147468,0.3098642365541008,9522208.432147468,0.3098642365541008,1,early exposure,FALSE,FALSE
14729250,Machern,10,RP10,4320544.540749332,0.11058865674768656,4320544.540749333,0.11058865674768656,0.8975976044431396,early exposure,FALSE,FALSE
14729250,Machern,20,RP20,4340544.540749332,0.11110057674158856,4340544.540749333,0.11110057674158856,0.9017526251632245,early exposure,FALSE,FALSE
14729250,Machern,50,RP50,4620621.586281773,0.11826942871364146,4620621.586281773,0.11826942871364146,0.9599389215335958,early exposure,FALSE,FALSE
14729250,Machern,100,RP100,4693453.734014535,0.12013364034480274,4693453.734014535,0.12013364034480274,0.9750698756794912,early exposure,FALSE,FALSE
14729250,Machern,200,RP200,4713453.734014535,0.12064556033870474,4713453.734014535,0.12064556033870474,0.979224896399576,early exposure,FALSE,FALSE
14729250,Machern,500,RP500,4813453.734014535,0.12320516030821475,4813453.734014535,0.12320516030821475,1,early exposure,FALSE,FALSE
15088020,Bad Dürrenberg,10,RP10,3442928.0680753128,0.09443851778626494,3442928.0680753128,0.09443851778626494,0.7872599652646161,early exposure,FALSE,FALSE
15088020,Bad Dürrenberg,20,RP20,3619661.121299654,0.09928625414913302,3619661.1212996533,0.09928625414913302,0.8276717469200731,early exposure,FALSE,FALSE
15088020,Bad Dürrenberg,50,RP50,4070666.786825933,0.1116572086748603,4070666.7868259326,0.1116572086748603,0.9307987067507648,early exposure,FALSE,FALSE
15088020,Bad Dürrenberg,100,RP100,4130846.464049928,0.1133079197572638,4130846.4640499284,0.1133079197572638,0.9445593923254372,early exposure,FALSE,FALSE
15088020,Bad Dürrenberg,200,RP200,4320846.464049931,0.1185195646201846,4320846.464049931,0.1185195646201846,0.9880047941586209,early exposure,FALSE,FALSE
15088020,Bad Dürrenberg,500,RP500,4373305.159647062,0.11995849141715469,4373305.159647062,0.11995849141715469,1,early exposure,FALSE,FALSE
03359010,Buxtehude,10,RP10,23121800.462803915,0.30318665702279085,23121800.462803915,0.30318665702279085,0.9016752928720191,early exposure,FALSE,FALSE
03359010,Buxtehude,20,RP20,23121800.462803915,0.30318665702279085,23121800.462803915,0.30318665702279085,0.9016752928720191,early exposure,FALSE,FALSE
03359010,Buxtehude,50,RP50,23121800.462803915,0.30318665702279085,23121800.462803915,0.30318665702279085,0.9016752928720191,early exposure,FALSE,FALSE
03359010,Buxtehude,100,RP100,25403156.295384653,0.33310113749209086,25403156.295384653,0.33310113749209086,0.9906407777094431,early exposure,FALSE,FALSE
03359010,Buxtehude,200,RP200,25643156.295384653,0.33624815875466624,25643156.295384653,0.33624815875466624,1,early exposure,FALSE,FALSE
03359010,Buxtehude,500,RP500,25643156.295384653,0.33624815875466624,25643156.295384653,0.33624815875466624,1,early exposure,FALSE,FALSE
03359012,Dollern,10,RP10,1571066.2477761724,0.13106523609019247,1571066.2477761724,0.13106523609019247,0.9874298131658856,early exposure,FALSE,FALSE
03359012,Dollern,20,RP20,1571066.2477761724,0.13106523609019247,1571066.2477761724,0.13106523609019247,0.9874298131658856,early exposure,FALSE,FALSE
03359012,Dollern,50,RP50,1571066.2477761724,0.13106523609019247,1571066.2477761724,0.13106523609019247,0.9874298131658856,early exposure,FALSE,FALSE
03359012,Dollern,100,RP100,1571066.2477761724,0.13106523609019247,1571066.2477761724,0.13106523609019247,0.9874298131658856,early exposure,FALSE,FALSE
03359012,Dollern,200,RP200,1591066.2477761724,0.13273372379751497,1591066.2477761724,0.13273372379751497,1,early exposure,FALSE,FALSE
03359012,Dollern,500,RP500,1591066.2477761724,0.13273372379751497,1591066.2477761724,0.13273372379751497,1,early exposure,FALSE,FALSE
03359013,Drochtersen,10,RP10,84705556.15779555,0.7922758881639764,84705556.15779555,0.7922758881639764,0.8643090440631225,early exposure,FALSE,FALSE
03359013,Drochtersen,20,RP20,87164731.9105444,0.8152772795960909,87164731.9105444,0.8152772795960909,0.8894017055183174,early exposure,FALSE,FALSE
03359013,Drochtersen,50,RP50,95651202.54710288,0.8946537262654408,95651202.54710288,0.8946537262654408,0.9759950018268806,early exposure,FALSE,FALSE
03359013,Drochtersen,100,RP100,95969038.57740128,0.8976265397928801,95969038.57740127,0.8976265397928801,0.9792381014295118,early exposure,FALSE,FALSE
03359013,Drochtersen,200,RP200,96480349.55139428,0.9024089811630028,96480349.55139427,0.9024089811630028,0.9844553589412579,early exposure,FALSE,FALSE
03359013,Drochtersen,500,RP500,98003783.18337868,0.9166581023374258,98003783.18337868,0.9166581023374258,1,early exposure,FALSE,FALSE
03359015,Engelschoff,10,RP10,13532297.359390372,0.689397067854099,13532297.359390374,0.689397067854099,0.7734532087691274,early exposure,FALSE,FALSE
03359015,Engelschoff,20,RP20,14746123.69684068,0.7512349284699569,14746123.696840681,0.7512349284699569,0.8428307764249207,early exposure,FALSE,FALSE
03359015,Engelschoff,50,RP50,17495948.30814091,0.8913235604144752,17495948.30814091,0.8913235604144752,1,early exposure,FALSE,FALSE
03359015,Engelschoff,100,RP100,17495948.30814091,0.8913235604144752,17495948.30814091,0.8913235604144752,1,early exposure,FALSE,FALSE
03359015,Engelschoff,200,RP200,17495948.30814091,0.8913235604144752,17495948.30814091,0.8913235604144752,1,early exposure,FALSE,FALSE
03359015,Engelschoff,500,RP500,17495948.30814091,0.8913235604144752,17495948.30814091,0.8913235604144752,1,early exposure,FALSE,FALSE
03359016,Estorf,10,RP10,3527357.920831271,0.11976629453785809,3527357.920831271,0.11976629453785809,0.8649489367957165,early exposure,FALSE,FALSE
03359016,Estorf,20,RP20,3527357.920831271,0.11976629453785809,3527357.920831271,0.11976629453785809,0.8649489367957165,early exposure,FALSE,FALSE
03359016,Estorf,50,RP50,3549975.0421644403,0.12053422591198654,3549975.0421644403,0.12053422591198654,0.8704949163899547,early exposure,FALSE,FALSE
03359016,Estorf,100,RP100,3553622.9907276267,0.12065808668593787,3553622.9907276267,0.12065808668593787,0.8713894355462273,early exposure,FALSE,FALSE
03359016,Estorf,200,RP200,4078111.170237049,0.13846631800201226,4078111.170237049,0.13846631800201226,1,early exposure,FALSE,FALSE
03359016,Estorf,500,RP500,4078111.170237049,0.13846631800201226,4078111.170237049,0.13846631800201226,1,early exposure,FALSE,FALSE
12068264,Kyritz,10,RP10,3114172.6187715726,0.01976290455623976,3114172.618771572,0.01976290455623976,0.8633548720627593,early exposure,FALSE,FALSE
12068264,Kyritz,20,RP20,3375969.318478759,0.0214242971066285,3375969.3184787584,0.0214242971066285,0.935933846914612,early exposure,FALSE,FALSE
12068264,Kyritz,50,RP50,3597059.7613366987,0.02282736297849459,3597059.761336698,0.02282736297849459,0.9972276589073494,early exposure,FALSE,FALSE
12068264,Kyritz,100,RP100,3607059.761336698,0.02289082415093286,3607059.761336698,0.02289082415093286,1,early exposure,FALSE,FALSE
12068264,Kyritz,200,RP200,3607059.761336698,0.02289082415093286,3607059.761336698,0.02289082415093286,1,early exposure,FALSE,FALSE
12068264,Kyritz,500,RP500,3607059.761336698,0.02289082415093286,3607059.761336698,0.02289082415093286,1,early exposure,FALSE,FALSE
03359018,Freiburg (Elbe),10,RP10,22742442.836283386,0.8716115216188824,22742442.836283386,0.8716115216188824,0.9517053067004815,early exposure,FALSE,FALSE
03359018,Freiburg (Elbe),20,RP20,23269347.135998767,0.8918053003491847,23269347.135998767,0.8918053003491847,0.9737547242486438,early exposure,FALSE,FALSE
03359018,Freiburg (Elbe),50,RP50,23299532.04491103,0.8929621468047894,23299532.04491103,0.8929621468047894,0.9750178751863365,early exposure,FALSE,FALSE
03359018,Freiburg (Elbe),100,RP100,23507816.05003762,0.900944699072553,23507816.05003762,0.900944699072553,0.9837339570253355,early exposure,FALSE,FALSE
03359018,Freiburg (Elbe),200,RP200,23767816.050037615,0.9109092836711502,23767816.050037615,0.9109092836711502,0.9946142033349954,early exposure,FALSE,FALSE
03359018,Freiburg (Elbe),500,RP500,23896517.836104527,0.9158418214990516,23896517.83610453,0.9158418214990516,1,early exposure,FALSE,FALSE
03359019,Großenwörden,10,RP10,9493600.32513936,0.7693001822265113,9493600.32513936,0.7693001822265113,0.8267312751566924,early exposure,FALSE,FALSE
03359019,Großenwörden,20,RP20,9503600.32513936,0.770110517774543,9503600.32513936,0.770110517774543,0.8276021052388979,early exposure,FALSE,FALSE
03359019,Großenwörden,50,RP50,11483296.459711185,0.93053233298898,11483296.459711187,0.93053233298898,1,early exposure,FALSE,FALSE
03359019,Großenwörden,100,RP100,11483296.459711185,0.93053233298898,11483296.459711187,0.93053233298898,1,early exposure,FALSE,FALSE
03359019,Großenwörden,200,RP200,11483296.459711185,0.93053233298898,11483296.459711187,0.93053233298898,1,early exposure,FALSE,FALSE
03359019,Großenwörden,500,RP500,11483296.459711185,0.93053233298898,11483296.459711187,0.93053233298898,1,early exposure,FALSE,FALSE
13071137,Sietow,10,RP10,0,0,0,0,0,gradual increase,FALSE,FALSE
13071137,Sietow,20,RP20,0,0,0,0,0,gradual increase,FALSE,FALSE
13071137,Sietow,50,RP50,441792.5287883133,0.02344048098850617,441792.5287883133,0.02344048098850617,0.19818118017675804,gradual increase,FALSE,FALSE
13071137,Sietow,100,RP100,1122987.5716059825,0.05958310090656079,1122987.5716059823,0.05958310090656079,0.5037545629734794,gradual increase,FALSE,FALSE
13071137,Sietow,200,RP200,1742778.3453001285,0.09246775354537988,1742778.3453001287,0.09246775354537988,0.7817829563694818,gradual increase,FALSE,FALSE
13071137,Sietow,500,RP500,2229235.532830504,0.11827803713551194,2229235.5328305042,0.11827803713551194,1,gradual increase,FALSE,FALSE
13071138,Silz,10,RP10,541.6931645038568,5.07332312202502e-5,541.6931645038568,5.07332312202502e-5,0.0010480035552417125,early exposure,FALSE,FALSE
13071138,Silz,20,RP20,516881.037086673,0.0484094075506729,516881.0370866731,0.0484094075506729,1,early exposure,FALSE,FALSE
13071138,Silz,50,RP50,516881.037086673,0.0484094075506729,516881.0370866731,0.0484094075506729,1,early exposure,FALSE,FALSE
13071138,Silz,100,RP100,516881.037086673,0.0484094075506729,516881.0370866731,0.0484094075506729,1,early exposure,FALSE,FALSE
13071138,Silz,200,RP200,516881.037086673,0.0484094075506729,516881.0370866731,0.0484094075506729,1,early exposure,FALSE,FALSE
13071138,Silz,500,RP500,516881.037086673,0.0484094075506729,516881.0370866731,0.0484094075506729,1,early exposure,FALSE,FALSE
03352051,Steinau,10,RP10,0,0,0,0,0,early exposure,FALSE,FALSE
03352051,Steinau,20,RP20,1041008.7895769438,0.02889388977490894,1041008.7895769438,0.02889388977490894,0.037583794457659025,early exposure,FALSE,FALSE
03352051,Steinau,50,RP50,9574511.564592551,0.2657469221833891,9574511.564592551,0.2657469221833891,0.3456709283140289,early exposure,FALSE,FALSE
03352051,Steinau,100,RP100,17955325.005464908,0.4983619607970884,17955325.005464908,0.4983619607970884,0.6482454818658185,early exposure,FALSE,FALSE
03352051,Steinau,200,RP200,23556968.249045383,0.6538392863095399,23556968.249045383,0.6538392863095399,0.850482975343103,early exposure,FALSE,FALSE
03352051,Steinau,500,RP500,27698341.92100318,0.7687858608172223,27698341.92100318,0.7687858608172223,1,early exposure,FALSE,FALSE
03359040,Wischhafen,10,RP10,23425425.055260397,0.8479843378728676,23425425.055260397,0.8479843378728676,0.9028661078894545,early exposure,FALSE,FALSE
03359040,Wischhafen,20,RP20,23743457.305804476,0.8594968874536607,23743457.305804476,0.8594968874536607,0.915123752715736,early exposure,FALSE,FALSE
03359040,Wischhafen,50,RP50,25564641.545930497,0.9254225092242236,25564641.545930497,0.9254225092242236,0.9853160981162287,early exposure,FALSE,FALSE
03359040,Wischhafen,100,RP100,25735624.55115279,0.9316119768701216,25735624.551152796,0.9316119768701216,0.9919061497407404,early exposure,FALSE,FALSE
03359040,Wischhafen,200,RP200,25875624.55115279,0.9366798809539172,25875624.55115279,0.9366798809539172,0.9973020499135802,early exposure,FALSE,FALSE
03359040,Wischhafen,500,RP500,25945624.55115279,0.939213832995815,25945624.55115279,0.939213832995815,1,early exposure,FALSE,FALSE
03352052,Stinstedt,10,RP10,0,0,0,0,0,delayed jump,FALSE,FALSE
03352052,Stinstedt,20,RP20,0,0,0,0,0,delayed jump,FALSE,FALSE
03352052,Stinstedt,50,RP50,73952.37850090704,0.00242962176286224,73952.37850090677,0.00242962176286224,0.010587600453498625,delayed jump,FALSE,FALSE
03352052,Stinstedt,100,RP100,901264.2355816131,0.0296100172198199,901264.2355816133,0.0296100172198199,0.12903203146128664,delayed jump,FALSE,FALSE
03352052,Stinstedt,200,RP200,3878291.818809446,0.12741689174465798,3878291.818809446,0.12741689174465798,0.5552465661280038,delayed jump,FALSE,FALSE
03352052,Stinstedt,500,RP500,6984810.0923065655,0.22947803645720144,6984810.0923065655,0.22947803645720144,1,delayed jump,FALSE,FALSE
03352055,Wanna,10,RP10,0,0,0,0,0,gradual increase,FALSE,FALSE
03352055,Wanna,20,RP20,0,0,0,0,0,gradual increase,FALSE,FALSE
03352055,Wanna,50,RP50,4194054.234475384,0.0775907596881892,4194054.2344753835,0.0775907596881892,0.2941382261395625,gradual increase,FALSE,FALSE
03352055,Wanna,100,RP100,6500997.20769803,0.12026962072396336,6500997.20769803,0.12026962072396336,0.4559291987910441,gradual increase,FALSE,FALSE
03352055,Wanna,200,RP200,10562673.363919515,0.19541136209156157,10562673.363919517,0.19541136209156157,0.7407834598360932,gradual increase,FALSE,FALSE
03352055,Wanna,500,RP500,14258786.725957176,0.26379012584163064,14258786.725957178,0.26379012584163064,1,gradual increase,FALSE,FALSE
03352056,Wingst,10,RP10,9817237.316309337,0.17654203831261384,9817237.316309337,0.17654203831261384,0.3554733768262724,early exposure,FALSE,FALSE
03352056,Wingst,20,RP20,14843541.638652798,0.2669293827004141,14843541.6386528,0.2669293827004141,0.5374713578113763,early exposure,FALSE,FALSE
03352056,Wingst,50,RP50,25395401.20715046,0.4566820326762169,25395401.20715046,0.4566820326762169,0.9195447489047254,early exposure,FALSE,FALSE
03352056,Wingst,100,RP100,26918811.12031889,0.4840773051536987,26918811.12031889,0.4840773051536987,0.9747060584133541,early exposure,FALSE,FALSE
03352056,Wingst,200,RP200,27028811.12031889,0.486055420135408,27028811.120318886,0.486055420135408,0.9786890599636915,early exposure,FALSE,FALSE
03352056,Wingst,500,RP500,27617363.08907104,0.49663926983452766,27617363.08907104,0.49663926983452766,1,early exposure,FALSE,FALSE
03352038,Neuenkirchen,10,RP10,4739353.129783971,0.2442703163751304,4739353.12978397,0.2442703163751304,0.4085376384235587,early exposure,FALSE,FALSE
03352038,Neuenkirchen,20,RP20,5574567.237965964,0.28731796630956086,5574567.237965964,0.28731796630956086,0.48053404594811544,early exposure,FALSE,FALSE
03352038,Neuenkirchen,50,RP50,6660453.177176165,0.3432854569468901,6660453.177176164,0.3432854569468901,0.5741386508496508,early exposure,FALSE,FALSE
03352038,Neuenkirchen,100,RP100,8522021.846864104,0.439232299363216,8522021.846864104,0.439232299363216,0.7346079907049535,early exposure,FALSE,FALSE
03352038,Neuenkirchen,200,RP200,10760381.808587838,0.5545992874392035,10760381.808587838,0.5545992874392035,0.9275571691398056,early exposure,FALSE,FALSE
03352038,Neuenkirchen,500,RP500,11600774.773340128,0.597913860073472,11600774.773340128,0.597913860073472,1,early exposure,FALSE,FALSE
03352039,Neuhaus (Oste),10,RP10,1318217.77642148,0.133933039167471,1318217.77642148,0.133933039167471,0.20107601630476082,early exposure,FALSE,FALSE
03352039,Neuhaus (Oste),20,RP20,4206517.715406156,0.4273889428691922,4206517.715406157,0.4273889428691922,0.6416465017073419,early exposure,FALSE,FALSE
03352039,Neuhaus (Oste),50,RP50,6278007.113323515,0.6378555862635983,6278007.113323516,0.6378555862635983,0.9576237578186204,early exposure,FALSE,FALSE
03352039,Neuhaus (Oste),100,RP100,6388230.376583278,0.64905444649700506,6388230.37658328,0.64905444649700506,0.9744368027318442,early exposure,FALSE,FALSE
03352039,Neuhaus (Oste),200,RP200,6388230.376583278,0.64905444649700506,6388230.37658328,0.64905444649700506,0.9744368027318442,early exposure,FALSE,FALSE
03352039,Neuhaus (Oste),500,RP500,6555818.0465616705,0.6660816224072961,6555818.046561672,0.6660816224072961,1,early exposure,FALSE,FALSE
14730270,Schkeuditz,10,RP10,3587534.454612935,0.04466293209944204,3587534.454612935,0.04466293209944204,0.49877154133949464,early exposure,FALSE,FALSE
14730270,Schkeuditz,20,RP20,5902016.973617068,0.07347703183825001,5902016.973617068,0.07347703183825001,0.8205518693089322,early exposure,FALSE,FALSE
14730270,Schkeuditz,50,RP50,6942740.878876724,0.08643350144235676,6942740.878876724,0.08643350144235676,0.965242735111703,early exposure,FALSE,FALSE
14730270,Schkeuditz,100,RP100,6962740.878876724,0.08668249100699782,6962740.878876724,0.08668249100699782,0.968023316302767,early exposure,FALSE,FALSE
14730270,Schkeuditz,200,RP200,6962740.878876724,0.08668249100699782,6962740.878876724,0.08668249100699782,0.968023316302767,early exposure,FALSE,FALSE
14730270,Schkeuditz,500,RP500,7192740.878876724,0.08954587100036988,7192740.878876724,0.08954587100036988,1,early exposure,FALSE,FALSE
03352041,Nordleda,10,RP10,0,0,0,0,0,early exposure,FALSE,FALSE
03352041,Nordleda,20,RP20,2061053.5468987743,0.09669273747199478,2061053.5468987748,0.09669273747199478,0.26038339456725645,early exposure,FALSE,FALSE
03352041,Nordleda,50,RP50,2505532.6080710418,0.11754512980231376,2505532.608071042,0.11754512980231376,0.31653669875299495,early exposure,FALSE,FALSE
03352041,Nordleda,100,RP100,5245085.245443527,0.24606912878077333,5245085.245443528,0.24606912878077333,0.6626383400170305,early exposure,FALSE,FALSE
03352041,Nordleda,200,RP200,7915456.937352466,0.37134755706174366,7915456.937352467,0.37134755706174366,1,early exposure,FALSE,FALSE
03352041,Nordleda,500,RP500,7915456.937352466,0.37134755706174366,7915456.937352467,0.37134755706174366,1,early exposure,FALSE,FALSE
03359030,Krummendeich,10,RP10,27207791.1100401,0.9040507812649912,27207791.110040095,0.9040507812649912,0.9544782000233288,early exposure,FALSE,FALSE
03359030,Krummendeich,20,RP20,27697530.42320091,0.9203236645317197,27697530.42320091,0.9203236645317197,0.9716587751099225,early exposure,FALSE,FALSE
03359030,Krummendeich,50,RP50,27757530.42320091,0.922317323136952,27757530.423200905,0.922317323136952,0.9737636388149464,early exposure,FALSE,FALSE
03359030,Krummendeich,100,RP100,28090642.87401681,0.9333858648716056,28090642.87401681,0.9333858648716056,0.9854495772718466,early exposure,FALSE,FALSE
03359030,Krummendeich,200,RP200,28298037.60830771,0.9402771031499216,28298037.60830771,0.9402771031499216,0.9927252047522137,early exposure,FALSE,FALSE
03359030,Krummendeich,500,RP500,28505408.619468827,0.9471675531645404,28505408.61946883,0.9471675531645404,1,early exposure,FALSE,FALSE
03352042,Oberndorf,10,RP10,27731129.07406993,0.854208331156537,27731129.07406993,0.854208331156537,0.9078544977255592,early exposure,FALSE,FALSE
03352042,Oberndorf,20,RP20,28256177.669215932,0.8703815234934883,28256177.669215932,0.8703815234934883,0.9250434022001879,early exposure,FALSE,FALSE
03352042,Oberndorf,50,RP50,30545785.853949625,0.9409088497072808,30545785.85394963,0.9409088497072808,1,early exposure,FALSE,FALSE
03352042,Oberndorf,100,RP100,30545785.853949625,0.9409088497072808,30545785.85394963,0.9409088497072808,1,early exposure,FALSE,FALSE
03352042,Oberndorf,200,RP200,30545785.853949625,0.9409088497072808,30545785.85394963,0.9409088497072808,1,early exposure,FALSE,FALSE
03352042,Oberndorf,500,RP500,30545785.853949625,0.9409088497072808,30545785.85394963,0.9409088497072808,1,early exposure,FALSE,FALSE
03352043,Odisheim,10,RP10,0,0,0,0,0,early exposure,FALSE,FALSE
03352043,Odisheim,20,RP20,772288.1060165208,0.05685835883692339,772288.1060165209,0.05685835883692339,0.06473971297809908,early exposure,FALSE,FALSE
03352043,Odisheim,50,RP50,6188171.419119732,0.4555932796991392,6188171.419119733,0.4555932796991392,0.5187448031531869,early exposure,FALSE,FALSE
03352043,Odisheim,100,RP100,10763401.159882206,0.7924365540355068,10763401.159882206,0.7924365540355068,0.9022792094431226,early exposure,FALSE,FALSE
03352043,Odisheim,200,RP200,11927260.264688984,0.8781236416666462,11927260.264688987,0.8781236416666462,0.9998437113500397,early exposure,FALSE,FALSE
03352043,Odisheim,500,RP500,11929124.651475972,0.8782609038776262,11929124.651475975,0.8782609038776262,1,early exposure,FALSE,FALSE
03359032,Mittelnkirchen,10,RP10,6712825.141393517,0.9670296294161542,6712825.141393517,0.9670296294161542,0.968649716377747,early exposure,FALSE,FALSE
03359032,Mittelnkirchen,20,RP20,6712825.141393517,0.9670296294161542,6712825.141393517,0.9670296294161542,0.968649716377747,early exposure,FALSE,FALSE
03359032,Mittelnkirchen,50,RP50,6712825.141393517,0.9670296294161542,6712825.141393517,0.9670296294161542,0.968649716377747,early exposure,FALSE,FALSE
03359032,Mittelnkirchen,100,RP100,6913570.252220703,0.9959483731702958,6913570.252220703,0.9959483731702958,0.9976169083678853,early exposure,FALSE,FALSE
03359032,Mittelnkirchen,200,RP200,6930085.280462415,0.9983274790316864,6930085.280462414,0.9983274790316864,1,early exposure,FALSE,FALSE
03359032,Mittelnkirchen,500,RP500,6930085.280462415,0.9983274790316864,6930085.280462414,0.9983274790316864,1,early exposure,FALSE,FALSE
03352044,Osten,10,RP10,43525378.769637175,0.9096243300320432,43525378.76963718,0.9096243300320432,0.9475149978928923,early exposure,FALSE,FALSE
03352044,Osten,20,RP20,43525378.769637175,0.9096243300320432,43525378.76963718,0.9096243300320432,0.9475149978928923,early exposure,FALSE,FALSE
03352044,Osten,50,RP50,45936348.096262336,0.9600104822138844,45936348.09626234,0.9600104822138844,1,early exposure,FALSE,FALSE
03352044,Osten,100,RP100,45936348.096262336,0.9600104822138844,45936348.09626234,0.9600104822138844,1,early exposure,FALSE,FALSE
03352044,Osten,200,RP200,45936348.096262336,0.9600104822138844,45936348.09626234,0.9600104822138844,1,early exposure,FALSE,FALSE
03352044,Osten,500,RP500,45936348.096262336,0.9600104822138844,45936348.09626234,0.9600104822138844,1,early exposure,FALSE,FALSE
03359033,Neuenkirchen,10,RP10,8134891.757829068,0.9978735958667272,8134891.757829069,0.9978735958667272,0.9978735956954173,early exposure,FALSE,FALSE
03359033,Neuenkirchen,20,RP20,8134891.757829068,0.9978735958667272,8134891.757829069,0.9978735958667272,0.9978735956954173,early exposure,FALSE,FALSE
03359033,Neuenkirchen,50,RP50,8134891.757829068,0.9978735958667272,8134891.757829069,0.9978735958667272,0.9978735956954173,early exposure,FALSE,FALSE
03359033,Neuenkirchen,100,RP100,8134891.757829068,0.9978735958667272,8134891.757829069,0.9978735958667272,0.9978735956954173,early exposure,FALSE,FALSE
03359033,Neuenkirchen,200,RP200,8152226.687749831,1.000000000171675,8152226.687749834,1.000000000171675,1,early exposure,FALSE,FALSE
03359033,Neuenkirchen,500,RP500,8152226.687749831,1.000000000171675,8152226.687749834,1.000000000171675,1,early exposure,FALSE,FALSE
03352045,Osterbruch,10,RP10,8244461.530761665,0.7836089928618889,8244461.530761665,0.7836089928618889,0.8553462885384826,early exposure,FALSE,FALSE
03352045,Osterbruch,20,RP20,8322519.062892914,0.7910281049422144,8322519.062892915,0.7910281049422144,0.8634446003750799,early exposure,FALSE,FALSE
03352045,Osterbruch,50,RP50,8883281.04861467,0.8443266900865691,8883281.04861467,0.8443266900865691,0.921622527635814,early exposure,FALSE,FALSE
03352045,Osterbruch,100,RP100,9201301.910093898,0.8745535285578241,9201301.910093898,0.8745535285578241,0.9546165518700369,early exposure,FALSE,FALSE
03352045,Osterbruch,200,RP200,9429765.036586614,0.8962681984351784,9429765.036586614,0.8962681984351784,0.9783191413701895,early exposure,FALSE,FALSE
03352045,Osterbruch,500,RP500,9638741.22239877,0.9161306985979092,9638741.22239877,0.9161306985979092,1,early exposure,FALSE,FALSE
03359034,Nottensdorf,10,RP10,1883049.677844973,0.2696143731534131,1883049.6778449733,0.2696143731534131,0.9593070121107076,early exposure,FALSE,FALSE
03359034,Nottensdorf,20,RP20,1883049.677844973,0.2696143731534131,1883049.6778449733,0.2696143731534131,0.9593070121107076,early exposure,FALSE,FALSE
03359034,Nottensdorf,50,RP50,1883049.677844973,0.2696143731534131,1883049.6778449733,0.2696143731534131,0.9593070121107076,early exposure,FALSE,FALSE
03359034,Nottensdorf,100,RP100,1962927.044285654,0.281051185647227,1962927.044285654,0.281051185647227,1,early exposure,FALSE,FALSE
03359034,Nottensdorf,200,RP200,1962927.044285654,0.281051185647227,1962927.044285654,0.281051185647227,1,early exposure,FALSE,FALSE
03359034,Nottensdorf,500,RP500,1962927.044285654,0.281051185647227,1962927.044285654,0.281051185647227,1,early exposure,FALSE,FALSE
03352046,Otterndorf,10,RP10,13998278.39092196,0.412243695517888,13998278.39092196,0.412243695517888,0.6358333879851922,early exposure,FALSE,FALSE
03352046,Otterndorf,20,RP20,16290325.285759946,0.47974355913262207,16290325.285759946,0.47974355913262207,0.7399433293556175,early exposure,FALSE,FALSE
03352046,Otterndorf,50,RP50,18767864.532097943,0.5527060982519566,18767864.532097943,0.5527060982519566,0.8524787518463552,early exposure,FALSE,FALSE
03352046,Otterndorf,100,RP100,19668195.45063336,0.5792204834271188,19668195.45063336,0.5792204834271188,0.893373813528472,early exposure,FALSE,FALSE
03352046,Otterndorf,200,RP200,20466423.042573422,0.6027279665029748,20466423.042573426,0.6027279665029748,0.9296311117470628,early exposure,FALSE,FALSE
03352046,Otterndorf,500,RP500,22015639.089477893,0.6483517589791756,22015639.089477893,0.6483517589791756,1,early exposure,FALSE,FALSE
01051024,Eddelak,10,RP10,9198126.276774185,0.9761779726320252,9198126.276774185,0.9761779726320252,0.9774679117346146,early exposure,FALSE,FALSE
01051024,Eddelak,20,RP20,9410156.759469667,0.9986803258837416,9410156.759469667,0.9986803258837416,1,early exposure,FALSE,FALSE
01051024,Eddelak,50,RP50,9410156.759469667,0.9986803258837416,9410156.759469667,0.9986803258837416,1,early exposure,FALSE,FALSE
01051024,Eddelak,100,RP100,9410156.759469667,0.9986803258837416,9410156.759469667,0.9986803258837416,1,early exposure,FALSE,FALSE
01051024,Eddelak,200,RP200,9410156.759469667,0.9986803258837416,9410156.759469667,0.9986803258837416,1,early exposure,FALSE,FALSE
01051024,Eddelak,500,RP500,9410156.759469667,0.9986803258837416,9410156.759469667,0.9986803258837416,1,early exposure,FALSE,FALSE
03359035,Oederquart,10,RP10,34699426.74204214,0.9198098254710156,34699426.74204213,0.9198098254710156,0.9459354628181617,early exposure,FALSE,FALSE
03359035,Oederquart,20,RP20,35415155.400470465,0.9387823075609264,35415155.400470465,0.9387823075609264,0.9654468260690803,early exposure,FALSE,FALSE
03359035,Oederquart,50,RP50,36682657.65051717,0.9723811630136884,36682657.650517166,0.9723811630136884,1,early exposure,FALSE,FALSE
03359035,Oederquart,100,RP100,36682657.65051717,0.9723811630136884,36682657.650517166,0.9723811630136884,1,early exposure,FALSE,FALSE
03359035,Oederquart,200,RP200,36682657.65051717,0.9723811630136884,36682657.650517166,0.9723811630136884,1,early exposure,FALSE,FALSE
03359035,Oederquart,500,RP500,36682657.65051717,0.9723811630136884,36682657.650517166,0.9723811630136884,1,early exposure,FALSE,FALSE
12065180,Leegebruch,10,RP10,173467.09282528042,0.02799488132830619,173467.09282528042,0.02799488132830619,0.08782240061420485,gradual increase,FALSE,FALSE
12065180,Leegebruch,20,RP20,201218.49396782427,0.03247352433215386,201218.49396782424,0.03247352433215386,0.10187229693200837,gradual increase,FALSE,FALSE
12065180,Leegebruch,50,RP50,795847.420202573,0.12843735212908758,795847.420202573,0.12843735212908758,0.40291925013817853,gradual increase,FALSE,FALSE
12065180,Leegebruch,100,RP100,1145844.5788599798,0.18492143082248755,1145844.5788599798,0.18492143082248755,0.5801147641738217,gradual increase,FALSE,FALSE
12065180,Leegebruch,200,RP200,1959010.176771754,0.3161536665337882,1959010.1767717537,0.3161536665337882,0.9918018094938643,gradual increase,FALSE,FALSE
12065180,Leegebruch,500,RP500,1975203.269463155,0.31876697895432105,1975203.2694631547,0.31876697895432105,1,gradual increase,FALSE,FALSE
03359038,Stade,10,RP10,29735966.197066262,0.29732370115839796,29735966.197066262,0.29732370115839796,0.7988955362786784,early exposure,FALSE,FALSE
03359038,Stade,20,RP20,34700275.94415648,0.3469607951044893,34700275.94415648,0.3469607951044893,0.9322681958846202,early exposure,FALSE,FALSE
03359038,Stade,50,RP50,35164133.60382644,0.35159881074083177,35164133.60382644,0.35159881074083177,0.9447303372296546,early exposure,FALSE,FALSE
03359038,Stade,100,RP100,35744133.60382642,0.3573981093252133,35744133.60382642,0.3573981093252133,0.9603127941093416,early exposure,FALSE,FALSE
03359038,Stade,200,RP200,36170918.992659055,0.36166544708606146,36170918.992659055,0.36166544708606146,0.9717789405203161,early exposure,FALSE,FALSE
03359038,Stade,500,RP500,37221344.77753983,0.3721684346158152,37221344.77753983,0.3721684346158152,1,early exposure,FALSE,FALSE
03359039,Steinkirchen,10,RP10,7870956.364443773,0.916101927199249,7870956.364443773,0.916101927199249,0.9657327100135303,early exposure,FALSE,FALSE
03359039,Steinkirchen,20,RP20,7870956.364443773,0.916101927199249,7870956.364443773,0.916101927199249,0.9657327100135303,early exposure,FALSE,FALSE
03359039,Steinkirchen,50,RP50,7870956.364443773,0.916101927199249,7870956.364443773,0.916101927199249,0.9657327100135303,early exposure,FALSE,FALSE
03359039,Steinkirchen,100,RP100,7934793.58514754,0.9235319519898764,7934793.585147538,0.9235319519898764,0.9735652641906155,early exposure,FALSE,FALSE
03359039,Steinkirchen,200,RP200,8150243.108503073,0.9486081580341356,8150243.108503073,0.9486081580341356,1,early exposure,FALSE,FALSE
03359039,Steinkirchen,500,RP500,8150243.108503073,0.9486081580341356,8150243.108503073,0.9486081580341356,1,early exposure,FALSE,FALSE
14729260,Markkleeberg,10,RP10,3969235.4303749367,0.1268354417238429,3969235.4303749367,0.1268354417238429,0.5489839610104569,early exposure,FALSE,FALSE
14729260,Markkleeberg,20,RP20,4212041.511386606,0.13459421972493546,4212041.511386606,0.13459421972493546,0.5825664094314166,early exposure,FALSE,FALSE
14729260,Markkleeberg,50,RP50,4828433.432408594,0.15429079427920597,4828433.4324085945,0.15429079427920597,0.6678194220766078,early exposure,FALSE,FALSE
14729260,Markkleeberg,100,RP100,5646992.510426121,0.1804475451342711,5646992.51042612,0.1804475451342711,0.781034123712152,early exposure,FALSE,FALSE
14729260,Markkleeberg,200,RP200,6854217.925800054,0.21902398422565025,6854217.925800055,0.21902398422565025,0.9480051693933284,early exposure,FALSE,FALSE
14729260,Markkleeberg,500,RP500,7230148.259831095,0.2310366982131687,7230148.259831095,0.2310366982131687,1,early exposure,FALSE,FALSE
13071156,Waren (Müritz),10,RP10,20068826.09908681,0.12553628345121132,20068826.09908681,0.12553628345121132,0.3852521662406028,early exposure,FALSE,FALSE
13071156,Waren (Müritz),20,RP20,29538446.91697135,0.18477148720951875,29538446.91697135,0.18477148720951875,0.5670361886619806,early exposure,FALSE,FALSE
13071156,Waren (Müritz),50,RP50,39550842.64052394,0.247401904224034,39550842.64052394,0.247401904224034,0.759239615146019,early exposure,FALSE,FALSE
13071156,Waren (Müritz),100,RP100,44647754.36986712,0.2792845540821512,44647754.369867116,0.2792845540821512,0.8570827214229699,early exposure,FALSE,FALSE
13071156,Waren (Müritz),200,RP200,48289813.904441565,0.3020666847270188,48289813.904441565,0.3020666847270188,0.9269976889623963,early exposure,FALSE,FALSE
13071156,Waren (Müritz),500,RP500,52092701.50230163,0.3258548411972062,52092701.50230163,0.3258548411972062,1,early exposure,FALSE,FALSE
13071159,Wesenberg,10,RP10,668397.3858656565,0.00741736247852591,668397.3858656561,0.00741736247852591,0.21714730762243034,delayed jump,FALSE,FALSE
13071159,Wesenberg,20,RP20,888397.3858656565,0.00985875405153797,888397.3858656564,0.00985875405153797,0.2886203694373919,delayed jump,FALSE,FALSE
13071159,Wesenberg,50,RP50,1079883.6098294845,0.01198372156759792,1079883.6098294845,0.01198372156759792,0.3508299454468475,delayed jump,FALSE,FALSE
13071159,Wesenberg,100,RP100,1107687.2549915344,0.01229226513576904,1107687.2549915346,0.01229226513576904,0.3598627256711587,delayed jump,FALSE,FALSE
13071159,Wesenberg,200,RP200,1697687.2549915342,0.01883963344521046,1697687.2549915344,0.01883963344521046,0.551540482356737,delayed jump,FALSE,FALSE
13071159,Wesenberg,500,RP500,3078082.768715911,0.03415820605716656,3078082.7687159115,0.03415820605716656,1,delayed jump,FALSE,FALSE
01051034,Friedrichskoog,10,RP10,21196384.064278506,0.4026306221199626,21196384.064278506,0.4026306221199626,0.5396746422573796,early exposure,FALSE,FALSE
01051034,Friedrichskoog,20,RP20,29753370.93576489,0.5651727301083322,29753370.93576489,0.5651727301083322,0.7575414640070872,early exposure,FALSE,FALSE
01051034,Friedrichskoog,50,RP50,39276227.572259374,0.74606177610239,39276227.572259374,0.74606177610239,1,early exposure,FALSE,FALSE
01051034,Friedrichskoog,100,RP100,39276227.572259374,0.74606177610239,39276227.572259374,0.74606177610239,1,early exposure,FALSE,FALSE
01051034,Friedrichskoog,200,RP200,39276227.572259374,0.74606177610239,39276227.572259374,0.74606177610239,1,early exposure,FALSE,FALSE
01051034,Friedrichskoog,500,RP500,39276227.572259374,0.74606177610239,39276227.572259374,0.74606177610239,1,early exposure,FALSE,FALSE
01051016,Burg (Dithmarschen),10,RP10,5872472.560039823,0.5162699388588771,5872472.560039823,0.5162699388588771,0.8546891938162954,early exposure,FALSE,FALSE
01051016,Burg (Dithmarschen),20,RP20,6723306.390529938,0.5910697655341365,6723306.390529938,0.5910697655341365,0.9785209313371421,early exposure,FALSE,FALSE
01051016,Burg (Dithmarschen),50,RP50,6780886.63636718,0.5961318496382247,6780886.636367179,0.5961318496382247,0.9869012538318365,early exposure,FALSE,FALSE
01051016,Burg (Dithmarschen),100,RP100,6870886.63636718,0.6040440695800382,6870886.636367181,0.6040440695800382,1,early exposure,FALSE,FALSE
01051016,Burg (Dithmarschen),200,RP200,6870886.63636718,0.6040440695800382,6870886.636367181,0.6040440695800382,1,early exposure,FALSE,FALSE
01051016,Burg (Dithmarschen),500,RP500,6870886.63636718,0.6040440695800382,6870886.636367181,0.6040440695800382,1,early exposure,FALSE,FALSE
03352061,Wurster Nordseeküste,10,RP10,0,0,0,0,0,delayed jump,FALSE,TRUE
03352061,Wurster Nordseeküste,20,RP20,0,0,0,0,0,delayed jump,FALSE,TRUE
03352061,Wurster Nordseeküste,50,RP50,0,0,0,0,0,delayed jump,FALSE,TRUE
03352061,Wurster Nordseeküste,100,RP100,0,0,0,0,0,delayed jump,FALSE,TRUE
03352061,Wurster Nordseeküste,200,RP200,0,0,0,0,0,delayed jump,FALSE,TRUE
03352061,Wurster Nordseeküste,500,RP500,261297.00924266395,0.00143768983952355,261297.00924266374,0.00143768983952355,1,delayed jump,FALSE,TRUE
03352062,Geestland,10,RP10,0,0,0,0,0,delayed jump,FALSE,FALSE
03352062,Geestland,20,RP20,0,0,0,0,0,delayed jump,FALSE,FALSE
03352062,Geestland,50,RP50,0,0,0,0,0,delayed jump,FALSE,FALSE
03352062,Geestland,100,RP100,551005.2386900997,0.00154778076818612,551005.2386900965,0.00154778076818612,0.035530350121499306,delayed jump,FALSE,FALSE
03352062,Geestland,200,RP200,4312853.299283437,0.01211486012094596,4312853.2992834365,0.01211486012094596,0.27810477466692396,delayed jump,FALSE,FALSE
03352062,Geestland,500,RP500,15508016.01464335,0.0435622154831951,15508016.01464335,0.0435622154831951,1,delayed jump,FALSE,FALSE
03352063,Cadenberge,10,RP10,17228198.041449126,0.5585254886073061,17228198.041449126,0.5585254886073061,0.7124854440397121,early exposure,FALSE,FALSE
03352063,Cadenberge,20,RP20,20036873.43821246,0.6495806758382866,20036873.43821246,0.6495806758382866,0.8286403856309232,early exposure,FALSE,FALSE
03352063,Cadenberge,50,RP50,23087519.64792268,0.7484803785667506,23087519.64792268,0.7484803785667506,0.9548022171877785,early exposure,FALSE,FALSE
03352063,Cadenberge,100,RP100,23202965.482522883,0.7522230474763271,23202965.482522883,0.7522230474763271,0.9595765688947746,early exposure,FALSE,FALSE
03352063,Cadenberge,200,RP200,23216465.169335097,0.7526606973776514,23216465.169335097,0.7526606973776514,0.9601348588755175,early exposure,FALSE,FALSE
03352063,Cadenberge,500,RP500,24180421.06764622,0.7839114374611355,24180421.06764622,0.7839114374611355,1,early exposure,FALSE,FALSE
01051021,Diekhusen-Fahrstedt,10,RP10,5687594.881949325,0.7555022824590554,5687594.881949325,0.7555022824590554,0.8092508779755757,early exposure,FALSE,FALSE
01051021,Diekhusen-Fahrstedt,20,RP20,7020637.562002011,0.9325748075419192,7020637.562002011,0.9325748075419192,0.9989208494841338,early exposure,FALSE,FALSE
01051021,Diekhusen-Fahrstedt,50,RP50,7028222.071476066,0.933582283344594,7028222.071476066,0.933582283344594,1,early exposure,FALSE,FALSE
01051021,Diekhusen-Fahrstedt,100,RP100,7028222.071476066,0.933582283344594,7028222.071476066,0.933582283344594,1,early exposure,FALSE,FALSE
01051021,Diekhusen-Fahrstedt,200,RP200,7028222.071476066,0.933582283344594,7028222.071476066,0.933582283344594,1,early exposure,FALSE,FALSE
01051021,Diekhusen-Fahrstedt,500,RP500,7028222.071476066,0.933582283344594,7028222.071476066,0.933582283344594,1,early exposure,FALSE,FALSE
01051022,Dingen,10,RP10,5289813.729065864,0.7780285642172836,5289813.729065864,0.7780285642172836,0.9705826786936219,early exposure,FALSE,FALSE
01051022,Dingen,20,RP20,5450142.316763586,0.8016097765771887,5450142.316763586,0.8016097765771887,1,early exposure,FALSE,FALSE
01051022,Dingen,50,RP50,5450142.316763586,0.8016097765771887,5450142.316763586,0.8016097765771887,1,early exposure,FALSE,FALSE
01051022,Dingen,100,RP100,5450142.316763586,0.8016097765771887,5450142.316763586,0.8016097765771887,1,early exposure,FALSE,FALSE
01051022,Dingen,200,RP200,5450142.316763586,0.8016097765771887,5450142.316763586,0.8016097765771887,1,early exposure,FALSE,FALSE
01051022,Dingen,500,RP500,5450142.316763586,0.8016097765771887,5450142.316763586,0.8016097765771887,1,early exposure,FALSE,FALSE
01051046,Helse,10,RP10,9958164.121312324,0.845935872297976,9958164.121312324,0.845935872297976,0.8704499673397362,early exposure,FALSE,FALSE
01051046,Helse,20,RP20,11440248.716128286,0.9718374450438776,11440248.716128284,0.9718374450438776,1,early exposure,FALSE,FALSE
01051046,Helse,50,RP50,11440248.716128286,0.9718374450438776,11440248.716128284,0.9718374450438776,1,early exposure,FALSE,FALSE
01051046,Helse,100,RP100,11440248.716128286,0.9718374450438776,11440248.716128284,0.9718374450438776,1,early exposure,FALSE,FALSE
01051046,Helse,200,RP200,11440248.716128286,0.9718374450438776,11440248.716128284,0.9718374450438776,1,early exposure,FALSE,FALSE
01051046,Helse,500,RP500,11440248.716128286,0.9718374450438776,11440248.716128284,0.9718374450438776,1,early exposure,FALSE,FALSE
13071176,Südmüritz,10,RP10,0,0,0,0,0,delayed jump,FALSE,TRUE
13071176,Südmüritz,20,RP20,0,0,0,0,0,delayed jump,FALSE,TRUE
13071176,Südmüritz,50,RP50,0,0,0,0,0,delayed jump,FALSE,TRUE
13071176,Südmüritz,100,RP100,0,0,0,0,0,delayed jump,FALSE,TRUE
13071176,Südmüritz,200,RP200,0,0,0,0,0,delayed jump,FALSE,TRUE
13071176,Südmüritz,500,RP500,210091.69920619795,0.00302196070405401,210091.69920619729,0.00302196070405401,1,delayed jump,FALSE,TRUE
01051051,Hochdonn,10,RP10,483607.64666169614,0.08854426396478991,483607.64666169614,0.08854426396478991,0.6940327734569791,early exposure,FALSE,FALSE
01051051,Hochdonn,20,RP20,647588.2128274944,0.11856764890484887,647588.2128274943,0.11856764890484887,0.9293638066089588,early exposure,FALSE,FALSE
01051051,Hochdonn,50,RP50,657295.5031513352,0.12034496752822103,657295.5031513352,0.12034496752822103,0.9432948882879056,early exposure,FALSE,FALSE
01051051,Hochdonn,100,RP100,696808.0833601636,0.12757936995359845,696808.0833601635,0.12757936995359845,1,early exposure,FALSE,FALSE
01051051,Hochdonn,200,RP200,696808.0833601636,0.12757936995359845,696808.0833601635,0.12757936995359845,1,early exposure,FALSE,FALSE
01051051,Hochdonn,500,RP500,696808.0833601636,0.12757936995359845,696808.0833601635,0.12757936995359845,1,early exposure,FALSE,FALSE
15082301,Raguhn-Jeßnitz,10,RP10,29482273.48369004,0.3022345419318058,29482273.48369004,0.3022345419318058,0.8719765333087868,early exposure,FALSE,FALSE
15082301,Raguhn-Jeßnitz,20,RP20,31145147.180978622,0.31928132329581754,31145147.180978626,0.31928132329581754,0.9211581828411479,early exposure,FALSE,FALSE
15082301,Raguhn-Jeßnitz,50,RP50,32238158.04116632,0.3304862134762871,32238158.04116632,0.3304862134762871,0.9534853987616764,early exposure,FALSE,FALSE
15082301,Raguhn-Jeßnitz,100,RP100,32599083.691845685,0.33418620624532724,32599083.691845685,0.33418620624532724,0.9641602436930118,early exposure,FALSE,FALSE
15082301,Raguhn-Jeßnitz,200,RP200,32873014.74105075,0.3369943826643945,32873014.741050746,0.3369943826643945,0.9722621102869706,early exposure,FALSE,FALSE
15082301,Raguhn-Jeßnitz,500,RP500,33810856.55117016,0.34660857303688203,33810856.55117016,0.34660857303688203,1,early exposure,FALSE,FALSE
12065193,Liebenwalde,10,RP10,18933356.757451978,0.13323124393553393,18933356.757451974,0.13323124393553393,0.4962078409830241,early exposure,FALSE,FALSE
12065193,Liebenwalde,20,RP20,22772528.10265384,0.1602469274487906,22772528.102653842,0.1602469274487906,0.5968253357448398,early exposure,FALSE,FALSE
12065193,Liebenwalde,50,RP50,28823335.968538,0.20282557153784603,28823335.968538,0.20282557153784603,0.7554056839523356,early exposure,FALSE,FALSE
12065193,Liebenwalde,100,RP100,31405589.33598136,0.22099650829821688,31405589.33598136,0.22099650829821688,0.8230817112276307,early exposure,FALSE,FALSE
12065193,Liebenwalde,200,RP200,35142648.98016645,0.24729364680537028,35142648.98016645,0.24729364680537028,0.9210230494394096,early exposure,FALSE,FALSE
12065193,Liebenwalde,500,RP500,38156101.52379617,0.26849886868291534,38156101.52379617,0.26849886868291534,1,early exposure,FALSE,FALSE
12065198,Löwenberger Land,10,RP10,3040880.553090614,0.01238835117984796,3040880.553090614,0.01238835117984796,0.5132974458869314,early exposure,FALSE,FALSE
12065198,Löwenberger Land,20,RP20,4201709.207275926,0.01711749222192604,4201709.207275925,0.01711749222192604,0.7092441043967793,early exposure,FALSE,FALSE
12065198,Löwenberger Land,50,RP50,4995140.943692741,0.02034988192496058,4995140.943692741,0.02034988192496058,0.8431745487789032,early exposure,FALSE,FALSE
12065198,Löwenberger Land,100,RP100,5461236.258051223,0.02224872416382653,5461236.258051223,0.02224872416382653,0.9218509486647576,early exposure,FALSE,FALSE
12065198,Löwenberger Land,200,RP200,5725868.928601318,0.02332682058991061,5725868.928601317,0.02332682058991061,0.9665206657154797,early exposure,FALSE,FALSE
12065198,Löwenberger Land,500,RP500,5924207.45019732,0.0241348389303633,5924207.450197319,0.0241348389303633,1,early exposure,FALSE,FALSE
14626060,Boxberg/O.L.,10,RP10,10389203.349084403,0.04784175440186666,10389203.349084405,0.04784175440186666,0.7006657675177124,early exposure,FALSE,FALSE
14626060,Boxberg/O.L.,20,RP20,11899203.349084403,0.0547952278029995,11899203.349084405,0.0547952278029995,0.802502768238753,early exposure,FALSE,FALSE
14626060,Boxberg/O.L.,50,RP50,12279203.349084403,0.0565451085264634,12279203.349084405,0.0565451085264634,0.8281306227248427,early exposure,FALSE,FALSE
14626060,Boxberg/O.L.,100,RP100,13399203.349084403,0.06170265171140961,13399203.349084405,0.06170265171140961,0.9036653517364754,early exposure,FALSE,FALSE
14626060,Boxberg/O.L.,200,RP200,14370021.56498782,0.06617322034824381,14370021.564987822,0.06617322034824381,0.9691390042881016,early exposure,FALSE,FALSE
14626060,Boxberg/O.L.,500,RP500,14827616.57657518,0.06828042216384897,14827616.576575182,0.06828042216384897,1,early exposure,FALSE,FALSE
12070052,Breese,10,RP10,6740866.489679904,0.2825923037023978,6740866.489679903,0.2825923037023978,0.788334615616449,early exposure,FALSE,FALSE
12070052,Breese,20,RP20,8399672.21077015,0.3521331751668125,8399672.21077015,0.3521331751668125,0.982329552694656,early exposure,FALSE,FALSE
12070052,Breese,50,RP50,8425184.858714035,0.35320272282319287,8425184.858714035,0.35320272282319287,0.9853132200823712,early exposure,FALSE,FALSE
12070052,Breese,100,RP100,8425184.858714035,0.35320272282319287,8425184.858714035,0.35320272282319287,0.9853132200823712,early exposure,FALSE,FALSE
12070052,Breese,200,RP200,8495504.2871844545,0.35615067162427283,8495504.2871844545,0.35615067162427283,0.99353697584114,early exposure,FALSE,FALSE
12070052,Breese,500,RP500,8550768.10804355,0.3584674554490048,8550768.10804355,0.3584674554490048,1,early exposure,FALSE,FALSE
15087101,Brücken-Hackpfüffel,10,RP10,121228.2728537422,0.00724001192413695,121228.27285374221,0.00724001192413695,0.23028605030326177,delayed jump,FALSE,FALSE
15087101,Brücken-Hackpfüffel,20,RP20,121228.2728537422,0.00724001192413695,121228.27285374221,0.00724001192413695,0.23028605030326177,delayed jump,FALSE,FALSE
15087101,Brücken-Hackpfüffel,50,RP50,162767.60856054138,0.00972082996070827,162767.60856054127,0.00972082996070827,0.3091944544812292,delayed jump,FALSE,FALSE
15087101,Brücken-Hackpfüffel,100,RP100,227142.5450398129,0.01356543895128416,227142.54503981277,0.01356543895128416,0.43148152094979325,delayed jump,FALSE,FALSE
15087101,Brücken-Hackpfüffel,200,RP200,346303.1310495238,0.0206819641915497,346303.13104952377,0.0206819641915497,0.6578397792836814,delayed jump,FALSE,FALSE
15087101,Brücken-Hackpfüffel,500,RP500,526424.7343427781,0.03143921186108598,526424.7343427781,0.03143921186108598,1,delayed jump,FALSE,FALSE
01051072,Marne,10,RP10,1823168.743212044,0.37936803302266714,1823168.743212044,0.37936803302266714,0.5583284076543648,early exposure,FALSE,FALSE
01051072,Marne,20,RP20,2966180.2324089925,0.6172077952462144,2966180.2324089925,0.6172077952462144,0.9083650057860571,early exposure,FALSE,FALSE
01051072,Marne,50,RP50,3265405.661287224,0.6794711281420527,3265405.661287224,0.6794711281420527,1,early exposure,FALSE,FALSE
01051072,Marne,100,RP100,3265405.661287224,0.6794711281420527,3265405.661287224,0.6794711281420527,1,early exposure,FALSE,FALSE
01051072,Marne,200,RP200,3265405.661287224,0.6794711281420527,3265405.661287224,0.6794711281420527,1,early exposure,FALSE,FALSE
01051072,Marne,500,RP500,3265405.661287224,0.6794711281420527,3265405.661287224,0.6794711281420527,1,early exposure,FALSE,FALSE
01051073,Marnerdeich,10,RP10,1025748.6062845628,0.7931448327562802,1025748.6062845627,0.7931448327562802,0.8250424209075534,early exposure,FALSE,FALSE
01051073,Marnerdeich,20,RP20,1087216.6715022258,0.8406740987072304,1087216.6715022258,0.8406740987072304,0.8744831523157861,early exposure,FALSE,FALSE
01051073,Marnerdeich,50,RP50,1243267.7160481408,0.961338244746027,1243267.7160481408,0.961338244746027,1,early exposure,FALSE,FALSE
01051073,Marnerdeich,100,RP100,1243267.7160481408,0.961338244746027,1243267.7160481408,0.961338244746027,1,early exposure,FALSE,FALSE
01051073,Marnerdeich,200,RP200,1243267.7160481408,0.961338244746027,1243267.7160481408,0.961338244746027,1,early exposure,FALSE,FALSE
01051073,Marnerdeich,500,RP500,1243267.7160481408,0.961338244746027,1243267.7160481408,0.961338244746027,1,early exposure,FALSE,FALSE
01051076,Neufeld,10,RP10,9410258.74255657,0.8984909845451914,9410258.742556568,0.8984909845451914,0.9157741679489316,early exposure,FALSE,FALSE
01051076,Neufeld,20,RP20,10220375.29270245,0.9758408679703068,10220375.292702446,0.9758408679703068,0.994611937445793,early exposure,FALSE,FALSE
01051076,Neufeld,50,RP50,10275741.631403318,0.981127242928844,10275741.631403316,0.981127242928844,1,early exposure,FALSE,FALSE
01051076,Neufeld,100,RP100,10275741.631403318,0.981127242928844,10275741.631403316,0.981127242928844,1,early exposure,FALSE,FALSE
01051076,Neufeld,200,RP200,10275741.631403318,0.981127242928844,10275741.631403316,0.981127242928844,1,early exposure,FALSE,FALSE
01051076,Neufeld,500,RP500,10275741.631403318,0.981127242928844,10275741.631403316,0.981127242928844,1,early exposure,FALSE,FALSE
16068005,Büchel,10,RP10,767336.7741989266,0.11871819079790832,767336.7741989268,0.11871819079790832,0.98713556294785465,early exposure,FALSE,FALSE
16068005,Büchel,20,RP20,767336.7741989266,0.11871819079790832,767336.7741989268,0.11871819079790832,0.98713556294785465,early exposure,FALSE,FALSE
16068005,Büchel,50,RP50,767336.7741989266,0.11871819079790832,767336.7741989268,0.11871819079790832,0.98713556294785465,early exposure,FALSE,FALSE
16068005,Büchel,100,RP100,767336.7741989266,0.11871819079790832,767336.7741989268,0.11871819079790832,0.98713556294785465,early exposure,FALSE,FALSE
16068005,Büchel,200,RP200,777336.7741989266,0.12026533665080771,777336.7741989266,0.12026533665080771,1,early exposure,FALSE,FALSE
16068005,Büchel,500,RP500,777336.7741989266,0.12026533665080771,777336.7741989266,0.12026533665080771,1,early exposure,FALSE,FALSE
01051077,Neufelderkoog,10,RP10,7879359.547397921,0.8074497216009529,7879359.547397922,0.8074497216009529,0.8639032489755545,early exposure,FALSE,FALSE
01051077,Neufelderkoog,20,RP20,8958474.917817052,0.918033760846628,8958474.917817054,0.918033760846628,0.9822188644664624,early exposure,FALSE,FALSE
01051077,Neufelderkoog,50,RP50,9120650.43943466,0.9346529516568596,9120650.43943466,0.9346529516568596,1,early exposure,FALSE,FALSE
01051077,Neufelderkoog,100,RP100,9120650.43943466,0.9346529516568596,9120650.43943466,0.9346529516568596,1,early exposure,FALSE,FALSE
01051077,Neufelderkoog,200,RP200,9120650.43943466,0.9346529516568596,9120650.43943466,0.9346529516568596,1,early exposure,FALSE,FALSE
01051077,Neufelderkoog,500,RP500,9120650.43943466,0.9346529516568596,9120650.43943466,0.9346529516568596,1,early exposure,FALSE,FALSE
01051057,Kaiser-Wilhelm-Koog,10,RP10,11571237.1603119,0.8753745589924271,11571237.1603119,0.8753745589924271,0.8817931546595015,early exposure,FALSE,FALSE
01051057,Kaiser-Wilhelm-Koog,20,RP20,11571901.135810962,0.8754247893395906,11571901.135810962,0.8754247893395906,0.8818437533156195,early exposure,FALSE,FALSE
01051057,Kaiser-Wilhelm-Koog,50,RP50,13122393.952785963,0.9927209735830248,13122393.952785963,0.9927209735830248,1,early exposure,FALSE,FALSE
01051057,Kaiser-Wilhelm-Koog,100,RP100,13122393.952785963,0.9927209735830248,13122393.952785963,0.9927209735830248,1,early exposure,FALSE,FALSE
01051057,Kaiser-Wilhelm-Koog,200,RP200,13122393.952785963,0.9927209735830248,13122393.952785963,0.9927209735830248,1,early exposure,FALSE,FALSE
01051057,Kaiser-Wilhelm-Koog,500,RP500,13122393.952785963,0.9927209735830248,13122393.952785963,0.9927209735830248,1,early exposure,FALSE,FALSE
16068009,Elxleben,10,RP10,1985040.4743961429,0.1629434749387174,1985040.474396143,0.1629434749387174,0.5806944567586766,early exposure,FALSE,FALSE
16068009,Elxleben,20,RP20,2385522.4210091084,0.1958173235443432,2385522.4210091084,0.1958173235443432,0.6978495724501177,early exposure,FALSE,FALSE
16068009,Elxleben,50,RP50,2730494.387063348,0.2241345954742361,2730494.3870633487,0.2241345954742361,0.7987660580375356,early exposure,FALSE,FALSE
16068009,Elxleben,100,RP100,2999577.776856213,0.24622249904430143,2999577.7768562133,0.24622249904430143,0.8774824544405281,early exposure,FALSE,FALSE
16068009,Elxleben,200,RP200,3199577.7768562133,0.262639642879949,3199577.776856214,0.262639642879949,0.9359895190821523,early exposure,FALSE,FALSE
16068009,Elxleben,500,RP500,3418390.603341131,0.28060105110738637,3418390.6033411315,0.28060105110738637,1,early exposure,FALSE,FALSE
12062024,Bad Liebenwerda,10,RP10,19147634.727016244,0.13753357099916083,19147634.727016244,0.13753357099916083,0.4382718232211789,early exposure,FALSE,FALSE
12062024,Bad Liebenwerda,20,RP20,23948265.65068108,0.17201552782535054,23948265.650681082,0.17201552782535054,0.548153868576784,early exposure,FALSE,FALSE
12062024,Bad Liebenwerda,50,RP50,30275076.64902602,0.21745972613206951,30275076.649026018,0.21745972613206951,0.6929687781440784,early exposure,FALSE,FALSE
12062024,Bad Liebenwerda,100,RP100,36086674.890455,0.2592032558552691,36086674.890455,0.2592032558552691,0.825990939544845,early exposure,FALSE,FALSE
12062024,Bad Liebenwerda,200,RP200,40010929.44576703,0.28739037923611555,40010929.44576703,0.28739037923611555,0.9158135324269804,early exposure,FALSE,FALSE
12062024,Bad Liebenwerda,500,RP500,43688947.6176824,0.31380883669026777,43688947.6176824,0.31380883669026777,1,early exposure,FALSE,FALSE
12069537,Rosenau,10,RP10,1824674.4233068307,0.03669198379511069,1824674.4233068307,0.03669198379511069,0.3064299103875762,gradual increase,FALSE,FALSE
12069537,Rosenau,20,RP20,2543836.2309234086,0.05115345322443954,2543836.230923408,0.05115345322443954,0.42720361414933394,gradual increase,FALSE,FALSE
12069537,Rosenau,50,RP50,3174098.220307067,0.06382725541388949,3174098.2203070675,0.06382725541388949,0.5330477704879324,gradual increase,FALSE,FALSE
12069537,Rosenau,100,RP100,3381311.7446614737,0.06799406741093646,3381311.7446614737,0.06799406741093646,0.5678465383601432,gradual increase,FALSE,FALSE
12069537,Rosenau,200,RP200,5121507.48617842,0.10298728764380614,5121507.48617842,0.10298728764380614,0.8600893726535521,gradual increase,FALSE,FALSE
12069537,Rosenau,500,RP500,5954622.448568941,0.11974021644526224,5954622.448568942,0.11974021644526224,1,gradual increase,FALSE,FALSE
03355042,Wittorf,10,RP10,4656899.259822849,0.38536771161048416,4656899.259822849,0.38536771161048416,0.6093189366116881,early exposure,FALSE,FALSE
03355042,Wittorf,20,RP20,6636557.666162019,0.5491883972764233,6636557.666162019,0.5491883972764233,0.8683417944629997,early exposure,FALSE,FALSE
03355042,Wittorf,50,RP50,6655210.568015917,0.550731962146797,6655210.568015917,0.550731962146797,0.8707823811470182,early exposure,FALSE,FALSE
03355042,Wittorf,100,RP100,6675210.568015917,0.5523870020783465,6675210.568015918,0.5523870020783465,0.873399225113855,early exposure,FALSE,FALSE
03355042,Wittorf,200,RP200,7542998.305084201,0.6241981699261917,7542998.3050842015,0.6241981699261917,0.986942480325956,early exposure,FALSE,FALSE
03355042,Wittorf,500,RP500,7642794.241254046,0.6324564828945641,7642794.241254046,0.6324564828945641,1,early exposure,FALSE,FALSE
01051062,Kronprinzenkoog,10,RP10,12015973.852045288,0.42373169895359314,12015973.852045288,0.42373169895359314,0.802840845358325,early exposure,FALSE,FALSE
01051062,Kronprinzenkoog,20,RP20,12134494.341389952,0.4279112094060295,12134494.341389952,0.4279112094060295,0.8107597282578209,early exposure,FALSE,FALSE
01051062,Kronprinzenkoog,50,RP50,14966819.29116636,0.5277904100213943,14966819.291166361,0.5277904100213943,1,early exposure,FALSE,FALSE
01051062,Kronprinzenkoog,100,RP100,14966819.29116636,0.5277904100213943,14966819.291166361,0.5277904100213943,1,early exposure,FALSE,FALSE
01051062,Kronprinzenkoog,200,RP200,14966819.29116636,0.5277904100213943,14966819.291166361,0.5277904100213943,1,early exposure,FALSE,FALSE
01051062,Kronprinzenkoog,500,RP500,14966819.29116636,0.5277904100213943,14966819.291166361,0.5277904100213943,1,early exposure,FALSE,FALSE
16068014,Gebesee,10,RP10,4339095.21914319,0.18133179687050047,4339095.21914319,0.18133179687050047,0.9392235911029607,early exposure,FALSE,FALSE
16068014,Gebesee,20,RP20,4360010.066566367,0.18220583320134315,4360010.066566367,0.18220583320134315,0.9437507372272269,early exposure,FALSE,FALSE
16068014,Gebesee,50,RP50,4431479.033557876,0.18519253792906468,4431479.033557876,0.18519253792906468,0.959220630474566,early exposure,FALSE,FALSE
16068014,Gebesee,100,RP100,4498193.63365677,0.18798055656024332,4498193.63365677,0.18798055656024332,0.9736614120475167,early exposure,FALSE,FALSE
16068014,Gebesee,200,RP200,4503585.646129627,0.1882058900136641,4503585.646129627,0.1882058900136641,0.9748285459918665,early exposure,FALSE,FALSE
16068014,Gebesee,500,RP500,4619874.607331414,0.1930656327079228,4619874.607331413,0.1930656327079228,1,early exposure,FALSE,FALSE
01051064,Kuden,10,RP10,3714587.472770696,0.32599864686019864,3714587.472770696,0.32599864686019864,0.9210755744918331,early exposure,FALSE,FALSE
01051064,Kuden,20,RP20,4010814.612746326,0.3519960550524174,4010814.612746326,0.3519960550524174,0.9945285716639821,early exposure,FALSE,FALSE
01051064,Kuden,50,RP50,4032880.22790103,0.35393257175455495,4032880.22790103,0.35393257175455495,1,early exposure,FALSE,FALSE
01051064,Kuden,100,RP100,4032880.22790103,0.35393257175455495,4032880.22790103,0.35393257175455495,1,early exposure,FALSE,FALSE
01051064,Kuden,200,RP200,4032880.22790103,0.35393257175455495,4032880.22790103,0.35393257175455495,1,early exposure,FALSE,FALSE
01051064,Kuden,500,RP500,4032880.22790103,0.35393257175455495,4032880.22790103,0.35393257175455495,1,early exposure,FALSE,FALSE
03355049,Amt Neuhaus,10,RP10,109907944.78383508,0.4620621139711584,109907944.78383505,0.4620621139711584,0.7306783587381431,early exposure,FALSE,FALSE
03355049,Amt Neuhaus,20,RP20,118787669.2642631,0.49939321203670495,118787669.2642631,0.49939321203670495,0.7897116026238967,early exposure,FALSE,FALSE
03355049,Amt Neuhaus,50,RP50,129751077.72718124,0.5454842903538232,129751077.72718124,0.5454842903538232,0.8625973736900034,early exposure,FALSE,FALSE
03355049,Amt Neuhaus,100,RP100,140340959.75242788,0.5900050325523463,140340959.75242788,0.5900050325523463,0.9329999058514075,early exposure,FALSE,FALSE
03355049,Amt Neuhaus,200,RP200,144705310.41003567,0.6083531246300563,144705310.41003567,0.6083531246300563,0.9620145196878371,early exposure,FALSE,FALSE
03355049,Amt Neuhaus,500,RP500,150419050.28314012,0.6323741608676136,150419050.28314012,0.6323741608676136,1,early exposure,FALSE,FALSE
14524150,Langenweißbach,10,RP10,856249.0145580294,0.03766759218748007,856249.0145580295,0.03766759218748007,0.8155659144981817,early exposure,FALSE,FALSE
14524150,Langenweißbach,20,RP20,896249.0145580294,0.03942724815423983,896249.0145580292,0.03942724815423983,0.8536653879285435,early exposure,FALSE,FALSE
14524150,Langenweißbach,50,RP50,956249.0145580294,0.04206673210437947,956249.0145580294,0.04206673210437947,0.9108145980740865,early exposure,FALSE,FALSE
14524150,Langenweißbach,100,RP100,989367.1395729232,0.04352364476163831,989367.139572923,0.04352364476163831,0.9423591761757952,early exposure,FALSE,FALSE
14524150,Langenweißbach,200,RP200,1013012.094810207,0.04456381942581466,1013012.0948102068,0.04456381942581466,0.9648806847714201,early exposure,FALSE,FALSE
14524150,Langenweißbach,500,RP500,1049883.2765526746,0.04618583429968008,1049883.2765526746,0.04618583429968008,1,early exposure,FALSE,FALSE
14628270,Pirna,10,RP10,6110575.689230104,0.11437606148666409,6110575.689230104,0.11437606148666409,0.7193572753854804,early exposure,FALSE,FALSE
14628270,Pirna,20,RP20,6549332.526708701,0.12258859031755548,6549332.526708701,0.12258859031755548,0.7710091882685235,early exposure,FALSE,FALSE
14628270,Pirna,50,RP50,7301379.987125826,0.13666520616328706,7301379.987125826,0.13666520616328706,0.8595427143386988,early exposure,FALSE,FALSE
14628270,Pirna,100,RP100,7601727.615425321,0.14228702979314622,7601727.61542532,0.14228702979314622,0.8949006351877632,early exposure,FALSE,FALSE
14628270,Pirna,200,RP200,8204493.485112307,0.15356943421453184,8204493.485112306,0.15356943421453184,0.9658602363391927,early exposure,FALSE,FALSE
14628270,Pirna,500,RP500,8494493.485112308,0.15899757380694263,8494493.485112308,0.15899757380694263,1,early exposure,FALSE,FALSE
12069541,Roskow,10,RP10,15140078.026451975,0.3853690520389262,15140078.02645198,0.3853690520389262,0.5762605229832178,early exposure,FALSE,FALSE
12069541,Roskow,20,RP20,17006152.65503187,0.4328673152178411,17006152.655031867,0.4328673152178411,0.6472869166063135,early exposure,FALSE,FALSE
12069541,Roskow,50,RP50,17825786.675902236,0.45372992801876655,17825786.675902236,0.45372992801876655,0.6784837657042097,early exposure,FALSE,FALSE
12069541,Roskow,100,RP100,23210945.560092155,0.5908014523962141,23210945.560092155,0.5908014523962141,0.8834532823427075,early exposure,FALSE,FALSE
12069541,Roskow,200,RP200,26092974.501314048,0.664159380874982,26092974.501314048,0.664159380874982,0.9931488533972048,early exposure,FALSE,FALSE
12069541,Roskow,500,RP500,26272974.501314048,0.6687410236674309,26272974.50131405,0.6687410236674309,1,early exposure,FALSE,FALSE
15087125,Edersleben,10,RP10,997310.143886182,0.10917560047102508,997310.1438861816,0.10917560047102508,0.5500889457706375,early exposure,FALSE,FALSE
15087125,Edersleben,20,RP20,1104068.0701000227,0.12086239697148024,1104068.0701000225,0.12086239697148024,0.6089736923498654,early exposure,FALSE,FALSE
15087125,Edersleben,50,RP50,1481071.5387936768,0.1621329890000582,1481071.5387936765,0.1621329890000582,0.8169184745391397,early exposure,FALSE,FALSE
15087125,Edersleben,100,RP100,1752181.8192512093,0.19181144744577625,1752181.819251209,0.19181144744577625,0.9664554759210147,early exposure,FALSE,FALSE
15087125,Edersleben,200,RP200,1772181.8192512093,0.194000848629356,1772181.8192512088,0.194000848629356,0.9774869278548558,early exposure,FALSE,FALSE
15087125,Edersleben,500,RP500,1812997.973425948,0.1984689954423233,1812997.9734259474,0.1984689954423233,1,early exposure,FALSE,FALSE
12070060,Cumlosen,10,RP10,8814417.46852458,0.3981840715627689,8814417.46852458,0.3981840715627689,0.5844901698005814,early exposure,FALSE,FALSE
12070060,Cumlosen,20,RP20,10557856.658492992,0.4769425054198755,10557856.658492992,0.4769425054198755,0.7000988384188374,early exposure,FALSE,FALSE
12070060,Cumlosen,50,RP50,10980414.383036718,0.4960312036611313,10980414.383036718,0.4960312036611313,0.7281189358388942,early exposure,FALSE,FALSE
12070060,Cumlosen,100,RP100,12242348.749166653,0.5530380524682038,12242348.749166653,0.5530380524682038,0.8117986837712255,early exposure,FALSE,FALSE
12070060,Cumlosen,200,RP200,14198777.293524716,0.6414181055228627,14198777.293524716,0.6414181055228627,0.9415308250247936,early exposure,FALSE,FALSE
12070060,Cumlosen,500,RP500,15080523.033487316,0.6812502453182795,15080523.033487316,0.6812502453182795,1,early exposure,FALSE,FALSE
01051090,Ramhusen,10,RP10,4759900.434482585,0.9901601893491444,4759900.434482586,0.9901601893491444,0.9901601892977748,early exposure,FALSE,FALSE
01051090,Ramhusen,20,RP20,4807202.3960671695,1.00000000005188,4807202.3960671695,1.00000000005188,1,early exposure,FALSE,FALSE
01051090,Ramhusen,50,RP50,4807202.3960671695,1.00000000005188,4807202.3960671695,1.00000000005188,1,early exposure,FALSE,FALSE
01051090,Ramhusen,100,RP100,4807202.3960671695,1.00000000005188,4807202.3960671695,1.00000000005188,1,early exposure,FALSE,FALSE
01051090,Ramhusen,200,RP200,4807202.3960671695,1.00000000005188,4807202.3960671695,1.00000000005188,1,early exposure,FALSE,FALSE
01051090,Ramhusen,500,RP500,4807202.3960671695,1.00000000005188,4807202.3960671695,1.00000000005188,1,early exposure,FALSE,FALSE
03355032,Rullstorf,10,RP10,1311387.7745601735,0.05775641613690021,1311387.7745601737,0.05775641613690021,0.4197360032534991,early exposure,FALSE,FALSE
03355032,Rullstorf,20,RP20,1311387.7745601735,0.05775641613690021,1311387.7745601737,0.05775641613690021,0.4197360032534991,early exposure,FALSE,FALSE
03355032,Rullstorf,50,RP50,1805862.1688672565,0.0795341613932337,1805862.1688672565,0.0795341613932337,0.5780024672269485,early exposure,FALSE,FALSE
03355032,Rullstorf,100,RP100,1901506.7537840889,0.0837465603150937,1901506.7537840889,0.0837465603150937,0.6086154381457108,early exposure,FALSE,FALSE
03355032,Rullstorf,200,RP200,2534521.547008602,0.11162593095399637,2534521.547008602,0.11162593095399637,0.8112245400930811,early exposure,FALSE,FALSE
03355032,Rullstorf,500,RP500,3124315.6755561014,0.1376017679903868,3124315.675556101,0.1376017679903868,1,early exposure,FALSE,FALSE
03355033,Scharnebeck,10,RP10,5925453.523079273,0.21915443174728944,5925453.523079273,0.21915443174728944,0.8498629170218899,early exposure,FALSE,FALSE
03355033,Scharnebeck,20,RP20,5925453.523079273,0.21915443174728944,5925453.523079273,0.21915443174728944,0.8498629170218899,early exposure,FALSE,FALSE
03355033,Scharnebeck,50,RP50,6565587.452664828,0.24282995076605615,6565587.452664828,0.24282995076605615,0.9416746385320354,early exposure,FALSE,FALSE
03355033,Scharnebeck,100,RP100,6565587.452664828,0.24282995076605615,6565587.452664828,0.24282995076605615,0.9416746385320354,early exposure,FALSE,FALSE
03355033,Scharnebeck,200,RP200,6565587.452664828,0.24282995076605615,6565587.452664828,0.24282995076605615,0.9416746385320354,early exposure,FALSE,FALSE
03355033,Scharnebeck,500,RP500,6972246.234537907,0.25787033103556944,6972246.234537907,0.25787033103556944,1,early exposure,FALSE,FALSE
16068002,Andisleben,10,RP10,289290.0724952776,0.04298450924391805,289290.07249527756,0.04298450924391805,0.3564310553423844,delayed jump,FALSE,FALSE
16068002,Andisleben,20,RP20,289290.0724952776,0.04298450924391805,289290.07249527756,0.04298450924391805,0.3564310553423844,delayed jump,FALSE,FALSE
16068002,Andisleben,50,RP50,358235.94908191997,0.05322891425894649,358235.94908191997,0.05322891425894649,0.4413784969926121,delayed jump,FALSE,FALSE
16068002,Andisleben,100,RP100,397260.99944307614,0.05902749774826021,397260.99944307614,0.05902749774826021,0.4894608240667417,delayed jump,FALSE,FALSE
16068002,Andisleben,200,RP200,731296.3903709354,0.10866054331144225,731296.3903709354,0.10866054331144225,0.9010220846491157,delayed jump,FALSE,FALSE
16068002,Andisleben,500,RP500,811629.8177704752,0.12059698109814682,811629.8177704752,0.12059698109814682,1,delayed jump,FALSE,FALSE
14524180,Limbach-Oberfrohna,10,RP10,465468.85392171214,0.00929218923155368,465468.85392171174,0.00929218923155368,0.4387492340568079,early exposure,FALSE,FALSE
14524180,Limbach-Oberfrohna,20,RP20,837850.208816214,0.01672606582034913,837850.208816214,0.01672606582034913,0.7897545330375185,early exposure,FALSE,FALSE
14524180,Limbach-Oberfrohna,50,RP50,943712.4225120252,0.01883940103890298,943712.4225120251,0.01883940103890298,0.8895398672940771,early exposure,FALSE,FALSE
14524180,Limbach-Oberfrohna,100,RP100,990995.423313748,0.01978331508854036,990995.4233137479,0.01978331508854036,0.9341086503842396,early exposure,FALSE,FALSE
14524180,Limbach-Oberfrohna,200,RP200,1010888.833599086,0.0201804487125731,1010888.8335990858,0.0201804487125731,0.9528601059369196,early exposure,FALSE,FALSE
14524180,Limbach-Oberfrohna,500,RP500,1060899.5248102115,0.02117881584803076,1060899.5248102115,0.02117881584803076,1,early exposure,FALSE,FALSE
01051097,Sankt Michaelisdonn,10,RP10,6850387.41038078,0.29778138937924425,6850387.410380781,0.29778138937924425,0.9207030538252842,early exposure,FALSE,FALSE
01051097,Sankt Michaelisdonn,20,RP20,7440387.410380779,0.3234282629367191,7440387.410380778,0.3234282629367191,1,early exposure,FALSE,FALSE
01051097,Sankt Michaelisdonn,50,RP50,7440387.410380779,0.3234282629367191,7440387.410380778,0.3234282629367191,1,early exposure,FALSE,FALSE
01051097,Sankt Michaelisdonn,100,RP100,7440387.410380779,0.3234282629367191,7440387.410380778,0.3234282629367191,1,early exposure,FALSE,FALSE
01051097,Sankt Michaelisdonn,200,RP200,7440387.410380779,0.3234282629367191,7440387.410380778,0.3234282629367191,1,early exposure,FALSE,FALSE
01051097,Sankt Michaelisdonn,500,RP500,7440387.410380779,0.3234282629367191,7440387.410380778,0.3234282629367191,1,early exposure,FALSE,FALSE
12071372,Spremberg,10,RP10,7480705.8563045245,0.03687041019642461,7480705.856304524,0.03687041019642461,0.8715490820008471,early exposure,FALSE,FALSE
12071372,Spremberg,20,RP20,7767419.966002214,0.03828354781160665,7767419.966002213,0.03828354781160665,0.9049530713975316,early exposure,FALSE,FALSE
12071372,Spremberg,50,RP50,7813229.574553389,0.0385093311923014,7813229.574553387,0.0385093311923014,0.9102901776875678,early exposure,FALSE,FALSE
12071372,Spremberg,100,RP100,8093229.574553389,0.03988937674593033,8093229.574553389,0.03988937674593033,0.9429119312557253,early exposure,FALSE,FALSE
12071372,Spremberg,200,RP200,8443229.574553387,0.04161443368796647,8443229.574553387,0.04161443368796647,0.9836891232159216,early exposure,FALSE,FALSE
12071372,Spremberg,500,RP500,8583229.574553385,0.04230445646478092,8583229.574553385,0.04230445646478092,1,early exposure,FALSE,FALSE
15090310,Klietz,10,RP10,25118500.287366256,0.3785079170787472,25118500.287366256,0.3785079170787472,0.8789066162959268,early exposure,FALSE,FALSE
15090310,Klietz,20,RP20,26514296.61746668,0.399541018399617,26514296.61746668,0.399541018399617,0.9277461017545336,early exposure,FALSE,FALSE
15090310,Klietz,50,RP50,27404296.617466684,0.4129523304742284,27404296.617466684,0.4129523304742284,0.9588875663943159,early exposure,FALSE,FALSE
15090310,Klietz,100,RP100,28155924.249967664,0.4242785245679048,28155924.24996767,0.4242785245679048,0.9851873252030942,early exposure,FALSE,FALSE
15090310,Klietz,200,RP200,28224714.61554254,0.42531511901785,28224714.61554254,0.42531511901785,0.9875943282784959,early exposure,FALSE,FALSE
15090310,Klietz,500,RP500,28579259.527281664,0.4306577172827927,28579259.527281664,0.4306577172827927,1,early exposure,FALSE,FALSE
12072232,Luckenwalde,10,RP10,723761.6689379226,0.01551532837382084,723761.6689379226,0.01551532837382084,0.48928748272211964,early exposure,FALSE,FALSE
12072232,Luckenwalde,20,RP20,723761.6689379226,0.01551532837382084,723761.6689379226,0.01551532837382084,0.48928748272211964,early exposure,FALSE,FALSE
12072232,Luckenwalde,50,RP50,838631.6663508343,0.01797780436094602,838631.6663508343,0.01797780436094602,0.5669435044301174,early exposure,FALSE,FALSE
12072232,Luckenwalde,100,RP100,1004595.072265076,0.02153557323889144,1004595.0722650759,0.02153557323889144,0.6791404065165879,early exposure,FALSE,FALSE
12072232,Luckenwalde,200,RP200,1479215.5828539098,0.03171004556973807,1479215.5828539098,0.03171004556973807,1,early exposure,FALSE,FALSE
12072232,Luckenwalde,500,RP500,1479215.5828539098,0.03171004556973807,1479215.5828539098,0.03171004556973807,1,early exposure,FALSE,FALSE
16068015,Griefstedt,10,RP10,204049.45595244033,0.04050205030136709,204049.4559524403,0.04050205030136709,0.4736842832459719,delayed jump,FALSE,FALSE
16068015,Griefstedt,20,RP20,204049.45595244033,0.04050205030136709,204049.4559524403,0.04050205030136709,0.4736842832459719,delayed jump,FALSE,FALSE
16068015,Griefstedt,50,RP50,204049.45595244033,0.04050205030136709,204049.4559524403,0.04050205030136709,0.4736842832459719,delayed jump,FALSE,FALSE
16068015,Griefstedt,100,RP100,204049.45595244033,0.04050205030136709,204049.4559524403,0.04050205030136709,0.4736842832459719,delayed jump,FALSE,FALSE
16068015,Griefstedt,200,RP200,274307.58949082065,0.05444768149832013,274307.58949082065,0.05444768149832013,0.6367828490911286,delayed jump,FALSE,FALSE
16068015,Griefstedt,500,RP500,430771.0075457216,0.08550431528743678,430771.0075457216,0.08550431528743678,1,delayed jump,FALSE,FALSE
15089305,Schönebeck (Elbe),10,RP10,33655328.76760901,0.3883986646333115,33655328.76760901,0.3883986646333115,0.6190182680532348,early exposure,FALSE,FALSE
15089305,Schönebeck (Elbe),20,RP20,45741826.451932214,0.5278826552102441,45741826.451932214,0.5278826552102441,0.8413237137982746,early exposure,FALSE,FALSE
15089305,Schönebeck (Elbe),50,RP50,47098740.31169072,0.54354209311952,47098740.31169072,0.54354209311952,0.8662812613285648,early exposure,FALSE,FALSE
15089305,Schönebeck (Elbe),100,RP100,48289155.79234172,0.5572800597350371,48289155.79234172,0.5572800597350371,0.8881764249201783,early exposure,FALSE,FALSE
15089305,Schönebeck (Elbe),200,RP200,54030516.62075762,0.6235381222942389,54030516.62075762,0.6235381222942389,0.9937765591757436,early exposure,FALSE,FALSE
15089305,Schönebeck (Elbe),500,RP500,54368878.11639622,0.6274429765292641,54368878.11639622,0.6274429765292641,1,early exposure,FALSE,FALSE
12072240,Ludwigsfelde,10,RP10,1427059.7598589032,0.01292956320921007,1427059.759858903,0.01292956320921007,0.32591606068781825,early exposure,FALSE,FALSE
12072240,Ludwigsfelde,20,RP20,1745914.7806119968,0.01581847947001805,1745914.7806119968,0.01581847947001805,0.3987370981926917,early exposure,FALSE,FALSE
12072240,Ludwigsfelde,50,RP50,3036349.7669257885,0.02751018376456698,3036349.7669257885,0.02751018376456698,0.6934503955213984,early exposure,FALSE,FALSE
12072240,Ludwigsfelde,100,RP100,4318611.341973189,0.03912783465184015,4318611.341973189,0.03912783465184015,0.9862970254005324,early exposure,FALSE,FALSE
12072240,Ludwigsfelde,200,RP200,4378611.341973188,0.03967145154468092,4378611.341973188,0.03967145154468092,1,early exposure,FALSE,FALSE
12072240,Ludwigsfelde,500,RP500,4378611.341973188,0.03967145154468092,4378611.341973188,0.03967145154468092,1,early exposure,FALSE,FALSE
15087165,Gerbstedt,10,RP10,1950121.4442451217,0.01905259227454889,1950121.4442451207,0.01905259227454889,0.8823594057797101,early exposure,FALSE,FALSE
15087165,Gerbstedt,20,RP20,2030121.4442451217,0.01983418840870859,2030121.444245121,0.01983418840870859,0.9185565116936454,early exposure,FALSE,FALSE
15087165,Gerbstedt,50,RP50,2040121.4442451217,0.01993188792547855,2040121.4442451207,0.01993188792547855,0.9230811499328871,early exposure,FALSE,FALSE
15087165,Gerbstedt,100,RP100,2190121.444245123,0.021397380677028,2190121.444245123,0.021397380677028,0.9909507235215165,early exposure,FALSE,FALSE
15087165,Gerbstedt,200,RP200,2210121.444245123,0.02159277971056792,2210121.4442451224,0.02159277971056792,1,early exposure,FALSE,FALSE
15087165,Gerbstedt,500,RP500,2210121.444245123,0.02159277971056792,2210121.4442451224,0.02159277971056792,1,early exposure,FALSE,FALSE
12065100,Gransee,10,RP10,0,0,0,0,0,early exposure,FALSE,TRUE
12065100,Gransee,20,RP20,7124.515930471771,5.851003612711271e-5,7124.515930471771,5.851003612711271e-5,0.5041935647210908,early exposure,FALSE,TRUE
12065100,Gransee,50,RP50,12348.59398177648,1.0141273976279044e-4,12348.593981776481,1.0141273976279044e-4,0.8738953887851035,early exposure,FALSE,TRUE
12065100,Gransee,100,RP100,12348.59398177648,1.0141273976279044e-4,12348.593981776481,1.0141273976279044e-4,0.8738953887851035,early exposure,FALSE,TRUE
12065100,Gransee,200,RP200,12348.59398177648,1.0141273976279044e-4,12348.593981776481,1.0141273976279044e-4,0.8738953887851035,early exposure,FALSE,TRUE
12065100,Gransee,500,RP500,14130.517382570924,1.1604677294816174e-4,14130.517382570924,1.1604677294816174e-4,1,early exposure,FALSE,TRUE
15089310,Staßfurt,10,RP10,7156624.752150177,0.04853474387124745,7156624.752150177,0.04853474387124745,0.5115821971410208,early exposure,FALSE,FALSE
15089310,Staßfurt,20,RP20,8173598.293585009,0.05543164737908408,8173598.293585008,0.05543164737908408,0.5842792543124485,early exposure,FALSE,FALSE
15089310,Staßfurt,50,RP50,9699175.599296732,0.06577779606687999,9699175.599296732,0.06577779606687999,0.6933332032050459,early exposure,FALSE,FALSE
15089310,Staßfurt,100,RP100,10492679.384318668,0.07115917406288769,10492679.384318667,0.07115917406288769,0.7500558097185807,early exposure,FALSE,FALSE
15089310,Staßfurt,200,RP200,11509248.776169268,0.0780533367121163,11509248.776169268,0.0780533367121163,0.8227239767721896,early exposure,FALSE,FALSE
15089310,Staßfurt,500,RP500,13989198.201471835,0.09487183905633163,13989198.201471834,0.09487183905633163,1,early exposure,FALSE,FALSE
16068049,Schwerstedt,10,RP10,1105429.0290459837,0.08706364338124804,1105429.0290459835,0.08706364338124804,0.8588040660923763,early exposure,FALSE,FALSE
16068049,Schwerstedt,20,RP20,1111433.2919613898,0.087536539416632,1111433.2919613898,0.087536539416632,0.8634687576014175,early exposure,FALSE,FALSE
16068049,Schwerstedt,50,RP50,1111433.2919613898,0.087536539416632,1111433.2919613898,0.087536539416632,0.8634687576014175,early exposure,FALSE,FALSE
16068049,Schwerstedt,100,RP100,1111433.2919613898,0.087536539416632,1111433.2919613898,0.087536539416632,0.8634687576014175,early exposure,FALSE,FALSE
16068049,Schwerstedt,200,RP200,1141433.2919613898,0.08989934085644184,1141433.2919613898,0.08989934085644184,0.8867756559239688,early exposure,FALSE,FALSE
16068049,Schwerstedt,500,RP500,1287172.560879654,0.10137777267100544,1287172.560879654,0.10137777267100544,1,early exposure,FALSE,FALSE
14625120,Elsterheide,10,RP10,13031956.119332928,0.1020809206564156,13031956.119332928,0.1020809206564156,0.8633886160021316,early exposure,FALSE,FALSE
14625120,Elsterheide,20,RP20,13311778.875404088,0.104272806839794,13311778.875404086,0.104272806839794,0.8819273357367516,early exposure,FALSE,FALSE
14625120,Elsterheide,50,RP50,14181778.875404088,0.11108762421316833,14181778.87540409,0.11108762421316833,0.9395662725965472,early exposure,FALSE,FALSE
14625120,Elsterheide,100,RP100,14671778.875404088,0.1149258546878274,14671778.875404088,0.1149258546878274,0.9720295818624088,early exposure,FALSE,FALSE
14625120,Elsterheide,200,RP200,14921778.875404088,0.11688413554224528,14921778.875404086,0.11688413554224528,0.9885924947531545,early exposure,FALSE,FALSE
14625120,Elsterheide,500,RP500,15093963.341416994,0.11823287771513027,15093963.341416994,0.11823287771513027,1,early exposure,FALSE,FALSE
16068051,Sömmerda,10,RP10,9708164.038208695,0.11042408595218936,9708164.038208695,0.11042408595218936,0.7952124073032601,early exposure,FALSE,FALSE
16068051,Sömmerda,20,RP20,10628595.369501345,0.1208933969403153,10628595.369501343,0.1208933969403153,0.8706065201173678,early exposure,FALSE,FALSE
16068051,Sömmerda,50,RP50,11293065.06079628,0.1284513098490176,11293065.06079628,0.1284513098490176,0.9250343749326639,early exposure,FALSE,FALSE
16068051,Sömmerda,100,RP100,11488150.988228222,0.13067028607706888,11488150.988228224,0.13067028607706888,0.9410141986535628,early exposure,FALSE,FALSE
16068051,Sömmerda,200,RP200,11947815.499137633,0.13589867254252844,11947815.49913763,0.13589867254252844,0.9786661090285333,early exposure,FALSE,FALSE
16068051,Sömmerda,500,RP500,12208265.29999854,0.1388611205484855,12208265.29999854,0.1388611205484855,1,early exposure,FALSE,FALSE
01002000,Kiel,10,RP10,14636.407317822785,1.2984366183654998e-4,14636.407317822785,1.2984366183654998e-4,1,early exposure,FALSE,TRUE
01002000,Kiel,20,RP20,14636.407317822785,1.2984366183654998e-4,14636.407317822785,1.2984366183654998e-4,1,early exposure,FALSE,TRUE
01002000,Kiel,50,RP50,14636.407317822785,1.2984366183654998e-4,14636.407317822785,1.2984366183654998e-4,1,early exposure,FALSE,TRUE
01002000,Kiel,100,RP100,14636.407317822785,1.2984366183654998e-4,14636.407317822785,1.2984366183654998e-4,1,early exposure,FALSE,TRUE
01002000,Kiel,200,RP200,14636.407317822785,1.2984366183654998e-4,14636.407317822785,1.2984366183654998e-4,1,early exposure,FALSE,TRUE
01002000,Kiel,500,RP500,14636.407317822785,1.2984366183654998e-4,14636.407317822785,1.2984366183654998e-4,1,early exposure,FALSE,TRUE
16068053,Straußfurt,10,RP10,3703970.5702033537,0.1686850679437717,3703970.5702033546,0.1686850679437717,0.9295118727426573,early exposure,FALSE,FALSE
16068053,Straußfurt,20,RP20,3713970.5702033537,0.16914048481263333,3713970.570203354,0.16914048481263333,0.9320213739795735,early exposure,FALSE,FALSE
16068053,Straußfurt,50,RP50,3897911.609721117,0.17751747003986704,3897911.6097211177,0.17751747003986704,0.9781814005985217,early exposure,FALSE,FALSE
16068053,Straußfurt,100,RP100,3907911.609721117,0.1779728869087287,3907911.609721118,0.1779728869087287,0.980690901835438,early exposure,FALSE,FALSE
16068053,Straußfurt,200,RP200,3927911.609721117,0.178883720646452,3927911.6097211177,0.178883720646452,0.9857099043092703,early exposure,FALSE,FALSE
16068053,Straußfurt,500,RP500,3984855.5772335217,0.1814770449849579,3984855.5772335227,0.1814770449849579,1,early exposure,FALSE,FALSE
16068057,Walschleben,10,RP10,1489860.469141001,0.08835754791576178,1489860.469141001,0.08835754791576178,0.296314650038886,early exposure,FALSE,FALSE
16068057,Walschleben,20,RP20,3109716.086830908,0.18442457789688027,3109716.086830908,0.18442457789688027,0.618483712451859,early exposure,FALSE,FALSE
16068057,Walschleben,50,RP50,4043893.043454472,0.23982680308261023,4043893.0434544715,0.23982680308261023,0.804279848204022,early exposure,FALSE,FALSE
16068057,Walschleben,100,RP100,4494608.198313155,0.2665568806413143,4494608.198313155,0.2665568806413143,0.893921466426281,early exposure,FALSE,FALSE
16068057,Walschleben,200,RP200,4781043.310454494,0.2835441788950743,4781043.310454494,0.2835441788950743,0.950889834787612,early exposure,FALSE,FALSE
16068057,Walschleben,500,RP500,5027967.631521031,0.2981882532779477,5027967.631521031,0.2981882532779477,1,early exposure,FALSE,FALSE
16068058,Weißensee,10,RP10,4995281.565196414,0.09016414158813024,4995281.5651964145,0.09016414158813024,0.9652983333817053,early exposure,FALSE,FALSE
16068058,Weißensee,20,RP20,5034705.650580499,0.09087574087841238,5034705.650580499,0.09087574087841238,0.9729167235404309,early exposure,FALSE,FALSE
16068058,Weißensee,50,RP50,5070235.9592195,0.09151705803681182,5070235.9592195,0.09151705803681182,0.9797826723895858,early exposure,FALSE,FALSE
16068058,Weißensee,100,RP100,5125150.031409461,0.0925082494472447,5125150.031409461,0.0925082494472447,0.9903943789915715,early exposure,FALSE,FALSE
16068058,Weißensee,200,RP200,5135307.554736206,0.09269159133888066,5135307.554736206,0.09269159133888066,0.9923572393850489,early exposure,FALSE,FALSE
16068058,Weißensee,500,RP500,5174857.753764654,0.09340546696300664,5174857.753764653,0.09340546696300664,1,early exposure,FALSE,FALSE
12061192,Groß Köris,10,RP10,409650.645715614,0.00592934741336233,409650.645715614,0.00592934741336233,0.5745518803851348,early exposure,FALSE,TRUE
12061192,Groß Köris,20,RP20,458547.8820218613,0.00663709364700133,458547.8820218607,0.00663709364700133,0.6431322655479929,early exposure,FALSE,TRUE
12061192,Groß Köris,50,RP50,626284.5681702667,0.00906494063453046,626284.5681702661,0.00906494063453046,0.8783898672241329,early exposure,FALSE,TRUE
12061192,Groß Köris,100,RP100,693177.9356968357,0.01003316568156263,693177.9356968353,0.01003316568156263,0.972210566641181,early exposure,FALSE,TRUE
12061192,Groß Köris,200,RP200,699772.3716235802,0.01012861457689275,699772.3716235798,0.01012861457689275,0.9814595342710785,early exposure,FALSE,TRUE
12061192,Groß Köris,500,RP500,712991.5673429117,0.01031995127992229,712991.567342911,0.01031995127992229,1,early exposure,FALSE,TRUE
03352004,Belum,10,RP10,18357065.70760499,0.7186862630753802,18357065.70760499,0.7186862630753802,0.8217803112899839,early exposure,FALSE,FALSE
03352004,Belum,20,RP20,19350177.428127065,0.7575669732393518,19350177.428127065,0.7575669732393518,0.8662383783817337,early exposure,FALSE,FALSE
03352004,Belum,50,RP50,21814142.596347835,0.8540321680206109,21814142.596347835,0.8540321680206109,0.9765413045247332,early exposure,FALSE,FALSE
03352004,Belum,100,RP100,21858534.79969099,0.8557701400493953,21858534.79969099,0.8557701400493953,0.9785285850227855,early exposure,FALSE,FALSE
03352004,Belum,200,RP200,21888534.79969099,0.8569446517189444,21888534.79969099,0.8569446517189444,0.9798715779461308,early exposure,FALSE,FALSE
03352004,Belum,500,RP500,22338166.84995667,0.874547921386955,22338166.84995667,0.874547921386955,1,early exposure,FALSE,FALSE
03352008,Bülkau,10,RP10,7201710.513630825,0.31337999343627593,7201710.513630825,0.31337999343627593,0.358119460855961,early exposure,FALSE,FALSE
03352008,Bülkau,20,RP20,13304139.693059338,0.5789251319939904,13304139.69305934,0.5789251319939904,0.6615749584786821,early exposure,FALSE,FALSE
03352008,Bülkau,50,RP50,17540817.561081953,0.7632827342552304,17540817.561081953,0.7632827342552304,0.8722522400835085,early exposure,FALSE,FALSE
03352008,Bülkau,100,RP100,19034721.21397192,0.8282894456540004,19034721.21397192,0.8282894456540004,0.9465395874756466,early exposure,FALSE,FALSE
03352008,Bülkau,200,RP200,19331221.527158875,0.84119155634347,19331221.527158875,0.84119155634347,0.961283658637791,early exposure,FALSE,FALSE
03352008,Bülkau,500,RP500,20109799.38486901,0.8750711080801059,20109799.384869006,0.8750711080801059,1,early exposure,FALSE,FALSE
12051000,Brandenburg an der Havel,10,RP10,76255875.58821726,0.3320146745226285,76255875.58821727,0.3320146745226285,0.719182975562665,early exposure,FALSE,FALSE
12051000,Brandenburg an der Havel,20,RP20,84989508.24952185,0.37004052083382466,84989508.24952187,0.37004052083382466,0.8015514471902971,early exposure,FALSE,FALSE
12051000,Brandenburg an der Havel,50,RP50,94585532.4160496,0.41182118121946554,94585532.41604961,0.41182118121946554,0.8920532893161651,early exposure,FALSE,FALSE
12051000,Brandenburg an der Havel,100,RP100,96735187.74999867,0.4211806844778246,96735187.74999872,0.4211806844778246,0.9123270781564121,early exposure,FALSE,FALSE
12051000,Brandenburg an der Havel,200,RP200,100824706.5254664,0.4389862664702617,100824706.52546641,0.4389862664702617,0.9508960704979634,early exposure,FALSE,FALSE
12051000,Brandenburg an der Havel,500,RP500,106031257.94038324,0.4616553586559404,106031257.94038324,0.4616553586559404,1,early exposure,FALSE,FALSE
16068044,Riethnordhausen,10,RP10,20822.71529682865,0.00166485543093307,20822.715296828643,0.00166485543093307,0.09497102131677274,early exposure,FALSE,TRUE
16068044,Riethnordhausen,20,RP20,83007.32091041672,0.00663675159819137,83007.32091041667,0.00663675159819137,0.3785908768983661,early exposure,FALSE,TRUE
16068044,Riethnordhausen,50,RP50,130661.87289981009,0.01044691461282507,130661.87289981003,0.01044691461282507,0.5959401230610519,early exposure,FALSE,TRUE
16068044,Riethnordhausen,100,RP100,150921.66805390592,0.01206676243339365,150921.66805390586,0.01206676243339365,0.6883437029988773,early exposure,FALSE,TRUE
16068044,Riethnordhausen,200,RP200,195059.15265586303,0.0155957225089552,195059.15265586294,0.0155957225089552,0.8896518384292078,early exposure,FALSE,TRUE
16068044,Riethnordhausen,500,RP500,219253.35758341645,0.01753014138260132,219253.35758341645,0.01753014138260132,1,early exposure,FALSE,TRUE
16068045,Ringleben,10,RP10,1727260.8820915085,0.26120414943539283,1727260.8820915082,0.26120414943539283,0.9755156740345722,early exposure,FALSE,FALSE
16068045,Ringleben,20,RP20,1727260.8820915085,0.26120414943539283,1727260.8820915082,0.26120414943539283,0.9755156740345722,early exposure,FALSE,FALSE
16068045,Ringleben,50,RP50,1754807.3565657686,0.26536985104398847,1754807.3565657686,0.26536985104398847,0.9910732646062381,early exposure,FALSE,FALSE
16068045,Ringleben,100,RP100,1754807.3565657686,0.26536985104398847,1754807.3565657686,0.26536985104398847,0.9910732646062381,early exposure,FALSE,FALSE
16068045,Ringleben,200,RP200,1764807.3565657686,0.2668820959639284,1764807.3565657686,0.2668820959639284,0.9967210256604532,early exposure,FALSE,FALSE
16068045,Ringleben,500,RP500,1770613.1516553103,0.26776007437696564,1770613.1516553103,0.26776007437696564,1,early exposure,FALSE,FALSE
03352011,Cuxhaven,10,RP10,202488.38110652563,0.0012501706267303,202488.38110652484,0.0012501706267303,0.005971783439597436,early exposure,FALSE,FALSE
03352011,Cuxhaven,20,RP20,3488013.2529454324,0.02153512063580753,3488013.252945432,0.02153512063580753,0.10286841974442905,early exposure,FALSE,FALSE
03352011,Cuxhaven,50,RP50,14030516.099789988,0.08662491650124017,14030516.099789988,0.08662491650124017,0.4137877108595796,early exposure,FALSE,FALSE
03352011,Cuxhaven,100,RP100,22658282.73722112,0.13989306139655475,22658282.737221114,0.13989306139655475,0.6682376385273663,early exposure,FALSE,FALSE
03352011,Cuxhaven,200,RP200,29186618.5814483,0.18019924424657108,29186618.5814483,0.18019924424657108,0.8607711936362722,early exposure,FALSE,FALSE
03352011,Cuxhaven,500,RP500,33907522.46035479,0.2093462764307098,33907522.46035479,0.2093462764307098,1,early exposure,FALSE,FALSE
14522330,Lichtenau,10,RP10,2326451.319173833,0.04733406925599424,2326451.319173833,0.04733406925599424,0.7712940356626593,early exposure,FALSE,FALSE
14522330,Lichtenau,20,RP20,2618600.199393372,0.05327814176479861,2618600.199393372,0.05327814176479861,0.8681508608976164,early exposure,FALSE,FALSE
14522330,Lichtenau,50,RP50,2699757.0429695603,0.05492936206877529,2699757.0429695603,0.05492936206877529,0.8950569856411809,early exposure,FALSE,FALSE
14522330,Lichtenau,100,RP100,2837949.448786949,0.05774103014611793,2837949.448786949,0.05774103014611793,0.9408722483558447,early exposure,FALSE,FALSE
14522330,Lichtenau,200,RP200,2878321.434118649,0.05856244013391484,2878321.434118649,0.05856244013391484,0.9542568703496798,early exposure,FALSE,FALSE
14522330,Lichtenau,500,RP500,3016296.265243457,0.06136968142807827,3016296.2652434567,0.06136968142807827,1,early exposure,FALSE,FALSE
16075062,Bad Lobenstein,10,RP10,921942.1547417936,0.01874942323346133,921942.1547417933,0.01874942323346133,0.8345781160049052,early exposure,FALSE,FALSE
16075062,Bad Lobenstein,20,RP20,921942.1547417936,0.01874942323346133,921942.1547417933,0.01874942323346133,0.8345781160049052,early exposure,FALSE,FALSE
16075062,Bad Lobenstein,50,RP50,1024680.4811454876,0.02083879983277721,1024680.4811454876,0.02083879983277721,0.9275808694319965,early exposure,FALSE,FALSE
16075062,Bad Lobenstein,100,RP100,1024680.4811454876,0.02083879983277721,1024680.4811454876,0.02083879983277721,0.9275808694319965,early exposure,FALSE,FALSE
16075062,Bad Lobenstein,200,RP200,1024680.4811454876,0.02083879983277721,1024680.4811454876,0.02083879983277721,0.9275808694319965,early exposure,FALSE,FALSE
16075062,Bad Lobenstein,500,RP500,1104680.4811454876,0.0224657499087253,1104680.4811454876,0.0224657499087253,1,early exposure,FALSE,FALSE
16068059,Werningshausen,10,RP10,1444860.864962336,0.11377591030660536,1444860.8649623361,0.11377591030660536,0.9499914731496691,early exposure,FALSE,FALSE
16068059,Werningshausen,20,RP20,1444860.864962336,0.11377591030660536,1444860.8649623361,0.11377591030660536,0.9499914731496691,early exposure,FALSE,FALSE
16068059,Werningshausen,50,RP50,1520919.8248611032,0.119765191080489,1520919.824861103,0.119765191080489,1,early exposure,FALSE,FALSE
16068059,Werningshausen,100,RP100,1520919.8248611032,0.119765191080489,1520919.824861103,0.119765191080489,1,early exposure,FALSE,FALSE
16068059,Werningshausen,200,RP200,1520919.8248611032,0.119765191080489,1520919.824861103,0.119765191080489,1,early exposure,FALSE,FALSE
16068059,Werningshausen,500,RP500,1520919.8248611032,0.119765191080489,1520919.824861103,0.119765191080489,1,early exposure,FALSE,FALSE
03352002,Armstorf,10,RP10,421952.920358672,0.01064598791055119,421952.9203586719,0.01064598791055119,0.5397854650351173,early exposure,FALSE,TRUE
03352002,Armstorf,20,RP20,745692.7573255046,0.01881403279002036,745692.7573255044,0.01881403279002036,0.9539313330125025,early exposure,FALSE,TRUE
03352002,Armstorf,50,RP50,746142.2470262444,0.0188253735384525,746142.2470262444,0.0188253735384525,0.9545063450468693,early exposure,FALSE,TRUE
03352002,Armstorf,100,RP100,746142.2470262444,0.0188253735384525,746142.2470262444,0.0188253735384525,0.9545063450468693,early exposure,FALSE,TRUE
03352002,Armstorf,200,RP200,781704.8581165866,0.01972262797009287,781704.8581165863,0.01972262797009287,1,early exposure,FALSE,TRUE
03352002,Armstorf,500,RP500,781704.8581165866,0.01972262797009287,781704.8581165863,0.01972262797009287,1,early exposure,FALSE,TRUE
16075046,Hirschberg,10,RP10,477977.34345347463,0.01969958565807854,477977.3434534746,0.01969958565807854,0.44830070234083325,early exposure,FALSE,FALSE
16075046,Hirschberg,20,RP20,688328.3367826869,0.0283690915836331,688328.3367826868,0.0283690915836331,0.6455914303201957,early exposure,FALSE,FALSE
16075046,Hirschberg,50,RP50,855724.241360738,0.03526822604306349,855724.241360738,0.03526822604306349,0.8025940636440158,early exposure,FALSE,FALSE
16075046,Hirschberg,100,RP100,963959.0256114692,0.03972906594004591,963959.0256114692,0.03972906594004591,0.9041087702757838,early exposure,FALSE,FALSE
16075046,Hirschberg,200,RP200,989049.4545846848,0.04076315481795087,989049.4545846848,0.04076315481795087,0.9276413855446501,early exposure,FALSE,FALSE
16075046,Hirschberg,500,RP500,1066198.0696387107,0.04394279454664199,1066198.0696387105,0.04394279454664199,1,early exposure,FALSE,FALSE
03352029,Lamstedt,10,RP10,2777792.2004154944,0.05266086934940004,2777792.2004154944,0.05266086934940004,0.25777495786678295,early exposure,FALSE,FALSE
03352029,Lamstedt,20,RP20,7182244.240721167,0.136159654253304,7182244.240721167,0.136159654253304,0.6665015137791501,early exposure,FALSE,FALSE
03352029,Lamstedt,50,RP50,10290341.755557796,0.19508239049308632,10290341.755557796,0.19508239049308632,0.9549283103599114,early exposure,FALSE,FALSE
03352029,Lamstedt,100,RP100,10405397.060787449,0.19726358763077995,10405397.060787447,0.19726358763077995,0.9656052704483898,early exposure,FALSE,FALSE
03352029,Lamstedt,200,RP200,10776035.90124936,0.20429009002734455,10776035.90124936,0.20429009002734455,1,early exposure,FALSE,FALSE
03352029,Lamstedt,500,RP500,10776035.90124936,0.20429009002734455,10776035.90124936,0.20429009002734455,1,early exposure,FALSE,FALSE
14522360,Mittweida,10,RP10,1992724.8650328629,0.04845196872643605,1992724.8650328629,0.04845196872643605,0.5198960085863769,early exposure,FALSE,FALSE
14522360,Mittweida,20,RP20,2759048.9807176013,0.06708470259702905,2759048.9807176013,0.06708470259702905,0.7198276981131244,early exposure,FALSE,FALSE
14522360,Mittweida,50,RP50,3525510.407876056,0.08572077511780254,3525510.407876056,0.08572077511780254,0.9197952117962176,early exposure,FALSE,FALSE
14522360,Mittweida,100,RP100,3730809.2383781425,0.09071249910820749,3730809.238378143,0.09071249910820749,0.9733570679352113,early exposure,FALSE,FALSE
14522360,Mittweida,200,RP200,3740809.2383781425,0.09095564340562978,3740809.2383781425,0.09095564340562978,0.975966038283849,early exposure,FALSE,FALSE
14522360,Mittweida,500,RP500,3832929.7246408593,0.09319550049668464,3832929.7246408584,0.09319550049668464,1,early exposure,FALSE,FALSE
16068062,Wundersleben,10,RP10,1923463.4106519972,0.27702685552065326,1923463.410651997,0.27702685552065326,0.9794669324711529,early exposure,FALSE,FALSE
16068062,Wundersleben,20,RP20,1933607.9943775823,0.27848792939110045,1933607.9943775823,0.27848792939110045,0.9846327621135934,early exposure,FALSE,FALSE
16068062,Wundersleben,50,RP50,1933607.9943775823,0.27848792939110045,1933607.9943775823,0.27848792939110045,0.9846327621135934,early exposure,FALSE,FALSE
16068062,Wundersleben,100,RP100,1933607.9943775823,0.27848792939110045,1933607.9943775823,0.27848792939110045,0.9846327621135934,early exposure,FALSE,FALSE
16068062,Wundersleben,200,RP200,1963785.9603888637,0.28283431153895766,1963785.9603888635,0.28283431153895766,1,early exposure,FALSE,FALSE
16068062,Wundersleben,500,RP500,1963785.9603888637,0.28283431153895766,1963785.9603888635,0.28283431153895766,1,early exposure,FALSE,FALSE
16068064,Kindelbrück,10,RP10,8057721.064526898,0.12493044200142044,8057721.064526897,0.12493044200142044,0.7792356316060428,early exposure,FALSE,FALSE
16068064,Kindelbrück,20,RP20,8457721.064526899,0.13113221746626802,8457721.064526899,0.13113221746626802,0.8179183124963771,early exposure,FALSE,FALSE
16068064,Kindelbrück,50,RP50,9431474.607809303,0.146229719550111,9431474.607809305,0.146229719550111,0.9120868064479407,early exposure,FALSE,FALSE
16068064,Kindelbrück,100,RP100,9841474.607809309,0.15258653940157976,9841474.607809307,0.15258653940157976,0.9517365543605334,early exposure,FALSE,FALSE
16068064,Kindelbrück,200,RP200,10021216.473875158,0.15537333613901252,10021216.473875158,0.15537333613901252,0.9691187974796794,early exposure,FALSE,FALSE
16068064,Kindelbrück,500,RP500,10340544.936221074,0.16032434469652354,10340544.936221074,0.16032434469652354,1,early exposure,FALSE,FALSE
16071101,Ilmtal-Weinstraße,10,RP10,1862586.0494828336,0.02199803144411009,1862586.0494828334,0.02199803144411009,0.666179225326511,early exposure,FALSE,FALSE
16071101,Ilmtal-Weinstraße,20,RP20,2333484.435526431,0.0275595664432818,2333484.435526431,0.0275595664432818,0.8346024356845672,early exposure,FALSE,FALSE
16071101,Ilmtal-Weinstraße,50,RP50,2470997.0735575533,0.02918365642087563,2470997.073557553,0.02918365642087563,0.8837857003727214,early exposure,FALSE,FALSE
16071101,Ilmtal-Weinstraße,100,RP100,2525923.3471592185,0.02983236196343712,2525923.347159218,0.02983236196343712,0.903430828933729,early exposure,FALSE,FALSE
16071101,Ilmtal-Weinstraße,200,RP200,2535923.3471592185,0.02995046674281211,2535923.347159218,0.02995046674281211,0.9070074648991464,early exposure,FALSE,FALSE
16071101,Ilmtal-Weinstraße,500,RP500,2795923.3471592185,0.0330211910065618,2795923.347159218,0.0330211910065618,1,early exposure,FALSE,FALSE
16075079,Paska,10,RP10,446803.8499009688,0.06859844482499435,446803.84990096884,0.06859844482499435,0.937310840761665,early exposure,FALSE,FALSE
16075079,Paska,20,RP20,446803.8499009688,0.06859844482499435,446803.84990096884,0.06859844482499435,0.937310840761665,early exposure,FALSE,FALSE
16075079,Paska,50,RP50,456699.0253652849,0.07011766550376193,456699.0253652848,0.07011766550376193,0.9580690666274403,early exposure,FALSE,FALSE
16075079,Paska,100,RP100,466686.9542849767,0.07165112675541702,466686.95428497676,0.07165112675541702,0.9790218718802579,early exposure,FALSE,FALSE
16075079,Paska,200,RP200,476686.9542849766,0.07318644129758575,476686.95428497664,0.07318644129758575,1,early exposure,FALSE,FALSE
16075079,Paska,500,RP500,476686.9542849766,0.07318644129758575,476686.95428497664,0.07318644129758575,1,early exposure,FALSE,FALSE
03352036,Mittelstenahe,10,RP10,0,0,0,0,0,early exposure,FALSE,FALSE
03352036,Mittelstenahe,20,RP20,0,0,0,0,0,early exposure,FALSE,FALSE
03352036,Mittelstenahe,50,RP50,816323.9861922973,0.02415926758106627,816323.9861922971,0.02415926758106627,0.22874989855662922,early exposure,FALSE,FALSE
03352036,Mittelstenahe,100,RP100,2983366.048559868,0.08829330006045867,2983366.0485598682,0.08829330006045867,0.8359973399147453,early exposure,FALSE,FALSE
03352036,Mittelstenahe,200,RP200,2998093.821828446,0.08872917138273662,2998093.821828446,0.08872917138273662,0.8401243491636914,early exposure,FALSE,FALSE
03352036,Mittelstenahe,500,RP500,3568631.030409871,0.1056143313440002,3568631.0304098707,0.1056143313440002,1,early exposure,FALSE,FALSE
14625160,Großdubrau,10,RP10,426028.14648122375,0.00783370015427523,426028.14648122364,0.00783370015427523,0.912757375016158,early exposure,FALSE,TRUE
14625160,Großdubrau,20,RP20,426028.14648122375,0.00783370015427523,426028.14648122364,0.00783370015427523,0.912757375016158,early exposure,FALSE,TRUE
14625160,Großdubrau,50,RP50,426028.14648122375,0.00783370015427523,426028.14648122364,0.00783370015427523,0.912757375016158,early exposure,FALSE,TRUE
14625160,Großdubrau,100,RP100,426028.14648122375,0.00783370015427523,426028.14648122364,0.00783370015427523,0.912757375016158,early exposure,FALSE,TRUE
14625160,Großdubrau,200,RP200,431995.0124510411,0.00794341740947155,431995.0124510407,0.00794341740947155,0.9255412743070078,early exposure,FALSE,TRUE
14625160,Großdubrau,500,RP500,466748.5118634975,0.00858245615833732,466748.5118634971,0.00858245615833732,1,early exposure,FALSE,TRUE
14522350,Lunzenau,10,RP10,2628033.1882266426,0.09345394685766968,2628033.188226643,0.09345394685766968,0.8658372842297319,early exposure,FALSE,FALSE
14522350,Lunzenau,20,RP20,2775653.5029036957,0.0987033862881705,2775653.5029036957,0.0987033862881705,0.9144725803628699,early exposure,FALSE,FALSE
14522350,Lunzenau,50,RP50,2885824.938255167,0.10262112808484744,2885824.9382551676,0.10262112808484744,0.9507698907666164,early exposure,FALSE,FALSE
14522350,Lunzenau,100,RP100,2903626.90852354,0.1032541735086554,2903626.9085235405,0.1032541735086554,0.9566349649445827,early exposure,FALSE,FALSE
14522350,Lunzenau,200,RP200,3004842.4458741634,0.10685343986918353,3004842.4458741634,0.10685343986918353,0.9899816465519988,early exposure,FALSE,FALSE
14522350,Lunzenau,500,RP500,3035250.65978719,0.10793476852964166,3035250.65978719,0.10793476852964166,1,early exposure,FALSE,FALSE
15091145,Jessen (Elster),10,RP10,83711232.02193703,0.23622674528882204,83711232.02193703,0.23622674528882204,0.7769671799044211,early exposure,FALSE,FALSE
15091145,Jessen (Elster),20,RP20,97876212.55407728,0.27619924560168496,97876212.55407728,0.27619924560168496,0.9084396802084893,early exposure,FALSE,FALSE
15091145,Jessen (Elster),50,RP50,100993069.20559734,0.2849947785849703,100993069.20559734,0.2849947785849703,0.9373688365977211,early exposure,FALSE,FALSE
15091145,Jessen (Elster),100,RP100,103747314.08025128,0.29276704864662006,103747314.08025128,0.29276704864662006,0.9629324058026909,early exposure,FALSE,FALSE
15091145,Jessen (Elster),200,RP200,105169946.05215636,0.2967816081310497,105169946.05215636,0.2967816081310497,0.97613658790054,early exposure,FALSE,FALSE
15091145,Jessen (Elster),500,RP500,107741014.27583438,0.3040369675819274,107741014.2758344,0.3040369675819274,1,early exposure,FALSE,FALSE
03352020,Hechthausen,10,RP10,13562183.483860586,0.4417532478487486,13562183.483860588,0.4417532478487486,0.7283022628625068,early exposure,FALSE,FALSE
03352020,Hechthausen,20,RP20,15013191.43641702,0.4890161002101667,15013191.436417019,0.4890161002101667,0.8062227818214143,early exposure,FALSE,FALSE
03352020,Hechthausen,50,RP50,18138507.036716446,0.5908152182229566,18138507.036716446,0.5908152182229566,0.9740552275751739,early exposure,FALSE,FALSE
03352020,Hechthausen,100,RP100,18610820.56180168,0.6061996166096609,18610820.56180168,0.6061996166096609,0.9994189169478696,early exposure,FALSE,FALSE
03352020,Hechthausen,200,RP200,18621641.281953476,0.6065520737399458,18621641.281953476,0.6065520737399458,1,early exposure,FALSE,FALSE
03352020,Hechthausen,500,RP500,18621641.281953476,0.6065520737399458,18621641.281953476,0.6065520737399458,1,early exposure,FALSE,FALSE
03352022,Hemmoor,10,RP10,17648765.63498802,0.3910120803711664,17648765.63498802,0.3910120803711664,0.8079895464779112,early exposure,FALSE,FALSE
03352022,Hemmoor,20,RP20,18244853.161870506,0.40421852374460865,18244853.161870502,0.40421852374460865,0.8352794148159041,early exposure,FALSE,FALSE
03352022,Hemmoor,50,RP50,21429369.123575255,0.4747721384797281,21429369.123575255,0.4747721384797281,0.9810717983097674,early exposure,FALSE,FALSE
03352022,Hemmoor,100,RP100,21475680.94596362,0.4757981865554052,21475680.94596362,0.4757981865554052,0.9831920297832909,early exposure,FALSE,FALSE
03352022,Hemmoor,200,RP200,21505680.94596362,0.4764628428069381,21505680.94596362,0.4764628428069381,0.9845654791732178,early exposure,FALSE,FALSE
03352022,Hemmoor,500,RP500,21842814.3184777,0.483932102928334,21842814.3184777,0.483932102928334,1,early exposure,FALSE,FALSE
03352024,Hollnseth,10,RP10,1588473.3173222148,0.07600069287602469,1588473.3173222148,0.07600069287602469,0.24949924727175177,early exposure,FALSE,FALSE
03352024,Hollnseth,20,RP20,3058373.2114758645,0.14632822636106602,3058373.2114758645,0.14632822636106602,0.48037433541890245,early exposure,FALSE,FALSE
03352024,Hollnseth,50,RP50,4647363.356453434,0.22235364691710652,4647363.356453434,0.22235364691710652,0.7299547600762445,early exposure,FALSE,FALSE
03352024,Hollnseth,100,RP100,5467319.2649792265,0.2615845338927861,5467319.2649792265,0.2615845338927861,0.8587440697500643,early exposure,FALSE,FALSE
03352024,Hollnseth,200,RP200,6304294.033858147,0.3016296902456677,6304294.033858147,0.3016296902456677,0.9902065076415408,early exposure,FALSE,FALSE
03352024,Hollnseth,500,RP500,6366645.73016554,0.304612914496073,6366645.73016554,0.304612914496073,1,early exposure,FALSE,FALSE
01051003,Averlak,10,RP10,8514067.412571145,0.9444094141417778,8514067.412571147,0.9444094141417778,0.963771078403534,early exposure,FALSE,FALSE
01051003,Averlak,20,RP20,8763214.057106301,0.9720456102392409,8763214.057106303,0.9720456102392409,0.9919738537221471,early exposure,FALSE,FALSE
01051003,Averlak,50,RP50,8803214.057106301,0.9764825467509126,8803214.057106303,0.9764825467509126,0.9965017534048793,early exposure,FALSE,FALSE
01051003,Averlak,100,RP100,8834117.98025161,0.9799105153748456,8834117.980251612,0.9799105153748456,1,early exposure,FALSE,FALSE
01051003,Averlak,200,RP200,8834117.98025161,0.9799105153748456,8834117.980251612,0.9799105153748456,1,early exposure,FALSE,FALSE
01051003,Averlak,500,RP500,8834117.98025161,0.9799105153748456,8834117.980251612,0.9799105153748456,1,early exposure,FALSE,FALSE
03352025,Ihlienworth,10,RP10,4681451.806105086,0.11627113953339252,4681451.806105086,0.11627113953339252,0.1336728177820394,early exposure,FALSE,FALSE
03352025,Ihlienworth,20,RP20,21784584.234998357,0.5410540443802616,21784584.234998357,0.5410540443802616,0.622030703190167,early exposure,FALSE,FALSE
03352025,Ihlienworth,50,RP50,26924996.49614559,0.668724180916875,26924996.49614559,0.668724180916875,0.7688085447590589,early exposure,FALSE,FALSE
03352025,Ihlienworth,100,RP100,28623586.5102821,0.7109113067751691,28623586.5102821,0.7109113067751691,0.817309591624469,early exposure,FALSE,FALSE
03352025,Ihlienworth,200,RP200,35001718.57960262,0.8693221405313257,35001718.57960262,0.8693221405313257,0.9994289257977291,early exposure,FALSE,FALSE
03352025,Ihlienworth,500,RP500,35021718.57960262,0.8698188716495732,35021718.57960262,0.8698188716495732,1,early exposure,FALSE,FALSE
15001000,Dessau-Roßlau,10,RP10,74244934.5781143,0.3013778990387143,74244934.5781143,0.3013778990387143,0.8099612350701789,early exposure,FALSE,FALSE
15001000,Dessau-Roßlau,20,RP20,79533798.69023758,0.32284666001844087,79533798.6902376,0.32284666001844087,0.8676591094466012,early exposure,FALSE,FALSE
15001000,Dessau-Roßlau,50,RP50,85143047.45546617,0.3456159387262224,85143047.45546618,0.3456159387262224,0.9288521603061229,early exposure,FALSE,FALSE
15001000,Dessau-Roßlau,100,RP100,86345724.09973137,0.35049789009881377,86345724.09973139,0.35049789009881377,0.9419725363387023,early exposure,FALSE,FALSE
15001000,Dessau-Roßlau,200,RP200,88610977.05073601,0.3596930921559554,88610977.05073601,0.3596930921559554,0.9666848899607758,early exposure,FALSE,FALSE
15001000,Dessau-Roßlau,500,RP500,91664799.9477177,0.3720892877207901,91664799.9477177,0.3720892877207901,1,early exposure,FALSE,FALSE
14627310,Weinböhla,10,RP10,0,0,0,0,0,early exposure,FALSE,FALSE
14627310,Weinböhla,20,RP20,0,0,0,0,0,early exposure,FALSE,FALSE
14627310,Weinböhla,50,RP50,893226.3319419635,0.04669349634234161,893226.3319419635,0.04669349634234161,0.5794989814779888,early exposure,FALSE,FALSE
14627310,Weinböhla,100,RP100,1331009.233282174,0.06957864154179705,1331009.233282174,0.06957864154179705,0.8635196561524279,early exposure,FALSE,FALSE
14627310,Weinböhla,200,RP200,1541376.879841662,0.08057563142432403,1541376.8798416618,0.08057563142432403,1,early exposure,FALSE,FALSE
14627310,Weinböhla,500,RP500,1541376.879841662,0.08057563142432403,1541376.8798416618,0.08057563142432403,1,early exposure,FALSE,FALSE
14521495,Pockau-Lengefeld,10,RP10,757610.9029320797,0.00907261117533808,757610.9029320796,0.00907261117533808,0.891174951257015,early exposure,FALSE,TRUE
14521495,Pockau-Lengefeld,20,RP20,794631.4463971416,0.00951594296354008,794631.4463971416,0.00951594296354008,0.9347220819679132,early exposure,FALSE,TRUE
14521495,Pockau-Lengefeld,50,RP50,800125.8948800778,0.00958174058408076,800125.8948800778,0.00958174058408076,0.9411851817464597,early exposure,FALSE,TRUE
14521495,Pockau-Lengefeld,100,RP100,810125.8948800778,0.00970149349603365,810125.8948800772,0.00970149349603365,0.9529481453971671,early exposure,FALSE,TRUE
14521495,Pockau-Lengefeld,200,RP200,820125.8948800778,0.00982124640798655,820125.8948800773,0.00982124640798655,0.9647111090478753,early exposure,FALSE,TRUE
14521495,Pockau-Lengefeld,500,RP500,850125.8948800778,0.01018050514384525,850125.8948800778,0.01018050514384525,1,early exposure,FALSE,TRUE
12062410,Röderland,10,RP10,9630650.744403264,0.20540608014510317,9630650.744403265,0.20540608014510317,0.5648353439683276,early exposure,FALSE,FALSE
12062410,Röderland,20,RP20,12101110.694099411,0.258096963439511,12101110.694099413,0.258096963439511,0.7097272243282837,early exposure,FALSE,FALSE
12062410,Röderland,50,RP50,12488750.198378831,0.26636468212193737,12488750.198378831,0.26636468212193737,0.7324621877846855,early exposure,FALSE,FALSE
12062410,Röderland,100,RP100,16139546.575174192,0.34423021717950064,16139546.575174192,0.34423021717950064,0.9465805149853573,early exposure,FALSE,FALSE
12062410,Röderland,200,RP200,16940368.47861152,0.36131044285116626,16940368.47861152,0.36131044285116626,0.9935485265237535,early exposure,FALSE,FALSE
12062410,Röderland,500,RP500,17050368.478611514,0.36365656352521214,17050368.478611514,0.36365656352521214,1,early exposure,FALSE,FALSE
01051010,Brickeln,10,RP10,68838.59511623684,0.01144250074886106,68838.5951162368,0.01144250074886106,0.9900617811423298,early exposure,FALSE,TRUE
01051010,Brickeln,20,RP20,69529.59545293334,0.01155736032518975,69529.59545293332,0.01155736032518975,1,early exposure,FALSE,TRUE
01051010,Brickeln,50,RP50,69529.59545293334,0.01155736032518975,69529.59545293332,0.01155736032518975,1,early exposure,FALSE,TRUE
01051010,Brickeln,100,RP100,69529.59545293334,0.01155736032518975,69529.59545293332,0.01155736032518975,1,early exposure,FALSE,TRUE
01051010,Brickeln,200,RP200,69529.59545293334,0.01155736032518975,69529.59545293332,0.01155736032518975,1,early exposure,FALSE,TRUE
01051010,Brickeln,500,RP500,69529.59545293334,0.01155736032518975,69529.59545293332,0.01155736032518975,1,early exposure,FALSE,TRUE
01051011,Brunsbüttel,10,RP10,38217868.39725866,0.7671343330900409,38217868.39725866,0.7671343330900409,0.8710899104331673,early exposure,FALSE,FALSE
01051011,Brunsbüttel,20,RP20,41725923.003476955,0.8375503254947285,41725923.003476955,0.8375503254947285,0.9510480844726318,early exposure,FALSE,FALSE
01051011,Brunsbüttel,50,RP50,42719112.5064951,0.8574862821292044,42719112.5064951,0.8574862821292044,0.973685593876199,early exposure,FALSE,FALSE
01051011,Brunsbüttel,100,RP100,43191315.63720808,0.8669646557003613,43191315.63720808,0.8669646557003613,0.9844483967244221,early exposure,FALSE,FALSE
01051011,Brunsbüttel,200,RP200,43573620.78187089,0.8746385374338813,43573620.78187089,0.8746385374338813,0.9931621782142959,early exposure,FALSE,FALSE
01051011,Brunsbüttel,500,RP500,43873620.78187089,0.8806603358642595,43873620.78187089,0.8806603358642595,1,early exposure,FALSE,FALSE
01051012,Buchholz,10,RP10,5831177.902873827,0.4005875931905525,5831177.902873827,0.4005875931905525,0.9525710311720296,early exposure,FALSE,FALSE
01051012,Buchholz,20,RP20,6115725.985863539,0.42013534728251,6115725.985863539,0.42013534728251,0.9990543087098231,early exposure,FALSE,FALSE
01051012,Buchholz,50,RP50,6121515.049328376,0.4205330417172936,6121515.049328376,0.4205330417172936,1,early exposure,FALSE,FALSE
01051012,Buchholz,100,RP100,6121515.049328376,0.4205330417172936,6121515.049328376,0.4205330417172936,1,early exposure,FALSE,FALSE
01051012,Buchholz,200,RP200,6121515.049328376,0.4205330417172936,6121515.049328376,0.4205330417172936,1,early exposure,FALSE,FALSE
01051012,Buchholz,500,RP500,6121515.049328376,0.4205330417172936,6121515.049328376,0.4205330417172936,1,early exposure,FALSE,FALSE
12070008,Bad Wilsnack,10,RP10,11621774.404612644,0.14580862442291434,11621774.404612644,0.14580862442291434,0.7517399475031468,early exposure,FALSE,FALSE
12070008,Bad Wilsnack,20,RP20,12558595.372323344,0.1575621288256694,12558595.372323345,0.1575621288256694,0.8123370405603976,early exposure,FALSE,FALSE
12070008,Bad Wilsnack,50,RP50,14919560.173298566,0.18718316757208367,14919560.173298568,0.18718316757208367,0.9650530969689152,early exposure,FALSE,FALSE
12070008,Bad Wilsnack,100,RP100,15099833.47461257,0.1894449049944122,15099833.47461257,0.1894449049944122,0.9767138500818151,early exposure,FALSE,FALSE
12070008,Bad Wilsnack,200,RP200,15109833.47461257,0.18957036658000712,15109833.47461257,0.18957036658000712,0.9773606875795424,early exposure,FALSE,FALSE
12070008,Bad Wilsnack,500,RP500,15459833.47461257,0.19396152207582928,15459833.474612571,0.19396152207582928,1,early exposure,FALSE,FALSE
15091160,Kemberg,10,RP10,95333319.91602916,0.4019771864887374,95333319.91602917,0.4019771864887374,0.8766999807085601,early exposure,FALSE,FALSE
15091160,Kemberg,20,RP20,100349308.45960842,0.423127325432642,100349308.4596084,0.423127325432642,0.9228277885229074,early exposure,FALSE,FALSE
15091160,Kemberg,50,RP50,104690504.43878452,0.44143217149530406,104690504.43878451,0.44143217149530406,0.9627500993639446,early exposure,FALSE,FALSE
15091160,Kemberg,100,RP100,106031958.17032523,0.44708847085930953,106031958.17032525,0.44708847085930953,0.9750863157214478,early exposure,FALSE,FALSE
15091160,Kemberg,200,RP200,107172826.59312344,0.45189899334141975,107172826.59312345,0.45189899334141975,0.9855779185014535,early exposure,FALSE,FALSE
15091160,Kemberg,500,RP500,108741099.59370545,0.45851168624853206,108741099.59370543,0.45851168624853206,1,early exposure,FALSE,FALSE
16064003,Bad Langensalza,10,RP10,2595382.8039214117,0.0202216474908801,2595382.8039214117,0.0202216474908801,0.6706751823817346,early exposure,FALSE,FALSE
16064003,Bad Langensalza,20,RP20,2947076.5238074083,0.02296183148899612,2947076.523807408,0.02296183148899612,0.7615566698334768,early exposure,FALSE,FALSE
16064003,Bad Langensalza,50,RP50,3023275.807807582,0.02355553005931139,3023275.807807582,0.02355553005931139,0.7812473946918518,early exposure,FALSE,FALSE
16064003,Bad Langensalza,100,RP100,3542045.810739282,0.02759747104477125,3542045.8107392825,0.02759747104477125,0.915303213280425,early exposure,FALSE,FALSE
16064003,Bad Langensalza,200,RP200,3729805.939000995,0.02906038399958243,3729805.9390009954,0.02906038399958243,0.9638224752851198,early exposure,FALSE,FALSE
16064003,Bad Langensalza,500,RP500,3869805.939000995,0.03015117902390244,3869805.9390009944,0.03015117902390244,1,early exposure,FALSE,FALSE
16064004,Bad Tennstedt,10,RP10,48570.98411822946,0.00176703377617857,48570.984118229244,0.00176703377617857,0.5292820626539609,early exposure,FALSE,TRUE
16064004,Bad Tennstedt,20,RP20,91767.6746396458,0.00333854838631446,91767.67463964569,0.00333854838631446,1,early exposure,FALSE,TRUE
16064004,Bad Tennstedt,50,RP50,91767.6746396458,0.00333854838631446,91767.67463964569,0.00333854838631446,1,early exposure,FALSE,TRUE
16064004,Bad Tennstedt,100,RP100,91767.6746396458,0.00333854838631446,91767.67463964569,0.00333854838631446,1,early exposure,FALSE,TRUE
16064004,Bad Tennstedt,200,RP200,91767.6746396458,0.00333854838631446,91767.67463964569,0.00333854838631446,1,early exposure,FALSE,TRUE
16064004,Bad Tennstedt,500,RP500,91767.6746396458,0.00333854838631446,91767.67463964569,0.00333854838631446,1,early exposure,FALSE,TRUE
16064005,Ballhausen,10,RP10,107222.7243385718,0.00726515757160929,107222.72433857176,0.00726515757160929,0.11382128599843105,early exposure,FALSE,FALSE
16064005,Ballhausen,20,RP20,252608.38784912069,0.01711614541558384,252608.38784912063,0.01711614541558384,0.2681540852122723,early exposure,FALSE,FALSE
16064005,Ballhausen,50,RP50,527665.4039336768,0.03575335665376258,527665.4039336767,0.03575335665376258,0.5601383029866472,early exposure,FALSE,FALSE
16064005,Ballhausen,100,RP100,720999.1957239783,0.04885319598295187,720999.1957239783,0.04885319598295187,0.76536999192452,early exposure,FALSE,FALSE
16064005,Ballhausen,200,RP200,850999.1957239783,0.05766168774750451,850999.1957239783,0.05766168774750451,0.9033702831041494,early exposure,FALSE,FALSE
16064005,Ballhausen,500,RP500,942026.997832811,0.0638295157876659,942026.9978328109,0.0638295157876659,1,early exposure,FALSE,FALSE
01058075,Hörsten,10,RP10,0,0,0,0,0,early exposure,FALSE,TRUE
01058075,Hörsten,20,RP20,81184.53084248047,0.00918858863595376,81184.53084248047,0.00918858863595376,1,early exposure,FALSE,TRUE
01058075,Hörsten,50,RP50,81184.53084248047,0.00918858863595376,81184.53084248047,0.00918858863595376,1,early exposure,FALSE,TRUE
01058075,Hörsten,100,RP100,81184.53084248047,0.00918858863595376,81184.53084248047,0.00918858863595376,1,early exposure,FALSE,TRUE
01058075,Hörsten,200,RP200,81184.53084248047,0.00918858863595376,81184.53084248047,0.00918858863595376,1,early exposure,FALSE,TRUE
01058075,Hörsten,500,RP500,81184.53084248047,0.00918858863595376,81184.53084248047,0.00918858863595376,1,early exposure,FALSE,TRUE
12061572,Zeuthen,10,RP10,1147950.342757693,0.08553424742719347,1147950.342757693,0.08553424742719347,0.7740663423023948,early exposure,FALSE,FALSE
12061572,Zeuthen,20,RP20,1268779.1447356455,0.09453725065805275,1268779.1447356453,0.09453725065805275,0.8555415641026429,early exposure,FALSE,FALSE
12061572,Zeuthen,50,RP50,1268779.1447356455,0.09453725065805275,1268779.1447356453,0.09453725065805275,0.8555415641026429,early exposure,FALSE,FALSE
12061572,Zeuthen,100,RP100,1483012.8633977445,0.11049989226088695,1483012.8633977445,0.11049989226088695,1,early exposure,FALSE,FALSE
12061572,Zeuthen,200,RP200,1483012.8633977445,0.11049989226088695,1483012.8633977445,0.11049989226088695,1,early exposure,FALSE,FALSE
12061572,Zeuthen,500,RP500,1483012.8633977445,0.11049989226088695,1483012.8633977445,0.11049989226088695,1,early exposure,FALSE,FALSE
15083120,Burgstall,10,RP10,0,0,0,0,0,early exposure,FALSE,TRUE
15083120,Burgstall,20,RP20,0,0,0,0,0,early exposure,FALSE,TRUE
15083120,Burgstall,50,RP50,892553.7458185307,0.0076120744711087,892553.7458185304,0.0076120744711087,0.5934018283964629,early exposure,FALSE,TRUE
15083120,Burgstall,100,RP100,1383967.3987138446,0.01180305718725678,1383967.3987138441,0.01180305718725678,0.9201112971463163,early exposure,FALSE,TRUE
15083120,Burgstall,200,RP200,1469500.0004342096,0.01253251525860913,1469500.0004342094,0.01253251525860913,0.9769764467086269,early exposure,FALSE,TRUE
15083120,Burgstall,500,RP500,1504130.4274886712,0.01282785813397078,1504130.4274886705,0.01282785813397078,1,early exposure,FALSE,TRUE
12071301,Neuhausen/Spree,10,RP10,5146105.524519751,0.03809226021993161,5146105.524519751,0.03809226021993161,0.4767806855572115,early exposure,FALSE,FALSE
12071301,Neuhausen/Spree,20,RP20,7316105.524519751,0.05415493213433346,7316105.524519751,0.05415493213433346,0.6778286591616202,early exposure,FALSE,FALSE
12071301,Neuhausen/Spree,50,RP50,8023623.806083451,0.05939209067359571,8023623.80608345,0.05939209067359571,0.7433794042291111,early exposure,FALSE,FALSE
12071301,Neuhausen/Spree,100,RP100,8473443.779094193,0.06272172691646054,8473443.779094193,0.06272172691646054,0.7850547010312309,early exposure,FALSE,FALSE
12071301,Neuhausen/Spree,200,RP200,9573443.779094197,0.07086409516800066,9573443.779094195,0.07086409516800066,0.8869684203698713,early exposure,FALSE,FALSE
12071301,Neuhausen/Spree,500,RP500,10793443.779094197,0.07989472177425425,10793443.779094197,0.07989472177425425,1,early exposure,FALSE,FALSE
12061112,Eichwalde,10,RP10,30558.929602602097,0.01078787854634949,30558.92960260209,0.01078787854634949,0.4990116278258022,early exposure,FALSE,FALSE
12061112,Eichwalde,20,RP20,47962.00335802447,0.01693149183543121,47962.00335802447,0.01693149183543121,0.7831948854463947,early exposure,FALSE,FALSE
12061112,Eichwalde,50,RP50,47962.00335802447,0.01693149183543121,47962.00335802447,0.01693149183543121,0.7831948854463947,early exposure,FALSE,FALSE
12061112,Eichwalde,100,RP100,61238.9128801419,0.02161849132324304,61238.912880141885,0.02161849132324304,1,early exposure,FALSE,FALSE
12061112,Eichwalde,200,RP200,61238.9128801419,0.02161849132324304,61238.912880141885,0.02161849132324304,1,early exposure,FALSE,FALSE
12061112,Eichwalde,500,RP500,61238.9128801419,0.02161849132324304,61238.912880141885,0.02161849132324304,1,early exposure,FALSE,FALSE
15083125,Calvörde,10,RP10,21696.079841264574,1.7689304513215934e-4,21696.079841264574,1.7689304513215934e-4,0.5009698653325827,early exposure,FALSE,TRUE
15083125,Calvörde,20,RP20,21696.079841264574,1.7689304513215934e-4,21696.079841264574,1.7689304513215934e-4,0.5009698653325827,early exposure,FALSE,TRUE
15083125,Calvörde,50,RP50,43308.1535290771,3.531011690987121e-4,43308.1535290771,3.531011690987121e-4,1,early exposure,FALSE,TRUE
15083125,Calvörde,100,RP100,43308.1535290771,3.531011690987121e-4,43308.1535290771,3.531011690987121e-4,1,early exposure,FALSE,TRUE
15083125,Calvörde,200,RP200,43308.1535290771,3.531011690987121e-4,43308.1535290771,3.531011690987121e-4,1,early exposure,FALSE,TRUE
15083125,Calvörde,500,RP500,43308.1535290771,3.531011690987121e-4,43308.1535290771,3.531011690987121e-4,1,early exposure,FALSE,TRUE
14521035,Aue-Bad Schlema,10,RP10,662834.2091141182,0.01831759361646266,662834.209114118,0.01831759361646266,0.9308932055626069,early exposure,FALSE,TRUE
14521035,Aue-Bad Schlema,20,RP20,702041.0860808883,0.01940108573164451,702041.0860808882,0.01940108573164451,0.9859558665988779,early exposure,FALSE,TRUE
14521035,Aue-Bad Schlema,50,RP50,702041.0860808883,0.01940108573164451,702041.0860808882,0.01940108573164451,0.9859558665988779,early exposure,FALSE,TRUE
14521035,Aue-Bad Schlema,100,RP100,712041.0860808883,0.0196774383001238,712041.0860808879,0.0196774383001238,1,early exposure,FALSE,TRUE
14521035,Aue-Bad Schlema,200,RP200,712041.0860808883,0.0196774383001238,712041.0860808879,0.0196774383001238,1,early exposure,FALSE,TRUE
14521035,Aue-Bad Schlema,500,RP500,712041.0860808883,0.0196774383001238,712041.0860808879,0.0196774383001238,1,early exposure,FALSE,TRUE
14628210,Königstein/Sächs.Schw.,10,RP10,1521325.5704626848,0.05576160438818229,1521325.5704626848,0.05576160438818229,0.7695304362581593,early exposure,FALSE,FALSE
14628210,Königstein/Sächs.Schw.,20,RP20,1591325.5704626848,0.05832733547359725,1591325.5704626848,0.05832733547359725,0.8049384590929352,early exposure,FALSE,FALSE
14628210,Königstein/Sächs.Schw.,50,RP50,1710942.5735586982,0.06271169351913466,1710942.573558698,0.06271169351913466,0.8654441959079507,early exposure,FALSE,FALSE
14628210,Königstein/Sächs.Schw.,100,RP100,1790740.6545894784,0.06563655661995088,1790740.6545894784,0.06563655661995088,0.9058083712695103,early exposure,FALSE,FALSE
14628210,Königstein/Sächs.Schw.,200,RP200,1857171.4830202572,0.06807146578473255,1857171.4830202572,0.06807146578473255,0.9394110039839402,early exposure,FALSE,FALSE
14628210,Königstein/Sächs.Schw.,500,RP500,1976953.0856506836,0.07246185694658552,1976953.0856506836,0.07246185694658552,1,early exposure,FALSE,FALSE
14730180,Löbnitz,10,RP10,9308251.59590353,0.24965537617531744,9308251.59590353,0.24965537617531744,0.6551701040046306,early exposure,FALSE,FALSE
14730180,Löbnitz,20,RP20,10322412.561871184,0.27685605235519256,10322412.561871184,0.27685605235519256,0.7265527840605587,early exposure,FALSE,FALSE
14730180,Löbnitz,50,RP50,11097376.299445467,0.2976412515338959,11097376.299445469,0.2976412515338959,0.7810993406630693,early exposure,FALSE,FALSE
14730180,Löbnitz,100,RP100,12275664.8923994,0.32924397293502977,12275664.892399399,0.32924397293502977,0.8640342991823294,early exposure,FALSE,FALSE
14730180,Löbnitz,200,RP200,13200024.64632391,0.3540361027684034,13200024.646323912,0.3540361027684034,0.9290962358819069,early exposure,FALSE,FALSE
14730180,Löbnitz,500,RP500,14207381.470870262,0.38105428597754354,14207381.470870262,0.38105428597754354,1,early exposure,FALSE,FALSE
16075098,Schleiz,10,RP10,1744310.8536276144,0.01611443675043912,1744310.8536276147,0.01611443675043912,0.799061737550691,early exposure,FALSE,FALSE
16075098,Schleiz,20,RP20,2162201.228150575,0.01997502616021251,2162201.2281505745,0.01997502616021251,0.990495625654739,early exposure,FALSE,FALSE
16075098,Schleiz,50,RP50,2172201.228150575,0.02006740898702877,2172201.228150575,0.02006740898702877,0.9950765851545263,early exposure,FALSE,FALSE
16075098,Schleiz,100,RP100,2172201.228150575,0.02006740898702877,2172201.228150575,0.02006740898702877,0.9950765851545263,early exposure,FALSE,FALSE
16075098,Schleiz,200,RP200,2182948.7906332877,0.0201666980073825,2182948.7906332877,0.0201666980073825,1,early exposure,FALSE,FALSE
16075098,Schleiz,500,RP500,2182948.7906332877,0.0201666980073825,2182948.7906332877,0.0201666980073825,1,early exposure,FALSE,FALSE
14627360,Zeithain,10,RP10,16381723.744971666,0.2007422081296266,16381723.744971668,0.2007422081296266,0.7046832240011159,early exposure,FALSE,FALSE
14627360,Zeithain,20,RP20,17934786.229695603,0.21977348941603353,17934786.229695603,0.21977348941603353,0.7714904230387859,early exposure,FALSE,FALSE
14627360,Zeithain,50,RP50,18784733.221061304,0.23018876918122033,18784733.221061304,0.23018876918122033,0.8080521057670443,early exposure,FALSE,FALSE
14627360,Zeithain,100,RP100,19054733.221061304,0.2334973584993399,19054733.221061304,0.2334973584993399,0.8196665410634948,early exposure,FALSE,FALSE
14627360,Zeithain,200,RP200,20774443.72440774,0.25457075035722904,20774443.72440774,0.25457075035722904,0.8936423424329156,early exposure,FALSE,FALSE
14627360,Zeithain,500,RP500,23246933.07151261,0.2848687201461017,23246933.071512606,0.2848687201461017,1,early exposure,FALSE,FALSE
12062464,Schraden,10,RP10,2477687.4470278537,0.14969689615464488,2477687.4470278537,0.14969689615464488,0.8343170077692484,early exposure,FALSE,FALSE
12062464,Schraden,20,RP20,2704263.190067465,0.16338614720107875,2704263.1900674645,0.16338614720107875,0.9106123436449106,early exposure,FALSE,FALSE
12062464,Schraden,50,RP50,2855334.1015754673,0.17251354806801578,2855334.1015754673,0.17251354806801578,0.9614827756687416,early exposure,FALSE,FALSE
12062464,Schraden,100,RP100,2873059.2395563647,0.1735844652827097,2873059.2395563647,0.1735844652827097,0.9674513993949744,early exposure,FALSE,FALSE
12062464,Schraden,200,RP200,2925516.549362279,0.17675383051801727,2925516.549362279,0.17675383051801727,0.9851154618276251,early exposure,FALSE,FALSE
12062464,Schraden,500,RP500,2969719.4519054093,0.1794244810553441,2969719.4519054093,0.1794244810553441,1,early exposure,FALSE,FALSE
16053000,Jena,10,RP10,8523424.90996963,0.07426126418308837,8523424.90996963,0.07426126418308837,0.8654863746040752,early exposure,FALSE,FALSE
16053000,Jena,20,RP20,8752009.639377654,0.07625283343583486,8752009.639377654,0.07625283343583486,0.8886973456438739,early exposure,FALSE,FALSE
16053000,Jena,50,RP50,9168132.980566852,0.07987835318865809,9168132.98056685,0.07987835318865809,0.9309513791759481,early exposure,FALSE,FALSE
16053000,Jena,100,RP100,9298132.980566852,0.08101099229157428,9298132.980566852,0.08101099229157428,0.9441518508040757,early exposure,FALSE,FALSE
16053000,Jena,200,RP200,9638132.980566852,0.08397327917612431,9638132.98056685,0.08397327917612431,0.9786761612161016,early exposure,FALSE,FALSE
16053000,Jena,500,RP500,9848132.980566852,0.08580292695775815,9848132.980566852,0.08580292695775815,1,early exposure,FALSE,FALSE
16064022,Herbsleben,10,RP10,3428235.0402002293,0.13703564383829225,3428235.04020023,0.13703564383829225,0.6719430244828076,early exposure,FALSE,FALSE
16064022,Herbsleben,20,RP20,4552733.576124407,0.181984831702782,4552733.576124408,0.181984831702782,0.8923476753877378,early exposure,FALSE,FALSE
16064022,Herbsleben,50,RP50,4746207.593041958,0.1897185011167463,4746207.593041958,0.1897185011167463,0.9302690881736079,early exposure,FALSE,FALSE
16064022,Herbsleben,100,RP100,4881972.809136507,0.19514539675843912,4881972.809136506,0.19514539675843912,0.956879425228212,early exposure,FALSE,FALSE
16064022,Herbsleben,200,RP200,4991972.809136506,0.19954238840150096,4991972.809136506,0.19954238840150096,0.9784397126141061,early exposure,FALSE,FALSE
16064022,Herbsleben,500,RP500,5101972.809136506,0.20393938004456277,5101972.809136506,0.20393938004456277,1,early exposure,FALSE,FALSE
03355003,Artlenburg,10,RP10,8858738.749243604,0.7515104510805511,8858738.749243604,0.7515104510805511,0.8374572921178508,early exposure,FALSE,FALSE
03355003,Artlenburg,20,RP20,9050545.355541846,0.7677819174031955,9050545.355541846,0.7677819174031955,0.8555896522277543,early exposure,FALSE,FALSE
03355003,Artlenburg,50,RP50,10195581.90359722,0.8649184237491226,10195581.90359722,0.8649184237491226,0.9638352201413923,early exposure,FALSE,FALSE
03355003,Artlenburg,100,RP100,10325581.90359722,0.8759466707045725,10325581.90359722,0.8759466707045725,0.9761247176711187,early exposure,FALSE,FALSE
03355003,Artlenburg,200,RP200,10395764.03184931,0.8819004079524425,10395764.03184931,0.8819004079524425,0.9827593568386956,early exposure,FALSE,FALSE
03355003,Artlenburg,500,RP500,10578137.93326784,0.8973716727453072,10578137.93326784,0.8973716727453072,1,early exposure,FALSE,FALSE
03355004,Bardowick,10,RP10,2354314.6997281034,0.10179529173595817,2354314.699728104,0.10179529173595817,0.896592197668401,early exposure,FALSE,FALSE
03355004,Bardowick,20,RP20,2414312.841653611,0.10438947694052228,2414312.841653611,0.10438947694052228,0.9194412526104715,early exposure,FALSE,FALSE
03355004,Bardowick,50,RP50,2454312.841653611,0.10611898730288316,2454312.8416536106,0.10611898730288316,0.9346744276447512,early exposure,FALSE,FALSE
03355004,Bardowick,100,RP100,2454312.841653611,0.10611898730288316,2454312.8416536106,0.10611898730288316,0.9346744276447512,early exposure,FALSE,FALSE
03355004,Bardowick,200,RP200,2474312.841653611,0.10698374248406362,2474312.841653611,0.10698374248406362,0.9422910151618911,early exposure,FALSE,FALSE
03355004,Bardowick,500,RP500,2625847.8557481626,0.11353577691248938,2625847.8557481626,0.11353577691248938,1,early exposure,FALSE,FALSE
12062453,Schönborn,10,RP10,1623005.0466731945,0.04169056530670412,1623005.0466731943,0.04169056530670412,0.3908025702914371,early exposure,FALSE,FALSE
12062453,Schönborn,20,RP20,2353005.046673195,0.06044227081512341,2353005.0466731954,0.06044227081512341,0.566578903764659,early exposure,FALSE,FALSE
12062453,Schönborn,50,RP50,2743005.046673195,0.07046030526482686,2743005.0466731954,0.07046030526482686,0.660486807948983,early exposure,FALSE,FALSE
12062453,Schönborn,100,RP100,3163005.046673195,0.08124895774912287,3163005.0466731954,0.08124895774912287,0.7616183970705624,early exposure,FALSE,FALSE
12062453,Schönborn,200,RP200,3783005.046673195,0.09717506379736936,3783005.046673195,0.09717506379736936,0.9109078857738465,early exposure,FALSE,FALSE
12062453,Schönborn,500,RP500,4153005.046673195,0.10667935289067776,4153005.046673195,0.10667935289067776,1,early exposure,FALSE,FALSE
15084025,Balgstädt,10,RP10,251586.90941856304,0.00765906762473803,251586.90941856278,0.00765906762473803,0.7431268754622496,early exposure,FALSE,TRUE
15084025,Balgstädt,20,RP20,277390.5339060982,0.00844460811796211,277390.53390609816,0.00844460811796211,0.8193445407030174,early exposure,FALSE,TRUE
15084025,Balgstädt,50,RP50,309565.34638344415,0.00942410687307132,309565.34638344386,0.00942410687307132,0.9143811541744081,early exposure,FALSE,TRUE
15084025,Balgstädt,100,RP100,328593.36345037416,0.01000337735187762,328593.3634503741,0.01000337735187762,0.9705853140087549,early exposure,FALSE,TRUE
15084025,Balgstädt,200,RP200,328593.36345037416,0.01000337735187762,328593.3634503741,0.01000337735187762,0.9705853140087549,early exposure,FALSE,TRUE
15084025,Balgstädt,500,RP500,338551.75707656576,0.0103065410196258,338551.7570765656,0.0103065410196258,1,early exposure,FALSE,TRUE
01061101,Sommerland,10,RP10,18739288.18837148,0.982255451219842,18739288.18837148,0.982255451219842,0.9832862676143298,early exposure,FALSE,FALSE
01061101,Sommerland,20,RP20,18739288.18837148,0.982255451219842,18739288.18837148,0.982255451219842,0.9832862676143298,early exposure,FALSE,FALSE
01061101,Sommerland,50,RP50,18739288.18837148,0.982255451219842,18739288.18837148,0.982255451219842,0.9832862676143298,early exposure,FALSE,FALSE
01061101,Sommerland,100,RP100,19057815.415074535,0.998951661964131,19057815.415074535,0.998951661964131,1,early exposure,FALSE,FALSE
01061101,Sommerland,200,RP200,19057815.415074535,0.998951661964131,19057815.415074535,0.998951661964131,1,early exposure,FALSE,FALSE
01061101,Sommerland,500,RP500,19057815.415074535,0.998951661964131,19057815.415074535,0.998951661964131,1,early exposure,FALSE,FALSE
16064019,Großvargula,10,RP10,403141.6108609984,0.02649723941531857,403141.6108609983,0.02649723941531857,0.8364519659696601,early exposure,FALSE,FALSE
16064019,Großvargula,20,RP20,413141.6108609984,0.02715450819386832,413141.6108609984,0.02715450819386832,0.8572003070844172,early exposure,FALSE,FALSE
16064019,Großvargula,50,RP50,447836.5714207009,0.02943489962875905,447836.5714207008,0.02943489962875905,0.9291865947499918,early exposure,FALSE,FALSE
16064019,Großvargula,100,RP100,481966.24224997166,0.03167813633458503,481966.2422499717,0.03167813633458503,1,early exposure,FALSE,FALSE
16064019,Großvargula,200,RP200,481966.24224997166,0.03167813633458503,481966.2422499717,0.03167813633458503,1,early exposure,FALSE,FALSE
16064019,Großvargula,500,RP500,481966.24224997166,0.03167813633458503,481966.2422499717,0.03167813633458503,1,early exposure,FALSE,FALSE
12067288,Langewahl,10,RP10,2388656.2306007887,0.1785137413782167,2388656.2306007887,0.1785137413782167,0.6878578521706307,early exposure,FALSE,FALSE
12067288,Langewahl,20,RP20,2850968.1921241223,0.2130641454414565,2850968.1921241228,0.2130641454414565,0.8209891537000467,early exposure,FALSE,FALSE
12067288,Langewahl,50,RP50,2983525.838634247,0.222970703414791,2983525.838634247,0.222970703414791,0.8591615859023625,early exposure,FALSE,FALSE
12067288,Langewahl,100,RP100,3149329.300979236,0.23536185288933129,3149329.300979236,0.23536185288933129,0.9069077672197106,early exposure,FALSE,FALSE
12067288,Langewahl,200,RP200,3343336.831545396,0.2498608040959698,3343336.8315453962,0.2498608040959698,0.962775832942421,early exposure,FALSE,FALSE
12067288,Langewahl,500,RP500,3472601.531062055,0.2595212670973979,3472601.5310620544,0.2595212670973979,1,early exposure,FALSE,FALSE
01061102,Stördorf,10,RP10,6820493.853083675,0.9462320791491492,6820493.853083675,0.9462320791491492,0.9597503780987482,early exposure,FALSE,FALSE
01061102,Stördorf,20,RP20,6844136.537516851,0.9495121153063194,6844136.537516851,0.9495121153063194,0.9630772743342387,early exposure,FALSE,FALSE
01061102,Stördorf,50,RP50,6844136.537516851,0.9495121153063194,6844136.537516851,0.9495121153063194,0.9630772743342387,early exposure,FALSE,FALSE
01061102,Stördorf,100,RP100,7106528.95661784,0.98591477611462,7106528.956617841,0.98591477611462,1,early exposure,FALSE,FALSE
01061102,Stördorf,200,RP200,7106528.95661784,0.98591477611462,7106528.956617841,0.98591477611462,1,early exposure,FALSE,FALSE
01061102,Stördorf,500,RP500,7106528.95661784,0.98591477611462,7106528.956617841,0.98591477611462,1,early exposure,FALSE,FALSE
01061103,Störkathen,10,RP10,675232.710382877,0.33661096734343166,675232.710382877,0.33661096734343166,0.7803390536317764,early exposure,FALSE,FALSE
01061103,Störkathen,20,RP20,865306.826872596,0.4313650147033016,865306.826872596,0.4313650147033016,1,early exposure,FALSE,FALSE
01061103,Störkathen,50,RP50,865306.826872596,0.4313650147033016,865306.826872596,0.4313650147033016,1,early exposure,FALSE,FALSE
01061103,Störkathen,100,RP100,865306.826872596,0.4313650147033016,865306.826872596,0.4313650147033016,1,early exposure,FALSE,FALSE
01061103,Störkathen,200,RP200,865306.826872596,0.4313650147033016,865306.826872596,0.4313650147033016,1,early exposure,FALSE,FALSE
01061103,Störkathen,500,RP500,865306.826872596,0.4313650147033016,865306.826872596,0.4313650147033016,1,early exposure,FALSE,FALSE
01061104,Süderau,10,RP10,8213039.296362894,0.898885009384731,8213039.296362894,0.898885009384731,0.9334530141520151,early exposure,FALSE,FALSE
01061104,Süderau,20,RP20,8242611.037274585,0.9021215206989652,8242611.037274585,0.9021215206989652,0.9368139904838786,early exposure,FALSE,FALSE
01061104,Süderau,50,RP50,8242611.037274585,0.9021215206989652,8242611.037274585,0.9021215206989652,0.9368139904838786,early exposure,FALSE,FALSE
01061104,Süderau,100,RP100,8798556.726311432,0.9629676006791976,8798556.726311434,0.9629676006791976,1,early exposure,FALSE,FALSE
01061104,Süderau,200,RP200,8798556.726311432,0.9629676006791976,8798556.726311434,0.9629676006791976,1,early exposure,FALSE,FALSE
01061104,Süderau,500,RP500,8798556.726311432,0.9629676006791976,8798556.726311434,0.9629676006791976,1,early exposure,FALSE,FALSE
01061105,Vaale,10,RP10,4406875.79288817,0.29521564220438035,4406875.79288817,0.29521564220438035,0.9063157679889574,early exposure,FALSE,FALSE
01061105,Vaale,20,RP20,4406875.79288817,0.29521564220438035,4406875.79288817,0.29521564220438035,0.9063157679889574,early exposure,FALSE,FALSE
01061105,Vaale,50,RP50,4406875.79288817,0.29521564220438035,4406875.79288817,0.29521564220438035,0.9063157679889574,early exposure,FALSE,FALSE
01061105,Vaale,100,RP100,4862406.623098566,0.32573155254646,4862406.623098566,0.32573155254646,1,early exposure,FALSE,FALSE
01061105,Vaale,200,RP200,4862406.623098566,0.32573155254646,4862406.623098566,0.32573155254646,1,early exposure,FALSE,FALSE
01061105,Vaale,500,RP500,4862406.623098566,0.32573155254646,4862406.623098566,0.32573155254646,1,early exposure,FALSE,FALSE
03355018,Hittbergen,10,RP10,13060128.312430557,0.8890211509423567,13060128.312430557,0.8890211509423567,0.9470094495421781,early exposure,FALSE,FALSE
03355018,Hittbergen,20,RP20,13072687.03535694,0.8898760407292933,13072687.035356939,0.8898760407292933,0.9479201013367815,early exposure,FALSE,FALSE
03355018,Hittbergen,50,RP50,13072687.03535694,0.8898760407292933,13072687.035356939,0.8898760407292933,0.9479201013367815,early exposure,FALSE,FALSE
03355018,Hittbergen,100,RP100,13359341.44131003,0.9093890059779238,13359341.44131003,0.9093890059779238,0.968705841315469,early exposure,FALSE,FALSE
03355018,Hittbergen,200,RP200,13654588.791232534,0.9294869049082856,13654588.791232534,0.9294869049082856,0.99011466852146,early exposure,FALSE,FALSE
03355018,Hittbergen,500,RP500,13790916.572949024,0.938766927164396,13790916.572949026,0.938766927164396,1,early exposure,FALSE,FALSE
01061106,Vaalermoor,10,RP10,6170805.345433534,0.9949111659773718,6170805.345433534,0.9949111659773718,0.9952385163771861,early exposure,FALSE,FALSE
01061106,Vaalermoor,20,RP20,6170805.345433534,0.9949111659773718,6170805.345433534,0.9949111659773718,0.9952385163771861,early exposure,FALSE,FALSE
01061106,Vaalermoor,50,RP50,6170805.345433534,0.9949111659773718,6170805.345433534,0.9949111659773718,0.9952385163771861,early exposure,FALSE,FALSE
01061106,Vaalermoor,100,RP100,6200328.106167122,0.9996710834695126,6200328.106167122,0.9996710834695126,1,early exposure,FALSE,FALSE
01061106,Vaalermoor,200,RP200,6200328.106167122,0.9996710834695126,6200328.106167122,0.9996710834695126,1,early exposure,FALSE,FALSE
01061106,Vaalermoor,500,RP500,6200328.106167122,0.9996710834695126,6200328.106167122,0.9996710834695126,1,early exposure,FALSE,FALSE
03355019,Hohnstorf (Elbe),10,RP10,8271108.133325852,0.8083140494519083,8271108.133325852,0.8083140494519083,0.8640959500586398,early exposure,FALSE,FALSE
03355019,Hohnstorf (Elbe),20,RP20,8482915.319878347,0.8290134191017184,8482915.319878347,0.8290134191017184,0.8862237869993632,early exposure,FALSE,FALSE
03355019,Hohnstorf (Elbe),50,RP50,9094524.27992845,0.8887843841538196,9094524.27992845,0.8887843841538196,0.9501195572976003,early exposure,FALSE,FALSE
03355019,Hohnstorf (Elbe),100,RP100,9144524.279928451,0.893670755099661,9144524.279928451,0.893670755099661,0.9553431375974217,early exposure,FALSE,FALSE
03355019,Hohnstorf (Elbe),200,RP200,9332089.291935263,0.9120009996021904,9332089.291935263,0.9120009996021904,0.974938355630512,early exposure,FALSE,FALSE
03355019,Hohnstorf (Elbe),500,RP500,9571978.821060965,0.935444784108818,9571978.821060965,0.935444784108818,1,early exposure,FALSE,FALSE
01061109,Westermoor,10,RP10,1347024.281032972,0.1438958902677899,1347024.281032972,0.1438958902677899,0.16839124104222183,early exposure,FALSE,FALSE
01061109,Westermoor,20,RP20,1631953.433756424,0.1743334515439289,1631953.4337564239,0.1743334515439289,0.2040101785118697,early exposure,FALSE,FALSE
01061109,Westermoor,50,RP50,3790862.382821413,0.40495893440053754,3790862.382821413,0.40495893440053754,0.4738949625867558,early exposure,FALSE,FALSE
01061109,Westermoor,100,RP100,6099577.759568699,0.6515874912794278,6099577.759568699,0.6515874912794278,0.7625070187893418,early exposure,FALSE,FALSE
01061109,Westermoor,200,RP200,7141687.987872022,0.7629109330097302,7141687.987872023,0.7629109330097302,0.8927810139338246,early exposure,FALSE,FALSE
01061109,Westermoor,500,RP500,7999372.608075405,0.854533106218452,7999372.608075405,0.854533106218452,1,early exposure,FALSE,FALSE
12062461,Schönewalde,10,RP10,4290795.254466193,0.02741796867611929,4290795.254466193,0.02741796867611929,0.55118238087871,early exposure,FALSE,FALSE
12062461,Schönewalde,20,RP20,4982585.837274182,0.03183847615899695,4982585.837274182,0.03183847615899695,0.640047674580312,early exposure,FALSE,FALSE
12062461,Schönewalde,50,RP50,5612918.844272578,0.03586627278327475,5612918.844272578,0.03586627278327475,0.7210183168364723,early exposure,FALSE,FALSE
12062461,Schönewalde,100,RP100,7284710.47573344,0.04654893831868603,7284710.475733439,0.04654893831868603,0.9357715355556763,early exposure,FALSE,FALSE
12062461,Schönewalde,200,RP200,7784710.47573344,0.04974391349812165,7784710.475733439,0.04974391349812165,1,early exposure,FALSE,FALSE
12062461,Schönewalde,500,RP500,7784710.47573344,0.04974391349812165,7784710.475733439,0.04974391349812165,1,early exposure,FALSE,FALSE
03355021,Lüdersburg,10,RP10,11411314.589690711,0.596722359617313,11411314.589690711,0.596722359617313,0.8829157829154313,early exposure,FALSE,FALSE
03355021,Lüdersburg,20,RP20,11441314.589690711,0.5982911246047136,11441314.589690711,0.5982911246047136,0.8852369417336617,early exposure,FALSE,FALSE
03355021,Lüdersburg,50,RP50,11526859.590815572,0.6027644580251074,11526859.59081557,0.6027644580251074,0.8918557261908785,early exposure,FALSE,FALSE
03355021,Lüdersburg,100,RP100,11850463.982563486,0.6196864326765462,11850463.982563483,0.6196864326765462,0.9168936324416714,early exposure,FALSE,FALSE
03355021,Lüdersburg,200,RP200,12147449.18942606,0.63521643248660975,12147449.189426059,0.63521643248660975,0.9398719601681073,early exposure,FALSE,FALSE
03355021,Lüdersburg,500,RP500,12924578.776936112,0.6758542220719019,12924578.776936108,0.6758542220719019,1,early exposure,FALSE,FALSE
03355022,Lüneburg,10,RP10,3812411.00953713,0.05367089233148695,3812411.0095371297,0.05367089233148695,0.8037969532475034,early exposure,FALSE,FALSE
03355022,Lüneburg,20,RP20,3912411.00953713,0.05507868630221109,3912411.00953713,0.05507868630221109,0.8248806441516774,early exposure,FALSE,FALSE
03355022,Lüneburg,50,RP50,4121379.559642157,0.05802053295129931,4121379.559642157,0.05802053295129931,0.868938927342755,early exposure,FALSE,FALSE
03355022,Lüneburg,100,RP100,4181379.559642157,0.05886520933373379,4181379.559642157,0.05886520933373379,0.8815891418852594,early exposure,FALSE,FALSE
03355022,Lüneburg,200,RP200,4301379.5596421575,0.06055456209860276,4301379.559642157,0.06055456209860276,0.906889570970268,early exposure,FALSE,FALSE
03355022,Lüneburg,500,RP500,4743002.563189886,0.06677170411587853,4743002.563189886,0.06677170411587853,1,early exposure,FALSE,FALSE
01061110,Wewelsfleth,10,RP10,15053263.846879678,0.8634405614956012,15053263.846879678,0.8634405614956012,0.908193051306289,early exposure,FALSE,FALSE
01061110,Wewelsfleth,20,RP20,15294578.867209695,0.8772821561670627,15294578.867209697,0.8772821561670627,0.9227520616889435,early exposure,FALSE,FALSE
01061110,Wewelsfleth,50,RP50,15495213.094056197,0.8887903401227626,15495213.094056197,0.8887903401227626,0.9348567196906679,early exposure,FALSE,FALSE
01061110,Wewelsfleth,100,RP100,16574960.38449974,0.9507235936827324,16574960.384499738,0.9507235936827324,1,early exposure,FALSE,FALSE
01061110,Wewelsfleth,200,RP200,16574960.38449974,0.9507235936827324,16574960.384499738,0.9507235936827324,1,early exposure,FALSE,FALSE
01061110,Wewelsfleth,500,RP500,16574960.38449974,0.9507235936827324,16574960.384499738,0.9507235936827324,1,early exposure,FALSE,FALSE
03355024,Melbeck,10,RP10,1037391.835382358,0.06407067448479511,1037391.8353823579,0.06407067448479511,0.6849842311227659,early exposure,FALSE,FALSE
03355024,Melbeck,20,RP20,1037391.835382358,0.06407067448479511,1037391.8353823579,0.06407067448479511,0.6849842311227659,early exposure,FALSE,FALSE
03355024,Melbeck,50,RP50,1417793.4574468026,0.0875647754305539,1417793.4574468026,0.0875647754305539,0.9361613695196832,early exposure,FALSE,FALSE
03355024,Melbeck,100,RP100,1487793.4574468026,0.0918880668436607,1487793.4574468026,0.0918880668436607,0.9823819917987479,early exposure,FALSE,FALSE
03355024,Melbeck,200,RP200,1514475.4992125244,0.09353598458723072,1514475.4992125242,0.09353598458723072,1,early exposure,FALSE,FALSE
03355024,Melbeck,500,RP500,1514475.4992125244,0.09353598458723072,1514475.4992125242,0.09353598458723072,1,early exposure,FALSE,FALSE
03355026,Neetze,10,RP10,10522.202508347656,3.9069947436434126e-4,10522.202508347656,3.9069947436434126e-4,0.010826894097471904,early exposure,FALSE,FALSE
03355026,Neetze,20,RP20,475199.3227875006,0.01764460677164085,475199.3227875005,0.01764460677164085,0.4889596773041545,early exposure,FALSE,FALSE
03355026,Neetze,50,RP50,563690.7205931214,0.02093037727273065,563690.7205931213,0.02093037727273065,0.5800135219548944,early exposure,FALSE,FALSE
03355026,Neetze,100,RP100,971690.8247815992,0.03607981258540141,971690.8247815992,0.03607981258540141,0.9998280917944016,early exposure,FALSE,FALSE
03355026,Neetze,200,RP200,971690.8247815992,0.03607981258540141,971690.8247815992,0.03607981258540141,0.9998280917944016,early exposure,FALSE,FALSE
03355026,Neetze,500,RP500,971857.8951284476,0.0360860160676708,971857.8951284474,0.0360860160676708,1,early exposure,FALSE,FALSE
12071341,Schmogrow-Fehrow,10,RP10,4689577.2214902835,0.15413282252701282,4689577.2214902835,0.15413282252701282,0.6072230709035924,early exposure,FALSE,FALSE
12071341,Schmogrow-Fehrow,20,RP20,5867802.649509331,0.19285768027356304,5867802.64950933,0.19285768027356304,0.759783873045809,early exposure,FALSE,FALSE
12071341,Schmogrow-Fehrow,50,RP50,6305077.195414787,0.2072296282757771,6305077.195414787,0.2072296282757771,0.8164037302422975,early exposure,FALSE,FALSE
12071341,Schmogrow-Fehrow,100,RP100,6451855.239709438,0.21205379753104744,6451855.239709439,0.21205379753104744,0.8354090713611924,early exposure,FALSE,FALSE
12071341,Schmogrow-Fehrow,200,RP200,6681106.700324469,0.2195886291425431,6681106.700324469,0.2195886291425431,0.8650933625774386,early exposure,FALSE,FALSE
12071341,Schmogrow-Fehrow,500,RP500,7722989.204793964,0.25383228983321054,7722989.204793964,0.25383228983321054,1,early exposure,FALSE,FALSE
03355028,Radbruch,10,RP10,0,0,0,0,0,delayed jump,FALSE,TRUE
03355028,Radbruch,20,RP20,0,0,0,0,0,delayed jump,FALSE,TRUE
03355028,Radbruch,50,RP50,0,0,0,0,0,delayed jump,FALSE,TRUE
03355028,Radbruch,100,RP100,0,0,0,0,0,delayed jump,FALSE,TRUE
03355028,Radbruch,200,RP200,0,0,0,0,0,delayed jump,FALSE,TRUE
03355028,Radbruch,500,RP500,12551.499964011567,5.57784094713227e-4,12551.499964011567,5.57784094713227e-4,1,delayed jump,FALSE,TRUE
03355007,Barum,10,RP10,5735324.690707989,0.5817273676444686,5735324.690707989,0.5817273676444686,0.8540299120518327,early exposure,FALSE,FALSE
03355007,Barum,20,RP20,6126128.917925836,0.6213661896159767,6126128.917925835,0.6213661896159767,0.9122233915493536,early exposure,FALSE,FALSE
03355007,Barum,50,RP50,6312977.407818304,0.640318016414831,6312977.407818305,0.640318016414831,0.9400464369731665,early exposure,FALSE,FALSE
03355007,Barum,100,RP100,6522956.810862017,0.6616159850529583,6522956.810862017,0.6616159850529583,0.9713138369522217,early exposure,FALSE,FALSE
03355007,Barum,200,RP200,6685601.654898361,0.6781128639716875,6685601.654898361,0.6781128639716875,0.9955327904271812,early exposure,FALSE,FALSE
03355007,Barum,500,RP500,6715601.654898361,0.6811557293664938,6715601.654898361,0.6811557293664938,1,early exposure,FALSE,FALSE
03355009,Bleckede,10,RP10,61395028.067985386,0.4371973230547027,61395028.067985386,0.4371973230547027,0.8372642677949655,early exposure,FALSE,FALSE
03355009,Bleckede,20,RP20,65693968.09719804,0.4678103080453317,65693968.09719805,0.4678103080453317,0.8958903323008321,early exposure,FALSE,FALSE
03355009,Bleckede,50,RP50,69177199.15390532,0.492614585223723,69177199.15390532,0.492614585223723,0.9433923042361696,early exposure,FALSE,FALSE
03355009,Bleckede,100,RP100,71120948.32732305,0.506456128456947,71120948.32732305,0.506456128456947,0.9698998534575257,early exposure,FALSE,FALSE
03355009,Bleckede,200,RP200,71958135.9655733,0.5124177870122977,71958135.9655733,0.5124177870122977,0.9813168576841613,early exposure,FALSE,FALSE
03355009,Bleckede,500,RP500,73328135.96557328,0.5221736312790627,73328135.96557328,0.5221736312790627,1,early exposure,FALSE,FALSE
13071077,Klink,10,RP10,2341173.9019966456,0.09335874275121396,2341173.9019966456,0.09335874275121396,0.2785407104301922,early exposure,FALSE,FALSE
13071077,Klink,20,RP20,3635355.508713939,0.14496668507101762,3635355.508713939,0.14496668507101762,0.43251571581244463,early exposure,FALSE,FALSE
13071077,Klink,50,RP50,5559679.882422355,0.22170276350659224,5559679.882422355,0.22170276350659224,0.6614618345496099,early exposure,FALSE,FALSE
13071077,Klink,100,RP100,7415140.844154592,0.29569278298508894,7415140.844154592,0.29569278298508894,0.882214942217357,early exposure,FALSE,FALSE
13071077,Klink,200,RP200,8405140.844154594,0.3351709077176764,8405140.844154594,0.3351709077176764,1,early exposure,FALSE,FALSE
13071077,Klink,500,RP500,8405140.844154594,0.3351709077176764,8405140.844154594,0.3351709077176764,1,early exposure,FALSE,FALSE
15085365,Wegeleben,10,RP10,2163341.884978145,0.04176061710393304,2163341.884978145,0.04176061710393304,0.6440228508858367,early exposure,FALSE,FALSE
15085365,Wegeleben,20,RP20,2869107.339130163,0.05538453900951922,2869107.339130163,0.05538453900951922,0.854127912409347,early exposure,FALSE,FALSE
15085365,Wegeleben,50,RP50,3239107.339130163,0.06252692756851082,3239107.3391301627,0.06252692756851082,0.9642762234471869,early exposure,FALSE,FALSE
15085365,Wegeleben,100,RP100,3269107.339130163,0.06310604015437501,3269107.3391301637,0.06310604015437501,0.9732071675853903,early exposure,FALSE,FALSE
15085365,Wegeleben,200,RP200,3309107.339130163,0.06387819026886059,3309107.339130163,0.06387819026886059,0.9851150931029945,early exposure,FALSE,FALSE
15085365,Wegeleben,500,RP500,3359107.339130163,0.06484337791196756,3359107.3391301637,0.06484337791196756,1,early exposure,FALSE,FALSE
03355011,Brietlingen,10,RP10,10770542.39066344,0.5398015847368591,10770542.39066344,0.5398015847368591,0.8147068620035522,early exposure,FALSE,FALSE
03355011,Brietlingen,20,RP20,10795374.191338686,0.541046113087445,10795374.191338686,0.541046113087445,0.8165851925158173,early exposure,FALSE,FALSE
03355011,Brietlingen,50,RP50,12777199.140672976,0.6403718674941178,12777199.140672976,0.6403718674941178,0.9664946703256003,early exposure,FALSE,FALSE
03355011,Brietlingen,100,RP100,13057217.5113196,0.6544059202602543,13057217.5113196,0.6544059202602543,0.9876758587725831,early exposure,FALSE,FALSE
03355011,Brietlingen,200,RP200,13077205.917471005,0.6554077057716547,13077205.917471003,0.6554077057716547,0.9891878245642203,early exposure,FALSE,FALSE
03355011,Brietlingen,500,RP500,13220144.438425608,0.6625715455610162,13220144.438425608,0.6625715455610162,1,early exposure,FALSE,FALSE
03355014,Deutsch Evern,10,RP10,471208.0538247106,0.04257440576126184,471208.05382471054,0.04257440576126184,0.9312869072158416,early exposure,FALSE,FALSE
03355014,Deutsch Evern,20,RP20,471208.0538247106,0.04257440576126184,471208.05382471054,0.04257440576126184,0.9312869072158416,early exposure,FALSE,FALSE
03355014,Deutsch Evern,50,RP50,501837.88187860267,0.04534186000441276,501837.8818786026,0.04534186000441276,0.9918231344838787,early exposure,FALSE,FALSE
03355014,Deutsch Evern,100,RP100,501837.88187860267,0.04534186000441276,501837.8818786026,0.04534186000441276,0.9918231344838787,early exposure,FALSE,FALSE
03355014,Deutsch Evern,200,RP200,505975.1728212583,0.0457156708973194,505975.17282125825,0.0457156708973194,1,early exposure,FALSE,FALSE
03355014,Deutsch Evern,500,RP500,505975.1728212583,0.0457156708973194,505975.17282125825,0.0457156708973194,1,early exposure,FALSE,FALSE
03355015,Echem,10,RP10,8408708.85695359,0.8098286676951939,8408708.85695359,0.8098286676951939,0.9025854405245339,early exposure,FALSE,FALSE
03355015,Echem,20,RP20,8618708.856953587,0.8300534160018682,8618708.856953587,0.8300534160018682,0.9251267064590071,early exposure,FALSE,FALSE
03355015,Echem,50,RP50,8881526.252103638,0.8553649191805615,8881526.252103638,0.8553649191805615,0.9533373578698778,early exposure,FALSE,FALSE
03355015,Echem,100,RP100,8921526.252103638,0.8592172521913566,8921526.252103638,0.8592172521913566,0.9576309323335871,early exposure,FALSE,FALSE
03355015,Echem,200,RP200,9121526.25210364,0.8784789172453324,9121526.25210364,0.8784789172453324,0.9790988046521333,early exposure,FALSE,FALSE
03355015,Echem,500,RP500,9316246.949504197,0.8972321415073626,9316246.949504195,0.8972321415073626,1,early exposure,FALSE,FALSE
03355017,Handorf,10,RP10,2864762.579428797,0.29096614855589004,2864762.579428797,0.29096614855589004,0.4189788295702395,early exposure,FALSE,FALSE
03355017,Handorf,20,RP20,4280323.798453841,0.4347408539721142,4280323.798453841,0.4347408539721142,0.6260082661423936,early exposure,FALSE,FALSE
03355017,Handorf,50,RP50,4280323.798453841,0.4347408539721142,4280323.798453841,0.4347408539721142,0.6260082661423936,early exposure,FALSE,FALSE
03355017,Handorf,100,RP100,4280323.798453841,0.4347408539721142,4280323.798453841,0.4347408539721142,0.6260082661423936,early exposure,FALSE,FALSE
03355017,Handorf,200,RP200,4749891.2176747,0.48243354042338177,4749891.2176747,0.48243354042338177,0.6946836981388212,early exposure,FALSE,FALSE
03355017,Handorf,500,RP500,6837487.665826169,0.6944650374204913,6837487.665826169,0.6944650374204913,1,early exposure,FALSE,FALSE
13071069,Jabel,10,RP10,9762668.49083485,0.12224704610751848,9762668.49083485,0.12224704610751848,0.6437446666721637,early exposure,FALSE,FALSE
13071069,Jabel,20,RP20,14203948.544824284,0.17786025965114663,14203948.544824284,0.17786025965114663,0.9366000832662251,early exposure,FALSE,FALSE
13071069,Jabel,50,RP50,15165435.919341965,0.18989989732959536,15165435.919341963,0.18989989732959536,1,early exposure,FALSE,FALSE
13071069,Jabel,100,RP100,15165435.919341965,0.18989989732959536,15165435.919341963,0.18989989732959536,1,early exposure,FALSE,FALSE
13071069,Jabel,200,RP200,15165435.919341965,0.18989989732959536,15165435.919341963,0.18989989732959536,1,early exposure,FALSE,FALSE
13071069,Jabel,500,RP500,15165435.919341965,0.18989989732959536,15165435.919341963,0.18989989732959536,1,early exposure,FALSE,FALSE
01061112,Willenscharen,10,RP10,745694.1844602359,0.0982578888659252,745694.1844602359,0.0982578888659252,0.8805068409391286,early exposure,FALSE,FALSE
01061112,Willenscharen,20,RP20,844710.4966821675,0.11130497171163448,844710.4966821675,0.11130497171163448,0.9974241269966607,early exposure,FALSE,FALSE
01061112,Willenscharen,50,RP50,846891.9828776064,0.11159241961269212,846891.9828776064,0.11159241961269212,1,early exposure,FALSE,FALSE
01061112,Willenscharen,100,RP100,846891.9828776064,0.11159241961269212,846891.9828776064,0.11159241961269212,1,early exposure,FALSE,FALSE
01061112,Willenscharen,200,RP200,846891.9828776064,0.11159241961269212,846891.9828776064,0.11159241961269212,1,early exposure,FALSE,FALSE
01061112,Willenscharen,500,RP500,846891.9828776064,0.11159241961269212,846891.9828776064,0.11159241961269212,1,early exposure,FALSE,FALSE
01061113,Wilster,10,RP10,2286956.6516384818,0.8298364062841622,2286956.6516384818,0.8298364062841622,0.8878238356935818,early exposure,FALSE,FALSE
01061113,Wilster,20,RP20,2286956.6516384818,0.8298364062841622,2286956.6516384818,0.8298364062841622,0.8878238356935818,early exposure,FALSE,FALSE
01061113,Wilster,50,RP50,2286956.6516384818,0.8298364062841622,2286956.6516384818,0.8298364062841622,0.8878238356935818,early exposure,FALSE,FALSE
01061113,Wilster,100,RP100,2575912.652594955,0.9346858835299022,2575912.652594955,0.9346858835299022,1,early exposure,FALSE,FALSE
01061113,Wilster,200,RP200,2575912.652594955,0.9346858835299022,2575912.652594955,0.9346858835299022,1,early exposure,FALSE,FALSE
01061113,Wilster,500,RP500,2575912.652594955,0.9346858835299022,2575912.652594955,0.9346858835299022,1,early exposure,FALSE,FALSE
01061114,Winseldorf,10,RP10,997185.2673080025,0.18322721636701353,997185.2673080022,0.18322721636701353,0.701151626465304,early exposure,FALSE,FALSE
01061114,Winseldorf,20,RP20,997185.2673080025,0.18322721636701353,997185.2673080022,0.18322721636701353,0.701151626465304,early exposure,FALSE,FALSE
01061114,Winseldorf,50,RP50,1039666.1803302888,0.19103284657133407,1039666.180330289,0.19103284657133407,0.7310212627664062,early exposure,FALSE,FALSE
01061114,Winseldorf,100,RP100,1129612.9069110802,0.2075600545767376,1129612.9069110802,0.2075600545767376,0.7942655722291858,early exposure,FALSE,FALSE
01061114,Winseldorf,200,RP200,1265625.75830889,0.23255165540437345,1265625.75830889,0.23255165540437345,0.8899003906568654,early exposure,FALSE,FALSE
01061114,Winseldorf,500,RP500,1422210.5885072025,0.26132324229312814,1422210.5885072025,0.26132324229312814,1,early exposure,FALSE,FALSE
01061115,Wittenbergen,10,RP10,1791970.4475048904,0.3925227241321778,1791970.4475048902,0.3925227241321778,0.8385732318518849,early exposure,FALSE,FALSE
01061115,Wittenbergen,20,RP20,1819794.1570680889,0.3986173772490392,1819794.1570680884,0.3986173772490392,0.851593657541944,early exposure,FALSE,FALSE
01061115,Wittenbergen,50,RP50,1820248.1917440388,0.39871683141587694,1820248.1917440388,0.39871683141587694,0.8518061283034539,early exposure,FALSE,FALSE
01061115,Wittenbergen,100,RP100,1831304.3910714749,0.4011386400369936,1831304.391071475,0.4011386400369936,0.8569800042537612,early exposure,FALSE,FALSE
01061115,Wittenbergen,200,RP200,1836535.2064507992,0.4022844256189956,1836535.206450799,0.4022844256189956,0.8594278246204239,early exposure,FALSE,FALSE
01061115,Wittenbergen,500,RP500,2136927.7952595097,0.4680840136827884,2136927.7952595097,0.4680840136827884,1,early exposure,FALSE,FALSE
01061116,Wrist,10,RP10,2006660.111083996,0.19976146880112827,2006660.111083996,0.19976146880112827,0.44258361070538244,early exposure,FALSE,FALSE
01061116,Wrist,20,RP20,2931756.835769696,0.29185413535964194,2931756.835769696,0.29185413535964194,0.6466204809264908,early exposure,FALSE,FALSE
01061116,Wrist,50,RP50,4005735.6901744334,0.398767903282875,4005735.6901744334,0.398767903282875,0.8834943972305871,early exposure,FALSE,FALSE
01061116,Wrist,100,RP100,4402526.487861218,0.4382681216381725,4402526.487861218,0.4382681216381725,0.9710095189818337,early exposure,FALSE,FALSE
01061116,Wrist,200,RP200,4473968.413077507,0.44538011027857904,4473968.413077507,0.44538011027857904,0.9867665597698168,early exposure,FALSE,FALSE
01061116,Wrist,500,RP500,4533968.413077507,0.4513530640747219,4533968.413077507,0.4513530640747219,1,early exposure,FALSE,FALSE
01061117,Wulfsmoor,10,RP10,0,0,0,0,0,early exposure,FALSE,FALSE
01061117,Wulfsmoor,20,RP20,136026.61981064902,0.01545961657112015,136026.61981064902,0.01545961657112015,0.19781121256632359,early exposure,FALSE,FALSE
01061117,Wulfsmoor,50,RP50,562794.1519399767,0.06396234655813773,562794.1519399767,0.06396234655813773,0.8184206427789744,early exposure,FALSE,FALSE
01061117,Wulfsmoor,100,RP100,687658.7936846149,0.07815338863026654,687658.7936846149,0.07815338863026654,1,early exposure,FALSE,FALSE
01061117,Wulfsmoor,200,RP200,687658.7936846149,0.07815338863026654,687658.7936846149,0.07815338863026654,1,early exposure,FALSE,FALSE
01061117,Wulfsmoor,500,RP500,687658.7936846149,0.07815338863026654,687658.7936846149,0.07815338863026654,1,early exposure,FALSE,FALSE
01061118,Kollmar,10,RP10,24229259.04901475,0.9489909403126596,24229259.04901475,0.9489909403126596,0.9590810251238384,early exposure,FALSE,FALSE
01061118,Kollmar,20,RP20,24239259.04901475,0.9493826117783007,24239259.04901475,0.9493826117783007,0.9594768610110125,early exposure,FALSE,FALSE
01061118,Kollmar,50,RP50,24542221.308403455,0.9612487789951736,24542221.30840346,0.9612487789951736,0.9714691944835531,early exposure,FALSE,FALSE
01061118,Kollmar,100,RP100,25149623.766778897,0.985039000105768,25149623.766778897,0.985039000105768,0.9955123635818316,early exposure,FALSE,FALSE
01061118,Kollmar,200,RP200,25223006.55887721,0.9879131946791664,25223006.558877207,0.9879131946791664,0.9984171178431864,early exposure,FALSE,FALSE
01061118,Kollmar,500,RP500,25262994.902736414,0.9894794240039564,25262994.90273642,0.9894794240039564,1,early exposure,FALSE,FALSE
01061119,Neuendorf-Sachsenbande,10,RP10,19362793.696950182,0.9975850904692232,19362793.696950186,0.9975850904692232,0.9975850903705038,early exposure,FALSE,FALSE
01061119,Neuendorf-Sachsenbande,20,RP20,19362793.696950182,0.9975850904692232,19362793.696950186,0.9975850904692232,0.9975850903705038,early exposure,FALSE,FALSE
01061119,Neuendorf-Sachsenbande,50,RP50,19362793.696950182,0.9975850904692232,19362793.696950186,0.9975850904692232,0.9975850903705038,early exposure,FALSE,FALSE
01061119,Neuendorf-Sachsenbande,100,RP100,19409666.2869719,1.0000000000989584,19409666.2869719,1.0000000000989584,1,early exposure,FALSE,FALSE
01061119,Neuendorf-Sachsenbande,200,RP200,19409666.2869719,1.0000000000989584,19409666.2869719,1.0000000000989584,1,early exposure,FALSE,FALSE
01061119,Neuendorf-Sachsenbande,500,RP500,19409666.2869719,1.0000000000989584,19409666.2869719,1.0000000000989584,1,early exposure,FALSE,FALSE
14522300,Kriebstein,10,RP10,847660.6383059368,0.02716069445715228,847660.6383059366,0.02716069445715228,0.8437709101407861,early exposure,FALSE,FALSE
14522300,Kriebstein,20,RP20,877660.6383059368,0.02812195276843002,877660.6383059368,0.02812195276843002,0.8736332467414479,early exposure,FALSE,FALSE
14522300,Kriebstein,50,RP50,915025.5258114378,0.02931919639058402,915025.5258114375,0.02931919639058402,0.9108266749992852,early exposure,FALSE,FALSE
14522300,Kriebstein,100,RP100,915025.5258114378,0.02931919639058402,915025.5258114375,0.02931919639058402,0.9108266749992852,early exposure,FALSE,FALSE
14522300,Kriebstein,200,RP200,915025.5258114378,0.02931919639058402,915025.5258114375,0.02931919639058402,0.9108266749992852,early exposure,FALSE,FALSE
14522300,Kriebstein,500,RP500,1004609.9339505573,0.03218965495340486,1004609.9339505571,0.03218965495340486,1,early exposure,FALSE,FALSE
01058007,Arpsdorf,10,RP10,309948.9666599436,0.02571565681056807,309948.9666599435,0.02571565681056807,0.9927911910051017,early exposure,FALSE,FALSE
01058007,Arpsdorf,20,RP20,312199.5536102121,0.02590238213589863,312199.55361021205,0.02590238213589863,1,early exposure,FALSE,FALSE
01058007,Arpsdorf,50,RP50,312199.5536102121,0.02590238213589863,312199.55361021205,0.02590238213589863,1,early exposure,FALSE,FALSE
01058007,Arpsdorf,100,RP100,312199.5536102121,0.02590238213589863,312199.55361021205,0.02590238213589863,1,early exposure,FALSE,FALSE
01058007,Arpsdorf,200,RP200,312199.5536102121,0.02590238213589863,312199.55361021205,0.02590238213589863,1,early exposure,FALSE,FALSE
01058007,Arpsdorf,500,RP500,312199.5536102121,0.02590238213589863,312199.55361021205,0.02590238213589863,1,early exposure,FALSE,FALSE
16074112,Wichmar,10,RP10,931034.7915458234,0.17908633379973066,931034.7915458236,0.17908633379973066,0.8911340257384511,early exposure,FALSE,FALSE
16074112,Wichmar,20,RP20,987170.1463424412,0.18988407731947815,987170.1463424411,0.18988407731947815,0.9448636233436165,early exposure,FALSE,FALSE
16074112,Wichmar,50,RP50,1044775.2691008606,0.20096453353504057,1044775.2691008607,0.20096453353504057,1,early exposure,FALSE,FALSE
16074112,Wichmar,100,RP100,1044775.2691008606,0.20096453353504057,1044775.2691008607,0.20096453353504057,1,early exposure,FALSE,FALSE
16074112,Wichmar,200,RP200,1044775.2691008606,0.20096453353504057,1044775.2691008607,0.20096453353504057,1,early exposure,FALSE,FALSE
16074112,Wichmar,500,RP500,1044775.2691008606,0.20096453353504057,1044775.2691008607,0.20096453353504057,1,early exposure,FALSE,FALSE
15090220,Hassel,10,RP10,4200542.537918145,0.20564239560111472,4200542.537918145,0.20564239560111472,0.6200841185138616,early exposure,FALSE,FALSE
15090220,Hassel,20,RP20,4200542.537918145,0.20564239560111472,4200542.537918145,0.20564239560111472,0.6200841185138616,early exposure,FALSE,FALSE
15090220,Hassel,50,RP50,5286336.558152929,0.2587986918259138,5286336.558152929,0.2587986918259138,0.780369039294261,early exposure,FALSE,FALSE
15090220,Hassel,100,RP100,6774149.526656914,0.33163628846675214,6774149.526656914,0.33163628846675214,1,early exposure,FALSE,FALSE
15090220,Hassel,200,RP200,6774149.526656914,0.33163628846675214,6774149.526656914,0.33163628846675214,1,early exposure,FALSE,FALSE
15090220,Hassel,500,RP500,6774149.526656914,0.33163628846675214,6774149.526656914,0.33163628846675214,1,early exposure,FALSE,FALSE
12061510,Unterspreewald,10,RP10,11638704.196454896,0.4460818870016855,11638704.196454896,0.4460818870016855,0.8019697444062208,early exposure,FALSE,FALSE
12061510,Unterspreewald,20,RP20,14221740.411800526,0.5450830859054294,14221740.411800526,0.5450830859054294,0.9799549271591017,early exposure,FALSE,FALSE
12061510,Unterspreewald,50,RP50,14309856.335598383,0.5484603448252513,14309856.335598385,0.5484603448252513,0.9860265914692757,early exposure,FALSE,FALSE
12061510,Unterspreewald,100,RP100,14349856.335598383,0.5499934429415779,14349856.335598385,0.5499934429415779,0.9887828080750745,early exposure,FALSE,FALSE
12061510,Unterspreewald,200,RP200,14369856.335598383,0.5507599919997412,14369856.335598385,0.5507599919997412,0.9901609163779739,early exposure,FALSE,FALSE
12061510,Unterspreewald,500,RP500,14512647.487807913,0.5562328131617545,14512647.487807915,0.5562328131617545,1,early exposure,FALSE,FALSE
13071093,Malchow,10,RP10,5417730.307882026,0.12028585251202338,5417730.307882026,0.12028585251202338,0.9970102933238155,early exposure,FALSE,FALSE
13071093,Malchow,20,RP20,5433976.303113673,0.12064655030894064,5433976.303113673,0.12064655030894064,1,early exposure,FALSE,FALSE
13071093,Malchow,50,RP50,5433976.303113673,0.12064655030894064,5433976.303113673,0.12064655030894064,1,early exposure,FALSE,FALSE
13071093,Malchow,100,RP100,5433976.303113673,0.12064655030894064,5433976.303113673,0.12064655030894064,1,early exposure,FALSE,FALSE
13071093,Malchow,200,RP200,5433976.303113673,0.12064655030894064,5433976.303113673,0.12064655030894064,1,early exposure,FALSE,FALSE
13071093,Malchow,500,RP500,5433976.303113673,0.12064655030894064,5433976.303113673,0.12064655030894064,1,early exposure,FALSE,FALSE
15090225,Havelberg,10,RP10,59929522.42222036,0.3991006146425968,59929522.42222036,0.3991006146425968,0.800922442597496,early exposure,FALSE,FALSE
15090225,Havelberg,20,RP20,64076712.296809234,0.4267188228493467,64076712.296809226,0.4267188228493467,0.8563471700109713,early exposure,FALSE,FALSE
15090225,Havelberg,50,RP50,67304588.86895856,0.4482148647309952,67304588.86895856,0.4482148647309952,0.8994858216150182,early exposure,FALSE,FALSE
15090225,Havelberg,100,RP100,71541892.59912834,0.4764331860989476,71541892.59912834,0.4764331860989476,0.9561148671409464,early exposure,FALSE,FALSE
15090225,Havelberg,200,RP200,73704673.87522201,0.4908362265661355,73704673.87522201,0.4908362265661355,0.9850191532497042,early exposure,FALSE,FALSE
15090225,Havelberg,500,RP500,74825625.09780735,0.49830120048610627,74825625.09780735,0.49830120048610627,1,early exposure,FALSE,FALSE
14625570,Spreetal,10,RP10,5184355.180673877,0.0475228864802411,5184355.180673876,0.0475228864802411,0.640021302156323,early exposure,FALSE,FALSE
14625570,Spreetal,20,RP20,6716094.96340009,0.06156372536472224,6716094.963400089,0.06156372536472224,0.8291183173376105,early exposure,FALSE,FALSE
14625570,Spreetal,50,RP50,7770285.354889039,0.07122706218432232,7770285.354889039,0.07122706218432232,0.9592606944641989,early exposure,FALSE,FALSE
14625570,Spreetal,100,RP100,7820285.354889039,0.0716853919555675,7820285.354889039,0.0716853919555675,0.9654333165150779,early exposure,FALSE,FALSE
14625570,Spreetal,200,RP200,7910285.354889039,0.07251038554380884,7910285.35488904,0.07251038554380884,0.9765440362066601,early exposure,FALSE,FALSE
14625570,Spreetal,500,RP500,8100285.354889039,0.07425203867454054,8100285.354889039,0.07425203867454054,1,early exposure,FALSE,FALSE
15091110,Gräfenhainichen,10,RP10,3722609.43676626,0.02324453288683943,3722609.4367662584,0.02324453288683943,0.5546098512476361,early exposure,FALSE,FALSE
15091110,Gräfenhainichen,20,RP20,5145926.986745245,0.03213194161474558,5145926.986745244,0.03213194161474558,0.7666616251661257,early exposure,FALSE,FALSE
15091110,Gräfenhainichen,50,RP50,6522122.816412245,0.04072511523792695,6522122.816412244,0.04072511523792695,0.9716930090231038,early exposure,FALSE,FALSE
15091110,Gräfenhainichen,100,RP100,6622122.816412245,0.04134953026941711,6622122.816412246,0.04134953026941711,0.9865914253267336,early exposure,FALSE,FALSE
15091110,Gräfenhainichen,200,RP200,6662122.816412245,0.04159929628201316,6662122.816412243,0.04159929628201316,0.9925507918481852,early exposure,FALSE,FALSE
15091110,Gräfenhainichen,500,RP500,6712122.816412245,0.04191150379775824,6712122.816412244,0.04191150379775824,1,early exposure,FALSE,FALSE
14522320,Leubsdorf,10,RP10,1690101.2975486882,0.04925745484506392,1690101.2975486882,0.04925745484506392,0.8173404969937946,early exposure,FALSE,FALSE
14522320,Leubsdorf,20,RP20,1829576.4893778488,0.05332241413093393,1829576.4893778486,0.05332241413093393,0.8847913194819459,early exposure,FALSE,FALSE
14522320,Leubsdorf,50,RP50,1949628.756009375,0.05682129855355809,1949628.756009375,0.05682129855355809,0.9428491290441071,early exposure,FALSE,FALSE
14522320,Leubsdorf,100,RP100,1959628.756009375,0.057112745314273,1959628.756009375,0.057112745314273,0.9476851734763506,early exposure,FALSE,FALSE
14522320,Leubsdorf,200,RP200,1969628.756009375,0.05740419207498792,1969628.756009375,0.05740419207498792,0.9525212179085942,early exposure,FALSE,FALSE
14522320,Leubsdorf,500,RP500,2067805.6498667777,0.06026552584416711,2067805.6498667775,0.06026552584416711,1,early exposure,FALSE,FALSE
15082241,Muldestausee,10,RP10,25127246.06942453,0.18121650358172697,25127246.06942453,0.18121650358172697,0.8133108740480686,early exposure,FALSE,FALSE
15082241,Muldestausee,20,RP20,26727524.144817542,0.1927576329510172,26727524.144817546,0.1927576329510172,0.8651081763318863,early exposure,FALSE,FALSE
15082241,Muldestausee,50,RP50,28316523.782347627,0.204217422762851,28316523.782347623,0.204217422762851,0.9165404216520058,early exposure,FALSE,FALSE
15082241,Muldestausee,100,RP100,29103261.36558064,0.2098913367952888,29103261.36558064,0.2098913367952888,0.9420052986901748,early exposure,FALSE,FALSE
15082241,Muldestausee,200,RP200,29860610.847669095,0.2153533052399925,29860610.8476691,0.2153533052399925,0.9665189508244105,early exposure,FALSE,FALSE
15082241,Muldestausee,500,RP500,30895008.134293616,0.22281332927440567,30895008.134293616,0.22281332927440567,1,early exposure,FALSE,FALSE
12070424,Wittenberge,10,RP10,14880438.589219468,0.2951149244930739,14880438.589219466,0.2951149244930739,0.6257402657663339,early exposure,FALSE,FALSE
12070424,Wittenberge,20,RP20,16952690.921288874,0.33621267754937934,16952690.921288874,0.33621267754937934,0.7128809583762574,early exposure,FALSE,FALSE
12070424,Wittenberge,50,RP50,18220133.196896367,0.3613491094645125,18220133.196896367,0.3613491094645125,0.7661784241483143,early exposure,FALSE,FALSE
12070424,Wittenberge,100,RP100,19613413.79108035,0.3889812182148661,19613413.79108035,0.3889812182148661,0.8247675419397336,early exposure,FALSE,FALSE
12070424,Wittenberge,200,RP200,21551458.564578127,0.42741731225643254,21551458.564578127,0.42741731225643254,0.9062646459642169,early exposure,FALSE,FALSE
12070424,Wittenberge,500,RP500,23780535.47664163,0.471625274316735,23780535.47664163,0.471625274316735,1,early exposure,FALSE,FALSE
14524080,Glauchau,10,RP10,5317653.097797647,0.10216091343205294,5317653.097797647,0.10216091343205294,0.8838503696902806,early exposure,FALSE,FALSE
14524080,Glauchau,20,RP20,5493464.586207635,0.1055385429835654,5493464.586207635,0.1055385429835654,0.9130721045739124,early exposure,FALSE,FALSE
14524080,Glauchau,50,RP50,5563464.586207635,0.10688335879022368,5563464.586207634,0.10688335879022368,0.9247068473336353,early exposure,FALSE,FALSE
14524080,Glauchau,100,RP100,5743464.586207634,0.11034145657877358,5743464.586207634,0.11034145657877358,0.9546247572872086,early exposure,FALSE,FALSE
14524080,Glauchau,200,RP200,5956463.057724422,0.11443350959719976,5956463.057724423,0.11443350959719976,0.9900273633488089,early exposure,FALSE,FALSE
14524080,Glauchau,500,RP500,6016463.057724422,0.11558620886004972,6016463.057724423,0.11558620886004972,1,early exposure,FALSE,FALSE
01058024,Borgstedt,10,RP10,459931.45800562674,0.05048828580667477,459931.4580056267,0.05048828580667477,1,early exposure,FALSE,FALSE
01058024,Borgstedt,20,RP20,459931.45800562674,0.05048828580667477,459931.4580056267,0.05048828580667477,1,early exposure,FALSE,FALSE
01058024,Borgstedt,50,RP50,459931.45800562674,0.05048828580667477,459931.4580056267,0.05048828580667477,1,early exposure,FALSE,FALSE
01058024,Borgstedt,100,RP100,459931.45800562674,0.05048828580667477,459931.4580056267,0.05048828580667477,1,early exposure,FALSE,FALSE
01058024,Borgstedt,200,RP200,459931.45800562674,0.05048828580667477,459931.4580056267,0.05048828580667477,1,early exposure,FALSE,FALSE
01058024,Borgstedt,500,RP500,459931.45800562674,0.05048828580667477,459931.4580056267,0.05048828580667477,1,early exposure,FALSE,FALSE
16075035,Gössitz,10,RP10,780764.3983719412,0.06127439387736878,780764.3983719411,0.06127439387736878,0.9627009367084687,early exposure,FALSE,FALSE
16075035,Gössitz,20,RP20,780764.3983719412,0.06127439387736878,780764.3983719411,0.06127439387736878,0.9627009367084687,early exposure,FALSE,FALSE
16075035,Gössitz,50,RP50,780764.3983719412,0.06127439387736878,780764.3983719411,0.06127439387736878,0.9627009367084687,early exposure,FALSE,FALSE
16075035,Gössitz,100,RP100,781014.4787449992,0.06129402018629335,781014.4787449992,0.06129402018629335,0.9630092917127406,early exposure,FALSE,FALSE
16075035,Gössitz,200,RP200,781014.4787449992,0.06129402018629335,781014.4787449992,0.06129402018629335,0.9630092917127406,early exposure,FALSE,FALSE
16075035,Gössitz,500,RP500,811014.4787449992,0.06364842033588286,811014.478744999,0.06364842033588286,1,early exposure,FALSE,FALSE
01058026,Bovenau,10,RP10,85772.36121832136,0.00325833966289086,85772.36121832121,0.00325833966289086,1,early exposure,FALSE,TRUE
01058026,Bovenau,20,RP20,85772.36121832136,0.00325833966289086,85772.36121832121,0.00325833966289086,1,early exposure,FALSE,TRUE
01058026,Bovenau,50,RP50,85772.36121832136,0.00325833966289086,85772.36121832121,0.00325833966289086,1,early exposure,FALSE,TRUE
01058026,Bovenau,100,RP100,85772.36121832136,0.00325833966289086,85772.36121832121,0.00325833966289086,1,early exposure,FALSE,TRUE
01058026,Bovenau,200,RP200,85772.36121832136,0.00325833966289086,85772.36121832121,0.00325833966289086,1,early exposure,FALSE,TRUE
01058026,Bovenau,500,RP500,85772.36121832136,0.00325833966289086,85772.36121832121,0.00325833966289086,1,early exposure,FALSE,TRUE
01058029,Breiholz,10,RP10,0,0,0,0,0,early exposure,FALSE,FALSE
01058029,Breiholz,20,RP20,1008815.46910026,0.05434726544002005,1008815.4691002598,0.05434726544002005,0.7316537214066492,early exposure,FALSE,FALSE
01058029,Breiholz,50,RP50,1378815.4691002602,0.07428003692174776,1378815.4691002597,0.07428003692174776,1,early exposure,FALSE,FALSE
01058029,Breiholz,100,RP100,1378815.4691002602,0.07428003692174776,1378815.4691002597,0.07428003692174776,1,early exposure,FALSE,FALSE
01058029,Breiholz,200,RP200,1378815.4691002602,0.07428003692174776,1378815.4691002597,0.07428003692174776,1,early exposure,FALSE,FALSE
01058029,Breiholz,500,RP500,1378815.4691002602,0.07428003692174776,1378815.4691002597,0.07428003692174776,1,early exposure,FALSE,FALSE
01058009,Aukrug,10,RP10,0,0,0,0,0,early exposure,FALSE,TRUE
01058009,Aukrug,20,RP20,8660.395644992059,1.7353905275130195e-4,8660.395644992059,1.7353905275130195e-4,1,early exposure,FALSE,TRUE
01058009,Aukrug,50,RP50,8660.395644992059,1.7353905275130195e-4,8660.395644992059,1.7353905275130195e-4,1,early exposure,FALSE,TRUE
01058009,Aukrug,100,RP100,8660.395644992059,1.7353905275130195e-4,8660.395644992059,1.7353905275130195e-4,1,early exposure,FALSE,TRUE
01058009,Aukrug,200,RP200,8660.395644992059,1.7353905275130195e-4,8660.395644992059,1.7353905275130195e-4,1,early exposure,FALSE,TRUE
01058009,Aukrug,500,RP500,8660.395644992059,1.7353905275130195e-4,8660.395644992059,1.7353905275130195e-4,1,early exposure,FALSE,TRUE
15083557,Westheide,10,RP10,663951.2370569312,0.01295417181647468,663951.237056931,0.01295417181647468,0.9712599524523102,early exposure,FALSE,TRUE
15083557,Westheide,20,RP20,663951.2370569312,0.01295417181647468,663951.237056931,0.01295417181647468,0.9712599524523102,early exposure,FALSE,TRUE
15083557,Westheide,50,RP50,663951.2370569312,0.01295417181647468,663951.237056931,0.01295417181647468,0.9712599524523102,early exposure,FALSE,TRUE
15083557,Westheide,100,RP100,663951.2370569312,0.01295417181647468,663951.237056931,0.01295417181647468,0.9712599524523102,early exposure,FALSE,TRUE
15083557,Westheide,200,RP200,663951.2370569312,0.01295417181647468,663951.237056931,0.01295417181647468,0.9712599524523102,early exposure,FALSE,TRUE
15083557,Westheide,500,RP500,683597.8724135975,0.01333749196985525,683597.8724135973,0.01333749196985525,1,early exposure,FALSE,TRUE
14522310,Leisnig,10,RP10,5122988.983847425,0.06557199819590104,5122988.983847425,0.06557199819590104,0.8900550391499389,early exposure,FALSE,FALSE
14522310,Leisnig,20,RP20,5263379.830278667,0.06736893907512909,5263379.830278667,0.06736893907512909,0.9144461867223095,early exposure,FALSE,FALSE
14522310,Leisnig,50,RP50,5413501.335098069,0.06929042808754368,5413501.335098069,0.06929042808754368,0.940527914063627,early exposure,FALSE,FALSE
14522310,Leisnig,100,RP100,5543501.33509807,0.07095437071797762,5543501.33509807,0.07095437071797762,0.9631137824803487,early exposure,FALSE,FALSE
14522310,Leisnig,200,RP200,5658889.564639158,0.0724312891347754,5658889.564639158,0.0724312891347754,0.9831610391669137,early exposure,FALSE,FALSE
14522310,Leisnig,500,RP500,5755811.448177651,0.07367184647201887,5755811.448177651,0.07367184647201887,1,early exposure,FALSE,FALSE
12070416,Weisen,10,RP10,2247198.0339492457,0.14480068792260287,2247198.0339492452,0.14480068792260287,0.6714381079529043,early exposure,FALSE,FALSE
12070416,Weisen,20,RP20,2549594.303851393,0.16428592564778371,2549594.303851393,0.16428592564778371,0.7617907943862797,early exposure,FALSE,FALSE
12070416,Weisen,50,RP50,3014081.655604883,0.19421568130312017,3014081.655604883,0.19421568130312017,0.9005745170123304,early exposure,FALSE,FALSE
12070416,Weisen,100,RP100,3044081.655604883,0.19614876444579443,3044081.6556048826,0.19614876444579443,0.9095381877410678,early exposure,FALSE,FALSE
12070416,Weisen,200,RP200,3326843.15252906,0.21436881388251025,3326843.15252906,0.21436881388251025,0.9940242195141752,early exposure,FALSE,FALSE
12070416,Weisen,500,RP500,3346843.15252906,0.2156575359776264,3346843.1525290594,0.2156575359776264,1,early exposure,FALSE,FALSE
16075023,Eßbach,10,RP10,430132.4965311141,0.07901720932407022,430132.49653111404,0.07901720932407022,0.996290231526164,early exposure,FALSE,FALSE
16075023,Eßbach,20,RP20,430132.4965311141,0.07901720932407022,430132.49653111404,0.07901720932407022,0.996290231526164,early exposure,FALSE,FALSE
16075023,Eßbach,50,RP50,430132.4965311141,0.07901720932407022,430132.49653111404,0.07901720932407022,0.996290231526164,early exposure,FALSE,FALSE
16075023,Eßbach,100,RP100,430132.4965311141,0.07901720932407022,430132.49653111404,0.07901720932407022,0.996290231526164,early exposure,FALSE,FALSE
16075023,Eßbach,200,RP200,430132.4965311141,0.07901720932407022,430132.49653111404,0.07901720932407022,0.996290231526164,early exposure,FALSE,FALSE
16075023,Eßbach,500,RP500,431734.1301963956,0.079311436390406,431734.1301963956,0.079311436390406,1,early exposure,FALSE,FALSE
11000000,Berlin,10,RP10,93233253.31145008,0.10440176314343376,93233253.31145008,0.10440176314343376,0.7016555937663707,early exposure,FALSE,FALSE
11000000,Berlin,20,RP20,105819614.5177487,0.11849585784490346,105819614.5177487,0.11849585784490346,0.7963781356910005,early exposure,FALSE,FALSE
11000000,Berlin,50,RP50,116665464.3638322,0.13064094349301947,116665464.36383219,0.13064094349301947,0.878001922734373,early exposure,FALSE,FALSE
11000000,Berlin,100,RP100,124349835.08848771,0.13924583309846775,124349835.08848773,0.13924583309846775,0.9358330238922141,early exposure,FALSE,FALSE
11000000,Berlin,200,RP200,126972392.71175437,0.14218254966781935,126972392.71175437,0.14218254966781935,0.9555698898813546,early exposure,FALSE,FALSE
11000000,Berlin,500,RP500,132876092.11663155,0.14879345945640146,132876092.11663158,0.14879345945640146,1,early exposure,FALSE,FALSE
15090245,Hohenberg-Krusemark,10,RP10,2407261.6258248924,0.03764282740477758,2407261.6258248924,0.03764282740477758,0.12265953671521612,early exposure,FALSE,FALSE
15090245,Hohenberg-Krusemark,20,RP20,10833619.666249378,0.16940745903590207,10833619.666249378,0.16940745903590207,0.5520159316940257,early exposure,FALSE,FALSE
15090245,Hohenberg-Krusemark,50,RP50,15284612.309188629,0.23900851362866307,15284612.309188627,0.23900851362866307,0.7788116773864706,early exposure,FALSE,FALSE
15090245,Hohenberg-Krusemark,100,RP100,17726354.054714724,0.2771905135026415,17726354.054714724,0.2771905135026415,0.9032281130872656,early exposure,FALSE,FALSE
15090245,Hohenberg-Krusemark,200,RP200,18296873.710330714,0.28611184249197674,18296873.710330714,0.28611184249197674,0.9322983545159688,early exposure,FALSE,FALSE
15090245,Hohenberg-Krusemark,500,RP500,19625556.15560439,0.3068887133674289,19625556.15560439,0.3068887133674289,1,early exposure,FALSE,FALSE
12069460,Päwesin,10,RP10,0,0,0,0,0,early exposure,FALSE,FALSE
12069460,Päwesin,20,RP20,35703.60795888457,0.00150871317641928,35703.60795888452,0.00150871317641928,0.005552328748144289,early exposure,FALSE,FALSE
12069460,Päwesin,50,RP50,2404358.368095613,0.10160001630527488,2404358.3680956126,0.10160001630527488,0.373905855772108,early exposure,FALSE,FALSE
12069460,Päwesin,100,RP100,3896894.7136582593,0.16466953167269036,3896894.7136582593,0.16466953167269036,0.6060127192762359,early exposure,FALSE,FALSE
12069460,Päwesin,200,RP200,5541356.324673398,0.23415889262218617,5541356.324673398,0.23415889262218617,0.8617457389915996,early exposure,FALSE,FALSE
12069460,Päwesin,500,RP500,6430384.362744632,0.2717261972147318,6430384.362744632,0.2717261972147318,1,early exposure,FALSE,FALSE
14730120,Elsnig,10,RP10,18410680.38434092,0.49722676075866695,18410680.38434092,0.49722676075866695,0.8747457668073282,early exposure,FALSE,FALSE
14730120,Elsnig,20,RP20,19179806.13475112,0.5179989374250881,19179806.134751122,0.5179989374250881,0.9112892013935953,early exposure,FALSE,FALSE
14730120,Elsnig,50,RP50,19829171.17331682,0.5355366746480196,19829171.17331682,0.5355366746480196,0.9421424510693194,early exposure,FALSE,FALSE
14730120,Elsnig,100,RP100,20484203.948095072,0.5532274833522308,20484203.94809507,0.5532274833522308,0.9732649916216327,early exposure,FALSE,FALSE
14730120,Elsnig,200,RP200,20724203.94809507,0.5597092873969949,20724203.94809507,0.5597092873969949,0.9846681000158406,early exposure,FALSE,FALSE
14730120,Elsnig,500,RP500,21046892.80353621,0.5684243120986561,21046892.80353621,0.5684243120986561,1,early exposure,FALSE,FALSE
12067201,Grünheide (Mark),10,RP10,4426415.6684607975,0.03496523526158828,4426415.6684607975,0.03496523526158828,0.8260444813366792,early exposure,FALSE,FALSE
12067201,Grünheide (Mark),20,RP20,4604483.344813333,0.03637183117631758,4604483.344813331,0.03637183117631758,0.8592749396516356,early exposure,FALSE,FALSE
12067201,Grünheide (Mark),50,RP50,4944246.87172611,0.03905569833693227,4944246.871726109,0.03905569833693227,0.9226805950141787,early exposure,FALSE,FALSE
12067201,Grünheide (Mark),100,RP100,5084594.135424753,0.04016433237880697,5084594.135424751,0.04016433237880697,0.9488717824968673,early exposure,FALSE,FALSE
12067201,Grünheide (Mark),200,RP200,5094594.135424753,0.04024332458803559,5094594.135424752,0.04024332458803559,0.9507379526517004,early exposure,FALSE,FALSE
12067201,Grünheide (Mark),500,RP500,5358568.174558967,0.04232851384105689,5358568.174558966,0.04232851384105689,1,early exposure,FALSE,FALSE
15089235,Nienburg (Saale),10,RP10,12590838.955989104,0.15860800952815973,12590838.955989104,0.15860800952815973,0.7451439864035104,early exposure,FALSE,FALSE
15089235,Nienburg (Saale),20,RP20,14373418.318467235,0.18106333323588972,14373418.318467235,0.18106333323588972,0.8506396008641941,early exposure,FALSE,FALSE
15089235,Nienburg (Saale),50,RP50,14860914.587225474,0.18720437062906276,14860914.587225474,0.18720437062906276,0.879490332283212,early exposure,FALSE,FALSE
15089235,Nienburg (Saale),100,RP100,15711042.145142058,0.19791350925576617,15711042.14514206,0.19791350925576617,0.9298021057616683,early exposure,FALSE,FALSE
15089235,Nienburg (Saale),200,RP200,15953917.679406667,0.20097303572476877,15953917.679406667,0.20097303572476877,0.944175829739428,early exposure,FALSE,FALSE
15089235,Nienburg (Saale),500,RP500,16897189.248966053,0.2128555184263009,16897189.248966053,0.2128555184263009,1,early exposure,FALSE,FALSE
01058044,Ehndorf,10,RP10,51659.127403062834,0.00351940486274567,51659.12740306278,0.00351940486274567,0.6745502029023123,early exposure,FALSE,TRUE
01058044,Ehndorf,20,RP20,76583.07295853567,0.00521740983488422,76583.07295853562,0.00521740983488422,1,early exposure,FALSE,TRUE
01058044,Ehndorf,50,RP50,76583.07295853567,0.00521740983488422,76583.07295853562,0.00521740983488422,1,early exposure,FALSE,TRUE
01058044,Ehndorf,100,RP100,76583.07295853567,0.00521740983488422,76583.07295853562,0.00521740983488422,1,early exposure,FALSE,TRUE
01058044,Ehndorf,200,RP200,76583.07295853567,0.00521740983488422,76583.07295853562,0.00521740983488422,1,early exposure,FALSE,TRUE
01058044,Ehndorf,500,RP500,76583.07295853567,0.00521740983488422,76583.07295853562,0.00521740983488422,1,early exposure,FALSE,TRUE
15087055,Berga,10,RP10,3508821.583661174,0.13519804015496914,3508821.583661174,0.13519804015496914,0.7782934454227276,early exposure,FALSE,FALSE
15087055,Berga,20,RP20,3577638.525703549,0.13784961860424422,3577638.525703549,0.13784961860424422,0.7935577652658958,early exposure,FALSE,FALSE
15087055,Berga,50,RP50,3835380.3872117302,0.147780643511313,3835380.387211731,0.147780643511313,0.8507276146412412,early exposure,FALSE,FALSE
15087055,Berga,100,RP100,3903865.4641748816,0.15041943490167464,3903865.4641748816,0.15041943490167464,0.8659183233275676,early exposure,FALSE,FALSE
15087055,Berga,200,RP200,4179810.779893925,0.16105185521306356,4179810.7798939254,0.16105185521306356,0.9271258898562553,early exposure,FALSE,FALSE
15087055,Berga,500,RP500,4508352.99243124,0.17371088109515911,4508352.99243124,0.17371088109515911,1,early exposure,FALSE,FALSE
12069454,Nuthetal,10,RP10,7560193.900795418,0.15590339525446564,7560193.900795418,0.15590339525446564,0.5108078878444885,early exposure,FALSE,FALSE
12069454,Nuthetal,20,RP20,12201338.879136533,0.2516112923648116,12201338.87913653,0.2516112923648116,0.8243889275208717,early exposure,FALSE,FALSE
12069454,Nuthetal,50,RP50,13330903.892863063,0.2749047452988819,13330903.892863063,0.2749047452988819,0.9007084937140053,early exposure,FALSE,FALSE
12069454,Nuthetal,100,RP100,14518642.317410382,0.29939782781646584,14518642.317410382,0.29939782781646584,0.9809585724707054,early exposure,FALSE,FALSE
12069454,Nuthetal,200,RP200,14648642.317410382,0.3020786375482041,14648642.317410382,0.3020786375482041,0.989742080710196,early exposure,FALSE,FALSE
12069454,Nuthetal,500,RP500,14800464.285502696,0.3052094514678466,14800464.285502695,0.3052094514678466,1,early exposure,FALSE,FALSE
14524090,Hartenstein,10,RP10,749375.2708425241,0.0203229282652918,749375.2708425239,0.0203229282652918,0.9249623611259377,early exposure,FALSE,FALSE
14524090,Hartenstein,20,RP20,750168.394236415,0.02034443763511855,750168.394236415,0.02034443763511855,0.9259413222894852,early exposure,FALSE,FALSE
14524090,Hartenstein,50,RP50,750168.394236415,0.02034443763511855,750168.394236415,0.02034443763511855,0.9259413222894852,early exposure,FALSE,FALSE
14524090,Hartenstein,100,RP100,780168.394236415,0.02115803246761586,780168.3942364148,0.02115803246761586,0.9629706611447423,early exposure,FALSE,FALSE
14524090,Hartenstein,200,RP200,800168.394236415,0.02170042902261407,800168.3942364148,0.02170042902261407,0.9876568870482473,early exposure,FALSE,FALSE
14524090,Hartenstein,500,RP500,810168.394236415,0.02197162730011318,810168.3942364149,0.02197162730011318,1,early exposure,FALSE,FALSE
14730110,Eilenburg,10,RP10,12523815.681429245,0.26765502884925124,12523815.681429243,0.26765502884925124,0.859512044461459,early exposure,FALSE,FALSE
14730110,Eilenburg,20,RP20,13175025.599012764,0.28157248130235574,13175025.599012764,0.28157248130235574,0.9042047149600969,early exposure,FALSE,FALSE
14730110,Eilenburg,50,RP50,13655241.856463026,0.2918355113174271,13655241.856463026,0.2918355113174271,0.9371620554163883,early exposure,FALSE,FALSE
14730110,Eilenburg,100,RP100,13845241.856463026,0.29589613124149433,13845241.856463026,0.29589613124149433,0.9502017944705038,early exposure,FALSE,FALSE
14730110,Eilenburg,200,RP200,14023801.725038271,0.29971225629399684,14023801.725038271,0.29971225629399684,0.9624563949534426,early exposure,FALSE,FALSE
14730110,Eilenburg,500,RP500,14570843.727124546,0.3114034649938556,14570843.727124544,0.3114034649938556,1,early exposure,FALSE,FALSE
15089245,Plötzkau,10,RP10,4071692.0241407137,0.16992221368590382,4071692.0241407137,0.16992221368590382,0.7870472733976195,early exposure,FALSE,FALSE
15089245,Plötzkau,20,RP20,4528537.145922002,0.188987539340308,4528537.145922002,0.188987539340308,0.8753542242502805,early exposure,FALSE,FALSE
15089245,Plötzkau,50,RP50,4698537.1459220005,0.19608207796340035,4698537.1459220005,0.19608207796340035,0.9082147735463268,early exposure,FALSE,FALSE
15089245,Plötzkau,100,RP100,4698537.1459220005,0.19608207796340035,4698537.1459220005,0.19608207796340035,0.9082147735463268,early exposure,FALSE,FALSE
15089245,Plötzkau,200,RP200,5033376.697645554,0.21005579638835156,5033376.697645554,0.21005579638835156,0.9729383711679619,early exposure,FALSE,FALSE
15089245,Plötzkau,500,RP500,5173376.697645553,0.2158983576073688,5173376.697645553,0.2158983576073688,1,early exposure,FALSE,FALSE
15082256,Osternienburger Land,10,RP10,30054675.30583787,0.21412311456819308,30054675.30583787,0.21412311456819308,0.8282167449402943,early exposure,FALSE,FALSE
15082256,Osternienburger Land,20,RP20,31955462.421671495,0.22766518259027987,31955462.421671495,0.22766518259027987,0.8805967391302294,early exposure,FALSE,FALSE
15082256,Osternienburger Land,50,RP50,34320306.22024967,0.24451340052862097,34320306.22024967,0.24451340052862097,0.9457647442149562,early exposure,FALSE,FALSE
15082256,Osternienburger Land,100,RP100,34900306.22024967,0.24864558313201876,34900306.22024967,0.24864558313201876,0.9617478053253208,early exposure,FALSE,FALSE
15082256,Osternienburger Land,200,RP200,35827902.67812776,0.2552542002806692,35827902.67812776,0.2552542002806692,0.9873095826908781,early exposure,FALSE,FALSE
15082256,Osternienburger Land,500,RP500,36288417.84405663,0.25853511882765556,36288417.84405662,0.25853511882765556,1,early exposure,FALSE,FALSE
15083580,Zielitz,10,RP10,1927847.6816191217,0.1686127163168442,1927847.6816191217,0.1686127163168442,0.9724158765291798,early exposure,FALSE,FALSE
15083580,Zielitz,20,RP20,1927847.6816191217,0.1686127163168442,1927847.6816191217,0.1686127163168442,0.9724158765291798,early exposure,FALSE,FALSE
15083580,Zielitz,50,RP50,1927847.6816191217,0.1686127163168442,1927847.6816191217,0.1686127163168442,0.9724158765291798,early exposure,FALSE,FALSE
15083580,Zielitz,100,RP100,1982534.148352391,0.17339568428136884,1982534.1483523913,0.17339568428136884,1,early exposure,FALSE,FALSE
15083580,Zielitz,200,RP200,1982534.148352391,0.17339568428136884,1982534.1483523913,0.17339568428136884,1,early exposure,FALSE,FALSE
15083580,Zielitz,500,RP500,1982534.148352391,0.17339568428136884,1982534.1483523913,0.17339568428136884,1,early exposure,FALSE,FALSE
01058034,Büdelsdorf,10,RP10,275187.19509686134,0.04257555070470262,275187.1950968613,0.04257555070470262,1,early exposure,FALSE,FALSE
01058034,Büdelsdorf,20,RP20,275187.19509686134,0.04257555070470262,275187.1950968613,0.04257555070470262,1,early exposure,FALSE,FALSE
01058034,Büdelsdorf,50,RP50,275187.19509686134,0.04257555070470262,275187.1950968613,0.04257555070470262,1,early exposure,FALSE,FALSE
01058034,Büdelsdorf,100,RP100,275187.19509686134,0.04257555070470262,275187.1950968613,0.04257555070470262,1,early exposure,FALSE,FALSE
01058034,Büdelsdorf,200,RP200,275187.19509686134,0.04257555070470262,275187.1950968613,0.04257555070470262,1,early exposure,FALSE,FALSE
01058034,Büdelsdorf,500,RP500,275187.19509686134,0.04257555070470262,275187.1950968613,0.04257555070470262,1,early exposure,FALSE,FALSE
01058035,Bünsdorf,10,RP10,387459.57875916024,0.02908567920277034,387459.5787591601,0.02908567920277034,0.9748499053133639,early exposure,FALSE,FALSE
01058035,Bünsdorf,20,RP20,387459.57875916024,0.02908567920277034,387459.5787591601,0.02908567920277034,0.9748499053133639,early exposure,FALSE,FALSE
01058035,Bünsdorf,50,RP50,387459.57875916024,0.02908567920277034,387459.5787591601,0.02908567920277034,0.9748499053133639,early exposure,FALSE,FALSE
01058035,Bünsdorf,100,RP100,387459.57875916024,0.02908567920277034,387459.5787591601,0.02908567920277034,0.9748499053133639,early exposure,FALSE,FALSE
01058035,Bünsdorf,200,RP200,387459.57875916024,0.02908567920277034,387459.5787591601,0.02908567920277034,0.9748499053133639,early exposure,FALSE,FALSE
01058035,Bünsdorf,500,RP500,397455.6253709764,0.02983605890941826,397455.62537097634,0.02983605890941826,1,early exposure,FALSE,FALSE
12054000,Potsdam,10,RP10,15086872.834890967,0.08061163575248892,15086872.834890967,0.08061163575248892,0.39021169018752844,early exposure,FALSE,FALSE
12054000,Potsdam,20,RP20,20745197.46670316,0.1108449922061941,20745197.466703158,0.1108449922061941,0.5365604028977536,early exposure,FALSE,FALSE
12054000,Potsdam,50,RP50,25080315.277132902,0.13400823761184916,25080315.277132906,0.13400823761184916,0.6486852724106527,early exposure,FALSE,FALSE
12054000,Potsdam,100,RP100,29845262.320641022,0.1594681311003695,29845262.320641022,0.1594681311003695,0.7719273822799246,early exposure,FALSE,FALSE
12054000,Potsdam,200,RP200,35685110.79399009,0.19067139920869688,35685110.7939901,0.19067139920869688,0.9229710855153983,early exposure,FALSE,FALSE
12054000,Potsdam,500,RP500,38663303.05901522,0.2065843688940956,38663303.05901522,0.2065843688940956,1,early exposure,FALSE,FALSE
15083565,Wolmirstedt,10,RP10,21068759.573162872,0.38496006242173314,21068759.573162872,0.38496006242173314,0.8144018242746391,early exposure,FALSE,FALSE
15083565,Wolmirstedt,20,RP20,21872417.13452635,0.39964417630674143,21872417.13452635,0.39964417630674143,0.8454667847813895,early exposure,FALSE,FALSE
15083565,Wolmirstedt,50,RP50,24061549.39082448,0.43964313719039094,24061549.39082448,0.43964313719039094,0.9300865411992569,early exposure,FALSE,FALSE
15083565,Wolmirstedt,100,RP100,25430226.398287017,0.4646510634709257,25430226.398287017,0.4646510634709257,0.9829920313326236,early exposure,FALSE,FALSE
15083565,Wolmirstedt,200,RP200,25470226.398287017,0.46538192768926745,25470226.398287017,0.46538192768926745,0.9845382103023851,early exposure,FALSE,FALSE
15083565,Wolmirstedt,500,RP500,25870226.398287017,0.47269056987268465,25870226.398287017,0.47269056987268465,1,early exposure,FALSE,FALSE
15084445,Schönburg,10,RP10,2247817.272309674,0.15189369769464306,2247817.272309674,0.15189369769464306,0.9190655526870067,early exposure,FALSE,FALSE
15084445,Schönburg,20,RP20,2350177.2286218256,0.15881055541775288,2350177.2286218256,0.15881055541775288,0.9609174910006495,early exposure,FALSE,FALSE
15084445,Schönburg,50,RP50,2350177.2286218256,0.15881055541775288,2350177.2286218256,0.15881055541775288,0.9609174910006495,early exposure,FALSE,FALSE
15084445,Schönburg,100,RP100,2350177.2286218256,0.15881055541775288,2350177.2286218256,0.15881055541775288,0.9609174910006495,early exposure,FALSE,FALSE
15084445,Schönburg,200,RP200,2445763.814929077,0.16526971036022647,2445763.814929077,0.16526971036022647,1,early exposure,FALSE,FALSE
15084445,Schönburg,500,RP500,2445763.814929077,0.16526971036022647,2445763.814929077,0.16526971036022647,1,early exposure,FALSE,FALSE
14729100,Elstertrebnitz,10,RP10,2099003.7344108024,0.1805618550566213,2099003.7344108024,0.1805618550566213,0.8927362322785137,early exposure,FALSE,FALSE
14729100,Elstertrebnitz,20,RP20,2149003.7344108033,0.18486298735325604,2149003.7344108033,0.18486298735325604,0.9140019455700892,early exposure,FALSE,FALSE
14729100,Elstertrebnitz,50,RP50,2281373.6509097074,0.19624979781238144,2281373.6509097074,0.19624979781238144,0.970300759423998,early exposure,FALSE,FALSE
14729100,Elstertrebnitz,100,RP100,2331202.5820365273,0.20053621431190843,2331202.5820365273,0.20053621431190843,0.99149371468337,early exposure,FALSE,FALSE
14729100,Elstertrebnitz,200,RP200,2341202.5820365273,0.20139644077123536,2341202.5820365273,0.20139644077123536,0.995746857341685,early exposure,FALSE,FALSE
14729100,Elstertrebnitz,500,RP500,2351202.5820365273,0.2022566672305623,2351202.5820365273,0.2022566672305623,1,early exposure,FALSE,FALSE
14730140,Jesewitz,10,RP10,1104900.7962679393,0.02099882292163263,1104900.7962679393,0.02099882292163263,0.8539270993306635,early exposure,FALSE,FALSE
14730140,Jesewitz,20,RP20,1118427.932732724,0.02125590839412051,1118427.9327327241,0.02125590839412051,0.8643816020721228,early exposure,FALSE,FALSE
14730140,Jesewitz,50,RP50,1143075.1495423738,0.02172433283823812,1143075.1495423736,0.02172433283823812,0.8834303043881395,early exposure,FALSE,FALSE
14730140,Jesewitz,100,RP100,1160243.001461599,0.02205061071188462,1160243.001461599,0.02205061071188462,0.8966985489587295,early exposure,FALSE,FALSE
14730140,Jesewitz,200,RP200,1228498.246312709,0.02334781296293048,1228498.246312709,0.02334781296293048,0.9494498940991111,early exposure,FALSE,FALSE
14730140,Jesewitz,500,RP500,1293905.296053958,0.02459088479343519,1293905.2960539577,0.02459088479343519,1,early exposure,FALSE,FALSE
12061540,Wildau,10,RP10,565996.3618765179,0.06377934904609946,565996.3618765179,0.06377934904609946,0.5128471054000764,early exposure,FALSE,FALSE
12061540,Wildau,20,RP20,789799.8184279903,0.0889986609261183,789799.8184279903,0.0889986609261183,0.7156345482211223,early exposure,FALSE,FALSE
12061540,Wildau,50,RP50,789799.8184279903,0.0889986609261183,789799.8184279903,0.0889986609261183,0.7156345482211223,early exposure,FALSE,FALSE
12061540,Wildau,100,RP100,1103635.6760461372,0.1243632817159895,1103635.6760461372,0.1243632817159895,1,early exposure,FALSE,FALSE
12061540,Wildau,200,RP200,1103635.6760461372,0.1243632817159895,1103635.6760461372,0.1243632817159895,1,early exposure,FALSE,FALSE
12061540,Wildau,500,RP500,1103635.6760461372,0.1243632817159895,1103635.6760461372,0.1243632817159895,1,early exposure,FALSE,FALSE
15083115,Bülstringen,10,RP10,617677.4455330117,0.02419955150361102,617677.4455330116,0.02419955150361102,0.3220140063845614,gradual increase,FALSE,FALSE
15083115,Bülstringen,20,RP20,721351.8134302885,0.02826133686371833,721351.8134302883,0.02826133686371833,0.37606260214829457,gradual increase,FALSE,FALSE
15083115,Bülstringen,50,RP50,979586.1321621708,0.03837851815525718,979586.1321621708,0.03837851815525718,0.5106879930577592,gradual increase,FALSE,FALSE
15083115,Bülstringen,100,RP100,979586.1321621708,0.03837851815525718,979586.1321621708,0.03837851815525718,0.5106879930577592,gradual increase,FALSE,FALSE
15083115,Bülstringen,200,RP200,1822010.0048359889,0.07138325232852719,1822010.0048359886,0.07138325232852719,0.9498691357002675,gradual increase,FALSE,FALSE
15083115,Bülstringen,500,RP500,1918169.4997308832,0.07515061774894038,1918169.4997308834,0.07515061774894038,1,gradual increase,FALSE,FALSE
16071015,Eberstedt,10,RP10,301415.71650495974,0.07323550660605563,301415.71650495974,0.07323550660605563,0.6169066808267862,early exposure,FALSE,FALSE
16071015,Eberstedt,20,RP20,373090.3454070533,0.0906504172129466,373090.3454070534,0.0906504172129466,0.7636029378375074,early exposure,FALSE,FALSE
16071015,Eberstedt,50,RP50,450207.6382432658,0.10938774144552234,450207.63824326586,0.10938774144552234,0.9214386794822278,early exposure,FALSE,FALSE
16071015,Eberstedt,100,RP100,450207.6382432658,0.10938774144552234,450207.63824326586,0.10938774144552234,0.9214386794822278,early exposure,FALSE,FALSE
16071015,Eberstedt,200,RP200,488592.0770074957,0.11871407602184574,488592.07700749574,0.11871407602184574,1,early exposure,FALSE,FALSE
16071015,Eberstedt,500,RP500,488592.0770074957,0.11871407602184574,488592.07700749574,0.11871407602184574,1,early exposure,FALSE,FALSE
15090285,Kamern,10,RP10,20778310.5399236,0.3043475563133809,20778310.5399236,0.3043475563133809,0.6884739027002272,early exposure,FALSE,FALSE
15090285,Kamern,20,RP20,23402430.337937057,0.3427840040921566,23402430.337937057,0.3427840040921566,0.7754221651694,early exposure,FALSE,FALSE
15090285,Kamern,50,RP50,26180592.91383047,0.3834767730923044,26180592.91383047,0.3834767730923044,0.8674745207873408,early exposure,FALSE,FALSE
15090285,Kamern,100,RP100,28608102.480051436,0.4190333984968173,28608102.480051436,0.4190333984968173,0.9479082491064493,early exposure,FALSE,FALSE
15090285,Kamern,200,RP200,29496504.528250333,0.43204615003278174,29496504.528250333,0.43204615003278174,0.9773447917991364,early exposure,FALSE,FALSE
15090285,Kamern,500,RP500,30180244.245177753,0.44206113713201817,30180244.245177753,0.44206113713201817,1,early exposure,FALSE,FALSE
12069028,Bensdorf,10,RP10,1005.1951800494236,2.9268846726297592e-5,1005.1951800494237,2.9268846726297592e-5,0.017347706663506785,delayed jump,FALSE,TRUE
12069028,Bensdorf,20,RP20,1982.605803608997,5.7728674526320975e-5,1982.605803608997,5.7728674526320975e-5,0.03421590611754022,delayed jump,FALSE,TRUE
12069028,Bensdorf,50,RP50,17349.87825699777,5.051863931530419e-4,17349.87825699777,5.051863931530419e-4,0.2994250316989711,delayed jump,FALSE,TRUE
12069028,Bensdorf,100,RP100,17349.87825699777,5.051863931530419e-4,17349.87825699777,5.051863931530419e-4,0.2994250316989711,delayed jump,FALSE,TRUE
12069028,Bensdorf,200,RP200,23552.952385604345,6.858048735292819e-4,23552.952385604345,6.858048735292819e-4,0.4064779827385532,delayed jump,FALSE,TRUE
12069028,Bensdorf,500,RP500,57943.980697113635,0.00168718824303552,57943.98069711347,0.00168718824303552,1,delayed jump,FALSE,TRUE
14730160,Laußig,10,RP10,8387909.854802277,0.08079004257621303,8387909.854802277,0.08079004257621303,0.9260260606598559,early exposure,FALSE,FALSE
14730160,Laußig,20,RP20,8570586.055111846,0.08254952953496013,8570586.055111846,0.08254952953496013,0.9461935308732049,early exposure,FALSE,FALSE
14730160,Laußig,50,RP50,8692430.641923176,0.08372310311009012,8692430.641923176,0.08372310311009012,0.9596451850624813,early exposure,FALSE,FALSE
14730160,Laußig,100,RP100,8759924.961801764,0.08437318985053378,8759924.961801764,0.08437318985053378,0.9670965645164821,early exposure,FALSE,FALSE
14730160,Laußig,200,RP200,8810738.367981287,0.08486261061443669,8810738.367981287,0.08486261061443669,0.972706369481922,early exposure,FALSE,FALSE
14730160,Laußig,500,RP500,9057963.065127268,0.08724381095564922,9057963.065127267,0.08724381095564922,1,early exposure,FALSE,FALSE
16071001,Apolda,10,RP10,525702.8689792239,0.01136003952182858,525702.8689792235,0.01136003952182858,0.7393458996739555,early exposure,FALSE,TRUE
16071001,Apolda,20,RP20,649034.0518931203,0.01402513266635754,649034.0518931202,0.01402513266635754,0.9127982617780166,early exposure,FALSE,TRUE
16071001,Apolda,50,RP50,705964.0560667858,0.01525534679595984,705964.0560667857,0.01525534679595984,0.992864336433364,early exposure,FALSE,TRUE
16071001,Apolda,100,RP100,711037.7824656275,0.01536498616796042,711037.7824656274,0.01536498616796042,1,early exposure,FALSE,TRUE
16071001,Apolda,200,RP200,711037.7824656275,0.01536498616796042,711037.7824656274,0.01536498616796042,1,early exposure,FALSE,TRUE
16071001,Apolda,500,RP500,711037.7824656275,0.01536498616796042,711037.7824656274,0.01536498616796042,1,early exposure,FALSE,TRUE
16071003,Bad Berka,10,RP10,126293.24421898932,0.00231334261884273,126293.24421898885,0.00231334261884273,1,early exposure,FALSE,TRUE
16071003,Bad Berka,20,RP20,126293.24421898932,0.00231334261884273,126293.24421898885,0.00231334261884273,1,early exposure,FALSE,TRUE
16071003,Bad Berka,50,RP50,126293.24421898932,0.00231334261884273,126293.24421898885,0.00231334261884273,1,early exposure,FALSE,TRUE
16071003,Bad Berka,100,RP100,126293.24421898932,0.00231334261884273,126293.24421898885,0.00231334261884273,1,early exposure,FALSE,TRUE
16071003,Bad Berka,200,RP200,126293.24421898932,0.00231334261884273,126293.24421898885,0.00231334261884273,1,early exposure,FALSE,TRUE
16071003,Bad Berka,500,RP500,126293.24421898932,0.00231334261884273,126293.24421898885,0.00231334261884273,1,early exposure,FALSE,TRUE
16071004,Bad Sulza,10,RP10,1651146.3960847396,0.01757482009290194,1651146.3960847391,0.01757482009290194,0.7241220779128563,early exposure,FALSE,FALSE
16071004,Bad Sulza,20,RP20,1727273.6593041809,0.01838511950573366,1727273.6593041806,0.01838511950573366,0.7575082344396165,early exposure,FALSE,FALSE
16071004,Bad Sulza,50,RP50,1812093.8151962848,0.01928794616216486,1812093.8151962839,0.01928794616216486,0.7947067213085725,early exposure,FALSE,FALSE
16071004,Bad Sulza,100,RP100,1812093.8151962848,0.01928794616216486,1812093.8151962839,0.01928794616216486,0.7947067213085725,early exposure,FALSE,FALSE
16071004,Bad Sulza,200,RP200,2223109.9480066737,0.02366280632389952,2223109.948006673,0.02366280632389952,0.9749607901495349,early exposure,FALSE,FALSE
16071004,Bad Sulza,500,RP500,2280204.466136227,0.02427052099220342,2280204.4661362255,0.02427052099220342,1,early exposure,FALSE,FALSE
15090270,Iden,10,RP10,6585847.34980569,0.17410895497601123,6585847.3498056885,0.17410895497601123,0.21718533543503935,early exposure,FALSE,FALSE
15090270,Iden,20,RP20,19187130.846020702,0.5072469984727506,19187130.846020702,0.5072469984727506,0.632745222822686,early exposure,FALSE,FALSE
15090270,Iden,50,RP50,25910844.241459303,0.6850006952499106,25910844.241459306,0.6850006952499106,0.8544770473844084,early exposure,FALSE,FALSE
15090270,Iden,100,RP100,26602841.44177661,0.7032949105564841,26602841.44177661,0.7032949105564841,0.8772974433165214,early exposure,FALSE,FALSE
15090270,Iden,200,RP200,28360537.367231723,0.7497628264512568,28360537.367231723,0.7497628264512568,0.9352620086771251,early exposure,FALSE,FALSE
15090270,Iden,500,RP500,30323628.14281967,0.8016607319608263,30323628.14281967,0.8016607319608263,1,early exposure,FALSE,FALSE
16071009,Buchfart,10,RP10,32755.53629541486,0.00450950708465295,32755.536295414826,0.00450950708465295,0.12221266877880026,early exposure,FALSE,FALSE
16071009,Buchfart,20,RP20,42755.536295414866,0.00588622308282276,42755.53629541482,0.00588622308282276,0.15952320696586933,early exposure,FALSE,FALSE
16071009,Buchfart,50,RP50,238020.79213817805,0.03276870324336809,238020.79213817805,0.03276870324336809,0.8880683854387927,early exposure,FALSE,FALSE
16071009,Buchfart,100,RP100,268020.7921381781,0.03689885123787753,268020.7921381781,0.03689885123787753,1,early exposure,FALSE,FALSE
16071009,Buchfart,200,RP200,268020.7921381781,0.03689885123787753,268020.7921381781,0.03689885123787753,1,early exposure,FALSE,FALSE
16071009,Buchfart,500,RP500,268020.7921381781,0.03689885123787753,268020.7921381781,0.03689885123787753,1,early exposure,FALSE,FALSE
12065036,Birkenwerder,10,RP10,741110.7450036594,0.04169177525377315,741110.7450036593,0.04169177525377315,0.8971047261899615,early exposure,FALSE,FALSE
12065036,Birkenwerder,20,RP20,741110.7450036594,0.04169177525377315,741110.7450036593,0.04169177525377315,0.8971047261899615,early exposure,FALSE,FALSE
12065036,Birkenwerder,50,RP50,826113.9679323565,0.04647369926456606,826113.9679323565,0.04647369926456606,1,early exposure,FALSE,FALSE
12065036,Birkenwerder,100,RP100,826113.9679323565,0.04647369926456606,826113.9679323565,0.04647369926456606,1,early exposure,FALSE,FALSE
12065036,Birkenwerder,200,RP200,826113.9679323565,0.04647369926456606,826113.9679323565,0.04647369926456606,1,early exposure,FALSE,FALSE
12065036,Birkenwerder,500,RP500,826113.9679323565,0.04647369926456606,826113.9679323565,0.04647369926456606,1,early exposure,FALSE,FALSE
13071001,Alt Schwerin,10,RP10,1935389.4225669384,0.04360776539220346,1935389.422566938,0.04360776539220346,0.23163933072373308,early exposure,FALSE,FALSE
13071001,Alt Schwerin,20,RP20,3833929.6783292326,0.08638525352744858,3833929.6783292326,0.08638525352744858,0.458868326123305,early exposure,FALSE,FALSE
13071001,Alt Schwerin,50,RP50,4498607.5160732735,0.1013616272079949,4498607.5160732735,0.1013616272079949,0.5384210650639368,early exposure,FALSE,FALSE
13071001,Alt Schwerin,100,RP100,5777610.9208429195,0.1301798483683904,5777610.9208429195,0.1301798483683904,0.6915000729471525,early exposure,FALSE,FALSE
13071001,Alt Schwerin,200,RP200,6875855.251319027,0.15492524614120642,6875855.251319026,0.15492524614120642,0.8229447210971922,early exposure,FALSE,FALSE
13071001,Alt Schwerin,500,RP500,8355184.832040458,0.18825717228570604,8355184.832040459,0.18825717228570604,1,early exposure,FALSE,FALSE
12069017,Beelitz,10,RP10,1531773.9963436862,0.00844160665385167,1531773.996343686,0.00844160665385167,0.651871836000977,early exposure,FALSE,TRUE
12069017,Beelitz,20,RP20,1748406.3138901023,0.00963546737847832,1748406.3138901019,0.00963546737847832,0.7440633126242971,early exposure,FALSE,TRUE
12069017,Beelitz,50,RP50,1841786.839541902,0.01015008746509946,1841786.8395419014,0.01015008746509946,0.783802944481657,early exposure,FALSE,TRUE
12069017,Beelitz,100,RP100,1965170.15309942,0.01083005291900296,1965170.1530994198,0.01083005291900296,0.8363107604731863,early exposure,FALSE,TRUE
12069017,Beelitz,200,RP200,2249649.730397251,0.01239781989920665,2249649.7303972505,0.01239781989920665,0.9573757640576382,early exposure,FALSE,TRUE
12069017,Beelitz,500,RP500,2349808.523314375,0.01294979501743502,2349808.523314375,0.01294979501743502,1,early exposure,FALSE,TRUE
12069018,Beetzsee,10,RP10,4899419.890924798,0.2296451134195172,4899419.890924799,0.2296451134195172,0.7931899668035077,early exposure,FALSE,FALSE
12069018,Beetzsee,20,RP20,6126481.872824431,0.287159838484841,6126481.8728244305,0.287159838484841,0.9918447615255619,early exposure,FALSE,FALSE
12069018,Beetzsee,50,RP50,6126481.872824431,0.287159838484841,6126481.8728244305,0.287159838484841,0.9918447615255619,early exposure,FALSE,FALSE
12069018,Beetzsee,100,RP100,6126481.872824431,0.287159838484841,6126481.8728244305,0.287159838484841,0.9918447615255619,early exposure,FALSE,FALSE
12069018,Beetzsee,200,RP200,6176855.603291442,0.28952095088263496,6176855.603291442,0.28952095088263496,1,early exposure,FALSE,FALSE
12069018,Beetzsee,500,RP500,6176855.603291442,0.28952095088263496,6176855.603291442,0.28952095088263496,1,early exposure,FALSE,FALSE
12069019,Beetzseeheide,10,RP10,5040039.075431446,0.1340306012954727,5040039.075431446,0.1340306012954727,0.5535418201048656,early exposure,FALSE,FALSE
12069019,Beetzseeheide,20,RP20,6712567.393173516,0.178508426319376,6712567.393173517,0.178508426319376,0.7372337231484193,early exposure,FALSE,FALSE
12069019,Beetzseeheide,50,RP50,7080219.496468742,0.18828546013492953,7080219.496468742,0.18828546013492953,0.7776125399348746,early exposure,FALSE,FALSE
12069019,Beetzseeheide,100,RP100,7211208.381644517,0.19176886944592375,7211208.381644516,0.19176886944592375,0.7919989017920985,early exposure,FALSE,FALSE
12069019,Beetzseeheide,200,RP200,8665073.713268196,0.23043175314261072,8665073.713268196,0.23043175314261072,0.9516752951314585,early exposure,FALSE,FALSE
12069019,Beetzseeheide,500,RP500,9105073.713268196,0.24213274666416584,9105073.713268196,0.24213274666416584,1,early exposure,FALSE,FALSE
16071031,Hetschburg,10,RP10,446352.98509904544,0.159026013606027,446352.9850990455,0.159026013606027,0.9277995638130214,early exposure,FALSE,FALSE
16071031,Hetschburg,20,RP20,466352.98509904544,0.1661515854702205,466352.98509904544,0.1661515854702205,0.9693720230453549,early exposure,FALSE,FALSE
16071031,Hetschburg,50,RP50,481087.7289752624,0.17140125928974392,481087.7289752623,0.17140125928974392,1,early exposure,FALSE,FALSE
16071031,Hetschburg,100,RP100,481087.7289752624,0.17140125928974392,481087.7289752623,0.17140125928974392,1,early exposure,FALSE,FALSE
16071031,Hetschburg,200,RP200,481087.7289752624,0.17140125928974392,481087.7289752623,0.17140125928974392,1,early exposure,FALSE,FALSE
16071031,Hetschburg,500,RP500,481087.7289752624,0.17140125928974392,481087.7289752623,0.17140125928974392,1,early exposure,FALSE,FALSE
13071036,Fünfseen,10,RP10,14698.182650870236,2.853200679577712e-4,14698.182650870236,2.853200679577712e-4,1,early exposure,FALSE,TRUE
13071036,Fünfseen,20,RP20,14698.182650870236,2.853200679577712e-4,14698.182650870236,2.853200679577712e-4,1,early exposure,FALSE,TRUE
13071036,Fünfseen,50,RP50,14698.182650870236,2.853200679577712e-4,14698.182650870236,2.853200679577712e-4,1,early exposure,FALSE,TRUE
13071036,Fünfseen,100,RP100,14698.182650870236,2.853200679577712e-4,14698.182650870236,2.853200679577712e-4,1,early exposure,FALSE,TRUE
13071036,Fünfseen,200,RP200,14698.182650870236,2.853200679577712e-4,14698.182650870236,2.853200679577712e-4,1,early exposure,FALSE,TRUE
13071036,Fünfseen,500,RP500,14698.182650870236,2.853200679577712e-4,14698.182650870236,2.853200679577712e-4,1,early exposure,FALSE,TRUE
16071022,Großheringen,10,RP10,1122709.7056401214,0.18532931791509252,1122709.7056401214,0.18532931791509252,0.8923845283128177,early exposure,FALSE,FALSE
16071022,Großheringen,20,RP20,1122709.7056401214,0.18532931791509252,1122709.7056401214,0.18532931791509252,0.8923845283128177,early exposure,FALSE,FALSE
16071022,Großheringen,50,RP50,1169841.2796418737,0.19310947908955145,1169841.2796418737,0.19310947908955145,0.9298470061224434,early exposure,FALSE,FALSE
16071022,Großheringen,100,RP100,1169841.2796418737,0.19310947908955145,1169841.2796418737,0.19310947908955145,0.9298470061224434,early exposure,FALSE,FALSE
16071022,Großheringen,200,RP200,1169841.2796418737,0.19310947908955145,1169841.2796418737,0.19310947908955145,0.9298470061224434,early exposure,FALSE,FALSE
16071022,Großheringen,500,RP500,1258100.8186714833,0.2076787663110705,1258100.8186714833,0.2076787663110705,1,early exposure,FALSE,FALSE
15090610,Werben (Elbe),10,RP10,36812146.63848537,0.6907299537297743,36812146.63848537,0.6907299537297743,0.7859429993494715,early exposure,FALSE,FALSE
15090610,Werben (Elbe),20,RP20,39542799.51115051,0.7419669476196169,39542799.51115051,0.7419669476196169,0.8442427103117495,early exposure,FALSE,FALSE
15090610,Werben (Elbe),50,RP50,42504010.02327312,0.7975300425977349,42504010.02327312,0.7975300425977349,0.9074648498533131,early exposure,FALSE,FALSE
15090610,Werben (Elbe),100,RP100,44162932.55062175,0.8286574715903938,44162932.55062175,0.8286574715903938,0.9428830111367876,early exposure,FALSE,FALSE
15090610,Werben (Elbe),200,RP200,45445347.67501933,0.8527202503312412,45445347.67501933,0.8527202503312412,0.970262701845355,early exposure,FALSE,FALSE
15090610,Werben (Elbe),500,RP500,46838188.86223931,0.8788550242212152,46838188.86223931,0.8788550242212152,1,early exposure,FALSE,FALSE
14729170,Groitzsch,10,RP10,2134221.263166533,0.03044429418841339,2134221.263166533,0.03044429418841339,0.9067129468477984,early exposure,FALSE,FALSE
14729170,Groitzsch,20,RP20,2198990.2559135053,0.03136821257658952,2198990.2559135053,0.03136821257658952,0.9342297209009433,early exposure,FALSE,FALSE
14729170,Groitzsch,50,RP50,2243800.362712573,0.03200742093682343,2243800.362712573,0.03200742093682343,0.9532670647253904,early exposure,FALSE,FALSE
14729170,Groitzsch,100,RP100,2273800.362712573,0.03243536570591326,2273800.362712573,0.03243536570591326,0.9660124107093748,early exposure,FALSE,FALSE
14729170,Groitzsch,200,RP200,2333800.3627125723,0.03329125524409291,2333800.3627125723,0.03329125524409291,0.9915031026773438,early exposure,FALSE,FALSE
14729170,Groitzsch,500,RP500,2353800.3627125723,0.03357655175681946,2353800.362712572,0.03357655175681946,1,early exposure,FALSE,FALSE
16071056,Mellingen,10,RP10,836873.1053915656,0.05810623382438155,836873.1053915655,0.05810623382438155,0.6869780387057911,early exposure,FALSE,FALSE
16071056,Mellingen,20,RP20,1028194.84501741,0.07139019009775853,1028194.8450174099,0.07139019009775853,0.8440315186218961,early exposure,FALSE,FALSE
16071056,Mellingen,50,RP50,1178194.8450174101,0.08180507261400229,1178194.8450174099,0.08180507261400229,0.9671645302361886,early exposure,FALSE,FALSE
16071056,Mellingen,100,RP100,1188194.8450174101,0.08249939811508519,1188194.8450174099,0.08249939811508519,0.9753733976771414,early exposure,FALSE,FALSE
16071056,Mellingen,200,RP200,1218194.8450174101,0.08458237461833396,1218194.8450174099,0.08458237461833396,1,early exposure,FALSE,FALSE
16071056,Mellingen,500,RP500,1218194.8450174101,0.08458237461833396,1218194.8450174099,0.08458237461833396,1,early exposure,FALSE,FALSE
12065084,Fürstenberg/Havel,10,RP10,7819290.919576312,0.03644315014419822,7819290.9195763115,0.03644315014419822,0.7861633593798604,early exposure,FALSE,FALSE
12065084,Fürstenberg/Havel,20,RP20,8470145.472608276,0.03947656972688643,8470145.472608274,0.03947656972688643,0.8516012625276065,early exposure,FALSE,FALSE
12065084,Fürstenberg/Havel,50,RP50,9076503.472491477,0.04230260547081249,9076503.472491473,0.04230260547081249,0.9125654147861669,early exposure,FALSE,FALSE
12065084,Fürstenberg/Havel,100,RP100,9156422.776799202,0.04267508313359066,9156422.7767992,0.04267508313359066,0.9206006227609161,early exposure,FALSE,FALSE
12065084,Fürstenberg/Havel,200,RP200,9628117.907758627,0.04487349941668415,9628117.907758627,0.04487349941668415,0.9680255660930257,early exposure,FALSE,FALSE
12065084,Fürstenberg/Havel,500,RP500,9946140.107247312,0.04635569657296828,9946140.107247312,0.04635569657296828,1,early exposure,FALSE,FALSE
14729160,Grimma,10,RP10,9580595.88694276,0.04389478543179355,9580595.886942761,0.04389478543179355,0.8844835565367309,early exposure,FALSE,FALSE
14729160,Grimma,20,RP20,9990595.88694276,0.04577325543923463,9990595.886942761,0.04577325543923463,0.9223348825355963,early exposure,FALSE,FALSE
14729160,Grimma,50,RP50,10366932.601599185,0.04749749258845658,10366932.601599181,0.04749749258845658,0.9570784036863333,early exposure,FALSE,FALSE
14729160,Grimma,100,RP100,10418774.907645475,0.04773501506900424,10418774.907645473,0.04773501506900424,0.9618645013124094,early exposure,FALSE,FALSE
14729160,Grimma,200,RP200,10498774.907645475,0.04810154580216348,10498774.907645475,0.04810154580216348,0.9692501258975539,early exposure,FALSE,FALSE
14729160,Grimma,500,RP500,10831853.024443308,0.04962758788152856,10831853.024443306,0.04962758788152856,1,early exposure,FALSE,FALSE
12063244,Premnitz,10,RP10,7890880.204489829,0.17079674505803924,7890880.204489828,0.17079674505803924,0.651965866454748,early exposure,FALSE,FALSE
12063244,Premnitz,20,RP20,7890880.204489829,0.17079674505803924,7890880.204489828,0.17079674505803924,0.651965866454748,early exposure,FALSE,FALSE
12063244,Premnitz,50,RP50,8837166.510131244,0.1912789494139727,8837166.510131244,0.1912789494139727,0.73015060062682835,early exposure,FALSE,FALSE
12063244,Premnitz,100,RP100,9707537.907415751,0.21011798863335243,9707537.90741575,0.21011798863335243,0.8020630397290146,early exposure,FALSE,FALSE
12063244,Premnitz,200,RP200,11713210.628799882,0.2535304297789162,11713210.628799878,0.2535304297789162,0.9677771450930561,early exposure,FALSE,FALSE
12063244,Premnitz,500,RP500,12103210.628799882,0.2619719127119272,12103210.628799878,0.2619719127119272,1,early exposure,FALSE,FALSE
12063228,Paulinenaue,10,RP10,435217.1156188497,0.01371972501790585,435217.1156188496,0.01371972501790585,0.18319042467649355,early exposure,FALSE,FALSE
12063228,Paulinenaue,20,RP20,855763.4515418824,0.02697697037680592,855763.4515418822,0.02697697037680592,0.36020566398834336,early exposure,FALSE,FALSE
12063228,Paulinenaue,50,RP50,1665763.4515418825,0.05251129994631706,1665763.4515418822,0.05251129994631706,0.7011486983103444,early exposure,FALSE,FALSE
12063228,Paulinenaue,100,RP100,2265763.4515418825,0.07142561814595495,2265763.4515418825,0.07142561814595495,0.9536990941044196,early exposure,FALSE,FALSE
12063228,Paulinenaue,200,RP200,2375763.4515418825,0.0748932431492219,2375763.4515418825,0.0748932431492219,1,early exposure,FALSE,FALSE
12063228,Paulinenaue,500,RP500,2375763.4515418825,0.0748932431492219,2375763.4515418825,0.0748932431492219,1,early exposure,FALSE,FALSE
15090631,Wust-Fischbeck,10,RP10,46400530.93319797,0.6787493396311345,46400530.93319797,0.6787493396311345,0.925433175412736,early exposure,FALSE,FALSE
15090631,Wust-Fischbeck,20,RP20,47954891.41026956,0.7014866041870071,47954891.41026956,0.7014866041870071,0.956434043788646,early exposure,FALSE,FALSE
15090631,Wust-Fischbeck,50,RP50,48326950.035900176,0.7069290967915512,48326950.035900176,0.7069290967915512,0.9638545492964978,early exposure,FALSE,FALSE
15090631,Wust-Fischbeck,100,RP100,49394918.86193052,0.7225513993996472,49394918.86193052,0.7225513993996472,0.9851546025941198,early exposure,FALSE,FALSE
15090631,Wust-Fischbeck,200,RP200,49969249.496916935,0.7309527373021851,49969249.496916935,0.7309527373021851,0.9966093125421048,early exposure,FALSE,FALSE
15090631,Wust-Fischbeck,500,RP500,50139256.04353193,0.7334396017609998,50139256.04353193,0.7334396017609998,1,early exposure,FALSE,FALSE
14522290,Königshain-Wiederau,10,RP10,0,0,0,0,0,early exposure,FALSE,TRUE
14522290,Königshain-Wiederau,20,RP20,0,0,0,0,0,early exposure,FALSE,TRUE
14522290,Königshain-Wiederau,50,RP50,9806.69208964493,3.1509701584593586e-4,9806.69208964493,3.1509701584593586e-4,1,early exposure,FALSE,TRUE
14522290,Königshain-Wiederau,100,RP100,9806.69208964493,3.1509701584593586e-4,9806.69208964493,3.1509701584593586e-4,1,early exposure,FALSE,TRUE
14522290,Königshain-Wiederau,200,RP200,9806.69208964493,3.1509701584593586e-4,9806.69208964493,3.1509701584593586e-4,1,early exposure,FALSE,TRUE
14522290,Königshain-Wiederau,500,RP500,9806.69208964493,3.1509701584593586e-4,9806.69208964493,3.1509701584593586e-4,1,early exposure,FALSE,TRUE
15090635,Zehrental,10,RP10,9874941.91374204,0.13579727662554142,9874941.913742041,0.13579727662554142,0.41263017665781987,early exposure,FALSE,FALSE
15090635,Zehrental,20,RP20,19073041.06246139,0.2622868120008912,19073041.06246139,0.2622868120008912,0.7969780857194907,early exposure,FALSE,FALSE
15090635,Zehrental,50,RP50,21040832.467247464,0.28934729661652536,21040832.467247464,0.28934729661652536,0.879203391151685,early exposure,FALSE,FALSE
15090635,Zehrental,100,RP100,23569577.23211154,0.3241218457074687,23569577.232111543,0.3241218457074687,0.9848684581630006,early exposure,FALSE,FALSE
15090635,Zehrental,200,RP200,23659577.23211154,0.3253594990529826,23659577.23211154,0.3253594990529826,0.9886291603750837,early exposure,FALSE,FALSE
15090635,Zehrental,500,RP500,23931700.763444148,0.32910166126350343,23931700.763444148,0.32910166126350343,1,early exposure,FALSE,FALSE
13071043,Göhren-Lebbin,10,RP10,1959232.2306456713,0.04713941692786594,1959232.2306456713,0.04713941692786594,0.5370981524311597,early exposure,FALSE,FALSE
13071043,Göhren-Lebbin,20,RP20,3647810.408167039,0.08776685735091565,3647810.4081670395,0.08776685735091565,1,early exposure,FALSE,FALSE
13071043,Göhren-Lebbin,50,RP50,3647810.408167039,0.08776685735091565,3647810.4081670395,0.08776685735091565,1,early exposure,FALSE,FALSE
13071043,Göhren-Lebbin,100,RP100,3647810.408167039,0.08776685735091565,3647810.4081670395,0.08776685735091565,1,early exposure,FALSE,FALSE
13071043,Göhren-Lebbin,200,RP200,3647810.408167039,0.08776685735091565,3647810.4081670395,0.08776685735091565,1,early exposure,FALSE,FALSE
13071043,Göhren-Lebbin,500,RP500,3647810.408167039,0.08776685735091565,3647810.4081670395,0.08776685735091565,1,early exposure,FALSE,FALSE
13071045,Gotthun,10,RP10,0,0,0,0,0,delayed jump,FALSE,FALSE
13071045,Gotthun,20,RP20,0,0,0,0,0,delayed jump,FALSE,FALSE
13071045,Gotthun,50,RP50,0,0,0,0,0,delayed jump,FALSE,FALSE
13071045,Gotthun,100,RP100,36432.26615832957,0.00363170875327509,36432.266158329534,0.00363170875327509,0.03048354107841065,delayed jump,FALSE,FALSE
13071045,Gotthun,200,RP200,744581.9580044037,0.0742228002689604,744581.9580044037,0.0742228002689604,0.6230052943846681,delayed jump,FALSE,FALSE
13071045,Gotthun,500,RP500,1195145.4742287782,0.11913670868923998,1195145.4742287782,0.11913670868923998,1,delayed jump,FALSE,FALSE
15088305,Querfurt,10,RP10,18275.54896783541,1.1663950430463926e-4,18275.548967835406,1.1663950430463926e-4,0.12149988256849616,early exposure,FALSE,TRUE
15088305,Querfurt,20,RP20,18275.54896783541,1.1663950430463926e-4,18275.548967835406,1.1663950430463926e-4,0.12149988256849616,early exposure,FALSE,TRUE
15088305,Querfurt,50,RP50,150416.1862669495,9.599968480536034e-4,150416.1862669495,9.599968480536034e-4,1,early exposure,FALSE,TRUE
15088305,Querfurt,100,RP100,150416.1862669495,9.599968480536034e-4,150416.1862669495,9.599968480536034e-4,1,early exposure,FALSE,TRUE
15088305,Querfurt,200,RP200,150416.1862669495,9.599968480536034e-4,150416.1862669495,9.599968480536034e-4,1,early exposure,FALSE,TRUE
15088305,Querfurt,500,RP500,150416.1862669495,9.599968480536034e-4,150416.1862669495,9.599968480536034e-4,1,early exposure,FALSE,TRUE
15086145,Möser,10,RP10,10711689.663233804,0.13222815533119062,10711689.663233805,0.13222815533119062,0.854544646368118,early exposure,FALSE,FALSE
15086145,Möser,20,RP20,10900556.691685565,0.13455958385089256,10900556.691685565,0.13455958385089256,0.8696118592087655,early exposure,FALSE,FALSE
15086145,Möser,50,RP50,11937976.851439975,0.1473657944806264,11937976.851439975,0.1473657944806264,0.9523739510377826,early exposure,FALSE,FALSE
15086145,Möser,100,RP100,12001200.464300672,0.1481462448077711,12001200.464300673,0.1481462448077711,0.9574177304593989,early exposure,FALSE,FALSE
15086145,Möser,200,RP200,12168505.501991425,0.1502115059576899,12168505.501991427,0.1502115059576899,0.9707647960264466,early exposure,FALSE,FALSE
15086145,Möser,500,RP500,12534967.843704049,0.15473522172676488,12534967.843704047,0.15473522172676488,1,early exposure,FALSE,FALSE
12063260,Rhinow,10,RP10,15712409.847515266,0.4935134324558901,15712409.847515266,0.4935134324558901,0.7893520518191919,early exposure,FALSE,FALSE
12063260,Rhinow,20,RP20,17775381.076046623,0.5583096045218355,17775381.076046623,0.5583096045218355,0.8929905508074741,early exposure,FALSE,FALSE
12063260,Rhinow,50,RP50,18582132.32608841,0.5836489752746398,18582132.32608841,0.5836489752746398,0.9335197096512327,early exposure,FALSE,FALSE
12063260,Rhinow,100,RP100,18582132.32608841,0.5836489752746398,18582132.32608841,0.5836489752746398,0.9335197096512327,early exposure,FALSE,FALSE
12063260,Rhinow,200,RP200,19675272.3608575,0.6179835742285461,19675272.3608575,0.6179835742285461,0.988436322554322,early exposure,FALSE,FALSE
12063260,Rhinow,500,RP500,19905452.59406551,0.6252133396226779,19905452.59406551,0.6252133396226779,1,early exposure,FALSE,FALSE
16071064,Niedertrebra,10,RP10,552724.468920202,0.0613255279605524,552724.468920202,0.0613255279605524,0.6831774787435777,early exposure,FALSE,FALSE
16071064,Niedertrebra,20,RP20,640693.0070637017,0.07108575633637805,640693.0070637017,0.07108575633637805,0.7919081890286527,early exposure,FALSE,FALSE
16071064,Niedertrebra,50,RP50,714312.9164121604,0.07925398492597219,714312.9164121604,0.07925398492597219,0.8829037336121366,early exposure,FALSE,FALSE
16071064,Niedertrebra,100,RP100,714312.9164121604,0.07925398492597219,714312.9164121604,0.07925398492597219,0.8829037336121366,early exposure,FALSE,FALSE
16071064,Niedertrebra,200,RP200,809049.6044113017,0.08976514868923276,809049.6044113017,0.08976514868923276,1,early exposure,FALSE,FALSE
16071064,Niedertrebra,500,RP500,809049.6044113017,0.08976514868923276,809049.6044113017,0.08976514868923276,1,early exposure,FALSE,FALSE
12060198,Schorfheide,10,RP10,0,0,0,0,0,gradual increase,FALSE,TRUE
12060198,Schorfheide,20,RP20,0,0,0,0,0,gradual increase,FALSE,TRUE
12060198,Schorfheide,50,RP50,0,0,0,0,0,gradual increase,FALSE,TRUE
12060198,Schorfheide,100,RP100,141651.31719509893,5.936606437689109e-4,141651.31719509893,5.936606437689109e-4,0.48512214761260813,gradual increase,FALSE,TRUE
12060198,Schorfheide,200,RP200,152556.91790001764,6.393660142756436e-4,152556.91790001764,6.393660142756436e-4,0.5224712421338329,gradual increase,FALSE,TRUE
12060198,Schorfheide,500,RP500,291991.03337622643,0.00122373436605697,291991.03337622486,0.00122373436605697,1,gradual increase,FALSE,TRUE
16071069,Obertrebra,10,RP10,241735.84962072637,0.07272328588473069,241735.8496207264,0.07272328588473069,0.5365897106012507,gradual increase,FALSE,FALSE
16071069,Obertrebra,20,RP20,251735.84962072637,0.07573166407931087,251735.84962072637,0.07573166407931087,0.5587870682312066,gradual increase,FALSE,FALSE
16071069,Obertrebra,50,RP50,261735.84962072637,0.07874004227389104,261735.84962072637,0.07874004227389104,0.5809844258611625,gradual increase,FALSE,FALSE
16071069,Obertrebra,100,RP100,261735.84962072637,0.07874004227389104,261735.84962072637,0.07874004227389104,0.5809844258611625,gradual increase,FALSE,FALSE
16071069,Obertrebra,200,RP200,377598.5899434072,0.11359593642899694,377598.5899434072,0.11359593642899694,0.8381690941540887,gradual increase,FALSE,FALSE
16071069,Obertrebra,500,RP500,450504.0720029098,0.13552866267831334,450504.0720029098,0.13552866267831334,1,gradual increase,FALSE,FALSE
15087015,Allstedt,10,RP10,3517035.168499608,0.02352563943199866,3517035.168499607,0.02352563943199866,0.6436083691237919,early exposure,FALSE,FALSE
15087015,Allstedt,20,RP20,4088816.389819255,0.02735031510406263,4088816.3898192546,0.02735031510406263,0.7482428586066313,early exposure,FALSE,FALSE
15087015,Allstedt,50,RP50,4829827.842946958,0.03230698099623244,4829827.842946958,0.03230698099623244,0.8838460442446726,early exposure,FALSE,FALSE
15087015,Allstedt,100,RP100,4998867.102858519,0.03343769379494119,4998867.102858517,0.03343769379494119,0.9147797930351304,early exposure,FALSE,FALSE
15087015,Allstedt,200,RP200,5227454.039975275,0.03496672424355281,5227454.039975276,0.03496672424355281,0.9566106132436989,early exposure,FALSE,FALSE
15087015,Allstedt,500,RP500,5464557.854161681,0.03655272454587011,5464557.85416168,0.03655272454587011,1,early exposure,FALSE,FALSE
16071071,Oettern,10,RP10,595372.9995134464,0.1652718945732662,595372.9995134462,0.1652718945732662,0.9674993865252238,early exposure,FALSE,FALSE
16071071,Oettern,20,RP20,605372.9995134464,0.16804783326562095,605372.9995134465,0.16804783326562095,0.9837496932626121,early exposure,FALSE,FALSE
16071071,Oettern,50,RP50,605372.9995134464,0.16804783326562095,605372.9995134465,0.16804783326562095,0.9837496932626121,early exposure,FALSE,FALSE
16071071,Oettern,100,RP100,615372.9995134464,0.17082377195797566,615372.9995134464,0.17082377195797566,1,early exposure,FALSE,FALSE
16071071,Oettern,200,RP200,615372.9995134464,0.17082377195797566,615372.9995134464,0.17082377195797566,1,early exposure,FALSE,FALSE
16071071,Oettern,500,RP500,615372.9995134464,0.17082377195797566,615372.9995134464,0.17082377195797566,1,early exposure,FALSE,FALSE
12063252,Rathenow,10,RP10,27620449.50128089,0.2437142274042256,27620449.501280893,0.2437142274042256,0.7762567020017827,early exposure,FALSE,FALSE
12063252,Rathenow,20,RP20,28478165.434007693,0.25128244514330017,28478165.434007693,0.25128244514330017,0.8003623104627171,early exposure,FALSE,FALSE
12063252,Rathenow,50,RP50,31874054.210446622,0.28124670801534774,31874054.210446626,0.28124670801534774,0.8958017935109965,early exposure,FALSE,FALSE
12063252,Rathenow,100,RP100,33880177.68523672,0.2989481155436095,33880177.68523672,0.2989481155436095,0.9521827293924598,early exposure,FALSE,FALSE
12063252,Rathenow,200,RP200,34643782.05961304,0.3056859222594264,34643782.05961304,0.3056859222594264,0.9736433871294026,early exposure,FALSE,FALSE
12063252,Rathenow,500,RP500,35581592.31354045,0.3139608672952442,35581592.31354045,0.3139608672952442,1,early exposure,FALSE,FALSE
16067067,Tonna,10,RP10,43803.480588996616,0.00143429463335842,43803.48058899645,0.00143429463335842,0.15943490131371563,gradual increase,FALSE,TRUE
16067067,Tonna,20,RP20,52109.760730124966,0.00170627423108438,52109.76073012489,0.00170627423108438,0.18966790875462572,gradual increase,FALSE,TRUE
16067067,Tonna,50,RP50,61215.516230159,0.0020044317306885,61215.51623015896,0.0020044317306885,0.22281082822161083,gradual increase,FALSE,TRUE
16067067,Tonna,100,RP100,172502.23439554597,0.00564838742741416,172502.2343955459,0.00564838742741416,0.627869665776242,gradual increase,FALSE,TRUE
16067067,Tonna,200,RP200,274742.1062017379,0.00899611453665467,274742.10620173777,0.00899611453665467,1,gradual increase,FALSE,TRUE
16067067,Tonna,500,RP500,274742.1062017379,0.00899611453665467,274742.10620173777,0.00899611453665467,1,gradual increase,FALSE,TRUE
14627270,Strehla,10,RP10,13047249.841267057,0.4288575667175763,13047249.841267055,0.4288575667175763,0.8736881321266583,early exposure,FALSE,FALSE
14627270,Strehla,20,RP20,13396672.199661966,0.44034293138837394,13396672.199661966,0.44034293138837394,0.897086639194696,early exposure,FALSE,FALSE
14627270,Strehla,50,RP50,13693986.922517825,0.4501155401867421,13693986.922517825,0.4501155401867421,0.9169958421321684,early exposure,FALSE,FALSE
14627270,Strehla,100,RP100,14283986.922517825,0.4695085898670721,14283986.922517825,0.4695085898670721,0.9565042446097797,early exposure,FALSE,FALSE
14627270,Strehla,200,RP200,14799082.493562518,0.48643956274739025,14799082.493562518,0.48643956274739025,0.9909967922966758,early exposure,FALSE,FALSE
14627270,Strehla,500,RP500,14933532.18557351,0.4908588670807365,14933532.185573513,0.4908588670807365,1,early exposure,FALSE,FALSE
15088330,Schkopau,10,RP10,25653255.66414703,0.2573341585039144,25653255.66414703,0.2573341585039144,0.7938620959708199,early exposure,FALSE,FALSE
15088330,Schkopau,20,RP20,26487701.481775165,0.26570469108300354,26487701.48177516,0.26570469108300354,0.8196847406452021,early exposure,FALSE,FALSE
15088330,Schkopau,50,RP50,28789322.526729073,0.28879282159370095,28789322.52672907,0.28879282159370095,0.890910386652828,early exposure,FALSE,FALSE
15088330,Schkopau,100,RP100,31219414.59156835,0.3131696767102403,31219414.591568347,0.3131696767102403,0.9661116790444036,early exposure,FALSE,FALSE
15088330,Schkopau,200,RP200,31805561.088372026,0.31904945733106027,31805561.088372022,0.31904945733106027,0.9842504873340996,early exposure,FALSE,FALSE
15088330,Schkopau,500,RP500,32314498.694858927,0.324154736458627,32314498.694858924,0.324154736458627,1,early exposure,FALSE,FALSE
15085285,Schwanebeck,10,RP10,224792.6859380538,0.00682335317677684,224792.68593805376,0.00682335317677684,1,early exposure,FALSE,TRUE
15085285,Schwanebeck,20,RP20,224792.6859380538,0.00682335317677684,224792.68593805376,0.00682335317677684,1,early exposure,FALSE,TRUE
15085285,Schwanebeck,50,RP50,224792.6859380538,0.00682335317677684,224792.68593805376,0.00682335317677684,1,early exposure,FALSE,TRUE
15085285,Schwanebeck,100,RP100,224792.6859380538,0.00682335317677684,224792.68593805376,0.00682335317677684,1,early exposure,FALSE,TRUE
15085285,Schwanebeck,200,RP200,224792.6859380538,0.00682335317677684,224792.68593805376,0.00682335317677684,1,early exposure,FALSE,TRUE
15085285,Schwanebeck,500,RP500,224792.6859380538,0.00682335317677684,224792.68593805376,0.00682335317677684,1,early exposure,FALSE,TRUE
12066304,Senftenberg,10,RP10,12386221.814205209,0.09660801292840028,12386221.814205209,0.09660801292840028,0.8478548561287679,early exposure,FALSE,FALSE
12066304,Senftenberg,20,RP20,12774664.905595507,0.09963772737707452,12774664.905595506,0.09963772737707452,0.8744443493822494,early exposure,FALSE,FALSE
12066304,Senftenberg,50,RP50,13574664.905595507,0.10587743561918624,13574664.905595506,0.10587743561918624,0.9292055102170343,early exposure,FALSE,FALSE
12066304,Senftenberg,100,RP100,14291078.576542957,0.11146520097840164,14291078.576542955,0.11146520097840164,0.9782450655407744,early exposure,FALSE,FALSE
12066304,Senftenberg,200,RP200,14351078.576542957,0.11193317909656002,14351078.576542955,0.11193317909656002,0.9823521526033833,early exposure,FALSE,FALSE
12066304,Senftenberg,500,RP500,14608894.110437289,0.11394404623629112,14608894.110437285,0.11394404623629112,1,early exposure,FALSE,FALSE
15088319,Salzatal,10,RP10,6146006.646005802,0.0558235544071868,6146006.646005801,0.0558235544071868,0.7748683266629014,early exposure,FALSE,FALSE
15088319,Salzatal,20,RP20,6600370.85376336,0.05995049837801967,6600370.853763359,0.05995049837801967,0.8321530732697767,early exposure,FALSE,FALSE
15088319,Salzatal,50,RP50,6660370.85376336,0.06049547228666455,6660370.853763359,0.06049547228666455,0.839717676153828,early exposure,FALSE,FALSE
15088319,Salzatal,100,RP100,7638446.17677494,0.06937923114884334,7638446.1767749395,0.06937923114884334,0.9630301996417086,early exposure,FALSE,FALSE
15088319,Salzatal,200,RP200,7638446.17677494,0.06937923114884334,7638446.1767749395,0.06937923114884334,0.9630301996417086,early exposure,FALSE,FALSE
15088319,Salzatal,500,RP500,7931678.756924542,0.07204263290461255,7931678.756924541,0.07204263290461255,1,early exposure,FALSE,FALSE
12061061,Byhleguhre-Byhlen,10,RP10,0,0,0,0,0,early exposure,FALSE,FALSE
12061061,Byhleguhre-Byhlen,20,RP20,921976.1659107802,0.02574807259282326,921976.1659107802,0.02574807259282326,0.18815692027445596,early exposure,FALSE,FALSE
12061061,Byhleguhre-Byhlen,50,RP50,2440929.7686835993,0.06816796268910333,2440929.7686835993,0.06816796268910333,0.4981450116208217,early exposure,FALSE,FALSE
12061061,Byhleguhre-Byhlen,100,RP100,3440929.7686836,0.096095010637667,3440929.7686835993,0.096095010637667,0.7022250380156296,early exposure,FALSE,FALSE
12061061,Byhleguhre-Byhlen,200,RP200,4520038.566564204,0.12623133377779555,4520038.566564204,0.12623133377779555,0.9224495899699731,early exposure,FALSE,FALSE
12061061,Byhleguhre-Byhlen,500,RP500,4900038.566564203,0.13684361199824974,4900038.566564203,0.13684361199824974,1,early exposure,FALSE,FALSE
12063274,Seeblick,10,RP10,21329968.46228992,0.4389523158798472,21329968.462289922,0.4389523158798472,0.7344029358201629,early exposure,FALSE,FALSE
12063274,Seeblick,20,RP20,21513194.264675915,0.4427229445344776,21513194.26467591,0.4427229445344776,0.7407115043221826,early exposure,FALSE,FALSE
12063274,Seeblick,50,RP50,25635680.79484449,0.5275601543409613,25635680.794844482,0.5275601543409613,0.8826510583345304,early exposure,FALSE,FALSE
12063274,Seeblick,100,RP100,26480799.43352122,0.5449519655054373,26480799.43352122,0.5449519655054373,0.9117489733388502,early exposure,FALSE,FALSE
12063274,Seeblick,200,RP200,27554394.069083896,0.5670456152184958,27554394.069083896,0.5670456152184958,0.9487134467571744,early exposure,FALSE,FALSE
12063274,Seeblick,500,RP500,29043958.598108195,0.5976995658243607,29043958.5981082,0.5976995658243607,1,early exposure,FALSE,FALSE
14524050,Dennheritz,10,RP10,1347295.2521226734,0.10335995896584704,1347295.2521226734,0.10335995896584704,0.9048614303656701,early exposure,FALSE,FALSE
14524050,Dennheritz,20,RP20,1438952.0173030342,0.11039155762475908,1438952.0173030342,0.11039155762475908,0.9664193342572812,early exposure,FALSE,FALSE
14524050,Dennheritz,50,RP50,1478952.0173030342,0.1134602230506337,1478952.0173030342,0.1134602230506337,0.9932838668514562,early exposure,FALSE,FALSE
14524050,Dennheritz,100,RP100,1478952.0173030342,0.1134602230506337,1478952.0173030342,0.1134602230506337,0.9932838668514562,early exposure,FALSE,FALSE
14524050,Dennheritz,200,RP200,1478952.0173030342,0.1134602230506337,1478952.0173030342,0.1134602230506337,0.9932838668514562,early exposure,FALSE,FALSE
14524050,Dennheritz,500,RP500,1488952.017303034,0.11422738940710236,1488952.0173030342,0.11422738940710236,1,early exposure,FALSE,FALSE
12068109,Dreetz,10,RP10,23114752.52048603,0.3566840065954078,23114752.52048603,0.3566840065954078,0.8094979554049805,early exposure,FALSE,FALSE
12068109,Dreetz,20,RP20,27087094.93739009,0.41798126719010753,27087094.93739009,0.41798126719010753,0.9486127074146508,early exposure,FALSE,FALSE
12068109,Dreetz,50,RP50,27434990.6847573,0.4233496503877413,27434990.6847573,0.4233496503877413,0.9607963073012707,early exposure,FALSE,FALSE
12068109,Dreetz,100,RP100,28053358.62467597,0.432891693036256,28053358.62467597,0.432891693036256,0.9824520694647858,early exposure,FALSE,FALSE
12068109,Dreetz,200,RP200,28174205.167623628,0.43475647740215273,28174205.167623628,0.43475647740215273,0.9866842164171353,early exposure,FALSE,FALSE
12068109,Dreetz,500,RP500,28554429.77483747,0.4406237276003542,28554429.77483747,0.4406237276003542,1,early exposure,FALSE,FALSE
15085287,Selke-Aue,10,RP10,117716.99082981751,0.00321231470435236,117716.99082981718,0.00321231470435236,0.32374282629240747,early exposure,FALSE,TRUE
15085287,Selke-Aue,20,RP20,217151.10327197824,0.00592571792049432,217151.10327197815,0.00592571792049432,0.5972044596979088,early exposure,FALSE,TRUE
15085287,Selke-Aue,50,RP50,363612.661870982,0.00992242744384695,363612.6618709819,0.00992242744384695,1,early exposure,FALSE,TRUE
15085287,Selke-Aue,100,RP100,363612.661870982,0.00992242744384695,363612.6618709819,0.00992242744384695,1,early exposure,FALSE,TRUE
15085287,Selke-Aue,200,RP200,363612.661870982,0.00992242744384695,363612.6618709819,0.00992242744384695,1,early exposure,FALSE,TRUE
15085287,Selke-Aue,500,RP500,363612.661870982,0.00992242744384695,363612.6618709819,0.00992242744384695,1,early exposure,FALSE,TRUE
14628160,Heidenau,10,RP10,1355875.1728851425,0.1237024156772591,1355875.1728851425,0.1237024156772591,0.4506380472312088,early exposure,FALSE,FALSE
14628160,Heidenau,20,RP20,1675875.1728851425,0.15289741371862833,1675875.1728851425,0.15289741371862833,0.5569930996709826,early exposure,FALSE,FALSE
14628160,Heidenau,50,RP50,1953827.71246975,0.1782562382460228,1953827.71246975,0.1782562382460228,0.6493732775562616,early exposure,FALSE,FALSE
14628160,Heidenau,100,RP100,2336290.7815264384,0.2131500149710418,2336290.7815264384,0.2131500149710418,0.7764885268243896,early exposure,FALSE,FALSE
14628160,Heidenau,200,RP200,2818789.8285904913,0.25717051101478416,2818789.8285904913,0.25717051101478416,0.9368516876138843,early exposure,FALSE,FALSE
14628160,Heidenau,500,RP500,3008789.8285904913,0.27450504110184715,3008789.8285904913,0.27450504110184715,1,early exposure,FALSE,FALSE
12068117,Fehrbellin,10,RP10,31575810.61844589,0.11703002725201445,31575810.618445892,0.11703002725201445,0.5864096120938596,early exposure,FALSE,FALSE
12068117,Fehrbellin,20,RP20,39092721.20091697,0.14489009586427176,39092721.20091697,0.14489009586427176,0.7260097848994326,early exposure,FALSE,FALSE
12068117,Fehrbellin,50,RP50,47065257.63873325,0.1744388592470957,47065257.638733245,0.1744388592470957,0.8740716052719196,early exposure,FALSE,FALSE
12068117,Fehrbellin,100,RP100,50138732.08672238,0.18583013603022971,50138732.08672238,0.18583013603022971,0.9311505819798945,early exposure,FALSE,FALSE
12068117,Fehrbellin,200,RP200,51517891.708036214,0.19094174155692828,51517891.708036214,0.19094174155692828,0.956763620654433,early exposure,FALSE,FALSE
12068117,Fehrbellin,500,RP500,53845997.690419726,0.19957044502415633,53845997.690419726,0.19957044502415633,1,early exposure,FALSE,FALSE
12063293,Stechow-Ferchesar,10,RP10,2316818.9438605397,0.04527721896070155,2316818.9438605392,0.04527721896070155,0.4792027291519235,early exposure,FALSE,FALSE
12063293,Stechow-Ferchesar,20,RP20,3765033.602596249,0.07357944446668456,3765033.602596249,0.07357944446668456,0.7787463852080042,early exposure,FALSE,FALSE
12063293,Stechow-Ferchesar,50,RP50,4426736.050138208,0.08651098867888211,4426736.050138208,0.08651098867888211,0.9156106056896637,early exposure,FALSE,FALSE
12063293,Stechow-Ferchesar,100,RP100,4834736.538251285,0.0944844764152984,4834736.538251286,0.0944844764152984,1,early exposure,FALSE,FALSE
12063293,Stechow-Ferchesar,200,RP200,4834736.538251285,0.0944844764152984,4834736.538251286,0.0944844764152984,1,early exposure,FALSE,FALSE
12063293,Stechow-Ferchesar,500,RP500,4834736.538251285,0.0944844764152984,4834736.538251286,0.0944844764152984,1,early exposure,FALSE,FALSE
12066316,Tettau,10,RP10,2505523.6631739167,0.28009212583188753,2505523.6631739167,0.28009212583188753,0.8988779580523367,early exposure,FALSE,FALSE
12066316,Tettau,20,RP20,2548549.779407814,0.28490200910673796,2548549.779407814,0.28490200910673796,0.9143139437792708,early exposure,FALSE,FALSE
12066316,Tettau,50,RP50,2683810.839434782,0.3000228233309532,2683810.839434782,0.3000228233309532,0.9628400013168867,early exposure,FALSE,FALSE
12066316,Tettau,100,RP100,2683810.839434782,0.3000228233309532,2683810.839434782,0.3000228233309532,0.9628400013168867,early exposure,FALSE,FALSE
12066316,Tettau,200,RP200,2693777.054140086,0.3011369450230905,2693777.0541400854,0.3011369450230905,0.9664154657419426,early exposure,FALSE,FALSE
12066316,Tettau,500,RP500,2787390.25774179,0.31160195143596936,2787390.25774179,0.31160195143596936,1,early exposure,FALSE,FALSE
14522220,Großweitzschen,10,RP10,715241.0604326478,0.01611862795862757,715241.0604326478,0.01611862795862757,0.839642406203399,early exposure,FALSE,TRUE
14522220,Großweitzschen,20,RP20,761013.0292828389,0.01715014219577698,761013.0292828389,0.01715014219577698,0.8933754595585769,early exposure,FALSE,TRUE
14522220,Großweitzschen,50,RP50,781013.0292828389,0.01760086094922431,781013.0292828387,0.01760086094922431,0.9168540446861,early exposure,FALSE,TRUE
14522220,Großweitzschen,100,RP100,781013.0292828389,0.01760086094922431,781013.0292828387,0.01760086094922431,0.9168540446861,early exposure,FALSE,TRUE
14522220,Großweitzschen,200,RP200,801013.0292828389,0.01805157970267164,801013.0292828386,0.01805157970267164,0.9403326298136232,early exposure,FALSE,TRUE
14522220,Großweitzschen,500,RP500,851840.0870993938,0.0191970151096953,851840.0870993936,0.0191970151096953,1,early exposure,FALSE,TRUE
01053111,Schnakenbek,10,RP10,1195748.16972073,0.0929594295056423,1195748.16972073,0.0929594295056423,0.9300018447472891,early exposure,FALSE,FALSE
01053111,Schnakenbek,20,RP20,1235748.16972073,0.09606909529847736,1235748.16972073,0.09606909529847736,0.961112135970716,early exposure,FALSE,FALSE
01053111,Schnakenbek,50,RP50,1255748.16972073,0.0976239281948949,1255748.1697207303,0.0976239281948949,0.9766672815824294,early exposure,FALSE,FALSE
01053111,Schnakenbek,100,RP100,1265748.1697207305,0.09840134464310368,1265748.1697207303,0.09840134464310368,0.9844448543882863,early exposure,FALSE,FALSE
01053111,Schnakenbek,200,RP200,1275748.1697207305,0.09917876109131246,1275748.1697207305,0.09917876109131246,0.9922224271941431,early exposure,FALSE,FALSE
01053111,Schnakenbek,500,RP500,1285748.1697207305,0.09995617753952124,1285748.1697207307,0.09995617753952124,1,early exposure,FALSE,FALSE
12066320,Vetschau/Spreewald,10,RP10,3789534.208040067,0.03391468222606896,3789534.208040068,0.03391468222606896,0.573845931060976,early exposure,FALSE,FALSE
12066320,Vetschau/Spreewald,20,RP20,4709311.397786332,0.04214628785265193,4709311.397786332,0.04214628785265193,0.7131270059484289,early exposure,FALSE,FALSE
12066320,Vetschau/Spreewald,50,RP50,5840057.049283943,0.05226596941343264,5840057.049283943,0.05226596941343264,0.8843548549542811,early exposure,FALSE,FALSE
12066320,Vetschau/Spreewald,100,RP100,6603748.502727289,0.05910067561752081,6603748.502727289,0.05910067561752081,1,early exposure,FALSE,FALSE
12066320,Vetschau/Spreewald,200,RP200,6603748.502727289,0.05910067561752081,6603748.502727289,0.05910067561752081,1,early exposure,FALSE,FALSE
12066320,Vetschau/Spreewald,500,RP500,6603748.502727289,0.05910067561752081,6603748.502727289,0.05910067561752081,1,early exposure,FALSE,FALSE
01061068,Moordiek,10,RP10,13821.86295496677,0.00226266276016085,13821.862954966737,0.00226266276016085,0.003191471929767243,delayed jump,FALSE,FALSE
01061068,Moordiek,20,RP20,547495.7233475483,0.08962599242967288,547495.7233475483,0.08962599242967288,0.12641691199111718,delayed jump,FALSE,FALSE
01061068,Moordiek,50,RP50,1017949.774798676,0.16664013054213,1017949.7747986759,0.16664013054213,0.23504488090843462,delayed jump,FALSE,FALSE
01061068,Moordiek,100,RP100,1527392.1199218363,0.2500367194473165,1527392.1199218365,0.2500367194473165,0.3526752574787018,delayed jump,FALSE,FALSE
01061068,Moordiek,200,RP200,2073342.6150395316,0.33940975535564133,2073342.6150395318,0.33940975535564133,0.4787353758496878,delayed jump,FALSE,FALSE
01061068,Moordiek,500,RP500,4330874.047817421,0.708971537257377,4330874.047817421,0.708971537257377,1,delayed jump,FALSE,FALSE
14522210,Großschirma,10,RP10,224833.6437840633,0.00369544207979913,224833.64378406305,0.00369544207979913,0.915363539604262,early exposure,FALSE,TRUE
14522210,Großschirma,20,RP20,244833.6437840633,0.00402416886797931,244833.6437840628,0.00402416886797931,0.9967893906644701,early exposure,FALSE,TRUE
14522210,Großschirma,50,RP50,244833.6437840633,0.00402416886797931,244833.6437840628,0.00402416886797931,0.9967893906644701,early exposure,FALSE,TRUE
14522210,Großschirma,100,RP100,244833.6437840633,0.00402416886797931,244833.6437840628,0.00402416886797931,0.9967893906644701,early exposure,FALSE,TRUE
14522210,Großschirma,200,RP200,245622.24084352897,0.00403713051690564,245622.2408435288,0.00403713051690564,1,early exposure,FALSE,TRUE
14522210,Großschirma,500,RP500,245622.24084352897,0.00403713051690564,245622.2408435288,0.00403713051690564,1,early exposure,FALSE,TRUE
15088365,Teutschenthal,10,RP10,5480282.285704794,0.06021563038457651,5480282.285704795,0.06021563038457651,0.8183495624086196,early exposure,FALSE,FALSE
15088365,Teutschenthal,20,RP20,6168917.527537018,0.06778213937629897,6168917.527537019,0.06778213937629897,0.9211808253679289,early exposure,FALSE,FALSE
15088365,Teutschenthal,50,RP50,6168917.527537018,0.06778213937629897,6168917.527537019,0.06778213937629897,0.9211808253679289,early exposure,FALSE,FALSE
15088365,Teutschenthal,100,RP100,6696749.821158175,0.07358179578827653,6696749.821158176,0.07358179578827653,1,early exposure,FALSE,FALSE
15088365,Teutschenthal,200,RP200,6696749.821158175,0.07358179578827653,6696749.821158176,0.07358179578827653,1,early exposure,FALSE,FALSE
15088365,Teutschenthal,500,RP500,6696749.821158175,0.07358179578827653,6696749.821158176,0.07358179578827653,1,early exposure,FALSE,FALSE
01061070,Moorhusen,10,RP10,4680123.520579836,0.9998514037806048,4680123.520579836,0.9998514037806048,0.999944437541149,early exposure,FALSE,FALSE
01061070,Moorhusen,20,RP20,4680123.520579836,0.9998514037806048,4680123.520579836,0.9998514037806048,0.999944437541149,early exposure,FALSE,FALSE
01061070,Moorhusen,50,RP50,4680123.520579836,0.9998514037806048,4680123.520579836,0.9998514037806048,0.999944437541149,early exposure,FALSE,FALSE
01061070,Moorhusen,100,RP100,4680383.574199584,0.999906961069984,4680383.574199584,0.999906961069984,1,early exposure,FALSE,FALSE
01061070,Moorhusen,200,RP200,4680383.574199584,0.999906961069984,4680383.574199584,0.999906961069984,1,early exposure,FALSE,FALSE
01061070,Moorhusen,500,RP500,4680383.574199584,0.999906961069984,4680383.574199584,0.999906961069984,1,early exposure,FALSE,FALSE
01061071,Mühlenbarbek,10,RP10,1723582.0476767735,0.1983628983616865,1723582.0476767737,0.1983628983616865,0.9887282356081408,early exposure,FALSE,FALSE
01061071,Mühlenbarbek,20,RP20,1727174.838864715,0.1987763840290552,1727174.838864715,0.1987763840290552,0.9907892306718512,early exposure,FALSE,FALSE
01061071,Mühlenbarbek,50,RP50,1727174.838864715,0.1987763840290552,1727174.838864715,0.1987763840290552,0.9907892306718512,early exposure,FALSE,FALSE
01061071,Mühlenbarbek,100,RP100,1727230.7280763425,0.1987828161835445,1727230.7280763427,0.1987828161835445,0.990821291368745,early exposure,FALSE,FALSE
01061071,Mühlenbarbek,200,RP200,1731999.912693452,0.19933169013169624,1731999.9126934523,0.19933169013169624,0.9935571213793443,early exposure,FALSE,FALSE
01061071,Mühlenbarbek,500,RP500,1743231.340628847,0.2006242880680743,1743231.3406288468,0.2006242880680743,1,early exposure,FALSE,FALSE
01061072,Münsterdorf,10,RP10,1200382.3434116405,0.23412048021370532,1200382.3434116403,0.23412048021370532,0.8875445344285414,early exposure,FALSE,FALSE
01061072,Münsterdorf,20,RP20,1200382.3434116405,0.23412048021370532,1200382.3434116403,0.23412048021370532,0.8875445344285414,early exposure,FALSE,FALSE
01061072,Münsterdorf,50,RP50,1200382.3434116405,0.23412048021370532,1200382.3434116403,0.23412048021370532,0.8875445344285414,early exposure,FALSE,FALSE
01061072,Münsterdorf,100,RP100,1352475.6187975672,0.26378448757441475,1352475.6187975672,0.26378448757441475,1,early exposure,FALSE,FALSE
01061072,Münsterdorf,200,RP200,1352475.6187975672,0.26378448757441475,1352475.6187975672,0.26378448757441475,1,early exposure,FALSE,FALSE
01061072,Münsterdorf,500,RP500,1352475.6187975672,0.26378448757441475,1352475.6187975672,0.26378448757441475,1,early exposure,FALSE,FALSE
01061073,Neuenbrook,10,RP10,14201238.516349653,0.975816928727805,14201238.516349653,0.975816928727805,0.9807569746312887,early exposure,FALSE,FALSE
01061073,Neuenbrook,20,RP20,14389382.22872839,0.9887449433767737,14389382.22872839,0.9887449433767737,0.9937504369927602,early exposure,FALSE,FALSE
01061073,Neuenbrook,50,RP50,14389382.22872839,0.9887449433767737,14389382.22872839,0.9887449433767737,0.9937504369927602,early exposure,FALSE,FALSE
01061073,Neuenbrook,100,RP100,14479875.12063174,0.994963027507053,14479875.120631741,0.994963027507053,1,early exposure,FALSE,FALSE
01061073,Neuenbrook,200,RP200,14479875.12063174,0.994963027507053,14479875.120631741,0.994963027507053,1,early exposure,FALSE,FALSE
01061073,Neuenbrook,500,RP500,14479875.12063174,0.994963027507053,14479875.120631741,0.994963027507053,1,early exposure,FALSE,FALSE
01061074,Neuendorf b.Elmshorn,10,RP10,13603416.259167068,0.908743313306658,13603416.259167068,0.908743313306658,0.9509355272084263,early exposure,FALSE,FALSE
01061074,Neuendorf b.Elmshorn,20,RP20,13642114.448400397,0.911328452218302,13642114.448400397,0.911328452218302,0.9536406920199353,early exposure,FALSE,FALSE
01061074,Neuendorf b.Elmshorn,50,RP50,13812005.822519148,0.9226776344588188,13812005.822519148,0.9226776344588188,0.9655168075734022,early exposure,FALSE,FALSE
01061074,Neuendorf b.Elmshorn,100,RP100,14305298.1721078,0.9556308364820189,14305298.172107799,0.9556308364820189,1,early exposure,FALSE,FALSE
01061074,Neuendorf b.Elmshorn,200,RP200,14305298.1721078,0.9556308364820189,14305298.172107799,0.9556308364820189,1,early exposure,FALSE,FALSE
01061074,Neuendorf b.Elmshorn,500,RP500,14305298.1721078,0.9556308364820189,14305298.172107799,0.9556308364820189,1,early exposure,FALSE,FALSE
01061077,Nortorf,10,RP10,19637099.215573065,0.9937689272566672,19637099.21557306,0.9937689272566672,0.9952799624786158,early exposure,FALSE,FALSE
01061077,Nortorf,20,RP20,19637099.215573065,0.9937689272566672,19637099.21557306,0.9937689272566672,0.9952799624786158,early exposure,FALSE,FALSE
01061077,Nortorf,50,RP50,19637099.215573065,0.9937689272566672,19637099.21557306,0.9937689272566672,0.9952799624786158,early exposure,FALSE,FALSE
01061077,Nortorf,100,RP100,19730226.62555108,0.9984817988114766,19730226.62555108,0.9984817988114766,1,early exposure,FALSE,FALSE
01061077,Nortorf,200,RP200,19730226.62555108,0.9984817988114766,19730226.62555108,0.9984817988114766,1,early exposure,FALSE,FALSE
01061077,Nortorf,500,RP500,19730226.62555108,0.9984817988114766,19730226.62555108,0.9984817988114766,1,early exposure,FALSE,FALSE
01061056,Kremperheide,10,RP10,167220.30146060497,0.04276785552699407,167220.30146060497,0.04276785552699407,0.2111858473796399,early exposure,FALSE,FALSE
01061056,Kremperheide,20,RP20,367676.64332346106,0.09403607950086412,367676.6433234611,0.09403607950086412,0.464346151775475,early exposure,FALSE,FALSE
01061056,Kremperheide,50,RP50,367676.64332346106,0.09403607950086412,367676.6433234611,0.09403607950086412,0.464346151775475,early exposure,FALSE,FALSE
01061056,Kremperheide,100,RP100,791815.8509930833,0.20251288643462975,791815.8509930832,0.20251288643462975,1,early exposure,FALSE,FALSE
01061056,Kremperheide,200,RP200,791815.8509930833,0.20251288643462975,791815.8509930832,0.20251288643462975,1,early exposure,FALSE,FALSE
01061056,Kremperheide,500,RP500,791815.8509930833,0.20251288643462975,791815.8509930832,0.20251288643462975,1,early exposure,FALSE,FALSE
01061057,Krempermoor,10,RP10,1058453.658382751,0.6655380143853858,1058453.658382751,0.6655380143853858,0.751785878010604,early exposure,FALSE,FALSE
01061057,Krempermoor,20,RP20,1281619.7131254275,0.8058611090956433,1281619.7131254277,0.8058611090956433,0.9102936096228054,early exposure,FALSE,FALSE
01061057,Krempermoor,50,RP50,1281619.7131254275,0.8058611090956433,1281619.7131254277,0.8058611090956433,0.9102936096228054,early exposure,FALSE,FALSE
01061057,Krempermoor,100,RP100,1407919.0489500274,0.8852760258633088,1407919.0489500274,0.8852760258633088,1,early exposure,FALSE,FALSE
01061057,Krempermoor,200,RP200,1407919.0489500274,0.8852760258633088,1407919.0489500274,0.8852760258633088,1,early exposure,FALSE,FALSE
01061057,Krempermoor,500,RP500,1407919.0489500274,0.8852760258633088,1407919.0489500274,0.8852760258633088,1,early exposure,FALSE,FALSE
01061058,Kronsmoor,10,RP10,1842107.4784862772,0.30392793985814043,1842107.4784862772,0.30392793985814043,0.34620049482468046,early exposure,FALSE,FALSE
01061058,Kronsmoor,20,RP20,2989356.4490455417,0.4932116924071354,2989356.4490455417,0.4932116924071354,0.561811237375434,early exposure,FALSE,FALSE
01061058,Kronsmoor,50,RP50,3791166.949456169,0.6255018092393395,3791166.9494561683,0.6255018092393395,0.7125012460962534,early exposure,FALSE,FALSE
01061058,Kronsmoor,100,RP100,3973460.6842603697,0.6555783166718018,3973460.684260369,0.6555783166718018,0.7467610175426584,early exposure,FALSE,FALSE
01061058,Kronsmoor,200,RP200,4973658.445629293,0.820600199821301,4973658.445629293,0.820600199821301,0.9347353697194382,early exposure,FALSE,FALSE
01061058,Kronsmoor,500,RP500,5320926.763605984,0.8778957407673629,5320926.763605984,0.8778957407673629,1,early exposure,FALSE,FALSE
01061059,Krummendiek,10,RP10,1747580.5175802994,0.9831231273507314,1747580.5175802992,0.9831231273507314,0.9831231273614333,early exposure,FALSE,FALSE
01061059,Krummendiek,20,RP20,1747580.5175802994,0.9831231273507314,1747580.5175802992,0.9831231273507314,0.9831231273614333,early exposure,FALSE,FALSE
01061059,Krummendiek,50,RP50,1747580.5175802994,0.9831231273507314,1747580.5175802992,0.9831231273507314,0.9831231273614333,early exposure,FALSE,FALSE
01061059,Krummendiek,100,RP100,1777580.5175802994,0.9999999999891144,1777580.5175802994,0.9999999999891144,1,early exposure,FALSE,FALSE
01061059,Krummendiek,200,RP200,1777580.5175802994,0.9999999999891144,1777580.5175802994,0.9999999999891144,1,early exposure,FALSE,FALSE
01061059,Krummendiek,500,RP500,1777580.5175802994,0.9999999999891144,1777580.5175802994,0.9999999999891144,1,early exposure,FALSE,FALSE
01053132,Witzeeze,10,RP10,0,0,0,0,0,delayed jump,FALSE,TRUE
01053132,Witzeeze,20,RP20,0,0,0,0,0,delayed jump,FALSE,TRUE
01053132,Witzeeze,50,RP50,0,0,0,0,0,delayed jump,FALSE,TRUE
01053132,Witzeeze,100,RP100,0,0,0,0,0,delayed jump,FALSE,TRUE
01053132,Witzeeze,200,RP200,11979.719308910751,0.00114196142340658,11979.719308910719,0.00114196142340658,1,delayed jump,FALSE,TRUE
01053132,Witzeeze,500,RP500,11979.719308910751,0.00114196142340658,11979.719308910719,0.00114196142340658,1,delayed jump,FALSE,TRUE
01061060,Kudensee,10,RP10,2442645.2798453923,0.7985249970692422,2442645.2798453923,0.7985249970692422,0.8550988864820415,early exposure,FALSE,FALSE
01061060,Kudensee,20,RP20,2768556.1642035767,0.9050685014103332,2768556.1642035767,0.9050685014103332,0.9691907837405334,early exposure,FALSE,FALSE
01061060,Kudensee,50,RP50,2778556.1642035767,0.9083376007087782,2778556.1642035767,0.9083376007087782,0.9726914921468566,early exposure,FALSE,FALSE
01061060,Kudensee,100,RP100,2856564.6832902203,0.9338393602106656,2856564.68329022,0.9338393602106656,1,early exposure,FALSE,FALSE
01061060,Kudensee,200,RP200,2856564.6832902203,0.9338393602106656,2856564.68329022,0.9338393602106656,1,early exposure,FALSE,FALSE
01061060,Kudensee,500,RP500,2856564.6832902203,0.9338393602106656,2856564.68329022,0.9338393602106656,1,early exposure,FALSE,FALSE
01061061,Lägerdorf,10,RP10,1454772.6268656023,0.24176011163726227,1454772.6268656023,0.24176011163726227,0.5568302533256038,early exposure,FALSE,FALSE
01061061,Lägerdorf,20,RP20,2194572.1436137594,0.3647030447494828,2194572.1436137594,0.3647030447494828,0.8399966703406061,early exposure,FALSE,FALSE
01061061,Lägerdorf,50,RP50,2194572.1436137594,0.3647030447494828,2194572.1436137594,0.3647030447494828,0.8399966703406061,early exposure,FALSE,FALSE
01061061,Lägerdorf,100,RP100,2612596.2412730674,0.43417201237428854,2612596.2412730674,0.43417201237428854,1,early exposure,FALSE,FALSE
01061061,Lägerdorf,200,RP200,2612596.2412730674,0.43417201237428854,2612596.2412730674,0.43417201237428854,1,early exposure,FALSE,FALSE
01061061,Lägerdorf,500,RP500,2612596.2412730674,0.43417201237428854,2612596.2412730674,0.43417201237428854,1,early exposure,FALSE,FALSE
01061062,Landrecht,10,RP10,3938561.649395663,0.9911398589520232,3938561.6493956624,0.9911398589520232,0.9911398588194263,early exposure,FALSE,FALSE
01061062,Landrecht,20,RP20,3938561.649395663,0.9911398589520232,3938561.6493956624,0.9911398589520232,0.9911398588194263,early exposure,FALSE,FALSE
01061062,Landrecht,50,RP50,3938561.649395663,0.9911398589520232,3938561.6493956624,0.9911398589520232,0.9911398588194263,early exposure,FALSE,FALSE
01061062,Landrecht,100,RP100,3973769.8109396896,1.000000000133782,3973769.8109396896,1.000000000133782,1,early exposure,FALSE,FALSE
01061062,Landrecht,200,RP200,3973769.8109396896,1.000000000133782,3973769.8109396896,1.000000000133782,1,early exposure,FALSE,FALSE
01061062,Landrecht,500,RP500,3973769.8109396896,1.000000000133782,3973769.8109396896,1.000000000133782,1,early exposure,FALSE,FALSE
12070348,Rühstädt,10,RP10,16183292.041685697,0.5611432921641953,16183292.041685695,0.5611432921641953,0.7054229022539403,early exposure,FALSE,FALSE
12070348,Rühstädt,20,RP20,18004192.219946276,0.6242816152012849,18004192.219946276,0.6242816152012849,0.7847951761494251,early exposure,FALSE,FALSE
12070348,Rühstädt,50,RP50,22078473.06693747,0.765554191991787,22078473.06693747,0.765554191991787,0.9623913668551819,early exposure,FALSE,FALSE
12070348,Rühstädt,100,RP100,22434709.161741752,0.7779064065171927,22434709.161741752,0.7779064065171927,0.9779195485895994,early exposure,FALSE,FALSE
12070348,Rühstädt,200,RP200,22689540.016784765,0.7867424717983181,22689540.016784765,0.7867424717983181,0.9890275185184156,early exposure,FALSE,FALSE
12070348,Rühstädt,500,RP500,22941262.595781136,0.7954707599813554,22941262.595781136,0.7954707599813554,1,early exposure,FALSE,FALSE
01061063,Landscheide,10,RP10,7451906.987283861,0.9973180715124992,7451906.98728386,0.9973180715124992,0.9973180714827184,early exposure,FALSE,FALSE
01061063,Landscheide,20,RP20,7451906.987283861,0.9973180715124992,7451906.98728386,0.9973180715124992,0.9973180714827184,early exposure,FALSE,FALSE
01061063,Landscheide,50,RP50,7451906.987283861,0.9973180715124992,7451906.98728386,0.9973180715124992,0.9973180714827184,early exposure,FALSE,FALSE
01061063,Landscheide,100,RP100,7471946.212911863,1.0000000000298608,7471946.212911862,1.0000000000298608,1,early exposure,FALSE,FALSE
01061063,Landscheide,200,RP200,7471946.212911863,1.0000000000298608,7471946.212911862,1.0000000000298608,1,early exposure,FALSE,FALSE
01061063,Landscheide,500,RP500,7471946.212911863,1.0000000000298608,7471946.212911862,1.0000000000298608,1,early exposure,FALSE,FALSE
01061065,Lohbarbek,10,RP10,1559270.695209751,0.25202187817987975,1559270.6952097504,0.25202187817987975,0.8878554835737859,early exposure,FALSE,FALSE
01061065,Lohbarbek,20,RP20,1569270.695209751,0.2536381586560929,1569270.6952097507,0.2536381586560929,0.8935495268614676,early exposure,FALSE,FALSE
01061065,Lohbarbek,50,RP50,1591931.589644339,0.2573007947809081,1591931.5896443392,0.2573007947809081,0.9064527382462808,early exposure,FALSE,FALSE
01061065,Lohbarbek,100,RP100,1750175.938557287,0.2828775199428138,1750175.9385572872,0.2828775199428138,0.9965577555204141,early exposure,FALSE,FALSE
01061065,Lohbarbek,200,RP200,1751553.4072512025,0.28310015751847084,1751553.4072512027,0.28310015751847084,0.9973420921574723,early exposure,FALSE,FALSE
01061065,Lohbarbek,500,RP500,1756221.2815686984,0.2838546169309493,1756221.2815686984,0.2838546169309493,1,early exposure,FALSE,FALSE
01061089,Rade,10,RP10,234347.74994233917,0.06059454894326252,234347.74994233917,0.06059454894326252,0.4615907228892558,early exposure,FALSE,FALSE
01061089,Rade,20,RP20,507695.9703077992,0.13127332491428836,507695.9703077992,0.13127332491428836,1,early exposure,FALSE,FALSE
01061089,Rade,50,RP50,507695.9703077992,0.13127332491428836,507695.9703077992,0.13127332491428836,1,early exposure,FALSE,FALSE
01061089,Rade,100,RP100,507695.9703077992,0.13127332491428836,507695.9703077992,0.13127332491428836,1,early exposure,FALSE,FALSE
01061089,Rade,200,RP200,507695.9703077992,0.13127332491428836,507695.9703077992,0.13127332491428836,1,early exposure,FALSE,FALSE
01061089,Rade,500,RP500,507695.9703077992,0.13127332491428836,507695.9703077992,0.13127332491428836,1,early exposure,FALSE,FALSE
16052000,Gera,10,RP10,5813335.476642339,0.03817556177735062,5813335.476642339,0.03817556177735062,0.8550057989947435,early exposure,FALSE,FALSE
16052000,Gera,20,RP20,6003335.476642339,0.0394232717653326,6003335.476642339,0.0394232717653326,0.8829503589572162,early exposure,FALSE,FALSE
16052000,Gera,50,RP50,6250803.622203794,0.04104836901230316,6250803.622203795,0.04104836901230316,0.9193471401806058,early exposure,FALSE,FALSE
16052000,Gera,100,RP100,6470537.976785483,0.04249134137501024,6470537.976785483,0.04249134137501024,0.9516649288512542,early exposure,FALSE,FALSE
16052000,Gera,200,RP200,6640537.976785483,0.04360771346952043,6640537.976785482,0.04360771346952043,0.976667956186098,early exposure,FALSE,FALSE
16052000,Gera,500,RP500,6799176.664622925,0.04464947702370533,6799176.664622924,0.04464947702370533,1,early exposure,FALSE,FALSE
15087412,Südharz,10,RP10,2458685.3275432205,0.01034373316375783,2458685.3275432196,0.01034373316375783,0.8091279821761173,early exposure,FALSE,TRUE
15087412,Südharz,20,RP20,2708685.3275432205,0.01139548763675637,2708685.32754322,0.01139548763675637,0.8914004036519289,early exposure,FALSE,TRUE
15087412,Südharz,50,RP50,2988685.3275432205,0.01257345264651473,2988685.3275432196,0.01257345264651473,0.9835455157048375,early exposure,FALSE,TRUE
15087412,Südharz,100,RP100,3018685.3275432205,0.01269966318327455,3018685.3275432186,0.01269966318327455,0.9934182062819346,early exposure,FALSE,TRUE
15087412,Südharz,200,RP200,3018685.3275432205,0.01269966318327455,3018685.3275432186,0.01269966318327455,0.9934182062819346,early exposure,FALSE,TRUE
15087412,Südharz,500,RP500,3038685.3275432205,0.01278380354111444,3038685.32754322,0.01278380354111444,1,early exposure,FALSE,TRUE
15091020,Bad Schmiedeberg,10,RP10,22379469.74293426,0.13877511624517752,22379469.742934264,0.13877511624517752,0.8612816487707717,early exposure,FALSE,FALSE
15091020,Bad Schmiedeberg,20,RP20,23592926.000287622,0.14629975981837112,23592926.000287626,0.14629975981837112,0.9079819333641762,early exposure,FALSE,FALSE
15091020,Bad Schmiedeberg,50,RP50,24908116.543851376,0.1544552578111349,24908116.54385138,0.1544552578111349,0.9585974972188985,early exposure,FALSE,FALSE
15091020,Bad Schmiedeberg,100,RP100,25249133.39781411,0.15656990369389467,25249133.39781411,0.15656990369389467,0.9717216490247015,early exposure,FALSE,FALSE
15091020,Bad Schmiedeberg,200,RP200,25665598.290154982,0.15915240294479346,25665598.290154982,0.15915240294479346,0.9877494447343714,early exposure,FALSE,FALSE
15091020,Bad Schmiedeberg,500,RP500,25983915.685274877,0.16112628945855112,25983915.685274877,0.16112628945855112,1,early exposure,FALSE,FALSE
01061092,Rethwisch,10,RP10,7641688.569330065,0.775216947312187,7641688.569330064,0.775216947312187,0.8341638649693396,early exposure,FALSE,FALSE
01061092,Rethwisch,20,RP20,8624171.356791291,0.874885665864693,8624171.35679129,0.874885665864693,0.9414113184371214,early exposure,FALSE,FALSE
01061092,Rethwisch,50,RP50,8624171.356791291,0.874885665864693,8624171.35679129,0.874885665864693,0.9414113184371214,early exposure,FALSE,FALSE
01061092,Rethwisch,100,RP100,9160896.18627983,0.9293341271030492,9160896.186279826,0.9293341271030492,1,early exposure,FALSE,FALSE
01061092,Rethwisch,200,RP200,9160896.18627983,0.9293341271030492,9160896.186279826,0.9293341271030492,1,early exposure,FALSE,FALSE
01061092,Rethwisch,500,RP500,9160896.18627983,0.9293341271030492,9160896.186279826,0.9293341271030492,1,early exposure,FALSE,FALSE
01061093,Rosdorf,10,RP10,538113.820180959,0.0967022494203948,538113.820180959,0.0967022494203948,0.6936541799060127,early exposure,FALSE,FALSE
01061093,Rosdorf,20,RP20,775766.7087854515,0.13940988495664736,775766.7087854515,0.13940988495664736,1,early exposure,FALSE,FALSE
01061093,Rosdorf,50,RP50,775766.7087854515,0.13940988495664736,775766.7087854515,0.13940988495664736,1,early exposure,FALSE,FALSE
01061093,Rosdorf,100,RP100,775766.7087854515,0.13940988495664736,775766.7087854515,0.13940988495664736,1,early exposure,FALSE,FALSE
01061093,Rosdorf,200,RP200,775766.7087854515,0.13940988495664736,775766.7087854515,0.13940988495664736,1,early exposure,FALSE,FALSE
01061093,Rosdorf,500,RP500,775766.7087854515,0.13940988495664736,775766.7087854515,0.13940988495664736,1,early exposure,FALSE,FALSE
01061095,Sankt Margarethen,10,RP10,10449788.856922437,0.9580679011199134,10449788.856922437,0.9580679011199134,0.9768761151723632,early exposure,FALSE,FALSE
01061095,Sankt Margarethen,20,RP20,10449788.856922437,0.9580679011199134,10449788.856922437,0.9580679011199134,0.9768761151723632,early exposure,FALSE,FALSE
01061095,Sankt Margarethen,50,RP50,10469788.856922437,0.9599015609464184,10469788.856922438,0.9599015609464184,0.9787457723081153,early exposure,FALSE,FALSE
01061095,Sankt Margarethen,100,RP100,10579788.856922437,0.9699866899921958,10579788.856922437,0.9699866899921958,0.9890288865547514,early exposure,FALSE,FALSE
01061095,Sankt Margarethen,200,RP200,10642210.839843877,0.9757097241108872,10642210.839843877,0.9757097241108872,0.9948642718445947,early exposure,FALSE,FALSE
01061095,Sankt Margarethen,500,RP500,10697148.48650859,0.9807465718934778,10697148.486508591,0.9807465718934778,1,early exposure,FALSE,FALSE
01061096,Sarlhusen,10,RP10,1200445.2938686193,0.11058725304096718,1200445.2938686193,0.11058725304096718,0.7623760899917059,early exposure,FALSE,FALSE
01061096,Sarlhusen,20,RP20,1574610.3657076643,0.14505603532525566,1574610.3657076643,0.14505603532525566,1,early exposure,FALSE,FALSE
01061096,Sarlhusen,50,RP50,1574610.3657076643,0.14505603532525566,1574610.3657076643,0.14505603532525566,1,early exposure,FALSE,FALSE
01061096,Sarlhusen,100,RP100,1574610.3657076643,0.14505603532525566,1574610.3657076643,0.14505603532525566,1,early exposure,FALSE,FALSE
01061096,Sarlhusen,200,RP200,1574610.3657076643,0.14505603532525566,1574610.3657076643,0.14505603532525566,1,early exposure,FALSE,FALSE
01061096,Sarlhusen,500,RP500,1574610.3657076643,0.14505603532525566,1574610.3657076643,0.14505603532525566,1,early exposure,FALSE,FALSE
01061078,Nutteln,10,RP10,2265594.7345155147,0.327032303142625,2265594.7345155147,0.327032303142625,0.9202599266905207,early exposure,FALSE,FALSE
01061078,Nutteln,20,RP20,2265594.7345155147,0.327032303142625,2265594.7345155147,0.327032303142625,0.9202599266905207,early exposure,FALSE,FALSE
01061078,Nutteln,50,RP50,2265594.7345155147,0.327032303142625,2265594.7345155147,0.327032303142625,0.9202599266905207,early exposure,FALSE,FALSE
01061078,Nutteln,100,RP100,2461907.4120321055,0.35536949252882605,2461907.4120321055,0.35536949252882605,1,early exposure,FALSE,FALSE
01061078,Nutteln,200,RP200,2461907.4120321055,0.35536949252882605,2461907.4120321055,0.35536949252882605,1,early exposure,FALSE,FALSE
01061078,Nutteln,500,RP500,2461907.4120321055,0.35536949252882605,2461907.4120321055,0.35536949252882605,1,early exposure,FALSE,FALSE
01061079,Oelixdorf,10,RP10,1311709.2664316164,0.12587037265151893,1311709.2664316164,0.12587037265151893,0.8353430695138626,early exposure,FALSE,FALSE
01061079,Oelixdorf,20,RP20,1311709.2664316164,0.12587037265151893,1311709.2664316164,0.12587037265151893,0.8353430695138626,early exposure,FALSE,FALSE
01061079,Oelixdorf,50,RP50,1311709.2664316164,0.12587037265151893,1311709.2664316164,0.12587037265151893,0.8353430695138626,early exposure,FALSE,FALSE
01061079,Oelixdorf,100,RP100,1422982.479597663,0.13654804427111816,1422982.4795976633,0.13654804427111816,0.9062058055023497,early exposure,FALSE,FALSE
01061079,Oelixdorf,200,RP200,1431316.388012549,0.1373477581899494,1431316.3880125487,0.1373477581899494,0.9115131345077143,early exposure,FALSE,FALSE
01061079,Oelixdorf,500,RP500,1570264.1397324102,0.15068105218706204,1570264.1397324102,0.15068105218706204,1,early exposure,FALSE,FALSE
16074087,Schöps,10,RP10,436228.97009650245,0.0973987454783479,436228.97009650245,0.0973987454783479,0.8725944984949862,early exposure,FALSE,FALSE
16074087,Schöps,20,RP20,481532.3966170603,0.10751383918245636,481532.39661706024,0.10751383918245636,0.9632155334438238,early exposure,FALSE,FALSE
16074087,Schöps,50,RP50,481532.3966170603,0.10751383918245636,481532.39661706024,0.10751383918245636,0.9632155334438238,early exposure,FALSE,FALSE
16074087,Schöps,100,RP100,499921.75156833057,0.11161971069762314,499921.75156833057,0.11161971069762314,1,early exposure,FALSE,FALSE
16074087,Schöps,200,RP200,499921.75156833057,0.11161971069762314,499921.75156833057,0.11161971069762314,1,early exposure,FALSE,FALSE
16074087,Schöps,500,RP500,499921.75156833057,0.11161971069762314,499921.75156833057,0.11161971069762314,1,early exposure,FALSE,FALSE
01061080,Oeschebüttel,10,RP10,170672.81298574668,0.03089220782531824,170672.81298574666,0.03089220782531824,0.9422093836097027,early exposure,FALSE,FALSE
01061080,Oeschebüttel,20,RP20,181141.06689521731,0.03278698807580005,181141.06689521731,0.03278698807580005,1,early exposure,FALSE,FALSE
01061080,Oeschebüttel,50,RP50,181141.06689521731,0.03278698807580005,181141.06689521731,0.03278698807580005,1,early exposure,FALSE,FALSE
01061080,Oeschebüttel,100,RP100,181141.06689521731,0.03278698807580005,181141.06689521731,0.03278698807580005,1,early exposure,FALSE,FALSE
01061080,Oeschebüttel,200,RP200,181141.06689521731,0.03278698807580005,181141.06689521731,0.03278698807580005,1,early exposure,FALSE,FALSE
01061080,Oeschebüttel,500,RP500,181141.06689521731,0.03278698807580005,181141.06689521731,0.03278698807580005,1,early exposure,FALSE,FALSE
01061082,Oldendorf,10,RP10,3814076.388420967,0.3837120183528326,3814076.388420968,0.3837120183528326,0.9407102488577811,early exposure,FALSE,FALSE
01061082,Oldendorf,20,RP20,3814076.388420967,0.3837120183528326,3814076.388420968,0.3837120183528326,0.9407102488577811,early exposure,FALSE,FALSE
01061082,Oldendorf,50,RP50,3814076.388420967,0.3837120183528326,3814076.388420968,0.3837120183528326,0.9407102488577811,early exposure,FALSE,FALSE
01061082,Oldendorf,100,RP100,4054464.584660423,0.40789607513975656,4054464.584660424,0.40789607513975656,1,early exposure,FALSE,FALSE
01061082,Oldendorf,200,RP200,4054464.584660423,0.40789607513975656,4054464.584660424,0.40789607513975656,1,early exposure,FALSE,FALSE
01061082,Oldendorf,500,RP500,4054464.584660423,0.40789607513975656,4054464.584660424,0.40789607513975656,1,early exposure,FALSE,FALSE
14523100,Elsterberg,10,RP10,339839.6967796989,0.0135333074802619,339839.69677969883,0.0135333074802619,0.32357280186655685,early exposure,FALSE,FALSE
14523100,Elsterberg,20,RP20,446477.0538197069,0.01777988654498024,446477.0538197068,0.01777988654498024,0.42510581501377487,early exposure,FALSE,FALSE
14523100,Elsterberg,50,RP50,756477.0538197067,0.0301248990865869,756477.0538197067,0.0301248990865869,0.720267238264623,early exposure,FALSE,FALSE
14523100,Elsterberg,100,RP100,1026477.0538197068,0.04087700678411529,1026477.0538197067,0.04087700678411529,0.9773433165798779,early exposure,FALSE,FALSE
14523100,Elsterberg,200,RP200,1046477.0538197068,0.04167345920615443,1046477.0538197068,0.04167345920615443,0.9963859890476746,early exposure,FALSE,FALSE
14523100,Elsterberg,500,RP500,1050272.751044912,0.04182461381857153,1050272.751044912,0.04182461381857153,1,early exposure,FALSE,FALSE
01061083,Ottenbüttel,10,RP10,316098.0664527215,0.03197908243561837,316098.0664527215,0.03197908243561837,0.7024227785276512,early exposure,FALSE,FALSE
01061083,Ottenbüttel,20,RP20,316098.0664527215,0.03197908243561837,316098.0664527215,0.03197908243561837,0.7024227785276512,early exposure,FALSE,FALSE
01061083,Ottenbüttel,50,RP50,316098.0664527215,0.03197908243561837,316098.0664527215,0.03197908243561837,0.7024227785276512,early exposure,FALSE,FALSE
01061083,Ottenbüttel,100,RP100,450011.12736590754,0.045526830013471,450011.1273659075,0.045526830013471,1,early exposure,FALSE,FALSE
01061083,Ottenbüttel,200,RP200,450011.12736590754,0.045526830013471,450011.1273659075,0.045526830013471,1,early exposure,FALSE,FALSE
01061083,Ottenbüttel,500,RP500,450011.12736590754,0.045526830013471,450011.1273659075,0.045526830013471,1,early exposure,FALSE,FALSE
01061088,Quarnstedt,10,RP10,481468.9995197526,0.04566175925607069,481468.99951975263,0.04566175925607069,0.8142277710494628,early exposure,FALSE,FALSE
01061088,Quarnstedt,20,RP20,481468.9995197526,0.04566175925607069,481468.99951975263,0.04566175925607069,0.8142277710494628,early exposure,FALSE,FALSE
01061088,Quarnstedt,50,RP50,481468.9995197526,0.04566175925607069,481468.99951975263,0.04566175925607069,0.8142277710494628,early exposure,FALSE,FALSE
01061088,Quarnstedt,100,RP100,481468.9995197526,0.04566175925607069,481468.99951975263,0.04566175925607069,0.8142277710494628,early exposure,FALSE,FALSE
01061088,Quarnstedt,200,RP200,591319.7960555736,0.05607983524956044,591319.7960555737,0.05607983524956044,1,early exposure,FALSE,FALSE
01061088,Quarnstedt,500,RP500,591319.7960555736,0.05607983524956044,591319.7960555737,0.05607983524956044,1,early exposure,FALSE,FALSE
14522250,Hartha,10,RP10,1024405.3038926246,0.01885615891551259,1024405.3038926242,0.01885615891551259,0.9294169422959438,early exposure,FALSE,FALSE
14522250,Hartha,20,RP20,1034607.5070239096,0.01904395017625758,1034607.5070239091,0.01904395017625758,0.9386731423594636,early exposure,FALSE,FALSE
14522250,Hartha,50,RP50,1063020.797637117,0.01956695168852957,1063020.797637117,0.01956695168852957,0.9644518000664738,early exposure,FALSE,FALSE
14522250,Hartha,100,RP100,1083020.797637117,0.01993509033138629,1083020.7976371173,0.01993509033138629,0.9825972926515723,early exposure,FALSE,FALSE
14522250,Hartha,200,RP200,1093283.1973421487,0.02012398962637946,1093283.1973421487,0.02012398962637946,0.9919081075392203,early exposure,FALSE,FALSE
14522250,Hartha,500,RP500,1102202.0981907542,0.02028815922908842,1102202.098190754,0.02028815922908842,1,early exposure,FALSE,FALSE
16074092,Silbitz,10,RP10,578029.152603987,0.0502670985361347,578029.152603987,0.0502670985361347,0.8629953841957783,early exposure,FALSE,FALSE
16074092,Silbitz,20,RP20,578029.152603987,0.0502670985361347,578029.152603987,0.0502670985361347,0.8629953841957783,early exposure,FALSE,FALSE
16074092,Silbitz,50,RP50,578029.152603987,0.0502670985361347,578029.152603987,0.0502670985361347,0.8629953841957783,early exposure,FALSE,FALSE
16074092,Silbitz,100,RP100,635623.7602696721,0.05527569335464636,635623.7602696721,0.05527569335464636,0.9489839201478838,early exposure,FALSE,FALSE
16074092,Silbitz,200,RP200,650840.8474483823,0.05659901557325637,650840.8474483822,0.05659901557325637,0.9717029749515584,early exposure,FALSE,FALSE
16074092,Silbitz,500,RP500,669794.0257729767,0.05824723915873362,669794.0257729767,0.05824723915873362,1,early exposure,FALSE,FALSE
15091060,Coswig (Anhalt),10,RP10,20943873.726973698,0.07048378852669601,20943873.726973698,0.07048378852669601,0.9445833278978112,early exposure,FALSE,FALSE
15091060,Coswig (Anhalt),20,RP20,20993970.35006937,0.07065238197002018,20993970.35006937,0.07065238197002018,0.9468427205764067,early exposure,FALSE,FALSE
15091060,Coswig (Anhalt),50,RP50,21942605.749441605,0.07384488674492133,21942605.7494416,0.07384488674492133,0.9896268394162109,early exposure,FALSE,FALSE
15091060,Coswig (Anhalt),100,RP100,22012605.749441605,0.07408046232473943,22012605.749441605,0.07408046232473943,0.992783888289538,early exposure,FALSE,FALSE
15091060,Coswig (Anhalt),200,RP200,22042605.749441605,0.07418142328751862,22042605.749441605,0.07418142328751862,0.9941369092352497,early exposure,FALSE,FALSE
15091060,Coswig (Anhalt),500,RP500,22172605.749441605,0.07461892079289507,22172605.74944161,0.07461892079289507,1,early exposure,FALSE,FALSE
16074095,Sulza,10,RP10,19197.796246616275,0.00479279675008069,19197.79624661625,0.00479279675008069,0.6575083983895218,early exposure,FALSE,TRUE
16074095,Sulza,20,RP20,19197.796246616275,0.00479279675008069,19197.79624661625,0.00479279675008069,0.6575083983895218,early exposure,FALSE,TRUE
16074095,Sulza,50,RP50,29197.796246616275,0.00728933160674449,29197.79624661626,0.00728933160674449,1,early exposure,FALSE,TRUE
16074095,Sulza,100,RP100,29197.796246616275,0.00728933160674449,29197.79624661626,0.00728933160674449,1,early exposure,FALSE,TRUE
16074095,Sulza,200,RP200,29197.796246616275,0.00728933160674449,29197.79624661626,0.00728933160674449,1,early exposure,FALSE,TRUE
16074095,Sulza,500,RP500,29197.796246616275,0.00728933160674449,29197.79624661626,0.00728933160674449,1,early exposure,FALSE,TRUE
03354007,Gorleben,10,RP10,1037081.6533020368,0.04826532037307925,1037081.6533020369,0.04826532037307925,0.21385270522554578,early exposure,FALSE,FALSE
03354007,Gorleben,20,RP20,3493454.652214987,0.16258383075346355,3493454.652214988,0.16258383075346355,0.7203721380859917,early exposure,FALSE,FALSE
03354007,Gorleben,50,RP50,3849457.581392038,0.17915204924983377,3849457.581392039,0.17915204924983377,0.793782162485062,early exposure,FALSE,FALSE
03354007,Gorleben,100,RP100,4849513.838079576,0.22569422407902143,4849513.838079576,0.22569422407902143,1,early exposure,FALSE,FALSE
03354007,Gorleben,200,RP200,4849513.838079576,0.22569422407902143,4849513.838079576,0.22569422407902143,1,early exposure,FALSE,FALSE
03354007,Gorleben,500,RP500,4849513.838079576,0.22569422407902143,4849513.838079576,0.22569422407902143,1,early exposure,FALSE,FALSE
16074079,Rothenstein,10,RP10,1599389.9846706684,0.1511820971371081,1599389.9846706681,0.1511820971371081,0.8881526640328768,early exposure,FALSE,FALSE
16074079,Rothenstein,20,RP20,1630805.2550428014,0.15415162083208503,1630805.2550428011,0.15415162083208503,0.9055977876986152,early exposure,FALSE,FALSE
16074079,Rothenstein,50,RP50,1670805.2550428014,0.15793261480068832,1670805.2550428011,0.15793261480068832,0.9278100729459998,early exposure,FALSE,FALSE
16074079,Rothenstein,100,RP100,1770805.2550428014,0.16738509972219656,1770805.255042801,0.16738509972219656,0.9833407860644614,early exposure,FALSE,FALSE
16074079,Rothenstein,200,RP200,1790805.2550428014,0.16927559670649822,1790805.2550428011,0.16927559670649822,0.9944469286881538,early exposure,FALSE,FALSE
16074079,Rothenstein,500,RP500,1800805.2550428014,0.17022084519864905,1800805.2550428011,0.17022084519864905,1,early exposure,FALSE,FALSE
03354008,Gusborn,10,RP10,6111444.146160218,0.12603156785001904,6111444.146160218,0.12603156785001904,0.4513215367581569,early exposure,FALSE,FALSE
03354008,Gusborn,20,RP20,9343707.57907942,0.19268802717658232,9343707.57907942,0.19268802717658232,0.6900196357449304,early exposure,FALSE,FALSE
03354008,Gusborn,50,RP50,11667396.757505927,0.2406076650476437,11667396.75750593,0.2406076650476437,0.8616208065769771,early exposure,FALSE,FALSE
03354008,Gusborn,100,RP100,13143953.052925508,0.27105753916577113,13143953.052925508,0.27105753916577113,0.9706624079433893,early exposure,FALSE,FALSE
03354008,Gusborn,200,RP200,13359266.221091032,0.27549777546895415,13359266.221091032,0.27549777546895415,0.986562981951218,early exposure,FALSE,FALSE
03354008,Gusborn,500,RP500,13541219.836435745,0.27925006361385707,13541219.836435745,0.27925006361385707,1,early exposure,FALSE,FALSE
03354009,Hitzacker (Elbe),10,RP10,7358846.108620795,0.12544291965239054,7358846.108620795,0.12544291965239054,0.7994952500939823,early exposure,FALSE,FALSE
03354009,Hitzacker (Elbe),20,RP20,7615221.586126658,0.1298132364046237,7615221.586126658,0.1298132364046237,0.8273489344190822,early exposure,FALSE,FALSE
03354009,Hitzacker (Elbe),50,RP50,8545690.963960325,0.14567452684061497,8545690.963960325,0.14567452684061497,0.9284389473036353,early exposure,FALSE,FALSE
03354009,Hitzacker (Elbe),100,RP100,8595690.963960323,0.14652685421504824,8595690.963960323,0.14652685421504824,0.9338711525590038,early exposure,FALSE,FALSE
03354009,Hitzacker (Elbe),200,RP200,8675690.96396032,0.14789057801414146,8675690.96396032,0.14789057801414146,0.9425626809675932,early exposure,FALSE,FALSE
03354009,Hitzacker (Elbe),500,RP500,9204365.013745546,0.15690264530983078,9204365.013745546,0.15690264530983078,1,early exposure,FALSE,FALSE
12061450,Schwielochsee,10,RP10,8667840.957033802,0.06543105613649758,8667840.957033802,0.06543105613649758,0.7801617194558454,early exposure,FALSE,FALSE
12061450,Schwielochsee,20,RP20,8667840.957033802,0.06543105613649758,8667840.957033802,0.06543105613649758,0.7801617194558454,early exposure,FALSE,FALSE
12061450,Schwielochsee,50,RP50,9355923.60147988,0.07062519552581879,9355923.601479879,0.07062519552581879,0.8420936055714022,early exposure,FALSE,FALSE
12061450,Schwielochsee,100,RP100,9355923.60147988,0.07062519552581879,9355923.601479879,0.07062519552581879,0.8420936055714022,early exposure,FALSE,FALSE
12061450,Schwielochsee,200,RP200,10840313.081087252,0.08183042781492778,10840313.081087252,0.08183042781492778,0.9756982545829773,early exposure,FALSE,FALSE
12061450,Schwielochsee,500,RP500,11110313.081087252,0.08386858071187478,11110313.081087252,0.08386858071187478,1,early exposure,FALSE,FALSE
14627210,Radebeul,10,RP10,1736967.794700892,0.06646644387628528,1736967.7947008917,0.06646644387628528,0.2917680323284066,early exposure,FALSE,FALSE
14627210,Radebeul,20,RP20,1999504.3425647689,0.07651261213415615,1999504.3425647689,0.07651261213415615,0.3358677400018736,early exposure,FALSE,FALSE
14627210,Radebeul,50,RP50,2621223.6347158514,0.10030319165130816,2621223.6347158514,0.10030319165130816,0.44030134843430163,early exposure,FALSE,FALSE
14627210,Radebeul,100,RP100,3844424.624681531,0.1471099431621908,3844424.6246815315,0.1471099431621908,0.6457691452888211,early exposure,FALSE,FALSE
14627210,Radebeul,200,RP200,4176720.3795620473,0.15982550254646655,4176720.3795620473,0.15982550254646655,0.7015866905814592,early exposure,FALSE,FALSE
14627210,Radebeul,500,RP500,5953249.1645479705,0.22780577894658577,5953249.1645479705,0.22780577894658577,1,early exposure,FALSE,FALSE
12061476,Straupitz (Spreewald),10,RP10,0,0,0,0,0,delayed jump,FALSE,FALSE
12061476,Straupitz (Spreewald),20,RP20,0,0,0,0,0,delayed jump,FALSE,FALSE
12061476,Straupitz (Spreewald),50,RP50,0,0,0,0,0,delayed jump,FALSE,FALSE
12061476,Straupitz (Spreewald),100,RP100,0,0,0,0,0,delayed jump,FALSE,FALSE
12061476,Straupitz (Spreewald),200,RP200,400891.2011791271,0.01838323177206767,400891.2011791269,0.01838323177206767,0.1917322149297153,delayed jump,FALSE,FALSE
12061476,Straupitz (Spreewald),500,RP500,2090891.2011791267,0.09587972359682252,2090891.201179127,0.09587972359682252,1,delayed jump,FALSE,FALSE
15087440,Wallhausen,10,RP10,2935390.2434285893,0.08319543601882218,2935390.2434285893,0.08319543601882218,0.4755243116257091,early exposure,FALSE,FALSE
15087440,Wallhausen,20,RP20,3841717.36992521,0.10888274646532052,3841717.36992521,0.10888274646532052,0.6223465557548641,early exposure,FALSE,FALSE
15087440,Wallhausen,50,RP50,4330178.034427528,0.12272679941612968,4330178.034427528,0.12272679941612968,0.7014757011091118,early exposure,FALSE,FALSE
15087440,Wallhausen,100,RP100,4915803.097550507,0.1393247058032406,4915803.097550507,0.1393247058032406,0.7963451841823567,early exposure,FALSE,FALSE
15087440,Wallhausen,200,RP200,5606378.373874147,0.15889713279014034,5606378.373874147,0.15889713279014034,0.9082162833095286,early exposure,FALSE,FALSE
15087440,Wallhausen,500,RP500,6172955.139545148,0.17495516840010972,6172955.139545148,0.17495516840010972,1,early exposure,FALSE,FALSE
14522280,Königsfeld,10,RP10,592442.8164182724,0.02097648875678916,592442.8164182723,0.02097648875678916,0.9143328321425668,early exposure,FALSE,FALSE
14522280,Königsfeld,20,RP20,622431.1610884329,0.02203827929146284,622431.1610884328,0.02203827929146284,0.9606146459373631,early exposure,FALSE,FALSE
14522280,Königsfeld,50,RP50,622431.1610884329,0.02203827929146284,622431.1610884328,0.02203827929146284,0.9606146459373631,early exposure,FALSE,FALSE
14522280,Königsfeld,100,RP100,647950.9382048486,0.02294185226580425,647950.9382048484,0.02294185226580425,1,early exposure,FALSE,FALSE
14522280,Königsfeld,200,RP200,647950.9382048486,0.02294185226580425,647950.9382048484,0.02294185226580425,1,early exposure,FALSE,FALSE
14522280,Königsfeld,500,RP500,647950.9382048486,0.02294185226580425,647950.9382048484,0.02294185226580425,1,early exposure,FALSE,FALSE
03354010,Höhbeck,10,RP10,6229813.934226598,0.3191462021999051,6229813.934226598,0.3191462021999051,0.7734225481376026,early exposure,FALSE,FALSE
03354010,Höhbeck,20,RP20,6563584.782800735,0.33624489886277736,6563584.782800735,0.33624489886277736,0.8148597247409046,early exposure,FALSE,FALSE
03354010,Höhbeck,50,RP50,7684920.896002712,0.3936896581599813,7684920.896002713,0.3936896581599813,0.9540720099147243,early exposure,FALSE,FALSE
03354010,Höhbeck,100,RP100,7874864.639294465,0.40342025765191014,7874864.639294465,0.40342025765191014,0.9776532557577817,early exposure,FALSE,FALSE
03354010,Höhbeck,200,RP200,7894864.639294465,0.4044448346475296,7894864.639294465,0.4044448346475296,0.9801362273402504,early exposure,FALSE,FALSE
03354010,Höhbeck,500,RP500,8054864.639294465,0.4126414506124853,8054864.639294466,0.4126414506124853,1,early exposure,FALSE,FALSE
03354011,Jameln,10,RP10,4992153.762130288,0.13795011878693134,4992153.762130288,0.13795011878693134,0.8568919338613286,early exposure,FALSE,FALSE
03354011,Jameln,20,RP20,5386865.668460036,0.14885734579942006,5386865.668460036,0.14885734579942006,0.9246433423413146,early exposure,FALSE,FALSE
03354011,Jameln,50,RP50,5386865.668460036,0.14885734579942006,5386865.668460036,0.14885734579942006,0.9246433423413146,early exposure,FALSE,FALSE
03354011,Jameln,100,RP100,5510170.293516651,0.15226467026978643,5510170.293516651,0.15226467026978643,0.9458083031284442,early exposure,FALSE,FALSE
03354011,Jameln,200,RP200,5687844.70342293,0.157174416066861,5687844.70342293,0.157174416066861,0.9763057148582652,early exposure,FALSE,FALSE
03354011,Jameln,500,RP500,5825884.880996175,0.1609889337682293,5825884.880996175,0.1609889337682293,1,early exposure,FALSE,FALSE
03354014,Langendorf,10,RP10,8718870.954897765,0.21264075926977827,8718870.954897765,0.21264075926977827,0.5717092505116284,early exposure,FALSE,FALSE
03354014,Langendorf,20,RP20,10065413.686921172,0.24548100549062812,10065413.686921172,0.24548100549062812,0.6600040469467718,early exposure,FALSE,FALSE
03354014,Langendorf,50,RP50,12561386.258569453,0.3063541971569973,12561386.258569451,0.3063541971569973,0.8236686562311916,early exposure,FALSE,FALSE
03354014,Langendorf,100,RP100,13928733.720838236,0.33970184091345296,13928733.720838236,0.33970184091345296,0.9133276495671964,early exposure,FALSE,FALSE
03354014,Langendorf,200,RP200,14048733.720838236,0.3426284688271325,14048733.720838236,0.3426284688271325,0.921196226865368,early exposure,FALSE,FALSE
03354014,Langendorf,500,RP500,15250533.286098065,0.3719386367799435,15250533.286098063,0.3719386367799435,1,early exposure,FALSE,FALSE
03354016,Luckau (Wendland),10,RP10,0,0,0,0,0,delayed jump,FALSE,TRUE
03354016,Luckau (Wendland),20,RP20,0,0,0,0,0,delayed jump,FALSE,TRUE
03354016,Luckau (Wendland),50,RP50,0,0,0,0,0,delayed jump,FALSE,TRUE
03354016,Luckau (Wendland),100,RP100,256.6682134633507,1.1450007065021749e-5,256.6682134633507,1.1450007065021749e-5,7.799610171883427e-4,delayed jump,FALSE,TRUE
03354016,Luckau (Wendland),200,RP200,329078.25879376126,0.01468022992520514,329078.2587937612,0.01468022992520514,1,delayed jump,FALSE,TRUE
03354016,Luckau (Wendland),500,RP500,329078.25879376126,0.01468022992520514,329078.2587937612,0.01468022992520514,1,delayed jump,FALSE,TRUE
12063202,Mühlenberge,10,RP10,12100.979131903268,3.042687502695598e-4,12100.979131903267,3.042687502695598e-4,0.07105008921234672,early exposure,FALSE,TRUE
12063202,Mühlenberge,20,RP20,170316.17083178024,0.00428245416216431,170316.17083178015,0.00428245416216431,1,early exposure,FALSE,TRUE
12063202,Mühlenberge,50,RP50,170316.17083178024,0.00428245416216431,170316.17083178015,0.00428245416216431,1,early exposure,FALSE,TRUE
12063202,Mühlenberge,100,RP100,170316.17083178024,0.00428245416216431,170316.17083178015,0.00428245416216431,1,early exposure,FALSE,TRUE
12063202,Mühlenberge,200,RP200,170316.17083178024,0.00428245416216431,170316.17083178015,0.00428245416216431,1,early exposure,FALSE,TRUE
12063202,Mühlenberge,500,RP500,170316.17083178024,0.00428245416216431,170316.17083178015,0.00428245416216431,1,early exposure,FALSE,TRUE
12063208,Nauen,10,RP10,0,0,0,0,0,delayed jump,FALSE,TRUE
12063208,Nauen,20,RP20,0,0,0,0,0,delayed jump,FALSE,TRUE
12063208,Nauen,50,RP50,194424.18745039735,7.231675575027425e-4,194424.18745039735,7.231675575027425e-4,0.04388475667326665,delayed jump,FALSE,TRUE
12063208,Nauen,100,RP100,602522.3896903755,0.00224110307779616,602522.3896903737,0.00224110307779616,0.1359992746195898,delayed jump,FALSE,TRUE
12063208,Nauen,200,RP200,1332273.8373672443,0.00495543908156735,1332273.8373672434,0.00495543908156735,0.3007162531664792,delayed jump,FALSE,TRUE
12063208,Nauen,500,RP500,4430335.318888417,0.01647878699401051,4430335.3188884165,0.01647878699401051,1,delayed jump,FALSE,TRUE
14627240,Röderaue,10,RP10,2565074.8466089154,0.08972781907630754,2565074.8466089154,0.08972781907630754,0.5296959423043294,early exposure,FALSE,FALSE
14627240,Röderaue,20,RP20,3140067.085451004,0.10984138404510788,3140067.085451004,0.10984138404510788,0.6484336298902436,early exposure,FALSE,FALSE
14627240,Röderaue,50,RP50,3310067.085451004,0.11578808351983784,3310067.085451004,0.11578808351983784,0.6835391591931338,early exposure,FALSE,FALSE
14627240,Röderaue,100,RP100,4108333.7747608842,0.14371191941403486,4108333.7747608842,0.14371191941403486,0.8483837159760114,early exposure,FALSE,FALSE
14627240,Röderaue,200,RP200,4576432.933145914,0.16008630188044545,4576432.933145915,0.16008630188044545,0.9450476496309759,early exposure,FALSE,FALSE
14627240,Röderaue,500,RP500,4842541.99767909,0.16939495267032967,4842541.99767909,0.16939495267032967,1,early exposure,FALSE,FALSE
15084355,Naumburg (Saale),10,RP10,15711003.481831824,0.12062477998521516,15711003.481831824,0.12062477998521516,0.897782951934941,early exposure,FALSE,FALSE
15084355,Naumburg (Saale),20,RP20,16450669.898000203,0.12630373606309647,16450669.898000205,0.12630373606309647,0.9400501374347535,early exposure,FALSE,FALSE
15084355,Naumburg (Saale),50,RP50,16709002.12086552,0.12828714008832345,16709002.12086552,0.12828714008832345,0.9548121649457357,early exposure,FALSE,FALSE
15084355,Naumburg (Saale),100,RP100,16859002.120865516,0.1294387989889599,16859002.120865516,0.1294387989889599,0.9633837016363085,early exposure,FALSE,FALSE
15084355,Naumburg (Saale),200,RP200,17169779.259531256,0.13182486070801813,17169779.259531256,0.13182486070801813,0.9811426192807395,early exposure,FALSE,FALSE
15084355,Naumburg (Saale),500,RP500,17499779.259531256,0.13435851028941836,17499779.259531256,0.13435851028941836,1,early exposure,FALSE,FALSE
03354003,Damnatz,10,RP10,8809493.396317199,0.538042886042801,8809493.396317199,0.538042886042801,0.6582900346754338,early exposure,FALSE,FALSE
03354003,Damnatz,20,RP20,11008801.114779936,0.672366373092872,11008801.114779936,0.672366373092872,0.8226334638735335,early exposure,FALSE,FALSE
03354003,Damnatz,50,RP50,11399139.364976391,0.6962064180557749,11399139.364976391,0.6962064180557749,0.8518015180052722,early exposure,FALSE,FALSE
03354003,Damnatz,100,RP100,11755235.607630009,0.7179551204484057,11755235.607630009,0.7179551204484057,0.8784108356332572,early exposure,FALSE,FALSE
03354003,Damnatz,200,RP200,12955235.607630013,0.7912455395684516,12955235.607630013,0.7912455395684516,0.9680809228985203,early exposure,FALSE,FALSE
03354003,Damnatz,500,RP500,13382389.117679218,0.8173340893852056,13382389.117679218,0.8173340893852056,1,early exposure,FALSE,FALSE
03354004,Dannenberg (Elbe),10,RP10,28110519.246260975,0.366948642211026,28110519.24626098,0.366948642211026,0.6540686853420935,early exposure,FALSE,FALSE
03354004,Dannenberg (Elbe),20,RP20,35481317.978579536,0.4631654556800552,35481317.978579536,0.4631654556800552,0.8255706271786897,early exposure,FALSE,FALSE
03354004,Dannenberg (Elbe),50,RP50,38090848.60058837,0.4972297043751981,38090848.60058837,0.4972297043751981,0.8862885473403487,early exposure,FALSE,FALSE
03354004,Dannenberg (Elbe),100,RP100,38130848.60058837,0.49775185572928216,38130848.60058837,0.49775185572928216,0.8872192575554282,early exposure,FALSE,FALSE
03354004,Dannenberg (Elbe),200,RP200,38435535.43244595,0.5017291717749326,38435535.43244595,0.5017291717749326,0.8943086362256797,early exposure,FALSE,FALSE
03354004,Dannenberg (Elbe),500,RP500,42977931.63963889,0.5610246300342343,42977931.63963889,0.5610246300342343,1,early exposure,FALSE,FALSE
03354005,Gartow,10,RP10,3885694.296200442,0.13691672397562343,3885694.296200442,0.13691672397562343,0.33266447488835443,early exposure,FALSE,FALSE
03354005,Gartow,20,RP20,8826346.421568558,0.3110060505523606,8826346.421568558,0.3110060505523606,0.7556466550610875,early exposure,FALSE,FALSE
03354005,Gartow,50,RP50,9960291.351343157,0.3509618507565405,9960291.351343157,0.3509618507565405,0.8527266530899186,early exposure,FALSE,FALSE
03354005,Gartow,100,RP100,9960291.351343157,0.3509618507565405,9960291.351343157,0.3509618507565405,0.8527266530899186,early exposure,FALSE,FALSE
03354005,Gartow,200,RP200,11480520.733404191,0.40452880966188054,11480520.733404191,0.40452880966188054,0.9828774757080789,early exposure,FALSE,FALSE
03354005,Gartow,500,RP500,11680520.733404191,0.4115760302375962,11680520.733404191,0.4115760302375962,1,early exposure,FALSE,FALSE
15085235,Quedlinburg,10,RP10,1251175.1414973564,0.010341730123455,1251175.141497356,0.010341730123455,0.7945348865331059,early exposure,FALSE,TRUE
15085235,Quedlinburg,20,RP20,1331175.1414973564,0.01100297920236994,1331175.1414973557,0.01100297920236994,0.8453373591961887,early exposure,FALSE,TRUE
15085235,Quedlinburg,50,RP50,1433342.588651451,0.01184745583144165,1433342.588651451,0.01184745583144165,0.9102168459599752,early exposure,FALSE,TRUE
15085235,Quedlinburg,100,RP100,1533342.588651451,0.01267401718008532,1533342.5886514501,0.01267401718008532,0.9737199367888283,early exposure,FALSE,TRUE
15085235,Quedlinburg,200,RP200,1563342.588651451,0.01292198558467843,1563342.5886514508,0.01292198558467843,0.9927708640374849,early exposure,FALSE,TRUE
15085235,Quedlinburg,500,RP500,1574726.500628269,0.01301608060104242,1574726.500628268,0.01301608060104242,1,early exposure,FALSE,TRUE
14730050,Cavertitz,10,RP10,5014165.340182596,0.07243761315447088,5014165.340182596,0.07243761315447088,0.9196402868461634,early exposure,FALSE,FALSE
14730050,Cavertitz,20,RP20,5299488.8877162235,0.07655956673156404,5299488.8877162235,0.07655956673156404,0.9719710360927041,early exposure,FALSE,FALSE
14730050,Cavertitz,50,RP50,5337407.100595182,0.0771073557751409,5337407.100595182,0.0771073557751409,0.9789255566964121,early exposure,FALSE,FALSE
14730050,Cavertitz,100,RP100,5337407.100595182,0.0771073557751409,5337407.100595182,0.0771073557751409,0.9789255566964121,early exposure,FALSE,FALSE
14730050,Cavertitz,200,RP200,5432311.530825052,0.07847840158979418,5432311.530825052,0.07847840158979418,0.9963318310248913,early exposure,FALSE,FALSE
14730050,Cavertitz,500,RP500,5452311.530825052,0.07876733347871283,5452311.530825052,0.07876733347871283,1,early exposure,FALSE,FALSE
15083040,Barleben,10,RP10,3076252.08816839,0.10275564431181602,3076252.08816839,0.10275564431181602,0.47998428277745603,early exposure,FALSE,FALSE
15083040,Barleben,20,RP20,5664928.182233337,0.18922485175528556,5664928.182233337,0.18922485175528556,0.8838926110746704,early exposure,FALSE,FALSE
15083040,Barleben,50,RP50,5739987.931346449,0.1917320626927979,5739987.931346448,0.1917320626927979,0.8956041024644945,early exposure,FALSE,FALSE
15083040,Barleben,100,RP100,6409068.376921604,0.214081268905754,6409068.376921604,0.214081268905754,1,early exposure,FALSE,FALSE
15083040,Barleben,200,RP200,6409068.376921604,0.214081268905754,6409068.376921604,0.214081268905754,1,early exposure,FALSE,FALSE
15083040,Barleben,500,RP500,6409068.376921604,0.214081268905754,6409068.376921604,0.214081268905754,1,early exposure,FALSE,FALSE
14627230,Riesa,10,RP10,6338714.7979894355,0.10773415376045034,6338714.7979894355,0.10773415376045034,0.7848541510065504,early exposure,FALSE,FALSE
14627230,Riesa,20,RP20,6705577.087794107,0.11396942377942389,6705577.087794108,0.11396942377942389,0.8302787205253264,early exposure,FALSE,FALSE
14627230,Riesa,50,RP50,7265756.798086712,0.12349035806428718,7265756.798086712,0.12349035806428718,0.8996396848445054,early exposure,FALSE,FALSE
14627230,Riesa,100,RP100,7445756.798086712,0.12654967660044092,7445756.798086712,0.12654967660044092,0.9219271282275062,early exposure,FALSE,FALSE
14627230,Riesa,200,RP200,7565756.798086712,0.1285892222912101,7565756.798086713,0.1285892222912101,0.9367854238161736,early exposure,FALSE,FALSE
14627230,Riesa,500,RP500,8076296.4556666175,0.13726646361274222,8076296.4556666175,0.13726646361274222,1,early exposure,FALSE,FALSE
15090180,Goldbeck,10,RP10,7694628.708447587,0.2863674833375777,7694628.708447587,0.2863674833375777,0.6671055897576198,early exposure,FALSE,FALSE
15090180,Goldbeck,20,RP20,10062113.232319998,0.3744770738884112,10062113.232319998,0.3744770738884112,0.8723607384311395,early exposure,FALSE,FALSE
15090180,Goldbeck,50,RP50,11363262.772308098,0.4229013622238797,11363262.772308098,0.4229013622238797,0.9851672381500506,early exposure,FALSE,FALSE
15090180,Goldbeck,100,RP100,11494349.024482442,0.4277799394181386,11494349.024482442,0.4277799394181386,0.996532097310815,early exposure,FALSE,FALSE
15090180,Goldbeck,200,RP200,11514349.024482442,0.4285242702863017,11514349.024482442,0.4285242702863017,0.9982660486554076,early exposure,FALSE,FALSE
15090180,Goldbeck,500,RP500,11534349.024482442,0.4292686011544648,11534349.024482442,0.4292686011544648,1,early exposure,FALSE,FALSE
12068501,Zernitz-Lohm,10,RP10,0,0,0,0,0,gradual increase,FALSE,FALSE
12068501,Zernitz-Lohm,20,RP20,39445.99739306327,0.00104665018313465,39445.997393062986,0.00104665018313465,0.031017275124368856,gradual increase,FALSE,FALSE
12068501,Zernitz-Lohm,50,RP50,577997.3945093777,0.01533643763108344,577997.3945093775,0.01533643763108344,0.45449235388882697,gradual increase,FALSE,FALSE
12068501,Zernitz-Lohm,100,RP100,731170.1384895641,0.01940068473176121,731170.1384895641,0.01940068473176121,0.5749355282430259,gradual increase,FALSE,FALSE
12068501,Zernitz-Lohm,200,RP200,944670.8449851556,0.02506565883106706,944670.8449851555,0.02506565883106706,0.7428159366564147,gradual increase,FALSE,FALSE
12068501,Zernitz-Lohm,500,RP500,1271742.8347557215,0.03374410482345513,1271742.8347557217,0.03374410482345513,1,gradual increase,FALSE,FALSE
15083025,Am Großen Bruch,10,RP10,5909531.8771867715,0.11654232191732013,5909531.8771867715,0.11654232191732013,0.8132564619812116,early exposure,FALSE,FALSE
15083025,Am Großen Bruch,20,RP20,6149531.8771867715,0.12127537993975555,6149531.877186771,0.12127537993975555,0.8462847212294562,early exposure,FALSE,FALSE
15083025,Am Großen Bruch,50,RP50,7064542.786407149,0.13932037879184497,7064542.786407149,0.13932037879184497,0.9722064609157176,early exposure,FALSE,FALSE
15083025,Am Großen Bruch,100,RP100,7214036.983259511,0.14226856507401003,7214036.983259511,0.14226856507401003,0.992779515456334,early exposure,FALSE,FALSE
15083025,Am Großen Bruch,200,RP200,7224448.691506481,0.14247389515419995,7224448.691506481,0.14247389515419995,0.9942123512863258,early exposure,FALSE,FALSE
15083025,Am Großen Bruch,500,RP500,7266504.667900563,0.1433032842227973,7266504.667900563,0.1433032842227973,1,early exposure,FALSE,FALSE
15084360,Nebra (Unstrut),10,RP10,2554390.9153793305,0.10064587691641816,2554390.91537933,0.10064587691641816,0.7231624926956958,early exposure,FALSE,FALSE
15084360,Nebra (Unstrut),20,RP20,2554390.9153793305,0.10064587691641816,2554390.91537933,0.10064587691641816,0.7231624926956958,early exposure,FALSE,FALSE
15084360,Nebra (Unstrut),50,RP50,3532250.277330422,0.13917463631340404,3532250.2773304214,0.13917463631340404,1,early exposure,FALSE,FALSE
15084360,Nebra (Unstrut),100,RP100,3532250.277330422,0.13917463631340404,3532250.2773304214,0.13917463631340404,1,early exposure,FALSE,FALSE
15084360,Nebra (Unstrut),200,RP200,3532250.277330422,0.13917463631340404,3532250.2773304214,0.13917463631340404,1,early exposure,FALSE,FALSE
15084360,Nebra (Unstrut),500,RP500,3532250.277330422,0.13917463631340404,3532250.2773304214,0.13917463631340404,1,early exposure,FALSE,FALSE
12062336,Merzdorf,10,RP10,0,0,0,0,0,delayed jump,FALSE,FALSE
12062336,Merzdorf,20,RP20,0,0,0,0,0,delayed jump,FALSE,FALSE
12062336,Merzdorf,50,RP50,0,0,0,0,0,delayed jump,FALSE,FALSE
12062336,Merzdorf,100,RP100,186863.77449224284,0.01450180745105992,186863.77449224278,0.01450180745105992,0.42626464133397673,delayed jump,FALSE,FALSE
12062336,Merzdorf,200,RP200,208078.4913138544,0.0161482032777082,208078.4913138544,0.0161482032777082,0.4746586314561316,delayed jump,FALSE,FALSE
12062336,Merzdorf,500,RP500,438375.0289666548,0.03402066708061251,438375.02896665485,0.03402066708061251,1,delayed jump,FALSE,FALSE
03354018,Lüchow (Wendland),10,RP10,19356199.09799076,0.21699628916719585,19356199.097990762,0.21699628916719585,0.6115164355166017,early exposure,FALSE,FALSE
03354018,Lüchow (Wendland),20,RP20,22706193.55678152,0.2545520284220024,22706193.55678152,0.2545520284220024,0.7173521246448842,early exposure,FALSE,FALSE
03354018,Lüchow (Wendland),50,RP50,28529090.005467307,0.31983069781225576,28529090.005467307,0.31983069781225576,0.9013137000893232,early exposure,FALSE,FALSE
03354018,Lüchow (Wendland),100,RP100,30645785.380140506,0.3435603070850354,30645785.3801405,0.3435603070850354,0.9681860237331212,early exposure,FALSE,FALSE
03354018,Lüchow (Wendland),200,RP200,31098110.970277306,0.3486311876880995,31098110.970277302,0.3486311876880995,0.9824762535025656,early exposure,FALSE,FALSE
03354018,Lüchow (Wendland),500,RP500,31652786.37464401,0.35484948002072914,31652786.374644008,0.35484948002072914,1,early exposure,FALSE,FALSE
03354019,Neu Darchau,10,RP10,2567313.025692299,0.11249178418391324,2567313.025692299,0.11249178418391324,0.8084035951902067,early exposure,FALSE,FALSE
03354019,Neu Darchau,20,RP20,2677313.0256922985,0.11731164687163267,2677313.0256922985,0.11731164687163267,0.8430407409457162,early exposure,FALSE,FALSE
03354019,Neu Darchau,50,RP50,2955781.3064750712,0.12951327301943513,2955781.306475071,0.12951327301943513,0.9307257084889806,early exposure,FALSE,FALSE
03354019,Neu Darchau,100,RP100,3015781.3064750712,0.13214228903091849,3015781.3064750712,0.13214228903091849,0.949618697082895,early exposure,FALSE,FALSE
03354019,Neu Darchau,200,RP200,3035781.3064750712,0.13301862770141293,3035781.3064750712,0.13301862770141293,0.9559163599475332,early exposure,FALSE,FALSE
03354019,Neu Darchau,500,RP500,3175781.306475071,0.13915299839487405,3175781.3064750712,0.13915299839487405,1,early exposure,FALSE,FALSE
14730080,Doberschütz,10,RP10,3860058.241067355,0.04915843847036811,3860058.2410673555,0.04915843847036811,0.8986767627638407,early exposure,FALSE,FALSE
14730080,Doberschütz,20,RP20,4088848.3238524497,0.05207211554590144,4088848.323852449,0.05207211554590144,0.9519423660550816,early exposure,FALSE,FALSE
14730080,Doberschütz,50,RP50,4162425.6341859098,0.05300913396815262,4162425.6341859098,0.05300913396815262,0.9690722161593799,early exposure,FALSE,FALSE
14730080,Doberschütz,100,RP100,4176523.194461021,0.0531886685777586,4176523.194461021,0.0531886685777586,0.9723543298062978,early exposure,FALSE,FALSE
14730080,Doberschütz,200,RP200,4255268.778504873,0.05419150576473391,4255268.778504873,0.05419150576473391,0.9906874279439332,early exposure,FALSE,FALSE
14730080,Doberschütz,500,RP500,4295268.778504874,0.05470091194878958,4295268.778504873,0.05470091194878958,1,early exposure,FALSE,FALSE
15083030,Angern,10,RP10,3124092.1102575283,0.04853377043933105,3124092.1102575283,0.04853377043933105,0.16786795431584972,early exposure,FALSE,FALSE
15083030,Angern,20,RP20,7420324.979201892,0.11527712257374238,7420324.979201892,0.11527712257374238,0.3987189655924519,early exposure,FALSE,FALSE
15083030,Angern,50,RP50,11766664.903544372,0.18279890384476533,11766664.903544372,0.18279890384476533,0.6322623971273604,early exposure,FALSE,FALSE
15083030,Angern,100,RP100,15186627.651809037,0.23592911930491656,15186627.651809037,0.23592911930491656,0.8160284738389321,early exposure,FALSE,FALSE
15083030,Angern,200,RP200,17691071.549489226,0.27483645651469363,17691071.549489226,0.27483645651469363,0.9506006499991703,early exposure,FALSE,FALSE
15083030,Angern,500,RP500,18610413.899364226,0.28911873404981736,18610413.899364226,0.28911873404981736,1,early exposure,FALSE,FALSE
12061005,Alt Zauche-Wußwerk,10,RP10,0,0,0,0,0,gradual increase,FALSE,FALSE
12061005,Alt Zauche-Wußwerk,20,RP20,0,0,0,0,0,gradual increase,FALSE,FALSE
12061005,Alt Zauche-Wußwerk,50,RP50,0,0,0,0,0,gradual increase,FALSE,FALSE
12061005,Alt Zauche-Wußwerk,100,RP100,799192.0857357212,0.0240592322538804,799192.0857357212,0.0240592322538804,0.5041141092562581,gradual increase,FALSE,FALSE
12061005,Alt Zauche-Wußwerk,200,RP200,1395664.987268011,0.04201571646743506,1395664.987268011,0.04201571646743506,0.8803570811503506,gradual increase,FALSE,FALSE
12061005,Alt Zauche-Wußwerk,500,RP500,1585339.650411302,0.04772576647254736,1585339.650411302,0.04772576647254736,1,gradual increase,FALSE,FALSE
12062341,Mühlberg/Elbe,10,RP10,34717996.16686204,0.3891409963315371,34717996.16686204,0.3891409963315371,0.6778940722072121,early exposure,FALSE,FALSE
12062341,Mühlberg/Elbe,20,RP20,41647538.13961099,0.4668116330363875,41647538.13961099,0.4668116330363875,0.8131984084327369,early exposure,FALSE,FALSE
12062341,Mühlberg/Elbe,50,RP50,47102740.86212207,0.5279569541092294,47102740.86212207,0.5279569541092294,0.9197152007759727,early exposure,FALSE,FALSE
12062341,Mühlberg/Elbe,100,RP100,49837770.75447765,0.5586128782643125,49837770.75447765,0.5586128782643125,0.9731186444086747,early exposure,FALSE,FALSE
12062341,Mühlberg/Elbe,200,RP200,50391167.235004,0.5648156918357922,50391167.235004,0.5648156918357922,0.9839241123258358,early exposure,FALSE,FALSE
12062341,Mühlberg/Elbe,500,RP500,51214485.55202852,0.5740439580250353,51214485.55202852,0.5740439580250353,1,early exposure,FALSE,FALSE
03354021,Schnackenburg,10,RP10,11934740.364827516,0.5119419001069523,11934740.364827514,0.5119419001069523,0.6845453366149153,early exposure,FALSE,FALSE
03354021,Schnackenburg,20,RP20,15292410.31300072,0.6559694935572138,15292410.31300072,0.6559694935572138,0.8771324591373105,early exposure,FALSE,FALSE
03354021,Schnackenburg,50,RP50,16273382.169306751,0.698048380966342,16273382.169306753,0.698048380966342,0.933398426310236,early exposure,FALSE,FALSE
03354021,Schnackenburg,100,RP100,16553382.169306751,0.7100590094046774,16553382.169306753,0.7100590094046774,0.9494584903244517,early exposure,FALSE,FALSE
03354021,Schnackenburg,200,RP200,17153152.786935933,0.7357862309638739,17153152.786935933,0.7357862309638739,0.9838597564422034,early exposure,FALSE,FALSE
03354021,Schnackenburg,500,RP500,17434550.681252092,0.7478568222208787,17434550.681252092,0.7478568222208787,1,early exposure,FALSE,FALSE
03354023,Trebel,10,RP10,230490.15333560552,0.00344603702962865,230490.153335605,0.00344603702962865,0.8981190003926041,early exposure,FALSE,TRUE
03354023,Trebel,20,RP20,236636.54063086177,0.00353793109933779,236636.54063086133,0.00353793109933779,0.9220687749654196,early exposure,FALSE,TRUE
03354023,Trebel,50,RP50,236636.54063086177,0.00353793109933779,236636.54063086133,0.00353793109933779,0.9220687749654196,early exposure,FALSE,TRUE
03354023,Trebel,100,RP100,236636.54063086177,0.00353793109933779,236636.54063086133,0.00353793109933779,0.9220687749654196,early exposure,FALSE,TRUE
03354023,Trebel,200,RP200,256636.54063086177,0.00383694925519029,256636.5406308612,0.00383694925519029,1,early exposure,FALSE,TRUE
03354023,Trebel,500,RP500,256636.54063086177,0.00383694925519029,256636.5406308612,0.00383694925519029,1,early exposure,FALSE,TRUE
03354025,Woltersdorf,10,RP10,1740140.4073522054,0.06184015651956175,1740140.4073522051,0.06184015651956175,0.5621569911203343,early exposure,FALSE,FALSE
03354025,Woltersdorf,20,RP20,2040145.9485259275,0.07250158909392977,2040145.9485259277,0.07250158909392977,0.6590745798580533,early exposure,FALSE,FALSE
03354025,Woltersdorf,50,RP50,2040145.9485259275,0.07250158909392977,2040145.9485259277,0.07250158909392977,0.6590745798580533,early exposure,FALSE,FALSE
03354025,Woltersdorf,100,RP100,2040145.9485259275,0.07250158909392977,2040145.9485259277,0.07250158909392977,0.6590745798580533,early exposure,FALSE,FALSE
03354025,Woltersdorf,200,RP200,2040145.9485259275,0.07250158909392977,2040145.9485259277,0.07250158909392977,0.6590745798580533,early exposure,FALSE,FALSE
03354025,Woltersdorf,500,RP500,3095470.544418994,0.11000513645897957,3095470.544418994,0.11000513645897957,1,early exposure,FALSE,FALSE
03354026,Wustrow (Wendland),10,RP10,2304466.209504595,0.07645679682274123,2304466.209504595,0.07645679682274123,0.25914741768008315,early exposure,FALSE,FALSE
03354026,Wustrow (Wendland),20,RP20,3134466.209504595,0.10399425478204775,3134466.209504595,0.10399425478204775,0.35248458868625243,early exposure,FALSE,FALSE
03354026,Wustrow (Wendland),50,RP50,5241569.760797567,0.17390302039606664,5241569.760797567,0.17390302039606664,0.5894377025353351,early exposure,FALSE,FALSE
03354026,Wustrow (Wendland),100,RP100,5821313.09274171,0.19313754766184993,5821313.09274171,0.19313754766184993,0.6546324043586567,early exposure,FALSE,FALSE
03354026,Wustrow (Wendland),200,RP200,7582491.50207413,0.25156932646405455,7582491.502074131,0.25156932646405455,0.8526847060023112,early exposure,FALSE,FALSE
03354026,Wustrow (Wendland),500,RP500,8892491.50207413,0.29503206131549015,8892491.50207413,0.29503206131549015,1,early exposure,FALSE,FALSE
14730070,Delitzsch,10,RP10,0,0,0,0,0,delayed jump,FALSE,TRUE
14730070,Delitzsch,20,RP20,0,0,0,0,0,delayed jump,FALSE,TRUE
14730070,Delitzsch,50,RP50,0,0,0,0,0,delayed jump,FALSE,TRUE
14730070,Delitzsch,100,RP100,9187.369701574036,1.0644956190240388e-4,9187.369701574036,1.0644956190240388e-4,0.11762256515296994,delayed jump,FALSE,TRUE
14730070,Delitzsch,200,RP200,48826.08595897733,5.657239915850758e-4,48826.08595897734,5.657239915850758e-4,0.6251026859069782,delayed jump,FALSE,TRUE
14730070,Delitzsch,500,RP500,78108.90444045087,9.0500969574983e-4,78108.90444045087,9.0500969574983e-4,1,delayed jump,FALSE,TRUE
12062372,Plessa,10,RP10,13907974.805230925,0.2643879341118188,13907974.805230923,0.2643879341118188,0.780670890317699,early exposure,FALSE,FALSE
12062372,Plessa,20,RP20,15838228.369418306,0.3010816842295955,15838228.369418308,0.3010816842295955,0.8890182801854403,early exposure,FALSE,FALSE
12062372,Plessa,50,RP50,16818428.965873864,0.31971510960901073,16818428.965873864,0.31971510960901073,0.9440380859473183,early exposure,FALSE,FALSE
12062372,Plessa,100,RP100,17140703.82744823,0.3258414929294473,17140703.82744823,0.3258414929294473,0.962127750807629,early exposure,FALSE,FALSE
12062372,Plessa,200,RP200,17499209.374042712,0.3326566146246703,17499209.374042712,0.3326566146246703,0.9822510863876219,early exposure,FALSE,FALSE
12062372,Plessa,500,RP500,17815413.611196626,0.33866759653895184,17815413.611196626,0.33866759653895184,1,early exposure,FALSE,FALSE
15089195,Könnern,10,RP10,18329110.679897223,0.14595038037242078,18329110.679897223,0.14595038037242078,0.6869616108497361,early exposure,FALSE,FALSE
15089195,Könnern,20,RP20,20164054.53852959,0.1605616050415564,20164054.53852959,0.1605616050415564,0.7557339594354989,early exposure,FALSE,FALSE
15089195,Könnern,50,RP50,22290530.021314576,0.1774942271957501,22290530.021314576,0.1774942271957501,0.8354326992488064,early exposure,FALSE,FALSE
15089195,Könnern,100,RP100,22342522.12949164,0.17790822807649817,22342522.12949164,0.17790822807649817,0.8373813252901103,early exposure,FALSE,FALSE
15089195,Könnern,200,RP200,24536633.745869353,0.1953794207918705,24536633.74586935,0.1953794207918705,0.9196150177312867,early exposure,FALSE,FALSE
15089195,Könnern,500,RP500,26681419.1512464,0.212457840536224,26681419.1512464,0.212457840536224,1,early exposure,FALSE,FALSE
01061002,Aebtissinwisch,10,RP10,2992495.6572416225,0.9915641441404406,2992495.657241622,0.9915641441404406,0.9950173587974454,early exposure,FALSE,FALSE
01061002,Aebtissinwisch,20,RP20,2995080.8504632036,0.992420748526145,2995080.850463203,0.992420748526145,0.9958769463878546,early exposure,FALSE,FALSE
01061002,Aebtissinwisch,50,RP50,2997480.85526697,0.9932159906857856,2997480.8552669697,0.9932159906857856,0.9966749580525219,early exposure,FALSE,FALSE
01061002,Aebtissinwisch,100,RP100,3007480.85526697,0.9965294930520828,3007480.8552669697,0.9965294930520828,1,early exposure,FALSE,FALSE
01061002,Aebtissinwisch,200,RP200,3007480.85526697,0.9965294930520828,3007480.8552669697,0.9965294930520828,1,early exposure,FALSE,FALSE
01061002,Aebtissinwisch,500,RP500,3007480.85526697,0.9965294930520828,3007480.8552669697,0.9965294930520828,1,early exposure,FALSE,FALSE
01061004,Altenmoor,10,RP10,5861605.064320397,0.929942559861442,5861605.064320398,0.929942559861442,0.9603728155330762,early exposure,FALSE,FALSE
01061004,Altenmoor,20,RP20,5861605.064320397,0.929942559861442,5861605.064320398,0.929942559861442,0.9603728155330762,early exposure,FALSE,FALSE
01061004,Altenmoor,50,RP50,5861605.064320397,0.929942559861442,5861605.064320398,0.929942559861442,0.9603728155330762,early exposure,FALSE,FALSE
01061004,Altenmoor,100,RP100,6103468.329709836,0.9683141222039452,6103468.329709836,0.9683141222039452,1,early exposure,FALSE,FALSE
01061004,Altenmoor,200,RP200,6103468.329709836,0.9683141222039452,6103468.329709836,0.9683141222039452,1,early exposure,FALSE,FALSE
01061004,Altenmoor,500,RP500,6103468.329709836,0.9683141222039452,6103468.329709836,0.9683141222039452,1,early exposure,FALSE,FALSE
01061005,Auufer,10,RP10,14223.65012993695,0.00274815924743544,14223.650129936941,0.00274815924743544,0.05007097832106349,early exposure,FALSE,FALSE
01061005,Auufer,20,RP20,110574.63470741404,0.02136418585433266,110574.63470741405,0.02136418585433266,0.38925171012477583,early exposure,FALSE,FALSE
01061005,Auufer,50,RP50,215310.4400634101,0.04160024828537298,215310.44006341006,0.04160024828537298,0.7579492098180174,early exposure,FALSE,FALSE
01061005,Auufer,100,RP100,245464.7097348748,0.04742637127702907,245464.70973487472,0.04742637127702907,0.8641001464070422,early exposure,FALSE,FALSE
01061005,Auufer,200,RP200,284069.7467249894,0.05488527166003794,284069.7467249894,0.05488527166003794,1,early exposure,FALSE,FALSE
01061005,Auufer,500,RP500,284069.7467249894,0.05488527166003794,284069.7467249894,0.05488527166003794,1,early exposure,FALSE,FALSE
01061006,Bahrenfleth,10,RP10,12277808.260137076,0.8518826551832342,12277808.260137076,0.8518826551832342,0.8656698622333264,early exposure,FALSE,FALSE
01061006,Bahrenfleth,20,RP20,13695637.864747517,0.9502572528786908,13695637.864747517,0.9502572528786908,0.96563659346812,early exposure,FALSE,FALSE
01061006,Bahrenfleth,50,RP50,13695637.864747517,0.9502572528786908,13695637.864747517,0.9502572528786908,0.96563659346812,early exposure,FALSE,FALSE
01061006,Bahrenfleth,100,RP100,14183014.559917536,0.9840733660121622,14183014.559917536,0.9840733660121622,1,early exposure,FALSE,FALSE
01061006,Bahrenfleth,200,RP200,14183014.559917536,0.9840733660121622,14183014.559917536,0.9840733660121622,1,early exposure,FALSE,FALSE
01061006,Bahrenfleth,500,RP500,14183014.559917536,0.9840733660121622,14183014.559917536,0.9840733660121622,1,early exposure,FALSE,FALSE
01061007,Beidenfleth,10,RP10,12585478.207822014,0.9143891564859188,12585478.207822016,0.9143891564859188,0.9326847349266839,early exposure,FALSE,FALSE
01061007,Beidenfleth,20,RP20,12790862.33422868,0.9293111971902496,12790862.334228681,0.9293111971902496,0.94790534365784,early exposure,FALSE,FALSE
01061007,Beidenfleth,50,RP50,12790862.33422868,0.9293111971902496,12790862.334228681,0.9293111971902496,0.94790534365784,early exposure,FALSE,FALSE
01061007,Beidenfleth,100,RP100,13493818.153688692,0.9803839628165424,13493818.153688695,0.9803839628165424,1,early exposure,FALSE,FALSE
01061007,Beidenfleth,200,RP200,13493818.153688692,0.9803839628165424,13493818.153688695,0.9803839628165424,1,early exposure,FALSE,FALSE
01061007,Beidenfleth,500,RP500,13493818.153688692,0.9803839628165424,13493818.153688695,0.9803839628165424,1,early exposure,FALSE,FALSE
01061008,Bekdorf,10,RP10,1774980.1531867837,0.9833793186142616,1774980.1531867837,0.9833793186142616,0.9888578155226438,early exposure,FALSE,FALSE
01061008,Bekdorf,20,RP20,1774980.1531867837,0.9833793186142616,1774980.1531867837,0.9833793186142616,0.9888578155226438,early exposure,FALSE,FALSE
01061008,Bekdorf,50,RP50,1774980.1531867837,0.9833793186142616,1774980.1531867837,0.9833793186142616,0.9888578155226438,early exposure,FALSE,FALSE
01061008,Bekdorf,100,RP100,1794980.1531867837,0.9944597728587636,1794980.1531867837,0.9944597728587636,1,early exposure,FALSE,FALSE
01061008,Bekdorf,200,RP200,1794980.1531867837,0.9944597728587636,1794980.1531867837,0.9944597728587636,1,early exposure,FALSE,FALSE
01061008,Bekdorf,500,RP500,1794980.1531867837,0.9944597728587636,1794980.1531867837,0.9944597728587636,1,early exposure,FALSE,FALSE
12067173,Gosen-Neu Zittau,10,RP10,3773490.994253988,0.2600798994465203,3773490.994253988,0.2600798994465203,0.7483072323080858,early exposure,FALSE,FALSE
12067173,Gosen-Neu Zittau,20,RP20,4177378.203599751,0.2879169725849839,4177378.2035997515,0.2879169725849839,0.828400631298671,early exposure,FALSE,FALSE
12067173,Gosen-Neu Zittau,50,RP50,4504291.5910947155,0.310448787574573,4504291.5910947155,0.310448787574573,0.8932296325002972,early exposure,FALSE,FALSE
12067173,Gosen-Neu Zittau,100,RP100,4573051.542283147,0.31518792203077445,4573051.542283147,0.31518792203077445,0.9068651675647253,early exposure,FALSE,FALSE
12067173,Gosen-Neu Zittau,200,RP200,4574147.975656198,0.3152634913860074,4574147.975656198,0.3152634913860074,0.9070825972668363,early exposure,FALSE,FALSE
12067173,Gosen-Neu Zittau,500,RP500,5042702.824901206,0.3475576450655534,5042702.824901206,0.3475576450655534,1,early exposure,FALSE,FALSE
14730090,Dommitzsch,10,RP10,5798749.700906688,0.19095297969255828,5798749.700906688,0.19095297969255828,0.866727273418058,early exposure,FALSE,FALSE
14730090,Dommitzsch,20,RP20,6039433.960643894,0.1988787186763828,6039433.960643893,0.1988787186763828,0.9027018581055214,early exposure,FALSE,FALSE
14730090,Dommitzsch,50,RP50,6436206.456494452,0.2119444473680128,6436206.4564944515,0.2119444473680128,0.9620066326230458,early exposure,FALSE,FALSE
14730090,Dommitzsch,100,RP100,6586206.4564944515,0.21688395130097357,6586206.4564944515,0.21688395130097357,0.9844268262369175,early exposure,FALSE,FALSE
14730090,Dommitzsch,200,RP200,6635695.999103229,0.21851364323668343,6635695.999103228,0.21851364323668343,0.9918239270845888,early exposure,FALSE,FALSE
14730090,Dommitzsch,500,RP500,6690397.174232815,0.2203149543679513,6690397.174232815,0.2203149543679513,1,early exposure,FALSE,FALSE
01061010,Bekmünde,10,RP10,2806983.074860191,0.9729723586838676,2806983.074860191,0.9729723586838676,0.9763543336786458,early exposure,FALSE,FALSE
01061010,Bekmünde,20,RP20,2806983.074860191,0.9729723586838676,2806983.074860191,0.9729723586838676,0.9763543336786458,early exposure,FALSE,FALSE
01061010,Bekmünde,50,RP50,2806983.074860191,0.9729723586838676,2806983.074860191,0.9729723586838676,0.9763543336786458,early exposure,FALSE,FALSE
01061010,Bekmünde,100,RP100,2874963.5025270167,0.9965361192365114,2874963.5025270167,0.9965361192365114,1,early exposure,FALSE,FALSE
01061010,Bekmünde,200,RP200,2874963.5025270167,0.9965361192365114,2874963.5025270167,0.9965361192365114,1,early exposure,FALSE,FALSE
01061010,Bekmünde,500,RP500,2874963.5025270167,0.9965361192365114,2874963.5025270167,0.9965361192365114,1,early exposure,FALSE,FALSE
14729080,Colditz,10,RP10,6622416.258889272,0.07794713349654415,6622416.258889272,0.07794713349654415,0.9024127935590971,early exposure,FALSE,FALSE
14729080,Colditz,20,RP20,6802037.067303632,0.08006130551245116,6802037.067303632,0.08006130551245116,0.9268890736909854,early exposure,FALSE,FALSE
14729080,Colditz,50,RP50,7003954.688430102,0.08243791537114484,7003954.688430102,0.08243791537114484,0.9544036601238391,early exposure,FALSE,FALSE
14729080,Colditz,100,RP100,7123954.688430102,0.08385033882112503,7123954.688430101,0.08385033882112503,0.9707556275921683,early exposure,FALSE,FALSE
14729080,Colditz,200,RP200,7278566.458893608,0.08567014957317179,7278566.458893607,0.08567014957317179,0.9918240162658353,early exposure,FALSE,FALSE
14729080,Colditz,500,RP500,7338566.458893608,0.0863763612981619,7338566.458893609,0.0863763612981619,1,early exposure,FALSE,FALSE
01061023,Dammfleth,10,RP10,16294776.36170619,0.992719326706654,16294776.361706192,0.992719326706654,0.9939845866416425,early exposure,FALSE,FALSE
01061023,Dammfleth,20,RP20,16294776.36170619,0.992719326706654,16294776.361706192,0.992719326706654,0.9939845866416425,early exposure,FALSE,FALSE
01061023,Dammfleth,50,RP50,16294776.36170619,0.992719326706654,16294776.361706192,0.992719326706654,0.9939845866416425,early exposure,FALSE,FALSE
01061023,Dammfleth,100,RP100,16393389.375142178,0.9987270829427412,16393389.375142178,0.9987270829427412,1,early exposure,FALSE,FALSE
01061023,Dammfleth,200,RP200,16393389.375142178,0.9987270829427412,16393389.375142178,0.9987270829427412,1,early exposure,FALSE,FALSE
01061023,Dammfleth,500,RP500,16393389.375142178,0.9987270829427412,16393389.375142178,0.9987270829427412,1,early exposure,FALSE,FALSE
01061025,Ecklak,10,RP10,14937293.061841488,0.9597148206401004,14937293.061841488,0.9597148206401004,0.9799394520471012,early exposure,FALSE,FALSE
01061025,Ecklak,20,RP20,15106573.79336759,0.970591036713642,15106573.793367594,0.970591036713642,0.9910448689795434,early exposure,FALSE,FALSE
01061025,Ecklak,50,RP50,15168719.114724886,0.9745838475725516,15168719.114724888,0.9745838475725516,0.9951218226756402,early exposure,FALSE,FALSE
01061025,Ecklak,100,RP100,15243077.54998267,0.9793613458823895,15243077.54998267,0.9793613458823895,1,early exposure,FALSE,FALSE
01061025,Ecklak,200,RP200,15243077.54998267,0.9793613458823895,15243077.54998267,0.9793613458823895,1,early exposure,FALSE,FALSE
01061025,Ecklak,500,RP500,15243077.54998267,0.9793613458823895,15243077.54998267,0.9793613458823895,1,early exposure,FALSE,FALSE
01061026,Elskop,10,RP10,6950292.169846725,0.9735074696681656,6950292.169846725,0.9735074696681656,0.9743812914258702,early exposure,FALSE,FALSE
01061026,Elskop,20,RP20,6950292.169846725,0.9735074696681656,6950292.169846725,0.9735074696681656,0.9743812914258702,early exposure,FALSE,FALSE
01061026,Elskop,50,RP50,6950292.169846725,0.9735074696681656,6950292.169846725,0.9735074696681656,0.9743812914258702,early exposure,FALSE,FALSE
01061026,Elskop,100,RP100,7133031.217867441,0.999103203473431,7133031.217867441,0.999103203473431,1,early exposure,FALSE,FALSE
01061026,Elskop,200,RP200,7133031.217867441,0.999103203473431,7133031.217867441,0.999103203473431,1,early exposure,FALSE,FALSE
01061026,Elskop,500,RP500,7133031.217867441,0.999103203473431,7133031.217867441,0.999103203473431,1,early exposure,FALSE,FALSE
01061027,Engelbrechtsche Wildnis,10,RP10,4793055.495010304,0.9686731772193536,4793055.495010304,0.9686731772193536,0.9745820477392869,early exposure,FALSE,FALSE
01061027,Engelbrechtsche Wildnis,20,RP20,4793055.495010304,0.9686731772193536,4793055.495010304,0.9686731772193536,0.9745820477392869,early exposure,FALSE,FALSE
01061027,Engelbrechtsche Wildnis,50,RP50,4793055.495010304,0.9686731772193536,4793055.495010304,0.9686731772193536,0.9745820477392869,early exposure,FALSE,FALSE
01061027,Engelbrechtsche Wildnis,100,RP100,4918062.574750513,0.993937020968486,4918062.574750513,0.993937020968486,1,early exposure,FALSE,FALSE
01061027,Engelbrechtsche Wildnis,200,RP200,4918062.574750513,0.993937020968486,4918062.574750513,0.993937020968486,1,early exposure,FALSE,FALSE
01061027,Engelbrechtsche Wildnis,500,RP500,4918062.574750513,0.993937020968486,4918062.574750513,0.993937020968486,1,early exposure,FALSE,FALSE
01061028,Fitzbek,10,RP10,471867.7075160001,0.04589845996338307,471867.7075160001,0.04589845996338307,0.2702449976484845,early exposure,FALSE,FALSE
01061028,Fitzbek,20,RP20,1474263.538138542,0.14340126459794433,1474263.5381385419,0.14340126459794433,0.8443306037931984,early exposure,FALSE,FALSE
01061028,Fitzbek,50,RP50,1734434.2964492615,0.16870801253547443,1734434.2964492617,0.16870801253547443,0.9933339046081855,early exposure,FALSE,FALSE
01061028,Fitzbek,100,RP100,1744434.2964492615,0.1696807101630574,1744434.2964492617,0.1696807101630574,0.99906103942466,early exposure,FALSE,FALSE
01061028,Fitzbek,200,RP200,1744434.2964492615,0.1696807101630574,1744434.2964492617,0.1696807101630574,0.99906103942466,early exposure,FALSE,FALSE
01061028,Fitzbek,500,RP500,1746073.790900552,0.16984018339937795,1746073.790900552,0.16984018339937795,1,early exposure,FALSE,FALSE
01061029,Glückstadt,10,RP10,8267000.696622507,0.6520544391581772,8267000.696622507,0.6520544391581772,0.788111818262422,early exposure,FALSE,FALSE
01061029,Glückstadt,20,RP20,8692765.437261706,0.685636363166511,8692765.437261706,0.685636363166511,0.8287009310750383,early exposure,FALSE,FALSE
01061029,Glückstadt,50,RP50,8889443.786949573,0.7011492433157377,8889443.786949573,0.7011492433157377,0.847450721654914,early exposure,FALSE,FALSE
01061029,Glückstadt,100,RP100,9992849.756168434,0.7881796896439609,9992849.756168434,0.7881796896439609,0.9526409008498867,early exposure,FALSE,FALSE
01061029,Glückstadt,200,RP200,10288782.334972408,0.8115211841934284,10288782.334972408,0.8115211841934284,0.980852820906888,early exposure,FALSE,FALSE
01061029,Glückstadt,500,RP500,10489629.14278973,0.8273628488350607,10489629.14278973,0.8273628488350607,1,early exposure,FALSE,FALSE
15083411,Oebisfelde-Weferlingen,10,RP10,1631203.775237408,0.00653137408799145,1631203.7752374061,0.00653137408799145,0.26069485122429387,early exposure,FALSE,FALSE
15083411,Oebisfelde-Weferlingen,20,RP20,2735487.016305547,0.01095294731875838,2735487.016305547,0.01095294731875838,0.437178598754759,early exposure,FALSE,FALSE
15083411,Oebisfelde-Weferlingen,50,RP50,3955487.016305547,0.01583785287642843,3955487.0163055477,0.01583785287642843,0.6321559052824796,early exposure,FALSE,FALSE
15083411,Oebisfelde-Weferlingen,100,RP100,4705487.016305547,0.01884086858811083,4705487.016305546,0.01884086858811083,0.7520190035577173,early exposure,FALSE,FALSE
15083411,Oebisfelde-Weferlingen,200,RP200,5005487.016305547,0.0200420748727838,5005487.016305548,0.0200420748727838,0.7999642428678128,early exposure,FALSE,FALSE
15083411,Oebisfelde-Weferlingen,500,RP500,6257138.442039918,0.02505371340215713,6257138.442039918,0.02505371340215713,1,early exposure,FALSE,FALSE
15083415,Oschersleben (Bode),10,RP10,19084580.3104494,0.1003801918644406,19084580.3104494,0.1003801918644406,0.630306033301817,early exposure,FALSE,FALSE
15083415,Oschersleben (Bode),20,RP20,21534467.172708455,0.11326599334811734,21534467.17270846,0.11326599334811734,0.711218395275177,early exposure,FALSE,FALSE
15083415,Oschersleben (Bode),50,RP50,24340610.62078428,0.1280256167265138,24340610.620784283,0.1280256167265138,0.8038968360299952,early exposure,FALSE,FALSE
15083415,Oschersleben (Bode),100,RP100,26742439.597433887,0.1406586455686337,26742439.59743389,0.1406586455686337,0.8832219912241326,early exposure,FALSE,FALSE
15083415,Oschersleben (Bode),200,RP200,28158186.41324505,0.14810512511865995,28158186.41324505,0.14810512511865995,0.9299798315914694,early exposure,FALSE,FALSE
15083415,Oschersleben (Bode),500,RP500,30278276.427842624,0.1592562764132298,30278276.427842636,0.1592562764132298,1,early exposure,FALSE,FALSE
01061030,Grevenkop,10,RP10,9020938.357546344,0.9615215741979074,9020938.357546344,0.9615215741979074,0.9631719650598758,early exposure,FALSE,FALSE
01061030,Grevenkop,20,RP20,9240698.299886424,0.9849452932534436,9240698.299886424,0.9849452932534436,0.9866358894450894,early exposure,FALSE,FALSE
01061030,Grevenkop,50,RP50,9240698.299886424,0.9849452932534436,9240698.299886424,0.9849452932534436,0.9866358894450894,early exposure,FALSE,FALSE
01061030,Grevenkop,100,RP100,9365864.751872793,0.9982865044645836,9365864.751872793,0.9982865044645836,1,early exposure,FALSE,FALSE
01061030,Grevenkop,200,RP200,9365864.751872793,0.9982865044645836,9365864.751872793,0.9982865044645836,1,early exposure,FALSE,FALSE
01061030,Grevenkop,500,RP500,9365864.751872793,0.9982865044645836,9365864.751872793,0.9982865044645836,1,early exposure,FALSE,FALSE
01061031,Gribbohm,10,RP10,2354452.4041738054,0.1793888712627223,2354452.404173806,0.1793888712627223,0.9550553590419057,early exposure,FALSE,FALSE
01061031,Gribbohm,20,RP20,2354452.4041738054,0.1793888712627223,2354452.404173806,0.1793888712627223,0.9550553590419057,early exposure,FALSE,FALSE
01061031,Gribbohm,50,RP50,2354764.8631450143,0.17941267792879112,2354764.8631450147,0.17941267792879112,0.955182104273368,early exposure,FALSE,FALSE
01061031,Gribbohm,100,RP100,2465252.2828998617,0.18783086191221623,2465252.282899862,0.18783086191221623,1,early exposure,FALSE,FALSE
01061031,Gribbohm,200,RP200,2465252.2828998617,0.18783086191221623,2465252.282899862,0.18783086191221623,1,early exposure,FALSE,FALSE
01061031,Gribbohm,500,RP500,2465252.2828998617,0.18783086191221623,2465252.282899862,0.18783086191221623,1,early exposure,FALSE,FALSE
01061012,Blomesche Wildnis,10,RP10,6495924.921831708,0.953606050495294,6495924.921831708,0.953606050495294,0.9660281799476729,early exposure,FALSE,FALSE
01061012,Blomesche Wildnis,20,RP20,6495924.921831708,0.953606050495294,6495924.921831708,0.953606050495294,0.9660281799476729,early exposure,FALSE,FALSE
01061012,Blomesche Wildnis,50,RP50,6495924.921831708,0.953606050495294,6495924.921831708,0.953606050495294,0.9660281799476729,early exposure,FALSE,FALSE
01061012,Blomesche Wildnis,100,RP100,6675198.950476416,0.9799235957978426,6675198.950476416,0.9799235957978426,0.9926885502086488,early exposure,FALSE,FALSE
01061012,Blomesche Wildnis,200,RP200,6675198.950476416,0.9799235957978426,6675198.950476416,0.9799235957978426,0.9926885502086488,early exposure,FALSE,FALSE
01061012,Blomesche Wildnis,500,RP500,6724363.798769902,0.987141027860024,6724363.798769902,0.987141027860024,1,early exposure,FALSE,FALSE
01061014,Bokhorst,10,RP10,223464.53993793065,0.03764631892455558,223464.53993793062,0.03764631892455558,1,early exposure,FALSE,FALSE
01061014,Bokhorst,20,RP20,223464.53993793065,0.03764631892455558,223464.53993793062,0.03764631892455558,1,early exposure,FALSE,FALSE
01061014,Bokhorst,50,RP50,223464.53993793065,0.03764631892455558,223464.53993793062,0.03764631892455558,1,early exposure,FALSE,FALSE
01061014,Bokhorst,100,RP100,223464.53993793065,0.03764631892455558,223464.53993793062,0.03764631892455558,1,early exposure,FALSE,FALSE
01061014,Bokhorst,200,RP200,223464.53993793065,0.03764631892455558,223464.53993793062,0.03764631892455558,1,early exposure,FALSE,FALSE
01061014,Bokhorst,500,RP500,223464.53993793065,0.03764631892455558,223464.53993793062,0.03764631892455558,1,early exposure,FALSE,FALSE
01061015,Borsfleth,10,RP10,11579671.223371,0.8352857159087695,11579671.223371001,0.8352857159087695,0.8678445121115616,early exposure,FALSE,FALSE
01061015,Borsfleth,20,RP20,12017331.016041808,0.8668557809126616,12017331.01604181,0.8668557809126616,0.9006451540222457,early exposure,FALSE,FALSE
01061015,Borsfleth,50,RP50,12056696.789122878,0.8696953838095002,12056696.789122878,0.8696953838095002,0.9035954424608745,early exposure,FALSE,FALSE
01061015,Borsfleth,100,RP100,13343025.232937614,0.9624831455999268,13343025.232937615,0.9624831455999268,1,early exposure,FALSE,FALSE
01061015,Borsfleth,200,RP200,13343025.232937614,0.9624831455999268,13343025.232937615,0.9624831455999268,1,early exposure,FALSE,FALSE
01061015,Borsfleth,500,RP500,13343025.232937614,0.9624831455999268,13343025.232937615,0.9624831455999268,1,early exposure,FALSE,FALSE
01061016,Breitenberg,10,RP10,1569516.762776508,0.5161330596435504,1569516.762776508,0.5161330596435504,0.6260437156401085,early exposure,FALSE,FALSE
01061016,Breitenberg,20,RP20,1918037.547901254,0.6307435585193895,1918037.5479012541,0.6307435585193895,0.7650605471082366,early exposure,FALSE,FALSE
01061016,Breitenberg,50,RP50,2092994.5809743889,0.688277897067294,2092994.5809743886,0.688277897067294,0.8348468365319395,early exposure,FALSE,FALSE
01061016,Breitenberg,100,RP100,2133691.416794533,0.701660985982193,2133691.416794533,0.701660985982193,0.8510798573673255,early exposure,FALSE,FALSE
01061016,Breitenberg,200,RP200,2172313.9481798345,0.7143619432244784,2172313.9481798345,0.7143619432244784,0.8664854864305711,early exposure,FALSE,FALSE
01061016,Breitenberg,500,RP500,2507040.2011331273,0.8244361324126093,2507040.2011331273,0.8244361324126093,1,early exposure,FALSE,FALSE
01061017,Breitenburg,10,RP10,1113094.5369064107,0.10911134724206904,1113094.5369064107,0.10911134724206904,0.24335247652751368,early exposure,FALSE,FALSE
01061017,Breitenburg,20,RP20,3975473.0375563446,0.3896966561868633,3975473.0375563446,0.3896966561868633,0.8691455909454676,early exposure,FALSE,FALSE
01061017,Breitenburg,50,RP50,4005473.0375563446,0.39263741306665134,4005473.0375563446,0.39263741306665134,0.8757043997921228,early exposure,FALSE,FALSE
01061017,Breitenburg,100,RP100,4363759.153628649,0.4277584917590576,4363759.15362865,0.4277584917590576,0.9540354047164159,early exposure,FALSE,FALSE
01061017,Breitenburg,200,RP200,4485445.96668732,0.43968686951511665,4485445.96668732,0.43968686951511665,0.9806394229167655,early exposure,FALSE,FALSE
01061017,Breitenburg,500,RP500,4574001.270870827,0.44836752351576253,4574001.270870827,0.44836752351576253,1,early exposure,FALSE,FALSE
01061018,Brokdorf,10,RP10,13174527.21825538,0.979752185642542,13174527.218255382,0.979752185642542,0.9939643264008832,early exposure,FALSE,FALSE
01061018,Brokdorf,20,RP20,13214527.21825538,0.9827268720792132,13214527.21825538,0.9827268720792132,0.9969821632004415,early exposure,FALSE,FALSE
01061018,Brokdorf,50,RP50,13214527.21825538,0.9827268720792132,13214527.21825538,0.9827268720792132,0.9969821632004415,early exposure,FALSE,FALSE
01061018,Brokdorf,100,RP100,13254527.21825538,0.9857015585158846,13254527.21825538,0.9857015585158846,1,early exposure,FALSE,FALSE
01061018,Brokdorf,200,RP200,13254527.21825538,0.9857015585158846,13254527.21825538,0.9857015585158846,1,early exposure,FALSE,FALSE
01061018,Brokdorf,500,RP500,13254527.21825538,0.9857015585158846,13254527.21825538,0.9857015585158846,1,early exposure,FALSE,FALSE
01061019,Brokstedt,10,RP10,96517.43738839249,0.00773082522787068,96517.43738839247,0.00773082522787068,0.24878332862527724,early exposure,FALSE,FALSE
01061019,Brokstedt,20,RP20,341949.5572490083,0.02738937476346389,341949.5572490083,0.02738937476346389,0.8814091150391347,early exposure,FALSE,FALSE
01061019,Brokstedt,50,RP50,379597.31261769903,0.03040487356712339,379597.31261769903,0.03040487356712339,0.9784499622614152,early exposure,FALSE,FALSE
01061019,Brokstedt,100,RP100,379597.31261769903,0.03040487356712339,379597.31261769903,0.03040487356712339,0.9784499622614152,early exposure,FALSE,FALSE
01061019,Brokstedt,200,RP200,379597.31261769903,0.03040487356712339,379597.31261769903,0.03040487356712339,0.9784499622614152,early exposure,FALSE,FALSE
01061019,Brokstedt,500,RP500,387957.81824178866,0.03107453088030273,387957.81824178854,0.03107453088030273,1,early exposure,FALSE,FALSE
09475137,Issigau,10,RP10,182039.00137686892,0.00978896619017436,182039.00137686887,0.00978896619017436,0.5857872523150818,early exposure,FALSE,TRUE
09475137,Issigau,20,RP20,182039.00137686892,0.00978896619017436,182039.00137686887,0.00978896619017436,0.5857872523150818,early exposure,FALSE,TRUE
09475137,Issigau,50,RP50,194452.4943972776,0.01045648942728099,194452.4943972775,0.01045648942728099,0.6257329008467575,early exposure,FALSE,TRUE
09475137,Issigau,100,RP100,194452.4943972776,0.01045648942728099,194452.4943972775,0.01045648942728099,0.6257329008467575,early exposure,FALSE,TRUE
09475137,Issigau,200,RP200,204531.7874362869,0.01099849338266117,204531.78743628672,0.01099849338266117,0.6581672766120708,early exposure,FALSE,TRUE
09475137,Issigau,500,RP500,310759.58149897424,0.01671078732336274,310759.58149897424,0.01671078732336274,1,early exposure,FALSE,TRUE
16074021,Freienorla,10,RP10,242154.1019488734,0.03521891069799271,242154.1019488734,0.03521891069799271,0.7053508857679678,early exposure,FALSE,FALSE
16074021,Freienorla,20,RP20,293310.12668286695,0.04265904676123071,293310.12668286695,0.04265904676123071,0.8543590878512374,early exposure,FALSE,FALSE
16074021,Freienorla,50,RP50,293310.12668286695,0.04265904676123071,293310.12668286695,0.04265904676123071,0.8543590878512374,early exposure,FALSE,FALSE
16074021,Freienorla,100,RP100,293310.12668286695,0.04265904676123071,293310.12668286695,0.04265904676123071,0.8543590878512374,early exposure,FALSE,FALSE
16074021,Freienorla,200,RP200,293310.12668286695,0.04265904676123071,293310.12668286695,0.04265904676123071,0.8543590878512374,early exposure,FALSE,FALSE
16074021,Freienorla,500,RP500,343310.12668286695,0.04993105050069835,343310.12668286695,0.04993105050069835,1,early exposure,FALSE,FALSE
15081240,Kalbe (Milde),10,RP10,11832941.702010108,0.04328254493215487,11832941.702010108,0.04328254493215487,0.6770469943400241,early exposure,FALSE,FALSE
15081240,Kalbe (Milde),20,RP20,13356994.231675733,0.0488572256628992,13356994.231675733,0.0488572256628992,0.7642489100099997,early exposure,FALSE,FALSE
15081240,Kalbe (Milde),50,RP50,15272507.931112427,0.055863793416879,15272507.931112425,0.055863793416879,0.873849111336137,early exposure,FALSE,FALSE
15081240,Kalbe (Milde),100,RP100,16237282.671559146,0.05939274734096531,16237282.671559144,0.05939274734096531,0.9290507555835404,early exposure,FALSE,FALSE
15081240,Kalbe (Milde),200,RP200,16767282.671559146,0.06133138182355938,16767282.671559146,0.06133138182355938,0.9593758358583175,early exposure,FALSE,FALSE
15081240,Kalbe (Milde),500,RP500,17477282.671559148,0.06392842047005332,17477282.671559148,0.06392842047005332,1,early exposure,FALSE,FALSE
16074026,Golmsdorf,10,RP10,1070439.4413157145,0.13983285061216014,1070439.4413157143,0.13983285061216014,0.9145620042609056,early exposure,FALSE,FALSE
16074026,Golmsdorf,20,RP20,1110439.441315714,0.14505810092394933,1110439.441315714,0.14505810092394933,0.9487372025565433,early exposure,FALSE,FALSE
16074026,Golmsdorf,50,RP50,1110439.441315714,0.14505810092394933,1110439.441315714,0.14505810092394933,0.9487372025565433,early exposure,FALSE,FALSE
16074026,Golmsdorf,100,RP100,1170439.441315714,0.15289597639163316,1170439.441315714,0.15289597639163316,1,early exposure,FALSE,FALSE
16074026,Golmsdorf,200,RP200,1170439.441315714,0.15289597639163316,1170439.441315714,0.15289597639163316,1,early exposure,FALSE,FALSE
16074026,Golmsdorf,500,RP500,1170439.441315714,0.15289597639163316,1170439.441315714,0.15289597639163316,1,early exposure,FALSE,FALSE
12070302,Plattenburg,10,RP10,22847.517438985506,1.1324964595532924e-4,22847.517438985502,1.1324964595532924e-4,0.42957348097183773,early exposure,FALSE,TRUE
12070302,Plattenburg,20,RP20,22847.517438985506,1.1324964595532924e-4,22847.517438985502,1.1324964595532924e-4,0.42957348097183773,early exposure,FALSE,TRUE
12070302,Plattenburg,50,RP50,53186.51744352756,2.636327682498486e-4,53186.51744352756,2.636327682498486e-4,1,early exposure,FALSE,TRUE
12070302,Plattenburg,100,RP100,53186.51744352756,2.636327682498486e-4,53186.51744352756,2.636327682498486e-4,1,early exposure,FALSE,TRUE
12070302,Plattenburg,200,RP200,53186.51744352756,2.636327682498486e-4,53186.51744352756,2.636327682498486e-4,1,early exposure,FALSE,TRUE
12070302,Plattenburg,500,RP500,53186.51744352756,2.636327682498486e-4,53186.51744352756,2.636327682498486e-4,1,early exposure,FALSE,TRUE
01061020,Büttel,10,RP10,7738761.711574546,0.8708412788630386,7738761.711574546,0.8708412788630386,0.9421666725399473,early exposure,FALSE,FALSE
01061020,Büttel,20,RP20,7748761.711574546,0.8719665768258387,7748761.711574546,0.8719665768258387,0.9433841369194625,early exposure,FALSE,FALSE
01061020,Büttel,50,RP50,7876262.069948896,0.8863141661793328,7876262.069948896,0.8863141661793328,0.9589068513890843,early exposure,FALSE,FALSE
01061020,Büttel,100,RP100,8183792.672916296,0.9209205222811236,8183792.672916298,0.9209205222811236,0.9963476068614541,early exposure,FALSE,FALSE
01061020,Büttel,200,RP200,8193792.672916296,0.9220458202439236,8193792.672916296,0.9220458202439236,0.9975650712409692,early exposure,FALSE,FALSE
01061020,Büttel,500,RP500,8213792.672916296,0.9242964161695238,8213792.672916296,0.9242964161695238,1,early exposure,FALSE,FALSE
01061022,Dägeling,10,RP10,626422.1249444163,0.08304408631479535,626422.1249444163,0.08304408631479535,0.5173822340361106,early exposure,FALSE,FALSE
01061022,Dägeling,20,RP20,883244.0945502062,0.11709068997422292,883244.0945502063,0.11709068997422292,0.7294997808037762,early exposure,FALSE,FALSE
01061022,Dägeling,50,RP50,883244.0945502062,0.11709068997422292,883244.0945502063,0.11709068997422292,0.7294997808037762,early exposure,FALSE,FALSE
01061022,Dägeling,100,RP100,1210753.0636637502,0.16050819075669942,1210753.0636637502,0.16050819075669942,1,early exposure,FALSE,FALSE
01061022,Dägeling,200,RP200,1210753.0636637502,0.16050819075669942,1210753.0636637502,0.16050819075669942,1,early exposure,FALSE,FALSE
01061022,Dägeling,500,RP500,1210753.0636637502,0.16050819075669942,1210753.0636637502,0.16050819075669942,1,early exposure,FALSE,FALSE
01061045,Huje,10,RP10,811853.6283146171,0.14639032143788314,811853.6283146172,0.14639032143788314,0.8773123343372894,early exposure,FALSE,FALSE
01061045,Huje,20,RP20,811853.6283146171,0.14639032143788314,811853.6283146172,0.14639032143788314,0.8773123343372894,early exposure,FALSE,FALSE
01061045,Huje,50,RP50,811853.6283146171,0.14639032143788314,811853.6283146172,0.14639032143788314,0.8773123343372894,early exposure,FALSE,FALSE
01061045,Huje,100,RP100,925387.2270334384,0.16686226296871173,925387.2270334385,0.16686226296871173,1,early exposure,FALSE,FALSE
01061045,Huje,200,RP200,925387.2270334384,0.16686226296871173,925387.2270334385,0.16686226296871173,1,early exposure,FALSE,FALSE
01061045,Huje,500,RP500,925387.2270334384,0.16686226296871173,925387.2270334385,0.16686226296871173,1,early exposure,FALSE,FALSE
01061046,Itzehoe,10,RP10,2940836.72015465,0.10302168399217222,2940836.72015465,0.10302168399217222,0.7629027870560463,early exposure,FALSE,FALSE
01061046,Itzehoe,20,RP20,3201893.701540503,0.11216688054659686,3201893.701540503,0.11216688054659686,0.8306253835928689,early exposure,FALSE,FALSE
01061046,Itzehoe,50,RP50,3201893.701540503,0.11216688054659686,3201893.701540503,0.11216688054659686,0.8306253835928689,early exposure,FALSE,FALSE
01061046,Itzehoe,100,RP100,3854798.763421745,0.13503907147819055,3854798.7634217446,0.13503907147819055,1,early exposure,FALSE,FALSE
01061046,Itzehoe,200,RP200,3854798.763421745,0.13503907147819055,3854798.7634217446,0.13503907147819055,1,early exposure,FALSE,FALSE
01061046,Itzehoe,500,RP500,3854798.763421745,0.13503907147819055,3854798.7634217446,0.13503907147819055,1,early exposure,FALSE,FALSE
09475141,Köditz,10,RP10,720007.6202702259,0.02298459188394218,720007.6202702258,0.02298459188394218,0.6839449583610552,early exposure,FALSE,FALSE
09475141,Köditz,20,RP20,763621.8192359434,0.02437687515338291,763621.8192359434,0.02437687515338291,0.7253746747359501,early exposure,FALSE,FALSE
09475141,Köditz,50,RP50,874969.4229734977,0.02793139201836008,874969.4229734975,0.02793139201836008,0.831145266682328,early exposure,FALSE,FALSE
09475141,Köditz,100,RP100,874969.4229734977,0.02793139201836008,874969.4229734975,0.02793139201836008,0.831145266682328,early exposure,FALSE,FALSE
09475141,Köditz,200,RP200,934508.4614108894,0.02983203926308257,934508.4614108895,0.02983203926308257,0.8877022030514684,early exposure,FALSE,FALSE
09475141,Köditz,500,RP500,1052727.432914467,0.03360590878397643,1052727.4329144673,0.03360590878397643,1,early exposure,FALSE,FALSE
01061047,Kaaks,10,RP10,653554.5594372603,0.07543757687499514,653554.5594372603,0.07543757687499514,0.5899951479598139,early exposure,FALSE,FALSE
01061047,Kaaks,20,RP20,653554.5594372603,0.07543757687499514,653554.5594372603,0.07543757687499514,0.5899951479598139,early exposure,FALSE,FALSE
01061047,Kaaks,50,RP50,653554.5594372603,0.07543757687499514,653554.5594372603,0.07543757687499514,0.5899951479598139,early exposure,FALSE,FALSE
01061047,Kaaks,100,RP100,1107728.7020024366,0.12786135129391502,1107728.7020024366,0.12786135129391502,1,early exposure,FALSE,FALSE
01061047,Kaaks,200,RP200,1107728.7020024366,0.12786135129391502,1107728.7020024366,0.12786135129391502,1,early exposure,FALSE,FALSE
01061047,Kaaks,500,RP500,1107728.7020024366,0.12786135129391502,1107728.7020024366,0.12786135129391502,1,early exposure,FALSE,FALSE
01061049,Kellinghusen,10,RP10,5790696.219485457,0.30820988831264495,5790696.219485457,0.30820988831264495,0.890323882884247,early exposure,FALSE,FALSE
01061049,Kellinghusen,20,RP20,5951223.00171365,0.31675392857074985,5951223.00171365,0.31675392857074985,0.9150049959392534,early exposure,FALSE,FALSE
01061049,Kellinghusen,50,RP50,5955740.809764196,0.31699438896823906,5955740.809764196,0.31699438896823906,0.9156996123123508,early exposure,FALSE,FALSE
01061049,Kellinghusen,100,RP100,6043931.100684418,0.3216883184517644,6043931.100684418,0.3216883184517644,0.9292589356249041,early exposure,FALSE,FALSE
01061049,Kellinghusen,200,RP200,6244033.342030788,0.33233876308205695,6244033.342030788,0.33233876308205695,0.9600248051743813,early exposure,FALSE,FALSE
01061049,Kellinghusen,500,RP500,6504033.342030788,0.34617726676519583,6504033.342030789,0.34617726676519583,1,early exposure,FALSE,FALSE
16074031,Großeutersdorf,10,RP10,520867.2256982552,0.15143917794342768,520867.2256982552,0.15143917794342768,0.9124139594126417,early exposure,FALSE,FALSE
16074031,Großeutersdorf,20,RP20,550867.2256982551,0.160161507001879,550867.2256982551,0.160161507001879,0.9649655837650565,early exposure,FALSE,FALSE
16074031,Großeutersdorf,50,RP50,560867.2256982552,0.16306895002136282,560867.2256982552,0.16306895002136282,0.9824827918825283,early exposure,FALSE,FALSE
16074031,Großeutersdorf,100,RP100,560867.2256982552,0.16306895002136282,560867.2256982552,0.16306895002136282,0.9824827918825283,early exposure,FALSE,FALSE
16074031,Großeutersdorf,200,RP200,560867.2256982552,0.16306895002136282,560867.2256982552,0.16306895002136282,0.9824827918825283,early exposure,FALSE,FALSE
16074031,Großeutersdorf,500,RP500,570867.2256982552,0.1659763930408466,570867.2256982552,0.1659763930408466,1,early exposure,FALSE,FALSE
16074011,Dornburg-Camburg,10,RP10,2737629.8836468235,0.08841979190857832,2737629.8836468235,0.08841979190857832,0.8378267067000135,early exposure,FALSE,FALSE
16074011,Dornburg-Camburg,20,RP20,2841494.5288497885,0.09177440546330427,2841494.528849788,0.09177440546330427,0.8696135359397076,early exposure,FALSE,FALSE
16074011,Dornburg-Camburg,50,RP50,3025796.6823865026,0.09772698443000928,3025796.6823865026,0.09772698443000928,0.9260175324250508,early exposure,FALSE,FALSE
16074011,Dornburg-Camburg,100,RP100,3175796.6823865026,0.10257167467302308,3175796.682386503,0.10257167467302308,0.9719236670547585,early exposure,FALSE,FALSE
16074011,Dornburg-Camburg,200,RP200,3255796.6823865026,0.1051555094692971,3255796.6823865026,0.1051555094692971,0.9964069388572692,early exposure,FALSE,FALSE
16074011,Dornburg-Camburg,500,RP500,3267537.143127905,0.10553470210664616,3267537.143127905,0.10553470210664616,1,early exposure,FALSE,FALSE
16074012,Crossen an der Elster,10,RP10,1668637.1919891934,0.15577511900387336,1668637.1919891934,0.15577511900387336,0.7911595706486163,early exposure,FALSE,FALSE
16074012,Crossen an der Elster,20,RP20,1678637.1919891934,0.15670866597113334,1678637.1919891932,0.15670866597113334,0.7959009223004122,early exposure,FALSE,FALSE
16074012,Crossen an der Elster,50,RP50,1718637.1919891934,0.1604428538401733,1718637.1919891932,0.1604428538401733,0.814866328907596,early exposure,FALSE,FALSE
16074012,Crossen an der Elster,100,RP100,1881042.5843231357,0.17560415998817533,1881042.5843231357,0.17560415998817533,0.8918684364279073,early exposure,FALSE,FALSE
16074012,Crossen an der Elster,200,RP200,1899103.2124166752,0.17729020444652877,1899103.2124166752,0.17729020444652877,0.9004316153122849,early exposure,FALSE,FALSE
16074012,Crossen an der Elster,500,RP500,2109103.2124166745,0.19689469075898844,2109103.2124166745,0.19689469075898844,1,early exposure,FALSE,FALSE
01061050,Kiebitzreihe,10,RP10,6659157.526469821,0.7805585227335458,6659157.526469821,0.7805585227335458,0.9154966137134942,early exposure,FALSE,FALSE
01061050,Kiebitzreihe,20,RP20,6659157.526469821,0.7805585227335458,6659157.526469821,0.7805585227335458,0.9154966137134942,early exposure,FALSE,FALSE
01061050,Kiebitzreihe,50,RP50,6659157.526469821,0.7805585227335458,6659157.526469821,0.7805585227335458,0.9154966137134942,early exposure,FALSE,FALSE
01061050,Kiebitzreihe,100,RP100,7273819.942881637,0.8526066738438232,7273819.942881637,0.8526066738438232,1,early exposure,FALSE,FALSE
01061050,Kiebitzreihe,200,RP200,7273819.942881637,0.8526066738438232,7273819.942881637,0.8526066738438232,1,early exposure,FALSE,FALSE
01061050,Kiebitzreihe,500,RP500,7273819.942881637,0.8526066738438232,7273819.942881637,0.8526066738438232,1,early exposure,FALSE,FALSE
01061052,Kleve,10,RP10,1958361.0565035096,0.3483256922482049,1958361.0565035094,0.3483256922482049,0.838192459019743,early exposure,FALSE,FALSE
01061052,Kleve,20,RP20,1958361.0565035096,0.3483256922482049,1958361.0565035094,0.3483256922482049,0.838192459019743,early exposure,FALSE,FALSE
01061052,Kleve,50,RP50,1958361.0565035096,0.3483256922482049,1958361.0565035094,0.3483256922482049,0.838192459019743,early exposure,FALSE,FALSE
01061052,Kleve,100,RP100,2336409.7772888476,0.4155676760150861,2336409.7772888476,0.4155676760150861,1,early exposure,FALSE,FALSE
01061052,Kleve,200,RP200,2336409.7772888476,0.4155676760150861,2336409.7772888476,0.4155676760150861,1,early exposure,FALSE,FALSE
01061052,Kleve,500,RP500,2336409.7772888476,0.4155676760150861,2336409.7772888476,0.4155676760150861,1,early exposure,FALSE,FALSE
01061053,Kollmoor,10,RP10,1015990.9224917352,0.29493702198140764,1015990.9224917353,0.29493702198140764,0.324366619527548,early exposure,FALSE,FALSE
01061053,Kollmoor,20,RP20,1015990.9224917352,0.29493702198140764,1015990.9224917353,0.29493702198140764,0.324366619527548,early exposure,FALSE,FALSE
01061053,Kollmoor,50,RP50,1794264.5461241445,0.5208659153989459,1794264.5461241445,0.5208659153989459,0.5728392965727046,early exposure,FALSE,FALSE
01061053,Kollmoor,100,RP100,2004264.5461241445,0.5818278524054248,2004264.5461241442,0.5818278524054248,0.6398841771841641,early exposure,FALSE,FALSE
01061053,Kollmoor,200,RP200,2259972.488535746,0.6560585737261505,2259972.488535746,0.6560585737261505,0.7215218365669632,early exposure,FALSE,FALSE
01061053,Kollmoor,500,RP500,3132230.2028845134,0.9092705729430308,3132230.2028845134,0.9092705729430308,1,early exposure,FALSE,FALSE
01061054,Krempdorf,10,RP10,5198852.340445225,0.9523652873162372,5198852.340445225,0.9523652873162372,0.9566542680040251,early exposure,FALSE,FALSE
01061054,Krempdorf,20,RP20,5210640.35131542,0.9545247047461076,5210640.35131542,0.9545247047461076,0.9588234103784907,early exposure,FALSE,FALSE
01061054,Krempdorf,50,RP50,5210640.35131542,0.9545247047461076,5210640.35131542,0.9545247047461076,0.9588234103784907,early exposure,FALSE,FALSE
01061054,Krempdorf,100,RP100,5434410.85700916,0.9955166868206876,5434410.85700916,0.9955166868206876,1,early exposure,FALSE,FALSE
01061054,Krempdorf,200,RP200,5434410.85700916,0.9955166868206876,5434410.85700916,0.9955166868206876,1,early exposure,FALSE,FALSE
01061054,Krempdorf,500,RP500,5434410.85700916,0.9955166868206876,5434410.85700916,0.9955166868206876,1,early exposure,FALSE,FALSE
01061055,Krempe,10,RP10,2914516.1693604873,0.8219608951638786,2914516.1693604873,0.8219608951638786,0.9008742467810311,early exposure,FALSE,FALSE
01061055,Krempe,20,RP20,3044516.1693604873,0.8586238986135217,3044516.1693604873,0.8586238986135217,0.9410571262972671,early exposure,FALSE,FALSE
01061055,Krempe,50,RP50,3044516.1693604873,0.8586238986135217,3044516.1693604873,0.8586238986135217,0.9410571262972671,early exposure,FALSE,FALSE
01061055,Krempe,100,RP100,3235208.6651100563,0.912403588071118,3235208.6651100563,0.912403588071118,1,early exposure,FALSE,FALSE
01061055,Krempe,200,RP200,3235208.6651100563,0.912403588071118,3235208.6651100563,0.912403588071118,1,early exposure,FALSE,FALSE
01061055,Krempe,500,RP500,3235208.6651100563,0.912403588071118,3235208.6651100563,0.912403588071118,1,early exposure,FALSE,FALSE
01061034,Heiligenstedten,10,RP10,6477540.846326093,0.7051848840500935,6477540.846326093,0.7051848840500935,0.9154467987795668,early exposure,FALSE,FALSE
01061034,Heiligenstedten,20,RP20,6683054.406275576,0.7275583525286282,6683054.406275576,0.7275583525286282,0.944491267201291,early exposure,FALSE,FALSE
01061034,Heiligenstedten,50,RP50,6683054.406275576,0.7275583525286282,6683054.406275576,0.7275583525286282,0.944491267201291,early exposure,FALSE,FALSE
01061034,Heiligenstedten,100,RP100,7075824.455295124,0.7703177126078925,7075824.455295124,0.7703177126078925,1,early exposure,FALSE,FALSE
01061034,Heiligenstedten,200,RP200,7075824.455295124,0.7703177126078925,7075824.455295124,0.7703177126078925,1,early exposure,FALSE,FALSE
01061034,Heiligenstedten,500,RP500,7075824.455295124,0.7703177126078925,7075824.455295124,0.7703177126078925,1,early exposure,FALSE,FALSE
01061035,Heiligenstedtenerkamp,10,RP10,269886.17635694303,0.31172009854517563,269886.17635694303,0.31172009854517563,0.5721069422694821,early exposure,FALSE,FALSE
01061035,Heiligenstedtenerkamp,20,RP20,360576.0887173611,0.4164674731593316,360576.08871736116,0.4164674731593316,0.7643521663693839,early exposure,FALSE,FALSE
01061035,Heiligenstedtenerkamp,50,RP50,360576.0887173611,0.4164674731593316,360576.08871736116,0.4164674731593316,0.7643521663693839,early exposure,FALSE,FALSE
01061035,Heiligenstedtenerkamp,100,RP100,471740.7820403922,0.5448633385020955,471740.7820403923,0.5448633385020955,1,early exposure,FALSE,FALSE
01061035,Heiligenstedtenerkamp,200,RP200,471740.7820403922,0.5448633385020955,471740.7820403923,0.5448633385020955,1,early exposure,FALSE,FALSE
01061035,Heiligenstedtenerkamp,500,RP500,471740.7820403922,0.5448633385020955,471740.7820403923,0.5448633385020955,1,early exposure,FALSE,FALSE
01061037,Herzhorn,10,RP10,12303838.038522271,0.9805963666824228,12303838.038522271,0.9805963666824228,0.9837772763271585,early exposure,FALSE,FALSE
01061037,Herzhorn,20,RP20,12303838.038522271,0.9805963666824228,12303838.038522271,0.9805963666824228,0.9837772763271585,early exposure,FALSE,FALSE
01061037,Herzhorn,50,RP50,12303838.038522271,0.9805963666824228,12303838.038522271,0.9805963666824228,0.9837772763271585,early exposure,FALSE,FALSE
01061037,Herzhorn,100,RP100,12506731.284196269,0.9967666363909,12506731.28419627,0.9967666363909,1,early exposure,FALSE,FALSE
01061037,Herzhorn,200,RP200,12506731.284196269,0.9967666363909,12506731.28419627,0.9967666363909,1,early exposure,FALSE,FALSE
01061037,Herzhorn,500,RP500,12506731.284196269,0.9967666363909,12506731.28419627,0.9967666363909,1,early exposure,FALSE,FALSE
01061039,Hodorf,10,RP10,6496243.312408521,0.8794196863268295,6496243.312408521,0.8794196863268295,0.9035595593886802,early exposure,FALSE,FALSE
01061039,Hodorf,20,RP20,6811678.407499103,0.9221212630752204,6811678.407499102,0.9221212630752204,0.9474332848372582,early exposure,FALSE,FALSE
01061039,Hodorf,50,RP50,6811678.407499103,0.9221212630752204,6811678.407499102,0.9221212630752204,0.9474332848372582,early exposure,FALSE,FALSE
01061039,Hodorf,100,RP100,7189612.732118814,0.9732835840083603,7189612.732118814,0.9732835840083603,1,early exposure,FALSE,FALSE
01061039,Hodorf,200,RP200,7189612.732118814,0.9732835840083603,7189612.732118814,0.9732835840083603,1,early exposure,FALSE,FALSE
01061039,Hodorf,500,RP500,7189612.732118814,0.9732835840083603,7189612.732118814,0.9732835840083603,1,early exposure,FALSE,FALSE
15091010,Annaburg,10,RP10,73896670.84231748,0.32595773223037433,73896670.84231748,0.32595773223037433,0.758427851428856,early exposure,FALSE,FALSE
15091010,Annaburg,20,RP20,83100993.68163374,0.3665579401317791,83100993.68163373,0.3665579401317791,0.85289509488257,early exposure,FALSE,FALSE
15091010,Annaburg,50,RP50,89438538.00256407,0.3945128067206669,89438538.00256406,0.3945128067206669,0.917939569388258,early exposure,FALSE,FALSE
15091010,Annaburg,100,RP100,92613496.06226048,0.40851752597619995,92613496.06226046,0.40851752597619995,0.9505252947280434,early exposure,FALSE,FALSE
15091010,Annaburg,200,RP200,94598344.14093356,0.41727267788184713,94598344.14093356,0.41727267788184713,0.9708964974704904,early exposure,FALSE,FALSE
15091010,Annaburg,500,RP500,97434015.25022888,0.4297808046161272,97434015.25022887,0.4297808046161272,1,early exposure,FALSE,FALSE
16074044,Kahla,10,RP10,884523.9336332561,0.11119222667433344,884523.9336332562,0.11119222667433344,0.7743401559137615,early exposure,FALSE,FALSE
16074044,Kahla,20,RP20,1002293.766993747,0.12599690239704564,1002293.766993747,0.12599690239704564,0.8774395833670283,early exposure,FALSE,FALSE
16074044,Kahla,50,RP50,1042293.766993747,0.13102524464744025,1042293.766993747,0.13102524464744025,0.912456845262163,early exposure,FALSE,FALSE
16074044,Kahla,100,RP100,1052293.766993747,0.1322823302100389,1052293.766993747,0.1322823302100389,0.9212111607359467,early exposure,FALSE,FALSE
16074044,Kahla,200,RP200,1122293.766993747,0.14108192914822948,1122293.766993747,0.14108192914822948,0.9824913690524324,early exposure,FALSE,FALSE
16074044,Kahla,500,RP500,1142293.766993747,0.1435961002734268,1142293.7669937473,0.1435961002734268,1,early exposure,FALSE,FALSE
16074048,Kleineutersdorf,10,RP10,454110.8025264684,0.08491678250747309,454110.8025264684,0.08491678250747309,1,early exposure,FALSE,FALSE
16074048,Kleineutersdorf,20,RP20,454110.8025264684,0.08491678250747309,454110.8025264684,0.08491678250747309,1,early exposure,FALSE,FALSE
16074048,Kleineutersdorf,50,RP50,454110.8025264684,0.08491678250747309,454110.8025264684,0.08491678250747309,1,early exposure,FALSE,FALSE
16074048,Kleineutersdorf,100,RP100,454110.8025264684,0.08491678250747309,454110.8025264684,0.08491678250747309,1,early exposure,FALSE,FALSE
16074048,Kleineutersdorf,200,RP200,454110.8025264684,0.08491678250747309,454110.8025264684,0.08491678250747309,1,early exposure,FALSE,FALSE
16074048,Kleineutersdorf,500,RP500,454110.8025264684,0.08491678250747309,454110.8025264684,0.08491678250747309,1,early exposure,FALSE,FALSE
01061040,Hohenaspe,10,RP10,0,0,0,0,0,early exposure,FALSE,TRUE
01061040,Hohenaspe,20,RP20,0,0,0,0,0,early exposure,FALSE,TRUE
01061040,Hohenaspe,50,RP50,0,0,0,0,0,early exposure,FALSE,TRUE
01061040,Hohenaspe,100,RP100,98315.95869862796,0.00694740793161881,98315.9586986279,0.00694740793161881,1,early exposure,FALSE,TRUE
01061040,Hohenaspe,200,RP200,98315.95869862796,0.00694740793161881,98315.9586986279,0.00694740793161881,1,early exposure,FALSE,TRUE
01061040,Hohenaspe,500,RP500,98315.95869862796,0.00694740793161881,98315.9586986279,0.00694740793161881,1,early exposure,FALSE,TRUE
01061041,Hohenfelde,10,RP10,2838518.6887116223,0.1594041702895344,2838518.6887116223,0.1594041702895344,0.3065360810665341,early exposure,FALSE,FALSE
01061041,Hohenfelde,20,RP20,6053936.48708101,0.3399740599018927,6053936.48708101,0.3399740599018927,0.653774087574467,early exposure,FALSE,FALSE
01061041,Hohenfelde,50,RP50,6053936.48708101,0.3399740599018927,6053936.48708101,0.3399740599018927,0.653774087574467,early exposure,FALSE,FALSE
01061041,Hohenfelde,100,RP100,8457256.061262622,0.4749385271736944,8457256.061262622,0.4749385271736944,0.913312334319112,early exposure,FALSE,FALSE
01061041,Hohenfelde,200,RP200,9259982.312149145,0.5200176427352952,9259982.312149145,0.5200176427352952,1,early exposure,FALSE,FALSE
01061041,Hohenfelde,500,RP500,9259982.312149145,0.5200176427352952,9259982.312149145,0.5200176427352952,1,early exposure,FALSE,FALSE
01061044,Horst (Holstein),10,RP10,4549674.592875941,0.15668970786637756,4549674.592875941,0.15668970786637756,0.7194552228798952,early exposure,FALSE,FALSE
01061044,Horst (Holstein),20,RP20,4549674.592875941,0.15668970786637756,4549674.592875941,0.15668970786637756,0.7194552228798952,early exposure,FALSE,FALSE
01061044,Horst (Holstein),50,RP50,4549674.592875941,0.15668970786637756,4549674.592875941,0.15668970786637756,0.7194552228798952,early exposure,FALSE,FALSE
01061044,Horst (Holstein),100,RP100,6006503.531462047,0.20686254905281673,6006503.531462047,0.20686254905281673,0.949828443494297,early exposure,FALSE,FALSE
01061044,Horst (Holstein),200,RP200,6323777.2806264805,0.217789381303213,6323777.28062648,0.217789381303213,1,early exposure,FALSE,FALSE
01061044,Horst (Holstein),500,RP500,6323777.2806264805,0.217789381303213,6323777.28062648,0.217789381303213,1,early exposure,FALSE,FALSE
12073384,Lychen,10,RP10,155420.03500007372,0.00138568079656761,155420.0350000729,0.00138568079656761,0.9089726275990757,early exposure,FALSE,TRUE
12073384,Lychen,20,RP20,170984.2852040477,0.00152444722150511,170984.28520404757,0.00152444722150511,1,early exposure,FALSE,TRUE
12073384,Lychen,50,RP50,170984.2852040477,0.00152444722150511,170984.28520404757,0.00152444722150511,1,early exposure,FALSE,TRUE
12073384,Lychen,100,RP100,170984.2852040477,0.00152444722150511,170984.28520404757,0.00152444722150511,1,early exposure,FALSE,TRUE
12073384,Lychen,200,RP200,170984.2852040477,0.00152444722150511,170984.28520404757,0.00152444722150511,1,early exposure,FALSE,TRUE
12073384,Lychen,500,RP500,170984.2852040477,0.00152444722150511,170984.28520404757,0.00152444722150511,1,early exposure,FALSE,TRUE
16074033,Großpürschütz,10,RP10,441349.6487069759,0.1147633733489283,441349.6487069759,0.1147633733489283,0.8828987727266117,early exposure,FALSE,FALSE
16074033,Großpürschütz,20,RP20,478276.38903726585,0.12436536872719496,478276.38903726585,0.12436536872719496,0.9567689430415155,early exposure,FALSE,FALSE
16074033,Großpürschütz,50,RP50,478276.38903726585,0.12436536872719496,478276.38903726585,0.12436536872719496,0.9567689430415155,early exposure,FALSE,FALSE
16074033,Großpürschütz,100,RP100,489887.0338713668,0.1273844642942165,489887.0338713669,0.1273844642942165,0.9799954803337164,early exposure,FALSE,FALSE
16074033,Großpürschütz,200,RP200,499887.0338713668,0.12998474671621796,499887.03387136676,0.12998474671621796,1,early exposure,FALSE,FALSE
16074033,Großpürschütz,500,RP500,499887.0338713668,0.12998474671621796,499887.03387136676,0.12998474671621796,1,early exposure,FALSE,FALSE
15086080,Jerichow,10,RP10,47799959.16993995,0.17581842117052962,47799959.16993995,0.17581842117052962,0.5070777856197111,early exposure,FALSE,FALSE
15086080,Jerichow,20,RP20,56298738.672626376,0.2070787406349545,56298738.67262638,0.2070787406349545,0.5972356511394493,early exposure,FALSE,FALSE
15086080,Jerichow,50,RP50,65660474.852816984,0.2415131983876138,65660474.852816984,0.2415131983876138,0.6965480466779024,early exposure,FALSE,FALSE
15086080,Jerichow,100,RP100,70607745.10923973,0.259710311119358,70607745.10923973,0.259710311119358,0.7490303267896964,early exposure,FALSE,FALSE
15086080,Jerichow,200,RP200,75091122.77634795,0.2762011281959946,75091122.77634795,0.2762011281959946,0.7965914807951122,early exposure,FALSE,FALSE
15086080,Jerichow,500,RP500,94265535.83198787,0.3467286995340528,94265535.83198789,0.3467286995340528,1,early exposure,FALSE,FALSE
15083440,Rogätz,10,RP10,4675583.559398105,0.1944134915082171,4675583.559398105,0.1944134915082171,0.8409750819277738,early exposure,FALSE,FALSE
15083440,Rogätz,20,RP20,4883979.7840743475,0.2030787280806664,4883979.7840743475,0.2030787280806664,0.8784583243710128,early exposure,FALSE,FALSE
15083440,Rogätz,50,RP50,5019205.0851466395,0.20870147497155897,5019205.0851466395,0.20870147497155897,0.9027806591562386,early exposure,FALSE,FALSE
15083440,Rogätz,100,RP100,5399717.118704905,0.22452338726660465,5399717.118704905,0.22452338726660465,0.971221557395123,early exposure,FALSE,FALSE
15083440,Rogätz,200,RP200,5549717.118704906,0.2307604747564894,5549717.118704906,0.2307604747564894,0.998201347337195,early exposure,FALSE,FALSE
15083440,Rogätz,500,RP500,5559717.118704906,0.2311762805891484,5559717.118704907,0.2311762805891484,1,early exposure,FALSE,FALSE
16074065,Orlamünde,10,RP10,915879.7255847778,0.1211364268920202,915879.7255847778,0.1211364268920202,0.9224760064306342,early exposure,FALSE,FALSE
16074065,Orlamünde,20,RP20,934723.7011271834,0.1236287758346613,934723.7011271834,0.1236287758346613,0.9414556986522695,early exposure,FALSE,FALSE
16074065,Orlamünde,50,RP50,962849.374075994,0.12734874411191202,962849.3740759941,0.12734874411191202,0.9697839362310927,early exposure,FALSE,FALSE
16074065,Orlamünde,100,RP100,962849.374075994,0.12734874411191202,962849.3740759941,0.12734874411191202,0.9697839362310927,early exposure,FALSE,FALSE
16074065,Orlamünde,200,RP200,972849.374075994,0.12867136785286964,972849.3740759939,0.12867136785286964,0.9798559574873951,early exposure,FALSE,FALSE
16074065,Orlamünde,500,RP500,992849.374075994,0.13131661533478495,992849.374075994,0.13131661533478495,1,early exposure,FALSE,FALSE
09475181,Töpen,10,RP10,62900.33743487505,0.00302976152705903,62900.337434875015,0.00302976152705903,0.29699237924484323,gradual increase,FALSE,TRUE
09475181,Töpen,20,RP20,69286.13840642414,0.00333735056222259,69286.13840642408,0.00333735056222259,0.3271437949806968,gradual increase,FALSE,TRUE
09475181,Töpen,50,RP50,145468.95786424377,0.00700689805320648,145468.95786424362,0.00700689805320648,0.6868511945122827,gradual increase,FALSE,TRUE
09475181,Töpen,100,RP100,154755.93185046426,0.00745422977881736,154755.93185046426,0.00745422977881736,0.7307008877354445,gradual increase,FALSE,TRUE
09475181,Töpen,200,RP200,170126.46470216924,0.00819459224718581,170126.46470216918,0.00819459224718581,0.803274920054671,gradual increase,FALSE,TRUE
09475181,Töpen,500,RP500,211791.08229918388,0.01020147902367982,211791.08229918388,0.01020147902367982,1,gradual increase,FALSE,TRUE
14730020,Bad Düben,10,RP10,11621099.518080806,0.25395601418503233,11621099.518080806,0.25395601418503233,0.8896045728626997,early exposure,FALSE,FALSE
14730020,Bad Düben,20,RP20,12138884.843176588,0.2652711825269124,12138884.843176588,0.2652711825269124,0.9292414585334349,early exposure,FALSE,FALSE
14730020,Bad Düben,50,RP50,12670583.518025983,0.27689039945231014,12670583.518025983,0.27689039945231014,0.9699434223876413,early exposure,FALSE,FALSE
14730020,Bad Düben,100,RP100,12935083.012593258,0.2826705097843619,12935083.012593258,0.2826705097843619,0.9901910727516045,early exposure,FALSE,FALSE
14730020,Bad Düben,200,RP200,13023219.1791514,0.2845965503909181,13023219.1791514,0.2845965503909181,0.9969379676286961,early exposure,FALSE,FALSE
14730020,Bad Düben,500,RP500,13063219.1791514,0.28547067082604527,13063219.1791514,0.28547067082604527,1,early exposure,FALSE,FALSE
12061428,Schlepzig,10,RP10,10940571.605134692,0.3579051510977292,10940571.605134692,0.3579051510977292,0.9130999049891183,early exposure,FALSE,FALSE
12061428,Schlepzig,20,RP20,11652074.203988936,0.3811809409138519,11652074.203988936,0.3811809409138519,0.9724818988063713,early exposure,FALSE,FALSE
12061428,Schlepzig,50,RP50,11730893.19257348,0.38375939138580734,11730893.19257348,0.38375939138580734,0.9790601301443124,early exposure,FALSE,FALSE
12061428,Schlepzig,100,RP100,11838097.410307962,0.3872664240282851,11838097.41030796,0.3872664240282851,0.988007392185159,early exposure,FALSE,FALSE
12061428,Schlepzig,200,RP200,11937832.311061978,0.39052910864956497,11937832.311061978,0.39052910864956497,0.9963312651681624,early exposure,FALSE,FALSE
12061428,Schlepzig,500,RP500,11981790.322566152,0.39196713212010953,11981790.322566153,0.39196713212010953,1,early exposure,FALSE,FALSE
15090135,Eichstedt (Altmark),10,RP10,5289041.428146748,0.1598046051554267,5289041.428146748,0.1598046051554267,0.6661636035858121,early exposure,FALSE,FALSE
15090135,Eichstedt (Altmark),20,RP20,6058136.311681809,0.18304225716857123,6058136.311681808,0.18304225716857123,0.7630323889934258,early exposure,FALSE,FALSE
15090135,Eichstedt (Altmark),50,RP50,6450360.427260806,0.1948930283856348,6450360.427260806,0.1948930283856348,0.8124336715882035,early exposure,FALSE,FALSE
15090135,Eichstedt (Altmark),100,RP100,7181640.72562646,0.2169881397448237,7181640.72562646,0.2169881397448237,0.9045396468218417,early exposure,FALSE,FALSE
15090135,Eichstedt (Altmark),200,RP200,7291640.72562646,0.2203117110962503,7291640.72562646,0.2203117110962503,0.9183943305844751,early exposure,FALSE,FALSE
15090135,Eichstedt (Altmark),500,RP500,7939553.286425439,0.2398879258717133,7939553.286425439,0.2398879258717133,1,early exposure,FALSE,FALSE
15084315,Lützen,10,RP10,288017.2256092265,0.0029661481368181,288017.2256092256,0.0029661481368181,0.6744167073949134,early exposure,FALSE,TRUE
15084315,Lützen,20,RP20,335572.5262381761,0.00345589685256945,335572.52623817575,0.00345589685256945,0.7857714682135126,early exposure,FALSE,TRUE
15084315,Lützen,50,RP50,347061.22557633196,0.0035742133319545,347061.22557633126,0.0035742133319545,0.8126732299518937,early exposure,FALSE,TRUE
15084315,Lützen,100,RP100,347061.22557633196,0.0035742133319545,347061.22557633126,0.0035742133319545,0.8126732299518937,early exposure,FALSE,TRUE
15084315,Lützen,200,RP200,377061.225576332,0.00388316861723759,377061.225576331,0.00388316861723759,0.8829207687199332,early exposure,FALSE,TRUE
15084315,Lützen,500,RP500,427061.225576332,0.00439809409270941,427061.2255763311,0.00439809409270941,1,early exposure,FALSE,TRUE
14730010,Arzberg,10,RP10,43618443.019348934,0.7422380263865404,43618443.019348934,0.7422380263865404,0.9004401090794009,early exposure,FALSE,FALSE
14730010,Arzberg,20,RP20,47033381.00584326,0.8003486937068661,47033381.00584326,0.8003486937068661,0.9709365991007045,early exposure,FALSE,FALSE
14730010,Arzberg,50,RP50,47678301.79591549,0.8113230591647648,47678301.79591549,0.8113230591647648,0.9842500625432812,early exposure,FALSE,FALSE
14730010,Arzberg,100,RP100,47868301.79591549,0.8145562150330493,47868301.79591549,0.8145562150330493,0.9881723396554926,early exposure,FALSE,FALSE
14730010,Arzberg,200,RP200,48061248.42899758,0.817839512606813,48061248.42899758,0.817839512606813,0.9921554457755773,early exposure,FALSE,FALSE
14730010,Arzberg,500,RP500,48441248.42899758,0.8243058243433821,48441248.42899758,0.8243058243433821,1,early exposure,FALSE,FALSE
16074063,Neuengönna,10,RP10,2128490.2146050055,0.3464685664975831,2128490.2146050055,0.3464685664975831,0.9278088681630936,early exposure,FALSE,FALSE
16074063,Neuengönna,20,RP20,2178490.2146050064,0.3546074004024852,2178490.2146050064,0.3546074004024852,0.9496038677782384,early exposure,FALSE,FALSE
16074063,Neuengönna,50,RP50,2184104.192837755,0.35552122513012674,2184104.192837755,0.35552122513012674,0.9520510008466823,early exposure,FALSE,FALSE
16074063,Neuengönna,100,RP100,2294104.1928377557,0.373426659720911,2294104.1928377557,0.373426659720911,1,early exposure,FALSE,FALSE
16074063,Neuengönna,200,RP200,2294104.1928377557,0.373426659720911,2294104.1928377557,0.373426659720911,1,early exposure,FALSE,FALSE
16074063,Neuengönna,500,RP500,2294104.1928377557,0.373426659720911,2294104.1928377557,0.373426659720911,1,early exposure,FALSE,FALSE
15088295,Petersberg,10,RP10,817419.7716638508,0.00793771710338287,817419.77166385,0.00793771710338287,0.7333136215634061,early exposure,FALSE,TRUE
15088295,Petersberg,20,RP20,824414.5383186097,0.00800564117475276,824414.5383186092,0.00800564117475276,0.7395886810192737,early exposure,FALSE,TRUE
15088295,Petersberg,50,RP50,839452.7260426068,0.00815167248453828,839452.7260426062,0.00815167248453828,0.7530795559453691,early exposure,FALSE,TRUE
15088295,Petersberg,100,RP100,1095257.5075669002,0.01063571564060169,1095257.5075668995,0.01063571564060169,0.9825640108796898,early exposure,FALSE,TRUE
15088295,Petersberg,200,RP200,1105257.5075669002,0.01073282262747119,1105257.5075669,0.01073282262747119,0.9915350884946927,early exposure,FALSE,TRUE
15088295,Petersberg,500,RP500,1114693.2876020118,0.01082445064426849,1114693.287602011,0.01082445064426849,1,early exposure,FALSE,TRUE
12067124,Erkner,10,RP10,4046649.195300554,0.2283630037564122,4046649.195300554,0.2283630037564122,0.7653738239249045,early exposure,FALSE,FALSE
12067124,Erkner,20,RP20,4046649.195300554,0.2283630037564122,4046649.195300554,0.2283630037564122,0.7653738239249045,early exposure,FALSE,FALSE
12067124,Erkner,50,RP50,4480011.075882703,0.25281874874122473,4480011.075882703,0.25281874874122473,0.8473388828357776,early exposure,FALSE,FALSE
12067124,Erkner,100,RP100,4480011.075882703,0.25281874874122473,4480011.075882703,0.25281874874122473,0.8473388828357776,early exposure,FALSE,FALSE
12067124,Erkner,200,RP200,4480011.075882703,0.25281874874122473,4480011.075882703,0.25281874874122473,0.8473388828357776,early exposure,FALSE,FALSE
12067124,Erkner,500,RP500,5287153.89631302,0.2983679303080246,5287153.89631302,0.2983679303080246,1,early exposure,FALSE,FALSE
15089130,Giersleben,10,RP10,436858.1951691804,0.02188977539730711,436858.1951691802,0.02188977539730711,1,early exposure,FALSE,FALSE
15089130,Giersleben,20,RP20,436858.1951691804,0.02188977539730711,436858.1951691802,0.02188977539730711,1,early exposure,FALSE,FALSE
15089130,Giersleben,50,RP50,436858.1951691804,0.02188977539730711,436858.1951691802,0.02188977539730711,1,early exposure,FALSE,FALSE
15089130,Giersleben,100,RP100,436858.1951691804,0.02188977539730711,436858.1951691802,0.02188977539730711,1,early exposure,FALSE,FALSE
15089130,Giersleben,200,RP200,436858.1951691804,0.02188977539730711,436858.1951691802,0.02188977539730711,1,early exposure,FALSE,FALSE
15089130,Giersleben,500,RP500,436858.1951691804,0.02188977539730711,436858.1951691802,0.02188977539730711,1,early exposure,FALSE,FALSE
12068052,Breddin,10,RP10,103625.8325886678,0.0023113223852899,103625.83258866775,0.0023113223852899,0.06622737727391889,delayed jump,FALSE,FALSE
12068052,Breddin,20,RP20,590517.7533780364,0.01317120324341804,590517.7533780362,0.01317120324341804,0.377400509727639,delayed jump,FALSE,FALSE
12068052,Breddin,50,RP50,635293.6358352075,0.01416990691468472,635293.6358352073,0.01416990691468472,0.4060168227278397,delayed jump,FALSE,FALSE
12068052,Breddin,100,RP100,635293.6358352075,0.01416990691468472,635293.6358352073,0.01416990691468472,0.4060168227278397,delayed jump,FALSE,FALSE
12068052,Breddin,200,RP200,990302.8404738004,0.02208820972748041,990302.8404738003,0.02208820972748041,0.6329035742643974,delayed jump,FALSE,FALSE
12068052,Breddin,500,RP500,1564697.8161322544,0.03489980247489169,1564697.816132254,0.03489980247489169,1,delayed jump,FALSE,FALSE
14730045,Belgern-Schildau,10,RP10,19961415.86145903,0.12540454523370903,19961415.86145903,0.12540454523370903,0.9243382188156671,early exposure,FALSE,FALSE
14730045,Belgern-Schildau,20,RP20,20713815.484060016,0.13013138090314005,20713815.484060016,0.13013138090314005,0.9591790202808264,early exposure,FALSE,FALSE
14730045,Belgern-Schildau,50,RP50,20917657.29476427,0.1314119859337851,20917657.29476427,0.1314119859337851,0.9686181691635628,early exposure,FALSE,FALSE
14730045,Belgern-Schildau,100,RP100,20985562.67633673,0.13183859111821283,20985562.676336728,0.13183859111821283,0.971762612417805,early exposure,FALSE,FALSE
14730045,Belgern-Schildau,200,RP200,21175359.204161353,0.13303095880515323,21175359.204161346,0.13303095880515323,0.9805513769866316,early exposure,FALSE,FALSE
14730045,Belgern-Schildau,500,RP500,21595359.204161353,0.1356695446331181,21595359.204161357,0.1356695446331181,1,early exposure,FALSE,FALSE
12066272,Ruhland,10,RP10,1333803.569095544,0.03586523827229321,1333803.569095544,0.03586523827229321,0.47231377962708293,early exposure,FALSE,FALSE
12066272,Ruhland,20,RP20,1491792.2215257254,0.04011346551880546,1491792.2215257254,0.04011346551880546,0.5282592121453725,early exposure,FALSE,FALSE
12066272,Ruhland,50,RP50,1771792.221525726,0.04764251023642591,1771792.221525726,0.04764251023642591,0.6274101376337944,early exposure,FALSE,FALSE
12066272,Ruhland,100,RP100,2271163.427764368,0.06107032503093591,2271163.4277643682,0.06107032503093591,0.804242699279619,early exposure,FALSE,FALSE
12066272,Ruhland,200,RP200,2402674.522567016,0.06460658543676576,2402674.522567016,0.06460658543676576,0.8508121519998979,early exposure,FALSE,FALSE
12066272,Ruhland,500,RP500,2823977.674648098,0.07593519354995473,2823977.674648098,0.07593519354995473,1,early exposure,FALSE,FALSE
14729030,Bennewitz,10,RP10,11949464.024811294,0.2549010359419637,11949464.024811296,0.2549010359419637,0.8563866865342548,early exposure,FALSE,FALSE
14729030,Bennewitz,20,RP20,12404741.4658478,0.26461282645576834,12404741.465847801,0.26461282645576834,0.889015224381098,early exposure,FALSE,FALSE
14729030,Bennewitz,50,RP50,13278732.727358175,0.2832564474165617,13278732.727358175,0.2832564474165617,0.9516518814688691,early exposure,FALSE,FALSE
14729030,Bennewitz,100,RP100,13628732.727358175,0.29072250299817143,13628732.727358174,0.29072250299817143,0.9767354617587158,early exposure,FALSE,FALSE
14729030,Bennewitz,200,RP200,13853010.92095044,0.2955067128813226,13853010.920950443,0.2955067128813226,0.9928088905479542,early exposure,FALSE,FALSE
14729030,Bennewitz,500,RP500,13953350.99517959,0.2976471259420588,13953350.99517959,0.2976471259420588,1,early exposure,FALSE,FALSE
14730030,Beilrode,10,RP10,41560198.00726617,0.44566556650816,41560198.00726617,0.44566556650816,0.7946093338376224,early exposure,FALSE,FALSE
14730030,Beilrode,20,RP20,46290524.81976425,0.49639063231011105,46290524.81976424,0.49639063231011105,0.8850507180835823,early exposure,FALSE,FALSE
14730030,Beilrode,50,RP50,49475844.87122211,0.5305480120462368,49475844.8712221,0.5305480120462368,0.9459523779771667,early exposure,FALSE,FALSE
14730030,Beilrode,100,RP100,50565113.058754325,0.5422286427254023,50565113.05875432,0.5422286427254023,0.9667786182350733,early exposure,FALSE,FALSE
14730030,Beilrode,200,RP200,51142680.370677546,0.5484221132959672,51142680.37067754,0.5484221132959672,0.9778214043376191,early exposure,FALSE,FALSE
14730030,Beilrode,500,RP500,52302680.370677546,0.5608612276875561,52302680.37067754,0.5608612276875561,1,early exposure,FALSE,FALSE
15089165,Güsten,10,RP10,4113549.998433688,0.11313228849276208,4113549.998433687,0.11313228849276208,0.6990158469703894,early exposure,FALSE,FALSE
15089165,Güsten,20,RP20,4757449.008062322,0.13084102390262653,4757449.008062322,0.13084102390262653,0.8084336519685875,early exposure,FALSE,FALSE
15089165,Güsten,50,RP50,5227058.19722911,0.14375637980881428,5227058.19722911,0.14375637980881428,0.8882343752454391,early exposure,FALSE,FALSE
15089165,Güsten,100,RP100,5494460.300017271,0.15111056581548016,5494460.300017271,0.15111056581548016,0.9336740337966424,early exposure,FALSE,FALSE
15089165,Güsten,200,RP200,5674773.594564786,0.1560696050068349,5674773.594564786,0.1560696050068349,0.9643146849024137,early exposure,FALSE,FALSE
15089165,Güsten,500,RP500,5884773.594564786,0.16184509833802724,5884773.594564786,0.16184509833802724,1,early exposure,FALSE,FALSE
03357057,Zeven,10,RP10,613838.3160662801,0.00828813868789307,613838.3160662798,0.00828813868789307,0.5601993539398658,early exposure,FALSE,TRUE
03357057,Zeven,20,RP20,613838.3160662801,0.00828813868789307,613838.3160662798,0.00828813868789307,0.5601993539398658,early exposure,FALSE,TRUE
03357057,Zeven,50,RP50,1090153.6988007228,0.01471942172766614,1090153.6988007224,0.01471942172766614,0.9948929250245406,early exposure,FALSE,TRUE
03357057,Zeven,100,RP100,1095749.7750562774,0.0147949808038921,1095749.7750562774,0.0147949808038921,1,early exposure,FALSE,TRUE
03357057,Zeven,200,RP200,1095749.7750562774,0.0147949808038921,1095749.7750562774,0.0147949808038921,1,early exposure,FALSE,TRUE
03357057,Zeven,500,RP500,1095749.7750562774,0.0147949808038921,1095749.7750562774,0.0147949808038921,1,early exposure,FALSE,TRUE
15090500,Schönhausen (Elbe),10,RP10,43049764.00807609,0.5775105563605077,43049764.00807609,0.5775105563605077,0.9575658711396107,early exposure,FALSE,FALSE
15090500,Schönhausen (Elbe),20,RP20,43355393.55274695,0.581610562305952,43355393.55274695,0.581610562305952,0.9643640598854041,early exposure,FALSE,FALSE
15090500,Schönhausen (Elbe),50,RP50,44033701.42467597,0.5907100304569958,44033701.42467597,0.5907100304569958,0.9794518189765506,early exposure,FALSE,FALSE
15090500,Schönhausen (Elbe),100,RP100,44735360.09175835,0.6001227484251105,44735360.09175835,0.6001227484251105,0.9950589752123282,early exposure,FALSE,FALSE
15090500,Schönhausen (Elbe),200,RP200,44908316.79141404,0.6024429544040723,44908316.79141404,0.6024429544040723,0.9989060911394714,early exposure,FALSE,FALSE
15090500,Schönhausen (Elbe),500,RP500,44957496.19484876,0.6031026937846119,44957496.19484876,0.6031026937846119,1,early exposure,FALSE,FALSE
14522600,Zettlitz,10,RP10,517289.24791178846,0.0331304501532412,517289.24791178846,0.0331304501532412,0.8960659665548317,early exposure,FALSE,FALSE
14522600,Zettlitz,20,RP20,527289.2479117885,0.03377091291729407,527289.2479117884,0.03377091291729407,0.9133883054623597,early exposure,FALSE,FALSE
14522600,Zettlitz,50,RP50,527289.2479117885,0.03377091291729407,527289.2479117884,0.03377091291729407,0.9133883054623597,early exposure,FALSE,FALSE
14522600,Zettlitz,100,RP100,577289.2479117884,0.03697322673755839,577289.2479117883,0.03697322673755839,1,early exposure,FALSE,FALSE
14522600,Zettlitz,200,RP200,577289.2479117884,0.03697322673755839,577289.2479117883,0.03697322673755839,1,early exposure,FALSE,FALSE
14522600,Zettlitz,500,RP500,577289.2479117884,0.03697322673755839,577289.2479117883,0.03697322673755839,1,early exposure,FALSE,FALSE
12067144,Fürstenwalde/Spree,10,RP10,17016803.030842163,0.2410069545026647,17016803.030842163,0.2410069545026647,0.7263737942961521,early exposure,FALSE,FALSE
12067144,Fürstenwalde/Spree,20,RP20,19513014.968596887,0.27636050686035973,19513014.968596887,0.27636050686035973,0.8329262961561045,early exposure,FALSE,FALSE
12067144,Fürstenwalde/Spree,50,RP50,21348206.17035552,0.30235210126644746,21348206.17035552,0.30235210126644746,0.9112626789692727,early exposure,FALSE,FALSE
12067144,Fürstenwalde/Spree,100,RP100,23081295.064554635,0.326897632851686,23081295.064554635,0.326897632851686,0.9852407554417034,early exposure,FALSE,FALSE
12067144,Fürstenwalde/Spree,200,RP200,23182131.11963714,0.32832576188952295,23182131.11963714,0.32832576188952295,0.9895450109354871,early exposure,FALSE,FALSE
12067144,Fürstenwalde/Spree,500,RP500,23427060.783946987,0.33179467155226555,23427060.783946987,0.33179467155226555,1,early exposure,FALSE,FALSE
12066292,Schwarzbach,10,RP10,2636845.93163502,0.16476932649906906,2636845.9316350194,0.16476932649906906,0.7347803302941109,early exposure,FALSE,FALSE
12066292,Schwarzbach,20,RP20,2636845.93163502,0.16476932649906906,2636845.9316350194,0.16476932649906906,0.7347803302941109,early exposure,FALSE,FALSE
12066292,Schwarzbach,50,RP50,2676845.9316350194,0.16726881764524917,2676845.9316350194,0.16726881764524917,0.7459266824033295,early exposure,FALSE,FALSE
12066292,Schwarzbach,100,RP100,2880410.6989875105,0.17998902598704325,2880410.69898751,0.17998902598704325,0.8026517967518801,early exposure,FALSE,FALSE
12066292,Schwarzbach,200,RP200,3078618.016733747,0.1923744618824139,3078618.0167337465,0.1923744618824139,0.8578840106074632,early exposure,FALSE,FALSE
12066292,Schwarzbach,500,RP500,3588618.016733747,0.2242429739962102,3588618.0167337465,0.2242429739962102,1,early exposure,FALSE,FALSE
12066296,Schwarzheide,10,RP10,3905466.874294179,0.11640315259881782,3905466.874294179,0.11640315259881782,0.8124360168510047,early exposure,FALSE,FALSE
12066296,Schwarzheide,20,RP20,4177478.2216944727,0.12451050042666716,4177478.2216944727,0.12451050042666716,0.8690212658707159,early exposure,FALSE,FALSE
12066296,Schwarzheide,50,RP50,4327478.22169447,0.12898127778871504,4327478.22169447,0.12898127778871504,0.9002250646610137,early exposure,FALSE,FALSE
12066296,Schwarzheide,100,RP100,4358128.5764116775,0.12989481720210458,4358128.5764116775,0.12989481720210458,0.9066011146706604,early exposure,FALSE,FALSE
12066296,Schwarzheide,200,RP200,4798410.16483076,0.14301749025830832,4798410.16483076,0.14301749025830832,0.9981908353113403,early exposure,FALSE,FALSE
12066296,Schwarzheide,500,RP500,4807107.013093458,0.14327670140720186,4807107.013093458,0.14327670140720186,1,early exposure,FALSE,FALSE
14729050,Borna,10,RP10,954071.8297388044,0.01518909284176976,954071.8297388043,0.01518909284176976,0.35445365748012553,early exposure,FALSE,FALSE
14729050,Borna,20,RP20,2360739.0405137613,0.03758363190680378,2360739.0405137613,0.03758363190680378,0.8770540762065135,early exposure,FALSE,FALSE
14729050,Borna,50,RP50,2612129.289176105,0.04158583562713926,2612129.289176105,0.04158583562713926,0.970449762270948,early exposure,FALSE,FALSE
14729050,Borna,100,RP100,2681245.9597065267,0.04268619253201506,2681245.9597065267,0.04268619253201506,0.9961277624997816,early exposure,FALSE,FALSE
14729050,Borna,200,RP200,2681687.3319977294,0.04269321930348016,2681687.3319977294,0.04269321930348016,0.9962917396952617,early exposure,FALSE,FALSE
14729050,Borna,500,RP500,2691668.7403410412,0.04285212614182553,2691668.740341041,0.04285212614182553,1,early exposure,FALSE,FALSE
15089185,Ilberstedt,10,RP10,20883.357191265222,0.00140965906763495,20883.35719126509,0.00140965906763495,1,early exposure,FALSE,TRUE
15089185,Ilberstedt,20,RP20,20883.357191265222,0.00140965906763495,20883.35719126509,0.00140965906763495,1,early exposure,FALSE,TRUE
15089185,Ilberstedt,50,RP50,20883.357191265222,0.00140965906763495,20883.35719126509,0.00140965906763495,1,early exposure,FALSE,TRUE
15089185,Ilberstedt,100,RP100,20883.357191265222,0.00140965906763495,20883.35719126509,0.00140965906763495,1,early exposure,FALSE,TRUE
15089185,Ilberstedt,200,RP200,20883.357191265222,0.00140965906763495,20883.35719126509,0.00140965906763495,1,early exposure,FALSE,TRUE
15089185,Ilberstedt,500,RP500,20883.357191265222,0.00140965906763495,20883.35719126509,0.00140965906763495,1,early exposure,FALSE,TRUE
09464000,Hof,10,RP10,1339131.2190175056,0.02301938157106493,1339131.2190175056,0.02301938157106493,0.7614007077555648,early exposure,FALSE,FALSE
09464000,Hof,20,RP20,1379131.2190175056,0.02370697308544852,1379131.2190175054,0.02370697308544852,0.784143832460377,early exposure,FALSE,FALSE
09464000,Hof,50,RP50,1479131.2190175056,0.02542595187140751,1479131.2190175054,0.02542595187140751,0.8410016442224081,early exposure,FALSE,FALSE
09464000,Hof,100,RP100,1598780.0871615715,0.02748269053244405,1598780.0871615717,0.02748269053244405,0.9090313724471619,early exposure,FALSE,FALSE
09464000,Hof,200,RP200,1598780.0871615715,0.02748269053244405,1598780.0871615717,0.02748269053244405,0.9090313724471619,early exposure,FALSE,FALSE
09464000,Hof,500,RP500,1758773.2784816534,0.03023293955021503,1758773.2784816532,0.03023293955021503,1,early exposure,FALSE,FALSE
12067137,Friedland,10,RP10,1913985.6578357804,0.01097743401674891,1913985.657835779,0.01097743401674891,0.6722060840988271,early exposure,FALSE,TRUE
12067137,Friedland,20,RP20,2292047.0374109102,0.01314575948542551,2292047.0374109093,0.01314575948542551,0.8049840693845473,early exposure,FALSE,TRUE
12067137,Friedland,50,RP50,2590862.0334331384,0.01485957687408775,2590862.033433137,0.01485957687408775,0.9099301318191189,early exposure,FALSE,TRUE
12067137,Friedland,100,RP100,2600740.3441839404,0.01491623273460579,2600740.344183939,0.01491623273460579,0.9133994684675536,early exposure,FALSE,TRUE
12067137,Friedland,200,RP200,2847319.747784947,0.01633045917974021,2847319.747784947,0.01633045917974021,1,early exposure,FALSE,TRUE
12067137,Friedland,500,RP500,2847319.747784947,0.01633045917974021,2847319.747784947,0.01633045917974021,1,early exposure,FALSE,TRUE
15086005,Biederitz,10,RP10,23589324.275359303,0.5914036507009912,23589324.275359303,0.5914036507009912,0.8646376008451606,early exposure,FALSE,FALSE
15086005,Biederitz,20,RP20,23795622.201107807,0.596575708407924,23795622.201107807,0.596575708407924,0.8721991969933319,early exposure,FALSE,FALSE
15086005,Biederitz,50,RP50,26110227.475303985,0.6546047554934848,26110227.475303985,0.6546047554934848,0.9570381999178469,early exposure,FALSE,FALSE
15086005,Biederitz,100,RP100,26220227.475303985,0.6573625454504045,26220227.475303985,0.6573625454504045,0.961070114311949,early exposure,FALSE,FALSE
15086005,Biederitz,200,RP200,26862922.437333837,0.6734754337381214,26862922.43733384,0.6734754337381214,0.9846273058430872,early exposure,FALSE,FALSE
15086005,Biederitz,500,RP500,27282325.279748827,0.6839902059809909,27282325.279748827,0.6839902059809909,1,early exposure,FALSE,FALSE
15090520,Seehausen (Altmark),10,RP10,61547923.84724666,0.5725625074493224,61547923.84724668,0.5725625074493224,0.7619288669058595,early exposure,FALSE,FALSE
15090520,Seehausen (Altmark),20,RP20,68467094.42210583,0.636929547085675,68467094.42210585,0.636929547085675,0.8475843279920038,early exposure,FALSE,FALSE
15090520,Seehausen (Altmark),50,RP50,74506951.92033167,0.6931165918737905,74506951.92033169,0.6931165918737905,0.9223543850830836,early exposure,FALSE,FALSE
15090520,Seehausen (Altmark),100,RP100,78232161.274457,0.727771135443209,78232161.27445701,0.727771135443209,0.9684703929799574,early exposure,FALSE,FALSE
15090520,Seehausen (Altmark),200,RP200,79595304.84883244,0.7404520652645771,79595304.84883246,0.7404520652645771,0.9853453478790308,early exposure,FALSE,FALSE
15090520,Seehausen (Altmark),500,RP500,80779094.37555312,0.751464516332685,80779094.37555312,0.751464516332685,1,early exposure,FALSE,FALSE
12068409,Sieversdorf-Hohenofen,10,RP10,1816709.514534296,0.09078491609645344,1816709.5145342958,0.09078491609645344,0.17800638934401547,early exposure,FALSE,FALSE
12068409,Sieversdorf-Hohenofen,20,RP20,2677209.6879335716,0.1337859767602782,2677209.6879335716,0.1337859767602782,0.26232065514779745,early exposure,FALSE,FALSE
12068409,Sieversdorf-Hohenofen,50,RP50,5738095.209055849,0.286745067353894,5738095.209055849,0.286745067353894,0.5622349647560801,early exposure,FALSE,FALSE
12068409,Sieversdorf-Hohenofen,100,RP100,7960442.472933778,0.3978005818839974,7960442.472933779,0.3978005818839974,0.779986899859954,early exposure,FALSE,FALSE
12068409,Sieversdorf-Hohenofen,200,RP200,8642981.992250517,0.4319085625479111,8642981.992250517,0.4319085625479111,0.8468640722676284,early exposure,FALSE,FALSE
12068409,Sieversdorf-Hohenofen,500,RP500,10205866.88617856,0.5100093116376982,10205866.88617856,0.5100093116376982,1,early exposure,FALSE,FALSE
14729040,Böhlen,10,RP10,3449492.9412894454,0.14199126732216477,3449492.9412894454,0.14199126732216477,0.7080169561652871,early exposure,FALSE,FALSE
14729040,Böhlen,20,RP20,3586714.920262056,0.14763972726407526,3586714.920262056,0.14763972726407526,0.7361821066742914,early exposure,FALSE,FALSE
14729040,Böhlen,50,RP50,3883955.68307623,0.15987503063478306,3883955.68307623,0.15987503063478306,0.7971915082639844,early exposure,FALSE,FALSE
14729040,Böhlen,100,RP100,4406399.762045243,0.18138036435784363,4406399.762045243,0.18138036435784363,0.904424447381102,early exposure,FALSE,FALSE
14729040,Böhlen,200,RP200,4680251.937881439,0.19265292475084403,4680251.937881439,0.19265292475084403,0.960633283657864,early exposure,FALSE,FALSE
14729040,Böhlen,500,RP500,4872048.488742914,0.20054783446318591,4872048.488742914,0.20054783446318591,1,early exposure,FALSE,FALSE
14627140,Meißen,10,RP10,1656088.1704368447,0.05317514735000871,1656088.1704368445,0.05317514735000871,0.2811013193800669,early exposure,FALSE,FALSE
14627140,Meißen,20,RP20,1746798.2604561313,0.05608774734861613,1746798.260456131,0.05608774734861613,0.29649828099158543,early exposure,FALSE,FALSE
14627140,Meißen,50,RP50,4018368.668856445,0.1290253441136143,4018368.6688564443,0.1290253441136143,0.6820704082881716,early exposure,FALSE,FALSE
14627140,Meißen,100,RP100,4558622.449330981,0.14637229151409892,4558622.449330981,0.14637229151409892,0.7737720780437147,early exposure,FALSE,FALSE
14627140,Meißen,200,RP200,5241427.952345209,0.16829641601563494,5241427.952345209,0.16829641601563494,0.889670211490704,early exposure,FALSE,FALSE
14627140,Meißen,500,RP500,5891427.952345211,0.1891671923393306,5891427.952345211,0.1891671923393306,1,early exposure,FALSE,FALSE
15089175,Hecklingen,10,RP10,1463969.6454602373,0.01523318945155249,1463969.645460237,0.01523318945155249,0.2584571500687575,early exposure,FALSE,FALSE
15089175,Hecklingen,20,RP20,1939648.413309937,0.02018281720592955,1939648.413309937,0.02018281720592955,0.34243606251950126,early exposure,FALSE,FALSE
15089175,Hecklingen,50,RP50,3462896.8960899203,0.03603282665928991,3462896.8960899203,0.03603282665928991,0.6113586203926908,early exposure,FALSE,FALSE
15089175,Hecklingen,100,RP100,3491584.0791548076,0.03633132826812717,3491584.079154807,0.03633132826812717,0.6164232114526513,early exposure,FALSE,FALSE
15089175,Hecklingen,200,RP200,4251617.543497054,0.04423978032363782,4251617.543497054,0.04423978032363782,0.7506036459718567,early exposure,FALSE,FALSE
15089175,Hecklingen,500,RP500,5664264.444109115,0.0589389360963703,5664264.444109115,0.0589389360963703,1,early exposure,FALSE,FALSE
16073111,Unterwellenborn,10,RP10,313300.5772217715,0.00499858785168553,313300.57722177135,0.00499858785168553,0.8553167533168595,early exposure,FALSE,TRUE
16073111,Unterwellenborn,20,RP20,313300.5772217715,0.00499858785168553,313300.57722177135,0.00499858785168553,0.8553167533168595,early exposure,FALSE,TRUE
16073111,Unterwellenborn,50,RP50,313300.5772217715,0.00499858785168553,313300.57722177135,0.00499858785168553,0.8553167533168595,early exposure,FALSE,TRUE
16073111,Unterwellenborn,100,RP100,313300.5772217715,0.00499858785168553,313300.57722177135,0.00499858785168553,0.8553167533168595,early exposure,FALSE,TRUE
16073111,Unterwellenborn,200,RP200,313300.5772217715,0.00499858785168553,313300.57722177135,0.00499858785168553,0.8553167533168595,early exposure,FALSE,TRUE
16073111,Unterwellenborn,500,RP500,366297.7207061754,0.0058441364936456,366297.72070617497,0.0058441364936456,1,early exposure,FALSE,TRUE
15003000,Magdeburg,10,RP10,59110271.37907285,0.2940525138485069,59110271.379072845,0.2940525138485069,0.7715187844967405,early exposure,FALSE,FALSE
15003000,Magdeburg,20,RP20,68583193.35290696,0.3411769214160698,68583193.35290694,0.3411769214160698,0.8951612086706284,early exposure,FALSE,FALSE
15003000,Magdeburg,50,RP50,72253466.63301316,0.35943522169699743,72253466.63301314,0.35943522169699743,0.9430663309746501,early exposure,FALSE,FALSE
15003000,Magdeburg,100,RP100,73806497.7229205,0.3671609973603082,73806497.72292048,0.3671609973603082,0.963336795494885,early exposure,FALSE,FALSE
15003000,Magdeburg,200,RP200,75281289.51658027,0.3744975604349,75281289.51658025,0.3744975604349,0.9825860654691893,early exposure,FALSE,FALSE
15003000,Magdeburg,500,RP500,76615466.2295492,0.3811346136443282,76615466.22954917,0.3811346136443282,1,early exposure,FALSE,FALSE
12063112,Großderschau,10,RP10,9756234.259303268,0.4838887259878686,9756234.259303268,0.4838887259878686,0.5625419143033341,early exposure,FALSE,FALSE
12063112,Großderschau,20,RP20,13865160.40464718,0.6876828318697316,13865160.404647179,0.6876828318697316,0.7994615205877627,early exposure,FALSE,FALSE
12063112,Großderschau,50,RP50,15443246.6193916,0.7659525933018672,15443246.619391598,0.7659525933018672,0.8904535587639171,early exposure,FALSE,FALSE
12063112,Großderschau,100,RP100,15730929.707734348,0.7802210701963908,15730929.707734348,0.7802210701963908,0.9070412903545874,early exposure,FALSE,FALSE
12063112,Großderschau,200,RP200,16513742.69017164,0.8190469498022578,16513742.690171639,0.8190469498022578,0.9521780820692652,early exposure,FALSE,FALSE
12063112,Großderschau,500,RP500,17343124.149932243,0.8601825280648259,17343124.149932243,0.8601825280648259,1,early exposure,FALSE,FALSE
12068426,Temnitztal,10,RP10,2010699.5134163809,0.03835504778867044,2010699.5134163804,0.03835504778867044,0.7505315127062244,early exposure,FALSE,FALSE
12068426,Temnitztal,20,RP20,2319880.936682777,0.04425283021992129,2319880.9366827765,0.04425283021992129,0.8659393097223558,early exposure,FALSE,FALSE
12068426,Temnitztal,50,RP50,2498137.124341612,0.04765315162581055,2498137.1243416118,0.04765315162581055,0.9324767934588057,early exposure,FALSE,FALSE
12068426,Temnitztal,100,RP100,2519196.7852202817,0.04805487465504734,2519196.7852202817,0.04805487465504734,0.9403377090411109,early exposure,FALSE,FALSE
12068426,Temnitztal,200,RP200,2543568.8163748877,0.04851978271983002,2543568.8163748877,0.04851978271983002,0.9494350292961449,early exposure,FALSE,FALSE
12068426,Temnitztal,500,RP500,2679034.0970045524,0.05110384725935352,2679034.097004552,0.05110384725935352,1,early exposure,FALSE,FALSE
15090546,Tangerhütte,10,RP10,31771492.271339312,0.10699291552633672,31771492.271339312,0.10699291552633672,0.46250660359268025,early exposure,FALSE,FALSE
15090546,Tangerhütte,20,RP20,41436609.796714224,0.1395409335455408,41436609.79671423,0.1395409335455408,0.6032044544146808,early exposure,FALSE,FALSE
15090546,Tangerhütte,50,RP50,47182675.64364224,0.1588912471071021,47182675.64364224,0.1588912471071021,0.6868515609523852,early exposure,FALSE,FALSE
15090546,Tangerhütte,100,RP100,56262575.7536744,0.1894685009912897,56262575.7536744,0.1894685009912897,0.8190302362562238,early exposure,FALSE,FALSE
15090546,Tangerhütte,200,RP200,58227184.006610386,0.19608446863465853,58227184.006610386,0.19608446863465853,0.847629594532991,early exposure,FALSE,FALSE
15090546,Tangerhütte,500,RP500,68694137.60699467,0.2313327305928871,68694137.60699467,0.2313327305928871,1,early exposure,FALSE,FALSE
16073107,Drognitz,10,RP10,930769.232325512,0.03871305565911931,930769.2323255121,0.03871305565911931,0.9335078252324374,early exposure,FALSE,FALSE
16073107,Drognitz,20,RP20,930769.232325512,0.03871305565911931,930769.2323255121,0.03871305565911931,0.9335078252324374,early exposure,FALSE,FALSE
16073107,Drognitz,50,RP50,940769.232325512,0.03912898104980283,940769.2323255119,0.03912898104980283,0.9435372481313881,early exposure,FALSE,FALSE
16073107,Drognitz,100,RP100,980063.4850657788,0.04076332879206409,980063.4850657786,0.04076332879206409,0.9829471159544273,early exposure,FALSE,FALSE
16073107,Drognitz,200,RP200,980063.4850657788,0.04076332879206409,980063.4850657786,0.04076332879206409,0.9829471159544273,early exposure,FALSE,FALSE
16073107,Drognitz,500,RP500,997066.34177786,0.04147052077413493,997066.3417778598,0.04147052077413493,1,early exposure,FALSE,FALSE
12063142,Wiesenaue,10,RP10,15871360.69846768,0.33871958257264656,15871360.69846768,0.33871958257264656,0.9666308833060889,early exposure,FALSE,FALSE
12063142,Wiesenaue,20,RP20,16379256.79446963,0.3495588771294558,16379256.794469628,0.3495588771294558,0.9975638361406545,early exposure,FALSE,FALSE
12063142,Wiesenaue,50,RP50,16419256.79446963,0.35041253949403267,16419256.794469628,0.35041253949403267,1,early exposure,FALSE,FALSE
12063142,Wiesenaue,100,RP100,16419256.79446963,0.35041253949403267,16419256.794469628,0.35041253949403267,1,early exposure,FALSE,FALSE
12063142,Wiesenaue,200,RP200,16419256.79446963,0.35041253949403267,16419256.794469628,0.35041253949403267,1,early exposure,FALSE,FALSE
12063142,Wiesenaue,500,RP500,16419256.79446963,0.35041253949403267,16419256.794469628,0.35041253949403267,1,early exposure,FALSE,FALSE
16073109,Uhlstädt-Kirchhasel,10,RP10,7453835.618111724,0.06124168745680521,7453835.618111724,0.06124168745680521,0.8681676490038458,early exposure,FALSE,FALSE
16073109,Uhlstädt-Kirchhasel,20,RP20,7793835.618111724,0.06403517188577744,7793835.618111723,0.06403517188577744,0.9077683345816268,early exposure,FALSE,FALSE
16073109,Uhlstädt-Kirchhasel,50,RP50,8075709.945152201,0.06635108819023215,8075709.945152201,0.06635108819023215,0.9405989716333284,early exposure,FALSE,FALSE
16073109,Uhlstädt-Kirchhasel,100,RP100,8215709.945152201,0.06750134648451483,8215709.945152201,0.06750134648451483,0.9569051362830029,early exposure,FALSE,FALSE
16073109,Uhlstädt-Kirchhasel,200,RP200,8345709.945152201,0.06856944347206305,8345709.945152201,0.06856944347206305,0.9720465748862722,early exposure,FALSE,FALSE
16073109,Uhlstädt-Kirchhasel,500,RP500,8585709.9451522,0.07054131483369051,8585709.9451522,0.07054131483369051,1,early exposure,FALSE,FALSE
01053082,Lanze,10,RP10,4570089.050347763,0.5054489687859018,4570089.050347763,0.5054489687859018,0.8151907894027072,early exposure,FALSE,FALSE
01053082,Lanze,20,RP20,4570089.050347763,0.5054489687859018,4570089.050347763,0.5054489687859018,0.8151907894027072,early exposure,FALSE,FALSE
01053082,Lanze,50,RP50,4570089.050347763,0.5054489687859018,4570089.050347763,0.5054489687859018,0.8151907894027072,early exposure,FALSE,FALSE
01053082,Lanze,100,RP100,5586145.223027973,0.6178241411407343,5586145.223027973,0.6178241411407343,0.9964300660031589,early exposure,FALSE,FALSE
01053082,Lanze,200,RP200,5606158.8400628045,0.6200376345717128,5606158.840062805,0.6200376345717128,1,early exposure,FALSE,FALSE
01053082,Lanze,500,RP500,5606158.8400628045,0.6200376345717128,5606158.840062805,0.6200376345717128,1,early exposure,FALSE,FALSE
15086015,Burg,10,RP10,60854530.01367893,0.367201784396916,60854530.01367893,0.367201784396916,0.8155356765940694,early exposure,FALSE,FALSE
15086015,Burg,20,RP20,67072558.176357344,0.40472193345159696,67072558.176357344,0.40472193345159696,0.898865936536773,early exposure,FALSE,FALSE
15086015,Burg,50,RP50,69278457.8255732,0.41803253312610794,69278457.8255732,0.41803253312610794,0.9284280720510477,early exposure,FALSE,FALSE
15086015,Burg,100,RP100,70875778.67657346,0.42767091282618697,70875778.67657346,0.42767091282618697,0.9498344018783506,early exposure,FALSE,FALSE
15086015,Burg,200,RP200,73819089.95548345,0.4454311215305904,73819089.95548345,0.4454311215305904,0.9892788829175314,early exposure,FALSE,FALSE
15086015,Burg,500,RP500,74619089.95548345,0.4502583944953393,74619089.95548345,0.4502583944953393,1,early exposure,FALSE,FALSE
01053083,Lauenburg/Elbe,10,RP10,2082730.0837817711,0.21997600358205263,2082730.0837817714,0.21997600358205263,0.8607341319149872,early exposure,FALSE,FALSE
01053083,Lauenburg/Elbe,20,RP20,2082730.0837817711,0.21997600358205263,2082730.0837817714,0.21997600358205263,0.8607341319149872,early exposure,FALSE,FALSE
01053083,Lauenburg/Elbe,50,RP50,2082730.0837817711,0.21997600358205263,2082730.0837817714,0.21997600358205263,0.8607341319149872,early exposure,FALSE,FALSE
01053083,Lauenburg/Elbe,100,RP100,2199713.5986091904,0.2323316930096481,2199713.5986091904,0.2323316930096481,0.9090801489372741,early exposure,FALSE,FALSE
01053083,Lauenburg/Elbe,200,RP200,2419713.5986091904,0.25556788725531704,2419713.5986091904,0.25556788725531704,1,early exposure,FALSE,FALSE
01053083,Lauenburg/Elbe,500,RP500,2419713.5986091904,0.25556788725531704,2419713.5986091904,0.25556788725531704,1,early exposure,FALSE,FALSE
15090535,Stendal,10,RP10,27190862.59265391,0.10090016185230126,27190862.59265391,0.10090016185230126,0.49068370121110405,early exposure,FALSE,FALSE
15090535,Stendal,20,RP20,33462391.403602127,0.12417262222128592,33462391.403602127,0.12417262222128592,0.6038591092630554,early exposure,FALSE,FALSE
15090535,Stendal,50,RP50,38623845.51989755,0.14332580480064755,38623845.51989755,0.14332580480064755,0.6970022157307172,early exposure,FALSE,FALSE
15090535,Stendal,100,RP100,39238629.309207305,0.14560715147121195,39238629.309207305,0.14560715147121195,0.7080965450906324,early exposure,FALSE,FALSE
15090535,Stendal,200,RP200,45686953.580362044,0.16953566644268683,45686953.580362044,0.16953566644268683,0.8244623870788315,early exposure,FALSE,FALSE
15090535,Stendal,500,RP500,55414236.351322666,0.20563177787087644,55414236.351322666,0.20563177787087644,1,early exposure,FALSE,FALSE
12070296,Perleberg,10,RP10,3639628.224146452,0.02625527511419384,3639628.2241464513,0.02625527511419384,0.8159850209741126,early exposure,FALSE,FALSE
12070296,Perleberg,20,RP20,3754757.151291832,0.02708578347099526,3754757.1512918314,0.02708578347099526,0.8417963056015367,early exposure,FALSE,FALSE
12070296,Perleberg,50,RP50,4234757.151291832,0.03054837120762282,4234757.151291831,0.03054837120762282,0.949409717177228,early exposure,FALSE,FALSE
12070296,Perleberg,100,RP100,4320410.584254976,0.03116625147132747,4320410.584254975,0.03116625147132747,0.9686127549570898,early exposure,FALSE,FALSE
12070296,Perleberg,200,RP200,4350410.584254976,0.0313826632048667,4350410.584254976,0.0313826632048667,0.9753385931805707,early exposure,FALSE,FALSE
12070296,Perleberg,500,RP500,4460410.584254976,0.03217617289451052,4460410.584254976,0.03217617289451052,1,early exposure,FALSE,FALSE
12063134,Havelaue,10,RP10,46591203.53550967,0.622977201012298,46591203.53550967,0.622977201012298,0.7988019527450079,early exposure,FALSE,FALSE
12063134,Havelaue,20,RP20,50842588.251621135,0.6798230334847519,50842588.251621135,0.6798230334847519,0.8716915575501688,early exposure,FALSE,FALSE
12063134,Havelaue,50,RP50,50842588.251621135,0.6798230334847519,50842588.251621135,0.6798230334847519,0.8716915575501688,early exposure,FALSE,FALSE
12063134,Havelaue,100,RP100,50856693.80257998,0.6800116406892939,50856693.80257998,0.6800116406892939,0.8719333959401534,early exposure,FALSE,FALSE
12063134,Havelaue,200,RP200,53274054.233877264,0.7123344896618407,53274054.233877264,0.7123344896618407,0.9133788209662975,early exposure,FALSE,FALSE
12063134,Havelaue,500,RP500,58326351.576136455,0.7798894317565142,58326351.576136455,0.7798894317565142,1,early exposure,FALSE,FALSE
14729410,Wurzen,10,RP10,3228355.0262625245,0.04680938324523039,3228355.0262625245,0.04680938324523039,0.8004744520678931,early exposure,FALSE,FALSE
14729410,Wurzen,20,RP20,3489715.1605582424,0.05059896233171537,3489715.160558242,0.05059896233171537,0.8652790068925096,early exposure,FALSE,FALSE
14729410,Wurzen,50,RP50,3591469.3402231196,0.05207434231749452,3591469.340223119,0.05207434231749452,0.8905090762467953,early exposure,FALSE,FALSE
14729410,Wurzen,100,RP100,3681469.34022312,0.05337929312302844,3681469.3402231196,0.05337929312302844,0.9128246828328265,early exposure,FALSE,FALSE
14729410,Wurzen,200,RP200,3847159.3697093255,0.05578170798355024,3847159.3697093255,0.05578170798355024,0.9539077218688493,early exposure,FALSE,FALSE
14729410,Wurzen,500,RP500,4033051.920548624,0.05847704836088909,4033051.9205486244,0.05847704836088909,1,early exposure,FALSE,FALSE
15088205,Leuna,10,RP10,14051750.816943867,0.16039781750589596,14051750.816943867,0.16039781750589596,0.734870219002578,early exposure,FALSE,FALSE
15088205,Leuna,20,RP20,14741261.268020526,0.16826843611712575,14741261.268020524,0.16826843611712575,0.7709298319852023,early exposure,FALSE,FALSE
15088205,Leuna,50,RP50,16357012.093629358,0.1867118962550968,16357012.093629356,0.1867118962550968,0.8554294205800277,early exposure,FALSE,FALSE
15088205,Leuna,100,RP100,18166033.418788977,0.20736149900974732,18166033.418788977,0.20736149900974732,0.9500365563539821,early exposure,FALSE,FALSE
15088205,Leuna,200,RP200,18529886.92181139,0.21151481118678203,18529886.921811394,0.21151481118678203,0.9690651533547573,early exposure,FALSE,FALSE
15088205,Leuna,500,RP500,19121404.642054994,0.2182668631253014,19121404.642054997,0.2182668631253014,1,early exposure,FALSE,FALSE
09475113,Berg,10,RP10,573581.650249722,0.01480913619292488,573581.6502497217,0.01480913619292488,0.4301002167018415,early exposure,FALSE,FALSE
09475113,Berg,20,RP20,701892.2116395575,0.01812194889846636,701892.2116395575,0.01812194889846636,0.5263138947978487,early exposure,FALSE,FALSE
09475113,Berg,50,RP50,1072233.9896849394,0.0276836945132646,1072233.9896849392,0.0276836945132646,0.8040146875650441,early exposure,FALSE,FALSE
09475113,Berg,100,RP100,1201638.1278570266,0.03102474195661321,1201638.1278570264,0.03102474195661321,0.9010483842422276,early exposure,FALSE,FALSE
09475113,Berg,200,RP200,1249725.127872774,0.0322662860890525,1249725.127872774,0.0322662860890525,0.9371064225673902,early exposure,FALSE,FALSE
09475113,Berg,500,RP500,1333600.0029205887,0.03443182685767169,1333600.0029205887,0.03443182685767169,1,early exposure,FALSE,FALSE
12068425,Temnitzquell,10,RP10,0,0,0,0,0,delayed jump,FALSE,TRUE
12068425,Temnitzquell,20,RP20,0,0,0,0,0,delayed jump,FALSE,TRUE
12068425,Temnitzquell,50,RP50,0,0,0,0,0,delayed jump,FALSE,TRUE
12068425,Temnitzquell,100,RP100,4166.777733461204,6.331054346477773e-5,4166.777733461204,6.331054346477773e-5,0.42577962124731156,delayed jump,FALSE,TRUE
12068425,Temnitzquell,200,RP200,9786.231011373264,1.4869322134138536e-4,9786.231011373264,1.4869322134138536e-4,1,delayed jump,FALSE,TRUE
12068425,Temnitzquell,500,RP500,9786.231011373264,1.4869322134138536e-4,9786.231011373264,1.4869322134138536e-4,1,delayed jump,FALSE,TRUE
14628030,Bad Schandau,10,RP10,2338235.073225403,0.04899644141853858,2338235.073225403,0.04899644141853858,0.8348556570458939,early exposure,FALSE,FALSE
14628030,Bad Schandau,20,RP20,2472247.020713467,0.05180458873001731,2472247.0207134667,0.05180458873001731,0.8827039823718061,early exposure,FALSE,FALSE
14628030,Bad Schandau,50,RP50,2582630.01722282,0.05411760425356467,2582630.01722282,0.05411760425356467,0.9221157036879147,early exposure,FALSE,FALSE
14628030,Bad Schandau,100,RP100,2662036.318706985,0.05578152001784448,2662036.3187069846,0.05578152001784448,0.9504673441017683,early exposure,FALSE,FALSE
14628030,Bad Schandau,200,RP200,2732036.318706985,0.05724833186177369,2732036.3187069846,0.05724833186177369,0.9754605095291431,early exposure,FALSE,FALSE
14628030,Bad Schandau,500,RP500,2800765.681458232,0.05868851819476278,2800765.681458232,0.05868851819476278,1,early exposure,FALSE,FALSE
12063161,Kleßen-Görne,10,RP10,5487844.542772218,0.13048086786604474,5487844.542772217,0.13048086786604474,0.37833585451127716,early exposure,FALSE,FALSE
12063161,Kleßen-Görne,20,RP20,9733771.968392272,0.23143348980589348,9733771.968392272,0.23143348980589348,0.6710530713064444,early exposure,FALSE,FALSE
12063161,Kleßen-Görne,50,RP50,11021320.635850975,0.26204668707130196,11021320.635850977,0.26204668707130196,0.7598175801279299,early exposure,FALSE,FALSE
12063161,Kleßen-Görne,100,RP100,14055213.862553049,0.33418156956435224,14055213.862553049,0.33418156956435224,0.9689763085638616,early exposure,FALSE,FALSE
12063161,Kleßen-Görne,200,RP200,14075213.862553049,0.33465709640134295,14075213.86255305,0.33465709640134295,0.9703551226011856,early exposure,FALSE,FALSE
12063161,Kleßen-Görne,500,RP500,14505219.310660494,0.34488105293270704,14505219.310660494,0.34488105293270704,1,early exposure,FALSE,FALSE
12063165,Kotzen,10,RP10,0,0,0,0,0,early exposure,FALSE,FALSE
12063165,Kotzen,20,RP20,24589.5176522968,5.761551155904931e-4,24589.5176522968,5.761551155904931e-4,0.019994343756618987,early exposure,FALSE,FALSE
12063165,Kotzen,50,RP50,1016610.950631961,0.02382013376814687,1016610.9506319609,0.02382013376814687,0.8266314573998989,early exposure,FALSE,FALSE
12063165,Kotzen,100,RP100,1229823.6917206454,0.02881590526819671,1229823.6917206454,0.02881590526819671,1,early exposure,FALSE,FALSE
12063165,Kotzen,200,RP200,1229823.6917206454,0.02881590526819671,1229823.6917206454,0.02881590526819671,1,early exposure,FALSE,FALSE
12063165,Kotzen,500,RP500,1229823.6917206454,0.02881590526819671,1229823.6917206454,0.02881590526819671,1,early exposure,FALSE,FALSE
15085160,Hedersleben,10,RP10,1075574.4732897668,0.06517539493675653,1075574.4732897668,0.06517539493675653,0.7320891777472854,early exposure,FALSE,FALSE
15085160,Hedersleben,20,RP20,1357377.5746994454,0.08225150531766044,1357377.5746994454,0.08225150531766044,0.9238983047960514,early exposure,FALSE,FALSE
15085160,Hedersleben,50,RP50,1459185.0473728098,0.08842061996641612,1459185.0473728098,0.08842061996641612,0.9931935054621731,early exposure,FALSE,FALSE
15085160,Hedersleben,100,RP100,1469185.0473728098,0.08902657888934788,1469185.0473728098,0.08902657888934788,1,early exposure,FALSE,FALSE
15085160,Hedersleben,200,RP200,1469185.0473728098,0.08902657888934788,1469185.0473728098,0.08902657888934788,1,early exposure,FALSE,FALSE
15085160,Hedersleben,500,RP500,1469185.0473728098,0.08902657888934788,1469185.0473728098,0.08902657888934788,1,early exposure,FALSE,FALSE
14729400,Trebsen/Mulde,10,RP10,2108883.2219602405,0.05998215738805787,2108883.2219602405,0.05998215738805787,0.5927329254775544,early exposure,FALSE,FALSE
14729400,Trebsen/Mulde,20,RP20,3175677.3579706815,0.09032457421821172,3175677.3579706815,0.09032457421821172,0.8925712486882693,early exposure,FALSE,FALSE
14729400,Trebsen/Mulde,50,RP50,3197301.5177251296,0.090939621908036,3197301.51772513,0.090939621908036,0.8986490396910042,early exposure,FALSE,FALSE
14729400,Trebsen/Mulde,100,RP100,3305459.211072227,0.09401590973541252,3305459.2110722265,0.09401590973541252,0.9290483644724583,early exposure,FALSE,FALSE
14729400,Trebsen/Mulde,200,RP200,3385490.9880521935,0.09629222290101122,3385490.988052193,0.09629222290101122,0.9515424830687498,early exposure,FALSE,FALSE
14729400,Trebsen/Mulde,500,RP500,3557897.885057003,0.10119592620863994,3557897.885057003,0.10119592620863994,1,early exposure,FALSE,FALSE
12063148,Ketzin/Havel,10,RP10,10400418.808778876,0.11075863630850669,10400418.808778875,0.11075863630850669,0.630711734335308,early exposure,FALSE,FALSE
12063148,Ketzin/Havel,20,RP20,10400418.808778876,0.11075863630850669,10400418.808778875,0.11075863630850669,0.630711734335308,early exposure,FALSE,FALSE
12063148,Ketzin/Havel,50,RP50,10400418.808778876,0.11075863630850669,10400418.808778875,0.11075863630850669,0.630711734335308,early exposure,FALSE,FALSE
12063148,Ketzin/Havel,100,RP100,11960291.722632335,0.12737040934664182,11960291.722632337,0.12737040934664182,0.7253069779430702,early exposure,FALSE,FALSE
12063148,Ketzin/Havel,200,RP200,15337061.471297557,0.16333111625339483,15337061.471297557,0.16333111625339483,0.9300841454580869,early exposure,FALSE,FALSE
12063148,Ketzin/Havel,500,RP500,16489971.951670798,0.1756089672649464,16489971.9516708,0.1756089672649464,1,early exposure,FALSE,FALSE
14627180,Nossen,10,RP10,1954986.017829924,0.01560932738211942,1954986.0178299232,0.01560932738211942,0.8747195741869257,early exposure,FALSE,TRUE
14627180,Nossen,20,RP20,2024986.017829924,0.01616823312711356,2024986.0178299232,0.01616823312711356,0.9060396806401942,early exposure,FALSE,TRUE
14627180,Nossen,50,RP50,2104986.017829924,0.01680698254996401,2104986.017829924,0.01680698254996401,0.9418340880153586,early exposure,FALSE,TRUE
14627180,Nossen,100,RP100,2124986.017829924,0.01696666990567662,2124986.0178299234,0.01696666990567662,0.9507826898591496,early exposure,FALSE,TRUE
14627180,Nossen,200,RP200,2124986.017829924,0.01696666990567662,2124986.0178299234,0.01696666990567662,0.9507826898591496,early exposure,FALSE,TRUE
14627180,Nossen,500,RP500,2234986.017829924,0.01784495036209598,2234986.0178299234,0.01784495036209598,1,early exposure,FALSE,TRUE
15086055,Gommern,10,RP10,16484037.837484945,0.10202629286863377,16484037.837484945,0.10202629286863377,0.8940448511701424,early exposure,FALSE,FALSE
15086055,Gommern,20,RP20,16912109.474347334,0.1046757991741799,16912109.474347334,0.1046757991741799,0.9172621749012548,early exposure,FALSE,FALSE
15086055,Gommern,50,RP50,17879699.045822516,0.1106645974267217,17879699.045822516,0.1106645974267217,0.969741335829661,early exposure,FALSE,FALSE
15086055,Gommern,100,RP100,18361802.298115637,0.11364852697701226,18361802.298115637,0.11364852697701226,0.9958891725851008,early exposure,FALSE,FALSE
15086055,Gommern,200,RP200,18415999.46607109,0.11398397489244348,18415999.46607109,0.11398397489244348,0.998828664682625,early exposure,FALSE,FALSE
15086055,Gommern,500,RP500,18437596.0735195,0.11411764492027426,18437596.0735195,0.11411764492027426,1,early exposure,FALSE,FALSE
16055000,Weimar,10,RP10,1337040.78040483,0.01585131367968545,1337040.7804048297,0.01585131367968545,0.7572217038176013,early exposure,FALSE,FALSE
16055000,Weimar,20,RP20,1605719.0406244546,0.01903663416060893,1605719.040624454,0.01903663416060893,0.909385357285712,early exposure,FALSE,FALSE
16055000,Weimar,50,RP50,1655719.0406244546,0.019629410159366652,1655719.0406244544,0.019629410159366652,0.9377024331339272,early exposure,FALSE,FALSE
16055000,Weimar,100,RP100,1655719.0406244546,0.019629410159366652,1655719.0406244544,0.019629410159366652,0.9377024331339272,early exposure,FALSE,FALSE
16055000,Weimar,200,RP200,1765719.0406244546,0.02093351735663363,1765719.0406244542,0.02093351735663363,1,early exposure,FALSE,FALSE
16055000,Weimar,500,RP500,1765719.0406244546,0.02093351735663363,1765719.0406244542,0.02093351735663363,1,early exposure,FALSE,FALSE
15086035,Elbe-Parey,10,RP10,22960498.719568115,0.21031201972741473,22960498.719568115,0.21031201972741473,0.3893773044531288,early exposure,FALSE,FALSE
15086035,Elbe-Parey,20,RP20,31404012.870311897,0.2876523482772701,31404012.870311897,0.2876523482772701,0.5325672595269925,early exposure,FALSE,FALSE
15086035,Elbe-Parey,50,RP50,47694358.11746698,0.4368675483837998,47694358.11746698,0.4368675483837998,0.8088282762592717,early exposure,FALSE,FALSE
15086035,Elbe-Parey,100,RP100,53521913.174726464,0.4902463921595419,53521913.174726464,0.4902463921595419,0.9076552968506858,early exposure,FALSE,FALSE
15086035,Elbe-Parey,200,RP200,58359233.53835323,0.5345549513144814,58359233.53835322,0.5345549513144814,0.9896893496371771,early exposure,FALSE,FALSE
15086035,Elbe-Parey,500,RP500,58967223.96754889,0.5401239808334309,58967223.96754889,0.5401239808334309,1,early exposure,FALSE,FALSE
15090550,Tangermünde,10,RP10,37707726.803952895,0.4156553790253346,37707726.80395289,0.4156553790253346,0.8229167479923704,early exposure,FALSE,FALSE
15090550,Tangermünde,20,RP20,42395184.57502749,0.4673256122014437,42395184.575027496,0.4673256122014437,0.925213752672056,early exposure,FALSE,FALSE
15090550,Tangermünde,50,RP50,42996869.29974229,0.4739580324904033,42996869.29974229,0.4739580324904033,0.9383446539208441,early exposure,FALSE,FALSE
15090550,Tangermünde,100,RP100,43892019.80622642,0.4838253502683176,43892019.80622642,0.4838253502683176,0.9578800225626477,early exposure,FALSE,FALSE
15090550,Tangermünde,200,RP200,44707363.717475384,0.49281295337226977,44707363.717475384,0.49281295337226977,0.9756737273762204,early exposure,FALSE,FALSE
15090550,Tangermünde,500,RP500,45822043.23334844,0.5051001575060766,45822043.23334843,0.5051001575060766,1,early exposure,FALSE,FALSE
15087370,Sangerhausen,10,RP10,3658931.2151256264,0.01745996541124739,3658931.215125625,0.01745996541124739,0.7021970286926591,early exposure,FALSE,FALSE
15087370,Sangerhausen,20,RP20,4356054.391494364,0.02078655064369462,4356054.391494364,0.02078655064369462,0.8359841359919992,early exposure,FALSE,FALSE
15087370,Sangerhausen,50,RP50,4999050.922139097,0.02385485024391644,4999050.922139096,0.02385485024391644,0.9593836280108501,early exposure,FALSE,FALSE
15087370,Sangerhausen,100,RP100,5047940.642144322,0.02408814591690643,5047940.642144322,0.02408814591690643,0.9687662083609175,early exposure,FALSE,FALSE
15087370,Sangerhausen,200,RP200,5168204.779515309,0.02466203144665636,5168204.779515307,0.02466203144665636,0.9918464782416654,early exposure,FALSE,FALSE
15087370,Sangerhausen,500,RP500,5210690.255892672,0.02486476686430035,5210690.255892671,0.02486476686430035,1,early exposure,FALSE,FALSE
14729430,Zwenkau,10,RP10,6331561.177210902,0.13657711905550482,6331561.177210902,0.13657711905550482,0.7090770129240664,early exposure,FALSE,FALSE
14729430,Zwenkau,20,RP20,6853703.538447054,0.14784017052709875,6853703.538447053,0.14784017052709875,0.7675521876027928,early exposure,FALSE,FALSE
14729430,Zwenkau,50,RP50,7768198.970437765,0.16756660891961694,7768198.970437765,0.16756660891961694,0.8699673220537756,early exposure,FALSE,FALSE
14729430,Zwenkau,100,RP100,8325885.852133479,0.17959638570060998,8325885.852133479,0.17959638570060998,0.9324231583241486,early exposure,FALSE,FALSE
14729430,Zwenkau,200,RP200,8665230.059667679,0.18691632669715427,8665230.059667679,0.18691632669715427,0.9704266096526296,early exposure,FALSE,FALSE
14729430,Zwenkau,500,RP500,8929299.725993142,0.1926125323006777,8929299.725993142,0.1926125323006777,1,early exposure,FALSE,FALSE
14627170,Niederau,10,RP10,0,0,0,0,0,early exposure,FALSE,FALSE
14627170,Niederau,20,RP20,0,0,0,0,0,early exposure,FALSE,FALSE
14627170,Niederau,50,RP50,1353766.351600391,0.03825855461686336,1353766.351600391,0.03825855461686336,0.650981611628564,early exposure,FALSE,FALSE
14627170,Niederau,100,RP100,1679860.380223781,0.04747424105313227,1679860.380223781,0.04747424105313227,0.8077894803163562,early exposure,FALSE,FALSE
14627170,Niederau,200,RP200,2079576.9456738827,0.05877056115479473,2079576.9456738827,0.05877056115479473,1,early exposure,FALSE,FALSE
14627170,Niederau,500,RP500,2079576.9456738827,0.05877056115479473,2079576.9456738827,0.05877056115479473,1,early exposure,FALSE,FALSE
12071164,Guhrow,10,RP10,424432.3854707355,0.06395748873218275,424432.3854707355,0.06395748873218275,0.26321177513338884,early exposure,FALSE,FALSE
12071164,Guhrow,20,RP20,869402.2637969165,0.1310097612576253,869402.2637969165,0.1310097612576253,0.5391598779748427,early exposure,FALSE,FALSE
12071164,Guhrow,50,RP50,1399255.001208838,0.2108529863337564,1399255.001208838,0.2108529863337564,0.8677480921347944,early exposure,FALSE,FALSE
12071164,Guhrow,100,RP100,1499255.001208838,0.22592193274821248,1499255.001208838,0.22592193274821248,0.9297630995055121,early exposure,FALSE,FALSE
12071164,Guhrow,200,RP200,1516307.2931900865,0.22849153348930337,1516307.2931900865,0.22849153348930337,0.9403380796345594,early exposure,FALSE,FALSE
12071164,Guhrow,500,RP500,1612512.910015687,0.2429887063364501,1612512.9100156873,0.2429887063364501,1,early exposure,FALSE,FALSE
15086040,Genthin,10,RP10,0,0,0,0,0,delayed jump,FALSE,FALSE
15086040,Genthin,20,RP20,0,0,0,0,0,delayed jump,FALSE,FALSE
15086040,Genthin,50,RP50,49782.88366018518,2.142620200447126e-4,49782.88366018519,2.142620200447126e-4,0.00206684552352373,delayed jump,FALSE,FALSE
15086040,Genthin,100,RP100,4836842.457139838,0.02081742878895653,4836842.457139838,0.02081742878895653,0.20081211544047795,delayed jump,FALSE,FALSE
15086040,Genthin,200,RP200,17127884.289197408,0.07371720593659725,17127884.28919741,0.07371720593659725,0.7111016551833953,delayed jump,FALSE,FALSE
15086040,Genthin,500,RP500,24086407.56824012,0.10366619933908797,24086407.568240125,0.10366619933908797,1,delayed jump,FALSE,FALSE
12069306,Kloster Lehnin,10,RP10,9531130.596809182,0.04743740843468796,9531130.59680918,0.04743740843468796,0.3949606454566231,early exposure,FALSE,FALSE
12069306,Kloster Lehnin,20,RP20,18478228.658074364,0.09196802741283212,18478228.658074368,0.09196802741283212,0.7657195590344125,early exposure,FALSE,FALSE
12069306,Kloster Lehnin,50,RP50,19784502.59319812,0.09846948592907548,19784502.59319812,0.09846948592907548,0.8198502617164597,early exposure,FALSE,FALSE
12069306,Kloster Lehnin,100,RP100,22965788.168046076,0.11430306848558412,22965788.16804608,0.11430306848558412,0.9516795962598807,early exposure,FALSE,FALSE
12069306,Kloster Lehnin,200,RP200,23636207.01149688,0.11763981140144908,23636207.01149688,0.11763981140144908,0.9794610914818912,early exposure,FALSE,FALSE
12069306,Kloster Lehnin,500,RP500,24131848.847345337,0.12010667133644284,24131848.847345337,0.12010667133644284,1,early exposure,FALSE,FALSE
12063189,Milower Land,10,RP10,54537461.8620367,0.3380640647428705,54537461.862036705,0.3380640647428705,0.8337590942562576,early exposure,FALSE,FALSE
12063189,Milower Land,20,RP20,55771837.83457391,0.3457156521921086,55771837.83457391,0.3457156521921086,0.8526300163288286,early exposure,FALSE,FALSE
12063189,Milower Land,50,RP50,56303228.318131134,0.34900960868923125,56303228.318131134,0.34900960868923125,0.8607538202819326,early exposure,FALSE,FALSE
12063189,Milower Land,100,RP100,57498778.45823397,0.3564205245288702,57498778.45823397,0.3564205245288702,0.8790311798787486,early exposure,FALSE,FALSE
12063189,Milower Land,200,RP200,63110947.05522007,0.3912089518436385,63110947.05522007,0.3912089518436385,0.9648290231680732,early exposure,FALSE,FALSE
12063189,Milower Land,500,RP500,65411534.62402233,0.4054697178978725,65411534.624022335,0.4054697178978725,1,early exposure,FALSE,FALSE
15085185,Huy,10,RP10,3264977.1467151316,0.01946285379732864,3264977.14671513,0.01946285379732864,0.41092277267691074,early exposure,FALSE,FALSE
15085185,Huy,20,RP20,3960423.347799968,0.02360847783308633,3960423.3477999675,0.02360847783308633,0.4984500870671268,early exposure,FALSE,FALSE
15085185,Huy,50,RP50,6193062.104279517,0.03691745971779243,6193062.104279517,0.03691745971779243,0.7794450426126925,early exposure,FALSE,FALSE
15085185,Huy,100,RP100,7126269.9138673935,0.04248040437080713,7126269.913867392,0.04248040437080713,0.8968965050173863,early exposure,FALSE,FALSE
15085185,Huy,200,RP200,7545356.757857725,0.0449786227675803,7545356.757857725,0.0449786227675803,0.9496418444750254,early exposure,FALSE,FALSE
15085185,Huy,500,RP500,7945476.288514748,0.04736377512139335,7945476.288514748,0.04736377512139335,1,early exposure,FALSE,FALSE
13076125,Siggelkow,10,RP10,3296840.7914722036,0.05940655933553407,3296840.7914722036,0.05940655933553407,0.48279109279045984,early exposure,FALSE,FALSE
13076125,Siggelkow,20,RP20,3727659.9907827647,0.06716959308376107,3727659.9907827643,0.06716959308376107,0.5458804820531352,early exposure,FALSE,FALSE
13076125,Siggelkow,50,RP50,4841108.385126639,0.08723308485950647,4841108.385126639,0.08723308485950647,0.7089344482809109,early exposure,FALSE,FALSE
13076125,Siggelkow,100,RP100,5349835.389976823,0.09639995790881908,5349835.389976824,0.09639995790881908,0.7834326974044186,early exposure,FALSE,FALSE
13076125,Siggelkow,200,RP200,6458463.39757652,0.11637658998788793,6458463.39757652,0.11637658998788793,0.9457807636718705,early exposure,FALSE,FALSE
13076125,Siggelkow,500,RP500,6828710.886973826,0.1230481676705614,6828710.886973825,0.1230481676705614,1,early exposure,FALSE,FALSE
15088216,Wettin-Löbejün,10,RP10,8328657.415718851,0.06523951916123143,8328657.415718852,0.06523951916123143,0.848753971260239,early exposure,FALSE,FALSE
15088216,Wettin-Löbejün,20,RP20,8964293.207706688,0.07021854175287873,8964293.207706688,0.07021854175287873,0.9135301261428516,early exposure,FALSE,FALSE
15088216,Wettin-Löbejün,50,RP50,9154245.09720266,0.07170646103157258,9154245.09720266,0.07170646103157258,0.9328876783281309,early exposure,FALSE,FALSE
15088216,Wettin-Löbejün,100,RP100,9566169.77412719,0.07493312368700639,9566169.77412719,0.07493312368700639,0.974865957413057,early exposure,FALSE,FALSE
15088216,Wettin-Löbejün,200,RP200,9596037.81920167,0.07516708419248565,9596037.81920167,0.07516708419248565,0.9779097399347035,early exposure,FALSE,FALSE
15088216,Wettin-Löbejün,500,RP500,9812805.238899056,0.07686505320777832,9812805.238899056,0.07686505320777832,1,early exposure,FALSE,FALSE
13076126,Spornitz,10,RP10,1775025.47680384,0.03637158636112429,1775025.4768038397,0.03637158636112429,0.26936522017120723,early exposure,FALSE,FALSE
13076126,Spornitz,20,RP20,2988984.9720924264,0.06124651531217233,2988984.9720924264,0.06124651531217233,0.4535870643084195,early exposure,FALSE,FALSE
13076126,Spornitz,50,RP50,4805066.205672172,0.0984593645299205,4805066.205672172,0.0984593645299205,0.7291826136257472,early exposure,FALSE,FALSE
13076126,Spornitz,100,RP100,5618867.872400037,0.11513476327152994,5618867.872400037,0.11513476327152994,0.8526793566294376,early exposure,FALSE,FALSE
13076126,Spornitz,200,RP200,5967980.643018659,0.12228834244673736,5967980.643018659,0.12228834244673736,0.9056582234407434,early exposure,FALSE,FALSE
13076126,Spornitz,500,RP500,6589660.9654195225,0.1350270325842612,6589660.9654195225,0.1350270325842612,1,early exposure,FALSE,FALSE
12071176,Heinersbrück,10,RP10,666630.9510184868,0.02773375116373101,666630.9510184868,0.02773375116373101,0.5672447380445318,early exposure,FALSE,FALSE
12071176,Heinersbrück,20,RP20,759855.7771134174,0.03161217013790073,759855.7771134174,0.03161217013790073,0.6465709259100566,early exposure,FALSE,FALSE
12071176,Heinersbrück,50,RP50,919855.7771134174,0.03826862702670471,919855.7771134172,0.03826862702670471,0.7827169568563576,early exposure,FALSE,FALSE
12071176,Heinersbrück,100,RP100,1029855.7771134174,0.04284494113775746,1029855.7771134175,0.04284494113775746,0.8763173531319399,early exposure,FALSE,FALSE
12071176,Heinersbrück,200,RP200,1149855.7771134174,0.04783728380436045,1149855.7771134174,0.04783728380436045,0.9784268763416656,early exposure,FALSE,FALSE
12071176,Heinersbrück,500,RP500,1175208.6997167575,0.04889203778132493,1175208.6997167573,0.04889203778132493,1,early exposure,FALSE,FALSE
12068477,Wusterhausen/Dosse,10,RP10,13343128.261241918,0.0679368692082026,13343128.261241918,0.0679368692082026,0.5794919908327428,early exposure,FALSE,FALSE
12068477,Wusterhausen/Dosse,20,RP20,15986438.492772857,0.0813953489560025,15986438.492772855,0.0813953489560025,0.6942909404094929,early exposure,FALSE,FALSE
12068477,Wusterhausen/Dosse,50,RP50,18179167.557621837,0.09255968349368196,18179167.55762184,0.09255968349368196,0.7895211522659658,early exposure,FALSE,FALSE
12068477,Wusterhausen/Dosse,100,RP100,21005841.852732368,0.10695176592902224,21005841.852732368,0.10695176592902224,0.9122836021681657,early exposure,FALSE,FALSE
12068477,Wusterhausen/Dosse,200,RP200,22328259.043712385,0.11368488592781974,22328259.043712385,0.11368488592781974,0.9697161738791362,early exposure,FALSE,FALSE
12068477,Wusterhausen/Dosse,500,RP500,23025561.13341195,0.11723521685015148,23025561.13341195,0.11723521685015148,1,early exposure,FALSE,FALSE
12062282,Kremitzaue,10,RP10,481796.3098350795,0.02044918154389778,481796.3098350794,0.02044918154389778,0.9885295318363272,early exposure,FALSE,FALSE
12062282,Kremitzaue,20,RP20,487386.8653575557,0.0206864649818915,487386.8653575555,0.0206864649818915,1,early exposure,FALSE,FALSE
12062282,Kremitzaue,50,RP50,487386.8653575557,0.0206864649818915,487386.8653575555,0.0206864649818915,1,early exposure,FALSE,FALSE
12062282,Kremitzaue,100,RP100,487386.8653575557,0.0206864649818915,487386.8653575555,0.0206864649818915,1,early exposure,FALSE,FALSE
12062282,Kremitzaue,200,RP200,487386.8653575557,0.0206864649818915,487386.8653575555,0.0206864649818915,1,early exposure,FALSE,FALSE
12062282,Kremitzaue,500,RP500,487386.8653575557,0.0206864649818915,487386.8653575555,0.0206864649818915,1,early exposure,FALSE,FALSE
12065332,Velten,10,RP10,1389449.4609657784,0.05913129321280433,1389449.4609657787,0.05913129321280433,0.3926849989698198,early exposure,FALSE,FALSE
12065332,Velten,20,RP20,1447053.854423749,0.06158278380357502,1447053.8544237493,0.06158278380357502,0.40896510258004926,early exposure,FALSE,FALSE
12065332,Velten,50,RP50,3143856.6270886497,0.13379422084642173,3143856.62708865,0.13379422084642173,0.8885140273554534,early exposure,FALSE,FALSE
12065332,Velten,100,RP100,3284463.9485948286,0.13977809646725203,3284463.948594829,0.13977809646725203,0.9282523463457855,early exposure,FALSE,FALSE
12065332,Velten,200,RP200,3446175.184418219,0.14666009885014644,3446175.1844182196,0.14666009885014644,0.9739550352572466,early exposure,FALSE,FALSE
12065332,Velten,500,RP500,3538330.8876348645,0.15058200177733025,3538330.887634865,0.15058200177733025,1,early exposure,FALSE,FALSE
03357002,Alfstedt,10,RP10,0,0,0,0,0,delayed jump,FALSE,FALSE
03357002,Alfstedt,20,RP20,0,0,0,0,0,delayed jump,FALSE,FALSE
03357002,Alfstedt,50,RP50,0,0,0,0,0,delayed jump,FALSE,FALSE
03357002,Alfstedt,100,RP100,176672.1546488688,0.01094647314054813,176672.15464886872,0.01094647314054813,0.16225294060080422,delayed jump,FALSE,FALSE
03357002,Alfstedt,200,RP200,499953.1431565522,0.03097671879291169,499953.14315655216,0.03097671879291169,0.4591491387026272,delayed jump,FALSE,FALSE
03357002,Alfstedt,500,RP500,1088868.7378772416,0.06746548383045992,1088868.7378772416,0.06746548383045992,1,delayed jump,FALSE,FALSE
03357008,Bremervörde,10,RP10,14293216.036993546,0.09532735615227292,14293216.036993545,0.09532735615227292,0.5315238915724058,early exposure,FALSE,FALSE
03357008,Bremervörde,20,RP20,16800962.601815995,0.11205255286837548,16800962.601816,0.11205255286837548,0.6247798256996095,early exposure,FALSE,FALSE
03357008,Bremervörde,50,RP50,19210132.56378311,0.12812030154029044,19210132.56378311,0.12812030154029044,0.7143699774422158,early exposure,FALSE,FALSE
03357008,Bremervörde,100,RP100,21099856.552001573,0.14072365065277517,21099856.552001573,0.14072365065277517,0.7846434166469364,early exposure,FALSE,FALSE
03357008,Bremervörde,200,RP200,25866397.25265163,0.17251367760046468,25866397.25265163,0.17251367760046468,0.9618974549256922,early exposure,FALSE,FALSE
03357008,Bremervörde,500,RP500,26891013.29896942,0.17934726484310282,26891013.29896942,0.17934726484310282,1,early exposure,FALSE,FALSE
15088220,Merseburg,10,RP10,9320882.82299635,0.17134191807342308,9320882.82299635,0.17134191807342308,0.9152648704394304,early exposure,FALSE,FALSE
15088220,Merseburg,20,RP20,9527846.521845557,0.1751464457995847,9527846.521845555,0.1751464457995847,0.9355876882035945,early exposure,FALSE,FALSE
15088220,Merseburg,50,RP50,9948745.08052265,0.18288364920913144,9948745.080522653,0.18288364920913144,0.9769178574688162,early exposure,FALSE,FALSE
15088220,Merseburg,100,RP100,10066723.239363438,0.1850523927080496,10066723.239363438,0.1850523927080496,0.9885027326696593,early exposure,FALSE,FALSE
15088220,Merseburg,200,RP200,10106723.239363438,0.18578769609648269,10106723.239363438,0.18578769609648269,0.9924305360239996,early exposure,FALSE,FALSE
15088220,Merseburg,500,RP500,10183809.216365175,0.187204735598734,10183809.216365175,0.187204735598734,1,early exposure,FALSE,FALSE
14627190,Nünchritz,10,RP10,2405421.0738576245,0.07726507426841396,2405421.0738576245,0.07726507426841396,0.5785426919836926,early exposure,FALSE,FALSE
14627190,Nünchritz,20,RP20,3291424.833753549,0.10572460139838394,3291424.8337535486,0.10572460139838394,0.791640933255774,early exposure,FALSE,FALSE
14627190,Nünchritz,50,RP50,3491424.83375355,0.11214884662581125,3491424.8337535504,0.11214884662581125,0.8397441695890182,early exposure,FALSE,FALSE
14627190,Nünchritz,100,RP100,3761424.83375355,0.12082157768283804,3761424.83375355,0.12082157768283804,0.9046835386388973,early exposure,FALSE,FALSE
14627190,Nünchritz,200,RP200,3887724.412022175,0.12487847499742948,3887724.412022175,0.12487847499742948,0.9350606309501207,early exposure,FALSE,FALSE
14627190,Nünchritz,500,RP500,4157724.412022175,0.13355120605445628,4157724.412022175,0.13355120605445628,1,early exposure,FALSE,FALSE
13076114,Plau am See,10,RP10,15811868.501942798,0.1360395739806234,15811868.501942804,0.1360395739806234,0.670044980210146,early exposure,TRUE,FALSE
13076114,Plau am See,20,RP20,19160145.04863005,0.16484692934945153,19160145.048630055,0.16484692934945153,0.8119318098525438,early exposure,TRUE,FALSE
13076114,Plau am See,50,RP50,23265467.21077633,0.20016763024719617,23265467.21077633,0.20016763024719617,0.9858992638921211,early exposure,TRUE,FALSE
13076114,Plau am See,100,RP100,23586463.806429207,0.20292936837551936,23586463.80642921,0.20292936837551936,0.9995018408143446,early exposure,TRUE,FALSE
13076114,Plau am See,200,RP200,23598219.476226404,0.20303050988898888,23598219.476226404,0.20303050988898888,1,early exposure,TRUE,FALSE
13076114,Plau am See,500,RP500,23588889.895719953,0.2029502415666613,23598219.476226404,0.20303050988898888,1,early exposure,TRUE,FALSE
13076119,Redefin,10,RP10,1152139.3806457326,0.06469079407882469,1152139.3806457326,0.06469079407882469,0.3043732041340645,early exposure,FALSE,FALSE
13076119,Redefin,20,RP20,1596164.4800383665,0.089622097316233,1596164.4800383665,0.089622097316233,0.42167614897597777,early exposure,FALSE,FALSE
13076119,Redefin,50,RP50,2573857.756905938,0.14451802007398415,2573857.756905938,0.14451802007398415,0.67996402658826,early exposure,FALSE,FALSE
13076119,Redefin,100,RP100,3038944.963592373,0.17063192714274986,3038944.963592373,0.17063192714274986,0.8028311776282434,early exposure,FALSE,FALSE
13076119,Redefin,200,RP200,3637136.071606935,0.20421940660783464,3637136.0716069355,0.20421940660783464,0.9608618354544286,early exposure,FALSE,FALSE
13076119,Redefin,500,RP500,3785285.186071308,0.21253774379669416,3785285.186071308,0.21253774379669416,1,early exposure,FALSE,FALSE
12068468,Wittstock/Dosse,10,RP10,756724.6041635703,0.00179989612178812,756724.6041635679,0.00179989612178812,0.767516462468271,early exposure,FALSE,TRUE
12068468,Wittstock/Dosse,20,RP20,917029.6909269912,0.00218118741637648,917029.6909269898,0.00218118741637648,0.9301077042904229,early exposure,FALSE,TRUE
12068468,Wittstock/Dosse,50,RP50,985939.2484299344,0.00234509122579573,985939.2484299329,0.00234509122579573,1,early exposure,FALSE,TRUE
12068468,Wittstock/Dosse,100,RP100,985939.2484299344,0.00234509122579573,985939.2484299329,0.00234509122579573,1,early exposure,FALSE,TRUE
12068468,Wittstock/Dosse,200,RP200,985939.2484299344,0.00234509122579573,985939.2484299329,0.00234509122579573,1,early exposure,FALSE,TRUE
12068468,Wittstock/Dosse,500,RP500,985939.2484299344,0.00234509122579573,985939.2484299329,0.00234509122579573,1,early exposure,FALSE,TRUE
14522580,Wechselburg,10,RP10,1560205.9458803684,0.06048560628856874,1560205.9458803684,0.06048560628856874,0.6298506727273282,early exposure,FALSE,FALSE
14522580,Wechselburg,20,RP20,1952585.2909487511,0.07569725359977085,1952585.290948751,0.07569725359977085,0.7882530907595044,early exposure,FALSE,FALSE
14522580,Wechselburg,50,RP50,2335685.3896608055,0.0905491658111001,2335685.3896608055,0.0905491658111001,0.9429095036086036,early exposure,FALSE,FALSE
14522580,Wechselburg,100,RP100,2418728.266794294,0.09376854770400268,2418728.2667942946,0.09376854770400268,0.976433675315453,early exposure,FALSE,FALSE
14522580,Wechselburg,200,RP200,2467512.729605433,0.09565980944312448,2467512.7296054335,0.09565980944312448,0.9961278232587869,early exposure,FALSE,FALSE
14522580,Wechselburg,500,RP500,2477104.516098223,0.096031661007297,2477104.516098223,0.096031661007297,1,early exposure,FALSE,FALSE
16077001,Altenburg,10,RP10,592415.9613012108,0.01288142575365065,592415.9613012106,0.01288142575365065,0.664892651132831,early exposure,FALSE,TRUE
16077001,Altenburg,20,RP20,592415.9613012108,0.01288142575365065,592415.9613012106,0.01288142575365065,0.664892651132831,early exposure,FALSE,TRUE
16077001,Altenburg,50,RP50,839597.1768172276,0.01825610618659021,839597.1768172276,0.01825610618659021,0.9423142339910924,early exposure,FALSE,TRUE
16077001,Altenburg,100,RP100,888797.8354203581,0.01932591975041601,888797.835420358,0.01932591975041601,0.9975341444476977,early exposure,FALSE,TRUE
16077001,Altenburg,200,RP200,890994.9001419462,0.01937369247758045,890994.9001419459,0.01937369247758045,1,early exposure,FALSE,TRUE
16077001,Altenburg,500,RP500,890994.9001419462,0.01937369247758045,890994.9001419459,0.01937369247758045,1,early exposure,FALSE,TRUE
13076120,Rom,10,RP10,594629.3441298114,0.01762397971274281,594629.3441298112,0.01762397971274281,0.5036118488210359,early exposure,FALSE,FALSE
13076120,Rom,20,RP20,646354.82544822,0.01915705042710783,646354.8254482199,0.01915705042710783,0.5474199210850159,early exposure,FALSE,FALSE
13076120,Rom,50,RP50,733277.9843452886,0.02173333093544922,733277.9843452885,0.02173333093544922,0.6210381055719909,early exposure,FALSE,FALSE
13076120,Rom,100,RP100,753384.0134030629,0.02232924543532408,753384.0134030628,0.02232924543532408,0.638066586534452,early exposure,FALSE,FALSE
13076120,Rom,200,RP200,980621.2546113788,0.02906423853408498,980621.2546113784,0.02906423853408498,0.8305215474200163,early exposure,FALSE,FALSE
13076120,Rom,500,RP500,1180729.45567474,0.03499516493506031,1180729.4556747398,0.03499516493506031,1,early exposure,FALSE,FALSE
13076122,Schwanheide,10,RP10,306315.18873939605,0.01150394120816811,306315.1887393958,0.01150394120816811,0.23477932487087227,early exposure,FALSE,FALSE
13076122,Schwanheide,20,RP20,306315.18873939605,0.01150394120816811,306315.1887393958,0.01150394120816811,0.23477932487087227,early exposure,FALSE,FALSE
13076122,Schwanheide,50,RP50,306315.18873939605,0.01150394120816811,306315.1887393958,0.01150394120816811,0.23477932487087227,early exposure,FALSE,FALSE
13076122,Schwanheide,100,RP100,966442.4788639544,0.03629561271082111,966442.4788639544,0.03629561271082111,0.7407426110601786,early exposure,FALSE,FALSE
13076122,Schwanheide,200,RP200,1304694.0522035663,0.04899895344062018,1304694.052203566,0.04899895344062018,1,early exposure,FALSE,FALSE
13076122,Schwanheide,500,RP500,1304694.0522035663,0.04899895344062018,1304694.052203566,0.04899895344062018,1,early exposure,FALSE,FALSE
12065356,Zehdenick,10,RP10,13320930.081726268,0.05958746037001429,13320930.081726268,0.05958746037001429,0.5887108125850421,early exposure,FALSE,FALSE
12065356,Zehdenick,20,RP20,15630916.877608323,0.06992054115419334,15630916.877608323,0.06992054115419334,0.6907993450914908,early exposure,FALSE,FALSE
12065356,Zehdenick,50,RP50,17570916.87760833,0.07859858933916268,17570916.87760833,0.07859858933916268,0.776536524808523,early exposure,FALSE,FALSE
12065356,Zehdenick,100,RP100,19120916.87760832,0.08553208144571027,19120916.877608318,0.08553208144571027,0.8450378797370789,early exposure,FALSE,FALSE
12065356,Zehdenick,200,RP200,19748318.961889476,0.08833858944506184,19748318.961889476,0.08833858944506184,0.8727655525488592,early exposure,FALSE,FALSE
12065356,Zehdenick,500,RP500,22627289.658964764,0.10121686080193508,22627289.658964768,0.10121686080193508,1,early exposure,FALSE,FALSE
14522570,Waldheim,10,RP10,1299799.7430925097,0.03115600374980432,1299799.7430925095,0.03115600374980432,0.8785176991471916,early exposure,FALSE,FALSE
14522570,Waldheim,20,RP20,1339799.7430925097,0.03211479771527095,1339799.7430925095,0.03211479771527095,0.9055531776142669,early exposure,FALSE,FALSE
14522570,Waldheim,50,RP50,1399799.7430925097,0.03355298866347089,1399799.7430925092,0.03355298866347089,0.9461063953148799,early exposure,FALSE,FALSE
14522570,Waldheim,100,RP100,1439799.7430925097,0.03451178262893752,1439799.7430925095,0.03451178262893752,0.9731418737819553,early exposure,FALSE,FALSE
14522570,Waldheim,200,RP200,1469537.3438170585,0.03522458843199136,1469537.3438170585,0.03522458843199136,0.9932411303832311,early exposure,FALSE,FALSE
14522570,Waldheim,500,RP500,1479537.3438170585,0.03546428692335802,1479537.3438170585,0.03546428692335802,1,early exposure,FALSE,FALSE
13076151,Werder,10,RP10,0,0,0,0,0,early exposure,FALSE,TRUE
13076151,Werder,20,RP20,0,0,0,0,0,early exposure,FALSE,TRUE
13076151,Werder,50,RP50,0,0,0,0,0,early exposure,FALSE,TRUE
13076151,Werder,100,RP100,72908.78347417997,0.00402767674340217,72908.7834741799,0.00402767674340217,1,early exposure,FALSE,TRUE
13076151,Werder,200,RP200,72908.78347417997,0.00402767674340217,72908.7834741799,0.00402767674340217,1,early exposure,FALSE,TRUE
13076151,Werder,500,RP500,72908.78347417997,0.00402767674340217,72908.7834741799,0.00402767674340217,1,early exposure,FALSE,TRUE
14523450,Weischlitz,10,RP10,543873.8304370114,0.00446091001802181,543873.830437011,0.00446091001802181,0.9819453466647623,early exposure,FALSE,TRUE
14523450,Weischlitz,20,RP20,543873.8304370114,0.00446091001802181,543873.830437011,0.00446091001802181,0.9819453466647623,early exposure,FALSE,TRUE
14523450,Weischlitz,50,RP50,553873.8304370114,0.00454293106349917,553873.8304370114,0.00454293106349917,1,early exposure,FALSE,TRUE
14523450,Weischlitz,100,RP100,553873.8304370114,0.00454293106349917,553873.8304370114,0.00454293106349917,1,early exposure,FALSE,TRUE
14523450,Weischlitz,200,RP200,553873.8304370114,0.00454293106349917,553873.8304370114,0.00454293106349917,1,early exposure,FALSE,TRUE
14523450,Weischlitz,500,RP500,553873.8304370114,0.00454293106349917,553873.8304370114,0.00454293106349917,1,early exposure,FALSE,TRUE
13076156,Wöbbelin,10,RP10,0,0,0,0,0,delayed jump,FALSE,TRUE
13076156,Wöbbelin,20,RP20,0,0,0,0,0,delayed jump,FALSE,TRUE
13076156,Wöbbelin,50,RP50,0,0,0,0,0,delayed jump,FALSE,TRUE
13076156,Wöbbelin,100,RP100,0,0,0,0,0,delayed jump,FALSE,TRUE
13076156,Wöbbelin,200,RP200,0,0,0,0,0,delayed jump,FALSE,TRUE
13076156,Wöbbelin,500,RP500,12579.746108806872,5.353116504287253e-4,12579.746108806872,5.353116504287253e-4,1,delayed jump,FALSE,TRUE
01053006,Basedow,10,RP10,7828.5271864660435,0.00104174280339591,7828.527186466016,0.00104174280339591,0.011341268744674435,early exposure,FALSE,FALSE
01053006,Basedow,20,RP20,7828.5271864660435,0.00104174280339591,7828.527186466016,0.00104174280339591,0.011341268744674435,early exposure,FALSE,FALSE
01053006,Basedow,50,RP50,7828.5271864660435,0.00104174280339591,7828.527186466016,0.00104174280339591,0.011341268744674435,early exposure,FALSE,FALSE
01053006,Basedow,100,RP100,650282.7009954839,0.08653317639441022,650282.7009954839,0.08653317639441022,0.9420713112873301,early exposure,FALSE,FALSE
01053006,Basedow,200,RP200,690269.0838837664,0.0918541678932602,690269.0838837664,0.0918541678932602,1,early exposure,FALSE,FALSE
01053006,Basedow,500,RP500,690269.0838837664,0.0918541678932602,690269.0838837664,0.0918541678932602,1,early exposure,FALSE,FALSE
13076136,Teldau,10,RP10,19573896.648408633,0.7059040899044458,19573896.648408633,0.7059040899044458,0.8509077085281932,early exposure,FALSE,FALSE
13076136,Teldau,20,RP20,20444911.587992147,0.7373159758086183,20444911.587992147,0.7373159758086183,0.888772081659799,early exposure,FALSE,FALSE
13076136,Teldau,50,RP50,21325708.043772895,0.7690806178559911,21325708.043772895,0.7690806178559911,0.927061672502667,early exposure,FALSE,FALSE
13076136,Teldau,100,RP100,22650696.00582224,0.8168643799900795,22650696.00582224,0.8168643799900795,0.9846609584734811,early exposure,FALSE,FALSE
13076136,Teldau,200,RP200,22993548.389831148,0.8292288521466776,22993548.389831148,0.8292288521466776,0.9995652844582699,early exposure,FALSE,FALSE
13076136,Teldau,500,RP500,23003548.389831148,0.829589487590189,23003548.389831148,0.829589487590189,1,early exposure,FALSE,FALSE
13076138,Tessin b.Boizenburg,10,RP10,30355.73419659892,0.00294454107786407,30355.73419659889,0.00294454107786407,0.042117361774414705,early exposure,FALSE,FALSE
13076138,Tessin b.Boizenburg,20,RP20,30355.73419659892,0.00294454107786407,30355.73419659889,0.00294454107786407,0.042117361774414705,early exposure,FALSE,FALSE
13076138,Tessin b.Boizenburg,50,RP50,112617.38305572676,0.01092401548720552,112617.38305572674,0.01092401548720552,0.15625209502517368,early exposure,FALSE,FALSE
13076138,Tessin b.Boizenburg,100,RP100,720741.587737323,0.06991276171654248,720741.587737323,0.06991276171654248,1,early exposure,FALSE,FALSE
13076138,Tessin b.Boizenburg,200,RP200,720741.587737323,0.06991276171654248,720741.587737323,0.06991276171654248,1,early exposure,FALSE,FALSE
13076138,Tessin b.Boizenburg,500,RP500,720741.587737323,0.06991276171654248,720741.587737323,0.06991276171654248,1,early exposure,FALSE,FALSE
15091391,Zahna-Elster,10,RP10,11082203.03430804,0.07404925334010763,11082203.034308039,0.07404925334010763,0.643934052845731,early exposure,FALSE,FALSE
15091391,Zahna-Elster,20,RP20,13138766.163985258,0.0877908319529472,13138766.163985258,0.0877908319529472,0.763431144437217,early exposure,FALSE,FALSE
15091391,Zahna-Elster,50,RP50,15912059.196483932,0.10632146866065774,15912059.196483932,0.10632146866065774,0.9245739981295023,early exposure,FALSE,FALSE
15091391,Zahna-Elster,100,RP100,16402059.19648393,0.1095955590219627,16402059.19648393,0.1095955590219627,0.953045565102026,early exposure,FALSE,FALSE
15091391,Zahna-Elster,200,RP200,16869325.584584862,0.11271774754735668,16869325.584584862,0.11271774754735668,0.9801961901281994,early exposure,FALSE,FALSE
15091391,Zahna-Elster,500,RP500,17210152.165943973,0.1149950884145085,17210152.165943973,0.1149950884145085,1,early exposure,FALSE,FALSE
03357016,Gnarrenburg,10,RP10,0,0,0,0,0,delayed jump,FALSE,TRUE
03357016,Gnarrenburg,20,RP20,0,0,0,0,0,delayed jump,FALSE,TRUE
03357016,Gnarrenburg,50,RP50,8829.838846719671,7.176833927959897e-5,8829.838846719671,7.176833927959897e-5,0.03269318605505652,delayed jump,FALSE,TRUE
03357016,Gnarrenburg,100,RP100,46826.31499794284,3.8060115482563224e-4,46826.31499794284,3.8060115482563224e-4,0.17337818448058837,delayed jump,FALSE,TRUE
03357016,Gnarrenburg,200,RP200,55239.48876535681,4.489828682226216e-4,55239.488765356815,4.489828682226216e-4,0.2045286346831727,delayed jump,FALSE,TRUE
03357016,Gnarrenburg,500,RP500,270081.9318083567,0.00219520786865919,270081.931808356,0.00219520786865919,1,delayed jump,FALSE,TRUE
16077005,Fockendorf,10,RP10,39630.583130964136,0.00449342227173237,39630.583130964085,0.00449342227173237,0.13663670255124646,early exposure,TRUE,FALSE
16077005,Fockendorf,20,RP20,74160.43263093043,0.00840850962409304,74160.43263093043,0.00840850962409304,0.2556873044481415,early exposure,TRUE,FALSE
16077005,Fockendorf,50,RP50,280180.7274617923,0.03176764562677703,280180.7274617923,0.03176764562677703,0.965995645137949,early exposure,TRUE,FALSE
16077005,Fockendorf,100,RP100,290043.4684897375,0.03288590977264753,290043.4684897375,0.03288590977264753,1,early exposure,TRUE,FALSE
16077005,Fockendorf,200,RP200,287803.78581575083,0.03263196851784319,290043.4684897375,0.03288590977264753,1,early exposure,TRUE,FALSE
16077005,Fockendorf,500,RP500,290043.4684897375,0.03288590977264753,290043.4684897375,0.03288590977264753,1,early exposure,TRUE,FALSE
13076140,Tramm,10,RP10,890296.8557541036,0.02123640739419913,890296.8557541035,0.02123640739419913,0.25409237301991544,early exposure,FALSE,FALSE
13076140,Tramm,20,RP20,1339823.0222833117,0.03195903406087526,1339823.0222833115,0.03195903406087526,0.38238797425643106,early exposure,FALSE,FALSE
13076140,Tramm,50,RP50,2246541.3772548963,0.05358714636243427,2246541.3772548963,0.05358714636243427,0.641167073594368,early exposure,FALSE,FALSE
13076140,Tramm,100,RP100,2896541.3772548973,0.06909171061762015,2896541.3772548973,0.06909171061762015,0.8266782785317937,early exposure,FALSE,FALSE
13076140,Tramm,200,RP200,3276541.3772548977,0.07815591741295959,3276541.3772548977,0.07815591741295959,0.9351309829567502,early exposure,FALSE,FALSE
13076140,Tramm,500,RP500,3503831.481334244,0.08357750821798436,3503831.4813342434,0.08357750821798436,1,early exposure,FALSE,FALSE
01053012,Börnsen,10,RP10,1146083.3861269,0.13778238589546107,1146083.3861269,0.13778238589546107,0.6848960434261013,early exposure,FALSE,FALSE
01053012,Börnsen,20,RP20,1490980.4378530192,0.17924598204419123,1490980.4378530192,0.17924598204419123,0.8910055019314105,early exposure,FALSE,FALSE
01053012,Börnsen,50,RP50,1490980.4378530192,0.17924598204419123,1490980.4378530192,0.17924598204419123,0.8910055019314105,early exposure,FALSE,FALSE
01053012,Börnsen,100,RP100,1490980.4378530192,0.17924598204419123,1490980.4378530192,0.17924598204419123,0.8910055019314105,early exposure,FALSE,FALSE
01053012,Börnsen,200,RP200,1490980.4378530192,0.17924598204419123,1490980.4378530192,0.17924598204419123,0.8910055019314105,early exposure,FALSE,FALSE
01053012,Börnsen,500,RP500,1673368.3850672732,0.2011726994453392,1673368.385067273,0.2011726994453392,1,early exposure,FALSE,FALSE
16077007,Gerstenberg,10,RP10,0,0,0,0,0,early exposure,FALSE,TRUE
16077007,Gerstenberg,20,RP20,6445.364097258352,0.00205789176785201,6445.364097258334,0.00205789176785201,1,early exposure,FALSE,TRUE
16077007,Gerstenberg,50,RP50,6445.364097258352,0.00205789176785201,6445.364097258334,0.00205789176785201,1,early exposure,FALSE,TRUE
16077007,Gerstenberg,100,RP100,6445.364097258352,0.00205789176785201,6445.364097258334,0.00205789176785201,1,early exposure,FALSE,TRUE
16077007,Gerstenberg,200,RP200,6445.364097258352,0.00205789176785201,6445.364097258334,0.00205789176785201,1,early exposure,FALSE,TRUE
16077007,Gerstenberg,500,RP500,6445.364097258352,0.00205789176785201,6445.364097258334,0.00205789176785201,1,early exposure,FALSE,TRUE
13076143,Vielank,10,RP10,1073156.8315272324,0.01385869912587367,1073156.8315272317,0.01385869912587367,0.08156634232207624,early exposure,FALSE,FALSE
13076143,Vielank,20,RP20,1365633.798192784,0.01763573353798067,1365633.798192784,0.01763573353798067,0.10379634234026049,early exposure,FALSE,FALSE
13076143,Vielank,50,RP50,7716817.467927417,0.09965463421138236,7716817.467927418,0.09965463421138236,0.5865243147454848,early exposure,FALSE,FALSE
13076143,Vielank,100,RP100,8105813.349994977,0.10467810956223685,8105813.349994978,0.10467810956223685,0.6160903300253264,early exposure,FALSE,FALSE
13076143,Vielank,200,RP200,9135086.122391138,0.11797009191936568,9135086.122391138,0.11797009191936568,0.6943212211958006,early exposure,FALSE,FALSE
13076143,Vielank,500,RP500,13156858.58867767,0.16990708092745702,13156858.58867767,0.16990708092745702,1,early exposure,FALSE,FALSE
13076145,Warlitz,10,RP10,0,0,0,0,0,delayed jump,FALSE,TRUE
13076145,Warlitz,20,RP20,0,0,0,0,0,delayed jump,FALSE,TRUE
13076145,Warlitz,50,RP50,321.03027930736613,1.3558984417097409e-5,321.03027930736613,1.3558984417097409e-5,0.05511096373992827,delayed jump,FALSE,TRUE
13076145,Warlitz,100,RP100,321.03027930736613,1.3558984417097409e-5,321.03027930736613,1.3558984417097409e-5,0.05511096373992827,delayed jump,FALSE,TRUE
13076145,Warlitz,200,RP200,321.03027930736613,1.3558984417097409e-5,321.03027930736613,1.3558984417097409e-5,0.05511096373992827,delayed jump,FALSE,TRUE
13076145,Warlitz,500,RP500,5825.1617740224265,2.4603061708525036e-4,5825.1617740224265,2.4603061708525036e-4,1,delayed jump,FALSE,TRUE
16051000,Erfurt,10,RP10,7772560.879202849,0.02875385193639054,7772560.879202849,0.02875385193639054,0.6313206955802576,early exposure,FALSE,FALSE
16051000,Erfurt,20,RP20,9360038.70909158,0.03462657563483837,9360038.70909158,0.03462657563483837,0.7602624463570461,early exposure,FALSE,FALSE
16051000,Erfurt,50,RP50,10496742.882919705,0.03883170493748375,10496742.882919705,0.03883170493748375,0.8525904294816702,early exposure,FALSE,FALSE
16051000,Erfurt,100,RP100,11377659.492911268,0.04209057240287468,11377659.492911266,0.04209057240287468,0.9241422507682875,early exposure,FALSE,FALSE
16051000,Erfurt,200,RP200,11997659.492911268,0.0443842036111246,11997659.492911266,0.0443842036111246,0.974501307113164,early exposure,FALSE,FALSE
16051000,Erfurt,500,RP500,12311588.917671956,0.04554555574954245,12311588.917671956,0.04554555574954245,1,early exposure,FALSE,FALSE
14524320,Wilkau-Haßlau,10,RP10,1202094.7767617065,0.09482093411271313,1202094.7767617065,0.09482093411271313,0.6933856423435846,early exposure,FALSE,FALSE
14524320,Wilkau-Haßlau,20,RP20,1345612.793210901,0.10614159920900114,1345612.7932109013,0.10614159920900114,0.7761689086444153,early exposure,FALSE,FALSE
14524320,Wilkau-Haßlau,50,RP50,1379397.330907099,0.10880651505827336,1379397.330907099,0.10880651505827336,0.79565631831012,early exposure,FALSE,FALSE
14524320,Wilkau-Haßlau,100,RP100,1497966.4330866183,0.11815921606231114,1497966.4330866185,0.11815921606231114,0.8640486902479824,early exposure,FALSE,FALSE
14524320,Wilkau-Haßlau,200,RP200,1597966.4330866183,0.1260471909496282,1597966.433086619,0.1260471909496282,0.9217301356504392,early exposure,FALSE,FALSE
14524320,Wilkau-Haßlau,500,RP500,1733659.7462542318,0.13675064541605797,1733659.746254232,0.13675064541605797,1,early exposure,FALSE,FALSE
03357040,Sandbostel,10,RP10,1948376.290716288,0.06144329096217241,1948376.290716288,0.06144329096217241,0.6372206676699994,early exposure,FALSE,FALSE
03357040,Sandbostel,20,RP20,1948376.290716288,0.06144329096217241,1948376.290716288,0.06144329096217241,0.6372206676699994,early exposure,FALSE,FALSE
03357040,Sandbostel,50,RP50,2967616.2851725067,0.0935856752839572,2967616.2851725062,0.0935856752839572,0.97056530590956,early exposure,FALSE,FALSE
03357040,Sandbostel,100,RP100,3057616.2851725067,0.0964238827764958,3057616.2851725067,0.0964238827764958,1,early exposure,FALSE,FALSE
03357040,Sandbostel,200,RP200,3057616.2851725067,0.0964238827764958,3057616.2851725067,0.0964238827764958,1,early exposure,FALSE,FALSE
03357040,Sandbostel,500,RP500,3057616.2851725067,0.0964238827764958,3057616.2851725067,0.0964238827764958,1,early exposure,FALSE,FALSE
03357042,Seedorf,10,RP10,746161.683883882,0.03988732677335337,746161.683883882,0.03988732677335337,0.5262767113996815,early exposure,FALSE,FALSE
03357042,Seedorf,20,RP20,746161.683883882,0.03988732677335337,746161.683883882,0.03988732677335337,0.5262767113996815,early exposure,FALSE,FALSE
03357042,Seedorf,50,RP50,1189846.3012113783,0.06360523362637553,1189846.3012113783,0.06360523362637553,0.8392127497263001,early exposure,FALSE,FALSE
03357042,Seedorf,100,RP100,1370192.2735846555,0.07324593065984923,1370192.273584656,0.07324593065984923,0.9664129092959471,early exposure,FALSE,FALSE
03357042,Seedorf,200,RP200,1389875.0068787562,0.07429810424588494,1389875.0068787562,0.07429810424588494,0.9802953752186924,early exposure,FALSE,FALSE
03357042,Seedorf,500,RP500,1417812.4696025334,0.07579154826606206,1417812.4696025334,0.07579154826606206,1,early exposure,FALSE,FALSE
03357043,Selsingen,10,RP10,1059533.103038991,0.02518259476486804,1059533.1030389913,0.02518259476486804,0.4915156042679601,early exposure,FALSE,FALSE
03357043,Selsingen,20,RP20,1087559.4721284695,0.02584871524141249,1087559.4721284695,0.02584871524141249,0.504516989216614,early exposure,FALSE,FALSE
03357043,Selsingen,50,RP50,1236000.599987495,0.0293768096054224,1236000.5999874948,0.0293768096054224,0.573378575936818,early exposure,FALSE,FALSE
03357043,Selsingen,100,RP100,1400058.5513265738,0.03327607891062544,1400058.5513265736,0.03327607891062544,0.649484780505703,early exposure,FALSE,FALSE
03357043,Selsingen,200,RP200,1652047.5677837236,0.03926526156894635,1652047.5677837236,0.03926526156894635,0.7663820566149394,early exposure,FALSE,FALSE
03357043,Selsingen,500,RP500,2155644.894767907,0.05123457840646544,2155644.8947679074,0.05123457840646544,1,early exposure,FALSE,FALSE
16077036,Nobitz,10,RP10,1187234.562082393,0.01178276168317803,1187234.5620823924,0.01178276168317803,0.6828463013232438,early exposure,FALSE,TRUE
16077036,Nobitz,20,RP20,1197234.562082393,0.01188200712345995,1197234.5620823924,0.01188200712345995,0.6885978715953013,early exposure,FALSE,TRUE
16077036,Nobitz,50,RP50,1620053.346889604,0.01607829076922579,1620053.3468896039,0.01607829076922579,0.93178506691177,early exposure,FALSE,TRUE
16077036,Nobitz,100,RP100,1680852.688291096,0.01668169650984997,1680852.6882910954,0.01668169650984997,0.96675423536832,early exposure,FALSE,TRUE
16077036,Nobitz,200,RP200,1728655.6239401563,0.01715611884937591,1728655.6239401565,0.01715611884937591,0.9942484297279425,early exposure,FALSE,TRUE
16077036,Nobitz,500,RP500,1738655.6239401563,0.01725536428965783,1738655.6239401565,0.01725536428965783,1,early exposure,FALSE,TRUE
01053028,Escheburg,10,RP10,112808.25276610097,0.01302336924505303,112808.25276610097,0.01302336924505303,0.07758659829320834,gradual increase,FALSE,FALSE
01053028,Escheburg,20,RP20,773117.8277001318,0.08925409881977829,773117.8277001318,0.08925409881977829,0.5317304440080214,gradual increase,FALSE,FALSE
01053028,Escheburg,50,RP50,803117.8277001318,0.09271750746029396,803117.8277001317,0.09271750746029396,0.5523636680117859,gradual increase,FALSE,FALSE
01053028,Escheburg,100,RP100,803117.8277001318,0.09271750746029396,803117.8277001317,0.09271750746029396,0.5523636680117859,gradual increase,FALSE,FALSE
01053028,Escheburg,200,RP200,803117.8277001318,0.09271750746029396,803117.8277001317,0.09271750746029396,0.5523636680117859,gradual increase,FALSE,FALSE
01053028,Escheburg,500,RP500,1453965.7008776967,0.16785591238110836,1453965.7008776967,0.16785591238110836,1,gradual increase,FALSE,FALSE
14524310,Wildenfels,10,RP10,523086.25643755693,0.02497137411201456,523086.25643755676,0.02497137411201456,0.5877655579660777,early exposure,FALSE,FALSE
14524310,Wildenfels,20,RP20,573086.2564375569,0.0273583011058607,573086.2564375568,0.0273583011058607,0.6439480279442621,early exposure,FALSE,FALSE
14524310,Wildenfels,50,RP50,639301.7187410762,0.03051933059350613,639301.7187410761,0.03051933059350613,0.7183509924034435,early exposure,FALSE,FALSE
14524310,Wildenfels,100,RP100,762745.4677639332,0.03641235492879064,762745.4677639331,0.03641235492879064,0.8570584868728675,early exposure,FALSE,FALSE
14524310,Wildenfels,200,RP200,819100.5124798067,0.03910266247822513,819100.5124798066,0.03910266247822513,0.9203817990302433,early exposure,FALSE,FALSE
14524310,Wildenfels,500,RP500,889957.3126531279,0.04248526265885038,889957.3126531279,0.04248526265885038,1,early exposure,FALSE,FALSE
12061332,Mittenwalde,10,RP10,1480679.31264641,0.0148912201590541,1480679.3126464095,0.0148912201590541,0.2717956033920644,early exposure,FALSE,FALSE
12061332,Mittenwalde,20,RP20,3730679.31264641,0.03751951318084826,3730679.312646409,0.03751951318084826,0.684808807810476,early exposure,FALSE,FALSE
12061332,Mittenwalde,50,RP50,4728202.554377245,0.04755162349637508,4728202.554377245,0.04755162349637508,0.8679155947211845,early exposure,FALSE,FALSE
12061332,Mittenwalde,100,RP100,5128202.554377245,0.05157443114469404,5128202.554377244,0.05157443114469404,0.9413401643955688,early exposure,FALSE,FALSE
12061332,Mittenwalde,200,RP200,5407767.7128225425,0.05438602328868716,5407767.7128225425,0.05438602328868716,0.9926575430325616,early exposure,FALSE,FALSE
12061332,Mittenwalde,500,RP500,5447767.7128225425,0.05478830405351906,5447767.7128225425,0.05478830405351906,1,early exposure,FALSE,FALSE
16062064,Heringen/Helme,10,RP10,2081748.3254355823,0.03120712797710849,2081748.3254355823,0.03120712797710849,0.48843437901967013,early exposure,FALSE,FALSE
16062064,Heringen/Helme,20,RP20,2549151.991847758,0.0382138952488643,2549151.9918477586,0.0382138952488643,0.598099902352218,early exposure,FALSE,FALSE
16062064,Heringen/Helme,50,RP50,2984139.626779247,0.04473471941665911,2984139.626779247,0.04473471941665911,0.7001597492381479,early exposure,FALSE,FALSE
16062064,Heringen/Helme,100,RP100,3709969.022900829,0.05561550196734237,3709969.022900829,0.05561550196734237,0.8704589280760547,early exposure,FALSE,FALSE
16062064,Heringen/Helme,200,RP200,4114023.706874733,0.06167261563399338,4114023.706874732,0.06167261563399338,0.9652610692597101,early exposure,FALSE,FALSE
16062064,Heringen/Helme,500,RP500,4262083.945879958,0.06389216098945345,4262083.945879958,0.06389216098945345,1,early exposure,FALSE,FALSE
03357035,Oerel,10,RP10,135.37031755600142,3.96642736390147e-6,135.37031755600142,3.96642736390147e-6,1.1702197333371113e-4,delayed jump,FALSE,FALSE
03357035,Oerel,20,RP20,91180.099059442,0.00267162880668431,91180.09905944168,0.00267162880668431,0.07882137911278088,delayed jump,FALSE,FALSE
03357035,Oerel,50,RP50,201180.099059442,0.00589469142414967,201180.09905944197,0.00589469142414967,0.1739117748443493,delayed jump,FALSE,FALSE
03357035,Oerel,100,RP100,201180.099059442,0.00589469142414967,201180.09905944197,0.00589469142414967,0.1739117748443493,delayed jump,FALSE,FALSE
03357035,Oerel,200,RP200,842677.3453481644,0.02469092591251462,842677.3453481643,0.02469092591251462,0.728459293119857,delayed jump,FALSE,FALSE
03357035,Oerel,500,RP500,1156794.007993408,0.03389472293883153,1156794.007993408,0.03389472293883153,1,delayed jump,FALSE,FALSE
14522140,Flöha,10,RP10,3151497.962398388,0.1128307962056049,3151497.962398388,0.1128307962056049,0.7286903388634571,early exposure,FALSE,FALSE
14522140,Flöha,20,RP20,3233151.7776567996,0.11575418854117238,3233151.7776567996,0.11575418854117238,0.747570359418782,early exposure,FALSE,FALSE
14522140,Flöha,50,RP50,3851711.59291901,0.13790003705180023,3851711.5929190097,0.13790003705180023,0.8905939522526202,early exposure,FALSE,FALSE
14522140,Flöha,100,RP100,4095926.127163615,0.14664347292660232,4095926.1271636146,0.14664347292660232,0.9470613128022211,early exposure,FALSE,FALSE
14522140,Flöha,200,RP200,4304879.574105235,0.15412448166264678,4304879.574105235,0.15412448166264678,0.9953755937807499,early exposure,FALSE,FALSE
14522140,Flöha,500,RP500,4324879.574105235,0.15484052715943483,4324879.574105235,0.15484052715943483,1,early exposure,FALSE,FALSE
03357036,Ostereistedt,10,RP10,1931636.4308816788,0.06794247831105464,1931636.430881679,0.06794247831105464,0.5578932671064881,early exposure,FALSE,FALSE
03357036,Ostereistedt,20,RP20,2404572.6204085303,0.08457731511871121,2404572.6204085303,0.08457731511871121,0.6944862158052229,early exposure,FALSE,FALSE
03357036,Ostereistedt,50,RP50,3016834.9412313155,0.1061127442440517,3016834.9412313155,0.1061127442440517,0.8713191958780384,early exposure,FALSE,FALSE
03357036,Ostereistedt,100,RP100,3078838.465079944,0.10829362725440762,3078838.465079944,0.10829362725440762,0.8892269905018111,early exposure,FALSE,FALSE
03357036,Ostereistedt,200,RP200,3318753.54160964,0.11673228818615122,3318753.54160964,0.11673228818615122,0.9585190186150735,early exposure,FALSE,FALSE
03357036,Ostereistedt,500,RP500,3462376.308823561,0.12178400837034316,3462376.3088235604,0.12178400837034316,1,early exposure,FALSE,FALSE
03357038,Rhade,10,RP10,39308.50454574438,0.00160288088325586,39308.50454574418,0.00160288088325586,0.8130672340404627,early exposure,FALSE,TRUE
03357038,Rhade,20,RP20,48345.94594398344,0.0019714001698119,48345.94594398324,0.0019714001698119,1,early exposure,FALSE,TRUE
03357038,Rhade,50,RP50,48345.94594398344,0.0019714001698119,48345.94594398324,0.0019714001698119,1,early exposure,FALSE,TRUE
03357038,Rhade,100,RP100,48345.94594398344,0.0019714001698119,48345.94594398324,0.0019714001698119,1,early exposure,FALSE,TRUE
03357038,Rhade,200,RP200,48345.94594398344,0.0019714001698119,48345.94594398324,0.0019714001698119,1,early exposure,FALSE,TRUE
03357038,Rhade,500,RP500,48345.94594398344,0.0019714001698119,48345.94594398324,0.0019714001698119,1,early exposure,FALSE,TRUE
01053032,Geesthacht,10,RP10,2953284.915259332,0.08909678104476695,2953284.915259332,0.08909678104476695,0.8469576368322076,early exposure,FALSE,FALSE
01053032,Geesthacht,20,RP20,3417203.433066751,0.10309260189839796,3417203.433066751,0.10309260189839796,0.9800024810647083,early exposure,FALSE,FALSE
01053032,Geesthacht,50,RP50,3427203.433066751,0.103394288947231,3427203.4330667513,0.103394288947231,0.9828703304633767,early exposure,FALSE,FALSE
01053032,Geesthacht,100,RP100,3427203.433066751,0.103394288947231,3427203.4330667513,0.103394288947231,0.9828703304633767,early exposure,FALSE,FALSE
01053032,Geesthacht,200,RP200,3437203.433066751,0.103695975996064,3437203.433066751,0.103695975996064,0.9857381798620446,early exposure,FALSE,FALSE
01053032,Geesthacht,500,RP500,3486933.4507747195,0.10519626622413712,3486933.45077472,0.10519626622413712,1,early exposure,FALSE,FALSE
13076161,Zierzow,10,RP10,0,0,0,0,0,early exposure,FALSE,TRUE
13076161,Zierzow,20,RP20,7135.983648066514,5.378546529038073e-4,7135.983648066514,5.378546529038073e-4,0.6089963838394609,early exposure,FALSE,TRUE
13076161,Zierzow,50,RP50,7135.983648066514,5.378546529038073e-4,7135.983648066514,5.378546529038073e-4,0.6089963838394609,early exposure,FALSE,TRUE
13076161,Zierzow,100,RP100,11717.612513685548,8.831820141736549e-4,11717.612513685548,8.831820141736549e-4,1,early exposure,FALSE,TRUE
13076161,Zierzow,200,RP200,11717.612513685548,8.831820141736549e-4,11717.612513685548,8.831820141736549e-4,1,early exposure,FALSE,TRUE
13076161,Zierzow,500,RP500,11717.612513685548,8.831820141736549e-4,11717.612513685548,8.831820141736549e-4,1,early exposure,FALSE,TRUE
12070241,Legde/Quitzöbel,10,RP10,4911968.058547536,0.11745607252847004,4911968.058547536,0.11745607252847004,0.4428425607130378,early exposure,FALSE,FALSE
12070241,Legde/Quitzöbel,20,RP20,6600563.790789807,0.1578341491839931,6600563.790789808,0.1578341491839931,0.5950793116776589,early exposure,FALSE,FALSE
12070241,Legde/Quitzöbel,50,RP50,8051178.515301882,0.19252157106098697,8051178.515301882,0.19252157106098697,0.7258606871984354,early exposure,FALSE,FALSE
12070241,Legde/Quitzöbel,100,RP100,8468459.438994775,0.2024996853023308,8468459.438994775,0.2024996853023308,0.7634809955111699,early exposure,FALSE,FALSE
12070241,Legde/Quitzöbel,200,RP200,8673628.583978962,0.20740573552224872,8673628.583978962,0.20740573552224872,0.7819781902121812,early exposure,FALSE,FALSE
12070241,Legde/Quitzöbel,500,RP500,11091906.00523714,0.2652321229905037,11091906.005237138,0.2652321229905037,1,early exposure,FALSE,FALSE
12070244,Lenzen (Elbe),10,RP10,30029606.75679471,0.31255911183131185,30029606.756794713,0.31255911183131185,0.7991568926718635,early exposure,FALSE,FALSE
12070244,Lenzen (Elbe),20,RP20,32927465.57568941,0.34272108451319916,32927465.575689413,0.34272108451319916,0.8762755798350127,early exposure,FALSE,FALSE
12070244,Lenzen (Elbe),50,RP50,34570786.940488674,0.35982537330375614,34570786.94048868,0.35982537330375614,0.9200081403773553,early exposure,FALSE,FALSE
12070244,Lenzen (Elbe),100,RP100,37329023.132891975,0.38853410270872873,37329023.13289198,0.38853410270872873,0.9934111483697043,early exposure,FALSE,FALSE
12070244,Lenzen (Elbe),200,RP200,37459023.13289198,0.3898871901756127,37459023.13289199,0.3898871901756127,0.9968707473211238,early exposure,FALSE,FALSE
12070244,Lenzen (Elbe),500,RP500,37576609.83989657,0.3911110755565361,37576609.83989657,0.3911110755565361,1,early exposure,FALSE,FALSE
12070246,Lenzerwische,10,RP10,30479736.11827581,0.7234705177840767,30479736.118275806,0.7234705177840767,0.7879994767253918,early exposure,FALSE,FALSE
12070246,Lenzerwische,20,RP20,35875813.27713085,0.8515524250870367,35875813.27713084,0.8515524250870367,0.9275054737933266,early exposure,FALSE,FALSE
12070246,Lenzerwische,50,RP50,37022573.0630191,0.878772047095938,37022573.06301909,0.878772047095938,0.9571529125934227,early exposure,FALSE,FALSE
12070246,Lenzerwische,100,RP100,37917480.562945314,0.9000136743143662,37917480.56294531,0.9000136743143662,0.9802891575701846,early exposure,FALSE,FALSE
12070246,Lenzerwische,200,RP200,38297480.562945314,0.9090333979658812,38297480.56294531,0.9090333979658812,0.9901133830816419,early exposure,FALSE,FALSE
12070246,Lenzerwische,500,RP500,38679893.855941765,0.9181104038171808,38679893.85594176,0.9181104038171808,1,early exposure,FALSE,FALSE
01053019,Buchhorst,10,RP10,835156.9853528221,0.15542558320127656,835156.985352822,0.15542558320127656,0.5532094671057015,early exposure,FALSE,FALSE
01053019,Buchhorst,20,RP20,835156.9853528221,0.15542558320127656,835156.985352822,0.15542558320127656,0.5532094671057015,early exposure,FALSE,FALSE
01053019,Buchhorst,50,RP50,835156.9853528221,0.15542558320127656,835156.985352822,0.15542558320127656,0.5532094671057015,early exposure,FALSE,FALSE
01053019,Buchhorst,100,RP100,1509657.796932186,0.28095250071268113,1509657.796932186,0.28095250071268113,1,early exposure,FALSE,FALSE
01053019,Buchhorst,200,RP200,1509657.796932186,0.28095250071268113,1509657.796932186,0.28095250071268113,1,early exposure,FALSE,FALSE
01053019,Buchhorst,500,RP500,1509657.796932186,0.28095250071268113,1509657.796932186,0.28095250071268113,1,early exposure,FALSE,FALSE
14521240,Großolbersdorf,10,RP10,177094.26839034527,0.0078095768447279,177094.26839034504,0.0078095768447279,0.25074382063507306,early exposure,FALSE,FALSE
14521240,Großolbersdorf,20,RP20,336181.42299954424,0.01482506848216015,336181.42299954407,0.01482506848216015,0.4759917709117512,early exposure,FALSE,FALSE
14521240,Großolbersdorf,50,RP50,646181.4229995441,0.02849557766278158,646181.422999544,0.02849557766278158,0.9149138495503525,early exposure,FALSE,FALSE
14521240,Großolbersdorf,100,RP100,706181.4229995441,0.03114148266548251,706181.4229995441,0.03114148266548251,0.9998665099320175,early exposure,FALSE,FALSE
14521240,Großolbersdorf,200,RP200,706181.4229995441,0.03114148266548251,706181.4229995441,0.03114148266548251,0.9998665099320175,early exposure,FALSE,FALSE
14521240,Großolbersdorf,500,RP500,706275.7037912577,0.0311456402991234,706275.7037912575,0.0311456402991234,1,early exposure,FALSE,FALSE
14627100,Klipphausen,10,RP10,2147341.59064067,0.019113398367087642,2147341.59064067,0.019113398367087642,0.8438443660347974,early exposure,FALSE,FALSE
14627100,Klipphausen,20,RP20,2240438.8047460914,0.019942052805589,2240438.804746091,0.019942052805589,0.880428931787541,early exposure,FALSE,FALSE
14627100,Klipphausen,50,RP50,2364458.127833124,0.02104594365263014,2364458.127833123,0.02104594365263014,0.9291650097001463,early exposure,FALSE,FALSE
14627100,Klipphausen,100,RP100,2454458.127833124,0.02184702991693738,2454458.127833124,0.02184702991693738,0.9645324581182965,early exposure,FALSE,FALSE
14627100,Klipphausen,200,RP200,2474458.127833124,0.02202504908678343,2474458.1278331233,0.02202504908678343,0.9723918911001074,early exposure,FALSE,FALSE
14627100,Klipphausen,500,RP500,2544712.8369547245,0.02265038333656359,2544712.836954724,0.02265038333656359,1,early exposure,FALSE,FALSE
12061328,Märkisch Buchholz,10,RP10,716064.7003858227,0.02870958251422618,716064.7003858227,0.02870958251422618,0.23986667988190385,early exposure,FALSE,FALSE
12061328,Märkisch Buchholz,20,RP20,924837.678145662,0.03708003427439158,924837.6781456621,0.03708003427439158,0.30980125562251626,early exposure,FALSE,FALSE
12061328,Märkisch Buchholz,50,RP50,2074659.1415350505,0.08318046927980288,2074659.1415350505,0.08318046927980288,0.6949673680304577,early exposure,FALSE,FALSE
12061328,Märkisch Buchholz,100,RP100,2442196.4115341427,0.0979163466026299,2442196.4115341427,0.0979163466026299,0.8180846570687802,early exposure,FALSE,FALSE
12061328,Märkisch Buchholz,200,RP200,2615568.8236754406,0.10486746368657374,2615568.8236754406,0.10486746368657374,0.876160784632453,early exposure,FALSE,FALSE
12061328,Märkisch Buchholz,500,RP500,2985261.232357785,0.11968974818995734,2985261.232357785,0.11968974818995734,1,early exposure,FALSE,FALSE
12061329,Märkische Heide,10,RP10,18077179.65622452,0.08523898683637586,18077179.65622452,0.08523898683637586,0.4402981862548226,early exposure,FALSE,FALSE
12061329,Märkische Heide,20,RP20,22466594.712862615,0.1059363134850787,22466594.712862615,0.1059363134850787,0.5472093043003796,early exposure,FALSE,FALSE
12061329,Märkische Heide,50,RP50,28991709.729254164,0.1367040661746706,28991709.729254168,0.1367040661746706,0.7061387590857696,early exposure,FALSE,FALSE
12061329,Märkische Heide,100,RP100,30721709.729254164,0.14486150278985377,30721709.729254168,0.14486150278985377,0.7482756342347955,early exposure,FALSE,FALSE
12061329,Märkische Heide,200,RP200,35629944.63378629,0.16800521095525864,35629944.63378629,0.16800521095525864,0.8678234269367383,early exposure,FALSE,FALSE
12061329,Märkische Heide,500,RP500,41056675.27270338,0.1935937723510035,41056675.27270338,0.1935937723510035,1,early exposure,FALSE,FALSE
01053022,Dalldorf,10,RP10,228652.81838615736,0.03755588663243759,228652.8183861574,0.03755588663243759,0.2283401486461977,early exposure,FALSE,FALSE
01053022,Dalldorf,20,RP20,228652.81838615736,0.03755588663243759,228652.8183861574,0.03755588663243759,0.2283401486461977,early exposure,FALSE,FALSE
01053022,Dalldorf,50,RP50,228652.81838615736,0.03755588663243759,228652.8183861574,0.03755588663243759,0.2283401486461977,early exposure,FALSE,FALSE
01053022,Dalldorf,100,RP100,811600.6077004592,0.13330419729241869,811600.6077004592,0.13330419729241869,0.8104907899743892,early exposure,FALSE,FALSE
01053022,Dalldorf,200,RP200,1001369.31565392,0.1644734263996152,1001369.3156539202,0.1644734263996152,1,early exposure,FALSE,FALSE
01053022,Dalldorf,500,RP500,1001369.31565392,0.1644734263996152,1001369.3156539202,0.1644734263996152,1,early exposure,FALSE,FALSE
12070236,Lanz,10,RP10,18317802.75756128,0.30142450298999246,18317802.75756128,0.30142450298999246,0.8322784598733383,early exposure,FALSE,FALSE
12070236,Lanz,20,RP20,19508987.364798643,0.3210257746576678,19508987.364798643,0.3210257746576678,0.8864005237178737,early exposure,FALSE,FALSE
12070236,Lanz,50,RP50,20388987.36479864,0.33550641767702233,20388987.36479864,0.33550641767702233,0.9263837604838778,early exposure,FALSE,FALSE
12070236,Lanz,100,RP100,20512864.360941775,0.3375448478582254,20512864.360941775,0.3375448478582254,0.9320121732868919,early exposure,FALSE,FALSE
12070236,Lanz,200,RP200,21595310.117275137,0.35535679170513296,21595310.117275137,0.35535679170513296,0.9811936334707934,early exposure,FALSE,FALSE
12070236,Lanz,500,RP500,22009223.64415031,0.3621678530955436,22009223.64415031,0.3621678530955436,1,early exposure,FALSE,FALSE
14524330,Zwickau,10,RP10,6821538.735797872,0.06590313958028761,6821538.735797872,0.06590313958028761,0.7928716503211289,early exposure,FALSE,FALSE
14524330,Zwickau,20,RP20,7458227.15662105,0.0720542101073034,7458227.15662105,0.0720542101073034,0.8668743377660141,early exposure,FALSE,FALSE
14524330,Zwickau,50,RP50,7871078.400547117,0.07604278133853787,7871078.400547117,0.07604278133853787,0.9148602922239133,early exposure,FALSE,FALSE
14524330,Zwickau,100,RP100,8110947.345329098,0.07836016414045407,8110947.345329098,0.07836016414045407,0.9427404074700568,early exposure,FALSE,FALSE
14524330,Zwickau,200,RP200,8277732.08945491,0.07997147776010771,8277732.089454911,0.07997147776010771,0.9621259010434439,early exposure,FALSE,FALSE
14524330,Zwickau,500,RP500,8603585.12381545,0.0831195560512165,8603585.12381545,0.0831195560512165,1,early exposure,FALSE,FALSE
14521270,Grünhainichen,10,RP10,1332224.323321849,0.0461568962107759,1332224.3233218493,0.0461568962107759,0.930343633132872,early exposure,FALSE,FALSE
14521270,Grünhainichen,20,RP20,1400556.8902788763,0.0485243797836527,1400556.8902788763,0.0485243797836527,0.9780629004448361,early exposure,FALSE,FALSE
14521270,Grünhainichen,50,RP50,1415062.4417991035,0.04902694622406248,1415062.4417991035,0.04902694622406248,0.9881926865969719,early exposure,FALSE,FALSE
14521270,Grünhainichen,100,RP100,1431693.6487578272,0.0496031591635918,1431693.6487578272,0.0496031591635918,0.9998068999351454,early exposure,FALSE,FALSE
14521270,Grünhainichen,200,RP200,1431693.6487578272,0.0496031591635918,1431693.6487578272,0.0496031591635918,0.9998068999351454,early exposure,FALSE,FALSE
14521270,Grünhainichen,500,RP500,1431970.162289035,0.049612739386785,1431970.162289035,0.049612739386785,1,early exposure,FALSE,FALSE
15083361,Loitsche-Heinrichsberg,10,RP10,14526445.052001046,0.4658628348768875,14526445.052001046,0.4658628348768875,0.961719330264172,early exposure,FALSE,FALSE
15083361,Loitsche-Heinrichsberg,20,RP20,14532854.336623743,0.46606838052093014,14532854.336623745,0.46606838052093014,0.9621436552034637,early exposure,FALSE,FALSE
15083361,Loitsche-Heinrichsberg,50,RP50,14761946.632678395,0.4734153663874945,14761946.632678397,0.4734153663874945,0.9773106481423185,early exposure,FALSE,FALSE
15083361,Loitsche-Heinrichsberg,100,RP100,15104661.6147466,0.4844062297769568,15104661.614746599,0.4844062297769568,1,early exposure,FALSE,FALSE
15083361,Loitsche-Heinrichsberg,200,RP200,15104661.6147466,0.4844062297769568,15104661.614746599,0.4844062297769568,1,early exposure,FALSE,FALSE
15083361,Loitsche-Heinrichsberg,500,RP500,15104661.6147466,0.4844062297769568,15104661.614746599,0.4844062297769568,1,early exposure,FALSE,FALSE
12072426,Trebbin,10,RP10,5907784.433488251,0.04659012262342871,5907784.433488251,0.04659012262342871,0.5136857420230105,early exposure,FALSE,FALSE
12072426,Trebbin,20,RP20,7300350.766063883,0.05757221530578624,7300350.766063882,0.05757221530578624,0.6347703005269507,early exposure,FALSE,FALSE
12072426,Trebbin,50,RP50,8506970.240410296,0.06708788905836145,8506970.240410296,0.06708788905836145,0.7396866574111979,early exposure,FALSE,FALSE
12072426,Trebbin,100,RP100,9113586.926852506,0.0718718052836312,9113586.926852506,0.0718718052836312,0.7924323772672311,early exposure,FALSE,FALSE
12072426,Trebbin,200,RP200,10592353.306224223,0.08353369100779472,10592353.306224223,0.08353369100779472,0.9210120865335903,early exposure,FALSE,FALSE
12072426,Trebbin,500,RP500,11500775.571893549,0.0906977142093652,11500775.571893549,0.0906977142093652,1,early exposure,FALSE,FALSE
16077048,Treben,10,RP10,2707256.3420720315,0.2709809488868801,2707256.342072031,0.2709809488868801,0.7689445087973155,early exposure,FALSE,FALSE
16077048,Treben,20,RP20,3046219.399365255,0.3049092213875238,3046219.3993652547,0.3049092213875238,0.8652204977165204,early exposure,FALSE,FALSE
16077048,Treben,50,RP50,3260199.105280242,0.3263273718782156,3260199.105280241,0.3263273718782156,0.9259973503921934,early exposure,FALSE,FALSE
16077048,Treben,100,RP100,3401166.2297386304,0.3404373785864657,3401166.22973863,0.3404373785864657,0.9660363724045173,early exposure,FALSE,FALSE
16077048,Treben,200,RP200,3432964.5399105204,0.3436202084239916,3432964.5399105195,0.3436202084239916,0.9750680756886603,early exposure,FALSE,FALSE
16077048,Treben,500,RP500,3520743.449103207,0.35240637755605253,3520743.449103206,0.35240637755605253,1,early exposure,FALSE,FALSE
15084246,Kaiserpfalz,10,RP10,5257259.548972963,0.1278569841363394,5257259.548972963,0.1278569841363394,0.7629021987919802,early exposure,FALSE,FALSE
15084246,Kaiserpfalz,20,RP20,6301358.417651517,0.15324955439958288,6301358.417651517,0.15324955439958288,0.9144156090109405,early exposure,FALSE,FALSE
15084246,Kaiserpfalz,50,RP50,6321358.417651517,0.15373595604266446,6321358.417651517,0.15373595604266446,0.9173178899110381,early exposure,FALSE,FALSE
15084246,Kaiserpfalz,100,RP100,6891131.7299879175,0.16759288980788747,6891131.729987917,0.16759288980788747,1,early exposure,FALSE,FALSE
15084246,Kaiserpfalz,200,RP200,6891131.7299879175,0.16759288980788747,6891131.729987917,0.16759288980788747,1,early exposure,FALSE,FALSE
15084246,Kaiserpfalz,500,RP500,6891131.7299879175,0.16759288980788747,6891131.729987917,0.16759288980788747,1,early exposure,FALSE,FALSE
15090070,Bismark (Altmark),10,RP10,9543129.012822269,0.03281071517903882,9543129.012822269,0.03281071517903882,0.8592780499716511,early exposure,FALSE,FALSE
15090070,Bismark (Altmark),20,RP20,9666273.299192669,0.0332341037867582,9666273.299192669,0.0332341037867582,0.8703661513810876,early exposure,FALSE,FALSE
15090070,Bismark (Altmark),50,RP50,10650759.599717598,0.03661891599675642,10650759.599717598,0.03661891599675642,0.9590108157676049,early exposure,FALSE,FALSE
15090070,Bismark (Altmark),100,RP100,10865984.859193262,0.03735889286162983,10865984.85919326,0.03735889286162983,0.9783900299664703,early exposure,FALSE,FALSE
15090070,Bismark (Altmark),200,RP200,11075984.859193264,0.03808090449726217,11075984.859193264,0.03808090449726217,0.9972987537458089,early exposure,FALSE,FALSE
15090070,Bismark (Altmark),500,RP500,11105984.859193264,0.03818404901663821,11105984.859193262,0.03818404901663821,1,early exposure,FALSE,FALSE
12061344,Münchehofe,10,RP10,791819.2545058591,0.01268143629768701,791819.2545058589,0.01268143629768701,0.28887449828614203,early exposure,FALSE,FALSE
12061344,Münchehofe,20,RP20,1404742.218248017,0.02249774661832494,1404742.2182480162,0.02249774661832494,0.5124833744678223,early exposure,FALSE,FALSE
12061344,Münchehofe,50,RP50,2301672.258479553,0.0368625920094317,2301672.258479553,0.0368625920094317,0.8397047875557724,early exposure,FALSE,FALSE
12061344,Münchehofe,100,RP100,2443335.812582402,0.03913141450501541,2443335.8125824016,0.03913141450501541,0.8913870217070883,early exposure,FALSE,FALSE
12061344,Münchehofe,200,RP200,2633368.9651635615,0.04217490366645356,2633368.9651635615,0.04217490366645356,0.9607156359043708,early exposure,FALSE,FALSE
12061344,Münchehofe,500,RP500,2741049.34566266,0.04389946628353994,2741049.34566266,0.04389946628353994,1,early exposure,FALSE,FALSE
14522150,Frankenberg/Sa.,10,RP10,1409089.1610229758,0.0215011857509468,1409089.1610229756,0.0215011857509468,0.5454740379173233,early exposure,FALSE,FALSE
14522150,Frankenberg/Sa.,20,RP20,1957872.6502365489,0.02987503182472364,1957872.6502365486,0.02987503182472364,0.7579142113882231,early exposure,FALSE,FALSE
14522150,Frankenberg/Sa.,50,RP50,2086715.8062419272,0.03184103987207721,2086715.8062419272,0.03184103987207721,0.8077908256638187,early exposure,FALSE,FALSE
14522150,Frankenberg/Sa.,100,RP100,2261584.629792477,0.03450935012611415,2261584.629792477,0.03450935012611415,0.8754844861691066,early exposure,FALSE,FALSE
14522150,Frankenberg/Sa.,200,RP200,2361212.644892087,0.03602956653108578,2361212.6448920867,0.03602956653108578,0.9140515954687188,early exposure,FALSE,FALSE
14522150,Frankenberg/Sa.,500,RP500,2583237.8134860913,0.03941743191489107,2583237.8134860913,0.03941743191489107,1,early exposure,FALSE,FALSE
16077052,Windischleuba,10,RP10,1740349.4760993468,0.08497639012669597,1740349.4760993468,0.08497639012669597,0.5938785879928374,early exposure,FALSE,FALSE
16077052,Windischleuba,20,RP20,2710426.7915388187,0.13234254821271524,2710426.7915388187,0.13234254821271524,0.9249087369651632,early exposure,FALSE,FALSE
16077052,Windischleuba,50,RP50,2830426.7915388187,0.13820181208772642,2830426.7915388187,0.13820181208772642,0.9658576564424558,early exposure,FALSE,FALSE
16077052,Windischleuba,100,RP100,2880480.255200473,0.14064578251649237,2880480.255200473,0.14064578251649237,0.9829379502177947,early exposure,FALSE,FALSE
16077052,Windischleuba,200,RP200,2920480.255200473,0.14259887047482944,2920480.255200473,0.14259887047482944,0.996587590043559,early exposure,FALSE,FALSE
16077052,Windischleuba,500,RP500,2930480.255200473,0.1430871424644137,2930480.255200473,0.1430871424644137,1,early exposure,FALSE,FALSE
15084250,Karsdorf,10,RP10,2207767.395662676,0.11041590922137162,2207767.395662676,0.11041590922137162,0.8396855802211656,early exposure,FALSE,FALSE
15084250,Karsdorf,20,RP20,2215107.871310037,0.1107830245679942,2215107.8713100376,0.1107830245679942,0.8424774013003078,early exposure,FALSE,FALSE
15084250,Karsdorf,50,RP50,2325107.114870659,0.11628435886402114,2325107.114870659,0.11628435886402114,0.884313682982222,early exposure,FALSE,FALSE
15084250,Karsdorf,100,RP100,2605107.114870659,0.13028785155202882,2605107.114870659,0.13028785155202882,0.9908067686776723,early exposure,FALSE,FALSE
15084250,Karsdorf,200,RP200,2619278.682005198,0.130996606683265,2619278.682005198,0.130996606683265,0.9961966755108769,early exposure,FALSE,FALSE
15084250,Karsdorf,500,RP500,2629278.682005198,0.1314967314221224,2629278.682005198,0.1314967314221224,1,early exposure,FALSE,FALSE
12062224,Herzberg (Elster),10,RP10,32687816.272046193,0.21869083616123677,32687816.272046193,0.21869083616123677,0.6518457485854002,early exposure,FALSE,FALSE
12062224,Herzberg (Elster),20,RP20,40580427.03954943,0.27149465865813854,40580427.03954944,0.27149465865813854,0.8092366471152606,early exposure,FALSE,FALSE
12062224,Herzberg (Elster),50,RP50,44970431.66523752,0.30086504468678366,44970431.665237516,0.30086504468678366,0.8967801473512244,early exposure,FALSE,FALSE
12062224,Herzberg (Elster),100,RP100,48835144.73197172,0.32672108000750755,48835144.73197172,0.32672108000750755,0.973848519281823,early exposure,FALSE,FALSE
12062224,Herzberg (Elster),200,RP200,49546551.301413715,0.33148059334504776,49546551.301413715,0.33148059334504776,0.9880350695226556,early exposure,FALSE,FALSE
12062224,Herzberg (Elster),500,RP500,50146551.301413715,0.3354947648823784,50146551.301413715,0.3354947648823784,1,early exposure,FALSE,FALSE
14626600,Weißwasser/O.L.,10,RP10,1696166.2685395677,0.02665507855908595,1696166.2685395675,0.02665507855908595,0.53164525576448185,early exposure,FALSE,FALSE
14626600,Weißwasser/O.L.,20,RP20,1966166.2685395677,0.03089810080545443,1966166.2685395672,0.03089810080545443,0.6162738807518213,early exposure,FALSE,FALSE
14626600,Weißwasser/O.L.,50,RP50,2346166.2685395675,0.03686976174478786,2346166.2685395675,0.03686976174478786,0.7353808344377066,early exposure,FALSE,FALSE
14626600,Weißwasser/O.L.,100,RP100,2566166.2685395675,0.04032703913071773,2566166.2685395675,0.04032703913071773,0.8043374918347981,early exposure,FALSE,FALSE
14626600,Weißwasser/O.L.,200,RP200,2818004.87575798,0.04428465695635544,2818004.87575798,0.04428465695635544,0.8832736216408017,early exposure,FALSE,FALSE
14626600,Weißwasser/O.L.,500,RP500,3190409.8647519336,0.05013696307842934,3190409.864751933,0.05013696307842934,1,early exposure,FALSE,FALSE
12062232,Hirschfeld,10,RP10,0,0,0,0,0,delayed jump,FALSE,TRUE
12062232,Hirschfeld,20,RP20,0,0,0,0,0,delayed jump,FALSE,TRUE
12062232,Hirschfeld,50,RP50,0,0,0,0,0,delayed jump,FALSE,TRUE
12062232,Hirschfeld,100,RP100,0,0,0,0,0,delayed jump,FALSE,TRUE
12062232,Hirschfeld,200,RP200,17743.96944751951,8.727405900657209e-4,17743.96944751951,8.727405900657209e-4,0.13421788693110911,delayed jump,FALSE,TRUE
12062232,Hirschfeld,500,RP500,132202.71793302093,0.00650241640679143,132202.7179330209,0.00650241640679143,1,delayed jump,FALSE,TRUE
14522500,Rossau,10,RP10,997411.6621693204,0.01856113470998431,997411.6621693204,0.01856113470998431,0.7175412417830088,early exposure,FALSE,FALSE
14522500,Rossau,20,RP20,1200155.1784512184,0.02233405000666286,1200155.1784512184,0.02233405000666286,0.8633955965636235,early exposure,FALSE,FALSE
14522500,Rossau,50,RP50,1306328.86387026,0.02430986816927803,1306328.86387026,0.02430986816927803,0.9397772962868466,early exposure,FALSE,FALSE
14522500,Rossau,100,RP100,1371745.778647666,0.02552723128377595,1371745.7786476659,0.02552723128377595,0.986838440690254,early exposure,FALSE,FALSE
14522500,Rossau,200,RP200,1381745.778647666,0.02571332430247612,1381745.7786476656,0.02571332430247612,0.9940324736958676,early exposure,FALSE,FALSE
14522500,Rossau,500,RP500,1390040.8841878767,0.02586769042551755,1390040.8841878765,0.02586769042551755,1,early exposure,FALSE,FALSE
12067040,Berkenbrück,10,RP10,2320836.0957207116,0.12847024394367904,2320836.095720711,0.12847024394367904,0.36114152645851516,early exposure,FALSE,FALSE
12067040,Berkenbrück,20,RP20,2765339.100111013,0.1530757770586691,2765339.1001110123,0.1530757770586691,0.4303099153063536,early exposure,FALSE,FALSE
12067040,Berkenbrück,50,RP50,4485771.43731199,0.24831057733445788,4485771.437311989,0.24831057733445788,0.6980235903784433,early exposure,FALSE,FALSE
12067040,Berkenbrück,100,RP100,5478988.334673895,0.303290253550431,5478988.334673894,0.303290253550431,0.8525764547875434,early exposure,FALSE,FALSE
12067040,Berkenbrück,200,RP200,5995760.530954901,0.3318962590507526,5995760.530954899,0.3318962590507526,0.9329905349289015,early exposure,FALSE,FALSE
12067040,Berkenbrück,500,RP500,6426389.450362224,0.35573379002826083,6426389.450362223,0.35573379002826083,1,early exposure,FALSE,FALSE
15083390,Niedere Börde,10,RP10,2421075.240289885,0.03096444464243548,2421075.240289885,0.03096444464243548,0.6594368298267361,early exposure,FALSE,FALSE
15083390,Niedere Börde,20,RP20,3161075.2402898856,0.04042870608053053,3161075.2402898856,0.04042870608053053,0.8609932482110556,early exposure,FALSE,FALSE
15083390,Niedere Börde,50,RP50,3631075.2402898856,0.04643979104796927,3631075.240289885,0.04643979104796927,0.989008811238934,early exposure,FALSE,FALSE
15083390,Niedere Börde,100,RP100,3651075.2402898856,0.04669558189764752,3651075.2402898856,0.04669558189764752,0.9944562820060779,early exposure,FALSE,FALSE
15083390,Niedere Börde,200,RP200,3671075.2402898856,0.04695137274732576,3671075.2402898856,0.04695137274732576,0.9999037527732216,early exposure,FALSE,FALSE
15083390,Niedere Börde,500,RP500,3671428.605111442,0.04695589212172338,3671428.605111442,0.04695589212172338,1,early exposure,FALSE,FALSE
12066196,Lübbenau/Spreewald,10,RP10,23401753.18166659,0.1677836946152464,23401753.18166659,0.1677836946152464,0.6745644762892354,early exposure,FALSE,FALSE
12066196,Lübbenau/Spreewald,20,RP20,27284951.222721014,0.19562508364251063,27284951.222721014,0.19562508364251063,0.7864991434296189,early exposure,FALSE,FALSE
12066196,Lübbenau/Spreewald,50,RP50,32317225.779513866,0.2317050136760636,32317225.779513866,0.2317050136760636,0.9315563801500716,early exposure,FALSE,FALSE
12066196,Lübbenau/Spreewald,100,RP100,33367795.293984607,0.23923728842572375,33367795.293984607,0.23923728842572375,0.9618394477832086,early exposure,FALSE,FALSE
12066196,Lübbenau/Spreewald,200,RP200,33521322.392145872,0.2403380326115583,33521322.392145872,0.2403380326115583,0.9662649250439677,early exposure,FALSE,FALSE
12066196,Lübbenau/Spreewald,500,RP500,34691647.728619106,0.24872892141937397,34691647.728619106,0.24872892141937397,1,early exposure,FALSE,FALSE
12067036,Beeskow,10,RP10,8608507.718361847,0.1103678252363197,8608507.718361847,0.1103678252363197,0.5920562883106165,early exposure,FALSE,FALSE
12067036,Beeskow,20,RP20,8978507.718361845,0.11511151562650604,8978507.718361843,0.11511151562650604,0.6175033035009116,early exposure,FALSE,FALSE
12067036,Beeskow,50,RP50,11476962.247820612,0.14714366357707676,11476962.247820612,0.14714366357707676,0.789336304483072,early exposure,FALSE,FALSE
12067036,Beeskow,100,RP100,12916962.247820612,0.16560559374428857,12916962.24782061,0.16560559374428857,0.888373336575032,early exposure,FALSE,FALSE
12067036,Beeskow,200,RP200,14366962.247820612,0.18419573175988385,14366962.247820614,0.18419573175988385,0.9880981258342976,early exposure,FALSE,FALSE
12067036,Beeskow,500,RP500,14540015.684869269,0.18641441264182013,14540015.684869269,0.18641441264182013,1,early exposure,FALSE,FALSE
15085135,Halberstadt,10,RP10,71591.03880269144,5.003412323062073e-4,71591.03880269144,5.003412323062073e-4,0.09930762678702956,early exposure,FALSE,TRUE
15085135,Halberstadt,20,RP20,385078.33177295414,0.00269126653665004,385078.33177295333,0.00269126653665004,0.5341620389232672,early exposure,FALSE,TRUE
15085135,Halberstadt,50,RP50,515078.3317729541,0.00359982103296169,515078.3317729536,0.00359982103296169,0.714491751946352,early exposure,FALSE,TRUE
15085135,Halberstadt,100,RP100,665063.6386890705,0.00464805045587954,665063.6386890705,0.00464805045587954,0.9225441162068334,early exposure,FALSE,TRUE
15085135,Halberstadt,200,RP200,714416.9682739297,0.00499297499051242,714416.9682739297,0.00499297499051242,0.9910046682127669,early exposure,FALSE,TRUE
15085135,Halberstadt,500,RP500,720901.7184170785,0.00503829613589715,720901.7184170778,0.00503829613589715,1,early exposure,FALSE,TRUE
15084285,Laucha an der Unstrut,10,RP10,5014030.405726036,0.16023024790016163,5014030.405726036,0.16023024790016163,0.8460638341469883,early exposure,FALSE,FALSE
15084285,Laucha an der Unstrut,20,RP20,5036689.929810552,0.16095436420332873,5036689.929810552,0.16095436420332873,0.8498873857164,early exposure,FALSE,FALSE
15084285,Laucha an der Unstrut,50,RP50,5420474.292011062,0.17321872211894226,5420474.292011062,0.17321872211894226,0.9146468791167999,early exposure,FALSE,FALSE
15084285,Laucha an der Unstrut,100,RP100,5430474.292011062,0.1735382858928619,5430474.292011062,0.1735382858928619,0.916334271824233,early exposure,FALSE,FALSE
15084285,Laucha an der Unstrut,200,RP200,5476302.724878013,0.17500279658884046,5476302.724878013,0.17500279658884046,0.924067328165511,early exposure,FALSE,FALSE
15084285,Laucha an der Unstrut,500,RP500,5926302.724878013,0.1893831664152241,5926302.724878013,0.1893831664152241,1,early exposure,FALSE,FALSE
15089075,Egeln,10,RP10,3420024.6260924535,0.11676128287442132,3420024.626092453,0.11676128287442132,0.5350273313035853,early exposure,FALSE,FALSE
15089075,Egeln,20,RP20,4531975.7815268235,0.15472382922911015,4531975.7815268235,0.15472382922911015,0.708980540497789,early exposure,FALSE,FALSE
15089075,Egeln,50,RP50,5448909.223279092,0.18602837720009288,5448909.223279092,0.18602837720009288,0.8524252539015768,early exposure,FALSE,FALSE
15089075,Egeln,100,RP100,5500723.129211397,0.18779732882729291,5500723.129211397,0.18779732882729291,0.8605310013292055,early exposure,FALSE,FALSE
15089075,Egeln,200,RP200,5723866.76258946,0.1954155596142013,5723866.762589461,0.1954155596142013,0.8954395051314304,early exposure,FALSE,FALSE
15089075,Egeln,500,RP500,6392242.836939973,0.2182342397161924,6392242.836939974,0.2182342397161924,1,early exposure,FALSE,FALSE
12062240,Hohenleipisch,10,RP10,515249.94856827415,0.01470809525665375,515249.94856827415,0.01470809525665375,1,early exposure,FALSE,TRUE
12062240,Hohenleipisch,20,RP20,515249.94856827415,0.01470809525665375,515249.94856827415,0.01470809525665375,1,early exposure,FALSE,TRUE
12062240,Hohenleipisch,50,RP50,515249.94856827415,0.01470809525665375,515249.94856827415,0.01470809525665375,1,early exposure,FALSE,TRUE
12062240,Hohenleipisch,100,RP100,515249.94856827415,0.01470809525665375,515249.94856827415,0.01470809525665375,1,early exposure,FALSE,TRUE
12062240,Hohenleipisch,200,RP200,515249.94856827415,0.01470809525665375,515249.94856827415,0.01470809525665375,1,early exposure,FALSE,TRUE
12062240,Hohenleipisch,500,RP500,515249.94856827415,0.01470809525665375,515249.94856827415,0.01470809525665375,1,early exposure,FALSE,TRUE
14522510,Roßwein,10,RP10,2224771.647787754,0.04987561072703712,2224771.6477877535,0.04987561072703712,0.9100120454198347,early exposure,FALSE,FALSE
14522510,Roßwein,20,RP20,2254771.647787754,0.05054815989553222,2254771.647787754,0.05054815989553222,0.9222831301353119,early exposure,FALSE,FALSE
14522510,Roßwein,50,RP50,2324771.647787754,0.05211744128868744,2324771.647787754,0.05211744128868744,0.9509156611380918,early exposure,FALSE,FALSE
14522510,Roßwein,100,RP100,2334771.647787754,0.05234162434485247,2334771.647787754,0.05234162434485247,0.9550060227099174,early exposure,FALSE,FALSE
14522510,Roßwein,200,RP200,2424771.647787754,0.05435927185033775,2424771.647787754,0.05435927185033775,0.9918192768563486,early exposure,FALSE,FALSE
14522510,Roßwein,500,RP500,2444771.647787754,0.05480763796266781,2444771.647787754,0.05480763796266781,1,early exposure,FALSE,FALSE
15084275,Kretzschau,10,RP10,1089809.7443118007,0.03910064554272921,1089809.7443118007,0.03910064554272921,0.7728104177774765,early exposure,FALSE,FALSE
15084275,Kretzschau,20,RP20,1109809.7443118005,0.0398182138292455,1109809.7443118002,0.0398182138292455,0.7869929009459581,early exposure,FALSE,FALSE
15084275,Kretzschau,50,RP50,1347887.9930191229,0.04836008387833122,1347887.9930191226,0.04836008387833122,0.9558199386996188,early exposure,FALSE,FALSE
15084275,Kretzschau,100,RP100,1364484.5279777795,0.04895554123595079,1364484.5279777797,0.04895554123595079,0.9675889425849324,early exposure,FALSE,FALSE
15084275,Kretzschau,200,RP200,1372210.1334111977,0.04923272370860872,1372210.1334111975,0.04923272370860872,0.9730673560362214,early exposure,FALSE,FALSE
15084275,Kretzschau,500,RP500,1410190.2863136623,0.05059539137060116,1410190.2863136625,0.05059539137060116,1,early exposure,FALSE,FALSE
15082430,Zerbst/Anhalt,10,RP10,19512907.968800604,0.04142904996991911,19512907.968800604,0.04142904996991911,0.8699415105073934,early exposure,FALSE,FALSE
15082430,Zerbst/Anhalt,20,RP20,20012906.6157165,0.04249062771943195,20012906.615716495,0.04249062771943195,0.8922328870077665,early exposure,FALSE,FALSE
15082430,Zerbst/Anhalt,50,RP50,20552656.54421514,0.04363660384942673,20552656.54421514,0.04363660384942673,0.9162964898723491,early exposure,FALSE,FALSE
15082430,Zerbst/Anhalt,100,RP100,21790137.8117015,0.04626397611754298,21790137.8117015,0.04626397611754298,0.9714669608643188,early exposure,FALSE,FALSE
15082430,Zerbst/Anhalt,200,RP200,22140137.8117015,0.04700708255317298,22140137.811701495,0.04700708255317298,0.9870709666416443,early exposure,FALSE,FALSE
15082430,Zerbst/Anhalt,500,RP500,22430137.8117015,0.04762279931412356,22430137.8117015,0.04762279931412356,1,early exposure,FALSE,FALSE
14522540,Striegistal,10,RP10,165046.6956354781,0.00214168644071728,165046.69563547804,0.00214168644071728,0.9428723863441331,early exposure,FALSE,TRUE
14522540,Striegistal,20,RP20,165046.6956354781,0.00214168644071728,165046.69563547804,0.00214168644071728,0.9428723863441331,early exposure,FALSE,TRUE
14522540,Striegistal,50,RP50,165046.6956354781,0.00214168644071728,165046.69563547804,0.00214168644071728,0.9428723863441331,early exposure,FALSE,TRUE
14522540,Striegistal,100,RP100,175046.6956354781,0.00227144889566805,175046.69563547775,0.00227144889566805,1,early exposure,FALSE,TRUE
14522540,Striegistal,200,RP200,175046.6956354781,0.00227144889566805,175046.69563547775,0.00227144889566805,1,early exposure,FALSE,TRUE
14522540,Striegistal,500,RP500,175046.6956354781,0.00227144889566805,175046.69563547775,0.00227144889566805,1,early exposure,FALSE,TRUE
14625310,Lauta,10,RP10,53741.224674766,0.00127783532683265,53741.22467476571,0.00127783532683265,0.6287333853186858,early exposure,FALSE,TRUE
14625310,Lauta,20,RP20,85475.37943690702,0.00203239617407139,85475.37943690698,0.00203239617407139,1,early exposure,FALSE,TRUE
14625310,Lauta,50,RP50,85475.37943690702,0.00203239617407139,85475.37943690698,0.00203239617407139,1,early exposure,FALSE,TRUE
14625310,Lauta,100,RP100,85475.37943690702,0.00203239617407139,85475.37943690698,0.00203239617407139,1,early exposure,FALSE,TRUE
14625310,Lauta,200,RP200,85475.37943690702,0.00203239617407139,85475.37943690698,0.00203239617407139,1,early exposure,FALSE,TRUE
14625310,Lauta,500,RP500,85475.37943690702,0.00203239617407139,85475.37943690698,0.00203239617407139,1,early exposure,FALSE,TRUE
13076103,Neu Kaliß,10,RP10,4502000.711416215,0.13128097048212364,4502000.711416215,0.13128097048212364,0.4761789843569768,early exposure,FALSE,FALSE
13076103,Neu Kaliß,20,RP20,7247482.5442328,0.21134082443532723,7247482.5442328,0.21134082443532723,0.7665700425827043,early exposure,FALSE,FALSE
13076103,Neu Kaliß,50,RP50,7256280.607133786,0.21159738108870033,7256280.607133786,0.21159738108870033,0.7675006183255906,early exposure,FALSE,FALSE
13076103,Neu Kaliß,100,RP100,7282563.351607448,0.2123638012699958,7282563.3516074475,0.2123638012699958,0.7702805580394706,early exposure,FALSE,FALSE
13076103,Neu Kaliß,200,RP200,8473548.681730723,0.2470936291822999,8473548.681730721,0.2470936291822999,0.8962517031448114,early exposure,FALSE,FALSE
13076103,Neu Kaliß,500,RP500,9454429.65631008,0.27569669135945385,9454429.65631008,0.27569669135945385,1,early exposure,FALSE,FALSE
13076105,Neustadt-Glewe,10,RP10,10301940.013406867,0.10946379992679443,10301940.013406867,0.10946379992679443,0.3786706783964742,early exposure,FALSE,FALSE
13076105,Neustadt-Glewe,20,RP20,15093274.57388797,0.16037437473389754,15093274.57388797,0.16037437473389754,0.5547868182769905,early exposure,FALSE,FALSE
13076105,Neustadt-Glewe,50,RP50,19621778.149604205,0.2084922252295193,19621778.149604205,0.2084922252295193,0.7212420217537807,early exposure,FALSE,FALSE
13076105,Neustadt-Glewe,100,RP100,22311780.64131796,0.2370749867455374,22311780.64131796,0.2370749867455374,0.820119035898672,early exposure,FALSE,FALSE
13076105,Neustadt-Glewe,200,RP200,24725335.397748284,0.2627203384585573,24725335.397748284,0.2627203384585573,0.9088345997415123,early exposure,FALSE,FALSE
13076105,Neustadt-Glewe,500,RP500,27205539.27500183,0.2890738738746075,27205539.27500183,0.2890738738746075,1,early exposure,FALSE,FALSE
13076106,Nostorf,10,RP10,4806338.204140161,0.24043561175796677,4806338.204140161,0.24043561175796677,0.8587446064154481,early exposure,FALSE,FALSE
13076106,Nostorf,20,RP20,4806338.204140161,0.24043561175796677,4806338.204140161,0.24043561175796677,0.8587446064154481,early exposure,FALSE,FALSE
13076106,Nostorf,50,RP50,4806338.204140161,0.24043561175796677,4806338.204140161,0.24043561175796677,0.8587446064154481,early exposure,FALSE,FALSE
13076106,Nostorf,100,RP100,5586935.536169091,0.27948475667692874,5586935.536169091,0.27948475667692874,0.9982133079905287,early exposure,FALSE,FALSE
13076106,Nostorf,200,RP200,5596935.536169091,0.2799850036457143,5596935.53616909,0.2799850036457143,1,early exposure,FALSE,FALSE
13076106,Nostorf,500,RP500,5596935.536169091,0.2799850036457143,5596935.53616909,0.2799850036457143,1,early exposure,FALSE,FALSE
13076108,Parchim,10,RP10,7820092.365596649,0.06263988406789803,7820092.36559665,0.06263988406789803,0.6043914082125788,early exposure,FALSE,FALSE
13076108,Parchim,20,RP20,9981112.807578916,0.0799499187357301,9981112.807578918,0.0799499187357301,0.7714101756445131,early exposure,FALSE,FALSE
13076108,Parchim,50,RP50,11006880.311172424,0.08816644029350483,11006880.311172424,0.08816644029350483,0.8506886594541195,early exposure,FALSE,FALSE
13076108,Parchim,100,RP100,12003353.957022622,0.09614831451373468,12003353.957022624,0.09614831451373468,0.9277031091442126,early exposure,FALSE,FALSE
13076108,Parchim,200,RP200,12802672.76855024,0.10255095470602348,12802672.76855024,0.10255095470602348,0.9894800549300853,early exposure,FALSE,FALSE
13076108,Parchim,500,RP500,12938788.108725294,0.10364125501576636,12938788.108725296,0.10364125501576636,1,early exposure,FALSE,FALSE
13076109,Passow,10,RP10,1565873.1659705816,0.06291632966251928,1565873.1659705816,0.06291632966251928,0.5273371733359905,early exposure,FALSE,FALSE
13076109,Passow,20,RP20,2198559.574408734,0.08833748605714772,2198559.574408734,0.08833748605714772,0.7404061941765607,early exposure,FALSE,FALSE
13076109,Passow,50,RP50,2523073.2489828705,0.10137635138366768,2523073.2489828705,0.10137635138366768,0.849692263813452,early exposure,FALSE,FALSE
13076109,Passow,100,RP100,2643073.24898287,0.1061979165803754,2643073.24898287,0.1061979165803754,0.890104515696634,early exposure,FALSE,FALSE
13076109,Passow,200,RP200,2909396.5173452552,0.1168987082621215,2909396.5173452552,0.1168987082621215,0.9797938740584089,early exposure,FALSE,FALSE
13076109,Passow,500,RP500,2969396.5173452552,0.11930949086047538,2969396.5173452552,0.11930949086047538,1,early exposure,FALSE,FALSE
16073035,Hohenwarte,10,RP10,1562454.5891485657,0.2398084195887379,1562454.5891485657,0.2398084195887379,0.9749519816659686,early exposure,FALSE,FALSE
16073035,Hohenwarte,20,RP20,1582454.5891485657,0.2428780565721643,1582454.5891485657,0.2428780565721643,0.9874317297295235,early exposure,FALSE,FALSE
16073035,Hohenwarte,50,RP50,1602596.4545235245,0.2459694673156728,1602596.4545235245,0.2459694673156728,1,early exposure,FALSE,FALSE
16073035,Hohenwarte,100,RP100,1602596.4545235245,0.2459694673156728,1602596.4545235245,0.2459694673156728,1,early exposure,FALSE,FALSE
16073035,Hohenwarte,200,RP200,1602596.4545235245,0.2459694673156728,1602596.4545235245,0.2459694673156728,1,early exposure,FALSE,FALSE
16073035,Hohenwarte,500,RP500,1602596.4545235245,0.2459694673156728,1602596.4545235245,0.2459694673156728,1,early exposure,FALSE,FALSE
14522530,Seelitz,10,RP10,991017.778703596,0.0314699905756377,991017.778703596,0.0314699905756377,0.863728853768391,early exposure,FALSE,FALSE
14522530,Seelitz,20,RP20,1051017.778703596,0.03337530395660279,1051017.778703596,0.03337530395660279,0.9160222962673711,early exposure,FALSE,FALSE
14522530,Seelitz,50,RP50,1087371.3936727387,0.0345297211073888,1087371.3936727387,0.0345297211073888,0.9477065575010198,early exposure,FALSE,FALSE
14522530,Seelitz,100,RP100,1097371.3936727387,0.03484727333754964,1097371.3936727385,0.03484727333754964,0.9564221312508496,early exposure,FALSE,FALSE
14522530,Seelitz,200,RP200,1117371.3936727387,0.03548237779787134,1117371.3936727387,0.03548237779787134,0.9738532787505099,early exposure,FALSE,FALSE
14522530,Seelitz,500,RP500,1147371.3936727387,0.03643503448835389,1147371.3936727387,0.03643503448835389,1,early exposure,FALSE,FALSE
16073038,Kaulsdorf,10,RP10,2129979.2846394023,0.09695730698900384,2129979.2846394028,0.09695730698900384,0.8224328941422377,early exposure,FALSE,FALSE
16073038,Kaulsdorf,20,RP20,2319993.633158332,0.1056068181154862,2319993.633158332,0.1056068181154862,0.895801706556501,early exposure,FALSE,FALSE
16073038,Kaulsdorf,50,RP50,2469851.7676154966,0.1124284061244149,2469851.7676154966,0.1124284061244149,0.9536653018135919,early exposure,FALSE,FALSE
16073038,Kaulsdorf,100,RP100,2559851.767615496,0.11652523358745176,2559851.767615496,0.11652523358745176,0.988416325453398,early exposure,FALSE,FALSE
16073038,Kaulsdorf,200,RP200,2559851.767615496,0.11652523358745176,2559851.767615496,0.11652523358745176,0.988416325453398,early exposure,FALSE,FALSE
16073038,Kaulsdorf,500,RP500,2589851.767615496,0.11789084274179738,2589851.767615496,0.11789084274179738,1,early exposure,FALSE,FALSE
14625340,Malschwitz,10,RP10,983971.8524892092,0.01053057320178501,983971.8524892092,0.01053057320178501,0.42401711413719884,early exposure,FALSE,FALSE
14625340,Malschwitz,20,RP20,1363971.8524892093,0.01459737430646619,1363971.8524892093,0.01459737430646619,0.5877682447864392,early exposure,FALSE,FALSE
14625340,Malschwitz,50,RP50,1673971.8524892093,0.01791502783923242,1673971.8524892095,0.01791502783923242,0.7213546934739775,early exposure,FALSE,FALSE
14625340,Malschwitz,100,RP100,1673971.8524892093,0.01791502783923242,1673971.8524892095,0.01791502783923242,0.7213546934739775,early exposure,FALSE,FALSE
14625340,Malschwitz,200,RP200,2205348.163362395,0.02360187459728632,2205348.163362395,0.02360187459728632,0.9503375137521521,early exposure,FALSE,FALSE
14625340,Malschwitz,500,RP500,2320594.663947518,0.02483525511278689,2320594.6639475175,0.02483525511278689,1,early exposure,FALSE,FALSE
12067072,Briesen (Mark),10,RP10,1790377.9748102722,0.0160254760273618,1790377.9748102713,0.0160254760273618,0.7656469950923047,early exposure,FALSE,FALSE
12067072,Briesen (Mark),20,RP20,2019870.3816205924,0.01807963728020568,2019870.381620592,0.01807963728020568,0.8637883787235701,early exposure,FALSE,FALSE
12067072,Briesen (Mark),50,RP50,2060438.617655637,0.01844275909202358,2060438.6176556367,0.01844275909202358,0.881137200287195,early exposure,FALSE,FALSE
12067072,Briesen (Mark),100,RP100,2140426.4446374937,0.0191587213200075,2140426.444637493,0.0191587213200075,0.9153436305685502,early exposure,FALSE,FALSE
12067072,Briesen (Mark),200,RP200,2278078.3634546357,0.02039082848182523,2278078.363454635,0.02039082848182523,0.9742098473640305,early exposure,FALSE,FALSE
12067072,Briesen (Mark),500,RP500,2338385.687250595,0.02093063269376484,2338385.687250594,0.02093063269376484,1,early exposure,FALSE,FALSE
14521670,Wolkenstein,10,RP10,627412.1616867431,0.02084742845052377,627412.161686743,0.02084742845052377,0.8853878915349912,early exposure,FALSE,FALSE
14521670,Wolkenstein,20,RP20,668629.7064657196,0.02221699038788863,668629.7064657195,0.02221699038788863,0.9435530296923348,early exposure,FALSE,FALSE
14521670,Wolkenstein,50,RP50,668629.7064657196,0.02221699038788863,668629.7064657195,0.02221699038788863,0.9435530296923348,early exposure,FALSE,FALSE
14521670,Wolkenstein,100,RP100,668629.7064657196,0.02221699038788863,668629.7064657195,0.02221699038788863,0.9435530296923348,early exposure,FALSE,FALSE
14521670,Wolkenstein,200,RP200,698629.7064657196,0.02321381973183109,698629.7064657196,0.02321381973183109,0.985888257423084,early exposure,FALSE,FALSE
14521670,Wolkenstein,500,RP500,708629.7064657196,0.0235460961798119,708629.7064657194,0.0235460961798119,1,early exposure,FALSE,FALSE
16062008,Görsbach,10,RP10,1121238.0120412009,0.14096528895624472,1121238.0120412007,0.14096528895624472,0.6571735105238248,early exposure,FALSE,FALSE
16062008,Görsbach,20,RP20,1369798.5922614592,0.17221504470622467,1369798.5922614592,0.17221504470622467,0.8028583939535384,early exposure,FALSE,FALSE
16062008,Görsbach,50,RP50,1517069.0958115524,0.190730318773572,1517069.0958115521,0.190730318773572,0.8891757260233234,early exposure,FALSE,FALSE
16062008,Görsbach,100,RP100,1642754.6227455435,0.20653186709034185,1642754.6227455437,0.20653186709034185,0.9628417969825845,early exposure,FALSE,FALSE
16062008,Görsbach,200,RP200,1652754.6227455435,0.20778909604121923,1652754.6227455435,0.20778909604121923,0.9687029388941706,early exposure,FALSE,FALSE
16062008,Görsbach,500,RP500,1706152.171513237,0.21450239046288255,1706152.1715132368,0.21450239046288255,1,early exposure,FALSE,FALSE
01060063,Norderstedt,10,RP10,0,0,0,0,0,delayed jump,FALSE,TRUE
01060063,Norderstedt,20,RP20,0,0,0,0,0,delayed jump,FALSE,TRUE
01060063,Norderstedt,50,RP50,0,0,0,0,0,delayed jump,FALSE,TRUE
01060063,Norderstedt,100,RP100,0,0,0,0,0,delayed jump,FALSE,TRUE
01060063,Norderstedt,200,RP200,0,0,0,0,0,delayed jump,FALSE,TRUE
01060063,Norderstedt,500,RP500,564180.5315707301,0.00961981685746062,564180.53157073,0.00961981685746062,1,delayed jump,FALSE,TRUE
14625330,Lohsa,10,RP10,1591917.0182183434,0.01180853565192927,1591917.0182183434,0.01180853565192927,0.4088691652336948,early exposure,FALSE,FALSE
14625330,Lohsa,20,RP20,3833463.126055156,0.02843589551234368,3833463.126055155,0.02843589551234368,0.9845895548365466,early exposure,FALSE,FALSE
14625330,Lohsa,50,RP50,3893463.126055156,0.02888096402471421,3893463.126055156,0.02888096402471421,1,early exposure,FALSE,FALSE
14625330,Lohsa,100,RP100,3893463.126055156,0.02888096402471421,3893463.126055156,0.02888096402471421,1,early exposure,FALSE,FALSE
14625330,Lohsa,200,RP200,3893463.126055156,0.02888096402471421,3893463.126055156,0.02888096402471421,1,early exposure,FALSE,FALSE
14625330,Lohsa,500,RP500,3893463.126055156,0.02888096402471421,3893463.126055156,0.02888096402471421,1,early exposure,FALSE,FALSE
13076100,Muchow,10,RP10,350635.38242320856,0.01808755050710708,350635.38242320844,0.01808755050710708,0.7141762326053915,early exposure,FALSE,FALSE
13076100,Muchow,20,RP20,444198.6759314189,0.02291401948820505,444198.67593141884,0.02291401948820505,0.904746505365815,early exposure,FALSE,FALSE
13076100,Muchow,50,RP50,444198.6759314189,0.02291401948820505,444198.67593141884,0.02291401948820505,0.904746505365815,early exposure,FALSE,FALSE
13076100,Muchow,100,RP100,490964.7877024035,0.02532645260557293,490964.7877024035,0.02532645260557293,1,early exposure,FALSE,FALSE
13076100,Muchow,200,RP200,490964.7877024035,0.02532645260557293,490964.7877024035,0.02532645260557293,1,early exposure,FALSE,FALSE
13076100,Muchow,500,RP500,490964.7877024035,0.02532645260557293,490964.7877024035,0.02532645260557293,1,early exposure,FALSE,FALSE
13076102,Neu Gülze,10,RP10,4006884.025283443,0.30748011097896044,4006884.025283443,0.30748011097896044,0.4881046062432222,early exposure,FALSE,FALSE
13076102,Neu Gülze,20,RP20,5705055.274977984,0.43779431049723094,5705055.274977984,0.43779431049723094,0.694969892070176,early exposure,FALSE,FALSE
13076102,Neu Gülze,50,RP50,7087321.195784211,0.54386657913542,7087321.195784211,0.54386657913542,0.8633526949517297,early exposure,FALSE,FALSE
13076102,Neu Gülze,100,RP100,7745605.280571475,0.5943819577111084,7745605.280571474,0.5943819577111084,0.9435425611853894,early exposure,FALSE,FALSE
13076102,Neu Gülze,200,RP200,8113771.64144754,0.6226342936376229,8113771.641447539,0.6226342936376229,0.9883913003736168,early exposure,FALSE,FALSE
13076102,Neu Gülze,500,RP500,8209068.248962222,0.6299471610102841,8209068.248962222,0.6299471610102841,1,early exposure,FALSE,FALSE
15082005,Aken (Elbe),10,RP10,33356024.45306183,0.5576610607647675,33356024.453061834,0.5576610607647675,0.8472678652224235,early exposure,FALSE,FALSE
15082005,Aken (Elbe),20,RP20,34511256.13576884,0.5769747450593095,34511256.13576884,0.5769747450593095,0.8766116103987054,early exposure,FALSE,FALSE
15082005,Aken (Elbe),50,RP50,36311444.20304731,0.6070711010740155,36311444.20304731,0.6070711010740155,0.9223377281172067,early exposure,FALSE,FALSE
15082005,Aken (Elbe),100,RP100,36924575.49608231,0.6173217065603832,36924575.49608231,0.6173217065603832,0.9379117196305491,early exposure,FALSE,FALSE
15082005,Aken (Elbe),200,RP200,38778924.30625261,0.6483235463018855,38778924.30625261,0.6483235463018855,0.9850135605583134,early exposure,FALSE,FALSE
15082005,Aken (Elbe),500,RP500,39368924.30625261,0.6581874323988095,39368924.30625261,0.6581874323988095,1,early exposure,FALSE,FALSE
01056042,Raa-Besenbek,10,RP10,11782473.594300777,0.9298926206276656,11782473.59430078,0.9298926206276656,0.9498991081699196,early exposure,FALSE,FALSE
01056042,Raa-Besenbek,20,RP20,11909222.004958006,0.9398958182417432,11909222.004958007,0.9398958182417432,0.9601175229434942,early exposure,FALSE,FALSE
01056042,Raa-Besenbek,50,RP50,11928000.15323677,0.9413778212671452,11928000.153236771,0.9413778212671452,0.9616314110214362,early exposure,FALSE,FALSE
01056042,Raa-Besenbek,100,RP100,12403921.103790645,0.978938302636373,12403921.103790646,0.978938302636373,1,early exposure,FALSE,FALSE
01056042,Raa-Besenbek,200,RP200,12403921.103790645,0.978938302636373,12403921.103790646,0.978938302636373,1,early exposure,FALSE,FALSE
01056042,Raa-Besenbek,500,RP500,12403921.103790645,0.978938302636373,12403921.103790646,0.978938302636373,1,early exposure,FALSE,FALSE
01056045,Seestermühe,10,RP10,11996835.30635446,0.6621581170600982,11996835.30635446,0.6621581170600982,0.8624574291874217,early exposure,FALSE,FALSE
01056045,Seestermühe,20,RP20,12113002.775259284,0.6685699107131221,12113002.775259284,0.6685699107131221,0.8708087563523281,early exposure,FALSE,FALSE
01056045,Seestermühe,50,RP50,13065216.487327293,0.7211267744626635,13065216.487327293,0.7211267744626635,0.9392637921326552,early exposure,FALSE,FALSE
01056045,Seestermühe,100,RP100,13282300.593449546,0.733108601276394,13282300.593449546,0.733108601276394,0.9548700578937998,early exposure,FALSE,FALSE
01056045,Seestermühe,200,RP200,13693291.056592088,0.7557929729673162,13693291.056592088,0.7557929729673162,0.9844163314910302,early exposure,FALSE,FALSE
01056045,Seestermühe,500,RP500,13910060.83356192,0.767757450572327,13910060.83356192,0.767757450572327,1,early exposure,FALSE,FALSE
01056049,Uetersen,10,RP10,2986956.1553109423,0.2623429604402025,2986956.1553109423,0.2623429604402025,0.9637507665334665,early exposure,FALSE,FALSE
01056049,Uetersen,20,RP20,2986956.1553109423,0.2623429604402025,2986956.1553109423,0.2623429604402025,0.9637507665334665,early exposure,FALSE,FALSE
01056049,Uetersen,50,RP50,2986956.1553109423,0.2623429604402025,2986956.1553109423,0.2623429604402025,0.9637507665334665,early exposure,FALSE,FALSE
01056049,Uetersen,100,RP100,2986956.1553109423,0.2623429604402025,2986956.1553109423,0.2623429604402025,0.9637507665334665,early exposure,FALSE,FALSE
01056049,Uetersen,200,RP200,3089303.5326496097,0.27133208266637776,3089303.5326496097,0.27133208266637776,0.9967734686536329,early exposure,FALSE,FALSE
01056049,Uetersen,500,RP500,3099303.5326496097,0.27221037798374875,3099303.53264961,0.27221037798374875,1,early exposure,FALSE,FALSE
01056029,Klein Nordende,10,RP10,1354291.5285003614,0.12390115944815444,1354291.5285003614,0.12390115944815444,1,early exposure,FALSE,FALSE
01056029,Klein Nordende,20,RP20,1354291.5285003614,0.12390115944815444,1354291.5285003614,0.12390115944815444,1,early exposure,FALSE,FALSE
01056029,Klein Nordende,50,RP50,1354291.5285003614,0.12390115944815444,1354291.5285003614,0.12390115944815444,1,early exposure,FALSE,FALSE
01056029,Klein Nordende,100,RP100,1354291.5285003614,0.12390115944815444,1354291.5285003614,0.12390115944815444,1,early exposure,FALSE,FALSE
01056029,Klein Nordende,200,RP200,1354291.5285003614,0.12390115944815444,1354291.5285003614,0.12390115944815444,1,early exposure,FALSE,FALSE
01056029,Klein Nordende,500,RP500,1354291.5285003614,0.12390115944815444,1354291.5285003614,0.12390115944815444,1,early exposure,FALSE,FALSE
14521690,Zschopau,10,RP10,1100976.9226708468,0.04790688215236624,1100976.9226708468,0.04790688215236624,0.9241948882187789,early exposure,FALSE,FALSE
14521690,Zschopau,20,RP20,1111511.9694830738,0.04836529434585588,1111511.9694830738,0.04836529434585588,0.9330383400755047,early exposure,FALSE,FALSE
14521690,Zschopau,50,RP50,1131282.20325129,0.04922555784435051,1131282.2032512901,0.04922555784435051,0.9496341002692343,early exposure,FALSE,FALSE
14521690,Zschopau,100,RP100,1131282.20325129,0.04922555784435051,1131282.2032512901,0.04922555784435051,0.9496341002692343,early exposure,FALSE,FALSE
14521690,Zschopau,200,RP200,1151282.20325129,0.05009581917618932,1151282.2032512901,0.05009581917618932,0.9664227335128229,early exposure,FALSE,FALSE
14521690,Zschopau,500,RP500,1191282.20325129,0.05183634183986694,1191282.2032512901,0.05183634183986694,1,early exposure,FALSE,FALSE
15090485,Schollene,10,RP10,5760475.746369361,0.08778150551875957,5760475.746369361,0.08778150551875957,0.790053229921159,early exposure,FALSE,FALSE
15090485,Schollene,20,RP20,6097353.588434969,0.0929150475132846,6097353.588434969,0.0929150475132846,0.8362562587908753,early exposure,FALSE,FALSE
15090485,Schollene,50,RP50,6097353.588434969,0.0929150475132846,6097353.588434969,0.0929150475132846,0.8362562587908753,early exposure,FALSE,FALSE
15090485,Schollene,100,RP100,6107353.588434969,0.09306743337407758,6107353.588434969,0.09306743337407758,0.837627765702295,early exposure,FALSE,FALSE
15090485,Schollene,200,RP200,6418519.763967527,0.0978091659248965,6418519.763967526,0.0978091659248965,0.8803044217365913,early exposure,FALSE,FALSE
15090485,Schollene,500,RP500,7291250.169237599,0.11110834332962535,7291250.169237597,0.11110834332962535,1,early exposure,FALSE,FALSE
15090003,Aland,10,RP10,59433970.75319926,0.6400621483337297,59433970.75319924,0.6400621483337297,0.7797854755625249,early exposure,FALSE,FALSE
15090003,Aland,20,RP20,65460684.35425874,0.7049656236694845,65460684.35425872,0.7049656236694845,0.8588571524490693,early exposure,FALSE,FALSE
15090003,Aland,50,RP50,70350405.79973282,0.7576244915438841,70350405.7997328,0.7576244915438841,0.9230112669126741,early exposure,FALSE,FALSE
15090003,Aland,100,RP100,72717996.40113525,0.7831217805101747,72717996.40113524,0.7831217805101747,0.9540745248383206,early exposure,FALSE,FALSE
15090003,Aland,200,RP200,74118905.00104338,0.7982085828340482,74118905.00104336,0.7982085828340482,0.9724547233166494,early exposure,FALSE,FALSE
15090003,Aland,500,RP500,76218360.83869673,0.8208182485984353,76218360.83869672,0.8208182485984353,1,early exposure,FALSE,FALSE
01056033,Seester,10,RP10,11278745.281166282,0.9569994837712166,11278745.281166283,0.9569994837712166,0.9882009512890167,early exposure,FALSE,FALSE
01056033,Seester,20,RP20,11412190.841829175,0.9683223152992236,11412190.841829177,0.9683223152992236,0.999892945983903,early exposure,FALSE,FALSE
01056033,Seester,50,RP50,11413412.693495387,0.9684259891906593,11413412.69349539,0.9684259891906593,1,early exposure,FALSE,FALSE
01056033,Seester,100,RP100,11413412.693495387,0.9684259891906593,11413412.69349539,0.9684259891906593,1,early exposure,FALSE,FALSE
01056033,Seester,200,RP200,11413412.693495387,0.9684259891906593,11413412.69349539,0.9684259891906593,1,early exposure,FALSE,FALSE
01056033,Seester,500,RP500,11413412.693495387,0.9684259891906593,11413412.69349539,0.9684259891906593,1,early exposure,FALSE,FALSE
15090007,Altmärkische Höhe,10,RP10,2163119.5731218653,0.02166978997271899,2163119.5731218653,0.02166978997271899,0.4791989743278683,early exposure,FALSE,FALSE
15090007,Altmärkische Höhe,20,RP20,2205922.7565284916,0.02209858549845441,2205922.7565284916,0.02209858549845441,0.4886812247967227,early exposure,FALSE,FALSE
15090007,Altmärkische Höhe,50,RP50,2701279.2883305573,0.0270609889361309,2701279.288330557,0.0270609889361309,0.5984182661122777,early exposure,FALSE,FALSE
15090007,Altmärkische Höhe,100,RP100,3191472.26184196,0.03197166466302298,3191472.2618419593,0.03197166466302298,0.7070114169709604,early exposure,FALSE,FALSE
15090007,Altmärkische Höhe,200,RP200,3401472.26184196,0.03407541146963311,3401472.2618419593,0.03407541146963311,0.7535330174683468,early exposure,FALSE,FALSE
15090007,Altmärkische Höhe,500,RP500,4514032.143236303,0.04522086050604212,4514032.143236303,0.04522086050604212,1,early exposure,FALSE,FALSE
15090008,Altmärkische Wische,10,RP10,47193673.01398002,0.6987064678993322,47193673.01398002,0.6987064678993322,0.8038627834452299,early exposure,FALSE,FALSE
15090008,Altmärkische Wische,20,RP20,50863718.7034347,0.753041816198,50863718.7034347,0.753041816198,0.8663756788162316,early exposure,FALSE,FALSE
15090008,Altmärkische Wische,50,RP50,55539682.84987308,0.8222698754722606,55539682.84987308,0.8222698754722606,0.9460226593115322,early exposure,FALSE,FALSE
15090008,Altmärkische Wische,100,RP100,56915340.893754065,0.8426366134583602,56915340.893754065,0.8426366134583602,0.9694546202842543,early exposure,FALSE,FALSE
15090008,Altmärkische Wische,200,RP200,57740658.01441781,0.854855505810837,57740658.01441781,0.854855505810837,0.9835124732859741,early exposure,FALSE,FALSE
15090008,Altmärkische Wische,500,RP500,58708617.92072938,0.8691862371147298,58708617.92072938,0.8691862371147298,1,early exposure,FALSE,FALSE
15091375,Wittenberg,10,RP10,44050965.232652046,0.18197560602176313,44050965.232652046,0.18197560602176313,0.9150323319555824,early exposure,FALSE,FALSE
15091375,Wittenberg,20,RP20,45207266.606048085,0.18675231504632664,45207266.606048085,0.18675231504632664,0.9390511732353136,early exposure,FALSE,FALSE
15091375,Wittenberg,50,RP50,46123190.88256501,0.19053602045230184,46123190.88256501,0.19053602045230184,0.9580768704523811,early exposure,FALSE,FALSE
15091375,Wittenberg,100,RP100,46930711.701895766,0.1938719085468488,46930711.701895766,0.1938719085468488,0.9748507970737939,early exposure,FALSE,FALSE
15091375,Wittenberg,200,RP200,47591430.301711306,0.19660135311125895,47591430.301711306,0.19660135311125895,0.9885753290553883,early exposure,FALSE,FALSE
15091375,Wittenberg,500,RP500,48141430.301711306,0.1988734164538752,48141430.30171131,0.1988734164538752,1,early exposure,FALSE,FALSE
01056036,Moorrege,10,RP10,4507904.470061069,0.4113068903692243,4507904.470061068,0.4113068903692243,0.9532664700481581,early exposure,FALSE,FALSE
01056036,Moorrege,20,RP20,4507904.470061069,0.4113068903692243,4507904.470061068,0.4113068903692243,0.9532664700481581,early exposure,FALSE,FALSE
01056036,Moorrege,50,RP50,4507904.470061069,0.4113068903692243,4507904.470061068,0.4113068903692243,0.9532664700481581,early exposure,FALSE,FALSE
01056036,Moorrege,100,RP100,4564403.585348676,0.41646194091918487,4564403.585348675,0.41646194091918487,0.9652140861852703,early exposure,FALSE,FALSE
01056036,Moorrege,200,RP200,4728902.7902484955,0.4314710558826699,4728902.790248495,0.4314710558826699,1,early exposure,FALSE,FALSE
01056036,Moorrege,500,RP500,4728902.7902484955,0.4314710558826699,4728902.790248495,0.4314710558826699,1,early exposure,FALSE,FALSE
01056037,Neuendeich,10,RP10,8197633.459174009,0.9437577352359142,8197633.459174009,0.9437577352359142,0.9720514243179549,early exposure,FALSE,FALSE
01056037,Neuendeich,20,RP20,8197633.459174009,0.9437577352359142,8197633.459174009,0.9437577352359142,0.9720514243179549,early exposure,FALSE,FALSE
01056037,Neuendeich,50,RP50,8197633.459174009,0.9437577352359142,8197633.459174009,0.9437577352359142,0.9720514243179549,early exposure,FALSE,FALSE
01056037,Neuendeich,100,RP100,8319401.968517132,0.9577764118665596,8319401.968517133,0.9577764118665596,0.9864903783811662,early exposure,FALSE,FALSE
01056037,Neuendeich,200,RP200,8433332.696061974,0.9708927589119584,8433332.696061974,0.9708927589119584,0.9999999511786186,early exposure,FALSE,FALSE
01056037,Neuendeich,500,RP500,8433333.107788946,0.9708928063122864,8433333.107788946,0.9708928063122864,1,early exposure,FALSE,FALSE
12063088,Friesack,10,RP10,25481595.89222414,0.3014093318323526,25481595.89222414,0.3014093318323526,0.8515189189026136,early exposure,FALSE,FALSE
12063088,Friesack,20,RP20,27599130.26659069,0.32645661001733567,27599130.26659069,0.32645661001733567,0.9222806007386386,early exposure,FALSE,FALSE
12063088,Friesack,50,RP50,27955608.576367725,0.3306732175491822,27955608.576367725,0.3306732175491822,0.9341930424176231,early exposure,FALSE,FALSE
12063088,Friesack,100,RP100,28113466.983378846,0.3325404474190296,28113466.983378846,0.3325404474190296,0.939468199462195,early exposure,FALSE,FALSE
12063088,Friesack,200,RP200,29179729.55885181,0.34515274579274413,29179729.55885181,0.34515274579274413,0.9750995138968658,early exposure,FALSE,FALSE
12063088,Friesack,500,RP500,29924873.4544422,0.35396668839817536,29924873.4544422,0.35396668839817536,1,early exposure,FALSE,FALSE
01056038,Osterhorn,10,RP10,0,0,0,0,0,delayed jump,FALSE,FALSE
01056038,Osterhorn,20,RP20,0,0,0,0,0,delayed jump,FALSE,FALSE
01056038,Osterhorn,50,RP50,0,0,0,0,0,delayed jump,FALSE,FALSE
01056038,Osterhorn,100,RP100,59567.27168010462,0.00934473822108027,59567.27168010461,0.00934473822108027,0.22294418353976556,delayed jump,FALSE,FALSE
01056038,Osterhorn,200,RP200,60270.74270136093,0.00945509668394658,60270.74270136092,0.00945509668394658,0.22557708526674283,delayed jump,FALSE,FALSE
01056038,Osterhorn,500,RP500,267184.6860246967,0.04191514697854179,267184.6860246967,0.04191514697854179,1,delayed jump,FALSE,FALSE
14730360,Zschepplin,10,RP10,9748959.32680296,0.1426518513871436,9748959.32680296,0.1426518513871436,0.8784867002523418,early exposure,FALSE,FALSE
14730360,Zschepplin,20,RP20,10082942.833091252,0.14753887203290705,10082942.833091252,0.14753887203290705,0.9085822272252833,early exposure,FALSE,FALSE
14730360,Zschepplin,50,RP50,10515822.260803502,0.1538729893187169,10515822.260803502,0.1538729893187169,0.9475893465813514,early exposure,FALSE,FALSE
14730360,Zschepplin,100,RP100,10684230.380649874,0.15633722465701236,10684230.380649874,0.15633722465701236,0.9627647400300444,early exposure,FALSE,FALSE
14730360,Zschepplin,200,RP200,10934671.390423017,0.16000180797404218,10934671.390423015,0.16000180797404218,0.9853321842985416,early exposure,FALSE,FALSE
14730360,Zschepplin,500,RP500,11097446.69327676,0.16238362099980275,11097446.693276757,0.16238362099980275,1,early exposure,FALSE,FALSE
16073076,Rudolstadt,10,RP10,3907784.848550304,0.02891477240259867,3907784.8485503034,0.02891477240259867,0.8101533515379135,early exposure,FALSE,FALSE
16073076,Rudolstadt,20,RP20,4093512.5376352016,0.03028902253838664,4093512.5376352007,0.03028902253838664,0.8486580071464076,early exposure,FALSE,FALSE
16073076,Rudolstadt,50,RP50,4403512.537635201,0.03258279760333957,4403512.5376352,0.03258279760333957,0.9129265246595767,early exposure,FALSE,FALSE
16073076,Rudolstadt,100,RP100,4653512.537635201,0.03443261620410808,4653512.537635201,0.03443261620410808,0.9647559742669716,early exposure,FALSE,FALSE
16073076,Rudolstadt,200,RP200,4763512.537635201,0.03524653638844622,4763512.537635201,0.03524653638844622,0.9875609320942254,early exposure,FALSE,FALSE
16073076,Rudolstadt,500,RP500,4823512.537635201,0.03569049285263066,4823512.537635201,0.03569049285263066,1,early exposure,FALSE,FALSE
16073077,Saalfeld/Saale,10,RP10,3566019.918316404,0.02449059831646187,3566019.918316403,0.02449059831646187,0.8067411178128732,early exposure,FALSE,FALSE
16073077,Saalfeld/Saale,20,RP20,3800277.880448331,0.02609942770732927,3800277.8804483316,0.02609942770732927,0.8597373249445769,early exposure,FALSE,FALSE
16073077,Saalfeld/Saale,50,RP50,4040277.880448331,0.02774769208346485,4040277.880448331,0.02774769208346485,0.9140325539982892,early exposure,FALSE,FALSE
16073077,Saalfeld/Saale,100,RP100,4250277.88044833,0.02918992341258347,4250277.880448329,0.02918992341258347,0.961540879420287,early exposure,FALSE,FALSE
16073077,Saalfeld/Saale,200,RP200,4360277.88044833,0.02994537791831229,4360277.88044833,0.02994537791831229,0.9864261927365721,early exposure,FALSE,FALSE
16073077,Saalfeld/Saale,500,RP500,4420277.88044833,0.03035744401234618,4420277.88044833,0.03035744401234618,1,early exposure,FALSE,FALSE
12069696,Ziesar,10,RP10,38564.06290964507,5.665638753890767e-4,38564.06290964507,5.665638753890767e-4,0.07533121397716565,early exposure,FALSE,TRUE
12069696,Ziesar,20,RP20,129402.25567390244,0.00190111305518998,129402.25567390177,0.00190111305518998,0.25277494837974035,early exposure,FALSE,TRUE
12069696,Ziesar,50,RP50,459140.2661435977,0.00674545856703362,459140.2661435977,0.00674545856703362,0.8968866614348773,early exposure,FALSE,TRUE
12069696,Ziesar,100,RP100,491926.7415673749,0.00722714102409127,491926.7415673744,0.00722714102409127,0.9609319100253177,early exposure,FALSE,TRUE
12069696,Ziesar,200,RP200,511926.7415673749,0.00752097099564615,511926.7415673745,0.00752097099564615,1,early exposure,FALSE,TRUE
12069696,Ziesar,500,RP500,511926.7415673749,0.00752097099564615,511926.7415673745,0.00752097099564615,1,early exposure,FALSE,TRUE
12069216,Golzow,10,RP10,0,0,0,0,0,delayed jump,FALSE,TRUE
12069216,Golzow,20,RP20,0,0,0,0,0,delayed jump,FALSE,TRUE
12069216,Golzow,50,RP50,0,0,0,0,0,delayed jump,FALSE,TRUE
12069216,Golzow,100,RP100,0,0,0,0,0,delayed jump,FALSE,TRUE
12069216,Golzow,200,RP200,0,0,0,0,0,delayed jump,FALSE,TRUE
12069216,Golzow,500,RP500,143415.7215216078,0.00356475868154027,143415.72152160777,0.00356475868154027,1,delayed jump,FALSE,TRUE
14729350,Pegau,10,RP10,6134638.761828221,0.1259094112392403,6134638.76182822,0.1259094112392403,0.795786858402744,early exposure,FALSE,FALSE
14729350,Pegau,20,RP20,6959630.665126016,0.14284182549445384,6959630.665126017,0.14284182549445384,0.9028050122699492,early exposure,FALSE,FALSE
14729350,Pegau,50,RP50,7538241.00234588,0.15471742073725833,7538241.00234588,0.15471742073725833,0.9778624884102926,early exposure,FALSE,FALSE
14729350,Pegau,100,RP100,7628241.00234588,0.15656461133013272,7628241.0023458805,0.15656461133013272,0.9895373106837565,early exposure,FALSE,FALSE
14729350,Pegau,200,RP200,7688896.794477484,0.15780953142600876,7688896.794477484,0.15780953142600876,0.9974055950503414,early exposure,FALSE,FALSE
14729350,Pegau,500,RP500,7708896.794477484,0.15822001822442527,7708896.794477484,0.15822001822442527,1,early exposure,FALSE,FALSE
15082015,Bitterfeld-Wolfen,10,RP10,13778577.746666962,0.15940129180481233,13778577.746666962,0.15940129180481233,0.505779987275268,early exposure,FALSE,FALSE
15082015,Bitterfeld-Wolfen,20,RP20,14949820.789659044,0.17295114125248115,14949820.789659044,0.17295114125248115,0.5487736330834561,early exposure,FALSE,FALSE
15082015,Bitterfeld-Wolfen,50,RP50,15873789.165399136,0.18364032524430443,15873789.165399136,0.18364032524430443,0.5826903929927014,early exposure,FALSE,FALSE
15082015,Bitterfeld-Wolfen,100,RP100,16764150.474540211,0.1939407165807356,16764150.474540215,0.1939407165807356,0.6153735145664574,early exposure,FALSE,FALSE
15082015,Bitterfeld-Wolfen,200,RP200,20840735.306157116,0.24110181696853344,20840735.30615712,0.24110181696853344,0.7650155938993922,early exposure,FALSE,FALSE
15082015,Bitterfeld-Wolfen,500,RP500,27242235.939177334,0.31515934954946934,27242235.939177338,0.31515934954946934,1,early exposure,FALSE,FALSE
15083320,Hötensleben,10,RP10,110103.99860678788,0.00181147339035574,110103.99860678747,0.00181147339035574,0.06428157314653259,early exposure,FALSE,FALSE
15083320,Hötensleben,20,RP20,324657.7975961327,0.00534139512423338,324657.7975961323,0.00534139512423338,0.18954365170967943,early exposure,FALSE,FALSE
15083320,Hötensleben,50,RP50,1013863.780639208,0.01668047739694147,1013863.7806392075,0.01668047739694147,0.591919999277498,early exposure,FALSE,FALSE
15083320,Hötensleben,100,RP100,1498608.1186692354,0.02465567793986591,1498608.1186692354,0.02465567793986591,0.8749263298080212,early exposure,FALSE,FALSE
15083320,Hötensleben,200,RP200,1619521.2745460786,0.02664498774865005,1619521.2745460786,0.02664498774865005,0.9455185696197029,early exposure,FALSE,FALSE
15083320,Hötensleben,500,RP500,1712839.2044140038,0.02818029027115452,1712839.2044140038,0.02818029027115452,1,early exposure,FALSE,FALSE
12061316,Lübben (Spreewald),10,RP10,13063918.4968468,0.10791961997261725,13063918.4968468,0.10791961997261725,0.4508737271645043,early exposure,FALSE,FALSE
12061316,Lübben (Spreewald),20,RP20,16244088.302212697,0.13419065931860805,16244088.302212695,0.13419065931860805,0.5606306131637105,early exposure,FALSE,FALSE
12061316,Lübben (Spreewald),50,RP50,25093136.78633554,0.20729169326614105,25093136.786335543,0.20729169326614105,0.866036948396044,early exposure,FALSE,FALSE
12061316,Lübben (Spreewald),100,RP100,27838365.220334683,0.22996972891116735,27838365.22033468,0.22996972891116735,0.9607827458574962,early exposure,FALSE,FALSE
12061316,Lübben (Spreewald),200,RP200,28158630.319286477,0.2326154043092275,28158630.319286477,0.2326154043092275,0.97183602354596,early exposure,FALSE,FALSE
12061316,Lübben (Spreewald),500,RP500,28974672.30793056,0.2393566390557107,28974672.30793056,0.2393566390557107,1,early exposure,FALSE,FALSE
01056050,Wedel,10,RP10,5469462.051579987,0.1938154359337373,5469462.051579987,0.1938154359337373,0.8744620231820822,early exposure,FALSE,FALSE
01056050,Wedel,20,RP20,5469462.051579987,0.1938154359337373,5469462.051579987,0.1938154359337373,0.8744620231820822,early exposure,FALSE,FALSE
01056050,Wedel,50,RP50,5511397.282901323,0.19530144956046663,5511397.282901323,0.19530144956046663,0.8811666619341275,early exposure,FALSE,FALSE
01056050,Wedel,100,RP100,5637691.673045837,0.1997768078408616,5637691.673045837,0.1997768078408616,0.9013587113314564,early exposure,FALSE,FALSE
01056050,Wedel,200,RP200,6247691.673045837,0.22139272085106831,6247691.673045837,0.22139272085106831,0.9988860054438597,early exposure,FALSE,FALSE
01056050,Wedel,500,RP500,6254659.329489401,0.2216396261880668,6254659.329489401,0.2216396261880668,1,early exposure,FALSE,FALSE
01056051,Westerhorn,10,RP10,0,0,0,0,0,early exposure,FALSE,FALSE
01056051,Westerhorn,20,RP20,198976.8221015344,0.02117514190476459,198976.8221015344,0.02117514190476459,0.0920938904152694,early exposure,FALSE,FALSE
01056051,Westerhorn,50,RP50,198976.8221015344,0.02117514190476459,198976.8221015344,0.02117514190476459,0.0920938904152694,early exposure,FALSE,FALSE
01056051,Westerhorn,100,RP100,1518052.0920489065,0.16155132104561074,1518052.0920489067,0.16155132104561074,0.7026110957711611,early exposure,FALSE,FALSE
01056051,Westerhorn,200,RP200,1577348.620985346,0.16786166614725465,1577348.6209853464,0.16786166614725465,0.7300557397261829,early exposure,FALSE,FALSE
01056051,Westerhorn,500,RP500,2160586.562304067,0.2299299313915584,2160586.5623040674,0.2299299313915584,1,early exposure,FALSE,FALSE
12069249,Groß Kreutz (Havel),10,RP10,24812488.90714352,0.24930498691286007,24812488.907143522,0.24930498691286007,0.6853554042888594,early exposure,FALSE,FALSE
12069249,Groß Kreutz (Havel),20,RP20,27059144.768117167,0.2718783979122089,27059144.768117163,0.2718783979122089,0.7474111594232116,early exposure,FALSE,FALSE
12069249,Groß Kreutz (Havel),50,RP50,28619968.432351764,0.2875608683262616,28619968.432351764,0.2875608683262616,0.790523276769777,early exposure,FALSE,FALSE
12069249,Groß Kreutz (Havel),100,RP100,33175317.536847744,0.33333101468803666,33175317.536847744,0.33333101468803666,0.9163483457047157,early exposure,FALSE,FALSE
12069249,Groß Kreutz (Havel),200,RP200,35333827.60808536,0.3550187755198911,35333827.60808536,0.3550187755198911,0.9759693917058173,early exposure,FALSE,FALSE
12069249,Groß Kreutz (Havel),500,RP500,36203827.60808537,0.36376015327630584,36203827.60808537,0.36376015327630584,1,early exposure,FALSE,FALSE
15084207,Gutenborn,10,RP10,609975.0745965777,0.01788115299872797,609975.0745965777,0.01788115299872797,0.920415774590726,early exposure,FALSE,TRUE
15084207,Gutenborn,20,RP20,609975.0745965777,0.01788115299872797,609975.0745965777,0.01788115299872797,0.920415774590726,early exposure,FALSE,TRUE
15084207,Gutenborn,50,RP50,662582.4799208343,0.01942331611759192,662582.4799208343,0.01942331611759192,0.9997971915326529,early exposure,FALSE,TRUE
15084207,Gutenborn,100,RP100,662582.4799208343,0.01942331611759192,662582.4799208343,0.01942331611759192,0.9997971915326529,early exposure,FALSE,TRUE
15084207,Gutenborn,200,RP200,662582.4799208343,0.01942331611759192,662582.4799208343,0.01942331611759192,0.9997971915326529,early exposure,FALSE,TRUE
15084207,Gutenborn,500,RP500,662716.8845164683,0.01942725612963233,662716.8845164682,0.01942725612963233,1,early exposure,FALSE,TRUE
15089015,Aschersleben,10,RP10,272735.60409483337,0.00173669782050856,272735.6040948327,0.00173669782050856,1,early exposure,FALSE,TRUE
15089015,Aschersleben,20,RP20,272735.60409483337,0.00173669782050856,272735.6040948327,0.00173669782050856,1,early exposure,FALSE,TRUE
15089015,Aschersleben,50,RP50,272735.60409483337,0.00173669782050856,272735.6040948327,0.00173669782050856,1,early exposure,FALSE,TRUE
15089015,Aschersleben,100,RP100,272735.60409483337,0.00173669782050856,272735.6040948327,0.00173669782050856,1,early exposure,FALSE,TRUE
15089015,Aschersleben,200,RP200,272735.60409483337,0.00173669782050856,272735.6040948327,0.00173669782050856,1,early exposure,FALSE,TRUE
15089015,Aschersleben,500,RP500,272735.60409483337,0.00173669782050856,272735.6040948327,0.00173669782050856,1,early exposure,FALSE,TRUE
14521220,Gornau/Erzgeb.,10,RP10,152627.12007834937,0.00772578230948957,152627.12007834922,0.00772578230948957,0.820883931294196,early exposure,FALSE,TRUE
14521220,Gornau/Erzgeb.,20,RP20,152837.92847448552,0.00773645315079697,152837.92847448552,0.00773645315079697,0.8220177352006142,early exposure,FALSE,TRUE
14521220,Gornau/Erzgeb.,50,RP50,162837.9284744855,0.00824263988258642,162837.9284744855,0.00824263988258642,0.8758013570676063,early exposure,FALSE,TRUE
14521220,Gornau/Erzgeb.,100,RP100,176206.72151355378,0.00891935044822797,176206.7215135537,0.00891935044822797,0.9477035680307386,early exposure,FALSE,TRUE
14521220,Gornau/Erzgeb.,200,RP200,176206.72151355378,0.00891935044822797,176206.7215135537,0.00891935044822797,0.9477035680307386,early exposure,FALSE,TRUE
14521220,Gornau/Erzgeb.,500,RP500,185930.2079865533,0.00941154043216462,185930.20798655308,0.00941154043216462,1,early exposure,FALSE,TRUE
12065256,Oranienburg,10,RP10,12811461.681780532,0.07796702027003835,12811461.681780532,0.07796702027003835,0.610933669640016,early exposure,FALSE,FALSE
12065256,Oranienburg,20,RP20,13191461.681780532,0.08027959540303418,13191461.681780532,0.08027959540303418,0.6290545367377461,early exposure,FALSE,FALSE
12065256,Oranienburg,50,RP50,15207722.327610731,0.09255000127457376,15207722.327610737,0.09255000127457376,0.7252029346258316,early exposure,FALSE,FALSE
12065256,Oranienburg,100,RP100,17697722.327610724,0.10770345411973056,17697722.327610724,0.10770345411973056,0.8439423006083253,early exposure,FALSE,FALSE
12065256,Oranienburg,200,RP200,19266492.027440418,0.11725055358610814,19266492.027440418,0.11725055358610814,0.9187514249176931,early exposure,FALSE,FALSE
12065256,Oranienburg,500,RP500,20970298.934955575,0.12761945223280835,20970298.93495558,0.12761945223280835,1,early exposure,FALSE,FALSE
15090010,Arneburg,10,RP10,2376475.838698239,0.07608257437373254,2376475.838698239,0.07608257437373254,0.671516023705733,early exposure,FALSE,FALSE
15090010,Arneburg,20,RP20,2766475.838698239,0.08856837520645182,2766475.838698239,0.08856837520645182,0.7817175435279131,early exposure,FALSE,FALSE
15090010,Arneburg,50,RP50,2958922.316166428,0.09472952492087798,2958922.316166428,0.09472952492087798,0.8360967596853986,early exposure,FALSE,FALSE
15090010,Arneburg,100,RP100,3318301.3637508685,0.10623499982239508,3318301.363750869,0.10623499982239508,0.9376457782393804,early exposure,FALSE,FALSE
15090010,Arneburg,200,RP200,3358301.3637508694,0.10751559477959707,3358301.3637508694,0.10751559477959707,0.9489484982211427,early exposure,FALSE,FALSE
15090010,Arneburg,500,RP500,3538971.156017628,0.11329971540198557,3538971.156017628,0.11329971540198557,1,early exposure,FALSE,FALSE
12063094,Gollenberg,10,RP10,3365003.56387429,0.11105980096960975,3365003.5638742894,0.11105980096960975,0.37165169160475225,early exposure,FALSE,FALSE
12063094,Gollenberg,20,RP20,5219961.366448542,0.17228150265593148,5219961.366448542,0.17228150265593148,0.5765246410967932,early exposure,FALSE,FALSE
12063094,Gollenberg,50,RP50,7038447.198940128,0.2322994701822552,7038447.198940128,0.2322994701822552,0.777369401875187,early exposure,FALSE,FALSE
12063094,Gollenberg,100,RP100,9001410.754390284,0.29708583300199937,9001410.754390284,0.29708583300199937,0.9941711710541703,early exposure,FALSE,FALSE
12063094,Gollenberg,200,RP200,9041410.754390284,0.29840600754400476,9041410.754390284,0.29840600754400476,0.9985890170926671,early exposure,FALSE,FALSE
12063094,Gollenberg,500,RP500,9054186.056155331,0.2988276482479211,9054186.056155331,0.2988276482479211,1,early exposure,FALSE,FALSE
14729370,Rötha,10,RP10,2684965.61468955,0.05819403279279268,2684965.6146895494,0.05819403279279268,0.8810263788085992,early exposure,FALSE,FALSE
14729370,Rötha,20,RP20,2807743.635366282,0.06085512763974553,2807743.635366282,0.06085512763974553,0.9213139245269888,early exposure,FALSE,FALSE
14729370,Rötha,50,RP50,2866139.7844302137,0.06212080768980165,2866139.7844302137,0.06212080768980165,0.9404756402170095,early exposure,FALSE,FALSE
14729370,Rötha,100,RP100,2959339.370430098,0.06414081857347141,2959339.3704300974,0.06414081857347141,0.9710575192960951,early exposure,FALSE,FALSE
14729370,Rötha,200,RP200,3019339.3704300984,0.06544126054131812,3019339.3704300984,0.06544126054131812,0.990745511737901,early exposure,FALSE,FALSE
14729370,Rötha,500,RP500,3047542.8196831,0.06605254302542873,3047542.8196830996,0.06605254302542873,1,early exposure,FALSE,FALSE
15089005,Alsleben (Saale),10,RP10,2504604.791980843,0.10494079952044648,2504604.791980843,0.10494079952044648,0.7874823756767169,early exposure,FALSE,FALSE
15089005,Alsleben (Saale),20,RP20,2712126.512192076,0.11363578218060572,2712126.5121920756,0.11363578218060572,0.852730073740576,early exposure,FALSE,FALSE
15089005,Alsleben (Saale),50,RP50,2852126.512192076,0.11950166249030646,2852126.512192076,0.11950166249030646,0.8967480094036104,early exposure,FALSE,FALSE
15089005,Alsleben (Saale),100,RP100,2880134.4039976066,0.12067516921215138,2880134.4039976066,0.12067516921215138,0.9055540778289894,early exposure,FALSE,FALSE
15089005,Alsleben (Saale),200,RP200,3100521.7098713233,0.12990920891238442,3100521.7098713233,0.12990920891238442,0.9748468939068377,early exposure,FALSE,FALSE
15089005,Alsleben (Saale),500,RP500,3180521.709871323,0.13326114051792767,3180521.709871323,0.13326114051792767,1,early exposure,FALSE,FALSE
03353023,Marschacht,10,RP10,22924816.6187074,0.87493772216719,22924816.6187074,0.87493772216719,0.8986550956361659,early exposure,FALSE,FALSE
03353023,Marschacht,20,RP20,24730929.375608437,0.943868968500937,24730929.375608437,0.943868968500937,0.9694548956641461,early exposure,FALSE,FALSE
03353023,Marschacht,50,RP50,24832018.743287783,0.9477270975566134,24832018.743287783,0.9477270975566134,0.9734176089495187,early exposure,FALSE,FALSE
03353023,Marschacht,100,RP100,24902018.743287783,0.9503986844909982,24902018.743287783,0.9503986844909982,0.9761616159241786,early exposure,FALSE,FALSE
03353023,Marschacht,200,RP200,25018898.65929861,0.9548594681553768,25018898.65929861,0.9548594681553768,0.9807433202774839,early exposure,FALSE,FALSE
03353023,Marschacht,500,RP500,25510139.240326367,0.9736079241255666,25510139.240326367,0.9736079241255666,1,early exposure,FALSE,FALSE
03353026,Neu Wulmstorf,10,RP10,6912750.039142022,0.12306171347145103,6912750.039142022,0.12306171347145103,0.925909981302177,early exposure,FALSE,FALSE
03353026,Neu Wulmstorf,20,RP20,6912750.039142022,0.12306171347145103,6912750.039142022,0.12306171347145103,0.925909981302177,early exposure,FALSE,FALSE
03353026,Neu Wulmstorf,50,RP50,6912750.039142022,0.12306171347145103,6912750.039142022,0.12306171347145103,0.925909981302177,early exposure,FALSE,FALSE
03353026,Neu Wulmstorf,100,RP100,7465898.606493149,0.13290893926683894,7465898.606493149,0.13290893926683894,1,early exposure,FALSE,FALSE
03353026,Neu Wulmstorf,200,RP200,7465898.606493149,0.13290893926683894,7465898.606493149,0.13290893926683894,1,early exposure,FALSE,FALSE
03353026,Neu Wulmstorf,500,RP500,7465898.606493149,0.13290893926683894,7465898.606493149,0.13290893926683894,1,early exposure,FALSE,FALSE
03353007,Drage,10,RP10,26190236.006405637,0.8613116102052875,26190236.006405637,0.8613116102052875,0.8956770957967912,early exposure,FALSE,FALSE
03353007,Drage,20,RP20,28082044.945419535,0.9235270481671404,28082044.945419535,0.9235270481671404,0.9603748685042974,early exposure,FALSE,FALSE
03353007,Drage,50,RP50,28191100.48034269,0.9271135297232244,28191100.480342686,0.9271135297232244,0.9641044471448506,early exposure,FALSE,FALSE
03353007,Drage,100,RP100,28211100.48034269,0.9277712646210656,28211100.480342694,0.9277712646210656,0.964788425017809,early exposure,FALSE,FALSE
03353007,Drage,200,RP200,28271100.48034269,0.9297444693145884,28271100.480342686,0.9297444693145884,0.9668403586366834,early exposure,FALSE,FALSE
03353007,Drage,500,RP500,29240712.003589746,0.9616318361240082,29240712.003589746,0.9616318361240082,1,early exposure,FALSE,FALSE
12052000,Cottbus,10,RP10,14960170.911674766,0.09041731682476248,14960170.911674764,0.09041731682476248,0.5310658713896446,early exposure,FALSE,FALSE
12052000,Cottbus,20,RP20,17420170.911674768,0.10528523515952808,17420170.911674768,0.10528523515952808,0.6183925504317276,early exposure,FALSE,FALSE
12052000,Cottbus,50,RP50,21432652.63001799,0.12953615000020563,21432652.63001799,0.12953615000020563,0.760830234651233,early exposure,FALSE,FALSE
12052000,Cottbus,100,RP100,23672832.657461017,0.1430755051641064,23672832.657461017,0.1430755051641064,0.840353601420746,early exposure,FALSE,FALSE
12052000,Cottbus,200,RP200,25627236.56986019,0.1548876668562597,25627236.569860186,0.1548876668562597,0.9097323018990684,early exposure,FALSE,FALSE
12052000,Cottbus,500,RP500,28170085.327698343,0.17025631225024254,28170085.327698346,0.17025631225024254,1,early exposure,FALSE,FALSE
14729360,Regis-Breitingen,10,RP10,1991986.7317495733,0.07536968945286113,1991986.7317495733,0.07536968945286113,0.8964953193493715,early exposure,FALSE,FALSE
14729360,Regis-Breitingen,20,RP20,2101971.1455886364,0.07953110829344971,2101971.1455886364,0.07953110829344971,0.9459938981483895,early exposure,FALSE,FALSE
14729360,Regis-Breitingen,50,RP50,2131971.145588636,0.08066620153857382,2131971.145588636,0.08066620153857382,0.9594954236112919,early exposure,FALSE,FALSE
14729360,Regis-Breitingen,100,RP100,2191971.145588636,0.08293638802882208,2191971.145588636,0.08293638802882208,0.9864984745370973,early exposure,FALSE,FALSE
14729360,Regis-Breitingen,200,RP200,2221971.145588636,0.08407148127394622,2221971.145588636,0.08407148127394622,1,early exposure,FALSE,FALSE
14729360,Regis-Breitingen,500,RP500,2221971.145588636,0.08407148127394622,2221971.145588636,0.08407148127394622,1,early exposure,FALSE,FALSE
15089041,Bördeaue,10,RP10,1842301.196213585,0.07189697201691507,1842301.1962135856,0.07189697201691507,0.42176419308078156,early exposure,FALSE,FALSE
15089041,Bördeaue,20,RP20,2527762.9748916696,0.0986475524440308,2527762.9748916696,0.0986475524440308,0.578689257541502,early exposure,FALSE,FALSE
15089041,Bördeaue,50,RP50,3691399.8134128577,0.14405921769668154,3691399.8134128572,0.14405921769668154,0.8450845425506219,early exposure,FALSE,FALSE
15089041,Bördeaue,100,RP100,3820087.578142087,0.1490813392904104,3820087.5781420865,0.1490813392904104,0.8745454642294137,early exposure,FALSE,FALSE
15089041,Bördeaue,200,RP200,4109826.252095861,0.1603885747067942,4109826.25209586,0.1603885747067942,0.9408763108225576,early exposure,FALSE,FALSE
15089041,Bördeaue,500,RP500,4368083.460941704,0.17046722599124117,4368083.460941704,0.17046722599124117,1,early exposure,FALSE,FALSE
15089042,Bördeland,10,RP10,0,0,0,0,0,delayed jump,FALSE,FALSE
15089042,Bördeland,20,RP20,287340.36452288675,0.00310328542949281,287340.36452288664,0.00310328542949281,0.09045525241716608,delayed jump,FALSE,FALSE
15089042,Bördeland,50,RP50,870711.4613292196,0.00940371254738956,870711.4613292195,0.00940371254738956,0.2741015003159461,delayed jump,FALSE,FALSE
15089042,Bördeland,100,RP100,880036.6840728894,0.0095044252610915,880036.6840728889,0.0095044252610915,0.2770370968463032,delayed jump,FALSE,FALSE
15089042,Bördeland,200,RP200,3176602.318212722,0.03430740997969828,3176602.318212722,0.03430740997969828,1,delayed jump,FALSE,FALSE
15089042,Bördeland,500,RP500,3176602.318212722,0.03430740997969828,3176602.318212722,0.03430740997969828,1,delayed jump,FALSE,FALSE
15089043,Börde-Hakel,10,RP10,4099459.183396832,0.10499226186330678,4099459.1833968316,0.10499226186330678,0.703133097754538,early exposure,FALSE,FALSE
15089043,Börde-Hakel,20,RP20,4288421.605493721,0.10983182513630468,4288421.605493721,0.10983182513630468,0.735543649308827,early exposure,FALSE,FALSE
15089043,Börde-Hakel,50,RP50,4592740.292518708,0.11762580620762011,4592740.292518708,0.11762580620762011,0.7877399346088725,early exposure,FALSE,FALSE
15089043,Börde-Hakel,100,RP100,4672740.292518708,0.11967470597056512,4672740.292518707,0.11967470597056512,0.801461414761226,early exposure,FALSE,FALSE
15089043,Börde-Hakel,200,RP200,5262168.353448604,0.1347706936494702,5262168.353448604,0.1347706936494702,0.9025592327523485,early exposure,FALSE,FALSE
15089043,Börde-Hakel,500,RP500,5830274.803573451,0.1493206082868244,5830274.803573451,0.1493206082868244,1,early exposure,FALSE,FALSE
03353040,Winsen (Luhe),10,RP10,41883141.43606631,0.38064585549335694,41883141.43606631,0.38064585549335694,0.8191875787857839,early exposure,FALSE,FALSE
03353040,Winsen (Luhe),20,RP20,45795893.50767151,0.41620605486147416,45795893.50767151,0.41620605486147416,0.8957166495771933,early exposure,FALSE,FALSE
03353040,Winsen (Luhe),50,RP50,46775748.604891025,0.42511125559265595,46775748.604891025,0.42511125559265595,0.9148815234889901,early exposure,FALSE,FALSE
03353040,Winsen (Luhe),100,RP100,46775748.604891025,0.42511125559265595,46775748.604891025,0.42511125559265595,0.9148815234889901,early exposure,FALSE,FALSE
03353040,Winsen (Luhe),200,RP200,46865748.604891025,0.4259292010910063,46865748.604891025,0.4259292010910063,0.9166418232077507,early exposure,FALSE,FALSE
03353040,Winsen (Luhe),500,RP500,51127656.86480053,0.46466263081961984,51127656.86480053,0.46466263081961984,1,early exposure,FALSE,FALSE
15089026,Barby,10,RP10,95771246.58285,0.6215142005170766,95771246.58285,0.6215142005170766,0.7762008865740496,early exposure,FALSE,FALSE
15089026,Barby,20,RP20,105512468.93334636,0.6847305440152304,105512468.93334636,0.6847305440152304,0.8551509440762167,early exposure,FALSE,FALSE
15089026,Barby,50,RP50,113561429.7519714,0.7369648379883532,113561429.75197141,0.7369648379883532,0.9203856647918112,early exposure,FALSE,FALSE
15089026,Barby,100,RP100,117936836.25580432,0.7653593444001963,117936836.25580433,0.7653593444001963,0.9558471892949822,early exposure,FALSE,FALSE
15089026,Barby,200,RP200,121301251.45841482,0.787192952079606,121301251.45841482,0.787192952079606,0.983114893916644,early exposure,FALSE,FALSE
15089026,Barby,500,RP500,123384613.75064844,0.8007130773326991,123384613.75064844,0.8007130773326991,1,early exposure,FALSE,FALSE
14729380,Thallwitz,10,RP10,6715522.252581402,0.12696902676393138,6715522.252581402,0.12696902676393138,0.8755600038443828,early exposure,FALSE,FALSE
14729380,Thallwitz,20,RP20,6928563.405342237,0.13099695293397892,6928563.405342237,0.13099695293397892,0.9033359988473906,early exposure,FALSE,FALSE
14729380,Thallwitz,50,RP50,7347877.444344003,0.1389248390220702,7347877.444344005,0.1389248390220702,0.9580055521288597,early exposure,FALSE,FALSE
14729380,Thallwitz,100,RP100,7417877.444344004,0.14024831492449297,7417877.444344006,0.14024831492449297,0.9671320501083056,early exposure,FALSE,FALSE
14729380,Thallwitz,200,RP200,7471062.331196075,0.14125387086909005,7471062.331196076,0.14125387086909005,0.9740662181424837,early exposure,FALSE,FALSE
14729380,Thallwitz,500,RP500,7669973.757475314,0.14501464914619164,7669973.757475315,0.14501464914619164,1,early exposure,FALSE,FALSE
12067024,Bad Saarow,10,RP10,0,0,0,0,0,early exposure,FALSE,TRUE
12067024,Bad Saarow,20,RP20,0,0,0,0,0,early exposure,FALSE,TRUE
12067024,Bad Saarow,50,RP50,0,0,0,0,0,early exposure,FALSE,TRUE
12067024,Bad Saarow,100,RP100,10142.767602325132,2.0165316688950985e-4,10142.767602325133,2.0165316688950985e-4,1,early exposure,FALSE,TRUE
12067024,Bad Saarow,200,RP200,10142.767602325132,2.0165316688950985e-4,10142.767602325133,2.0165316688950985e-4,1,early exposure,FALSE,TRUE
12067024,Bad Saarow,500,RP500,10142.767602325132,2.0165316688950985e-4,10142.767602325133,2.0165316688950985e-4,1,early exposure,FALSE,TRUE
15089030,Bernburg (Saale),10,RP10,22161872.634837497,0.1943125438688791,22161872.634837497,0.1943125438688791,0.7556380471901526,early exposure,FALSE,FALSE
15089030,Bernburg (Saale),20,RP20,23884813.90917835,0.20941907874840848,23884813.909178354,0.20941907874840848,0.814383984477044,early exposure,FALSE,FALSE
15089030,Bernburg (Saale),50,RP50,25823952.109766982,0.2264212013974389,25823952.109766986,0.2264212013974389,0.8805014388667626,early exposure,FALSE,FALSE
15089030,Bernburg (Saale),100,RP100,25973952.109766982,0.22773638274788643,25973952.109766986,0.22773638274788643,0.8856158851478204,early exposure,FALSE,FALSE
15089030,Bernburg (Saale),200,RP200,28318831.705959473,0.24829599550760187,28318831.705959477,0.24829599550760187,0.965567623349655,early exposure,FALSE,FALSE
15089030,Bernburg (Saale),500,RP500,29328688.142751195,0.25715029118958765,29328688.142751195,0.25715029118958765,1,early exposure,FALSE,FALSE
03353031,Seevetal,10,RP10,19791204.68435182,0.1876036112611188,19791204.684351824,0.1876036112611188,0.9046287600164382,early exposure,FALSE,FALSE
03353031,Seevetal,20,RP20,20994075.009155035,0.19900578815792697,20994075.00915504,0.19900578815792697,0.9596103090298576,early exposure,FALSE,FALSE
03353031,Seevetal,50,RP50,20994075.009155035,0.19900578815792697,20994075.00915504,0.19900578815792697,0.9596103090298576,early exposure,FALSE,FALSE
03353031,Seevetal,100,RP100,20994075.009155035,0.19900578815792697,20994075.00915504,0.19900578815792697,0.9596103090298576,early exposure,FALSE,FALSE
03353031,Seevetal,200,RP200,20994075.009155035,0.19900578815792697,20994075.00915504,0.19900578815792697,0.9596103090298576,early exposure,FALSE,FALSE
03353031,Seevetal,500,RP500,21877708.91121369,0.2073818781283383,21877708.911213692,0.2073818781283383,1,early exposure,FALSE,FALSE
03353032,Stelle,10,RP10,14716066.042341309,0.382311643551764,14716066.042341309,0.382311643551764,0.8851351658203588,early exposure,FALSE,FALSE
03353032,Stelle,20,RP20,15803883.068267897,0.41057226115629186,15803883.068267895,0.41057226115629186,0.9505646835226692,early exposure,FALSE,FALSE
03353032,Stelle,50,RP50,15803883.068267897,0.41057226115629186,15803883.068267895,0.41057226115629186,0.9505646835226692,early exposure,FALSE,FALSE
03353032,Stelle,100,RP100,15803883.068267897,0.41057226115629186,15803883.068267895,0.41057226115629186,0.9505646835226692,early exposure,FALSE,FALSE
03353032,Stelle,200,RP200,15813883.068267897,0.4108320531703069,15813883.068267897,0.4108320531703069,0.951166158919201,early exposure,FALSE,FALSE
03353032,Stelle,500,RP500,16625783.960014964,0.43192458995506167,16625783.960014965,0.43192458995506167,1,early exposure,FALSE,FALSE
03353033,Tespe,10,RP10,16670582.067305105,0.669527317623177,16670582.067305105,0.669527317623177,0.7733454986459392,early exposure,FALSE,FALSE
03353033,Tespe,20,RP20,19324975.74198502,0.7761336178560796,19324975.74198502,0.7761336178560796,0.8964823748305993,early exposure,FALSE,FALSE
03353033,Tespe,50,RP50,20686542.776052546,0.8308171508246883,20686542.776052546,0.8308171508246883,0.9596452405691585,early exposure,FALSE,FALSE
03353033,Tespe,100,RP100,21026545.002307303,0.8444723895926683,21026545.002307303,0.8444723895926683,0.9754178866676652,early exposure,FALSE,FALSE
03353033,Tespe,200,RP200,21419494.551819768,0.8602541095580616,21419494.551819768,0.8602541095580616,0.993646750188058,early exposure,FALSE,FALSE
03353033,Tespe,500,RP500,21556448.05134813,0.8657544639432972,21556448.05134813,0.8657544639432972,1,early exposure,FALSE,FALSE
12069270,Havelsee,10,RP10,10238727.35209913,0.12466011704923571,10238727.35209913,0.12466011704923571,0.38760345694137854,early exposure,FALSE,FALSE
12069270,Havelsee,20,RP20,10365758.925608814,0.12620677126494928,10365758.925608814,0.12620677126494928,0.39241244104065354,early exposure,FALSE,FALSE
12069270,Havelsee,50,RP50,12327539.361124173,0.1500921400521264,12327539.361124173,0.1500921400521264,0.4666787880598288,early exposure,FALSE,FALSE
12069270,Havelsee,100,RP100,19429373.03294644,0.2365594700579461,19429373.032946445,0.2365594700579461,0.7355301000597174,early exposure,FALSE,FALSE
12069270,Havelsee,200,RP200,22375469.64749503,0.2724292355256913,22375469.64749503,0.2724292355256913,0.8470593158511908,early exposure,FALSE,FALSE
12069270,Havelsee,500,RP500,26415469.647495028,0.3216176605671745,26415469.647495028,0.3216176605671745,1,early exposure,FALSE,FALSE
03154007,Grafhorst,10,RP10,88796.22505571233,0.0092543082265667,88796.2250557123,0.0092543082265667,0.9471157238776495,early exposure,FALSE,TRUE
03154007,Grafhorst,20,RP20,93754.35632318063,0.00977104274932531,93754.35632318063,0.00977104274932531,1,early exposure,FALSE,TRUE
03154007,Grafhorst,50,RP50,93754.35632318063,0.00977104274932531,93754.35632318063,0.00977104274932531,1,early exposure,FALSE,TRUE
03154007,Grafhorst,100,RP100,93754.35632318063,0.00977104274932531,93754.35632318063,0.00977104274932531,1,early exposure,FALSE,TRUE
03154007,Grafhorst,200,RP200,93754.35632318063,0.00977104274932531,93754.35632318063,0.00977104274932531,1,early exposure,FALSE,TRUE
03154007,Grafhorst,500,RP500,93754.35632318063,0.00977104274932531,93754.35632318063,0.00977104274932531,1,early exposure,FALSE,TRUE
13076090,Ludwigslust,10,RP10,0,0,0,0,0,gradual increase,FALSE,FALSE
13076090,Ludwigslust,20,RP20,215127.21302229515,0.00273434621691457,215127.21302229445,0.00273434621691457,0.05372887177505984,gradual increase,FALSE,FALSE
13076090,Ludwigslust,50,RP50,1078596.0286142349,0.01370935331233417,1078596.0286142344,0.01370935331233417,0.269383621459816,gradual increase,FALSE,FALSE
13076090,Ludwigslust,100,RP100,2394922.7079924736,0.03044035087147885,2394922.707992473,0.03044035087147885,0.5981414126141793,gradual increase,FALSE,FALSE
13076090,Ludwigslust,200,RP200,3219526.9334880635,0.04092137469342539,3219526.9334880635,0.04092137469342539,0.8040895773042207,gradual increase,FALSE,FALSE
13076090,Ludwigslust,500,RP500,4003940.635919949,0.05089156214487671,4003940.635919948,0.05089156214487671,1,gradual increase,FALSE,FALSE
12066176,Lauchhammer,10,RP10,3591942.440108252,0.04019428771020113,3591942.4401082513,0.04019428771020113,0.7509396824609982,early exposure,FALSE,FALSE
12066176,Lauchhammer,20,RP20,4540790.166304271,0.05081201311527292,4540790.166304271,0.05081201311527292,0.9493079531374083,early exposure,FALSE,FALSE
12066176,Lauchhammer,50,RP50,4599266.607375663,0.05146637184620551,4599266.607375663,0.05146637184620551,0.9615331713366947,early exposure,FALSE,FALSE
12066176,Lauchhammer,100,RP100,4609266.607375663,0.05157827310403577,4609266.607375662,0.05157827310403577,0.9636237941542427,early exposure,FALSE,FALSE
12066176,Lauchhammer,200,RP200,4678517.691688393,0.05235320144810617,4678517.691688393,0.05235320144810617,0.9781015838546575,early exposure,FALSE,FALSE
12066176,Lauchhammer,500,RP500,4783263.588277355,0.0535253212061925,4783263.588277355,0.0535253212061925,1,early exposure,FALSE,FALSE
13076093,Malk Göhren,10,RP10,4433975.1261707675,0.1965104500299677,4433975.126170767,0.1965104500299677,0.7654033364827996,early exposure,FALSE,FALSE
13076093,Malk Göhren,20,RP20,5351545.322301787,0.2371764725142914,5351545.322301786,0.2371764725142914,0.9237964870060374,early exposure,FALSE,FALSE
13076093,Malk Göhren,50,RP50,5361546.320328374,0.2376197092413884,5361546.320328373,0.2376197092413884,0.925522883081768,early exposure,FALSE,FALSE
13076093,Malk Göhren,100,RP100,5792991.635685677,0.2567410418315883,5792991.635685676,0.2567410418315883,1,early exposure,FALSE,FALSE
13076093,Malk Göhren,200,RP200,5792991.635685677,0.2567410418315883,5792991.635685676,0.2567410418315883,1,early exposure,FALSE,FALSE
13076093,Malk Göhren,500,RP500,5792991.635685677,0.2567410418315883,5792991.635685676,0.2567410418315883,1,early exposure,FALSE,FALSE
13076094,Malliß,10,RP10,560049.886133969,0.02222996850691771,560049.886133969,0.02222996850691771,0.5997746774396043,early exposure,FALSE,FALSE
13076094,Malliß,20,RP20,560049.886133969,0.02222996850691771,560049.886133969,0.02222996850691771,0.5997746774396043,early exposure,FALSE,FALSE
13076094,Malliß,50,RP50,560049.886133969,0.02222996850691771,560049.886133969,0.02222996850691771,0.5997746774396043,early exposure,FALSE,FALSE
13076094,Malliß,100,RP100,933767.1415618652,0.03706386638698365,933767.1415618651,0.03706386638698365,1,early exposure,FALSE,FALSE
13076094,Malliß,200,RP200,933767.1415618652,0.03706386638698365,933767.1415618651,0.03706386638698365,1,early exposure,FALSE,FALSE
13076094,Malliß,500,RP500,933767.1415618652,0.03706386638698365,933767.1415618651,0.03706386638698365,1,early exposure,FALSE,FALSE
13076097,Milow,10,RP10,0,0,0,0,0,delayed jump,FALSE,FALSE
13076097,Milow,20,RP20,0,0,0,0,0,delayed jump,FALSE,FALSE
13076097,Milow,50,RP50,0,0,0,0,0,delayed jump,FALSE,FALSE
13076097,Milow,100,RP100,292468.9814890777,0.00865101289446577,292468.9814890774,0.00865101289446577,0.37587222113180063,delayed jump,FALSE,FALSE
13076097,Milow,200,RP200,778107.4659053411,0.02301583465896052,778107.465905341,0.02301583465896052,1,delayed jump,FALSE,FALSE
13076097,Milow,500,RP500,778107.4659053411,0.02301583465896052,778107.465905341,0.02301583465896052,1,delayed jump,FALSE,FALSE
03154012,Jerxheim,10,RP10,0,0,0,0,0,delayed jump,FALSE,FALSE
03154012,Jerxheim,20,RP20,0,0,0,0,0,delayed jump,FALSE,FALSE
03154012,Jerxheim,50,RP50,711.5708424907406,4.159593811458928e-5,711.5708424907406,4.159593811458928e-5,0.0019096887193888192,delayed jump,FALSE,FALSE
03154012,Jerxheim,100,RP100,59690.20570046345,0.0034892802713398,59690.20570046345,0.0034892802713398,0.16019446789749053,delayed jump,FALSE,FALSE
03154012,Jerxheim,200,RP200,226048.36578564343,0.01321399539251921,226048.3657856433,0.01321399539251921,0.606660628007306,delayed jump,FALSE,FALSE
03154012,Jerxheim,500,RP500,372610.9052571003,0.02178152789628549,372610.90525710036,0.02178152789628549,1,delayed jump,FALSE,FALSE
13076085,Lewitzrand,10,RP10,6466726.957937361,0.13801093546856782,6466726.957937361,0.13801093546856782,0.8105362624887157,early exposure,FALSE,FALSE
13076085,Lewitzrand,20,RP20,6848898.770015961,0.14616713096557216,6848898.770015961,0.14616713096557216,0.8584374827204618,early exposure,FALSE,FALSE
13076085,Lewitzrand,50,RP50,7268352.251533659,0.155118980602389,7268352.251533659,0.155118980602389,0.9110115684068748,early exposure,FALSE,FALSE
13076085,Lewitzrand,100,RP100,7608781.237744661,0.16238431330519146,7608781.237744661,0.16238431330519146,0.9536807641099047,early exposure,FALSE,FALSE
13076085,Lewitzrand,200,RP200,7875559.731053791,0.16807781941175384,7875559.73105379,0.16807781941175384,0.9871186445532322,early exposure,FALSE,FALSE
13076085,Lewitzrand,500,RP500,7978331.454389916,0.17027114252089273,7978331.454389916,0.17027114252089273,1,early exposure,FALSE,FALSE
13076088,Lübtheen,10,RP10,8022669.620865396,0.06667333404408998,8022669.620865396,0.06667333404408998,0.27603843374750137,early exposure,FALSE,FALSE
13076088,Lübtheen,20,RP20,9261033.214092936,0.07696489949813308,9261033.214092936,0.07696489949813308,0.31864718654911367,early exposure,FALSE,FALSE
13076088,Lübtheen,50,RP50,13567502.696332224,0.112754317722867,13567502.696332222,0.112754317722867,0.466821191841197,early exposure,FALSE,FALSE
13076088,Lübtheen,100,RP100,21858341.34281351,0.18165630181365275,21858341.34281351,0.18165630181365275,0.7520865988169215,early exposure,FALSE,FALSE
13076088,Lübtheen,200,RP200,27074717.913469017,0.22500760929994595,27074717.913469017,0.22500760929994595,0.9315680540492244,early exposure,FALSE,FALSE
13076088,Lübtheen,500,RP500,29063596.369351648,0.24153641628425407,29063596.369351648,0.24153641628425407,1,early exposure,FALSE,FALSE
13076089,Lübz,10,RP10,4098876.900844042,0.05478807523454887,4098876.9008440417,0.05478807523454887,0.6164641779616589,early exposure,FALSE,FALSE
13076089,Lübz,20,RP20,4323785.7015325595,0.05779434270515703,4323785.701532559,0.05779434270515703,0.6502900825415789,early exposure,FALSE,FALSE
13076089,Lübz,50,RP50,5021411.3904715665,0.06711923087715208,5021411.3904715665,0.06711923087715208,0.7552118104344471,early exposure,FALSE,FALSE
13076089,Lübz,100,RP100,5926304.19301358,0.07921457702786586,5926304.19301358,0.07921457702786586,0.8913061629014887,early exposure,FALSE,FALSE
13076089,Lübz,200,RP200,6453135.944246728,0.08625652981658395,6453135.944246728,0.08625652981658395,0.9705407704060875,early exposure,FALSE,FALSE
13076089,Lübz,500,RP500,6649010.676333203,0.08887471031278062,6649010.676333203,0.08887471031278062,1,early exposure,FALSE,FALSE
15089055,Calbe (Saale),10,RP10,14927277.730256222,0.25993958240540016,14927277.730256222,0.25993958240540016,0.8168059002496104,early exposure,FALSE,FALSE
15089055,Calbe (Saale),20,RP20,16120246.695274478,0.28071362173079595,16120246.695274478,0.28071362173079595,0.8820839842412088,early exposure,FALSE,FALSE
15089055,Calbe (Saale),50,RP50,17069793.323575128,0.29724877023511004,17069793.323575128,0.29724877023511004,0.934042238289503,early exposure,FALSE,FALSE
15089055,Calbe (Saale),100,RP100,17659059.375950247,0.3075100901052159,17659059.375950247,0.3075100901052159,0.9662862949148586,early exposure,FALSE,FALSE
15089055,Calbe (Saale),200,RP200,18011540.58150707,0.3136481026105021,18011540.58150707,0.3136481026105021,0.9855737184912515,early exposure,FALSE,FALSE
15089055,Calbe (Saale),500,RP500,18275183.52364319,0.31823910959257806,18275183.52364319,0.31823910959257806,1,early exposure,FALSE,FALSE
14524260,Remse,10,RP10,1572513.5319650131,0.10930667479021292,1572513.5319650134,0.10930667479021292,0.8836753153078821,early exposure,FALSE,FALSE
14524260,Remse,20,RP20,1602513.5319650131,0.11139199881258156,1602513.5319650136,0.11139199881258156,0.9005338407961235,early exposure,FALSE,FALSE
14524260,Remse,50,RP50,1632513.5319650131,0.11347732283495018,1632513.5319650134,0.11347732283495018,0.9173923662843647,early exposure,FALSE,FALSE
14524260,Remse,100,RP100,1642513.5319650131,0.1141724308424064,1642513.5319650134,0.1141724308424064,0.9230118747804451,early exposure,FALSE,FALSE
14524260,Remse,200,RP200,1709515.060253926,0.11882976072494912,1709515.0602539263,0.11882976072494912,0.960663440527437,early exposure,FALSE,FALSE
14524260,Remse,500,RP500,1779515.060253926,0.1236955167771426,1779515.0602539263,0.1236955167771426,1,early exposure,FALSE,FALSE
16065016,Etzleben,10,RP10,909937.7324722216,0.14751468012259766,909937.7324722217,0.14751468012259766,0.9032054344902586,early exposure,FALSE,FALSE
16065016,Etzleben,20,RP20,919937.7324722216,0.14913583149217338,919937.7324722216,0.14913583149217338,0.9131314481311736,early exposure,FALSE,FALSE
16065016,Etzleben,50,RP50,1007453.7837405314,0.1633235081295214,1007453.7837405314,0.1633235081295214,1,early exposure,FALSE,FALSE
16065016,Etzleben,100,RP100,1007453.7837405314,0.1633235081295214,1007453.7837405314,0.1633235081295214,1,early exposure,FALSE,FALSE
16065016,Etzleben,200,RP200,1007453.7837405314,0.1633235081295214,1007453.7837405314,0.1633235081295214,1,early exposure,FALSE,FALSE
16065016,Etzleben,500,RP500,1007453.7837405314,0.1633235081295214,1007453.7837405314,0.1633235081295214,1,early exposure,FALSE,FALSE
14627020,Diera-Zehren,10,RP10,3550831.343576163,0.08184016558668829,3550831.343576163,0.08184016558668829,0.8333658521662847,early exposure,FALSE,FALSE
14627020,Diera-Zehren,20,RP20,3670831.3435761626,0.08460594602516772,3670831.3435761626,0.08460594602516772,0.8615293701100112,early exposure,FALSE,FALSE
14627020,Diera-Zehren,50,RP50,3890831.3435761626,0.08967654349571334,3890831.3435761626,0.08967654349571334,0.9131624863401766,early exposure,FALSE,FALSE
14627020,Diera-Zehren,100,RP100,3940831.3435761626,0.09082895201174644,3940831.3435761626,0.09082895201174644,0.9248972854833961,early exposure,FALSE,FALSE
14627020,Diera-Zehren,200,RP200,4190831.3435761626,0.09659099459191192,4190831.3435761626,0.09659099459191192,0.9835712811994931,early exposure,FALSE,FALSE
14627020,Diera-Zehren,500,RP500,4260831.343576161,0.09820436651435822,4260831.343576161,0.09820436651435822,1,early exposure,FALSE,FALSE
03154027,Söllingen,10,RP10,0,0,0,0,0,early exposure,FALSE,TRUE
03154027,Söllingen,20,RP20,0,0,0,0,0,early exposure,FALSE,TRUE
03154027,Söllingen,50,RP50,112432.78078156267,0.00285143213454991,112432.78078156263,0.00285143213454991,0.4503622773122144,early exposure,FALSE,TRUE
03154027,Söllingen,100,RP100,236007.800976572,0.00598544501906878,236007.80097657169,0.00598544501906878,0.9453560605047897,early exposure,FALSE,TRUE
03154027,Söllingen,200,RP200,249649.64084595928,0.00633141867824145,249649.64084595925,0.00633141867824145,1,early exposure,FALSE,TRUE
03154027,Söllingen,500,RP500,249649.64084595928,0.00633141867824145,249649.64084595925,0.00633141867824145,1,early exposure,FALSE,TRUE
16065019,Gehofen,10,RP10,2150690.4863193897,0.1587390461119527,2150690.4863193897,0.1587390461119527,0.8467163076437535,early exposure,FALSE,FALSE
16065019,Gehofen,20,RP20,2160690.4863193897,0.15947713021620524,2160690.4863193897,0.15947713021620524,0.8506532586510218,early exposure,FALSE,FALSE
16065019,Gehofen,50,RP50,2216759.154343041,0.16361546947769226,2216759.154343041,0.16361546947769226,0.8727272185562125,early exposure,FALSE,FALSE
16065019,Gehofen,100,RP100,2449458.5673628557,0.18079064325957467,2449458.5673628557,0.18079064325957467,0.9643398374041234,early exposure,FALSE,FALSE
16065019,Gehofen,200,RP200,2512879.3656890984,0.1854716315719353,2512879.3656890984,0.1854716315719353,0.9893082949893497,early exposure,FALSE,FALSE
16065019,Gehofen,500,RP500,2540036.6886807014,0.18747607041335076,2540036.6886807014,0.18747607041335076,1,early exposure,FALSE,FALSE
12067426,Rietz-Neuendorf,10,RP10,10702300.543158628,0.05777712287689001,10702300.543158628,0.05777712287689001,0.8093557928819185,early exposure,FALSE,FALSE
12067426,Rietz-Neuendorf,20,RP20,11291339.076186853,0.06095708886315173,11291339.076186853,0.06095708886315173,0.8539015190101027,early exposure,FALSE,FALSE
12067426,Rietz-Neuendorf,50,RP50,12153833.135985862,0.0656133237607458,12153833.135985862,0.0656133237607458,0.9191271740745931,early exposure,FALSE,FALSE
12067426,Rietz-Neuendorf,100,RP100,12323845.309079658,0.06653114644529809,12323845.309079658,0.06653114644529809,0.9319842543442989,early exposure,FALSE,FALSE
12067426,Rietz-Neuendorf,200,RP200,12472758.186523082,0.06733506309698471,12472758.186523084,0.06733506309698471,0.943245711589638,early exposure,FALSE,FALSE
12067426,Rietz-Neuendorf,500,RP500,13223233.387939744,0.07138655630196922,13223233.387939744,0.07138655630196922,1,early exposure,FALSE,FALSE
16065003,Bad Frankenhausen/Kyffhäuser,10,RP10,5443804.170899262,0.05975036398584396,5443804.170899263,0.05975036398584396,0.9752570135597607,early exposure,FALSE,FALSE
16065003,Bad Frankenhausen/Kyffhäuser,20,RP20,5486358.609823783,0.0602174350146928,5486358.609823784,0.0602174350146928,0.9828806373559826,early exposure,FALSE,FALSE
16065003,Bad Frankenhausen/Kyffhäuser,50,RP50,5500758.889123733,0.06037549028315182,5500758.889123733,0.06037549028315182,0.9854604460602651,early exposure,FALSE,FALSE
16065003,Bad Frankenhausen/Kyffhäuser,100,RP100,5511917.479402657,0.06049796526752005,5511917.479402657,0.06049796526752005,0.9874595064763496,early exposure,FALSE,FALSE
16065003,Bad Frankenhausen/Kyffhäuser,200,RP200,5561917.479402657,0.06104675763871931,5561917.479402658,0.06104675763871931,0.9964170018503856,early exposure,FALSE,FALSE
16065003,Bad Frankenhausen/Kyffhäuser,500,RP500,5581917.479402657,0.06126627458719901,5581917.479402658,0.06126627458719901,1,early exposure,FALSE,FALSE
14627010,Coswig,10,RP10,2993984.313941454,0.1145939750535216,2993984.313941454,0.1145939750535216,0.2696362351675462,early exposure,FALSE,FALSE
14627010,Coswig,20,RP20,4260177.010709187,0.16305717295028593,4260177.010709187,0.16305717295028593,0.3836687069354561,early exposure,FALSE,FALSE
14627010,Coswig,50,RP50,6757594.594817126,0.2586451848843684,6757594.594817126,0.2586451848843684,0.608584472821216,early exposure,FALSE,FALSE
14627010,Coswig,100,RP100,8623463.884989604,0.33006084925358997,8623463.884989604,0.33006084925358997,0.7766234195765953,early exposure,FALSE,FALSE
14627010,Coswig,200,RP200,10090574.169335531,0.3862141158362651,10090574.169335531,0.3862141158362651,0.9087503955946665,early exposure,FALSE,FALSE
14627010,Coswig,500,RP500,11103790.675912146,0.42499471549999707,11103790.675912146,0.42499471549999707,1,early exposure,FALSE,FALSE
14628370,Stadt Wehlen,10,RP10,920891.5752222504,0.08388884399341069,920891.5752222503,0.08388884399341069,0.8469712296522269,early exposure,FALSE,FALSE
14628370,Stadt Wehlen,20,RP20,958426.3755315054,0.08730808583706312,958426.3755315053,0.08730808583706312,0.8814930960999768,early exposure,FALSE,FALSE
14628370,Stadt Wehlen,50,RP50,978426.3755315054,0.08912999074423233,978426.3755315052,0.08912999074423233,0.8998876878725818,early exposure,FALSE,FALSE
14628370,Stadt Wehlen,100,RP100,1028079.5787369187,0.093653161473063,1028079.5787369187,0.093653161473063,0.9455552080308711,early exposure,FALSE,FALSE
14628370,Stadt Wehlen,200,RP200,1067276.099803739,0.09722377817684308,1067276.0998037388,0.09722377817684308,0.9816054082273947,early exposure,FALSE,FALSE
14628370,Stadt Wehlen,500,RP500,1087276.0998037392,0.09904568308401232,1087276.099803739,0.09904568308401232,1,early exposure,FALSE,FALSE
14627040,Glaubitz,10,RP10,0,0,0,0,0,early exposure,FALSE,TRUE
14627040,Glaubitz,20,RP20,144649.1074865404,0.01014394458434704,144649.10748654028,0.01014394458434704,0.8097284836563723,early exposure,FALSE,TRUE
14627040,Glaubitz,50,RP50,144649.1074865404,0.01014394458434704,144649.10748654028,0.01014394458434704,0.8097284836563723,early exposure,FALSE,TRUE
14627040,Glaubitz,100,RP100,144649.1074865404,0.01014394458434704,144649.10748654028,0.01014394458434704,0.8097284836563723,early exposure,FALSE,TRUE
14627040,Glaubitz,200,RP200,178639.02580451363,0.01252758769031011,178639.0258045135,0.01252758769031011,1,early exposure,FALSE,TRUE
14627040,Glaubitz,500,RP500,178639.02580451363,0.01252758769031011,178639.0258045135,0.01252758769031011,1,early exposure,FALSE,TRUE
14522060,Burgstädt,10,RP10,56860.53948817879,0.00220038182790973,56860.539488178554,0.00220038182790973,0.8613185341569188,early exposure,FALSE,TRUE
14522060,Burgstädt,20,RP20,56860.53948817879,0.00220038182790973,56860.539488178554,0.00220038182790973,0.8613185341569188,early exposure,FALSE,TRUE
14522060,Burgstädt,50,RP50,56860.53948817879,0.00220038182790973,56860.539488178554,0.00220038182790973,0.8613185341569188,early exposure,FALSE,TRUE
14522060,Burgstädt,100,RP100,66015.69249155345,0.00255466675875438,66015.69249155324,0.00255466675875438,1,early exposure,FALSE,TRUE
14522060,Burgstädt,200,RP200,66015.69249155345,0.00255466675875438,66015.69249155324,0.00255466675875438,1,early exposure,FALSE,TRUE
14522060,Burgstädt,500,RP500,66015.69249155345,0.00255466675875438,66015.69249155324,0.00255466675875438,1,early exposure,FALSE,TRUE
15090415,Osterburg (Altmark),10,RP10,59951507.54151217,0.2591680946619165,59951507.54151217,0.2591680946619165,0.6264470225022803,early exposure,FALSE,FALSE
15090415,Osterburg (Altmark),20,RP20,73035988.94229084,0.3157318117949846,73035988.94229084,0.3157318117949846,0.7631697631077373,early exposure,FALSE,FALSE
15090415,Osterburg (Altmark),50,RP50,82197055.8465139,0.3553347567750391,82197055.8465139,0.3553347567750391,0.8588958477457411,early exposure,FALSE,FALSE
15090415,Osterburg (Altmark),100,RP100,86452743.0159182,0.373731931098103,86452743.0159182,0.373731931098103,0.9033644969140459,early exposure,FALSE,FALSE
15090415,Osterburg (Altmark),200,RP200,87822743.0159182,0.3796543891687523,87822743.0159182,0.3796543891687523,0.9176799404453675,early exposure,FALSE,FALSE
15090415,Osterburg (Altmark),500,RP500,95700842.03136896,0.41371111259607446,95700842.03136896,0.41371111259607446,1,early exposure,FALSE,FALSE
16065042,Kalbsrieth,10,RP10,4242713.141592514,0.3540732740635088,4242713.141592514,0.3540732740635088,0.7233898633890039,early exposure,FALSE,FALSE
16065042,Kalbsrieth,20,RP20,4534646.754228604,0.3784364319263216,4534646.754228604,0.3784364319263216,0.7731650447683919,early exposure,FALSE,FALSE
16065042,Kalbsrieth,50,RP50,5302261.407693395,0.4424972874451528,5302261.407693396,0.4424972874451528,0.9040446590090251,early exposure,FALSE,FALSE
16065042,Kalbsrieth,100,RP100,5563037.954393599,0.464260249636478,5563037.954393599,0.464260249636478,0.9485075072377197,early exposure,FALSE,FALSE
16065042,Kalbsrieth,200,RP200,5592310.449730615,0.46670316951300206,5592310.449730615,0.46670316951300206,0.953498517870824,early exposure,FALSE,FALSE
16065042,Kalbsrieth,500,RP500,5865043.673290993,0.4894639695457073,5865043.673290993,0.4894639695457073,1,early exposure,FALSE,FALSE
14627030,Ebersbach,10,RP10,0,0,0,0,0,delayed jump,FALSE,TRUE
14627030,Ebersbach,20,RP20,0,0,0,0,0,delayed jump,FALSE,TRUE
14627030,Ebersbach,50,RP50,7355.37035852435,8.728375541987547e-5,7355.37035852435,8.728375541987547e-5,0.06850175162122943,delayed jump,FALSE,TRUE
14627030,Ebersbach,100,RP100,7355.37035852435,8.728375541987547e-5,7355.37035852435,8.728375541987547e-5,0.06850175162122943,delayed jump,FALSE,TRUE
14627030,Ebersbach,200,RP200,7355.37035852435,8.728375541987547e-5,7355.37035852435,8.728375541987547e-5,0.06850175162122943,delayed jump,FALSE,TRUE
14627030,Ebersbach,500,RP500,107374.92377121725,0.00127418282531662,107374.923771217,0.00127418282531662,1,delayed jump,FALSE,TRUE
15090445,Sandau (Elbe),10,RP10,10401030.862198334,0.564213991518533,10401030.862198334,0.564213991518533,0.7660469260476231,early exposure,FALSE,FALSE
15090445,Sandau (Elbe),20,RP20,11388385.68190684,0.6177740098718537,11388385.68190684,0.6177740098718537,0.8387666530224688,early exposure,FALSE,FALSE
15090445,Sandau (Elbe),50,RP50,12890291.551491208,0.6992463482189207,12890291.551491207,0.6992463482189207,0.9493836091541433,early exposure,FALSE,FALSE
15090445,Sandau (Elbe),100,RP100,12989683.232426053,0.7046379462025204,12989683.232426053,0.7046379462025204,0.9567039115995063,early exposure,FALSE,FALSE
15090445,Sandau (Elbe),200,RP200,13129683.232426053,0.7122323817790628,13129683.232426053,0.7122323817790628,0.9670150597027626,early exposure,FALSE,FALSE
15090445,Sandau (Elbe),500,RP500,13577537.49611904,0.7365266700168931,13577537.496119041,0.7365266700168931,1,early exposure,FALSE,FALSE
16073002,Altenbeuthen,10,RP10,1008845.8084926064,0.1250437186523971,1008845.8084926064,0.1250437186523971,0.9998961055521517,early exposure,FALSE,FALSE
16073002,Altenbeuthen,20,RP20,1008845.8084926064,0.1250437186523971,1008845.8084926064,0.1250437186523971,0.9998961055521517,early exposure,FALSE,FALSE
16073002,Altenbeuthen,50,RP50,1008950.6328615138,0.12505671135037258,1008950.6328615138,0.12505671135037258,1,early exposure,FALSE,FALSE
16073002,Altenbeuthen,100,RP100,1008950.6328615138,0.12505671135037258,1008950.6328615138,0.12505671135037258,1,early exposure,FALSE,FALSE
16073002,Altenbeuthen,200,RP200,1008950.6328615138,0.12505671135037258,1008950.6328615138,0.12505671135037258,1,early exposure,FALSE,FALSE
16073002,Altenbeuthen,500,RP500,1008950.6328615138,0.12505671135037258,1008950.6328615138,0.12505671135037258,1,early exposure,FALSE,FALSE
12069648,Wenzlow,10,RP10,550775.2903229396,0.02659845019894864,550775.2903229395,0.02659845019894864,0.5147989199072746,early exposure,FALSE,FALSE
12069648,Wenzlow,20,RP20,617193.2385890757,0.02980595518385335,617193.2385890756,0.02980595518385335,0.576878480538646,early exposure,FALSE,FALSE
12069648,Wenzlow,50,RP50,651907.4327370734,0.03148239888142875,651907.4327370734,0.03148239888142875,0.6093251606400034,early exposure,FALSE,FALSE
12069648,Wenzlow,100,RP100,660975.2749242677,0.03192030986448428,660975.2749242675,0.03192030986448428,0.6178006958462399,early exposure,FALSE,FALSE
12069648,Wenzlow,200,RP200,889884.3160396396,0.04297495562868755,889884.3160396396,0.04297495562868755,0.8317575112547676,early exposure,FALSE,FALSE
12069648,Wenzlow,500,RP500,1069884.3160396395,0.05166764958197571,1069884.3160396393,0.05166764958197571,1,early exposure,FALSE,FALSE
01056019,Haselau,10,RP10,11564430.995699037,0.835097039626902,11564430.995699037,0.835097039626902,0.9274611398133679,early exposure,FALSE,FALSE
01056019,Haselau,20,RP20,11763641.021430146,0.8494825033660102,11763641.021430146,0.8494825033660102,0.9434376766265962,early exposure,FALSE,FALSE
01056019,Haselau,50,RP50,11953211.383603089,0.8631718624283368,11953211.383603087,0.8631718624283368,0.9586411176122477,early exposure,FALSE,FALSE
01056019,Haselau,100,RP100,12350337.49774611,0.8918493513945224,12350337.49774611,0.8918493513945224,0.9904904181623331,early exposure,FALSE,FALSE
01056019,Haselau,200,RP200,12359934.35306137,0.8925423647789666,12359934.35306137,0.8925423647789666,0.9912600807918759,early exposure,FALSE,FALSE
01056019,Haselau,500,RP500,12468911.63335009,0.9004118919688082,12468911.63335009,0.9004118919688082,1,early exposure,FALSE,FALSE
16065056,Reinsdorf,10,RP10,2711929.553768314,0.23933802475224936,2711929.553768314,0.23933802475224936,0.84495872238449,early exposure,FALSE,FALSE
16065056,Reinsdorf,20,RP20,2781303.9659209265,0.2454605786179584,2781303.9659209265,0.2454605786179584,0.8665737804073631,early exposure,FALSE,FALSE
16065056,Reinsdorf,50,RP50,2871525.9743963755,0.2534230115903377,2871525.974396376,0.2534230115903377,0.894684345781913,early exposure,FALSE,FALSE
16065056,Reinsdorf,100,RP100,2959438.8421592554,0.2611816541743371,2959438.8421592554,0.2611816541743371,0.9220754497738516,early exposure,FALSE,FALSE
16065056,Reinsdorf,200,RP200,3029540.8709613597,0.26736842295721613,3029540.8709613597,0.26736842295721613,0.9439172120758553,early exposure,FALSE,FALSE
16065056,Reinsdorf,500,RP500,3209540.8709613597,0.283254102729223,3209540.8709613597,0.283254102729223,1,early exposure,FALSE,FALSE
14627060,Großenhain,10,RP10,6364925.153126038,0.04880230093222412,6364925.153126038,0.04880230093222412,0.5218063760591168,early exposure,FALSE,FALSE
14627060,Großenhain,20,RP20,7641523.579004623,0.05859046639379788,7641523.579004623,0.05859046639379788,0.6264638829841299,early exposure,FALSE,FALSE
14627060,Großenhain,50,RP50,9184168.208418855,0.07041850924190236,9184168.208418857,0.07041850924190236,0.7529322678050191,early exposure,FALSE,FALSE
14627060,Großenhain,100,RP100,9512523.595678177,0.07293613482841474,9512523.595678177,0.07293613482841474,0.779851348636806,early exposure,FALSE,FALSE
14627060,Großenhain,200,RP200,9617887.278872317,0.07374399824406581,9617887.278872315,0.07374399824406581,0.788489225811021,early exposure,FALSE,FALSE
14627060,Großenhain,500,RP500,12197867.724799396,0.09352568916615762,12197867.724799395,0.09352568916615762,1,early exposure,FALSE,FALSE
15087250,Kelbra (Kyffhäuser),10,RP10,2990835.313662961,0.07362695562903221,2990835.313662961,0.07362695562903221,0.6803454254509651,early exposure,FALSE,FALSE
15087250,Kelbra (Kyffhäuser),20,RP20,3596054.1245360635,0.08852594332335469,3596054.1245360635,0.08852594332335469,0.8180186191214306,early exposure,FALSE,FALSE
15087250,Kelbra (Kyffhäuser),50,RP50,3876054.124536065,0.0954188496234614,3876054.124536064,0.0954188496234614,0.8817121024289296,early exposure,FALSE,FALSE
15087250,Kelbra (Kyffhäuser),100,RP100,4216054.124536065,0.103788807273591,4216054.124536065,0.103788807273591,0.9590541893023216,early exposure,FALSE,FALSE
15087250,Kelbra (Kyffhäuser),200,RP200,4226054.124536065,0.1040349824985948,4226054.124536065,0.1040349824985948,0.9613289565633036,early exposure,FALSE,FALSE
15087250,Kelbra (Kyffhäuser),500,RP500,4396054.124536067,0.10821996132365964,4396054.124536068,0.10821996132365964,1,early exposure,FALSE,FALSE
14522080,Döbeln,10,RP10,4493088.794844589,0.04924871589203224,4493088.794844588,0.04924871589203224,0.8463225773342125,early exposure,FALSE,FALSE
14522080,Döbeln,20,RP20,4747114.623191781,0.05203309127848435,4747114.623191781,0.05203309127848435,0.8941711295379734,early exposure,FALSE,FALSE
14522080,Döbeln,50,RP50,4868701.332344931,0.05336580237518051,4868701.33234493,0.05336580237518051,0.9170733203823092,early exposure,FALSE,FALSE
14522080,Döbeln,100,RP100,5048701.332344931,0.05533878115778043,5048701.332344931,0.05533878115778043,0.9509782955287948,early exposure,FALSE,FALSE
14522080,Döbeln,200,RP200,5138701.332344932,0.0563252705490804,5138701.332344932,0.0563252705490804,0.9679307831020377,early exposure,FALSE,FALSE
14522080,Döbeln,500,RP500,5308955.373726571,0.05819142394517964,5308955.373726571,0.05819142394517964,1,early exposure,FALSE,FALSE
15090435,Rochau,10,RP10,3189948.8481964623,0.08161218021664587,3189948.8481964623,0.08161218021664587,0.7807432379918533,early exposure,FALSE,FALSE
15090435,Rochau,20,RP20,3750980.12363656,0.0959656973848848,3750980.1236365596,0.0959656973848848,0.9180562155492991,early exposure,FALSE,FALSE
15090435,Rochau,50,RP50,3750980.12363656,0.0959656973848848,3750980.1236365596,0.0959656973848848,0.9180562155492991,early exposure,FALSE,FALSE
15090435,Rochau,100,RP100,3750980.12363656,0.0959656973848848,3750980.1236365596,0.0959656973848848,0.9180562155492991,early exposure,FALSE,FALSE
15090435,Rochau,200,RP200,3750980.12363656,0.0959656973848848,3750980.1236365596,0.0959656973848848,0.9180562155492991,early exposure,FALSE,FALSE
15090435,Rochau,500,RP500,4085784.791939175,0.10453139552839452,4085784.791939175,0.10453139552839452,1,early exposure,FALSE,FALSE
01056020,Haseldorf,10,RP10,14460286.468698842,0.8116787167100384,14460286.468698842,0.8116787167100384,0.88130835067631,early exposure,FALSE,FALSE
01056020,Haseldorf,20,RP20,15530504.883602718,0.8717517665413116,15530504.88360272,0.8717517665413116,0.9465347504536596,early exposure,FALSE,FALSE
01056020,Haseldorf,50,RP50,16223681.830117706,0.910660883287938,16223681.830117704,0.910660883287938,0.9887816750068033,early exposure,FALSE,FALSE
01056020,Haseldorf,100,RP100,16407749.294105878,0.9209928807405056,16407749.294105878,0.9209928807405056,1,early exposure,FALSE,FALSE
01056020,Haseldorf,200,RP200,16407749.294105878,0.9209928807405056,16407749.294105878,0.9209928807405056,1,early exposure,FALSE,FALSE
01056020,Haseldorf,500,RP500,16407749.294105878,0.9209928807405056,16407749.294105878,0.9209928807405056,1,early exposure,FALSE,FALSE
12069656,Werder (Havel),10,RP10,13238067.815084605,0.11291610549741518,13238067.815084605,0.11291610549741518,0.7382202225963387,early exposure,FALSE,FALSE
12069656,Werder (Havel),20,RP20,14576800.163515683,0.12433502593201186,14576800.163515685,0.12433502593201186,0.8128745683861057,early exposure,FALSE,FALSE
12069656,Werder (Havel),50,RP50,14646800.163515683,0.12493210153966304,14646800.163515685,0.12493210153966304,0.8167781150595003,early exposure,FALSE,FALSE
12069656,Werder (Havel),100,RP100,17123862.011700477,0.1460605759424412,17123862.01170048,0.1460605759424412,0.9549113513062728,early exposure,FALSE,FALSE
12069656,Werder (Havel),200,RP200,17852424.38691132,0.15227495912659542,17852424.38691132,0.15227495912659542,0.995539597536482,early exposure,FALSE,FALSE
12069656,Werder (Havel),500,RP500,17932410.153336078,0.15295720984218836,17932410.153336078,0.15295720984218836,1,early exposure,FALSE,FALSE
01056024,Heist,10,RP10,740991.6063474127,0.07395946402034852,740991.6063474126,0.07395946402034852,0.7500725204650612,early exposure,FALSE,FALSE
01056024,Heist,20,RP20,740991.6063474127,0.07395946402034852,740991.6063474126,0.07395946402034852,0.7500725204650612,early exposure,FALSE,FALSE
01056024,Heist,50,RP50,885803.2225259072,0.08841332479925243,885803.222525907,0.08841332479925243,0.8966588151129069,early exposure,FALSE,FALSE
01056024,Heist,100,RP100,909257.9135666064,0.090754372070602607,909257.9135666064,0.090754372070602607,0.9204009453542289,early exposure,FALSE,FALSE
01056024,Heist,200,RP200,987893.2851559232,0.0986030843717512,987893.285155923,0.0986030843717512,1,early exposure,FALSE,FALSE
01056024,Heist,500,RP500,987893.2851559232,0.0986030843717512,987893.285155923,0.0986030843717512,1,early exposure,FALSE,FALSE
12067481,Storkow (Mark),10,RP10,164176.1364780027,9.085766056919454e-4,164176.1364780027,9.085766056919454e-4,0.3540789203057074,gradual increase,FALSE,TRUE
12067481,Storkow (Mark),20,RP20,200141.01394010795,0.00110761190393716,200141.01394010795,0.00110761190393716,0.43164442558494465,gradual increase,FALSE,TRUE
12067481,Storkow (Mark),50,RP50,229137.79638196016,0.00126808466649687,229137.79638195926,0.00126808466649687,0.494181829860662,gradual increase,FALSE,TRUE
12067481,Storkow (Mark),100,RP100,238685.7288741711,0.001320924429213,238685.72887417,0.001320924429213,0.5147738702175547,gradual increase,FALSE,TRUE
12067481,Storkow (Mark),200,RP200,249402.5833814654,0.00138023319052763,249402.58338146438,0.00138023319052763,0.5378869264413171,gradual increase,FALSE,TRUE
12067481,Storkow (Mark),500,RP500,463671.02660687955,0.00256602851394681,463671.0266068792,0.00256602851394681,1,gradual increase,FALSE,TRUE
01056027,Hetlingen,10,RP10,13467994.132039271,0.8113400923065099,13467994.132039273,0.8113400923065099,0.893275835546128,early exposure,FALSE,FALSE
01056027,Hetlingen,20,RP20,14357519.38093838,0.8649269509340979,14357519.38093838,0.8649269509340979,0.9522743324388062,early exposure,FALSE,FALSE
01056027,Hetlingen,50,RP50,14429292.049295569,0.8692506863618907,14429292.049295567,0.8692506863618907,0.9570347139527557,early exposure,FALSE,FALSE
01056027,Hetlingen,100,RP100,14449292.049295569,0.8704555281287526,14449292.049295567,0.8704555281287526,0.9583612304730165,early exposure,FALSE,FALSE
01056027,Hetlingen,200,RP200,14819269.621538546,0.8927437497207755,14819269.621538546,0.8927437497207755,0.982900298558327,early exposure,FALSE,FALSE
01056027,Hetlingen,500,RP500,15077083.243615624,0.9082749807179946,15077083.243615625,0.9082749807179946,1,early exposure,FALSE,FALSE
01056028,Holm,10,RP10,1744059.1882619536,0.10914943973025296,1744059.1882619534,0.10914943973025296,0.8182808856957144,early exposure,FALSE,FALSE
01056028,Holm,20,RP20,1792727.8455161543,0.11219529775357703,1792727.8455161545,0.11219529775357703,0.841115335484816,early exposure,FALSE,FALSE
01056028,Holm,50,RP50,2096151.103713287,0.1311846066349741,2096151.103713287,0.1311846066349741,0.9834760157468537,early exposure,FALSE,FALSE
01056028,Holm,100,RP100,2096151.103713287,0.1311846066349741,2096151.103713287,0.1311846066349741,0.9834760157468537,early exposure,FALSE,FALSE
01056028,Holm,200,RP200,2096151.103713287,0.1311846066349741,2096151.103713287,0.1311846066349741,0.9834760157468537,early exposure,FALSE,FALSE
01056028,Holm,500,RP500,2131369.825141557,0.1333887197394969,2131369.825141557,0.1333887197394969,1,early exposure,FALSE,FALSE
12067469,Spreenhagen,10,RP10,8343913.273069248,0.06057804128749274,8343913.2730692495,0.06057804128749274,0.8422113407430664,early exposure,FALSE,FALSE
12067469,Spreenhagen,20,RP20,9005845.59527187,0.06538376759739317,9005845.59527187,0.06538376759739317,0.9090249437035359,early exposure,FALSE,FALSE
12067469,Spreenhagen,50,RP50,9313403.422999874,0.06761668279876909,9313403.422999874,0.06761668279876909,0.9400689732817036,early exposure,FALSE,FALSE
12067469,Spreenhagen,100,RP100,9363815.939783826,0.0679826851076619,9363815.939783826,0.0679826851076619,0.9451574721624244,early exposure,FALSE,FALSE
12067469,Spreenhagen,200,RP200,9373815.939783826,0.06805528658289896,9373815.939783826,0.06805528658289896,0.9461668442797754,early exposure,FALSE,FALSE
12067469,Spreenhagen,500,RP500,9907149.036615418,0.07192736354517137,9907149.036615418,0.07192736354517137,1,early exposure,FALSE,FALSE
14524290,Waldenburg,10,RP10,2687162.600053851,0.10713062368459192,2687162.600053851,0.10713062368459192,0.8268526134717852,early exposure,FALSE,FALSE
14524290,Waldenburg,20,RP20,2887162.600053851,0.11510413624259232,2887162.600053851,0.11510413624259232,0.8883935573249941,early exposure,FALSE,FALSE
14524290,Waldenburg,50,RP50,2897162.600053851,0.11550281187049234,2897162.600053851,0.11550281187049234,0.8914706045176546,early exposure,FALSE,FALSE
14524290,Waldenburg,100,RP100,3089879.5993381776,0.123185968940161,3089879.5993381776,0.123185968940161,0.9507705346802329,early exposure,FALSE,FALSE
14524290,Waldenburg,200,RP200,3109879.5993381776,0.12398332019596103,3109879.599338177,0.12398332019596103,0.9569246290655538,early exposure,FALSE,FALSE
14524290,Waldenburg,500,RP500,3249868.908040339,0.12956435275057343,3249868.9080403387,0.12956435275057343,1,early exposure,FALSE,FALSE
14730310,Torgau,10,RP10,29998508.102036916,0.2916637391041352,29998508.102036916,0.2916637391041352,0.8505650989655437,early exposure,FALSE,FALSE
14730310,Torgau,20,RP20,30989626.178527106,0.3012999917837542,30989626.178527106,0.3012999917837542,0.8786668446239945,early exposure,FALSE,FALSE
14730310,Torgau,50,RP50,31835608.70413348,0.3095251483747369,31835608.704133485,0.3095251483747369,0.9026534778314855,early exposure,FALSE,FALSE
14730310,Torgau,100,RP100,32635608.704133485,0.31730323488789475,32635608.704133492,0.31730323488789475,0.9253363418211864,early exposure,FALSE,FALSE
14730310,Torgau,200,RP200,34611603.76745602,0.33651506057801395,34611603.767456025,0.33651506057801395,0.9813628759032674,early exposure,FALSE,FALSE
14730310,Torgau,500,RP500,35268914.9114172,0.342905839257755,35268914.91141721,0.342905839257755,1,early exposure,FALSE,FALSE
12071041,Dissen-Striesow,10,RP10,4204922.506485907,0.21117728253690787,4204922.506485907,0.21117728253690787,0.49213542779814845,early exposure,FALSE,FALSE
12071041,Dissen-Striesow,20,RP20,5514922.5064859055,0.2769673749099874,5514922.5064859055,0.2769673749099874,0.6454551166678378,early exposure,FALSE,FALSE
12071041,Dissen-Striesow,50,RP50,6991012.67711509,0.3510987555792156,6991012.67711509,0.3510987555792156,0.8182136553735428,early exposure,FALSE,FALSE
12071041,Dissen-Striesow,100,RP100,7311012.67711509,0.3671696178382885,7311012.677115091,0.3671696178382885,0.8556657931127036,early exposure,FALSE,FALSE
12071041,Dissen-Striesow,200,RP200,7708170.246159384,0.3871154446734731,7708170.246159384,0.3871154446734731,0.9021482930501947,early exposure,FALSE,FALSE
12071041,Dissen-Striesow,500,RP500,8544238.575343076,0.4291040039156116,8544238.575343076,0.4291040039156116,1,early exposure,FALSE,FALSE
12068320,Neuruppin,10,RP10,298.42144297512954,9.754431206703547e-7,298.42144297512954,9.754431206703547e-7,6.662104423607578e-4,delayed jump,FALSE,TRUE
12068320,Neuruppin,20,RP20,298.42144297512954,9.754431206703547e-7,298.42144297512954,9.754431206703547e-7,6.662104423607578e-4,delayed jump,FALSE,TRUE
12068320,Neuruppin,50,RP50,298.42144297512954,9.754431206703547e-7,298.42144297512954,9.754431206703547e-7,6.662104423607578e-4,delayed jump,FALSE,TRUE
12068320,Neuruppin,100,RP100,298.42144297512954,9.754431206703547e-7,298.42144297512954,9.754431206703547e-7,6.662104423607578e-4,delayed jump,FALSE,TRUE
12068320,Neuruppin,200,RP200,1621.0060379509664,5.298544141200187e-6,1621.0060379509664,5.298544141200187e-6,0.0036188121699511195,delayed jump,FALSE,TRUE
12068320,Neuruppin,500,RP500,447938.7052500347,0.00146416666363531,447938.7052500329,0.00146416666363531,1,delayed jump,FALSE,TRUE
16065046,Mönchpfiffel-Nikolausrieth,10,RP10,2662128.791298084,0.2872160499291837,2662128.7912980844,0.2872160499291837,0.9052772154223611,early exposure,FALSE,FALSE
16065046,Mönchpfiffel-Nikolausrieth,20,RP20,2684164.2569635003,0.2895934478324929,2684164.256963501,0.2895934478324929,0.9127705437178703,early exposure,FALSE,FALSE
16065046,Mönchpfiffel-Nikolausrieth,50,RP50,2714164.2569635003,0.29283013627748505,2714164.2569635008,0.29283013627748505,0.9229722727068828,early exposure,FALSE,FALSE
16065046,Mönchpfiffel-Nikolausrieth,100,RP100,2814985.2285620286,0.30370767207034643,2814985.228562029,0.30370767207034643,0.9572572136621202,early exposure,FALSE,FALSE
16065046,Mönchpfiffel-Nikolausrieth,200,RP200,2891395.903140232,0.3119515903197241,2891395.9031402324,0.3119515903197241,0.9832412467926026,early exposure,FALSE,FALSE
16065046,Mönchpfiffel-Nikolausrieth,500,RP500,2940678.0000047344,0.3172686167686014,2940678.000004735,0.3172686167686014,1,early exposure,FALSE,FALSE
14627050,Gröditz,10,RP10,3613794.2476873407,0.12443819433868854,3613794.2476873407,0.12443819433868854,0.5241710626575553,early exposure,FALSE,FALSE
14627050,Gröditz,20,RP20,4164091.804796288,0.14338726273112715,4164091.8047962873,0.14338726273112715,0.6039902320727062,early exposure,FALSE,FALSE
14627050,Gröditz,50,RP50,5386452.300050039,0.18547829571056812,5386452.300050039,0.18547829571056812,0.7812903094519895,early exposure,FALSE,FALSE
14627050,Gröditz,100,RP100,6061274.987435094,0.20871529011630024,6061274.987435095,0.20871529011630024,0.8791715115648154,early exposure,FALSE,FALSE
14627050,Gröditz,200,RP200,6634441.508970511,0.22845183351273132,6634441.508970511,0.22845183351273132,0.9623077622977451,early exposure,FALSE,FALSE
14627050,Gröditz,500,RP500,6894303.224915447,0.2373999695973009,6894303.224915447,0.2373999695973009,1,early exposure,FALSE,FALSE
12068324,Neustadt (Dosse),10,RP10,9979751.2077473,0.13189478933048393,9979751.207747301,0.13189478933048393,0.5258588243929839,early exposure,FALSE,FALSE
12068324,Neustadt (Dosse),20,RP20,11981511.728578702,0.1583505372433354,11981511.728578702,0.1583505372433354,0.631336747869024,early exposure,FALSE,FALSE
12068324,Neustadt (Dosse),50,RP50,15363531.119764984,0.20304811795715524,15363531.119764984,0.20304811795715524,0.8095440702863271,early exposure,FALSE,FALSE
12068324,Neustadt (Dosse),100,RP100,16420656.485111646,0.217019340731734,16420656.485111646,0.217019340731734,0.865246731633802,early exposure,FALSE,FALSE
12068324,Neustadt (Dosse),200,RP200,17973521.555902973,0.23754237854170376,17973521.555902973,0.23754237854170376,0.9470711963492485,early exposure,FALSE,FALSE
12068324,Neustadt (Dosse),500,RP500,18978004.637018792,0.25081786824198377,18978004.637018792,0.25081786824198377,1,early exposure,FALSE,FALSE
12071028,Briesen,10,RP10,1009218.6846576468,0.11012224482942812,1009218.6846576465,0.11012224482942812,0.5052276310783398,early exposure,FALSE,FALSE
12071028,Briesen,20,RP20,1179218.6846576466,0.1286720219051006,1179218.684657646,0.1286720219051006,0.5903317800492374,early exposure,FALSE,FALSE
12071028,Briesen,50,RP50,1858610.997827903,0.202804821647652,1858610.9978279024,0.202804821647652,0.9304441602240859,early exposure,FALSE,FALSE
12071028,Briesen,100,RP100,1951832.9535351384,0.21297685986487225,1951832.9535351382,0.21297685986487225,0.9771122496703625,early exposure,FALSE,FALSE
12071028,Briesen,200,RP200,1990128.967029216,0.21715558053076683,1990128.9670292153,0.21715558053076683,0.9962837181256065,early exposure,FALSE,FALSE
12071028,Briesen,500,RP500,1997552.43493632,0.217965602147268,1997552.43493632,0.217965602147268,1,early exposure,FALSE,FALSE
12069688,Wusterwitz,10,RP10,0,0,0,0,0,gradual increase,FALSE,FALSE
12069688,Wusterwitz,20,RP20,0,0,0,0,0,gradual increase,FALSE,FALSE
12069688,Wusterwitz,50,RP50,1124651.2615270065,0.04712657153097752,1124651.2615270063,0.04712657153097752,0.27300208833384604,gradual increase,FALSE,FALSE
12069688,Wusterwitz,100,RP100,2424651.261527007,0.10160082953971196,2424651.2615270074,0.10160082953971196,0.5885689906926513,gradual increase,FALSE,FALSE
12069688,Wusterwitz,200,RP200,3983548.728570402,0.1669237394080846,3983548.7285704026,0.1669237394080846,0.9669816405156296,gradual increase,FALSE,FALSE
12069688,Wusterwitz,500,RP500,4119570.17761602,0.17262348364657143,4119570.1776160193,0.17262348364657143,1,gradual increase,FALSE,FALSE
01056015,Elmshorn,10,RP10,1365295.0518787848,0.06291066321629672,1365295.0518787848,0.06291066321629672,0.6819408448476348,early exposure,FALSE,FALSE
01056015,Elmshorn,20,RP20,1875101.080572228,0.08640172863298907,1875101.080572228,0.08640172863298907,0.9365799819610465,early exposure,FALSE,FALSE
01056015,Elmshorn,50,RP50,1875101.080572228,0.08640172863298907,1875101.080572228,0.08640172863298907,0.9365799819610465,early exposure,FALSE,FALSE
01056015,Elmshorn,100,RP100,2002072.5583372717,0.09225237598189732,2002072.5583372717,0.09225237598189732,1,early exposure,FALSE,FALSE
01056015,Elmshorn,200,RP200,2002072.5583372717,0.09225237598189732,2002072.5583372717,0.09225237598189732,1,early exposure,FALSE,FALSE
01056015,Elmshorn,500,RP500,2002072.5583372717,0.09225237598189732,2002072.5583372717,0.09225237598189732,1,early exposure,FALSE,FALSE
01056016,Groß Nordende,10,RP10,4306485.458545647,0.8070044171911045,4306485.458545647,0.8070044171911045,1,early exposure,FALSE,FALSE
01056016,Groß Nordende,20,RP20,4306485.458545647,0.8070044171911045,4306485.458545647,0.8070044171911045,1,early exposure,FALSE,FALSE
01056016,Groß Nordende,50,RP50,4306485.458545647,0.8070044171911045,4306485.458545647,0.8070044171911045,1,early exposure,FALSE,FALSE
01056016,Groß Nordende,100,RP100,4306485.458545647,0.8070044171911045,4306485.458545647,0.8070044171911045,1,early exposure,FALSE,FALSE
01056016,Groß Nordende,200,RP200,4306485.458545647,0.8070044171911045,4306485.458545647,0.8070044171911045,1,early exposure,FALSE,FALSE
01056016,Groß Nordende,500,RP500,4306485.458545647,0.8070044171911045,4306485.458545647,0.8070044171911045,1,early exposure,FALSE,FALSE
12067473,Steinhöfel,10,RP10,705993.3415775688,0.0043812853758873,705993.3415775687,0.0043812853758873,0.776919191617772,early exposure,FALSE,TRUE
12067473,Steinhöfel,20,RP20,705993.3415775688,0.0043812853758873,705993.3415775687,0.0043812853758873,0.776919191617772,early exposure,FALSE,TRUE
12067473,Steinhöfel,50,RP50,832612.9512096938,0.00516706707000663,832612.9512096938,0.00516706707000663,0.9162593226996457,early exposure,FALSE,TRUE
12067473,Steinhöfel,100,RP100,882448.0079086656,0.00547633571641316,882448.0079086652,0.00547633571641316,0.9711009333560215,early exposure,FALSE,TRUE
12067473,Steinhöfel,200,RP200,884267.4281300876,0.00548762675662452,884267.428130086,0.00548762675662452,0.9731031370658761,early exposure,FALSE,TRUE
12067473,Steinhöfel,500,RP500,908708.8453916104,0.00563930640812745,908708.8453916102,0.00563930640812745,1,early exposure,FALSE,TRUE
12071032,Burg (Spreewald),10,RP10,4724169.916530594,0.13357167515307738,4724169.916530594,0.13357167515307738,0.8854413909514188,early exposure,FALSE,FALSE
12071032,Burg (Spreewald),20,RP20,4864827.5724792825,0.1375486444535316,4864827.5724792825,0.1375486444535316,0.9118045643197971,early exposure,FALSE,FALSE
12071032,Burg (Spreewald),50,RP50,5001269.802639018,0.14140642636359504,5001269.802639018,0.14140642636359504,0.9373776491562277,early exposure,FALSE,FALSE
12071032,Burg (Spreewald),100,RP100,5105384.09747754,0.14435016484351318,5105384.09747754,0.14435016484351318,0.9568915759769311,early exposure,FALSE,FALSE
12071032,Burg (Spreewald),200,RP200,5225384.09747754,0.14774305741545113,5225384.09747754,0.14774305741545113,0.979382927641141,early exposure,FALSE,FALSE
12071032,Burg (Spreewald),500,RP500,5335384.09747754,0.15085320893972756,5335384.09747754,0.15085320893972756,1,early exposure,FALSE,FALSE
13076006,Barkhagen,10,RP10,1463305.1825281417,0.04816029067793387,1463305.1825281417,0.04816029067793387,0.629242278823998,early exposure,FALSE,FALSE
13076006,Barkhagen,20,RP20,1933305.1825281417,0.06362892763001657,1933305.1825281417,0.06362892763001657,0.8313490399962127,early exposure,FALSE,FALSE
13076006,Barkhagen,50,RP50,1943305.1825281417,0.06395804756516726,1943305.1825281417,0.06395804756516726,0.8356491838509407,early exposure,FALSE,FALSE
13076006,Barkhagen,100,RP100,2225503.596584353,0.0732457599385482,2225503.596584353,0.0732457599385482,0.9569985614527202,early exposure,FALSE,FALSE
13076006,Barkhagen,200,RP200,2315503.596584353,0.07620783935490447,2315503.596584353,0.07620783935490447,0.995699856145272,early exposure,FALSE,FALSE
13076006,Barkhagen,500,RP500,2325503.596584353,0.07653695929005516,2325503.596584353,0.07653695929005516,1,early exposure,FALSE,FALSE
13076008,Belsch,10,RP10,179037.34455741392,0.00791304871203028,179037.34455741386,0.00791304871203028,0.7751408310766678,early exposure,FALSE,TRUE
13076008,Belsch,20,RP20,230973.95644702623,0.01020853036607436,230973.95644702608,0.01020853036607436,1,early exposure,FALSE,TRUE
13076008,Belsch,50,RP50,230973.95644702623,0.01020853036607436,230973.95644702608,0.01020853036607436,1,early exposure,FALSE,TRUE
13076008,Belsch,100,RP100,230973.95644702623,0.01020853036607436,230973.95644702608,0.01020853036607436,1,early exposure,FALSE,TRUE
13076008,Belsch,200,RP200,230973.95644702623,0.01020853036607436,230973.95644702608,0.01020853036607436,1,early exposure,FALSE,TRUE
13076008,Belsch,500,RP500,230973.95644702623,0.01020853036607436,230973.95644702608,0.01020853036607436,1,early exposure,FALSE,TRUE
13076009,Bengerstorf,10,RP10,1230556.1037338322,0.03723357058329794,1230556.103733832,0.03723357058329794,0.9535084140655269,early exposure,FALSE,FALSE
13076009,Bengerstorf,20,RP20,1280556.1037338322,0.03874644636646303,1280556.1037338322,0.03874644636646303,0.9922514023442545,early exposure,FALSE,FALSE
13076009,Bengerstorf,50,RP50,1280556.1037338322,0.03874644636646303,1280556.1037338322,0.03874644636646303,0.9922514023442545,early exposure,FALSE,FALSE
13076009,Bengerstorf,100,RP100,1290556.1037338322,0.03904902152309605,1290556.1037338322,0.03904902152309605,1,early exposure,FALSE,FALSE
13076009,Bengerstorf,200,RP200,1290556.1037338322,0.03904902152309605,1290556.1037338322,0.03904902152309605,1,early exposure,FALSE,FALSE
13076009,Bengerstorf,500,RP500,1290556.1037338322,0.03904902152309605,1290556.1037338322,0.03904902152309605,1,early exposure,FALSE,FALSE
12067408,Rauen,10,RP10,35388.51120240226,0.00163506395695974,35388.51120240207,0.00163506395695974,0.20696995350654757,early exposure,FALSE,TRUE
12067408,Rauen,20,RP20,103830.6669933476,0.00479731346303114,103830.66699334745,0.00479731346303114,0.6072543769150786,early exposure,FALSE,TRUE
12067408,Rauen,50,RP50,103830.6669933476,0.00479731346303114,103830.66699334745,0.00479731346303114,0.6072543769150786,early exposure,FALSE,TRUE
12067408,Rauen,100,RP100,170983.80998226654,0.00790000639831044,170983.80998226654,0.00790000639831044,1,early exposure,FALSE,TRUE
12067408,Rauen,200,RP200,170983.80998226654,0.00790000639831044,170983.80998226654,0.00790000639831044,1,early exposure,FALSE,TRUE
12067408,Rauen,500,RP500,170983.80998226654,0.00790000639831044,170983.80998226654,0.00790000639831044,1,early exposure,FALSE,TRUE
14625240,Hoyerswerda,10,RP10,192367.8271628412,0.00200462275124231,192367.82716284104,0.00200462275124231,1,early exposure,FALSE,TRUE
14625240,Hoyerswerda,20,RP20,192367.8271628412,0.00200462275124231,192367.82716284104,0.00200462275124231,1,early exposure,FALSE,TRUE
14625240,Hoyerswerda,50,RP50,192367.8271628412,0.00200462275124231,192367.82716284104,0.00200462275124231,1,early exposure,FALSE,TRUE
14625240,Hoyerswerda,100,RP100,192367.8271628412,0.00200462275124231,192367.82716284104,0.00200462275124231,1,early exposure,FALSE,TRUE
14625240,Hoyerswerda,200,RP200,192367.8271628412,0.00200462275124231,192367.82716284104,0.00200462275124231,1,early exposure,FALSE,TRUE
14625240,Hoyerswerda,500,RP500,192367.8271628412,0.00200462275124231,192367.82716284104,0.00200462275124231,1,early exposure,FALSE,TRUE
13076010,Besitz,10,RP10,5804248.1689945115,0.2615982194157954,5804248.1689945115,0.2615982194157954,0.4345735816123569,early exposure,FALSE,FALSE
13076010,Besitz,20,RP20,6420014.921250194,0.2893509069776436,6420014.921250194,0.2893509069776436,0.4806770484480828,early exposure,FALSE,FALSE
13076010,Besitz,50,RP50,8174611.778626773,0.3684308154030232,8174611.778626773,0.3684308154030232,0.6120465933736603,early exposure,FALSE,FALSE
13076010,Besitz,100,RP100,13356086.868765276,0.6019605712064078,13356086.868765274,0.6019605712064078,0.9999921329846541,early exposure,FALSE,FALSE
13076010,Besitz,200,RP200,13356086.868765276,0.6019605712064078,13356086.868765274,0.6019605712064078,0.9999921329846541,early exposure,FALSE,FALSE
13076010,Besitz,500,RP500,13356191.942132248,0.6019653068767147,13356191.942132246,0.6019653068767147,1,early exposure,FALSE,FALSE
16065085,Kyffhäuserland,10,RP10,1293974.0171967803,0.01002230621347591,1293974.01719678,0.01002230621347591,0.4315861938637392,early exposure,FALSE,FALSE
16065085,Kyffhäuserland,20,RP20,1803974.0171967803,0.01397244439317895,1803974.0171967803,0.01397244439317895,0.6016892685354729,early exposure,FALSE,FALSE
16065085,Kyffhäuserland,50,RP50,2293974.01719678,0.01776767519328579,2293974.0171967805,0.01776767519328579,0.7651216343965503,early exposure,FALSE,FALSE
16065085,Kyffhäuserland,100,RP100,2323974.01719678,0.01800003626268008,2323974.0171967796,0.01800003626268008,0.7751276976125344,early exposure,FALSE,FALSE
16065085,Kyffhäuserland,200,RP200,2553974.01719678,0.01978147112803635,2553974.0171967796,0.01978147112803635,0.8518408489350809,early exposure,FALSE,FALSE
16065085,Kyffhäuserland,500,RP500,2998182.13741405,0.02322202692294685,2998182.13741405,0.02322202692294685,1,early exposure,FALSE,FALSE
16065086,Artern,10,RP10,6883624.758245187,0.15341381982852695,6883624.758245187,0.15341381982852695,0.5242709014360213,early exposure,FALSE,FALSE
16065086,Artern,20,RP20,7728291.817990219,0.17223872744185975,7728291.817990219,0.17223872744185975,0.5886024674899983,early exposure,FALSE,FALSE
16065086,Artern,50,RP50,8453375.03527268,0.18839849645361767,8453375.03527268,0.18839849645361767,0.643826284198699,early exposure,FALSE,FALSE
16065086,Artern,100,RP100,10491020.14641852,0.23381104157838956,10491020.14641852,0.23381104157838956,0.7990174918466101,early exposure,FALSE,FALSE
16065086,Artern,200,RP200,12182970.390650509,0.2715191617975412,12182970.390650505,0.2715191617975412,0.9278798733507596,early exposure,FALSE,FALSE
16065086,Artern,500,RP500,13129900.475861562,0.2926231828017039,13129900.475861562,0.2926231828017039,1,early exposure,FALSE,FALSE
13076012,Blievenstorf,10,RP10,610098.9438945074,0.02844545728376715,610098.9438945074,0.02844545728376715,1,early exposure,FALSE,FALSE
13076012,Blievenstorf,20,RP20,610098.9438945074,0.02844545728376715,610098.9438945074,0.02844545728376715,1,early exposure,FALSE,FALSE
13076012,Blievenstorf,50,RP50,610098.9438945074,0.02844545728376715,610098.9438945074,0.02844545728376715,1,early exposure,FALSE,FALSE
13076012,Blievenstorf,100,RP100,610098.9438945074,0.02844545728376715,610098.9438945074,0.02844545728376715,1,early exposure,FALSE,FALSE
13076012,Blievenstorf,200,RP200,610098.9438945074,0.02844545728376715,610098.9438945074,0.02844545728376715,1,early exposure,FALSE,FALSE
13076012,Blievenstorf,500,RP500,610098.9438945074,0.02844545728376715,610098.9438945074,0.02844545728376715,1,early exposure,FALSE,FALSE
12071060,Drehnow,10,RP10,8235.34978509542,7.507863728534738e-4,8235.349785095423,7.507863728534738e-4,0.017713759049475333,delayed jump,FALSE,FALSE
12071060,Drehnow,20,RP20,8235.34978509542,7.507863728534738e-4,8235.349785095423,7.507863728534738e-4,0.017713759049475333,delayed jump,FALSE,FALSE
12071060,Drehnow,50,RP50,8235.34978509542,7.507863728534738e-4,8235.349785095423,7.507863728534738e-4,0.017713759049475333,delayed jump,FALSE,FALSE
12071060,Drehnow,100,RP100,8235.34978509542,7.507863728534738e-4,8235.349785095423,7.507863728534738e-4,0.017713759049475333,delayed jump,FALSE,FALSE
12071060,Drehnow,200,RP200,8235.34978509542,7.507863728534738e-4,8235.349785095423,7.507863728534738e-4,0.017713759049475333,delayed jump,FALSE,FALSE
12071060,Drehnow,500,RP500,464912.60054366296,0.04238436182610893,464912.6005436631,0.04238436182610893,1,delayed jump,FALSE,FALSE
16065087,Roßleben-Wiehe,10,RP10,12530589.152597982,0.17176127967717586,12530589.152597982,0.17176127967717586,0.7620266671189869,early exposure,FALSE,FALSE
16065087,Roßleben-Wiehe,20,RP20,14466490.28355712,0.19829737080048057,14466490.28355712,0.19829737080048057,0.8797552326901287,early exposure,FALSE,FALSE
16065087,Roßleben-Wiehe,50,RP50,14756490.28355712,0.2022725048105246,14756490.28355712,0.2022725048105246,0.8973910940828621,early exposure,FALSE,FALSE
16065087,Roßleben-Wiehe,100,RP100,16276716.971648686,0.2231107972615914,16276716.971648684,0.2231107972615914,0.9898411187611963,early exposure,FALSE,FALSE
16065087,Roßleben-Wiehe,200,RP200,16356973.793375244,0.22421090630153376,16356973.793375244,0.22421090630153376,0.9947218021535787,early exposure,FALSE,FALSE
16065087,Roßleben-Wiehe,500,RP500,16443767.25026263,0.2254006153440246,16443767.250262631,0.2254006153440246,1,early exposure,FALSE,FALSE
16065088,An der Schmücke,10,RP10,11449064.888526104,0.1204995634290002,11449064.8885261,0.1204995634290002,0.6089672943594658,early exposure,FALSE,FALSE
16065088,An der Schmücke,20,RP20,13186510.449896716,0.13878589804805097,13186510.449896716,0.13878589804805097,0.7013807388552753,early exposure,FALSE,FALSE
16065088,An der Schmücke,50,RP50,16190840.576344153,0.17040598861075834,16190840.576344147,0.17040598861075834,0.8611788364535194,early exposure,FALSE,FALSE
16065088,An der Schmücke,100,RP100,17160787.816640712,0.1806145270497387,17160787.81664071,0.1806145270497387,0.9127696128484349,early exposure,FALSE,FALSE
16065088,An der Schmücke,200,RP200,17960787.816640712,0.18903439816426168,17960787.81664071,0.18903439816426168,0.955321021215052,early exposure,FALSE,FALSE
16065088,An der Schmücke,500,RP500,18800787.81664071,0.1978752628345108,18800787.816640705,0.1978752628345108,1,early exposure,FALSE,FALSE
13076014,Boizenburg/Elbe,10,RP10,8950748.546543252,0.18947857305793128,8950748.546543252,0.18947857305793128,0.7463514684646988,early exposure,FALSE,FALSE
13076014,Boizenburg/Elbe,20,RP20,10520097.068741506,0.22270014297138135,10520097.068741504,0.22270014297138135,0.877210420426646,early exposure,FALSE,FALSE
13076014,Boizenburg/Elbe,50,RP50,10900938.774788218,0.23076218858102457,10900938.774788218,0.23076218858102457,0.908966621048586,early exposure,FALSE,FALSE
13076014,Boizenburg/Elbe,100,RP100,11008987.60504556,0.2330494764063145,11008987.60504556,0.2330494764063145,0.9179761918916418,early exposure,FALSE,FALSE
13076014,Boizenburg/Elbe,200,RP200,11337968.860290611,0.24001368710696175,11337968.860290611,0.24001368710696175,0.9454080476378665,early exposure,FALSE,FALSE
13076014,Boizenburg/Elbe,500,RP500,11992672.252599187,0.2538731161709951,11992672.252599187,0.2538731161709951,1,early exposure,FALSE,FALSE
14627070,Hirschstein,10,RP10,2196810.779877984,0.06319899982924129,2196810.779877984,0.06319899982924129,0.6992002644580907,early exposure,FALSE,FALSE
14627070,Hirschstein,20,RP20,2326810.7798779835,0.06693890772347408,2326810.7798779835,0.06693890772347408,0.7405766247764792,early exposure,FALSE,FALSE
14627070,Hirschstein,50,RP50,2429369.3553571603,0.0698893663854421,2429369.3553571603,0.0698893663854421,0.7732189368746876,early exposure,FALSE,FALSE
14627070,Hirschstein,100,RP100,2509369.3553571603,0.07219084816650843,2509369.3553571603,0.07219084816650843,0.7986813124552344,early exposure,FALSE,FALSE
14627070,Hirschstein,200,RP200,2529369.3553571603,0.07276621861177501,2529369.3553571603,0.07276621861177501,0.805046906350371,early exposure,FALSE,FALSE
14627070,Hirschstein,500,RP500,3141890.6592957363,0.09038755138089535,3141890.6592957363,0.09038755138089535,1,early exposure,FALSE,FALSE
14713000,Leipzig,10,RP10,15433327.678862125,0.05160114623926536,15433327.678862125,0.05160114623926536,0.7673687984469697,early exposure,FALSE,FALSE
14713000,Leipzig,20,RP20,16941653.277672052,0.05664421481268898,16941653.27767205,0.05664421481268898,0.8423650679819477,early exposure,FALSE,FALSE
14713000,Leipzig,50,RP50,18244975.562434036,0.06100185726105142,18244975.562434036,0.06100185726105142,0.9071682573172435,early exposure,FALSE,FALSE
14713000,Leipzig,100,RP100,19213085.937418938,0.0642387227041254,19213085.937418934,0.0642387227041254,0.9553041947297368,early exposure,FALSE,FALSE
14713000,Leipzig,200,RP200,19592008.346047796,0.06550564523877568,19592008.346047793,0.06550564523877568,0.9741447999099411,early exposure,FALSE,FALSE
14713000,Leipzig,500,RP500,20112008.346047796,0.06724425901039725,20112008.346047796,0.06724425901039725,1,early exposure,FALSE,FALSE
12062196,Gröden,10,RP10,35041.48781948653,0.00156415250084796,35041.48781948633,0.00156415250084796,0.008265531972340586,delayed jump,FALSE,FALSE
12062196,Gröden,20,RP20,160013.36711062895,0.00714254228086773,160013.36711062875,0.00714254228086773,0.03774370565165579,delayed jump,FALSE,FALSE
12062196,Gröden,50,RP50,582745.5056861752,0.0260121044166983,582745.5056861752,0.0260121044166983,0.13745710895038907,delayed jump,FALSE,FALSE
12062196,Gröden,100,RP100,1590129.6953402474,0.07097887374108398,1590129.6953402474,0.07097887374108398,0.37507733417911926,delayed jump,FALSE,FALSE
12062196,Gröden,200,RP200,2550208.1530902493,0.11383404953829508,2550208.1530902493,0.11383404953829508,0.6015391565014915,delayed jump,FALSE,FALSE
12062196,Gröden,500,RP500,4239471.571430323,0.18923797114114024,4239471.571430324,0.18923797114114024,1,delayed jump,FALSE,FALSE
14522460,Penig,10,RP10,2236212.4529241873,0.0351557819921963,2236212.4529241873,0.0351557819921963,0.7769818663186716,early exposure,FALSE,FALSE
14522460,Penig,20,RP20,2443831.0977273663,0.03841978126233329,2443831.097727366,0.03841978126233329,0.8491198789260078,early exposure,FALSE,FALSE
14522460,Penig,50,RP50,2657968.884118023,0.04178626879118914,2657968.884118023,0.04178626879118914,0.9235229959919168,early exposure,FALSE,FALSE
14522460,Penig,100,RP100,2717968.884118023,0.04272953646540922,2717968.8841180224,0.04272953646540922,0.944370260266006,early exposure,FALSE,FALSE
14522460,Penig,200,RP200,2738075.473652079,0.04304563473118067,2738075.473652079,0.04304563473118067,0.951356383360458,early exposure,FALSE,FALSE
14522460,Penig,500,RP500,2878075.473652079,0.04524659263769419,2878075.473652079,0.04524659263769419,1,early exposure,FALSE,FALSE
14729320,Neukieritzsch,10,RP10,1877550.233163553,0.03281907360888157,1877550.2331635528,0.03281907360888157,0.36149448182707583,early exposure,FALSE,FALSE
14729320,Neukieritzsch,20,RP20,2760883.0215883777,0.04825949341357907,2760883.0215883777,0.04825949341357907,0.5315671238220995,early exposure,FALSE,FALSE
14729320,Neukieritzsch,50,RP50,3173855.861018913,0.05547814768782608,3173855.8610189124,0.05547814768782608,0.6110789259362073,early exposure,FALSE,FALSE
14729320,Neukieritzsch,100,RP100,4643855.861018911,0.08117335272304248,4643855.861018911,0.08117335272304248,0.8941056481509471,early exposure,FALSE,FALSE
14729320,Neukieritzsch,200,RP200,4993855.861018911,0.0872912586838083,4993855.861018911,0.0872912586838083,0.9614929629639806,early exposure,FALSE,FALSE
14729320,Neukieritzsch,500,RP500,5193855.861018912,0.09078720494710309,5193855.861018913,0.09078720494710309,1,early exposure,FALSE,FALSE
12067493,Tauche,10,RP10,11651640.058226468,0.0955425090152382,11651640.058226466,0.0955425090152382,0.6336063521534975,early exposure,FALSE,FALSE
12067493,Tauche,20,RP20,13472902.229128528,0.11047671196975416,13472902.229128525,0.11047671196975416,0.7326450518261393,early exposure,FALSE,FALSE
12067493,Tauche,50,RP50,16676493.005717134,0.13674589803487366,16676493.005717132,0.13674589803487366,0.9068536143635458,early exposure,FALSE,FALSE
12067493,Tauche,100,RP100,17006614.69537147,0.13945286927259712,17006614.69537147,0.13945286927259712,0.9248053532177646,early exposure,FALSE,FALSE
12067493,Tauche,200,RP200,18026694.052931655,0.1478174377564254,18026694.052931655,0.1478174377564254,0.9802764077148918,early exposure,FALSE,FALSE
12067493,Tauche,500,RP500,18389399.06240672,0.1507915895895123,18389399.06240672,0.1507915895895123,1,early exposure,FALSE,FALSE
12071052,Drachhausen,10,RP10,1168833.6625455413,0.03051721951904732,1168833.662545541,0.03051721951904732,0.5373839143744883,gradual increase,FALSE,FALSE
12071052,Drachhausen,20,RP20,1168833.6625455413,0.03051721951904732,1168833.662545541,0.03051721951904732,0.5373839143744883,gradual increase,FALSE,FALSE
12071052,Drachhausen,50,RP50,1168833.6625455413,0.03051721951904732,1168833.662545541,0.03051721951904732,0.5373839143744883,gradual increase,FALSE,FALSE
12071052,Drachhausen,100,RP100,1168833.6625455413,0.03051721951904732,1168833.662545541,0.03051721951904732,0.5373839143744883,gradual increase,FALSE,FALSE
12071052,Drachhausen,200,RP200,1306149.9341387188,0.03410242666872834,1306149.9341387188,0.03410242666872834,0.6005165549722492,gradual increase,FALSE,FALSE
12071052,Drachhausen,500,RP500,2175044.0072365333,0.05678848715553607,2175044.0072365333,0.05678848715553607,1,gradual increase,FALSE,FALSE
16076012,Caaschwitz,10,RP10,975303.0294419974,0.238004276933471,975303.0294419974,0.238004276933471,0.9350293197387083,early exposure,FALSE,FALSE
16076012,Caaschwitz,20,RP20,985303.0294419974,0.2404445879932002,985303.0294419974,0.2404445879932002,0.9446163843895139,early exposure,FALSE,FALSE
16076012,Caaschwitz,50,RP50,995303.0294419974,0.24288489905292945,995303.0294419975,0.24288489905292945,0.9542034490403198,early exposure,FALSE,FALSE
16076012,Caaschwitz,100,RP100,1005303.0294419974,0.24532521011265865,1005303.0294419974,0.24532521011265865,0.96379051369112545,early exposure,FALSE,FALSE
16076012,Caaschwitz,200,RP200,1032025.3138527558,0.251846278731539,1032025.3138527559,0.251846278731539,0.9894093405174412,early exposure,FALSE,FALSE
16076012,Caaschwitz,500,RP500,1043072.1356572472,0.25454204687397475,1043072.1356572472,0.25454204687397475,1,early exposure,FALSE,FALSE
13076030,Dersenow,10,RP10,154328.11474473125,0.0068761451491662,154328.11474473123,0.0068761451491662,0.038415735612204356,early exposure,FALSE,FALSE
13076030,Dersenow,20,RP20,450147.76883571624,0.02005649717297133,450147.76883571607,0.02005649717297133,0.11205189477380645,early exposure,FALSE,FALSE
13076030,Dersenow,50,RP50,2902366.662011517,0.12931599972631383,2902366.662011517,0.12931599972631383,0.7224642802248514,early exposure,FALSE,FALSE
13076030,Dersenow,100,RP100,4017315.099797347,0.17899293192193116,4017315.099797347,0.17899293192193116,1,early exposure,FALSE,FALSE
13076030,Dersenow,200,RP200,4017315.099797347,0.17899293192193116,4017315.099797347,0.17899293192193116,1,early exposure,FALSE,FALSE
13076030,Dersenow,500,RP500,4017315.099797347,0.17899293192193116,4017315.099797347,0.17899293192193116,1,early exposure,FALSE,FALSE
14523330,Pöhl,10,RP10,137388.59624586956,0.00374824704709766,137388.59624586935,0.00374824704709766,0.1972351806486524,early exposure,FALSE,TRUE
14523330,Pöhl,20,RP20,217116.45990248825,0.00592338921819551,217116.4599024881,0.00592338921819551,0.3116925666379725,early exposure,FALSE,TRUE
14523330,Pöhl,50,RP50,429477.55788958113,0.01171704225926783,429477.5578895811,0.01171704225926783,0.6165583318378244,early exposure,FALSE,TRUE
14523330,Pöhl,100,RP100,488575.0552997003,0.01332934507195488,488575.05529970024,0.01332934507195488,0.7013987472439798,early exposure,FALSE,TRUE
14523330,Pöhl,200,RP200,546717.527108436,0.01491559279718851,546717.5271084358,0.01491559279718851,0.7848681271190938,early exposure,FALSE,TRUE
14523330,Pöhl,500,RP500,696572.4664029812,0.01900394764651369,696572.4664029812,0.01900394764651369,1,early exposure,FALSE,TRUE
13076034,Dömitz,10,RP10,21945831.079193857,0.3627598131966744,21945831.079193857,0.3627598131966744,0.661790085726681,early exposure,FALSE,FALSE
13076034,Dömitz,20,RP20,26036377.95004528,0.4303756630310937,26036377.950045284,0.4303756630310937,0.7851430521539252,early exposure,FALSE,FALSE
13076034,Dömitz,50,RP50,27693200.82190669,0.4577625846440207,27693200.821906682,0.4577625846440207,0.8351055687907459,early exposure,FALSE,FALSE
13076034,Dömitz,100,RP100,28033200.82190669,0.4633827106735062,28033200.821906686,0.4633827106735062,0.8453584787094958,early exposure,FALSE,FALSE
13076034,Dömitz,200,RP200,29552215.491715506,0.4884916926881028,29552215.4917155,0.4884916926881028,0.8911653039295222,early exposure,FALSE,FALSE
13076034,Dömitz,500,RP500,33161317.39129358,0.5481493618907038,33161317.39129358,0.5481493618907038,1,early exposure,FALSE,FALSE
13076016,Brahlstorf,10,RP10,677637.2290631044,0.03094875187739345,677637.2290631041,0.03094875187739345,0.17007216880264078,early exposure,FALSE,FALSE
13076016,Brahlstorf,20,RP20,1447372.2118858118,0.06610375218289061,1447372.2118858113,0.06610375218289061,0.3632588656329154,early exposure,FALSE,FALSE
13076016,Brahlstorf,50,RP50,1894275.530767877,0.08651452558208451,1894275.5307678764,0.08651452558208451,0.4754218540691558,early exposure,FALSE,FALSE
13076016,Brahlstorf,100,RP100,3984409.8763123574,0.18197422950081704,3984409.8763123564,0.18197422950081704,1,early exposure,FALSE,FALSE
13076016,Brahlstorf,200,RP200,3984409.8763123574,0.18197422950081704,3984409.8763123564,0.18197422950081704,1,early exposure,FALSE,FALSE
13076016,Brahlstorf,500,RP500,3984409.8763123574,0.18197422950081704,3984409.8763123564,0.18197422950081704,1,early exposure,FALSE,FALSE
13076017,Brenz,10,RP10,0,0,0,0,0,early exposure,FALSE,FALSE
13076017,Brenz,20,RP20,103406.52164419505,0.0081714350920494,103406.52164419497,0.0081714350920494,0.11177749388985621,early exposure,FALSE,FALSE
13076017,Brenz,50,RP50,351430.3660936103,0.02777088311499457,351430.36609361024,0.02777088311499457,0.3798793825973708,early exposure,FALSE,FALSE
13076017,Brenz,100,RP100,581890.5416577503,0.04598240726242147,581890.5416577503,0.04598240726242147,0.6289957870211915,early exposure,FALSE,FALSE
13076017,Brenz,200,RP200,591890.5416577503,0.04677263160824813,591890.5416577503,0.04677263160824813,0.6398053077470182,early exposure,FALSE,FALSE
13076017,Brenz,500,RP500,925110.3960703406,0.07310447575521245,925110.3960703409,0.07310447575521245,1,early exposure,FALSE,FALSE
13076018,Bresegard bei Eldena,10,RP10,477738.4863655371,0.0428702803927708,477738.486365537,0.0428702803927708,0.0951317416031637,early exposure,FALSE,FALSE
13076018,Bresegard bei Eldena,20,RP20,1250929.644903707,0.11225326440963858,1250929.6449037073,0.11225326440963858,0.24909677394435986,early exposure,FALSE,FALSE
13076018,Bresegard bei Eldena,50,RP50,2814264.0133677037,0.2525404395827659,2814264.0133677037,0.2525404395827659,0.5604024891516297,early exposure,FALSE,FALSE
13076018,Bresegard bei Eldena,100,RP100,3968252.671275048,0.35609461984345403,3968252.6712750485,0.35609461984345403,0.7901954699353159,early exposure,FALSE,FALSE
13076018,Bresegard bei Eldena,200,RP200,4631862.086351725,0.41564419038789663,4631862.086351725,0.41564419038789663,0.922339563832322,early exposure,FALSE,FALSE
13076018,Bresegard bei Eldena,500,RP500,5021862.086351726,0.45064118106448187,5021862.086351726,0.45064118106448187,1,early exposure,FALSE,FALSE
01051103,Schmedeswurth,10,RP10,5030557.871382863,0.8543969663655877,5030557.871382863,0.8543969663655877,0.8706018426138663,early exposure,FALSE,FALSE
01051103,Schmedeswurth,20,RP20,5778253.186645323,0.9813865817241718,5778253.186645323,0.9813865817241718,1,early exposure,FALSE,FALSE
01051103,Schmedeswurth,50,RP50,5778253.186645323,0.9813865817241718,5778253.186645323,0.9813865817241718,1,early exposure,FALSE,FALSE
01051103,Schmedeswurth,100,RP100,5778253.186645323,0.9813865817241718,5778253.186645323,0.9813865817241718,1,early exposure,FALSE,FALSE
01051103,Schmedeswurth,200,RP200,5778253.186645323,0.9813865817241718,5778253.186645323,0.9813865817241718,1,early exposure,FALSE,FALSE
01051103,Schmedeswurth,500,RP500,5778253.186645323,0.9813865817241718,5778253.186645323,0.9813865817241718,1,early exposure,FALSE,FALSE
16076022,Greiz,10,RP10,1875998.141648388,0.02209326321847185,1875998.1416483875,0.02209326321847185,0.5952470287728113,early exposure,FALSE,FALSE
16076022,Greiz,20,RP20,2095425.274411318,0.02467741364686529,2095425.2744113174,0.02467741364686529,0.6648704180020272,early exposure,FALSE,FALSE
16076022,Greiz,50,RP50,2325425.2744113184,0.02738607866493594,2325425.274411318,0.02738607866493594,0.7378485375312132,early exposure,FALSE,FALSE
16076022,Greiz,100,RP100,2625425.2744113184,0.03091911999285418,2625425.2744113184,0.03091911999285418,0.8330373890910211,early exposure,FALSE,FALSE
16076022,Greiz,200,RP200,2815425.2744113184,0.03315671283386905,2815425.2744113174,0.03315671283386905,0.8933236617455655,early exposure,FALSE,FALSE
16076022,Greiz,500,RP500,3151629.577246327,0.03711612515566913,3151629.577246327,0.03711612515566913,1,early exposure,FALSE,FALSE
13076019,Bresegard bei Picher,10,RP10,0,0,0,0,0,delayed jump,FALSE,TRUE
13076019,Bresegard bei Picher,20,RP20,0,0,0,0,0,delayed jump,FALSE,TRUE
13076019,Bresegard bei Picher,50,RP50,0,0,0,0,0,delayed jump,FALSE,TRUE
13076019,Bresegard bei Picher,100,RP100,0,0,0,0,0,delayed jump,FALSE,TRUE
13076019,Bresegard bei Picher,200,RP200,0,0,0,0,0,delayed jump,FALSE,TRUE
13076019,Bresegard bei Picher,500,RP500,15859.143795413996,9.564519291449484e-4,15859.143795413993,9.564519291449484e-4,1,delayed jump,FALSE,TRUE
14522480,Reinsberg,10,RP10,502432.72354141186,0.01030294916664246,502432.7235414118,0.01030294916664246,0.8214461669688761,early exposure,FALSE,TRUE
14522480,Reinsberg,20,RP20,512432.72354141186,0.01050801043522428,512432.72354141145,0.01050801043522428,0.8377955432829596,early exposure,FALSE,TRUE
14522480,Reinsberg,50,RP50,512432.72354141186,0.01050801043522428,512432.72354141145,0.01050801043522428,0.8377955432829596,early exposure,FALSE,TRUE
14522480,Reinsberg,100,RP100,512432.72354141186,0.01050801043522428,512432.72354141145,0.01050801043522428,0.8377955432829596,early exposure,FALSE,TRUE
14522480,Reinsberg,200,RP200,551644.126839597,0.01131208444554424,551644.126839597,0.01131208444554424,0.9019037421154954,early exposure,FALSE,TRUE
14522480,Reinsberg,500,RP500,611644.126839597,0.0125424520570352,611644.1268395968,0.0125424520570352,1,early exposure,FALSE,TRUE
14523320,Plauen,10,RP10,1691273.7191934113,0.01662689866882032,1691273.7191934108,0.01662689866882032,0.6729852542426812,early exposure,FALSE,FALSE
14523320,Plauen,20,RP20,1972547.7982969088,0.01939210193446912,1972547.7982969086,0.01939210193446912,0.7849087740663202,early exposure,FALSE,FALSE
14523320,Plauen,50,RP50,2210186.701211116,0.02172832812522937,2210186.7012111153,0.02172832812522937,0.8794691492916508,early exposure,FALSE,FALSE
14523320,Plauen,100,RP100,2271089.2038001656,0.02232706015052722,2271089.203800165,0.02232706015052722,0.9037032432314858,early exposure,FALSE,FALSE
14523320,Plauen,200,RP200,2382946.7321032067,0.02342673063398176,2382946.7321032067,0.02342673063398176,0.9482131686620552,early exposure,FALSE,FALSE
14523320,Plauen,500,RP500,2513091.792919925,0.0247061857061501,2513091.7929199245,0.0247061857061501,1,early exposure,FALSE,FALSE
13076049,Gorlosen,10,RP10,911725.7032843456,0.01712767230995172,911725.7032843456,0.01712767230995172,0.24934643848833268,early exposure,FALSE,FALSE
13076049,Gorlosen,20,RP20,1162790.7276206906,0.02184417799782729,1162790.7276206904,0.02184417799782729,0.31800981983399385,early exposure,FALSE,FALSE
13076049,Gorlosen,50,RP50,1352790.7276206906,0.02541351659074826,1352790.7276206906,0.02541351659074826,0.3699726230566292,early exposure,FALSE,FALSE
13076049,Gorlosen,100,RP100,3062100.188031883,0.05752459145543556,3062100.188031883,0.05752459145543556,0.837448997466817,early exposure,FALSE,FALSE
13076049,Gorlosen,200,RP200,3616461.703691054,0.06793882278318525,3616461.703691054,0.06793882278318525,0.9890604624794451,early exposure,FALSE,FALSE
13076049,Gorlosen,500,RP500,3656461.703691054,0.06869026248695809,3656461.703691054,0.06869026248695809,1,early exposure,FALSE,FALSE
12071076,Forst (Lausitz),10,RP10,1083369.0489838463,0.00975240280314321,1083369.0489838459,0.00975240280314321,0.6879445224202596,early exposure,FALSE,TRUE
12071076,Forst (Lausitz),20,RP20,1260144.222887272,0.01134371898770554,1260144.2228872713,0.01134371898770554,0.8001976024771587,early exposure,FALSE,TRUE
12071076,Forst (Lausitz),50,RP50,1390144.2228872722,0.01251396874294617,1390144.2228872715,0.01251396874294617,0.8827482236145431,early exposure,FALSE,TRUE
12071076,Forst (Lausitz),100,RP100,1450144.222887272,0.01305408401459569,1450144.2228872715,0.01305408401459569,0.9208485102933357,early exposure,FALSE,TRUE
12071076,Forst (Lausitz),200,RP200,1500144.2228872722,0.01350418007430363,1500144.2228872722,0.01350418007430363,0.9525987491923301,early exposure,FALSE,TRUE
12071076,Forst (Lausitz),500,RP500,1574791.3002816606,0.01417614718238217,1574791.3002816597,0.01417614718238217,1,early exposure,FALSE,TRUE
12071412,Werben,10,RP10,6181698.282406285,0.2462118724642903,6181698.282406285,0.2462118724642903,0.8914670594573055,early exposure,FALSE,FALSE
12071412,Werben,20,RP20,6856526.810319002,0.2730897283315997,6856526.810319002,0.2730897283315997,0.9887845563543035,early exposure,FALSE,FALSE
12071412,Werben,50,RP50,6907775.558586309,0.2751309231126936,6907775.558586309,0.2751309231126936,0.9961751744064256,early exposure,FALSE,FALSE
12071412,Werben,100,RP100,6917775.558586309,0.2755292147490956,6917775.558586309,0.2755292147490956,0.9976172814435718,early exposure,FALSE,FALSE
12071412,Werben,200,RP200,6934298.039200114,0.27618729133320485,6934298.039200114,0.27618729133320485,1,early exposure,FALSE,FALSE
12071412,Werben,500,RP500,6934298.039200114,0.27618729133320485,6934298.039200114,0.27618729133320485,1,early exposure,FALSE,FALSE
14524200,Mülsen,10,RP10,528508.5908607704,0.01076216423939833,528508.5908607703,0.01076216423939833,0.9004724560265944,early exposure,FALSE,TRUE
14524200,Mülsen,20,RP20,560833.9001470923,0.01142041330789907,560833.9001470918,0.01142041330789907,0.9555482885640856,early exposure,FALSE,TRUE
14524200,Mülsen,50,RP50,567982.6559296127,0.01156598536702782,567982.6559296126,0.01156598536702782,0.9677283321590943,early exposure,FALSE,TRUE
14524200,Mülsen,100,RP100,572982.7346025879,0.01166780332953403,572982.7346025878,0.01166780332953403,0.9762474616507211,early exposure,FALSE,TRUE
14524200,Mülsen,200,RP200,576197.9901502938,0.01173327645310178,576197.9901502933,0.01173327645310178,0.9817256111261727,early exposure,FALSE,TRUE
14524200,Mülsen,500,RP500,586923.6613775574,0.01195168621468693,586923.6613775574,0.01195168621468693,1,early exposure,FALSE,TRUE
16076039,Langenwetzendorf,10,RP10,2568.3932359401806,4.403396787906058e-5,2568.3932359401806,4.403396787906058e-5,0.31053664115328017,early exposure,FALSE,TRUE
16076039,Langenwetzendorf,20,RP20,2568.3932359401806,4.403396787906058e-5,2568.3932359401806,4.403396787906058e-5,0.31053664115328017,early exposure,FALSE,TRUE
16076039,Langenwetzendorf,50,RP50,8270.821846985933,1.4179958833690585e-4,8270.821846985933,1.4179958833690585e-4,1,early exposure,FALSE,TRUE
16076039,Langenwetzendorf,100,RP100,8270.821846985933,1.4179958833690585e-4,8270.821846985933,1.4179958833690585e-4,1,early exposure,FALSE,TRUE
16076039,Langenwetzendorf,200,RP200,8270.821846985933,1.4179958833690585e-4,8270.821846985933,1.4179958833690585e-4,1,early exposure,FALSE,TRUE
16076039,Langenwetzendorf,500,RP500,8270.821846985933,1.4179958833690585e-4,8270.821846985933,1.4179958833690585e-4,1,early exposure,FALSE,TRUE
15085090,Ditfurt,10,RP10,2079852.8077174253,0.08691704248912126,2079852.8077174248,0.08691704248912126,0.7733977552490839,early exposure,FALSE,FALSE
15085090,Ditfurt,20,RP20,2251061.2038124767,0.09407184083959648,2251061.2038124762,0.09407184083959648,0.8370619668357813,early exposure,FALSE,FALSE
15085090,Ditfurt,50,RP50,2370624.724714775,0.09906840001332907,2370624.7247147746,0.09906840001332907,0.8815219201230514,early exposure,FALSE,FALSE
15085090,Ditfurt,100,RP100,2400624.724714775,0.10032209992180256,2400624.7247147746,0.10032209992180256,0.8926774848684894,early exposure,FALSE,FALSE
15085090,Ditfurt,200,RP200,2470624.724714775,0.10324739970824066,2470624.7247147746,0.10324739970824066,0.9187071359411778,early exposure,FALSE,FALSE
15085090,Ditfurt,500,RP500,2689240.8125073737,0.112383365350121,2689240.812507373,0.112383365350121,1,early exposure,FALSE,FALSE
13076050,Grabow,10,RP10,3661175.6299101543,0.05061344834981782,3661175.6299101543,0.05061344834981782,0.6458589839752824,early exposure,FALSE,FALSE
13076050,Grabow,20,RP20,4562518.373563334,0.0630739443797482,4562518.373563334,0.0630739443797482,0.8048626394878758,early exposure,FALSE,FALSE
13076050,Grabow,50,RP50,4562518.373563334,0.0630739443797482,4562518.373563334,0.0630739443797482,0.8048626394878758,early exposure,FALSE,FALSE
13076050,Grabow,100,RP100,5218691.960241077,0.0721451311500599,5218691.960241077,0.0721451311500599,0.9206166072956161,early exposure,FALSE,FALSE
13076050,Grabow,200,RP200,5548691.9602410775,0.07670717341292993,5548691.9602410775,0.07670717341292993,0.978831095278831,early exposure,FALSE,FALSE
13076050,Grabow,500,RP500,5668691.9602410775,0.07836609787215539,5668691.9602410775,0.07836609787215539,1,early exposure,FALSE,FALSE
13076053,Grebs-Niendorf,10,RP10,0,0,0,0,0,delayed jump,FALSE,FALSE
13076053,Grebs-Niendorf,20,RP20,0,0,0,0,0,delayed jump,FALSE,FALSE
13076053,Grebs-Niendorf,50,RP50,0,0,0,0,0,delayed jump,FALSE,FALSE
13076053,Grebs-Niendorf,100,RP100,74.37262213907282,2.3847677631145287e-6,74.37262213907282,2.3847677631145287e-6,7.591253519082544e-5,delayed jump,FALSE,FALSE
13076053,Grebs-Niendorf,200,RP200,19168.49804448486,6.14640372882532e-4,19168.49804448486,6.14640372882532e-4,0.019565388989999728,delayed jump,FALSE,FALSE
13076053,Grebs-Niendorf,500,RP500,979714.6406995674,0.03141467686620937,979714.6406995675,0.03141467686620937,1,delayed jump,FALSE,FALSE
01058172,Westerrönfeld,10,RP10,324229.9570457261,0.04193453906359484,324229.9570457261,0.04193453906359484,0.8667180607842302,early exposure,FALSE,FALSE
01058172,Westerrönfeld,20,RP20,374089.3050646181,0.04838313744800855,374089.30506461806,0.04838313744800855,1,early exposure,FALSE,FALSE
01058172,Westerrönfeld,50,RP50,374089.3050646181,0.04838313744800855,374089.30506461806,0.04838313744800855,1,early exposure,FALSE,FALSE
01058172,Westerrönfeld,100,RP100,374089.3050646181,0.04838313744800855,374089.30506461806,0.04838313744800855,1,early exposure,FALSE,FALSE
01058172,Westerrönfeld,200,RP200,374089.3050646181,0.04838313744800855,374089.30506461806,0.04838313744800855,1,early exposure,FALSE,FALSE
01058172,Westerrönfeld,500,RP500,374089.3050646181,0.04838313744800855,374089.30506461806,0.04838313744800855,1,early exposure,FALSE,FALSE
14612000,Dresden,10,RP10,20866323.047028627,0.06347425697387989,20866323.047028627,0.06347425697387989,0.46264531579418205,early exposure,FALSE,FALSE
14612000,Dresden,20,RP20,25347494.861721855,0.07710574588876322,25347494.86172185,0.07710574588876322,0.5620012562089911,early exposure,FALSE,FALSE
14612000,Dresden,50,RP50,31845775.57060244,0.09687317394373283,31845775.57060244,0.09687317394373283,0.7060802644704592,early exposure,FALSE,FALSE
14612000,Dresden,100,RP100,36229763.881875195,0.11020903575383924,36229763.88187519,0.11020903575383924,0.8032814652826745,early exposure,FALSE,FALSE
14612000,Dresden,200,RP200,40472203.20983746,0.12311431300332176,40472203.20983746,0.12311431300332176,0.8973442610229263,early exposure,FALSE,FALSE
14612000,Dresden,500,RP500,45102203.20983746,0.1371985294283576,45102203.209837474,0.1371985294283576,1,early exposure,FALSE,FALSE
13076058,Groß Laasch,10,RP10,388049.59445755376,0.01412771421194721,388049.59445755376,0.01412771421194721,0.8113120680475172,early exposure,FALSE,TRUE
13076058,Groß Laasch,20,RP20,436007.5741459632,0.01587371946719643,436007.5741459632,0.01587371946719643,0.9115798900891152,early exposure,FALSE,TRUE
13076058,Groß Laasch,50,RP50,436007.5741459632,0.01587371946719643,436007.5741459632,0.01587371946719643,0.9115798900891152,early exposure,FALSE,TRUE
13076058,Groß Laasch,100,RP100,478298.8072535689,0.0174134155873542,478298.80725356884,0.0174134155873542,1,early exposure,FALSE,TRUE
13076058,Groß Laasch,200,RP200,478298.8072535689,0.0174134155873542,478298.80725356884,0.0174134155873542,1,early exposure,FALSE,TRUE
13076058,Groß Laasch,500,RP500,478298.8072535689,0.0174134155873542,478298.80725356884,0.0174134155873542,1,early exposure,FALSE,TRUE
13076037,Eldena,10,RP10,7757649.280896219,0.2264910621683272,7757649.2808962185,0.2264910621683272,0.8532081203247415,early exposure,FALSE,FALSE
13076037,Eldena,20,RP20,8387304.671739543,0.24487437818434105,8387304.671739543,0.24487437818434105,0.9224593938769932,early exposure,FALSE,FALSE
13076037,Eldena,50,RP50,8583811.141870983,0.25061154901167143,8583811.141870981,0.25061154901167143,0.9440717289983259,early exposure,FALSE,FALSE
13076037,Eldena,100,RP100,9062486.758786144,0.26458688419164356,9062486.758786144,0.26458688419164356,0.9967178217211835,early exposure,FALSE,FALSE
13076037,Eldena,200,RP200,9082329.40486263,0.265166206847691,9082329.40486263,0.265166206847691,0.9989001718311424,early exposure,FALSE,FALSE
13076037,Eldena,500,RP500,9092329.40486263,0.2654581652154482,9092329.40486263,0.2654581652154482,1,early exposure,FALSE,FALSE
12061217,Heidesee,10,RP10,3895928.765116839,0.02857002133837689,3895928.765116839,0.02857002133837689,0.30357205356962796,early exposure,FALSE,FALSE
12061217,Heidesee,20,RP20,4455872.460145601,0.03267625743245023,4455872.460145601,0.03267625743245023,0.3472030508571641,early exposure,FALSE,FALSE
12061217,Heidesee,50,RP50,5711726.129060844,0.04188581137502888,5711726.129060843,0.04188581137502888,0.44505958269858187,early exposure,FALSE,FALSE
12061217,Heidesee,100,RP100,9353621.274770144,0.06859292752065109,9353621.274770144,0.06859292752065109,0.7288372529083901,early exposure,FALSE,FALSE
12061217,Heidesee,200,RP200,10883621.274770144,0.07981287924027801,10883621.274770144,0.07981287924027801,0.8480553572331496,early exposure,FALSE,FALSE
12061217,Heidesee,500,RP500,12833621.274770144,0.09411281770646918,12833621.274770144,0.09411281770646918,1,early exposure,FALSE,FALSE
14628310,Rathen,10,RP10,1038320.9961243726,0.27736549966459195,1038320.9961243726,0.27736549966459195,0.8417987737657947,early exposure,FALSE,FALSE
14628310,Rathen,20,RP20,1058320.9961243728,0.2827080767809151,1058320.9961243728,0.2827080767809151,0.8580133890323239,early exposure,FALSE,FALSE
14628310,Rathen,50,RP50,1138320.9961243726,0.30407838524620723,1138320.9961243726,0.30407838524620723,0.9228718500984399,early exposure,FALSE,FALSE
14628310,Rathen,100,RP100,1178869.712073628,0.314910117342546,1178869.7120736279,0.314910117342546,0.955745941531887,early exposure,FALSE,FALSE
14628310,Rathen,200,RP200,1203242.3626022222,0.3214207555914564,1203242.3626022222,0.3214207555914564,0.9755055990992233,early exposure,FALSE,FALSE
14628310,Rathen,500,RP500,1233455.1064732892,0.329491451292801,1233455.1064732892,0.329491451292801,1,early exposure,FALSE,FALSE
13076040,Gallin-Kuppentin,10,RP10,1136455.1797287748,0.03840287819797203,1136455.1797287748,0.03840287819797203,0.42273447654467383,early exposure,FALSE,FALSE
13076040,Gallin-Kuppentin,20,RP20,1863278.187635496,0.06296354362675466,1863278.1876354958,0.06296354362675466,0.6930954632941925,early exposure,FALSE,FALSE
13076040,Gallin-Kuppentin,50,RP50,2026219.2760182156,0.06846961802565878,2026219.2760182158,0.06846961802565878,0.7537056984655677,early exposure,FALSE,FALSE
13076040,Gallin-Kuppentin,100,RP100,2276219.276018216,0.07691757067768004,2276219.276018216,0.07691757067768004,0.8466997918722172,early exposure,FALSE,FALSE
13076040,Gallin-Kuppentin,200,RP200,2588434.175140891,0.08746787741785587,2588434.175140891,0.08746787741785587,0.9628363578400644,early exposure,FALSE,FALSE
13076040,Gallin-Kuppentin,500,RP500,2688342.784382944,0.0908439702194805,2688342.784382944,0.0908439702194805,1,early exposure,FALSE,FALSE
12070125,Groß Pankow (Prignitz),10,RP10,2956697.691739219,0.01178301534725583,2956697.691739218,0.01178301534725583,0.7924584878964989,early exposure,FALSE,TRUE
12070125,Groß Pankow (Prignitz),20,RP20,3026697.691739219,0.01206197896149761,3026697.691739217,0.01206197896149761,0.8112199914170445,early exposure,FALSE,TRUE
12070125,Groß Pankow (Prignitz),50,RP50,3506697.691739219,0.01397487231629841,3506697.6917392183,0.01397487231629841,0.9398703012722159,early exposure,FALSE,TRUE
12070125,Groß Pankow (Prignitz),100,RP100,3601044.2589711854,0.01435086173610319,3601044.2589711845,0.01435086173610319,0.9651572077475579,early exposure,FALSE,TRUE
12070125,Groß Pankow (Prignitz),200,RP200,3731044.2589711854,0.01486893701969507,3731044.258971184,0.01486893701969507,1,early exposure,FALSE,TRUE
12070125,Groß Pankow (Prignitz),500,RP500,3731044.2589711854,0.01486893701969507,3731044.258971184,0.01486893701969507,1,early exposure,FALSE,TRUE
13076046,Göhlen,10,RP10,0,0,0,0,0,delayed jump,FALSE,FALSE
13076046,Göhlen,20,RP20,0,0,0,0,0,delayed jump,FALSE,FALSE
13076046,Göhlen,50,RP50,0,0,0,0,0,delayed jump,FALSE,FALSE
13076046,Göhlen,100,RP100,0,0,0,0,0,delayed jump,FALSE,FALSE
13076046,Göhlen,200,RP200,99036.86259806692,0.00291331111808261,99036.86259806679,0.00291331111808261,0.09268666684012573,delayed jump,FALSE,FALSE
13076046,Göhlen,500,RP500,1068512.5053519774,0.0314318252819227,1068512.5053519774,0.0314318252819227,1,delayed jump,FALSE,FALSE
01051118,Trennewurth,10,RP10,2529581.882069591,0.31324621419897575,2529581.8820695914,0.31324621419897575,0.9178279618891776,early exposure,FALSE,FALSE
01051118,Trennewurth,20,RP20,2756052.3181957966,0.34129077256942236,2756052.318195797,0.34129077256942236,1,early exposure,FALSE,FALSE
01051118,Trennewurth,50,RP50,2756052.3181957966,0.34129077256942236,2756052.318195797,0.34129077256942236,1,early exposure,FALSE,FALSE
01051118,Trennewurth,100,RP100,2756052.3181957966,0.34129077256942236,2756052.318195797,0.34129077256942236,1,early exposure,FALSE,FALSE
01051118,Trennewurth,200,RP200,2756052.3181957966,0.34129077256942236,2756052.318195797,0.34129077256942236,1,early exposure,FALSE,FALSE
01051118,Trennewurth,500,RP500,2756052.3181957966,0.34129077256942236,2756052.318195797,0.34129077256942236,1,early exposure,FALSE,FALSE
01051119,Volsemenhusen,10,RP10,16103591.069063911,0.9634157646059418,16103591.069063913,0.9634157646059418,0.9847128377526251,early exposure,FALSE,FALSE
01051119,Volsemenhusen,20,RP20,16353591.069063917,0.978372300705159,16353591.069063915,0.978372300705159,1,early exposure,FALSE,FALSE
01051119,Volsemenhusen,50,RP50,16353591.069063917,0.978372300705159,16353591.069063915,0.978372300705159,1,early exposure,FALSE,FALSE
01051119,Volsemenhusen,100,RP100,16353591.069063917,0.978372300705159,16353591.069063915,0.978372300705159,1,early exposure,FALSE,FALSE
01051119,Volsemenhusen,200,RP200,16353591.069063917,0.978372300705159,16353591.069063915,0.978372300705159,1,early exposure,FALSE,FALSE
01051119,Volsemenhusen,500,RP500,16353591.069063917,0.978372300705159,16353591.069063915,0.978372300705159,1,early exposure,FALSE,FALSE
15084590,Zeitz,10,RP10,2636041.066225023,0.03015184934242166,2636041.066225023,0.03015184934242166,0.7071810976573553,early exposure,FALSE,FALSE
15084590,Zeitz,20,RP20,3002251.1239316594,0.03434067273714318,3002251.1239316594,0.03434067273714318,0.8054257092077413,early exposure,FALSE,FALSE
15084590,Zeitz,50,RP50,3204129.8002825333,0.03664982319491508,3204129.8002825333,0.03664982319491508,0.8595844951859403,early exposure,FALSE,FALSE
15084590,Zeitz,100,RP100,3557533.265463839,0.04069216084123112,3557533.2654638384,0.04069216084123112,0.9543934318239153,early exposure,FALSE,FALSE
15084590,Zeitz,200,RP200,3607533.265463839,0.04126407623603946,3607533.265463839,0.04126407623603946,0.9678071283462932,early exposure,FALSE,FALSE
15084590,Zeitz,500,RP500,3727533.265463839,0.04263667318357948,3727533.2654638384,0.04263667318357948,1,early exposure,FALSE,FALSE
14522490,Rochlitz,10,RP10,2242315.2877537822,0.09508699248825989,2242315.2877537822,0.09508699248825989,0.8534467551338056,early exposure,FALSE,FALSE
14522490,Rochlitz,20,RP20,2332315.6277362164,0.09890352163498096,2332315.627736217,0.09890352163498096,0.8877017497540725,early exposure,FALSE,FALSE
14522490,Rochlitz,50,RP50,2462883.785733839,0.1044403582816966,2462883.785733839,0.1044403582816966,0.9373972459117497,early exposure,FALSE,FALSE
14522490,Rochlitz,100,RP100,2547364.0086688553,0.1080228028948604,2547364.008668855,0.1080228028948604,0.9695512309158365,early exposure,FALSE,FALSE
14522490,Rochlitz,200,RP200,2567364.0086688553,0.10887091727919852,2567364.0086688558,0.10887091727919852,0.9771634231868777,early exposure,FALSE,FALSE
14522490,Rochlitz,500,RP500,2627364.0086688553,0.11141526043221278,2627364.0086688553,0.11141526043221278,1,early exposure,FALSE,FALSE
